0.77864439,0.23241999,0.77343263,-0.01624601,0.08492032,0.98427798,0.15401774,-0.34888393,-0.08644041,0.40479344,0.43188870,-0.28421164,0.11319820,-0.12643565,-0.32825036,-0.08668420,0.95381657,-0.25907333,0.18761305,-0.01814756,-0.16471257,-0.00545555,0.60073473,0.42696287,-0.66964669,0.17948032,-0.91251617,-0.13850048,0.47634058,0.63328364,-0.45021019,0.69773653,0.05416609,0.89858345,-0.29160839,-0.72408862
0.76214350,0.22643203,0.78188092,-0.04523212,0.06181570,0.98632612,0.14592345,-0.36153706,-0.06966653,0.36965113,0.40176504,-0.29369994,0.11841084,-0.22369751,-0.33455398,-0.13217775,1.04850693,-0.19619539,0.13960785,-0.02838667,-0.12343390,-0.03151508,0.57886661,0.46341771,-0.68671018,0.13369129,-0.96991774,-0.14661182,0.52700010,0.61959688,-0.48252604,0.72614260,-0.00001764,0.93138569,-0.31933905,-0.78314357
0.74688897,0.22361209,0.78547570,-0.04971136,0.05633847,0.98672352,0.14398424,-0.35112660,-0.06941132,0.35162081,0.38532869,-0.30761510,0.11733118,-0.29761681,-0.35284498,-0.16798713,1.11965665,-0.20181154,0.10144742,-0.04013509,-0.10395917,-0.03729000,0.57664599,0.47284719,-0.69162808,0.11840896,-0.98658336,-0.14651554,0.54391681,0.61819193,-0.49366718,0.73070017,-0.02262559,0.93319725,-0.32885503,-0.81128266
0.73253321,0.22177211,0.78720414,-0.05179073,0.05277051,0.98773747,0.13750520,-0.33240011,-0.07770572,0.33374265,0.37043404,-0.31904752,0.11161673,-0.36395600,-0.36082312,-0.19317728,1.16102347,-0.22181815,0.08145146,-0.05740495,-0.09241435,-0.03245349,0.57886473,0.47242177,-0.69170027,0.11501343,-0.99137866,-0.14518247,0.54537502,0.61646067,-0.49762089,0.72586911,-0.03767549,0.92451852,-0.33593040,-0.82784372
0.71830134,0.22091104,0.78828308,-0.05304270,0.05011546,0.98934918,0.12594885,-0.30823349,-0.09131534,0.31446483,0.35651550,-0.32929993,0.10222512,-0.42306991,-0.35348385,-0.20731965,1.16865455,-0.24463180,0.08160588,-0.07891469,-0.08524698,-0.02109524,0.58284426,0.46467259,-0.68695801,0.12018036,-0.98931151,-0.14375421,0.53682511,0.61433375,-0.49825271,0.71585561,-0.04784861,0.90866284,-0.33963782,-0.83523969
0.70409415,0.22088031,0.78900686,-0.05233325,0.04867260,0.99089608,0.11409280,-0.28258486,-0.10552262,0.29632781,0.34937476,-0.34258079,0.09361903,-0.47416207,-0.33879071,-0.21818861,1.14189964,-0.26697579,0.08998230,-0.09858247,-0.08076685,-0.00760269,0.58583417,0.45397884,-0.68128906,0.13107193,-0.98281421,-0.14360266,0.52859089,0.61325427,-0.49850281,0.70543774,-0.05313647,0.88843510,-0.34437162,-0.84663837
0.68977909,0.22092411,0.78925401,-0.05171816,0.04689374,0.99214216,0.10382747,-0.26016844,-0.11648548,0.27573368,0.34487244,-0.35760599,0.08773915,-0.52116377,-0.31615111,-0.22951376,1.08154662,-0.27538958,0.10300800,-0.11533745,-0.07352349,0.00378383,0.58286555,0.44586038,-0.67873940,0.14251172,-0.97920959,-0.14503927,0.52530424,0.61084542,-0.50177191,0.70097346,-0.06168272,0.87048183,-0.35303250,-0.86480628
0.67524422,0.22127703,0.78914508,-0.05203197,0.04477457,0.99308059,0.09528304,-0.23887767,-0.12415278,0.25680351,0.34328697,-0.37468434,0.08331245,-0.55926472,-0.29389425,-0.24543962,0.99197894,-0.27830843,0.11588222,-0.12701356,-0.06538848,0.01184602,0.57726739,0.43945932,-0.67930084,0.15521382,-0.97558759,-0.14595902,0.52068922,0.60932043,-0.50613863,0.70123875,-0.07176165,0.85688868,-0.35933132,-0.87336702
0.66059150,0.22215288,0.78869638,-0.05269777,0.04286315,0.99384142,0.08754961,-0.21784021,-0.12883898,0.24010616,0.34257314,-0.39140702,0.07862842,-0.58712694,-0.27295111,-0.26453346,0.87879240,-0.27309699,0.12886185,-0.13405168,-0.05733295,0.01602688,0.57043589,0.43557718,-0.68271376,0.16789972,-0.97206972,-0.14576307,0.51465155,0.60878960,-0.51054170,0.70364604,-0.07997484,0.84993641,-0.36271581,-0.87508135
0.64560909,0.22356869,0.78819737,-0.05392167,0.03988560,0.99452625,0.08011954,-0.19674510,-0.13013361,0.22471693,0.34037344,-0.40611934,0.07178361,-0.60403965,-0.24846930,-0.28122017,0.74477736,-0.25589001,0.14698240,-0.13785206,-0.04865753,0.01639041,0.56371749,0.43304614,-0.68710863,0.17999685,-0.96947471,-0.14396716,0.50354238,0.60812429,-0.51377306,0.70619137,-0.08756889,0.85137060,-0.36048053,-0.86277041
0.63049802,0.22564872,0.78746883,-0.05488689,0.03764182,0.99511759,0.07288013,-0.17650027,-0.12955777,0.21144396,0.33915303,-0.41904801,0.06234710,-0.61240609,-0.22109767,-0.29208528,0.60059360,-0.23070282,0.17145002,-0.13875563,-0.04153777,0.01265353,0.55930040,0.43161348,-0.69061327,0.19028614,-0.96797010,-0.14088846,0.48888258,0.60751595,-0.51524018,0.70682793,-0.09152778,0.86043758,-0.35451379,-0.84275460
0.61490480,0.22807040,0.78718330,-0.05682701,0.03505896,0.99556533,0.06626636,-0.15809172,-0.12694968,0.20003541,0.33991409,-0.43118563,0.05107780,-0.61400833,-0.19065669,-0.29500832,0.45711439,-0.20054717,0.19906534,-0.13676836,-0.03483097,0.00547282,0.55585867,0.42995065,-0.69216046,0.19978068,-0.96639920,-0.13682832,0.47642289,0.60720505,-0.51503340,0.70544612,-0.08933669,0.86970774,-0.34827012,-0.83772359
0.59867069,0.23087335,0.78718658,-0.06012680,0.03301234,0.99581246,0.06043582,-0.14198099,-0.12341984,0.18968209,0.34430807,-0.44530717,0.04022421,-0.61243773,-0.16230254,-0.29119634,0.33626240,-0.17405878,0.22433285,-0.13270214,-0.02843922,-0.00449674,0.55348024,0.42751031,-0.69214784,0.20780721,-0.96489293,-0.13287129,0.46923516,0.60730789,-0.51342576,0.70329449,-0.08479280,0.87446095,-0.34558808,-0.85354673
0.58173697,0.23407193,0.78735531,-0.06372453,0.03147797,0.99592725,0.05547288,-0.12613809,-0.11954516,0.17850125,0.35234124,-0.46300707,0.03248838,-0.60871850,-0.13956368,-0.28415593,0.25583151,-0.15189928,0.24087947,-0.12848184,-0.02242191,-0.01530746,0.55298701,0.42532595,-0.69157382,0.21252536,-0.96533815,-0.12977970,0.46540894,0.60776700,-0.51249717,0.70221940,-0.08190088,0.87666974,-0.34378955,-0.87160167
0.56383040,0.23760682,0.78699794,-0.06640661,0.02959629,0.99616394,0.04869929,-0.10852940,-0.11498242,0.16367244,0.36301075,-0.48405242,0.02898563,-0.60195713,-0.12129142,-0.26863403,0.22143112,-0.12865783,0.24535759,-0.12696698,-0.01547852,-0.02368647,0.55424701,0.42272526,-0.69031251,0.21468528,-0.96701649,-0.12713518,0.46016308,0.60847065,-0.51303052,0.70255243,-0.08566217,0.87412823,-0.34106960,-0.87448273
0.54493910,0.24165752,0.78577274,-0.06757173,0.02686780,0.99657218,0.03944712,-0.08753956,-0.10823710,0.14674437,0.37507592,-0.50721019,0.02861230,-0.59624626,-0.10813221,-0.24699377,0.23558804,-0.10442590,0.24050041,-0.12861637,-0.00730914,-0.02882799,0.55864660,0.41935362,-0.68774300,0.21482026,-0.97030328,-0.12445031,0.44864594,0.60866600,-0.51546209,0.70456418,-0.10089378,0.87389117,-0.33701598,-0.84507383
0.52543406,0.24647070,0.78410307,-0.06696871,0.02332979,0.99709577,0.02776591,-0.06443921,-0.09807524,0.12852936,0.38978347,-0.52676291,0.02798185,-0.59373773,-0.09722188,-0.22119925,0.27790157,-0.07189107,0.23285278,-0.13237650,0.00170358,-0.03092577,0.56512999,0.41484915,-0.68220823,0.21499189,-0.97446592,-0.12062409,0.43201376,0.60999005,-0.52163746,0.70644535,-0.11877757,0.87670397,-0.32982708,-0.79816681
0.50574563,0.25146289,0.78296473,-0.06664424,0.01927082,0.99739355,0.01983137,-0.04279422,-0.08438293,0.11522382,0.40932230,-0.53680753,0.02289439,-0.59265441,-0.09062141,-0.20581796,0.33228482,-0.03742092,0.22739027,-0.13307850,0.01108448,-0.03061038,0.57099422,0.40833803,-0.67306678,0.21764402,-0.97741571,-0.11585718,0.41221026,0.61332678,-0.53192740,0.71089892,-0.13784260,0.88379219,-0.32067781,-0.74482451
0.48537247,0.25640453,0.78280710,-0.06708244,0.01493418,0.99748961,0.01707044,-0.02671375,-0.06847688,0.10870612,0.44042514,-0.53180639,0.01055706,-0.59041770,-0.08865084,-0.20574996,0.38987226,-0.01749032,0.21832300,-0.12837118,0.01866666,-0.02941881,0.57536631,0.40164533,-0.66286257,0.22125309,-0.98045548,-0.11135583,0.39552872,0.61690426,-0.54532947,0.71841313,-0.15456080,0.89766945,-0.31129309,-0.70139984
0.46499677,0.26194737,0.78292607,-0.06733989,0.01190599,0.99755177,0.01463082,-0.02530717,-0.05172422,0.10320149,0.49860776,-0.50079883,-0.01002899,-0.58120795,-0.08281879,-0.20667114,0.43399512,-0.02523048,0.20273267,-0.12015256,0.02261457,-0.02651834,0.57656206,0.39800400,-0.65494875,0.22331429,-0.98158215,-0.10960669,0.38813352,0.62036570,-0.55683401,0.72359842,-0.16345087,0.90867396,-0.30426513,-0.68010120
0.44549517,0.26806346,0.78359882,-0.06628455,0.01103055,0.99765257,0.01319247,-0.04342410,-0.03143856,0.10483600,0.59075659,-0.44219203,-0.03585528,-0.55993116,-0.07554431,-0.21332789,0.45847501,-0.05423399,0.18340511,-0.10794992,0.02308155,-0.02167070,0.57525639,0.39848726,-0.65277300,0.22379235,-0.97929799,-0.10998060,0.38798822,0.62376269,-0.56364783,0.72712549,-0.16936884,0.91575620,-0.30165520,-0.67223068
0.42731767,0.27369046,0.78583616,-0.06410246,0.00982899,0.99781920,0.01229304,-0.08139026,0.00037125,0.12245935,0.71365095,-0.36764709,-0.05437362,-0.52870030,-0.06804580,-0.22114699,0.46500222,-0.09119018,0.16061254,-0.09437658,0.02161847,-0.01615438,0.57318824,0.40333087,-0.65663551,0.22224396,-0.97774932,-0.11034160,0.39087885,0.62536229,-0.56815886,0.73037012,-0.17317535,0.92284929,-0.29866196,-0.66962883
0.41042358,0.27841941,0.78882980,-0.06184124,0.00563786,0.99803156,0.00876847,-0.13679875,0.04998174,0.15610254,0.85243013,-0.29274890,-0.05150798,-0.49152120,-0.06066596,-0.23186825,0.45627746,-0.12537178,0.14069740,-0.08122173,0.02098394,-0.01036355,0.56922800,0.40970492,-0.66084833,0.22112516,-0.97504319,-0.11163216,0.39854348,0.62425536,-0.57083231,0.73170109,-0.17405476,0.92902925,-0.29615827,-0.67199887
0.39381042,0.28261010,0.79207907,-0.06163571,0.00444818,0.99808812,0.00116112,-0.19587413,0.11701465,0.21461855,0.97221579,-0.25796664,-0.02382997,-0.45491168,-0.05921547,-0.24727922,0.44155680,-0.15338673,0.12667267,-0.06941517,0.01990642,-0.00806880,0.56439085,0.41530336,-0.66310714,0.21909353,-0.97102768,-0.11100578,0.40999638,0.62279788,-0.57492692,0.73574034,-0.17320693,0.93640735,-0.29410244,-0.67692704
0.37825967,0.28665102,0.79503288,-0.06277877,0.00704878,0.99794586,-0.01063969,-0.25353054,0.19310807,0.28783764,1.05912136,-0.27065483,0.02223429,-0.42127948,-0.06243502,-0.26534189,0.42505899,-0.17396568,0.11999100,-0.05840842,0.01749356,-0.00724068,0.55918396,0.41822976,-0.66175745,0.21554008,-0.96518317,-0.10956412,0.41723250,0.62050429,-0.58052359,0.74162495,-0.17059980,0.94264405,-0.29104846,-0.68084533
0.36383926,0.28913710,0.79690773,-0.06577060,0.00601203,0.99765749,-0.01782191,-0.31167557,0.26002463,0.35100254,1.11008562,-0.30605387,0.05893877,-0.39006257,-0.06006485,-0.28206667,0.40398713,-0.18884358,0.11777152,-0.04304370,0.01620594,-0.00584525,0.55445929,0.41676274,-0.65418178,0.21203753,-0.95577265,-0.10806366,0.41650476,0.61602924,-0.58470826,0.74642363,-0.16695479,0.95005166,-0.28611709,-0.68251918
0.34974615,0.28937467,0.79833420,-0.06759790,0.00147296,0.99750562,-0.02027044,-0.36640687,0.30736024,0.39863357,1.11898156,-0.35020628,0.07457248,-0.36168054,-0.05344215,-0.29670382,0.38621938,-0.20263968,0.11822566,-0.02520992,0.01610149,-0.00382422,0.55212688,0.41482155,-0.64225121,0.20571882,-0.94770396,-0.10896371,0.41495693,0.61196756,-0.58605552,0.74648306,-0.16234129,0.95844094,-0.27795187,-0.67889378
0.33632240,0.28847429,0.79934999,-0.06885446,-0.00376108,0.99735467,-0.02299104,-0.41936409,0.34030771,0.43630882,1.09530608,-0.38622970,0.07465852,-0.33579588,-0.04510281,-0.31040252,0.37165394,-0.21702855,0.11902716,-0.00714120,0.01608560,-0.00009881,0.55012133,0.41462608,-0.63009559,0.19188624,-0.94423142,-0.11075787,0.40658696,0.60724406,-0.58445718,0.74117846,-0.15860729,0.96641495,-0.26808320,-0.66863656
0.32319496,0.28751557,0.79944167,-0.07092201,-0.00836202,0.99699865,-0.02989695,-0.46796154,0.36646478,0.47619994,1.04377555,-0.40877747,0.06909384,-0.31314285,-0.03801327,-0.32620496,0.36125676,-0.23422361,0.11765353,0.00850345,0.01601180,0.00332523,0.54907010,0.41612995,-0.61917877,0.18015273,-0.94174765,-0.11223064,0.41462972,0.60501699,-0.57838440,0.73169205,-0.15280843,0.97155603,-0.26135694,-0.66377855
0.31025131,0.28599803,0.79861875,-0.07457914,-0.01226436,0.99631522,-0.04054040,-0.50805189,0.38813311,0.52930458,0.96617917,-0.42040791,0.06338359,-0.29398382,-0.03555125,-0.34554880,0.35470901,-0.25349419,0.11590603,0.01967811,0.01512802,0.00301246,0.54826049,0.41679202,-0.61188258,0.17133815,-0.93941754,-0.11324506,0.43681386,0.60572862,-0.56904025,0.72222528,-0.14496611,0.97209158,-0.25894873,-0.66534248
0.29723220,0.28356074,0.79769550,-0.07988053,-0.01489893,0.99524826,-0.05364730,-0.53811846,0.40052297,0.59437779,0.86515421,-0.41741369,0.05756605,-0.27650318,-0.03736566,-0.36824115,0.34756219,-0.27261286,0.11497373,0.02694891,0.01336568,-0.00246443,0.54485909,0.41689289,-0.61013654,0.16511106,-0.93647045,-0.11200352,0.46693249,0.60717882,-0.55865168,0.71594027,-0.13565895,0.96918040,-0.25997516,-0.67296345
0.28411609,0.28018067,0.79650052,-0.08456426,-0.01892518,0.99395972,-0.06734098,-0.55968164,0.40237462,0.66107281,0.75092490,-0.40150863,0.04984864,-0.25909728,-0.04000473,-0.39332803,0.34032955,-0.29110516,0.11447145,0.03140449,0.01342688,-0.01301616,0.54136882,0.41695914,-0.61165862,0.16579213,-0.92968248,-0.10795568,0.50383162,0.60995068,-0.55008122,0.71444711,-0.12579083,0.96479571,-0.26315108,-0.68542550
0.27092424,0.27590212,0.79555532,-0.09019720,-0.02201539,0.99234589,-0.08142126,-0.57380620,0.38785038,0.71663585,0.62943640,-0.37306958,0.04168170,-0.24206264,-0.04440031,-0.41781956,0.33283900,-0.30889319,0.11321399,0.03445463,0.01333290,-0.02832079,0.53607759,0.41679451,-0.61638689,0.16889986,-0.92034777,-0.10130281,0.54194498,0.61253869,-0.54410017,0.71760985,-0.11654888,0.96153644,-0.26682495,-0.69936976
0.25785525,0.27082690,0.79432401,-0.09515060,-0.02498458,0.99065729,-0.09444716,-0.58148059,0.36354284,0.75173809,0.52167363,-0.34325193,0.03971592,-0.22571821,-0.05023877,-0.43994771,0.32971161,-0.32795878,0.11031926,0.03740861,0.01284855,-0.04596091,0.52995037,0.41759972,-0.62317498,0.17421793,-0.90604819,-0.09373004,0.59576733,0.61479076,-0.54077158,0.72439618,-0.10815490,0.95886106,-0.27063761,-0.71773041
0.24458713,0.26499168,0.79255621,-0.09957538,-0.02648257,0.98913602,-0.10484917,-0.58285499,0.33769864,0.76883597,0.44330557,-0.31430127,0.04616720,-0.21096260,-0.05900374,-0.45738391,0.33358800,-0.34948165,0.10504192,0.04164453,0.01075909,-0.06541370,0.52465463,0.41983713,-0.63138701,0.16814532,-0.90421698,-0.08670743,0.60466847,0.61703189,-0.54120292,0.73345627,-0.10372369,0.96050261,-0.27152825,-0.72325367
0.23054179,0.25812026,0.79035246,-0.10284261,-0.02543370,0.98794386,-0.11288691,-0.57660648,0.30984123,0.76820400,0.39665001,-0.28238714,0.06000059,-0.19731160,-0.07327472,-0.46861418,0.34710102,-0.37527684,0.09682676,0.04725928,0.00391089,-0.08499863,0.52035395,0.42749591,-0.63890181,0.15321709,-0.91637107,-0.08493601,0.58673941,0.61930831,-0.54323764,0.74215108,-0.10070051,0.96763585,-0.27024185,-0.71870805
0.21561010,0.24994171,0.78762673,-0.10557242,-0.02346393,0.98689597,-0.11975082,-0.56495902,0.28801556,0.76463309,0.38696928,-0.25491383,0.07626217,-0.18381057,-0.09242954,-0.47531217,0.36844428,-0.40281303,0.08735113,0.05262472,-0.00659574,-0.10455843,0.51926183,0.43929268,-0.64472348,0.13221392,-0.94160504,-0.08722287,0.54731532,0.62123926,-0.54442419,0.74881726,-0.09817176,0.97884334,-0.26623490,-0.70485740
0.20090454,0.24048325,0.78516851,-0.10701175,-0.02031848,0.98594251,-0.12670045,-0.55347387,0.26963264,0.75890638,0.39609738,-0.22889604,0.08867797,-0.17065370,-0.11593177,-0.47709796,0.39769126,-0.42838847,0.07748198,0.05694532,-0.01999851,-0.12229095,0.52287587,0.45384422,-0.64542666,0.10831385,-0.97194065,-0.09114184,0.49080186,0.62398647,-0.54209548,0.75118968,-0.09436797,0.99190225,-0.26075037,-0.68522130
0.18656863,0.23005500,0.78367829,-0.10636386,-0.01462761,0.98513140,-0.13412265,-0.54288256,0.24779592,0.74088619,0.41485192,-0.21450052,0.09650881,-0.15916931,-0.14468897,-0.47389848,0.44076848,-0.44933603,0.06891366,0.05827255,-0.03597852,-0.13461854,0.53194512,0.47170278,-0.64092803,0.08925614,-0.99587171,-0.09585670,0.44973788,0.62653780,-0.53342166,0.74862716,-0.08610434,1.00298590,-0.25537009,-0.66789097
0.17278250,0.21858389,0.78327810,-0.10638193,-0.01087529,0.98370782,-0.14451138,-0.53088900,0.22613741,0.72423299,0.43764712,-0.22504477,0.10209946,-0.15117223,-0.17609583,-0.46975950,0.49696570,-0.45601218,0.06484188,0.05582219,-0.04834623,-0.14195408,0.54230874,0.48567345,-0.63326841,0.07452673,-1.00902559,-0.10102795,0.42976797,0.62738410,-0.52060404,0.74277286,-0.07664611,1.00779837,-0.25071538,-0.65500167
0.15995364,0.20608362,0.78357853,-0.10406677,-0.00957944,0.98197429,-0.15749550,-0.51417903,0.19810523,0.70108461,0.45179969,-0.25004726,0.10935300,-0.15081486,-0.21229568,-0.46407058,0.57844991,-0.44220144,0.06365285,0.05113696,-0.05625396,-0.14104949,0.55419321,0.49618106,-0.62394991,0.07145925,-1.00665699,-0.10663317,0.45278797,0.62708905,-0.50582501,0.73642027,-0.06516950,1.00416524,-0.25004285,-0.65437802
0.14827484,0.19242917,0.78407330,-0.09835883,-0.00816703,0.97998382,-0.17288887,-0.48780438,0.16035780,0.67478288,0.45168325,-0.28128966,0.12305926,-0.16213483,-0.25886124,-0.45603338,0.69198447,-0.40181160,0.06194960,0.04425502,-0.06164720,-0.13204930,0.56312270,0.50061363,-0.61769285,0.07397189,-0.98810449,-0.11126331,0.51138266,0.62611683,-0.49155297,0.73415702,-0.05376549,0.99180448,-0.25435155,-0.66403498
0.13741623,0.17838790,0.78500651,-0.09301940,-0.00515332,0.97753925,-0.18904456,-0.45447652,0.11535273,0.65003157,0.43683426,-0.30850247,0.13833043,-0.18604449,-0.31407441,-0.44475521,0.82377090,-0.34052408,0.05738672,0.03621756,-0.06594231,-0.12047982,0.56716343,0.50119703,-0.61862562,0.07233307,-0.97489486,-0.11279372,0.54713850,0.62548444,-0.48357176,0.73591814,-0.04680165,0.97821274,-0.26022038,-0.66946596
0.12749286,0.16437096,0.78590782,-0.08803781,-0.00052565,0.97430347,-0.20732054,-0.41810399,0.06381545,0.62125312,0.41069356,-0.32566361,0.15413667,-0.22258783,-0.37096387,-0.42416996,0.95920693,-0.27060448,0.04833159,0.02586203,-0.07208673,-0.10780567,0.56734486,0.50207466,-0.62594485,0.07490061,-0.96552412,-0.11240809,0.57308988,0.62668450,-0.47919518,0.73902235,-0.04143981,0.96743292,-0.26761142,-0.67466868
0.11856304,0.15137403,0.78619457,-0.08416613,0.00528554,0.96981519,-0.22879386,-0.38301095,0.01012962,0.58779855,0.37919897,-0.33267573,0.16763587,-0.26852833,-0.41698252,-0.39174570,1.07446151,-0.21848195,0.03641917,0.01270128,-0.07995133,-0.09600123,0.56477653,0.50499812,-0.63945116,0.07767055,-0.96139441,-0.11008753,0.57594479,0.62768312,-0.47807251,0.74220467,-0.03905790,0.96086987,-0.27317811,-0.67271623
0.11019410,0.14169105,0.78572216,-0.08188974,0.00997368,0.96380771,-0.25351388,-0.35286783,-0.03880762,0.54834247,0.34881528,-0.33122663,0.17350434,-0.31789925,-0.43952854,-0.35391857,1.14917275,-0.21465470,0.03097725,-0.00200489,-0.08709068,-0.08667410,0.56101178,0.50813253,-0.65440483,0.08297875,-0.96372112,-0.10762311,0.56727811,0.62740696,-0.47905129,0.74359092,-0.03875971,0.95823375,-0.27587184,-0.66572552
0.10122325,0.13448373,0.78501794,-0.07968102,0.01327980,0.95606889,-0.28179222,-0.32563754,-0.08049407,0.50293998,0.32300284,-0.32618146,0.17228150,-0.36687719,-0.43598956,-0.31321000,1.18308650,-0.23349017,0.03431653,-0.01815075,-0.09083225,-0.07807252,0.55781174,0.50946735,-0.66620397,0.09178152,-0.96782736,-0.10457741,0.55264622,0.62370652,-0.48159858,0.74412992,-0.03978560,0.95840547,-0.27567336,-0.65599871
0.09198524,0.12745380,0.78505211,-0.07698961,0.01424390,0.94749198,-0.31004622,-0.30023020,-0.11295492,0.45411399,0.30352456,-0.32234632,0.16611388,-0.41262544,-0.41473732,-0.27640542,1.18097694,-0.26678211,0.04212276,-0.03228514,-0.08958193,-0.07016906,0.55538030,0.50840616,-0.67257484,0.09968614,-0.97425342,-0.10266288,0.53340705,0.61841040,-0.48903890,0.74336470,-0.04574131,0.96052555,-0.27312931,-0.64191519
0.08258334,0.11970868,0.78573180,-0.07352904,0.01378575,0.93843001,-0.33727223,-0.27522501,-0.13708365,0.40300046,0.29127918,-0.32286290,0.15960323,-0.45356206,-0.38344432,-0.24477068,1.15049805,-0.30498853,0.04714094,-0.04348198,-0.08374478,-0.06223858,0.55377423,0.50550285,-0.67428293,0.10719973,-0.97478394,-0.10285524,0.52883111,0.61453060,-0.50086517,0.74252545,-0.05634378,0.96133890,-0.27118214,-0.63157756
0.07368287,0.11197824,0.78631140,-0.06935530,0.01246416,0.92867463,-0.36413996,-0.25193667,-0.15481657,0.35073110,0.28790026,-0.32870145,0.15361931,-0.49086916,-0.34567698,-0.21359419,1.10052592,-0.33097721,0.05181165,-0.05340355,-0.07454936,-0.05427814,0.55386615,0.50061897,-0.67423549,0.10848458,-0.97710310,-0.10324888,0.52343828,0.61177851,-0.51730027,0.74249543,-0.07263003,0.96363704,-0.26848596,-0.62156689
0.06487220,0.10365739,0.78664070,-0.06596802,0.00965962,0.91793914,-0.39107883,-0.23263244,-0.16712262,0.29757658,0.29323902,-0.33840395,0.14815645,-0.52444015,-0.30249269,-0.17928237,1.03349411,-0.34447194,0.05815434,-0.06009336,-0.06274605,-0.04540367,0.55391332,0.49747955,-0.67564465,0.10381557,-0.97866314,-0.10319317,0.51292436,0.61705336,-0.53738522,0.73844011,-0.09671520,0.96643995,-0.26507707,-0.60721207
0.05599728,0.09553688,0.78696118,-0.06201098,0.00746505,0.90661838,-0.41730327,-0.21648862,-0.17649364,0.24362304,0.30530705,-0.34946176,0.14585975,-0.55293462,-0.25165477,-0.13362677,0.94911125,-0.34116947,0.06855220,-0.06730516,-0.05055695,-0.03836807,0.55764315,0.49243926,-0.67505072,0.10180406,-0.97645573,-0.10346160,0.51145604,0.62369397,-0.55152396,0.73491262,-0.11468922,0.96709012,-0.26494866,-0.60595500
0.04731654,0.08776682,0.78647700,-0.05883475,0.00541626,0.89387378,-0.44440838,-0.20511427,-0.18439406,0.18920159,0.32280254,-0.36138323,0.14265702,-0.57613003,-0.19583254,-0.07571544,0.84947517,-0.32104887,0.09322506,-0.07473594,-0.03956431,-0.03212792,0.56210896,0.48604300,-0.67321910,0.10047853,-0.97501367,-0.10498137,0.50665540,0.62844545,-0.56096441,0.72806903,-0.12945621,0.97090365,-0.26259889,-0.60249386
0.03880208,0.07963116,0.78589252,-0.05594032,0.00119359,0.88077277,-0.47022184,-0.19671195,-0.18871296,0.13617564,0.34156254,-0.37394589,0.13848625,-0.59116930,-0.13844809,-0.00740715,0.73496517,-0.28739974,0.12657393,-0.08076427,-0.02764618,-0.02722577,0.56546773,0.47860528,-0.67015289,0.10249839,-0.97183009,-0.10762012,0.50313583,0.63184945,-0.56494209,0.71973106,-0.13911653,0.97549173,-0.25960062,-0.59901928
0.02971458,0.07110919,0.78589648,-0.05444855,-0.00363784,0.86831431,-0.49300343,-0.19006687,-0.19040013,0.08604945,0.35900578,-0.38762777,0.13333642,-0.59882906,-0.08627967,0.06645297,0.61656681,-0.25321945,0.16191525,-0.08442587,-0.01635842,-0.02594487,0.56873081,0.47099626,-0.66631273,0.10654551,-0.96898441,-0.11171783,0.50332905,0.63333517,-0.56441245,0.71269431,-0.14288587,0.97982954,-0.25745212,-0.59728579
0.02035000,0.06195514,0.78586317,-0.05401609,-0.00870801,0.85544653,-0.51499287,-0.18407742,-0.19015453,0.03782867,0.37443952,-0.40168311,0.12524712,-0.59777731,-0.04287389,0.13859857,0.51010346,-0.22454253,0.19923508,-0.08647412,-0.00544257,-0.02794627,0.57113112,0.46549466,-0.66438330,0.10977014,-0.96786866,-0.11619848,0.50188046,0.63472742,-0.56251778,0.70576439,-0.14466758,0.98440761,-0.25567217,-0.59379002
0.01052552,0.05208921,0.78646875,-0.05360470,-0.01575589,0.84172549,-0.53700697,-0.17779491,-0.18630726,-0.01065686,0.39002308,-0.41734112,0.11586877,-0.58365712,-0.00698084,0.20532257,0.42116241,-0.19721051,0.23092664,-0.08758088,0.00704050,-0.03290285,0.57238823,0.46172905,-0.66522618,0.11393801,-0.96796291,-0.11990383,0.49811027,0.63674509,-0.56152739,0.69966036,-0.14652614,0.98854394,-0.25464048,-0.58989438
-0.00017454,0.04138474,0.78680053,-0.05355354,-0.02151575,0.82842652,-0.55711631,-0.17132850,-0.18141951,-0.05522403,0.41014389,-0.43708186,0.10720785,-0.56384223,0.01759412,0.25500289,0.36973777,-0.17408679,0.25137134,-0.08575257,0.01840930,-0.04019553,0.57522890,0.45786147,-0.66742837,0.11819796,-0.97007694,-0.12294091,0.49217154,0.63921964,-0.56387589,0.69548517,-0.15025894,0.99288807,-0.25517586,-0.58662504
-0.01245172,0.02979929,0.78720281,-0.05186714,-0.02594326,0.81450588,-0.57724944,-0.16356730,-0.17487219,-0.09684733,0.43727795,-0.46172785,0.10079217,-0.53777422,0.03520134,0.28142811,0.35634384,-0.14922655,0.26237621,-0.08121420,0.02906430,-0.04653149,0.57774229,0.45331054,-0.66984770,0.12473355,-0.97209372,-0.12467231,0.48638744,0.64369353,-0.56748522,0.69288811,-0.15554056,0.99478048,-0.25854979,-0.58711022
-0.02501150,0.01804184,0.78773385,-0.04788898,-0.02962234,0.80233260,-0.59421509,-0.15644991,-0.16435302,-0.12832433,0.47321055,-0.48876124,0.09400429,-0.51507848,0.04529916,0.27856637,0.36893744,-0.13057207,0.26401168,-0.07115652,0.03950137,-0.05015578,0.58011355,0.44744173,-0.67166679,0.13287749,-0.97313298,-0.12447697,0.47891910,0.64997445,-0.57436422,0.69417710,-0.16415369,0.99311400,-0.26284733,-0.58954867
-0.03521942,0.00646963,0.78740952,-0.04503680,-0.03183688,0.79431397,-0.60499869,-0.15289074,-0.15137209,-0.14130220,0.51645995,-0.51143137,0.08608863,-0.49995802,0.04481501,0.25127559,0.39602842,-0.12540160,0.25983542,-0.05576828,0.04800664,-0.05151810,0.58385173,0.43907005,-0.67040147,0.14207238,-0.97226432,-0.12325475,0.47600210,0.65619706,-0.58448322,0.70205997,-0.17383041,0.98746583,-0.26926058,-0.59887947
-0.04657859,-0.00566952,0.78790150,-0.04121728,-0.03525122,0.78293832,-0.61973065,-0.15414660,-0.13213336,-0.13994110,0.56857682,-0.51898620,0.07404066,-0.48215252,0.04395076,0.21381653,0.42242880,-0.13881982,0.24513238,-0.04008858,0.05473328,-0.04708615,0.58152241,0.43546118,-0.67071193,0.14887382,-0.97033454,-0.11904894,0.47098242,0.66703376,-0.59231752,0.71235263,-0.18378346,0.97477621,-0.27244098,-0.60403804
-0.05703095,-0.01612048,0.78855365,-0.03738025,-0.03851692,0.77078557,-0.63482971,-0.16684741,-0.10663343,-0.11965031,0.63536786,-0.50101319,0.05123551,-0.46276139,0.04097393,0.16908398,0.43888967,-0.16228710,0.22664791,-0.02552299,0.05898669,-0.04059950,0.57773191,0.43618704,-0.67349971,0.15327249,-0.96705439,-0.11358169,0.45946822,0.67222709,-0.60452454,0.72269322,-0.19707297,0.97022353,-0.26871002,-0.60398517
-0.06653902,-0.02579163,0.78988731,-0.03284103,-0.04090214,0.75701901,-0.65128388,-0.19438293,-0.07446848,-0.08611139,0.72146826,-0.45642312,0.02304239,-0.43673945,0.03602324,0.12334695,0.44121520,-0.18626595,0.20147621,-0.01459479,0.06012474,-0.03181992,0.57262520,0.44068411,-0.67615193,0.15753027,-0.96393174,-0.10840083,0.44644790,0.67508750,-0.61455067,0.72887321,-0.20713312,0.97398496,-0.26144574,-0.60345097
-0.07481083,-0.03502261,0.79191870,-0.02929825,-0.04288297,0.74237902,-0.66796411,-0.23612682,-0.03222286,-0.03822810,0.82103137,-0.39837015,0.00130899,-0.40913306,0.02889549,0.07798649,0.43692036,-0.20869257,0.17498984,-0.00605438,0.05833486,-0.02409261,0.56813287,0.44969902,-0.67981239,0.15828320,-0.96084211,-0.10580279,0.43639909,0.67491577,-0.61912697,0.72969357,-0.20910381,0.98150290,-0.25394279,-0.60141581
-0.08177833,-0.04370868,0.79379798,-0.02802835,-0.04542760,0.72539916,-0.68625564,-0.28772013,0.02221139,0.02445073,0.91820735,-0.34287012,-0.00449215,-0.38461018,0.01715505,0.03018027,0.42972194,-0.22786240,0.15298427,0.00148385,0.05552955,-0.01951066,0.56505550,0.45935161,-0.68292979,0.15690545,-0.95598050,-0.10600256,0.43630045,0.67278571,-0.62106215,0.72842005,-0.20641948,0.98986616,-0.25106446,-0.60454049
-0.08756495,-0.05220328,0.79509757,-0.02936786,-0.04766734,0.70639734,-0.70559772,-0.34073734,0.08902761,0.10208825,0.99475699,-0.31446179,0.00772186,-0.36343870,0.00166450,-0.01898413,0.42271836,-0.24647406,0.13503294,0.00882220,0.05239204,-0.01818773,0.56363444,0.46676729,-0.68352363,0.15209674,-0.95179929,-0.10609065,0.44074182,0.67248859,-0.62129014,0.72744576,-0.19974090,0.99236249,-0.25111382,-0.61100007
-0.09223614,-0.06051466,0.79577798,-0.03232079,-0.05076791,0.68519457,-0.72586940,-0.39116241,0.16017584,0.18364303,1.04238833,-0.31710904,0.03086999,-0.34339729,-0.01516362,-0.06981996,0.41322058,-0.26389183,0.12178013,0.01656091,0.04932666,-0.01895978,0.56247093,0.47120164,-0.68015792,0.14521165,-0.94910040,-0.10562230,0.44718434,0.67327797,-0.61931409,0.72639384,-0.19071279,0.99093996,-0.25253204,-0.61974621
-0.09530675,-0.06900563,0.79587560,-0.03274415,-0.05502500,0.66613588,-0.74307675,-0.43530681,0.22164219,0.25362205,1.05745709,-0.33138258,0.04701857,-0.32293235,-0.02855655,-0.11916942,0.40392908,-0.28062098,0.11115867,0.02713184,0.04748533,-0.01963116,0.56308088,0.47385819,-0.67360904,0.13687583,-0.94790908,-0.10529424,0.45323063,0.67459530,-0.61618687,0.72689747,-0.18046560,0.98389979,-0.25405159,-0.62801451
-0.09725562,-0.07766733,0.79617071,-0.03233665,-0.05894892,0.64735704,-0.75921553,-0.47322444,0.26915147,0.31254585,1.04121233,-0.34848074,0.05189699,-0.30019465,-0.04011995,-0.16721385,0.39377915,-0.29681964,0.10345032,0.03871387,0.04477320,-0.01873109,0.56345229,0.47720549,-0.66653204,0.12616535,-0.95014712,-0.10566285,0.45452724,0.67414124,-0.60989538,0.72757115,-0.16931974,0.97622965,-0.25474578,-0.63416382
-0.09829472,-0.08636881,0.79623945,-0.03147349,-0.06153107,0.62834095,-0.77486192,-0.50288076,0.30876095,0.37160318,1.00113374,-0.36234690,0.05045925,-0.27742518,-0.05111281,-0.21505593,0.38861962,-0.31630598,0.09654805,0.05038056,0.04141477,-0.01638737,0.56392350,0.48287182,-0.66071373,0.11391450,-0.95292210,-0.10885343,0.45583250,0.67305328,-0.60173365,0.72866995,-0.15766452,0.97391020,-0.25866585,-0.63723610
-0.09835097,-0.09504168,0.79641383,-0.03119802,-0.06383560,0.60790041,-0.79082792,-0.52428717,0.34341524,0.44016338,0.94311711,-0.37141384,0.04608524,-0.25499153,-0.06244897,-0.26360773,0.38657521,-0.33871498,0.09122886,0.06082205,0.03736466,-0.01419477,0.56360811,0.48849385,-0.65599211,0.10287913,-0.95550270,-0.11363846,0.45915217,0.67137055,-0.59222027,0.73021585,-0.14493743,0.97282588,-0.26856767,-0.63941558
-0.09730882,-0.10356202,0.79599647,-0.03095132,-0.06714387,0.58636639,-0.80666484,-0.53907693,0.37378045,0.51973214,0.87291875,-0.37752374,0.04187855,-0.23246533,-0.07323628,-0.31412528,0.38327638,-0.36075504,0.08908046,0.06861174,0.03424962,-0.01455935,0.56225248,0.49035963,-0.65083030,0.09744892,-0.95639513,-0.11678853,0.46597333,0.67016473,-0.58060831,0.73231566,-0.12944329,0.96825141,-0.27833107,-0.64819722
-0.09504394,-0.11177280,0.79454885,-0.03005671,-0.07208630,0.56418452,-0.82194646,-0.55003127,0.39795938,0.60397635,0.79871462,-0.38053555,0.03837942,-0.20974628,-0.08081319,-0.36578888,0.37613017,-0.37972735,0.09002518,0.07350431,0.03359615,-0.01905258,0.56093222,0.48660846,-0.64339225,0.09921948,-0.95494194,-0.11909848,0.47606825,0.66992961,-0.56726607,0.73358865,-0.11409588,0.96158910,-0.29095642,-0.66457675
-0.09157719,-0.11973588,0.79221102,-0.02948798,-0.07829432,0.54152499,-0.83651129,-0.55919800,0.40999787,0.68398270,0.72486399,-0.37824420,0.03480821,-0.18655297,-0.08431357,-0.41763402,0.36189542,-0.39273121,0.09504392,0.07561472,0.03441109,-0.02799705,0.55840996,0.47738767,-0.63389142,0.10828782,-0.95149447,-0.12122817,0.48829514,0.66891619,-0.55164388,0.73312864,-0.09869613,0.95089614,-0.30390330,-0.68912683
-0.08680136,-0.12812253,0.78967441,-0.02765346,-0.08601739,0.51999587,-0.84937659,-0.56727904,0.41112700,0.74940470,0.66076532,-0.37139023,0.03056055,-0.16451902,-0.08323841,-0.46681854,0.34569161,-0.40164490,0.10091220,0.07701869,0.03703074,-0.04043282,0.55543375,0.46704240,-0.62439201,0.11913827,-0.94618085,-0.12229756,0.50160485,0.66882056,-0.53650672,0.73140953,-0.08622312,0.94042813,-0.31297270,-0.71364413
-0.08057128,-0.13720819,0.78733391,-0.02601819,-0.09489808,0.49971886,-0.86058031,-0.57247446,0.40323739,0.79716517,0.61221274,-0.36136581,0.03279171,-0.14619323,-0.08155942,-0.50864953,0.33406665,-0.40986766,0.10416245,0.07996508,0.03880608,-0.05559779,0.55249675,0.45921071,-0.61672608,0.12623466,-0.94201552,-0.12421914,0.51521742,0.66982171,-0.52398202,0.73000939,-0.07810442,0.93533293,-0.32236601,-0.73438762
-0.07279164,-0.14690879,0.78532887,-0.02635664,-0.10357037,0.48134476,-0.86999180,-0.57280789,0.38306341,0.82353646,0.57450860,-0.34661700,0.04558855,-0.13278541,-0.08382060,-0.53791162,0.33049479,-0.41862963,0.10420049,0.08566032,0.03598679,-0.07219955,0.54873694,0.45629108,-0.61282190,0.12710512,-0.93849098,-0.12744055,0.53084685,0.67120854,-0.51511145,0.73187248,-0.07240401,0.93308618,-0.32982466,-0.75047955
-0.06306914,-0.15736398,0.78347894,-0.02906713,-0.10869431,0.46821255,-0.87642322,-0.56914330,0.34902481,0.81998795,0.54440425,-0.33092108,0.06437810,-0.12422810,-0.09436544,-0.55029315,0.34150053,-0.42906468,0.10172993,0.09534763,0.02643043,-0.08759016,0.54539967,0.46039219,-0.61256485,0.11926482,-0.93585029,-0.13188120,0.54678222,0.67359221,-0.51026451,0.73870007,-0.06988006,0.93526147,-0.33146582,-0.75433176
-0.05129819,-0.16761879,0.78193610,-0.03471713,-0.11059613,0.45796224,-0.88138176,-0.56499294,0.30822229,0.79801363,0.52288014,-0.31528139,0.09378219,-0.12172074,-0.11621100,-0.54858431,0.37261284,-0.43907363,0.09695313,0.10545753,0.01195070,-0.10081670,0.54365381,0.47093864,-0.61479653,0.10489858,-0.93257305,-0.13706099,0.56464287,0.67594196,-0.50896192,0.74851408,-0.06778970,0.93901617,-0.33134923,-0.75345037
-0.03813985,-0.17719120,0.78129187,-0.04199185,-0.11106605,0.44614594,-0.88704837,-0.55884702,0.26506607,0.77162373,0.50819163,-0.30445250,0.12440456,-0.12536093,-0.14753875,-0.53838032,0.42603430,-0.44496836,0.09225377,0.11194425,-0.00381914,-0.11056315,0.54308659,0.48635962,-0.62021788,0.08787146,-0.92953517,-0.14049749,0.57812811,0.67795241,-0.50993973,0.76081088,-0.06620812,0.94264141,-0.32637480,-0.74347026
-0.02378669,-0.18629661,0.78098316,-0.04623795,-0.11004870,0.43295580,-0.89347670,-0.54729751,0.22358262,0.74475935,0.49949135,-0.31005693,0.14610400,-0.13200988,-0.18524636,-0.52964810,0.50285982,-0.43946177,0.09157510,0.11309006,-0.01443304,-0.11625028,0.54504330,0.50091982,-0.62746539,0.07603646,-0.92907757,-0.14146270,0.58259878,0.67862095,-0.50986707,0.77038105,-0.06468223,0.94586423,-0.32359484,-0.73239133
-0.00868345,-0.19452631,0.78129445,-0.04653894,-0.10813366,0.41776117,-0.90089780,-0.52676501,0.18094120,0.71937883,0.48636940,-0.32547247,0.16523263,-0.14272371,-0.22981014,-0.52265641,0.60336369,-0.41068974,0.09344474,0.10793483,-0.01825717,-0.11779248,0.54709448,0.50948280,-0.63665011,0.07553326,-0.93135484,-0.14093966,0.58465833,0.67752276,-0.50975975,0.77632972,-0.06333075,0.94282449,-0.32829503,-0.73251918
0.00741765,-0.20204271,0.78259465,-0.04636107,-0.10462584,0.40040909,-0.90916261,-0.49533497,0.13239779,0.69316632,0.46335695,-0.34494616,0.18359991,-0.15897671,-0.28263842,-0.51253555,0.72403629,-0.35518918,0.09406156,0.09705685,-0.01896402,-0.11587305,0.54767587,0.51186435,-0.64880089,0.08189926,-0.93702647,-0.13895439,0.58275808,0.67743629,-0.51024130,0.77992536,-0.06430224,0.93592769,-0.33443379,-0.73633122
0.02407747,-0.20919681,0.78422632,-0.04725434,-0.09859331,0.38094859,-0.91810923,-0.45489739,0.07892625,0.66453489,0.43230586,-0.36352870,0.20050684,-0.18366899,-0.34028924,-0.49222702,0.85798368,-0.28442245,0.08846979,0.08090666,-0.02018306,-0.11119104,0.54615782,0.51164511,-0.66335238,0.09020219,-0.94341788,-0.13665400,0.57822970,0.67844248,-0.51177779,0.77936023,-0.06746722,0.92663094,-0.34062565,-0.74227419
0.04094349,-0.21495513,0.78548050,-0.05039079,-0.08882723,0.35948755,-0.92754471,-0.40798492,0.02022442,0.63161631,0.39327131,-0.37494702,0.21710472,-0.22080136,-0.39689550,-0.45377368,0.99435296,-0.21244557,0.07288476,0.05949939,-0.02562737,-0.10210364,0.54306408,0.51072711,-0.67840467,0.09854716,-0.94905586,-0.13316012,0.57167818,0.68003674,-0.51380404,0.77480381,-0.07266147,0.91698035,-0.34401454,-0.74640361
0.05506501,-0.22153263,0.78608654,-0.05201777,-0.08076894,0.33731935,-0.93647540,-0.36355793,-0.03093673,0.59400253,0.35814173,-0.38063784,0.22760297,-0.26624681,-0.43324929,-0.40596029,1.10684357,-0.17699261,0.04920913,0.03586174,-0.03266119,-0.09142448,0.54178850,0.50980096,-0.69095825,0.10526574,-0.95382968,-0.12809588,0.56360691,0.68119216,-0.51370798,0.76683847,-0.07757942,0.90957515,-0.34413041,-0.74714741
0.06603684,-0.22849010,0.78586748,-0.05358385,-0.07406869,0.31222966,-0.94559782,-0.32285604,-0.07409765,0.55284409,0.32629978,-0.38027289,0.22750636,-0.32034456,-0.44357993,-0.35351694,1.18418100,-0.18869373,0.03616975,0.00983018,-0.03955448,-0.07867940,0.54218792,0.50843273,-0.69934884,0.11066518,-0.95800442,-0.12293640,0.55234071,0.68021305,-0.51241511,0.75639548,-0.08226629,0.90136415,-0.34426867,-0.74564543
0.07599456,-0.23676899,0.78555149,-0.05496339,-0.06822127,0.28569600,-0.95430743,-0.28535316,-0.10743428,0.50983237,0.29911161,-0.37679162,0.21741121,-0.37789641,-0.43241937,-0.30629888,1.22074027,-0.21511748,0.03639657,-0.01672453,-0.04391827,-0.06489425,0.54610389,0.50356481,-0.70150026,0.11653022,-0.96246942,-0.11976088,0.53948612,0.67743113,-0.50994486,0.74546297,-0.08662488,0.89134037,-0.34558674,-0.74438265
0.08613207,-0.24528180,0.78585068,-0.05502307,-0.06404189,0.26151153,-0.96150029,-0.25142196,-0.13060301,0.46620475,0.27756756,-0.37511119,0.20263857,-0.43464262,-0.41269123,-0.27424996,1.21555636,-0.25273687,0.04576950,-0.04096643,-0.04443967,-0.05202202,0.55100160,0.49610929,-0.69786952,0.12321441,-0.96657730,-0.11962131,0.52840887,0.67347161,-0.50817214,0.73623400,-0.09153811,0.87990873,-0.34800392,-0.74458471
0.09662227,-0.25411178,0.78642868,-0.05472574,-0.06119829,0.23882120,-0.96758684,-0.22014812,-0.14721412,0.42301972,0.26041539,-0.37692765,0.18742822,-0.48855266,-0.39238442,-0.25509269,1.17269514,-0.28566390,0.06040517,-0.06282388,-0.04199821,-0.04082830,0.55354457,0.48871748,-0.69212650,0.13027399,-0.96770353,-0.12147864,0.51914049,0.66872472,-0.50881609,0.72932492,-0.09784540,0.86755859,-0.35156296,-0.74565761
0.10770437,-0.26332322,0.78676712,-0.05408449,-0.05993644,0.21754543,-0.97270575,-0.19165718,-0.15799095,0.38067888,0.24721410,-0.38298993,0.17423907,-0.53729997,-0.37369166,-0.24328465,1.09631591,-0.30257082,0.07598899,-0.08175087,-0.03701888,-0.03270010,0.55396759,0.48095665,-0.68635206,0.13937798,-0.96675758,-0.12340358,0.51281065,0.66551400,-0.50981630,0.72485540,-0.10499907,0.85797561,-0.35409976,-0.74815842
0.11948281,-0.27296497,0.78668534,-0.05316553,-0.06026932,0.19742225,-0.97701867,-0.16638118,-0.16341971,0.33930416,0.23611184,-0.39079708,0.16279082,-0.57817930,-0.35299551,-0.22907250,0.98672370,-0.30511011,0.09362613,-0.09754467,-0.02976261,-0.02886159,0.55162433,0.47380038,-0.68177076,0.15078179,-0.96349632,-0.12393223,0.50806314,0.66402839,-0.51064679,0.72119984,-0.11200675,0.85281986,-0.35689817,-0.75132812
0.13209728,-0.28287580,0.78718127,-0.05096306,-0.06247983,0.17680081,-0.98093859,-0.14422930,-0.16327447,0.29887422,0.22572372,-0.39837980,0.15071896,-0.60778502,-0.32342595,-0.20142628,0.84542370,-0.29113880,0.11857281,-0.11100043,-0.01978561,-0.02932980,0.54792241,0.46679524,-0.67890824,0.16379642,-0.95861506,-0.12295652,0.50196766,0.66420128,-0.51020704,0.71711283,-0.11809480,0.85258728,-0.35732972,-0.75328108
0.14535452,-0.29313917,0.78824502,-0.04875959,-0.06533520,0.15576411,-0.98442438,-0.12520843,-0.15882890,0.26123107,0.21860144,-0.40649975,0.13745708,-0.62534350,-0.28674843,-0.15712214,0.68924477,-0.26252841,0.15330657,-0.12095673,-0.00997222,-0.03397891,0.54555910,0.46064975,-0.67856070,0.17626731,-0.95440682,-0.12151986,0.49244738,0.66547194,-0.50878650,0.71206701,-0.12249663,0.85702499,-0.35489769,-0.74850038
0.15963892,-0.30307887,0.78971998,-0.04460148,-0.07027530,0.13774327,-0.98696448,-0.10876941,-0.14916965,0.22736937,0.21534460,-0.41753455,0.12453554,-0.62804522,-0.24639742,-0.10325673,0.53937748,-0.22142200,0.19304911,-0.12477836,0.00011973,-0.04201991,0.54263659,0.45577784,-0.68006467,0.18717387,-0.95154043,-0.11986031,0.47959201,0.66538779,-0.50833337,0.70716981,-0.12536823,0.86386227,-0.34933897,-0.73632622
0.17509252,-0.31381065,0.79012997,-0.04146736,-0.07433533,0.12334873,-0.98870613,-0.09306918,-0.13620252,0.19845632,0.22114545,-0.43535007,0.11276502,-0.61925326,-0.21499955,-0.05898135,0.42989688,-0.18226784,0.22966920,-0.12264744,0.00859447,-0.05170173,0.53972707,0.45379676,-0.68394688,0.19360218,-0.95277872,-0.11669015,0.46235041,0.66242398,-0.51299702,0.70365722,-0.12838249,0.87201553,-0.34128237,-0.71817131
0.19181782,-0.32604175,0.78905583,-0.04073580,-0.07602484,0.11317344,-0.98982452,-0.07637229,-0.12055133,0.17632626,0.23961221,-0.46183685,0.10432792,-0.60472868,-0.19592274,-0.03779938,0.38958398,-0.14619661,0.25558679,-0.11558931,0.01494644,-0.06164111,0.53758050,0.45447957,-0.68761513,0.19511448,-0.95868899,-0.11032242,0.43630616,0.65535110,-0.52612368,0.70119966,-0.13354519,0.88312987,-0.33113257,-0.69189238
0.20886622,-0.33958151,0.78808933,-0.03718100,-0.07505195,0.10302526,-0.99114609,-0.05995401,-0.09866019,0.15854105,0.27551102,-0.49535191,0.09845707,-0.58487469,-0.17846754,-0.02804751,0.40626078,-0.11992244,0.26228298,-0.10835977,0.02332855,-0.06893296,0.53280853,0.45981573,-0.68601915,0.19317459,-0.96863752,-0.09977952,0.39655166,0.63898826,-0.55033029,0.69381895,-0.14232323,0.89974203,-0.31914906,-0.65854505
0.22682629,-0.35242686,0.78772246,-0.03098077,-0.07161920,0.09612538,-0.99230580,-0.04646508,-0.07086967,0.15040606,0.33309845,-0.52746328,0.09042916,-0.56467941,-0.16696277,-0.03447677,0.45337859,-0.12230533,0.25672576,-0.10331492,0.03434207,-0.07280935,0.52518206,0.47056789,-0.67208741,0.18799748,-0.97607765,-0.08812241,0.34431837,0.60995898,-0.58375962,0.67343409,-0.15139431,0.91619758,-0.30801946,-0.62261677
0.24357327,-0.36585920,0.78629639,-0.02461717,-0.06589185,0.08943876,-0.99350539,-0.04330943,-0.03517649,0.15388335,0.41929387,-0.54514539,0.07833970,-0.54082196,-0.15347328,-0.04899356,0.50850732,-0.14958760,0.23553977,-0.10105000,0.04521201,-0.07053159,0.50767857,0.48661921,-0.63899051,0.18450745,-0.97009672,-0.08265552,0.28523673,0.56212146,-0.61517372,0.63456937,-0.15031646,0.92032746,-0.30285657,-0.58902936
0.25884418,-0.37915894,0.78454870,-0.01936969,-0.05978974,0.07983857,-0.99482451,-0.05826670,0.00881170,0.16807878,0.53552024,-0.53230389,0.06515529,-0.51174326,-0.14003623,-0.06959687,0.54844245,-0.19173770,0.20474204,-0.09974715,0.05298468,-0.06438817,0.47490648,0.50839258,-0.58595939,0.18820724,-0.94233764,-0.08985766,0.23599259,0.49391628,-0.63684217,0.57752828,-0.13233182,0.90326249,-0.30199444,-0.55722207
0.27313890,-0.39184865,0.78455338,-0.01538358,-0.05592990,0.07075133,-0.99580593,-0.09450229,0.06182534,0.19537884,0.67666241,-0.48973642,0.05854764,-0.47847640,-0.12854867,-0.09454826,0.56390808,-0.23171078,0.17394132,-0.09386696,0.05528989,-0.05911593,0.42571184,0.52820552,-0.51276605,0.21020676,-0.89731394,-0.10753277,0.21450639,0.40727502,-0.64179070,0.50641415,-0.09057926,0.86707294,-0.30081812,-0.52364335
0.28719153,-0.40388076,0.78620077,-0.00974221,-0.05569689,0.06273996,-0.99642694,-0.15079277,0.12387841,0.23010137,0.83046311,-0.43151774,0.06617028,-0.44322568,-0.11513875,-0.11977284,0.55960458,-0.26244577,0.14374967,-0.07994874,0.05413662,-0.05569617,0.35411690,0.53985800,-0.42509187,0.25623313,-0.85475411,-0.12582862,0.21408463,0.30387035,-0.62684757,0.43357584,-0.02333660,0.82871424,-0.29651941,-0.48319974
0.30147820,-0.41480113,0.78803338,-0.00794542,-0.05713689,0.05407224,-0.99686932,-0.21400337,0.18249940,0.26862733,0.96356948,-0.37979135,0.08937260,-0.41060663,-0.10533898,-0.14207351,0.54750449,-0.28635759,0.11894668,-0.05824744,0.04947047,-0.06109809,0.27087445,0.54558627,-0.33677078,0.31100136,-0.83570873,-0.14297140,0.23546931,0.19981755,-0.60369453,0.37364555,0.04908462,0.80576431,-0.29586017,-0.45913428
0.31540386,-0.42415117,0.78886008,-0.00648191,-0.05979234,0.04556326,-0.99714936,-0.27862970,0.23050002,0.30195190,1.06301124,-0.36419773,0.11140668,-0.38070997,-0.09553104,-0.16101698,0.53302767,-0.30454026,0.10234361,-0.03198015,0.04481791,-0.07007283,0.17582928,0.54203712,-0.25357544,0.36747793,-0.84249791,-0.16132001,0.27046199,0.08771816,-0.57527021,0.33178925,0.12284101,0.79764162,-0.29924125,-0.44610134
0.32943265,-0.43131940,0.78847808,-0.00380294,-0.06080611,0.04227313,-0.99724678,-0.34038465,0.25670686,0.31936865,1.12124963,-0.36401176,0.11833337,-0.35335875,-0.08434727,-0.17426368,0.52481577,-0.32276859,0.09101748,-0.00378993,0.04247825,-0.08137346,0.07718955,0.53216450,-0.18091549,0.41498108,-0.86099073,-0.18528806,0.31112776,-0.03017925,-0.54728934,0.30969948,0.19123255,0.78840616,-0.30151820,-0.44132127
0.34379492,-0.43703627,0.78768332,-0.00078433,-0.05914990,0.04136844,-0.99739126,-0.39607625,0.26451223,0.32630971,1.13715730,-0.37240702,0.10918356,-0.32580521,-0.07424224,-0.18332315,0.52280674,-0.34278783,0.08380848,0.02187028,0.04180792,-0.09322205,-0.01807761,0.52354830,-0.12480662,0.44853588,-0.86578338,-0.21977355,0.35259820,-0.15325218,-0.51811894,0.30393044,0.25153918,0.76982826,-0.30382870,-0.43849820
0.35865727,-0.44208318,0.78662763,0.00174482,-0.05597786,0.04000258,-0.99762880,-0.44461863,0.26498794,0.33307570,1.11741159,-0.38137259,0.09128963,-0.29554473,-0.06622739,-0.19037863,0.52215343,-0.36406926,0.07890231,0.04309268,0.04158610,-0.10312840,-0.10672132,0.51972036,-0.09087795,0.46917670,-0.84621535,-0.25357567,0.37424391,-0.28173844,-0.48611370,0.31163884,0.30569838,0.73565234,-0.29912828,-0.41910187
0.37383881,-0.44611606,0.78523212,0.00211626,-0.05323549,0.03755254,-0.99787339,-0.48455346,0.26347014,0.34894571,1.06414797,-0.38335160,0.07455207,-0.26391074,-0.06340059,-0.19557900,0.52199272,-0.38612053,0.07634700,0.06068550,0.03969925,-0.11266189,-0.18366488,0.52151182,-0.08467065,0.47874652,-0.80614439,-0.27549522,0.37300467,-0.40761031,-0.45281327,0.33476530,0.35321950,0.68661643,-0.28392936,-0.38483806
0.38926958,-0.44909196,0.78328414,0.00025974,-0.05140026,0.03490798,-0.99806782,-0.51621742,0.25948721,0.37370832,0.98012008,-0.37711123,0.06094009,-0.23229377,-0.06623448,-0.19897190,0.52131383,-0.40798191,0.07612613,0.07600134,0.03542300,-0.12172945,-0.24723539,0.52909986,-0.10857860,0.48074151,-0.76090293,-0.28797459,0.34715178,-0.52862877,-0.41634912,0.37387645,0.39945570,0.63025576,-0.27455273,-0.33824735
0.40518744,-0.45100438,0.78162724,-0.00335921,-0.04936139,0.03244023,-0.99824837,-0.53806211,0.24547013,0.39943852,0.86302350,-0.35714086,0.04479440,-0.19992708,-0.07409980,-0.20074246,0.51729897,-0.42726351,0.07825898,0.08855739,0.02780214,-0.12870243,-0.29856897,0.54136009,-0.15691628,0.48089364,-0.73169665,-0.28801837,0.27652171,-0.64018510,-0.37813991,0.42818640,0.44610143,0.58093545,-0.25495262,-0.27008253
0.42151122,-0.45164896,0.78035758,-0.00666741,-0.04853100,0.03083779,-0.99832325,-0.55379037,0.21922975,0.41619628,0.72090571,-0.32411237,0.02436228,-0.17005195,-0.08369071,-0.20091474,0.51194161,-0.44287256,0.08223520,0.09912188,0.01987838,-0.13655679,-0.33309461,0.55265397,-0.21660655,0.47796166,-0.71740699,-0.28005935,0.21175834,-0.73422138,-0.33734844,0.49264638,0.48728597,0.54767592,-0.23399218,-0.20598951
0.43802662,-0.45140574,0.78012294,-0.00996986,-0.04982743,0.02983979,-0.99826220,-0.56534014,0.18349011,0.41915288,0.57104429,-0.28027205,-0.00358149,-0.14462723,-0.09349783,-0.19940808,0.50746215,-0.45492836,0.08698013,0.10626108,0.01205203,-0.14464358,-0.35334648,0.56013664,-0.26694111,0.47601542,-0.72594951,-0.27304996,0.14643169,-0.81420574,-0.29585410,0.55406834,0.52638225,0.51576560,-0.21389698,-0.14385215
0.45502576,-0.45047729,0.78121489,-0.01355073,-0.05305291,0.02797048,-0.99810792,-0.56889659,0.14519264,0.40924474,0.43642305,-0.24147537,-0.02983707,-0.12266883,-0.10281854,-0.19655307,0.50530654,-0.46399708,0.09224225,0.10902360,0.00448096,-0.15176523,-0.36126638,0.56576583,-0.29473188,0.48038026,-0.74494962,-0.27151663,0.10053057,-0.88016200,-0.25578625,0.60293452,0.56043001,0.48516761,-0.19792592,-0.09560492
0.47304666,-0.44847179,0.78181747,-0.01356045,-0.05744816,0.02777750,-0.99786985,-0.57042726,0.11906561,0.39602984,0.35242738,-0.22333374,-0.04455615,-0.10560204,-0.10780595,-0.19051119,0.50982043,-0.47210364,0.09778518,0.11046129,0.00091714,-0.15984370,-0.35647726,0.57235500,-0.29616641,0.49087781,-0.75578454,-0.27129594,0.09249314,-0.92841910,-0.22156038,0.63386408,0.58241373,0.45895038,-0.18939280,-0.07285815
0.49234683,-0.44542429,0.78161272,-0.01334871,-0.06109376,0.03026497,-0.99758378,-0.56814153,0.10146859,0.38405878,0.32003889,-0.20833517,-0.04795894,-0.09375275,-0.11355304,-0.17925959,0.52411361,-0.47924183,0.10399562,0.10983854,-0.00262596,-0.16805975,-0.34232427,0.58225023,-0.27323822,0.51154404,-0.76529740,-0.26947692,0.09970391,-0.96157422,-0.19512156,0.64538483,0.59478427,0.43984472,-0.18676446,-0.06484159
0.51315182,-0.44129976,0.78056823,-0.01307816,-0.06268281,0.03634429,-0.99728578,-0.56086482,0.09007212,0.37461340,0.33207953,-0.19515859,-0.04070792,-0.08436522,-0.12175526,-0.16304456,0.54787175,-0.48471489,0.11096890,0.10828290,-0.00697530,-0.17490294,-0.32068328,0.59365664,-0.23424942,0.54135052,-0.78214356,-0.26615621,0.12304219,-0.97928088,-0.17810912,0.64340108,0.59840976,0.42918190,-0.18722399,-0.06649012
0.53461438,-0.43584357,0.77946575,-0.01440016,-0.06736093,0.04091101,-0.99678555,-0.55539130,0.08201600,0.37909907,0.35765991,-0.16837888,-0.02410474,-0.08159147,-0.13591567,-0.14724997,0.58259558,-0.48255048,0.11995088,0.10362237,-0.01326587,-0.18358314,-0.29585656,0.60585622,-0.19220071,0.57741481,-0.80499069,-0.26084732,0.15854072,-0.98020582,-0.17340436,0.63678401,0.59618966,0.42709031,-0.18924661,-0.07680683
0.55634578,-0.42933580,0.77961840,-0.02148404,-0.07292637,0.04130979,-0.99624981,-0.54543100,0.06617721,0.38926309,0.37781256,-0.13037628,-0.00292289,-0.08603680,-0.16139491,-0.13465004,0.63607940,-0.46380091,0.12810123,0.09544126,-0.02588435,-0.18844215,-0.27605485,0.61811395,-0.15456567,0.62033710,-0.82704118,-0.25655956,0.18035679,-0.96440309,-0.17942998,0.62675050,0.59543819,0.43089430,-0.18882163,-0.07959294
0.57862510,-0.42250462,0.77950612,-0.02738867,-0.07353300,0.04110997,-0.99606864,-0.53274816,0.04903102,0.39855789,0.41285867,-0.13834790,0.01735997,-0.09685031,-0.19264100,-0.12623000,0.71461842,-0.41885924,0.13387316,0.08891703,-0.03814956,-0.18634713,-0.26316482,0.62502444,-0.12656303,0.65910505,-0.84217315,-0.25388884,0.18960695,-0.93076157,-0.19410569,0.61325786,0.60185799,0.43932064,-0.18276334,-0.07005103
0.59942323,-0.41462601,0.77911632,-0.03128382,-0.07242189,0.03872835,-0.99613077,-0.51324760,0.02870311,0.40657658,0.43761293,-0.16796922,0.03619459,-0.12034790,-0.23157553,-0.12773860,0.81869114,-0.35096785,0.13250324,0.08196183,-0.04754603,-0.17907722,-0.26161679,0.62935805,-0.11127000,0.68613763,-0.84521753,-0.25413516,0.18763445,-0.88933375,-0.21405777,0.59818023,0.62045445,0.45096255,-0.17338143,-0.05716168
0.61949431,-0.40674888,0.77879229,-0.03461013,-0.06567890,0.03801854,-0.99651543,-0.47853320,0.00581137,0.40937880,0.44913332,-0.21024926,0.05662327,-0.15248351,-0.27637356,-0.13496500,0.93950391,-0.27295238,0.10916246,0.07631421,-0.05383758,-0.16286001,-0.27208561,0.62904730,-0.10445223,0.69729754,-0.82210293,-0.26194663,0.17652963,-0.84447622,-0.23634604,0.57580056,0.64666613,0.45906721,-0.15410481,-0.01793808
0.63881990,-0.39930574,0.77965853,-0.03638974,-0.06162553,0.03545258,-0.99680550,-0.43952664,-0.01651398,0.40533768,0.45236481,-0.25306712,0.07220206,-0.19033110,-0.32174191,-0.15201541,1.05127380,-0.21494642,0.07897043,0.06720614,-0.05565874,-0.14654661,-0.28707920,0.62577626,-0.11108803,0.67999631,-0.80473889,-0.27021575,0.17393631,-0.79694924,-0.26117495,0.55392502,0.66371074,0.47001725,-0.14616982,0.00371142
0.65769023,-0.39265711,0.78128494,-0.03483199,-0.05740725,0.03250633,-0.99721336,-0.39612893,-0.03622097,0.39572222,0.44516978,-0.28380606,0.08013757,-0.22781007,-0.36024824,-0.17697264,1.13616487,-0.21830423,0.04450891,0.05430715,-0.05479675,-0.12941314,-0.30913850,0.61712404,-0.12428004,0.64444089,-0.79276785,-0.28094146,0.17271237,-0.74206460,-0.28761728,0.53179844,0.65802353,0.48404919,-0.14716432,0.01285122
0.67592144,-0.38692111,0.78318548,-0.03356697,-0.04851157,0.02546924,-0.99793347,-0.34594967,-0.05724076,0.37931095,0.42948005,-0.30532713,0.08296687,-0.26331411,-0.37860143,-0.19416168,1.18786074,-0.24647499,0.02169190,0.03731245,-0.05405739,-0.10772622,-0.33799981,0.60110000,-0.14529117,0.59669241,-0.78229026,-0.29216975,0.17231101,-0.67745211,-0.31868785,0.50884061,0.62690359,0.49868352,-0.15449713,0.01785437
0.69336877,-0.38307343,0.78483905,-0.03224791,-0.04086823,0.01362661,-0.99855104,-0.29911182,-0.07685795,0.35620343,0.41400414,-0.32220661,0.08177910,-0.30131420,-0.37218696,-0.20312770,1.20311523,-0.28765599,0.01684152,0.01423185,-0.05197064,-0.08998168,-0.36574301,0.57722356,-0.16919530,0.54624754,-0.77765002,-0.30103273,0.16312596,-0.60698477,-0.35016237,0.49007397,0.58539768,0.50639588,-0.16475586,0.02292440
0.71057820,-0.38001687,0.78620540,-0.03052107,-0.03523653,0.00096418,-0.99891237,-0.25395692,-0.09323824,0.33109789,0.39768651,-0.33771107,0.07931195,-0.34263898,-0.35166608,-0.20931702,1.18681868,-0.32659440,0.02078365,-0.01034785,-0.04830221,-0.07492393,-0.39073555,0.54786272,-0.19278367,0.49892135,-0.77097014,-0.30960398,0.15170725,-0.53468431,-0.38134112,0.47345080,0.54638194,0.50104855,-0.17289665,0.03379024
0.72774671,-0.37725221,0.78706370,-0.02808840,-0.03081517,-0.00969467,-0.99908332,-0.21167570,-0.10538296,0.30717831,0.38365001,-0.35418443,0.07708046,-0.38591620,-0.32757821,-0.21838956,1.14402625,-0.34871424,0.02775443,-0.03340374,-0.04372765,-0.06234858,-0.40981883,0.51902096,-0.21598130,0.45581405,-0.75670997,-0.31571298,0.13347583,-0.46547578,-0.41206099,0.46037321,0.52162066,0.47602494,-0.17664074,0.05345737
0.74481457,-0.37464471,0.78666374,-0.02478672,-0.02794215,-0.01722263,-0.99915376,-0.17491007,-0.11151669,0.28632812,0.37500376,-0.37242728,0.07536121,-0.42854938,-0.30536901,-0.23547426,1.07674593,-0.36002277,0.03404353,-0.05221151,-0.03833372,-0.05260359,-0.42210033,0.49417346,-0.23535830,0.41928695,-0.72868609,-0.31785290,0.10897297,-0.40068914,-0.43994496,0.44889008,0.51703862,0.43078024,-0.17597665,0.08026384
0.76200096,-0.37242113,0.78597434,-0.01992631,-0.02595666,-0.02253527,-0.99921037,-0.14204524,-0.11119708,0.26895992,0.37128332,-0.39195390,0.07281704,-0.46518730,-0.28232287,-0.25895087,0.98449275,-0.35708035,0.04330133,-0.06503720,-0.03174514,-0.04368313,-0.42777353,0.47325323,-0.24922919,0.38921443,-0.68479701,-0.31571127,0.08200293,-0.33649101,-0.46341865,0.43400282,0.52912723,0.37409662,-0.17200817,0.11030732
0.77946727,-0.37062931,0.78526026,-0.01631428,-0.02429943,-0.02780766,-0.99918473,-0.11409267,-0.10626616,0.25457995,0.37276948,-0.41204416,0.06861187,-0.49339143,-0.25218879,-0.27852154,0.86471167,-0.33486778,0.06189953,-0.07323860,-0.02584116,-0.03670798,-0.42519588,0.45694117,-0.25600723,0.36713955,-0.62637492,-0.31129237,0.04849786,-0.27154201,-0.47933283,0.41485583,0.55524973,0.31501320,-0.16304299,0.14566350
0.79693920,-0.36922093,0.78519124,-0.01077950,-0.02467374,-0.03369468,-0.99906941,-0.09379857,-0.09560670,0.24140678,0.37967726,-0.43182876,0.06229489,-0.51020429,-0.21054344,-0.29289159,0.71228757,-0.29309820,0.09021765,-0.07741871,-0.01829892,-0.03398943,-0.41594505,0.44524029,-0.25694226,0.35560861,-0.55443900,-0.30650658,0.00717782,-0.20584941,-0.48836067,0.39078302,0.58920712,0.26048998,-0.15029761,0.18598719
0.81508770,-0.36827070,0.78632180,-0.00277298,-0.02830955,-0.03823207,-0.99886395,-0.08058333,-0.08049775,0.23063602,0.39087988,-0.45210593,0.05402809,-0.51569673,-0.16079778,-0.30315006,0.54038195,-0.24166996,0.12389975,-0.07742530,-0.00959608,-0.03713375,-0.40048265,0.44025822,-0.25500408,0.35530096,-0.47415337,-0.29966027,-0.04533403,-0.13999741,-0.49190582,0.36433362,0.62420677,0.21649418,-0.13472656,0.23037724
0.83427600,-0.36792733,0.78805845,0.00573748,-0.03551734,-0.03874147,-0.99860137,-0.07092016,-0.06416876,0.22304402,0.40324202,-0.47377471,0.04518897,-0.51035204,-0.11197330,-0.31111482,0.37584515,-0.19023626,0.15204704,-0.07281266,-0.00195426,-0.04598106,-0.37952830,0.44123646,-0.25402179,0.36660755,-0.39744709,-0.29078320,-0.10344004,-0.07548810,-0.49123071,0.33879332,0.65818350,0.18434297,-0.11710814,0.27644972
0.85453947,-0.36814579,0.78840454,0.00966336,-0.04241312,-0.04006108,-0.99824990,-0.06028117,-0.05192516,0.21524940,0.41694000,-0.49753498,0.03782211,-0.49932747,-0.07777852,-0.32613526,0.25690021,-0.15103775,0.16903726,-0.06828274,0.00151545,-0.05703678,-0.35273769,0.44548087,-0.25546625,0.38795656,-0.33557845,-0.27837353,-0.16019336,-0.01402446,-0.48717472,0.31583088,0.68988528,0.15996162,-0.10055731,0.31888338
0.87649144,-0.36878778,0.78694831,0.01105556,-0.04642229,-0.04258302,-0.99795262,-0.04340749,-0.04180475,0.20711495,0.43287883,-0.52386459,0.03191279,-0.49268199,-0.05883472,-0.33902878,0.22120399,-0.12403586,0.17222729,-0.06563437,0.00254758,-0.06607846,-0.31681776,0.44971616,-0.25813798,0.41799091,-0.29348176,-0.26220578,-0.20792020,0.04105670,-0.47841879,0.29711539,0.72384204,0.14505545,-0.08591782,0.35297206
0.89931575,-0.36957206,0.78467541,0.01311534,-0.04652729,-0.04843306,-0.99765597,-0.02010949,-0.03119516,0.19637021,0.45353543,-0.54871533,0.02555822,-0.48952469,-0.04836178,-0.33658207,0.25280124,-0.10225471,0.15956439,-0.06667758,0.00309297,-0.07020218,-0.27208373,0.44941249,-0.25812543,0.45924088,-0.27251957,-0.24831096,-0.23516396,0.08625606,-0.46397748,0.28143742,0.76574455,0.14345462,-0.07329186,0.37478907
0.92193724,-0.37055492,0.78213061,0.01734730,-0.04594350,-0.05379931,-0.99734342,0.00085264,-0.01564563,0.18585114,0.48950639,-0.56256734,0.01270942,-0.49375654,-0.04000807,-0.32295282,0.31731307,-0.07812737,0.14000197,-0.07015172,0.00526037,-0.07022310,-0.21977363,0.43973358,-0.24814373,0.51539869,-0.27109385,-0.23873089,-0.23984999,0.11387465,-0.44301984,0.26875533,0.82308230,0.15623198,-0.06281872,0.38249800
0.94515809,-0.37188401,0.77963400,0.02285479,-0.04227650,-0.05428712,-0.99736817,0.01531814,0.00613811,0.17787225,0.54767463,-0.55123851,-0.01155315,-0.49504276,-0.02920500,-0.30921040,0.39416981,-0.06722976,0.11489232,-0.07148381,0.00973396,-0.06655430,-0.16303503,0.41905297,-0.22450620,0.59212470,-0.28261696,-0.23333894,-0.22086475,0.11962095,-0.41683554,0.26010805,0.90082602,0.17743441,-0.05603727,0.37577780
0.96856309,-0.37381026,0.77730396,0.02716466,-0.04085322,-0.05097970,-0.99749394,0.00771331,0.03040069,0.16868415,0.63934694,-0.50264929,-0.04748728,-0.49078027,-0.01242512,-0.29732340,0.45540286,-0.09372176,0.08498911,-0.06700164,0.01349772,-0.06599165,-0.10790180,0.38996252,-0.19021303,0.68776568,-0.30341130,-0.22395937,-0.18590087,0.11127350,-0.38934324,0.25403824,0.98562263,0.19530455,-0.04976948,0.35789376
0.99088956,-0.37609753,0.77577289,0.03150722,-0.04013055,-0.04537399,-0.99766629,-0.02610453,0.06433517,0.16715686,0.76573359,-0.42544991,-0.08116541,-0.47651643,0.00877815,-0.28979054,0.48931889,-0.13374391,0.05594544,-0.05680155,0.01507454,-0.06719415,-0.06365555,0.35775289,-0.14645395,0.80091474,-0.32359269,-0.21192467,-0.14923217,0.08928648,-0.36423638,0.25203136,1.07061188,0.20352207,-0.04771606,0.33577919
1.01257092,-0.37789949,0.77594154,0.03751777,-0.04200927,-0.03791642,-0.99769233,-0.08241640,0.11100244,0.17555050,0.90822409,-0.33422672,-0.09583304,-0.45159928,0.03295981,-0.28336076,0.49404982,-0.17648303,0.02442214,-0.03994880,0.01497736,-0.07141375,-0.03026137,0.33013915,-0.10200104,0.91620051,-0.33149039,-0.19418921,-0.12187519,0.06746101,-0.34815313,0.25188875,1.13031232,0.19854234,-0.04678048,0.31556502
1.03282570,-0.37880244,0.77742671,0.04174734,-0.04535739,-0.03349422,-0.99753597,-0.15508897,0.16847477,0.19579151,1.04443282,-0.27008974,-0.08214903,-0.42480897,0.05275104,-0.27586172,0.48499611,-0.21414367,-0.00176786,-0.02240883,0.01197616,-0.07536088,-0.00767874,0.31155205,-0.06279906,1.02300713,-0.32017381,-0.17458120,-0.11161171,0.04478776,-0.34443674,0.25481883,1.15764168,0.18571381,-0.04691922,0.30445881
1.05172794,-0.37968532,0.77970311,0.03975733,-0.04806352,-0.03445000,-0.99745799,-0.22999463,0.23974379,0.23896604,1.15036554,-0.27189664,-0.03625947,-0.39693565,0.06274733,-0.26792412,0.47067269,-0.24054289,-0.01661081,-0.00798327,0.00355968,-0.07533871,0.01296731,0.30208980,-0.03569451,1.10697202,-0.28966216,-0.15852049,-0.11588745,0.01981112,-0.35208740,0.26016532,1.15581631,0.16998143,-0.04934580,0.30194171
1.06942630,-0.37993818,0.78161452,0.03755258,-0.05120933,-0.03275549,-0.99744398,-0.30817199,0.29727434,0.27352720,1.21417247,-0.29721051,0.00908836,-0.37087982,0.06963069,-0.25567681,0.45523197,-0.25966840,-0.02527880,0.00744716,-0.00679729,-0.07256627,0.03545022,0.29753254,-0.02447148,1.16708681,-0.25067532,-0.14948186,-0.12669561,-0.00721201,-0.36683689,0.26818350,1.13176654,0.15896252,-0.05464895,0.29854280
1.08654266,-0.37842982,0.78308940,0.03587569,-0.05508044,-0.02429144,-0.99754148,-0.38751935,0.32363485,0.28847680,1.22929726,-0.32962609,0.03496099,-0.34967000,0.07397723,-0.23754377,0.44770558,-0.27763106,-0.02716500,0.02600265,-0.01850650,-0.06909614,0.06166525,0.29332624,-0.02674801,1.20416590,-0.21542106,-0.14818090,-0.14001743,-0.03461198,-0.38432986,0.27704433,1.09386439,0.15603406,-0.06192024,0.29098651
1.10398343,-0.37595983,0.78430280,0.03284096,-0.05643631,-0.01380086,-0.99777049,-0.45875947,0.32707230,0.29374605,1.19797133,-0.35323828,0.04152281,-0.32925673,0.07469143,-0.21612131,0.44908054,-0.30059434,-0.02644078,0.04674956,-0.03127422,-0.06577282,0.09446231,0.28867530,-0.03872309,1.21641708,-0.18789794,-0.15031428,-0.15697512,-0.05669796,-0.40248627,0.28434742,1.04658563,0.16095912,-0.07110652,0.28017580
1.12162972,-0.37326352,0.78548503,0.02865026,-0.05679625,-0.00484052,-0.99796288,-0.51889996,0.31935881,0.29713115,1.12653354,-0.35809602,0.03459657,-0.30635968,0.07305634,-0.19366418,0.45116246,-0.32568214,-0.02489716,0.06739713,-0.04351683,-0.06269011,0.12717067,0.28435373,-0.05136359,1.21301199,-0.16761337,-0.15396742,-0.18109699,-0.07480053,-0.42061752,0.28975221,0.99436665,0.17126067,-0.08082059,0.27012359
1.13956206,-0.36992590,0.78614010,0.02484976,-0.05690677,0.00195193,-0.99806828,-0.56495645,0.30857640,0.30443228,1.01926113,-0.35170471,0.02100893,-0.27903251,0.06798322,-0.17332090,0.44892037,-0.34999366,-0.02099035,0.08501463,-0.05404749,-0.06006224,0.15610141,0.27954658,-0.05918035,1.20192019,-0.15625873,-0.15710314,-0.20734729,-0.08943455,-0.43805348,0.29360877,0.94192571,0.18141147,-0.09081373,0.26233930
1.15775263,-0.36593798,0.78604314,0.02079794,-0.05691332,0.00789691,-0.99813123,-0.59385457,0.29108761,0.30784310,0.87529998,-0.33215086,0.00495219,-0.24824721,0.05794570,-0.15607673,0.44065809,-0.37157518,-0.01405142,0.09821457,-0.06397860,-0.05756919,0.17733892,0.27471160,-0.06130164,1.19037777,-0.15060111,-0.15841870,-0.23006199,-0.10243537,-0.45373580,0.29710262,0.89418388,0.18860908,-0.09995658,0.25721693
1.17603235,-0.36140147,0.78596699,0.01692136,-0.05745797,0.01327332,-0.99811626,-0.61026646,0.26456882,0.29948853,0.70729162,-0.30582971,-0.01449377,-0.21989692,0.04491904,-0.14161663,0.43213472,-0.39172959,-0.00594611,0.10700872,-0.07221410,-0.05736029,0.19002304,0.26937298,-0.05938864,1.18302887,-0.14843184,-0.15893459,-0.24148620,-0.11443052,-0.46602021,0.30243057,0.85550189,0.19063237,-0.10860512,0.25244809
1.19432151,-0.35632718,0.78654774,0.01134594,-0.06009423,0.01783016,-0.99796896,-0.61494583,0.22790235,0.27601547,0.53792749,-0.27902883,-0.03674523,-0.19878645,0.02824045,-0.12845897,0.43259968,-0.41457692,0.00169743,0.11146252,-0.08007775,-0.05988133,0.19479917,0.26472193,-0.05701654,1.17976855,-0.15108227,-0.15918405,-0.24070125,-0.12627363,-0.47441794,0.31064615,0.82766470,0.18916852,-0.11557053,0.24865856
1.21294550,-0.35080633,0.78729924,0.00417070,-0.06469137,0.02115217,-0.99767240,-0.60821214,0.18796511,0.24289372,0.39414135,-0.25481093,-0.05061052,-0.18460262,0.00913331,-0.11555950,0.44475215,-0.44241643,0.00643229,0.11175390,-0.08777320,-0.06510529,0.19288230,0.26370166,-0.05700598,1.17929539,-0.15291699,-0.15958450,-0.23508409,-0.13803091,-0.47904109,0.32145697,0.81129594,0.18530333,-0.11891389,0.24900389
1.23319839,-0.34445280,0.78585842,0.00165702,-0.06959971,0.02621879,-0.99722902,-0.60426006,0.16110082,0.22075983,0.32045609,-0.23908459,-0.06007352,-0.17582308,-0.00725416,-0.10191666,0.46824897,-0.47528403,0.00699814,0.10963067,-0.09180242,-0.07535852,0.18906905,0.26665829,-0.05917903,1.17899823,-0.15298776,-0.16127488,-0.22715744,-0.14584430,-0.47992787,0.33405579,0.80507665,0.17882576,-0.12015880,0.25158639
1.25435540,-0.33731176,0.78312150,-0.00076927,-0.07048166,0.03222479,-0.99699213,-0.59835227,0.13969948,0.20615583,0.31198559,-0.22043543,-0.06340909,-0.16585576,-0.02566182,-0.08762850,0.49892036,-0.50982757,0.00566645,0.10539662,-0.09574357,-0.08423632,0.17969704,0.27472500,-0.06123981,1.17968754,-0.15409956,-0.16279747,-0.21988963,-0.15027911,-0.47728918,0.34429095,0.80773892,0.17237352,-0.11824669,0.25640454
1.27579304,-0.32906965,0.77930484,-0.00318168,-0.07201303,0.03766174,-0.99668731,-0.60068207,0.12330344,0.19809386,0.35204585,-0.19294464,-0.05705607,-0.15696302,-0.04598099,-0.07395634,0.53563594,-0.53953418,0.00437443,0.10038923,-0.09873192,-0.09318093,0.16420778,0.28552498,-0.06162693,1.18173699,-0.15575055,-0.16430459,-0.20981682,-0.14582163,-0.47114947,0.34866044,0.81641246,0.16768760,-0.11575138,0.25865228
1.29691707,-0.31999972,0.77658278,-0.00880139,-0.07611730,0.04057498,-0.99623409,-0.60794345,0.10691163,0.19886766,0.40754913,-0.15820022,-0.04441315,-0.15255604,-0.07155154,-0.06383425,0.58114975,-0.55407508,0.00917418,0.09443530,-0.10266008,-0.10115064,0.14040962,0.29682588,-0.06015868,1.18618433,-0.16051558,-0.16730130,-0.18959832,-0.13170939,-0.46055023,0.34506801,0.83200599,0.16653766,-0.11516058,0.25223862
1.31864804,-0.31093941,0.77520180,-0.01432201,-0.07647054,0.04169986,-0.99609651,-0.60863233,0.08979771,0.20769571,0.46905096,-0.14574532,-0.02508905,-0.15098485,-0.10270898,-0.05872927,0.64350466,-0.54206955,0.02171777,0.08994839,-0.10568134,-0.10182308,0.10757851,0.30677099,-0.05833757,1.19166661,-0.16784874,-0.17071785,-0.16146080,-0.10960857,-0.44482454,0.33174536,0.85791430,0.16578096,-0.11406712,0.24272753
1.33969900,-0.30118225,0.77451743,-0.01741782,-0.07517592,0.04187923,-0.99613821,-0.59777328,0.06911489,0.21798685,0.51141214,-0.16240637,0.00116551,-0.16153976,-0.13936730,-0.06082247,0.72973235,-0.49491861,0.03737633,0.08612845,-0.10409868,-0.09699631,0.06793530,0.31255584,-0.05626877,1.19203621,-0.17985647,-0.17502392,-0.12432455,-0.08680611,-0.42726470,0.31435104,0.89505767,0.16303005,-0.11307440,0.23456865
1.35997388,-0.29138514,0.77521011,-0.02109517,-0.07354332,0.04308353,-0.99613763,-0.56851773,0.04572761,0.23193692,0.52190066,-0.19194350,0.02760120,-0.18795399,-0.18674491,-0.07663817,0.84012199,-0.42125371,0.04767641,0.08042504,-0.09935716,-0.08960830,0.02771609,0.31550167,-0.05380514,1.18186029,-0.19808400,-0.18116913,-0.08788148,-0.06930206,-0.41052685,0.29843555,0.94181209,0.15428162,-0.11043967,0.23563106
1.37957973,-0.28248517,0.77787507,-0.02686935,-0.06981718,0.04734293,-0.99607341,-0.52538075,0.02227350,0.24750994,0.51166344,-0.22551909,0.04636368,-0.22799317,-0.24566400,-0.10641707,0.96489663,-0.33646837,0.04314345,0.07164393,-0.09353087,-0.07896411,-0.01020476,0.31981824,-0.05356887,1.15823132,-0.22125965,-0.18885342,-0.06366276,-0.06010092,-0.39702498,0.28654662,0.99259460,0.13959681,-0.10605241,0.25125391
1.39826292,-0.27441045,0.78138755,-0.02938482,-0.06893516,0.05175804,-0.99584416,-0.48093576,0.00240998,0.25938613,0.48982899,-0.25345940,0.05577354,-0.27765612,-0.30537406,-0.14637370,1.07818089,-0.27896176,0.02052866,0.05753064,-0.08556114,-0.07015312,-0.04423944,0.32952924,-0.05686460,1.12165419,-0.24428228,-0.19786991,-0.05392988,-0.05256208,-0.38749081,0.27955912,1.03427003,0.12711299,-0.10139902,0.27159859
1.41658957,-0.26733872,0.78435991,-0.02859700,-0.06800089,0.05435827,-0.99579278,-0.43785675,-0.01271974,0.26715405,0.46753076,-0.27436214,0.05643019,-0.32574794,-0.35084555,-0.18696520,1.15986817,-0.26848986,-0.00520009,0.03862422,-0.07651595,-0.06178735,-0.07447846,0.34428926,-0.06401752,1.07702001,-0.25901484,-0.20707671,-0.05628449,-0.03933997,-0.37888051,0.27375232,1.06119568,0.12001491,-0.09727690,0.28819241
1.43409406,-0.26158249,0.78627407,-0.02855731,-0.06538465,0.05274721,-0.99605575,-0.39764780,-0.02744388,0.26895346,0.44917333,-0.29075980,0.05403578,-0.37199871,-0.37066892,-0.21547494,1.20477285,-0.27241772,-0.01595563,0.01541746,-0.06871006,-0.05114532,-0.10434367,0.36157898,-0.07260974,1.03066117,-0.26533593,-0.21579016,-0.06155395,-0.02179301,-0.36865032,0.26644665,1.07687625,0.12108285,-0.09505790,0.29732785
1.45101015,-0.25743880,0.78762119,-0.02811738,-0.06142528,0.04882784,-0.99652004,-0.35919396,-0.04071418,0.26589627,0.43425586,-0.30609166,0.04985145,-0.41511423,-0.36415768,-0.23333911,1.21001537,-0.28465581,-0.00879731,-0.00899889,-0.06152839,-0.03877874,-0.13486725,0.37789992,-0.07939987,0.98772813,-0.26790030,-0.22216499,-0.06001565,-0.00144391,-0.35597697,0.25892064,1.08459640,0.12856334,-0.09422108,0.29775133
1.46783197,-0.25472951,0.78835298,-0.02767161,-0.05774069,0.04424428,-0.99696677,-0.32332683,-0.05228066,0.26140871,0.42529398,-0.32363697,0.04573893,-0.45433709,-0.34419446,-0.24932291,1.18106118,-0.29631458,0.00890069,-0.03210144,-0.05523462,-0.02798790,-0.16314100,0.38789757,-0.08419943,0.95217272,-0.27025640,-0.22862834,-0.04682372,0.02103534,-0.34262156,0.25531205,1.08862634,0.13674910,-0.09459393,0.29226048
1.48442751,-0.25261962,0.78838684,-0.02734459,-0.05527865,0.04214575,-0.99720624,-0.28971845,-0.06108082,0.25836320,0.41919419,-0.34303259,0.04280908,-0.49098725,-0.32148000,-0.26909038,1.12380988,-0.30134932,0.02757023,-0.05158604,-0.04957844,-0.01881388,-0.18956879,0.39185719,-0.08669890,0.92539242,-0.27436962,-0.23649097,-0.02591189,0.04026308,-0.33006989,0.25687769,1.09262774,0.14149166,-0.09601877,0.28625586
1.50111450,-0.25135424,0.78754036,-0.02630764,-0.05376206,0.04291348,-0.99728430,-0.25809673,-0.06522916,0.25797429,0.41487688,-0.36365944,0.03938893,-0.52186378,-0.30086043,-0.29808044,1.04111010,-0.30455733,0.04254901,-0.06712947,-0.04349156,-0.01256903,-0.21149337,0.39145163,-0.08928898,0.90633523,-0.27815975,-0.24445854,-0.00725042,0.05606225,-0.31867215,0.26360751,1.09737563,0.14118470,-0.09717091,0.28347714
1.51777945,-0.25087693,0.78686262,-0.02470821,-0.05349503,0.04510771,-0.99724274,-0.22959608,-0.06428715,0.26073684,0.41224220,-0.38357408,0.03454052,-0.54538156,-0.27858170,-0.33269110,0.93354002,-0.30189421,0.05701707,-0.07917258,-0.03634517,-0.01000623,-0.22709064,0.38796605,-0.09403511,0.89327453,-0.27886304,-0.25225537,0.00256127,0.06842265,-0.30801189,0.27335483,1.10331259,0.13656348,-0.09737517,0.28458693
1.53441284,-0.25111572,0.78645042,-0.02148142,-0.05392276,0.04825926,-0.99714689,-0.20388263,-0.05738881,0.26662239,0.41067666,-0.40191127,0.02749853,-0.55827565,-0.24719613,-0.36835610,0.79701034,-0.28672011,0.07623165,-0.08754941,-0.02709005,-0.01028463,-0.23669125,0.38249741,-0.10098949,0.88588205,-0.27619179,-0.25843937,-0.00051963,0.07650780,-0.29732481,0.28244898,1.11002892,0.12969561,-0.09637828,0.28984226
1.55133315,-0.25195854,0.78635325,-0.01863338,-0.05624515,0.05253776,-0.99685960,-0.18246810,-0.04800993,0.27621693,0.41113545,-0.41933787,0.01913638,-0.56318429,-0.21102098,-0.40549873,0.64157418,-0.26110080,0.10026417,-0.09231869,-0.01808204,-0.01654707,-0.23821428,0.37418224,-0.10995019,0.88390425,-0.27050379,-0.26179030,-0.01391226,0.08345453,-0.28649417,0.28845881,1.11511408,0.12365010,-0.09401906,0.29705120
1.56844766,-0.25324460,0.78742731,-0.01415933,-0.06095549,0.06042781,-0.99620903,-0.16429888,-0.03654509,0.28924215,0.41236281,-0.43660800,0.00999678,-0.55803946,-0.17154259,-0.44650720,0.47452210,-0.22660937,0.12180117,-0.09255771,-0.00858880,-0.02789375,-0.23470490,0.36286129,-0.11864830,0.89003034,-0.25921155,-0.26384901,-0.03284309,0.08823790,-0.27676554,0.29002926,1.11737231,0.12055551,-0.09118321,0.30488092
1.58624073,-0.25521296,0.78897031,-0.01219941,-0.06723157,0.06995261,-0.99520738,-0.14640160,-0.02863910,0.30324243,0.41314018,-0.45488519,0.00228215,-0.54531348,-0.13807771,-0.49048772,0.32200195,-0.18960608,0.13607483,-0.09119382,-0.00163699,-0.04382927,-0.22616514,0.34830444,-0.12605847,0.90531573,-0.24407029,-0.26252602,-0.05661667,0.09170464,-0.26881621,0.28722214,1.11631180,0.12038984,-0.08792278,0.31376194
1.60513862,-0.25801290,0.78935749,-0.01513834,-0.07339081,0.07857726,-0.99408764,-0.12770425,-0.02679930,0.31527317,0.41597628,-0.47573516,-0.00306134,-0.53663824,-0.12081735,-0.53394353,0.22589792,-0.16144067,0.14391084,-0.09121543,0.00176525,-0.06375869,-0.21112289,0.33006748,-0.13166387,0.92882308,-0.22626705,-0.25692303,-0.08373366,0.09498041,-0.26266842,0.28113856,1.11309914,0.12120750,-0.08520817,0.32245513
1.62520529,-0.26177602,0.78932230,-0.01664736,-0.07700211,0.08369760,-0.99337216,-0.10515490,-0.02450714,0.32201292,0.42100606,-0.49698024,-0.00758702,-0.52394872,-0.10967431,-0.56317915,0.17792729,-0.13186997,0.14120396,-0.09476856,0.00764169,-0.08236410,-0.19300236,0.30927010,-0.13503281,0.96305503,-0.20675041,-0.24798239,-0.11585157,0.09494879,-0.25942621,0.27310402,1.10980364,0.12259702,-0.08205269,0.33160650
1.64642058,-0.26650573,0.78811856,-0.01592860,-0.07814378,0.08670869,-0.99303647,-0.08048898,-0.01741628,0.32516845,0.43567510,-0.51714983,-0.01354741,-0.51490337,-0.10590709,-0.57540618,0.18983800,-0.10714649,0.12603094,-0.10113365,0.01805687,-0.09829854,-0.16968764,0.28650900,-0.13735120,1.00496894,-0.18664131,-0.23661279,-0.15031526,0.09119894,-0.25885989,0.26637133,1.10917430,0.12367749,-0.07886497,0.33868572
1.66776447,-0.27202923,0.78628557,-0.01208208,-0.07981383,0.09075351,-0.99259638,-0.06100086,0.00042257,0.32757994,0.47126684,-0.52737395,-0.02542454,-0.51026659,-0.10197220,-0.57548894,0.23186353,-0.08050836,0.10125156,-0.10655879,0.03451439,-0.11138470,-0.14147926,0.26284304,-0.13932247,1.05248672,-0.16511698,-0.22373388,-0.18772986,0.08224107,-0.26047004,0.26130056,1.11340238,0.12418758,-0.07521438,0.34279268
1.68917570,-0.27846261,0.78462928,-0.00442084,-0.08048801,0.09774893,-0.99194117,-0.05181539,0.03049244,0.32764452,0.53918947,-0.51380867,-0.04827487,-0.50449718,-0.08799108,-0.55831722,0.28576309,-0.06675563,0.07320701,-0.10723200,0.05621198,-0.11960698,-0.10894338,0.24022230,-0.14308340,1.10259280,-0.14265483,-0.20903193,-0.22606710,0.06756995,-0.26251060,0.25812599,1.12349333,0.12503882,-0.07042646,0.34279672
1.71068905,-0.28608894,0.78338829,0.00354883,-0.07820325,0.10886119,-0.99096968,-0.05934261,0.06612849,0.32042805,0.64486684,-0.46956971,-0.08072389,-0.49623560,-0.06661428,-0.53467708,0.34351783,-0.08659710,0.04113647,-0.10114633,0.07660315,-0.12329047,-0.07244425,0.22299431,-0.15146076,1.14713868,-0.12150019,-0.19121087,-0.26197527,0.04884887,-0.26382883,0.25721385,1.13481592,0.12956822,-0.06393413,0.33852705
1.73108880,-0.29465429,0.78195797,0.00943913,-0.07424072,0.12330150,-0.98954331,-0.08675626,0.10813691,0.30937730,0.78124989,-0.40014159,-0.10875612,-0.48177745,-0.03970605,-0.50863047,0.38760307,-0.12686797,0.01006786,-0.08964654,0.08978066,-0.12367130,-0.03507678,0.21415541,-0.16418051,1.17966078,-0.10278305,-0.17245242,-0.29462889,0.02853803,-0.26398636,0.25807778,1.13942869,0.14018303,-0.05784615,0.33106327
1.75013707,-0.30340021,0.78091464,0.01579524,-0.07003031,0.14001714,-0.98754315,-0.13048251,0.15681536,0.29606402,0.92641161,-0.31820100,-0.11956130,-0.45829155,-0.00862030,-0.48175812,0.41061010,-0.17248620,-0.01864973,-0.07421528,0.09509825,-0.12150294,-0.00011843,0.21531135,-0.17601143,1.19607354,-0.08941860,-0.15536735,-0.32185093,0.00768439,-0.26450296,0.26115725,1.13147944,0.15425529,-0.05330680,0.32229411
1.76784529,-0.31106042,0.78126957,0.01829866,-0.06917401,0.15519738,-0.98528873,-0.18324828,0.21218190,0.29557353,1.05155720,-0.26920580,-0.09978676,-0.43234062,0.01802219,-0.45408611,0.41604838,-0.21013876,-0.03962049,-0.05832763,0.09168678,-0.12142958,0.03251888,0.22417709,-0.18221556,1.19653017,-0.07467096,-0.14413616,-0.33847895,-0.01221575,-0.26837712,0.26567443,1.10820763,0.16685642,-0.05161297,0.31444857
1.78453398,-0.31867488,0.78267865,0.01569961,-0.06843984,0.16535219,-0.98373175,-0.23573155,0.27996560,0.31734819,1.14240382,-0.26951060,-0.05068576,-0.40419943,0.03675299,-0.42634414,0.41016549,-0.23449819,-0.04784801,-0.04513618,0.08136920,-0.12114259,0.06066585,0.23541495,-0.17928167,1.18941060,-0.05974128,-0.14137936,-0.33689527,-0.03265026,-0.27612314,0.27017900,1.07486983,0.17595799,-0.05532393,0.30436197
1.80051586,-0.32569739,0.78439262,0.01260899,-0.06727315,0.17976612,-0.98132537,-0.29018523,0.33339767,0.33173792,1.19121314,-0.28898306,-0.00237035,-0.37492978,0.05409769,-0.39381017,0.39686884,-0.24832678,-0.04916643,-0.02922815,0.06845634,-0.11951854,0.08397615,0.24538278,-0.16747722,1.18104165,-0.05365303,-0.14385268,-0.31479129,-0.05394639,-0.28585419,0.27498692,1.03572479,0.18290030,-0.06252921,0.28865867
1.81614450,-0.33130542,0.78636862,0.01049652,-0.06577738,0.20095688,-0.97733285,-0.34710322,0.35653095,0.32678028,1.19643266,-0.31955349,0.02863175,-0.34713847,0.07018340,-0.35376528,0.38426142,-0.25740919,-0.04493210,-0.00951403,0.05469700,-0.11628744,0.10236805,0.25142251,-0.15398143,1.17554628,-0.05527319,-0.14899478,-0.27756703,-0.07402582,-0.29506704,0.27929300,0.99423998,0.19113927,-0.07113082,0.26728242
1.83142974,-0.33610736,0.78799678,0.00863954,-0.06269575,0.22443099,-0.97243269,-0.40331890,0.35394872,0.30501463,1.16653220,-0.34183552,0.03824011,-0.32261518,0.08294957,-0.30942070,0.38249388,-0.27063337,-0.03982459,0.01111920,0.04163091,-0.11184972,0.11719296,0.25375986,-0.14454162,1.17349838,-0.06431868,-0.15444354,-0.23767142,-0.09002162,-0.30180234,0.28411618,0.95525303,0.20303359,-0.08078689,0.24200777
1.84662526,-0.34074648,0.78920432,0.00497165,-0.05958700,0.24726019,-0.96710241,-0.45596959,0.33431332,0.27661923,1.10664806,-0.35195368,0.03401420,-0.30160910,0.09097896,-0.26306568,0.38864861,-0.28833773,-0.03603411,0.02962507,0.02775260,-0.10756886,0.12793770,0.25522246,-0.13832895,1.17229113,-0.07659256,-0.15780115,-0.20893426,-0.10284253,-0.30541003,0.28844931,0.91972973,0.21718316,-0.08862581,0.21913356
1.86203482,-0.34524920,0.78981272,-0.00028143,-0.05666523,0.26831855,-0.96166217,-0.50116559,0.30924205,0.25342032,1.02176272,-0.35639111,0.02488252,-0.28384067,0.09259415,-0.21760829,0.40139142,-0.31008204,-0.03226991,0.04245802,0.01293862,-0.10415478,0.13496713,0.25713127,-0.13387064,1.17032623,-0.08688185,-0.15934189,-0.19790848,-0.11212749,-0.30580655,0.29209827,0.89046402,0.23043435,-0.09382491,0.20518587
1.87750059,-0.34975199,0.79003539,-0.00562540,-0.05393281,0.28721882,-0.95632889,-0.53691530,0.28237150,0.23503388,0.91502469,-0.35258509,0.01612426,-0.26849155,0.08827114,-0.17558842,0.41748648,-0.33368640,-0.02788815,0.04853494,-0.00213002,-0.10210922,0.13868002,0.25960611,-0.12955261,1.16681420,-0.09351636,-0.15991358,-0.19800020,-0.11788738,-0.30361147,0.29579804,0.86895468,0.23796429,-0.09825597,0.19855530
1.89300855,-0.35438183,0.79037709,-0.01227425,-0.05164953,0.30346097,-0.95136381,-0.55975140,0.24934392,0.21387736,0.78180598,-0.33828669,0.00758627,-0.25453190,0.07840015,-0.13677249,0.43220577,-0.35662680,-0.02216274,0.04921085,-0.01851927,-0.10137276,0.13769259,0.26215932,-0.12394618,1.16271561,-0.10039646,-0.15931211,-0.19925760,-0.12079772,-0.29903316,0.29980176,0.85670750,0.23984639,-0.10215787,0.19496776
1.90880026,-0.35901131,0.79045114,-0.01881109,-0.05065440,0.31941888,-0.94607180,-0.57322537,0.20931999,0.17874189,0.63481652,-0.31877209,-0.00514765,-0.24379303,0.06674393,-0.09923258,0.44765759,-0.37976559,-0.01563152,0.04760606,-0.03339643,-0.10429177,0.13511029,0.26271152,-0.11819083,1.15818396,-0.10774931,-0.15944159,-0.19311754,-0.11841523,-0.29280031,0.30604106,0.85542488,0.23682584,-0.10496510,0.19234865
1.92487821,-0.36378242,0.79054607,-0.02756428,-0.05015649,0.33503392,-0.94046627,-0.57514369,0.16058666,0.12440954,0.48639714,-0.29545269,-0.02290284,-0.23551828,0.05295536,-0.06155707,0.46388808,-0.40338928,-0.00789553,0.04486600,-0.04818594,-0.11010407,0.13058793,0.26215436,-0.11413827,1.15439610,-0.11347938,-0.16115923,-0.17911756,-0.11246570,-0.28520722,0.31376638,0.86730139,0.23040681,-0.10656798,0.19185905
1.94177037,-0.36891102,0.78994331,-0.03465883,-0.05013206,0.35194642,-0.93403387,-0.56717780,0.11342389,0.05354604,0.36330847,-0.26969252,-0.04525701,-0.22745121,0.04141355,-0.02152025,0.48051516,-0.42736753,-0.00119037,0.04430980,-0.06005950,-0.11784981,0.12508731,0.26107223,-0.11244151,1.15152668,-0.11845877,-0.16360242,-0.16417747,-0.10267667,-0.27712664,0.32161305,0.89274999,0.22162571,-0.10549186,0.19537289
1.96019961,-0.37421469,0.78719050,-0.03907672,-0.05198427,0.37035876,-0.92660943,-0.56348446,0.07688940,-0.01113692,0.30322043,-0.25298924,-0.06528265,-0.22270808,0.03309735,0.02028671,0.50340203,-0.45382843,0.00306372,0.04517481,-0.06755538,-0.12890284,0.12031616,0.25919241,-0.11283256,1.15025454,-0.12198942,-0.16748561,-0.15262042,-0.08843468,-0.26940931,0.32904499,0.93069979,0.20904016,-0.10333957,0.20351172
1.97965067,-0.37943378,0.78377794,-0.04173391,-0.05116759,0.38982656,-0.91851805,-0.55610654,0.04955945,-0.05610118,0.29755842,-0.23624601,-0.07900681,-0.21465433,0.02463552,0.06002640,0.52867300,-0.48125806,0.00446473,0.04638026,-0.07244000,-0.13673634,0.11112517,0.25830037,-0.11556426,1.15388197,-0.12526263,-0.17045926,-0.14666199,-0.07411212,-0.26230376,0.32988759,0.98248424,0.19377964,-0.10103159,0.21628016
1.99996318,-0.38422561,0.77974699,-0.04408081,-0.04997190,0.41029592,-0.90951468,-0.55441721,0.02993128,-0.08111232,0.34069933,-0.21546728,-0.08717723,-0.20766553,0.01488413,0.09505187,0.55952273,-0.50851994,0.00330427,0.04811435,-0.07468635,-0.14228652,0.09746759,0.25705025,-0.12252684,1.16249658,-0.12868851,-0.17143004,-0.14371558,-0.05660761,-0.25615500,0.32284283,1.03941035,0.18084601,-0.09672996,0.22426615
2.02026953,-0.38877976,0.77672944,-0.04726959,-0.04969321,0.42535339,-0.90242488,-0.55991008,0.02037471,-0.07109262,0.40555913,-0.20101993,-0.08698063,-0.20311583,-0.00015064,0.11776637,0.59371799,-0.52989885,0.00541609,0.04497514,-0.07617307,-0.14573046,0.07718993,0.25620394,-0.13490627,1.17696849,-0.12961929,-0.17207091,-0.14240478,-0.03570967,-0.25110676,0.30694015,1.09590980,0.17370332,-0.09318874,0.22463541
2.04078310,-0.39447892,0.77544218,-0.04811977,-0.04776748,0.43688263,-0.89695949,-0.55973193,0.01687187,-0.04123350,0.46763841,-0.20544517,-0.08063177,-0.19736408,-0.02002234,0.12818739,0.62935521,-0.53772388,0.01770775,0.03783272,-0.07600522,-0.14445890,0.05120127,0.25695733,-0.15433371,1.19481958,-0.12481708,-0.17216972,-0.14202475,-0.01195693,-0.24750952,0.28115078,1.14757573,0.17231737,-0.08910964,0.22011209
2.05977825,-0.39813752,0.77471100,-0.05020105,-0.04760502,0.45015335,-0.89026714,-0.55282667,0.01403087,-0.00506391,0.50728241,-0.22240318,-0.06564139,-0.20382048,-0.03989088,0.13721113,0.67717264,-0.52139406,0.04437724,0.02898927,-0.07474590,-0.14113269,0.01983192,0.25807730,-0.17680338,1.21117963,-0.11528979,-0.17099272,-0.14929845,0.01160626,-0.24665846,0.25271408,1.18738957,0.17595840,-0.08415656,0.21691080
2.07789762,-0.40172470,0.77608996,-0.05342561,-0.04824198,0.46217316,-0.88386333,-0.53395826,0.01046823,0.03299487,0.51789582,-0.24259665,-0.04431199,-0.22278315,-0.05995350,0.14383938,0.73981955,-0.47578401,0.08379779,0.01401419,-0.07182561,-0.13786775,-0.00972271,0.26116439,-0.19797143,1.21978007,-0.10105251,-0.17189432,-0.15898706,0.03322327,-0.25004844,0.22863194,1.21435417,0.17298494,-0.08078637,0.22260584
2.09446755,-0.40585067,0.77939351,-0.05626602,-0.04665516,0.47528008,-0.87679318,-0.50306884,0.00721766,0.07027938,0.50949959,-0.26314208,-0.02438925,-0.25467643,-0.08638014,0.14040704,0.81948270,-0.41360893,0.12022536,-0.00397199,-0.06764744,-0.13246606,-0.03418138,0.26847499,-0.21464157,1.21583079,-0.08971861,-0.17523312,-0.16903693,0.05005791,-0.25813677,0.21176930,1.22639553,0.16460892,-0.07930818,0.24137285
2.10920753,-0.41024267,0.78316285,-0.05771373,-0.04625919,0.48936231,-0.86893829,-0.46992139,0.00758886,0.10624664,0.49435274,-0.28184722,-0.00986537,-0.30047923,-0.12463322,0.11448698,0.90970999,-0.35066123,0.13835323,-0.02559929,-0.06075035,-0.12806532,-0.04997072,0.28129767,-0.22531066,1.19684006,-0.08820985,-0.18136883,-0.17661997,0.06488099,-0.26925922,0.20497597,1.22001819,0.15512515,-0.08096656,0.26514778
2.12303978,-0.41500451,0.78631257,-0.05822965,-0.04514887,0.50793958,-0.85823556,-0.43573280,0.01358688,0.14573302,0.48018015,-0.29988393,-0.00414934,-0.35150253,-0.18378491,0.05662089,0.99356605,-0.31197922,0.12725416,-0.04813145,-0.05286521,-0.12432182,-0.05784116,0.30111064,-0.23224754,1.16841980,-0.09358691,-0.19078963,-0.18259568,0.07917132,-0.28008244,0.20455793,1.20131917,0.14888265,-0.08546931,0.28778491
2.13617499,-0.41950004,0.78869867,-0.05740077,-0.04547108,0.52867351,-0.84566060,-0.40135041,0.02405206,0.18717757,0.46423482,-0.31415615,-0.00671025,-0.40077199,-0.25784355,-0.02725411,1.05463905,-0.30737679,0.08805119,-0.07023146,-0.04377529,-0.11926657,-0.06609666,0.32881038,-0.23668928,1.13968328,-0.10379349,-0.19989485,-0.18959923,0.08861810,-0.28899559,0.20461534,1.17928470,0.15066104,-0.08901960,0.30568774
2.14761474,-0.42409378,0.79074407,-0.05535479,-0.04741395,0.54491509,-0.83531749,-0.36987544,0.03473811,0.22416802,0.44823441,-0.32503598,-0.01178462,-0.44266222,-0.31669790,-0.10683905,1.08515342,-0.31402942,0.05208442,-0.09565259,-0.03457438,-0.11443426,-0.07733733,0.36160606,-0.23893474,1.12031964,-0.10826924,-0.20700318,-0.19803597,0.09520909,-0.29274355,0.20355019,1.16185129,0.15725676,-0.09036446,0.31454349
2.15701226,-0.42996053,0.79231719,-0.05402542,-0.04745149,0.55797732,-0.82673510,-0.33958257,0.04255731,0.25792966,0.43430827,-0.33435745,-0.01767483,-0.47667621,-0.34486218,-0.16235682,1.08384510,-0.32074044,0.03706793,-0.12125876,-0.02881388,-0.11058198,-0.09112776,0.39484214,-0.23935752,1.11495360,-0.10130806,-0.21000442,-0.20262516,0.10200256,-0.28918738,0.20091484,1.15350551,0.16527982,-0.09008792,0.31444479
2.16500100,-0.43665132,0.79364930,-0.05323755,-0.04567778,0.57186035,-0.81734634,-0.30867535,0.04751979,0.29060900,0.42065677,-0.34349248,-0.02127769,-0.50529437,-0.34402769,-0.19316740,1.05459041,-0.32123753,0.04320457,-0.14336891,-0.02687514,-0.10675716,-0.10893796,0.42595405,-0.23634878,1.12537242,-0.08767641,-0.20936770,-0.20070054,0.10738409,-0.27929801,0.20024943,1.15346947,0.17284398,-0.08850664,0.30579583
2.17168795,-0.44346648,0.79408196,-0.05401939,-0.04404895,0.58483120,-0.80815473,-0.28068442,0.05029954,0.32219454,0.41187982,-0.35544600,-0.02166081,-0.53065214,-0.32622650,-0.20998862,1.00520545,-0.31667308,0.06373784,-0.16208786,-0.02671310,-0.10606997,-0.12728798,0.45004574,-0.22698590,1.15037214,-0.07052630,-0.20721356,-0.19664092,0.11400544,-0.26790352,0.20305268,1.15949163,0.17363969,-0.08614952,0.30172697
2.17768378,-0.45076320,0.79408037,-0.05481358,-0.04278358,0.59899287,-0.79772964,-0.25067967,0.05232183,0.35701826,0.40029016,-0.36762894,-0.02079406,-0.55077219,-0.30968749,-0.23368952,0.94076326,-0.30995531,0.08681772,-0.17554875,-0.02643297,-0.10656897,-0.14376830,0.46750808,-0.21141601,1.18206946,-0.05494431,-0.20460959,-0.19338770,0.11980174,-0.25912407,0.21175982,1.16736594,0.16325262,-0.08329733,0.30609547
2.18292607,-0.45866865,0.79347730,-0.05604640,-0.04111137,0.61501389,-0.78544674,-0.21751315,0.05365535,0.39653911,0.38144889,-0.37652033,-0.02075221,-0.56362930,-0.30486887,-0.27975617,0.86606744,-0.30321728,0.10002590,-0.18401002,-0.02535469,-0.10792979,-0.15596446,0.47931293,-0.19101500,1.21349590,-0.04557144,-0.20466305,-0.19019376,0.12262640,-0.25351406,0.22084630,1.17631920,0.14774057,-0.08119046,0.31834942
2.18706969,-0.46696044,0.79286114,-0.05780718,-0.04015261,0.63277885,-0.77112711,-0.18373589,0.05458741,0.44130020,0.35536884,-0.38073694,-0.02280412,-0.56707176,-0.30906335,-0.35608010,0.78120955,-0.29285394,0.10390703,-0.18714297,-0.02279834,-0.11147682,-0.16129897,0.48475409,-0.16758865,1.23751781,-0.04370222,-0.20881842,-0.18135826,0.12196202,-0.25041245,0.22624150,1.18598871,0.12971322,-0.08122189,0.33017633
2.19005611,-0.47549237,0.79198346,-0.06193133,-0.04054234,0.65140139,-0.75511394,-0.15312137,0.05510871,0.49139980,0.32670906,-0.38201993,-0.02619850,-0.56030331,-0.31291284,-0.46170632,0.68426281,-0.27651104,0.10023464,-0.18380375,-0.02013696,-0.11816509,-0.15830396,0.48628364,-0.14686120,1.24578278,-0.04744147,-0.21375844,-0.17225792,0.11871402,-0.24813076,0.22604063,1.19418744,0.11695290,-0.08178238,0.33547232
2.19175827,-0.48417534,0.79202486,-0.06746889,-0.04370996,0.67170405,-0.73644487,-0.12848411,0.05649383,0.54469865,0.30086694,-0.38231997,-0.02989567,-0.54488959,-0.30945291,-0.58629163,0.57979913,-0.25148643,0.08776996,-0.17409542,-0.01731832,-0.12847212,-0.14810798,0.48509004,-0.13137142,1.23794746,-0.05485880,-0.21768176,-0.17303804,0.11335556,-0.24587972,0.22016715,1.20053795,0.11174119,-0.08161082,0.33638207
2.19206535,-0.49296931,0.79269963,-0.07613178,-0.04811712,0.69284741,-0.71543774,-0.11209583,0.05806721,0.59598688,0.28475600,-0.38534952,-0.03225133,-0.52448890,-0.29515653,-0.70933354,0.47640431,-0.22073865,0.07268729,-0.16136064,-0.01571871,-0.14175950,-0.13242889,0.47915817,-0.12125592,1.21661850,-0.07090955,-0.22131758,-0.17313672,0.10777098,-0.24396183,0.21295569,1.20148261,0.11356375,-0.08234412,0.32791918
2.19095806,-0.50231979,0.79366344,-0.08409628,-0.05146189,0.71154786,-0.69568609,-0.10123947,0.06166899,0.63777415,0.28324441,-0.39352740,-0.03355063,-0.50127373,-0.26789737,-0.80589052,0.38162590,-0.18873693,0.05673944,-0.15022613,-0.01454998,-0.15401341,-0.11281526,0.46985207,-0.11697340,1.18463546,-0.09207519,-0.22372346,-0.17777086,0.10304167,-0.24317503,0.20688391,1.19478573,0.12036672,-0.08251274,0.31737711
2.18893756,-0.51282464,0.79365722,-0.09121855,-0.05186821,0.72324962,-0.68256784,-0.09336813,0.06586904,0.66379905,0.29560579,-0.40609128,-0.03286356,-0.48911855,-0.24110165,-0.84133504,0.32491757,-0.16209356,0.04382515,-0.14594968,-0.01414477,-0.16392026,-0.09198939,0.45676050,-0.11637384,1.14897940,-0.11229545,-0.22621395,-0.18373562,0.09905592,-0.24304217,0.20422100,1.18212120,0.12954161,-0.08220269,0.30861672
2.18578209,-0.52452639,0.79336968,-0.09441746,-0.05200560,0.73030666,-0.67456130,-0.08696255,0.07582354,0.67494937,0.32320766,-0.42206474,-0.03194859,-0.48047814,-0.21076561,-0.82487555,0.29069750,-0.14825157,0.03297092,-0.14679765,-0.01109869,-0.16922830,-0.06899239,0.44054739,-0.11704547,1.11001584,-0.13201873,-0.22691468,-0.18865025,0.09361815,-0.24518315,0.20627195,1.16546624,0.13920629,-0.08067549,0.30140891
2.18170793,-0.53690017,0.79337637,-0.09586137,-0.05180065,0.73907127,-0.66475631,-0.08091304,0.09364932,0.67875947,0.36645738,-0.43620368,-0.03268725,-0.47278502,-0.18599550,-0.79517479,0.27752714,-0.14343885,0.02269393,-0.14770664,-0.00561809,-0.17049226,-0.04406755,0.42105626,-0.11612715,1.07322427,-0.14602826,-0.22523531,-0.19461124,0.08378391,-0.24958106,0.21047565,1.15008868,0.14344575,-0.07845923,0.29574187
2.17661494,-0.54969176,0.79446197,-0.09511443,-0.05135194,0.74916537,-0.65350400,-0.07634773,0.12241531,0.68085379,0.43054992,-0.44367417,-0.03535318,-0.46390627,-0.16335394,-0.75511957,0.28105558,-0.14889558,0.02052064,-0.14637506,0.00168870,-0.16706984,-0.01783947,0.39723972,-0.11358943,1.04293507,-0.15778718,-0.22044213,-0.19830114,0.06706652,-0.25540358,0.21628134,1.13977027,0.14269098,-0.07529875,0.29025074
2.16875044,-0.56286830,0.79572676,-0.09190637,-0.05061164,0.76109784,-0.64009511,-0.07651844,0.16557992,0.67967964,0.52220977,-0.43486852,-0.04269337,-0.44950298,-0.13663458,-0.71732750,0.29007396,-0.16631061,0.01852716,-0.14095923,0.00930809,-0.15967016,0.00965997,0.37149260,-0.11284118,1.02184832,-0.17255027,-0.21210091,-0.19708333,0.04402630,-0.26153457,0.22391341,1.13344472,0.14116898,-0.07224450,0.28018741
2.15908277,-0.57647456,0.79625882,-0.08699770,-0.04862617,0.77381386,-0.62552299,-0.08560548,0.21904252,0.66804721,0.64085287,-0.39765836,-0.05192030,-0.42775469,-0.10416769,-0.68314987,0.29614116,-0.19049703,0.01148275,-0.13128997,0.01491664,-0.15063928,0.03703851,0.34815641,-0.11820291,1.01027440,-0.18728137,-0.20064995,-0.19863019,0.01896591,-0.26661510,0.23304411,1.12558659,0.14360102,-0.06991283,0.26848762
2.14969729,-0.58876033,0.79572601,-0.08026505,-0.04518045,0.78922832,-0.60715312,-0.10934925,0.27953342,0.64037974,0.78553408,-0.34054441,-0.05411889,-0.40029294,-0.06476861,-0.64290934,0.29427591,-0.21430888,0.00037508,-0.11540620,0.01749607,-0.13974569,0.06032574,0.33258101,-0.12906049,1.00595033,-0.19529128,-0.18577269,-0.21331353,-0.00689011,-0.27191063,0.24245092,1.11028193,0.15054551,-0.06638449,0.26333975
2.13986276,-0.60061946,0.79518127,-0.07383195,-0.04313613,0.80621492,-0.58541065,-0.14871786,0.33497397,0.59320028,0.92971594,-0.26787013,-0.04726637,-0.37289843,-0.02162108,-0.59558757,0.28750986,-0.23385107,-0.01621728,-0.09407347,0.01829057,-0.13139081,0.07981820,0.32555459,-0.14319027,1.00784046,-0.18848368,-0.17082364,-0.23587292,-0.02868754,-0.27880842,0.25503744,1.08264294,0.15776917,-0.06521422,0.26229150
2.13038747,-0.61178168,0.79419910,-0.06819811,-0.04276184,0.82524671,-0.55900654,-0.20235062,0.37520265,0.53135166,1.05401284,-0.20736952,-0.02766098,-0.34903780,0.02245704,-0.53827250,0.27770206,-0.24692975,-0.03364799,-0.06730883,0.01830344,-0.12578269,0.09606550,0.32345830,-0.15580496,1.01385217,-0.17031430,-0.15597134,-0.25697612,-0.04977477,-0.28817860,0.27097869,1.04707035,0.16495737,-0.06575480,0.26310341
2.12183701,-0.62213203,0.79329616,-0.06736170,-0.04131973,0.84312481,-0.53187935,-0.26179262,0.39699362,0.47368329,1.14032026,-0.19888486,-0.00239628,-0.33051935,0.05972738,-0.47541072,0.26643881,-0.25219691,-0.04152322,-0.03965025,0.01419661,-0.12345236,0.10720332,0.32075208,-0.16279204,1.02803507,-0.14986418,-0.14337933,-0.26045589,-0.07541052,-0.29787319,0.28627938,1.01324029,0.16841238,-0.06740488,0.25871479
2.11412279,-0.63150743,0.79295421,-0.06925203,-0.03836780,0.86139895,-0.50172096,-0.32264976,0.40086886,0.42467065,1.18337931,-0.21809396,0.01851034,-0.31728615,0.08975000,-0.40548655,0.25825128,-0.25279205,-0.04099465,-0.01374444,0.00689169,-0.12208728,0.11395414,0.31314646,-0.16502728,1.05488720,-0.14418160,-0.13725684,-0.24014362,-0.10901857,-0.30511109,0.30349521,0.99007111,0.17017876,-0.07206963,0.24275585
2.10671720,-0.64028778,0.79365429,-0.07327343,-0.03413346,0.87932285,-0.46931570,-0.38101028,0.39223410,0.38896684,1.18812933,-0.25417589,0.03895895,-0.30801736,0.11074300,-0.33641593,0.25827304,-0.25354575,-0.03446472,0.00823629,-0.00379551,-0.12106833,0.11554719,0.30332402,-0.16988588,1.09266264,-0.14748015,-0.13457327,-0.21070981,-0.15052846,-0.30691675,0.31993780,0.98244498,0.17253834,-0.07652942,0.21978190
2.09914348,-0.64887457,0.79461820,-0.07820000,-0.02832366,0.89532523,-0.43757886,-0.43329351,0.37703469,0.36725916,1.16130175,-0.29520631,0.05906881,-0.30038429,0.12240014,-0.27477502,0.26893615,-0.25753228,-0.02433863,0.02435331,-0.01710906,-0.11930228,0.11221478,0.29550358,-0.18199031,1.13475833,-0.14630916,-0.13328408,-0.18994984,-0.19606238,-0.30159422,0.33396414,0.98821535,0.17678974,-0.07865330,0.19839378
2.09106525,-0.65803345,0.79522977,-0.08097314,-0.02071299,0.91008246,-0.40591161,-0.47834404,0.35233795,0.34860100,1.10849884,-0.32473631,0.07390805,-0.29081947,0.12925836,-0.21579341,0.28832344,-0.26528167,-0.01297929,0.03603785,-0.03058582,-0.11574870,0.10683163,0.29235192,-0.20233884,1.17222135,-0.13190460,-0.13236490,-0.18745607,-0.23991055,-0.28870939,0.34558048,1.00229561,0.18272627,-0.07810340,0.18493847
2.08323808,-0.66806787,0.79525201,-0.08189388,-0.01213111,0.92329904,-0.37505349,-0.51660323,0.31324268,0.32530129,1.03115927,-0.34103865,0.08014257,-0.27930566,0.13290856,-0.15493801,0.31262528,-0.27797480,-0.00267440,0.04394388,-0.04373686,-0.11133324,0.09968656,0.29344243,-0.22889144,1.19910061,-0.10514846,-0.13162043,-0.20285331,-0.27689284,-0.27080749,0.35630999,1.01772839,0.18769860,-0.07500608,0.18304311
2.07431444,-0.67863101,0.79458340,-0.08129236,-0.00444257,0.93553682,-0.34371889,-0.54801433,0.26168537,0.29261066,0.93194502,-0.34206209,0.07260875,-0.26539069,0.13548942,-0.09538299,0.33843520,-0.29382121,0.00657309,0.04913325,-0.05514135,-0.10697924,0.09236838,0.29661159,-0.25546113,1.21359919,-0.07644675,-0.13144429,-0.21936779,-0.30262010,-0.25123549,0.36989888,1.02810515,0.18890968,-0.07250840,0.18751561
2.06472810,-0.68924548,0.79386721,-0.08141333,0.00265538,0.94620350,-0.31315133,-0.57356465,0.20102888,0.25190371,0.81156038,-0.32505690,0.05366875,-0.25219072,0.13651471,-0.03775090,0.36400099,-0.31066830,0.01576283,0.05125891,-0.06504546,-0.10554693,0.08473572,0.29945313,-0.27432433,1.21765215,-0.05765431,-0.13369321,-0.22623864,-0.31416063,-0.23299584,0.38697804,1.02974803,0.18634111,-0.07250895,0.19429358
2.05425309,-0.69978627,0.79383768,-0.08266010,0.01072747,0.95433087,-0.28688817,-0.59008872,0.13741432,0.20911218,0.66995001,-0.29264063,0.02852185,-0.23927414,0.13406027,0.01439815,0.38586427,-0.32723951,0.02569589,0.04916144,-0.07422525,-0.10709608,0.07447787,0.30158818,-0.28340001,1.21491589,-0.05184276,-0.13726718,-0.21937538,-0.31167903,-0.21928595,0.40601947,1.02204813,0.18060970,-0.07552786,0.20123880
2.04291445,-0.71023794,0.79396007,-0.08526400,0.01675744,0.96048965,-0.26440285,-0.59948585,0.08241889,0.17315986,0.52070963,-0.25350840,0.00120031,-0.22666374,0.13114307,0.05850555,0.40212548,-0.34105645,0.03738008,0.04435769,-0.07991904,-0.11361022,0.06199984,0.30286384,-0.28258668,1.20946067,-0.05412780,-0.14381413,-0.20415290,-0.29509910,-0.21155996,0.42458282,1.00807105,0.17409469,-0.07994760,0.20995427
2.03053567,-0.72083846,0.79415728,-0.09009639,0.01987817,0.96546523,-0.24364809,-0.60215516,0.03993927,0.14724200,0.38004467,-0.21620953,-0.02465948,-0.21365992,0.12932618,0.09679531,0.41147621,-0.35169157,0.05123186,0.03892627,-0.08198620,-0.12497272,0.04728602,0.30468385,-0.27477736,1.20138709,-0.06145901,-0.15047701,-0.18604193,-0.26790684,-0.20957252,0.43978523,0.99424346,0.16608017,-0.08385868,0.22151708
2.01745550,-0.73208685,0.79358784,-0.09305669,0.02141722,0.97053467,-0.22123338,-0.60001849,0.00858419,0.12041166,0.27336248,-0.18744167,-0.04473374,-0.19780886,0.13012404,0.13397858,0.41888450,-0.36102738,0.06781013,0.03697443,-0.08125598,-0.13659689,0.03021426,0.30718055,-0.26223489,1.19255906,-0.07224812,-0.15675046,-0.16825624,-0.23368670,-0.21186096,0.44952873,0.98710617,0.15755459,-0.08610407,0.23323604
2.00345912,-0.74376530,0.79179154,-0.09567139,0.02096645,0.97507195,-0.19910323,-0.60218421,-0.01219720,0.09605682,0.22491479,-0.16629901,-0.05469888,-0.18304819,0.13271058,0.16928601,0.43108516,-0.37494329,0.07864028,0.03611898,-0.07952247,-0.14889636,0.01260863,0.31059395,-0.24767151,1.18361310,-0.08752835,-0.16208010,-0.15169151,-0.19631229,-0.21460637,0.45219390,0.99458730,0.15385003,-0.08448547,0.24258544
1.98874062,-0.75568317,0.79002135,-0.09661341,0.02123959,0.97941987,-0.17593021,-0.60524713,-0.02969978,0.06524135,0.23446784,-0.14590337,-0.05641329,-0.16739742,0.13341750,0.20225153,0.45176330,-0.39187588,0.08513017,0.03630030,-0.08097711,-0.15706151,-0.00731932,0.31646354,-0.23531026,1.17582390,-0.10739568,-0.16485391,-0.13588711,-0.15971860,-0.21717026,0.44509914,1.01910359,0.15258103,-0.07864164,0.24814328
1.97351504,-0.76765698,0.78880229,-0.09702386,0.02417131,0.98326659,-0.15227910,-0.61283714,-0.04588432,0.03112787,0.29041017,-0.11915132,-0.05059776,-0.15552053,0.12947615,0.23090703,0.48922073,-0.40620277,0.09250011,0.03596370,-0.08805163,-0.16113029,-0.02894048,0.32404847,-0.22699316,1.17113190,-0.12648376,-0.16624054,-0.12017508,-0.12426036,-0.21724988,0.42593559,1.06054353,0.15766616,-0.06995441,0.24466347
1.95809000,-0.77920868,0.78845805,-0.09633186,0.02967067,0.98571267,-0.13494578,-0.61814726,-0.05371262,0.03212823,0.36478710,-0.11568249,-0.03426633,-0.14953508,0.11734564,0.24656471,0.54626146,-0.40911014,0.11112032,0.03127578,-0.10174242,-0.16004871,-0.05517133,0.33405527,-0.22421457,1.17328911,-0.13820741,-0.16801361,-0.11027436,-0.09214300,-0.21530292,0.39382760,1.11755668,0.16342390,-0.06156535,0.23649737
1.94181437,-0.79078635,0.78753975,-0.09244396,0.03598225,0.98790573,-0.11917075,-0.60971715,-0.05784788,0.04639530,0.43267050,-0.14147008,-0.01683869,-0.15080987,0.10608566,0.24930322,0.62621474,-0.38293748,0.14240294,0.02672814,-0.11757739,-0.15319849,-0.08523783,0.34578238,-0.22833688,1.18170761,-0.14056290,-0.16929525,-0.10632205,-0.06219169,-0.21417657,0.35424447,1.18036228,0.16776844,-0.05381820,0.22879246
1.92627137,-0.80190071,0.78673842,-0.08897601,0.04116961,0.98962066,-0.10506795,-0.58549547,-0.05998810,0.07117690,0.46984158,-0.17568616,0.00808886,-0.16780424,0.09429866,0.23801390,0.72841107,-0.31751428,0.18810639,0.02087010,-0.13083408,-0.14535323,-0.11729592,0.35606769,-0.23372361,1.19482916,-0.13473211,-0.16970647,-0.10996267,-0.03530514,-0.21813240,0.31675554,1.23764858,0.16590940,-0.04865531,0.22922742
1.91108908,-0.81191255,0.78651836,-0.08462530,0.04654955,0.99116777,-0.09087434,-0.54423776,-0.06183920,0.10177548,0.47468733,-0.21428626,0.03399571,-0.20138272,0.07238125,0.21063241,0.84837729,-0.22658468,0.23265053,0.01312105,-0.14014546,-0.13620211,-0.14755023,0.36398190,-0.23552341,1.20737600,-0.12444346,-0.17163533,-0.12022146,-0.01407578,-0.23053401,0.29034088,1.28059935,0.14656006,-0.04724437,0.24556893
1.89506535,-0.81598197,0.78637351,-0.07986688,0.04490504,0.99294927,-0.07521010,-0.49701221,-0.05643966,0.12644836,0.46669543,-0.24913842,0.04810840,-0.24763505,0.04607097,0.16111253,0.96832259,-0.13046229,0.24771573,0.00188773,-0.14109355,-0.12916602,-0.16757604,0.37100742,-0.23324014,1.20996020,-0.11749271,-0.17489714,-0.12977685,0.00593895,-0.24903837,0.28117718,1.29855560,0.11855468,-0.04846567,0.27137502
1.88130365,-0.82619038,0.78564842,-0.07680471,0.04815768,0.99418813,-0.05806756,-0.44984577,-0.05707866,0.15536341,0.44974926,-0.27495402,0.05802121,-0.30494275,-0.01093966,0.10294851,1.07551059,-0.08452897,0.24397572,-0.01483775,-0.13948672,-0.12482813,-0.17808320,0.37392248,-0.22968009,1.20267010,-0.11479143,-0.17988626,-0.13562926,0.02550412,-0.27200404,0.28235017,1.29197920,0.08989584,-0.05344316,0.29668771
1.86746646,-0.83592857,0.78460552,-0.07383685,0.05164474,0.99509182,-0.04090483,-0.40531075,-0.05804724,0.18400615,0.43357824,-0.29764175,0.06144944,-0.36415369,-0.08070929,0.03799092,1.15615582,-0.09721321,0.20743374,-0.03489851,-0.13600637,-0.12172250,-0.18051339,0.37674480,-0.22808369,1.18620681,-0.11289343,-0.18500675,-0.13702365,0.04417753,-0.29203903,0.28513430,1.26941489,0.07636819,-0.06051027,0.31119039
1.85343626,-0.84186225,0.78462992,-0.07098726,0.05209003,0.99568483,-0.02931144,-0.36274831,-0.05713695,0.20632681,0.41612484,-0.31598105,0.06074080,-0.41970180,-0.12419301,-0.00894107,1.19844988,-0.12633334,0.17911710,-0.05877805,-0.12920502,-0.11654443,-0.18267486,0.38117476,-0.22813387,1.16684886,-0.11252243,-0.18924790,-0.13581529,0.05683190,-0.30595264,0.28385378,1.24066435,0.08215129,-0.06683509,0.31363469
1.83943991,-0.84658269,0.78564145,-0.06830937,0.05123089,0.99615331,-0.01969284,-0.32305522,-0.05573997,0.22570952,0.40211053,-0.33514473,0.05988858,-0.47115092,-0.14738684,-0.03880300,1.20271804,-0.16427014,0.16561923,-0.08228636,-0.12101267,-0.11021794,-0.18490856,0.38449220,-0.23048047,1.14892168,-0.11223608,-0.19220732,-0.13423347,0.06355072,-0.31109240,0.27997254,1.21514227,0.09928853,-0.07233612,0.30507290
1.82535368,-0.85068093,0.78747935,-0.06552910,0.04953843,0.99658728,-0.00810433,-0.28492010,-0.05001044,0.24354931,0.39170353,-0.35645045,0.05812893,-0.51617596,-0.16140325,-0.07011691,1.17051954,-0.19796679,0.15195801,-0.10194178,-0.11065602,-0.10305517,-0.18769626,0.38634686,-0.23383437,1.13550805,-0.11032681,-0.19525263,-0.13346351,0.06386784,-0.30796972,0.27780197,1.19667885,0.11870876,-0.07632678,0.29095215
1.81105134,-0.85406553,0.78874532,-0.06207741,0.04505968,0.99703774,0.00563624,-0.24521827,-0.04016965,0.26145025,0.38072316,-0.37823248,0.05548966,-0.55110566,-0.17251906,-0.11045300,1.10276184,-0.21996016,0.14052037,-0.11636022,-0.09707183,-0.09378582,-0.19328243,0.38561065,-0.23833175,1.12903056,-0.10721790,-0.19612183,-0.13911114,0.05684124,-0.29868349,0.28064947,1.18712152,0.13113291,-0.07792050,0.27917354
1.79625820,-0.85644375,0.78875611,-0.06001521,0.04209549,0.99714484,0.01811920,-0.20558563,-0.03039503,0.28137886,0.36791210,-0.39859566,0.05095624,-0.57630707,-0.18551951,-0.16090651,1.00321561,-0.23627102,0.13209562,-0.12671118,-0.08398428,-0.08786001,-0.19642276,0.38097543,-0.24620470,1.12796881,-0.09876564,-0.19615945,-0.15334933,0.04791181,-0.28292272,0.28816844,1.18721922,0.13225904,-0.07847227,0.27324903
1.78108715,-0.85771257,0.78899106,-0.05902026,0.03816580,0.99707624,0.02998243,-0.16691443,-0.01786265,0.30256192,0.35138522,-0.41522575,0.04283132,-0.58820733,-0.18987714,-0.21688746,0.86594919,-0.23779046,0.13128196,-0.13254189,-0.06886694,-0.08543830,-0.19818115,0.37137619,-0.25558968,1.13416842,-0.08554846,-0.19648234,-0.17137858,0.03751509,-0.26141390,0.29838040,1.19418044,0.12752152,-0.07644513,0.27307096
1.76516234,-0.85792883,0.79003102,-0.05828678,0.03384481,0.99678305,0.04336741,-0.12939445,-0.00595613,0.32656450,0.33188306,-0.42914135,0.03354758,-0.58615503,-0.18044565,-0.27116205,0.69426203,-0.21962360,0.14314249,-0.13148602,-0.05517790,-0.08696539,-0.19785868,0.35824971,-0.26760766,1.14384506,-0.06821200,-0.19645463,-0.19520717,0.02825283,-0.23548146,0.31026448,1.20408972,0.11604772,-0.07233866,0.27904582
1.74905065,-0.85708887,0.79206613,-0.06189841,0.02891146,0.99609189,0.05597918,-0.09758192,0.00444701,0.35114780,0.31364097,-0.44191445,0.02362318,-0.57405894,-0.15957818,-0.32079316,0.50841291,-0.18807456,0.16229119,-0.12609909,-0.04345154,-0.09539144,-0.19359394,0.34223937,-0.28023722,1.15432886,-0.04913602,-0.19801314,-0.22036229,0.02299849,-0.20747940,0.32100835,1.21455716,0.10265689,-0.06724388,0.28778944
1.73268767,-0.85590339,0.79436701,-0.06953619,0.02499016,0.99497775,0.06752400,-0.07171439,0.01336061,0.37344766,0.30115174,-0.45612199,0.01528343,-0.55302198,-0.13448074,-0.36261257,0.33286163,-0.14653923,0.17365404,-0.11800889,-0.03324417,-0.10824557,-0.18583982,0.32466522,-0.29062438,1.16263082,-0.03199122,-0.20002559,-0.24275662,0.02102296,-0.18155979,0.32728045,1.22413343,0.09711491,-0.06069147,0.29716123
1.71524017,-0.85471479,0.79513432,-0.07424400,0.02857029,0.99365500,0.07950664,-0.04637595,0.01596907,0.39220470,0.29635481,-0.47445984,0.01180638,-0.53085277,-0.12011724,-0.40243489,0.21440884,-0.10549565,0.17882316,-0.10839050,-0.02840280,-0.12094087,-0.17424043,0.30612279,-0.29526082,1.16683310,-0.01790430,-0.20146245,-0.26348302,0.02047132,-0.16285711,0.32497284,1.23684642,0.09402861,-0.05456456,0.30603975
1.69561718,-0.85074586,0.79371999,-0.07498526,0.02766532,0.99320068,0.08464184,-0.02352685,0.02551809,0.40025945,0.30773040,-0.49788190,0.00714246,-0.51568061,-0.11143703,-0.43102961,0.18380942,-0.07607980,0.16967210,-0.10436945,-0.01885339,-0.13068105,-0.15586389,0.28588220,-0.29237222,1.16601243,-0.01322675,-0.19914792,-0.27900545,0.02053228,-0.15391883,0.31442969,1.25320541,0.10538243,-0.04832305,0.31203639
1.67608972,-0.84565235,0.79152492,-0.07595778,0.02250554,0.99307584,0.08674263,-0.00598550,0.04235334,0.40082414,0.33451062,-0.52080563,0.00328541,-0.51186680,-0.10455907,-0.44127169,0.20983987,-0.04689619,0.14682145,-0.10438741,-0.00403345,-0.13611229,-0.13347506,0.26326906,-0.27937313,1.16205622,-0.01987907,-0.19391416,-0.28432659,0.01495136,-0.15702657,0.30822720,1.26610497,0.11219078,-0.04358206,0.31830416
1.65674307,-0.84036440,0.78937670,-0.07849068,0.01522446,0.99274726,0.08977926,0.00550592,0.06524898,0.39951995,0.37647025,-0.53679427,-0.00268805,-0.51971037,-0.09597863,-0.43173797,0.27139777,-0.03665929,0.12204238,-0.10683204,0.01461624,-0.13755132,-0.10683076,0.23806042,-0.25971427,1.15719456,-0.03677370,-0.18643518,-0.28184771,0.00254963,-0.17231431,0.32085024,1.26971354,0.08697220,-0.04312013,0.32561833
1.63698564,-0.83434504,0.78688622,-0.08024262,0.00911434,0.99210656,0.09593026,0.01020740,0.09396572,0.39813824,0.43688808,-0.53740243,-0.01431126,-0.52750402,-0.08353779,-0.41449832,0.34081739,-0.05438131,0.09675753,-0.11112949,0.03355292,-0.13469241,-0.07794963,0.21393370,-0.24143340,1.15438889,-0.06110084,-0.17745110,-0.27584383,-0.01674997,-0.19254739,0.34619179,1.26531183,0.04811940,-0.04529690,0.32937054
1.61822768,-0.82737325,0.78525438,-0.08174983,0.00678586,0.99116247,0.10424912,0.00107446,0.12506730,0.39381720,0.52322210,-0.50710741,-0.02896142,-0.52713925,-0.06633996,-0.39521619,0.39009165,-0.08883207,0.07476346,-0.11464775,0.04722465,-0.12988108,-0.05119961,0.19635882,-0.23434498,1.15589498,-0.08137421,-0.16810909,-0.27657642,-0.04086525,-0.21046577,0.37175565,1.25617501,0.01622668,-0.04757824,0.33007890
1.60019479,-0.81931872,0.78520468,-0.08177792,0.00517897,0.99012519,0.11374383,-0.02497611,0.16166516,0.38278675,0.63997144,-0.44598893,-0.04350444,-0.51207547,-0.04246429,-0.37759980,0.41249055,-0.12786849,0.05451194,-0.11465381,0.05548212,-0.12382584,-0.02954557,0.19006640,-0.24397879,1.16145748,-0.08835486,-0.15775207,-0.28993478,-0.06475881,-0.22193860,0.38790503,1.24296187,0.00808021,-0.04751358,0.32771179
1.58305614,-0.81117274,0.78635753,-0.08011310,-0.00164336,0.98924601,0.12235818,-0.06829665,0.20879888,0.36536047,0.78214584,-0.36903705,-0.05173569,-0.48200032,-0.01159531,-0.36344924,0.40936085,-0.16202953,0.03230310,-0.10906273,0.06152502,-0.11649779,-0.01583488,0.19633173,-0.26470329,1.16764232,-0.07847608,-0.14707435,-0.31494100,-0.08573980,-0.22705846,0.39170659,1.22446838,0.03068418,-0.04439183,0.32294049
1.56644766,-0.80421034,0.78791310,-0.07967785,-0.00944562,0.98774603,0.13386561,-0.12661833,0.25710812,0.34556263,0.92477425,-0.29106047,-0.04414583,-0.44823556,0.02113511,-0.34671264,0.39193816,-0.18511684,0.01261603,-0.09587913,0.06526484,-0.11214382,-0.00847650,0.21027531,-0.28316769,1.17066179,-0.06019706,-0.13637615,-0.33902684,-0.10426158,-0.22956801,0.39225828,1.20040880,0.06429514,-0.04249786,0.31721327
1.55064902,-0.79836854,0.78907821,-0.08008502,-0.01341155,0.98600238,0.14562224,-0.19187682,0.30332764,0.33535665,1.04419189,-0.25951617,-0.02041744,-0.41485386,0.04952662,-0.32635036,0.36700613,-0.19925023,0.00011723,-0.07860646,0.06519590,-0.10907649,-0.00770058,0.22585205,-0.28555086,1.17124042,-0.04923407,-0.12905844,-0.34497072,-0.12802012,-0.23286379,0.39634740,1.17417621,0.08910986,-0.04200766,0.31081973
1.53536316,-0.79340510,0.78981493,-0.07987406,-0.01233136,0.98423857,0.15729751,-0.25869247,0.34218787,0.33630459,1.12588616,-0.27473551,0.00715458,-0.38682474,0.06870025,-0.30176952,0.34696281,-0.20965627,-0.00294965,-0.05977359,0.06057555,-0.10778673,-0.00887978,0.23776364,-0.27057454,1.17023004,-0.05197414,-0.12964419,-0.32153500,-0.15815070,-0.23752886,0.40871452,1.15177042,0.09253835,-0.04668294,0.29985489
1.52112442,-0.78957965,0.79086462,-0.08251801,-0.01053953,0.98177027,0.17090008,-0.33346084,0.36436006,0.33162009,1.16777812,-0.30341073,0.02763153,-0.36677997,0.08156729,-0.27351110,0.33302616,-0.21688098,0.00051055,-0.04107743,0.05288138,-0.10671472,-0.01338459,0.24667009,-0.24632601,1.16734114,-0.07029376,-0.13523816,-0.26963551,-0.19843898,-0.24165422,0.42779755,1.13658807,0.08048967,-0.05346059,0.28389247
1.50704107,-0.78665113,0.79209249,-0.08448645,-0.00806295,0.97849024,0.18802628,-0.40727104,0.37299055,0.32478705,1.16958861,-0.33745261,0.03734176,-0.35272124,0.08867018,-0.24184204,0.33172591,-0.22960191,0.00545296,-0.02231828,0.04329346,-0.10678294,-0.01565343,0.25160157,-0.22387980,1.16282639,-0.09912358,-0.14417029,-0.20544176,-0.23976964,-0.24310194,0.44857211,1.12925632,0.06423779,-0.06169176,0.26230516
1.49298471,-0.78400398,0.79344281,-0.08498260,-0.00461008,0.97524631,0.20408660,-0.47661770,0.37295285,0.31664162,1.13594465,-0.35985501,0.03849103,-0.34034257,0.09005370,-0.20997140,0.33875252,-0.24768926,0.00917724,-0.00627192,0.03191486,-0.10589424,-0.01737900,0.25623516,-0.20884609,1.15487603,-0.12912874,-0.15275647,-0.14967680,-0.27856251,-0.24080262,0.46455802,1.12611879,0.05490049,-0.06925066,0.23932674
1.47836007,-0.78171985,0.79453995,-0.08415361,0.00033396,0.97226294,0.21822656,-0.53654205,0.36535474,0.30923249,1.06832954,-0.36610015,0.03309645,-0.32665888,0.08599577,-0.17905776,0.34949326,-0.26991628,0.01257382,0.00634406,0.01870612,-0.10386222,-0.01887839,0.26288272,-0.20355114,1.14349033,-0.15204523,-0.15833408,-0.11757683,-0.31089246,-0.23447535,0.47322443,1.12283769,0.05608044,-0.07523571,0.22082176
1.46267169,-0.77962015,0.79528455,-0.08247114,0.00523994,0.96939571,0.23117744,-0.58243106,0.34965956,0.29918088,0.96710838,-0.36121676,0.01909343,-0.30915271,0.07765965,-0.14982453,0.35897946,-0.29461493,0.01646004,0.01527049,0.00483861,-0.10277313,-0.01797522,0.27094012,-0.20369598,1.12989004,-0.16302432,-0.16007384,-0.11383982,-0.33226681,-0.22503778,0.47439674,1.11518399,0.06277769,-0.08013580,0.20964374
1.44602885,-0.77787803,0.79629489,-0.08000866,0.01128761,0.96661850,0.24314581,-0.61161451,0.31976484,0.27437910,0.83039803,-0.34119370,-0.00034155,-0.28772953,0.06382206,-0.12282298,0.36309926,-0.31870088,0.02179205,0.01921053,-0.01057551,-0.10224644,-0.01596873,0.27926607,-0.20436298,1.11602704,-0.16689206,-0.15943956,-0.12465282,-0.34352378,-0.21452795,0.47226505,1.10012806,0.07191385,-0.08383193,0.20432357
1.42828394,-0.77635883,0.79727587,-0.07793821,0.01646345,0.96374770,0.25464673,-0.62816349,0.27954032,0.22893128,0.67597063,-0.31383817,-0.02554760,-0.26570543,0.04847793,-0.09750661,0.36450470,-0.34313914,0.02753032,0.01902885,-0.02291566,-0.10595953,-0.00929211,0.28322463,-0.20182488,1.10506324,-0.16942445,-0.15817160,-0.13671092,-0.34226010,-0.20519819,0.47204935,1.07792798,0.07909456,-0.08776036,0.20363266
1.40944246,-0.77503185,0.79785526,-0.07805977,0.02216698,0.96101428,0.26432337,-0.63201279,0.23382461,0.16568892,0.52555650,-0.28347827,-0.05063044,-0.24489185,0.03227306,-0.07316833,0.36469815,-0.36808240,0.03257840,0.01447997,-0.03102570,-0.11474962,0.00155494,0.28084576,-0.19399752,1.09873168,-0.17292711,-0.15719881,-0.14020390,-0.33073855,-0.19888845,0.47362035,1.05101175,0.08464419,-0.09146548,0.20498681
1.38926807,-0.77405481,0.79649278,-0.07882321,0.02827417,0.95833139,0.27310880,-0.62400038,0.19397302,0.10569206,0.40628567,-0.25156896,-0.06629174,-0.22773460,0.01471030,-0.04924814,0.37099963,-0.39644655,0.03519128,0.00593928,-0.03603190,-0.12669977,0.01452191,0.27328787,-0.18222953,1.09894718,-0.17839996,-0.15685157,-0.13550088,-0.31274551,-0.19664438,0.47635694,1.02428601,0.08816060,-0.09437876,0.20897640
1.36707826,-0.77357328,0.79170247,-0.08133416,0.02970127,0.95486589,0.28413682,-0.61938034,0.17293546,0.07891478,0.36351644,-0.23145934,-0.07754246,-0.21750541,-0.00102534,-0.02614101,0.39351778,-0.43368843,0.03277933,-0.00472953,-0.03626110,-0.14259137,0.03095290,0.26225517,-0.17084213,1.10573072,-0.18159539,-0.15717187,-0.12923843,-0.28832656,-0.19690617,0.47726108,1.00463077,0.08747005,-0.09619766,0.21585448
1.34385571,-0.77370716,0.78570709,-0.08016263,0.03171298,0.95164687,0.29484993,-0.61174558,0.15696960,0.07739978,0.38225811,-0.20835519,-0.08194396,-0.21111028,-0.02221817,-0.00516049,0.43518345,-0.47853876,0.02569236,-0.01824648,-0.03896248,-0.15668459,0.04549069,0.25249980,-0.16566785,1.12011821,-0.17909828,-0.15685105,-0.12974407,-0.25929607,-0.19940832,0.47254259,0.99396145,0.08708187,-0.09430931,0.22607449
1.32140326,-0.77472269,0.78008056,-0.07802900,0.03816004,0.94919992,0.30244801,-0.60827131,0.14162079,0.09675198,0.43574241,-0.19734358,-0.07742170,-0.21428726,-0.05222920,0.00909233,0.50158248,-0.52467516,0.01828667,-0.03399513,-0.04754238,-0.16948826,0.05416733,0.24677668,-0.16948010,1.14340277,-0.16875975,-0.15612842,-0.14190525,-0.22627688,-0.20101536,0.45702080,0.99760635,0.08798153,-0.09010469,0.23725929
1.29884044,-0.77544307,0.77551223,-0.07271892,0.04673247,0.94781140,0.30689019,-0.59944166,0.12220622,0.12765023,0.49699669,-0.20812996,-0.06333776,-0.22239254,-0.09241887,0.01291417,0.58944370,-0.55769171,0.01572552,-0.04892819,-0.06167941,-0.17766336,0.05489779,0.24717846,-0.18376807,1.17288278,-0.14956549,-0.15501439,-0.16371035,-0.19048948,-0.19946069,0.42881872,1.01985548,0.08990732,-0.08431464,0.24642018
1.27778073,-0.77623341,0.77209556,-0.06666624,0.05440696,0.94591273,0.31280123,-0.57871774,0.09779105,0.15881839,0.53832803,-0.23718127,-0.04186186,-0.24014678,-0.14058956,0.00720529,0.69668451,-0.55437141,0.01836191,-0.05994032,-0.07732498,-0.17855391,0.04548857,0.25211858,-0.20185509,1.20368852,-0.11990457,-0.15472697,-0.18936463,-0.15947664,-0.19536554,0.39368054,1.06078214,0.09249030,-0.07753774,0.25434184
1.25835329,-0.77716280,0.77184936,-0.06175752,0.06051110,0.94365405,0.31943927,-0.54685609,0.07313645,0.18983977,0.54870021,-0.26760223,-0.01533224,-0.27146334,-0.19438507,-0.00907636,0.81917450,-0.50749449,0.01766401,-0.06879698,-0.08919706,-0.17319541,0.02844225,0.26021347,-0.21674630,1.23033810,-0.09124794,-0.15507942,-0.21250424,-0.13874430,-0.19130542,0.35928390,1.11824567,0.08990647,-0.07151499,0.26321298
1.24033016,-0.77782162,0.77482938,-0.05560003,0.06581727,0.94064382,0.32827720,-0.50269440,0.04968797,0.21947589,0.53322424,-0.29286553,0.01030401,-0.31343597,-0.25088497,-0.03358050,0.94721706,-0.43318355,0.00722870,-0.07680878,-0.09668906,-0.16049361,0.00784159,0.27175093,-0.22731480,1.24603567,-0.06954056,-0.15606306,-0.22599597,-0.13109809,-0.19009919,0.33283625,1.18432766,0.07788038,-0.06641315,0.27563632
1.22366293,-0.77813594,0.77928248,-0.05195223,0.06839825,0.93707358,0.33840175,-0.45578116,0.03108237,0.24516897,0.50393792,-0.30982057,0.02829002,-0.36442375,-0.30092915,-0.06269486,1.06339408,-0.35058038,-0.01377150,-0.08777338,-0.09668938,-0.14550948,-0.00929349,0.28507841,-0.23123138,1.24443685,-0.06260419,-0.15708184,-0.22826399,-0.12989427,-0.19501626,0.31999880,1.24054740,0.05826735,-0.06165694,0.29066528
1.20794021,-0.77759944,0.78332706,-0.04966486,0.06928621,0.93394582,0.34709944,-0.40967095,0.01581439,0.26677648,0.46839737,-0.31826437,0.03625903,-0.41570728,-0.33459344,-0.08994207,1.14992240,-0.30039253,-0.03326837,-0.10405913,-0.09179269,-0.13083343,-0.02244895,0.29929202,-0.22887538,1.23077017,-0.06870526,-0.15961671,-0.22687440,-0.12675399,-0.20548392,0.31415961,1.27526939,0.03864013,-0.05960780,0.30557010
1.19380618,-0.77535634,0.78550557,-0.04748130,0.06955331,0.93244831,0.35135171,-0.36880095,0.00257793,0.28196269,0.43726238,-0.32534086,0.03727395,-0.46225380,-0.34178826,-0.10985703,1.19821861,-0.28464740,-0.03714423,-0.12588747,-0.08491194,-0.11880322,-0.03151878,0.31335387,-0.22389073,1.21142292,-0.07459034,-0.16496616,-0.22510499,-0.11647001,-0.21765079,0.30770006,1.28779327,0.02918695,-0.06012328,0.31655722
1.18071668,-0.77249909,0.78756362,-0.04585512,0.06911265,0.93132078,0.35462987,-0.33048591,-0.00917370,0.29323435,0.40549631,-0.33069083,0.03581971,-0.50620266,-0.32596647,-0.12279489,1.20847927,-0.27650284,-0.02331478,-0.14870583,-0.07700440,-0.10743570,-0.04138432,0.32850151,-0.21506531,1.18860745,-0.07923708,-0.17005296,-0.22676516,-0.10185352,-0.23087717,0.29863225,1.28068569,0.03261568,-0.06285804,0.32428935
1.16837257,-0.76871165,0.78891685,-0.04554827,0.06950508,0.93016749,0.35760710,-0.29731059,-0.01832999,0.30342189,0.38060837,-0.33844167,0.03318274,-0.54543233,-0.29956281,-0.13726641,1.18273067,-0.27977880,0.00079622,-0.16863669,-0.06964805,-0.09853761,-0.04985418,0.34338803,-0.20783315,1.15990552,-0.08134697,-0.17407246,-0.22704508,-0.08058962,-0.24294224,0.28716390,1.25597055,0.05369311,-0.06648934,0.32275275
1.15615753,-0.76430362,0.78987643,-0.04561351,0.06941801,0.92791205,0.36342782,-0.26712905,-0.02358135,0.31492926,0.36171059,-0.34928989,0.03071727,-0.57912970,-0.27584940,-0.16148777,1.12608097,-0.28227859,0.02379544,-0.18270267,-0.06209340,-0.08953549,-0.05505095,0.36009370,-0.20421434,1.11466715,-0.08686460,-0.17678606,-0.22868382,-0.05525476,-0.25535533,0.27626200,1.21144581,0.09079327,-0.06976034,0.31625657
1.14447576,-0.75911304,0.79009147,-0.04641557,0.06846373,0.92473725,0.37150953,-0.23984838,-0.02443042,0.32864998,0.34813336,-0.36290354,0.02853804,-0.60631214,-0.25961184,-0.19858710,1.04218672,-0.28131102,0.04153733,-0.19137049,-0.05351956,-0.08029188,-0.05397742,0.38034214,-0.20721578,1.04330051,-0.09896570,-0.18216561,-0.23212990,-0.02538808,-0.27046913,0.27066744,1.13985163,0.13869919,-0.07453414,0.30742102
1.13327471,-0.75292585,0.78985953,-0.04803413,0.06585263,0.92117917,0.38050637,-0.21533350,-0.02001000,0.34481474,0.33866610,-0.37728272,0.02446638,-0.62346003,-0.24451262,-0.24578116,0.92921621,-0.27362251,0.05635961,-0.19619657,-0.04232218,-0.07246393,-0.04295163,0.40539878,-0.22122907,0.94225172,-0.11780973,-0.19266873,-0.24415226,0.01128380,-0.29024701,0.27174155,1.03511668,0.19454466,-0.08152795,0.29987842
1.12233983,-0.74600996,0.78944820,-0.05159190,0.06491520,0.91750805,0.38897722,-0.19489882,-0.01346313,0.36308632,0.32898542,-0.39051939,0.02130081,-0.63075409,-0.22544962,-0.29792645,0.78496292,-0.25096061,0.07318976,-0.19796529,-0.03013121,-0.06962598,-0.02420582,0.43632222,-0.24551789,0.81918025,-0.14706577,-0.20727712,-0.27403651,0.05190955,-0.31535254,0.27739940,0.90327577,0.25172674,-0.08963944,0.30458540
1.11182515,-0.73795495,0.78992299,-0.05704329,0.06436946,0.91314711,0.39845324,-0.17690842,-0.00602177,0.38495893,0.31772902,-0.40176000,0.01625318,-0.62774183,-0.20202426,-0.35615061,0.62057420,-0.21596590,0.09151771,-0.19631020,-0.01877966,-0.07250325,-0.00238502,0.46876691,-0.27373778,0.68904363,-0.19426370,-0.22261841,-0.31555981,0.09038796,-0.34329263,0.28704917,0.75733581,0.30575121,-0.09790404,0.32204716
1.10168589,-0.72882528,0.79162366,-0.06536916,0.06421810,0.90699950,0.41104113,-0.16032135,0.00086304,0.41023291,0.30564359,-0.41307988,0.01060939,-0.61292535,-0.17705543,-0.42050564,0.45418048,-0.17441081,0.10307592,-0.19050642,-0.00882860,-0.08204434,0.01932534,0.49831567,-0.30191553,0.56559807,-0.26605992,-0.23250848,-0.36073909,0.12265452,-0.37218731,0.30007577,0.61053770,0.35825968,-0.10359131,0.34664117
1.09156077,-0.71855200,0.79305254,-0.07306924,0.06719817,0.90035324,0.42368542,-0.14437134,0.00368606,0.43552460,0.29727072,-0.42705880,0.00621023,-0.58895977,-0.15794217,-0.48768832,0.31165000,-0.14064704,0.10778194,-0.18358496,-0.00230514,-0.09636484,0.03751836,0.52051825,-0.32730115,0.45998754,-0.35482082,-0.23381848,-0.40714488,0.14456025,-0.39962436,0.31550164,0.47741884,0.40623163,-0.10551552,0.37894780
1.08015274,-0.70670243,0.79310560,-0.07642250,0.07314058,0.89462366,0.43411814,-0.12619383,0.00407988,0.45813537,0.29798843,-0.44709746,0.00374143,-0.56750173,-0.15269384,-0.54523527,0.23806406,-0.11667669,0.10907106,-0.17864009,0.00234543,-0.11171386,0.05153219,0.53268407,-0.34890804,0.37740976,-0.43573096,-0.22895838,-0.44849497,0.15321369,-0.42312641,0.33418068,0.37014852,0.44232859,-0.10501106,0.41132814
1.06860608,-0.69383372,0.79321848,-0.07765722,0.07440766,0.89151990,0.44002855,-0.10703195,0.01083301,0.47342355,0.31242670,-0.47563121,0.00443438,-0.54548014,-0.14986911,-0.57945468,0.21893293,-0.09412075,0.10096720,-0.17682434,0.01225776,-0.12431764,0.06506000,0.54059557,-0.36401922,0.30878729,-0.50198611,-0.21431022,-0.49118165,0.15420197,-0.44599856,0.35570484,0.28092690,0.47501657,-0.09350304,0.45109468
1.05786660,-0.67986675,0.79284733,-0.07977865,0.07076127,0.88958206,0.44415309,-0.09172998,0.02930027,0.48231418,0.34639267,-0.50732244,0.00599650,-0.53276250,-0.14365978,-0.58747657,0.23394943,-0.07203655,0.09297618,-0.17594568,0.02953849,-0.13283574,0.07911697,0.54117583,-0.37016051,0.25397337,-0.54283642,-0.19733933,-0.52445827,0.14839615,-0.46616081,0.37865181,0.21234973,0.50316773,-0.07862205,0.48409268
1.04795763,-0.66409500,0.79192093,-0.08284629,0.06282722,0.88692415,0.45006087,-0.07933950,0.06008525,0.48844481,0.39970061,-0.53758230,0.00563353,-0.52677159,-0.12784847,-0.56793298,0.27005527,-0.05430003,0.08426789,-0.17167048,0.05174336,-0.13711645,0.09532332,0.53566777,-0.36656023,0.21182712,-0.55804415,-0.18238075,-0.54160868,0.13918735,-0.48264652,0.40084630,0.16239112,0.52253901,-0.06561673,0.50249590
1.03841972,-0.64785721,0.78985489,-0.08551268,0.05458514,0.88214192,0.45992790,-0.07375058,0.09924067,0.49023087,0.47707085,-0.55482580,-0.00001117,-0.51962337,-0.10656455,-0.54516737,0.31031509,-0.06730316,0.06891431,-0.16171649,0.07331057,-0.13698880,0.11205313,0.52556232,-0.35537182,0.18233364,-0.55842049,-0.17026159,-0.53994296,0.12833206,-0.49399404,0.41937746,0.12858228,0.53624162,-0.05473038,0.50875785
1.02935120,-0.63189594,0.78840958,-0.08479867,0.04884194,0.87609607,0.47210096,-0.07847134,0.14015036,0.48512306,0.58011861,-0.53915089,-0.00880314,-0.50779329,-0.08236648,-0.51865614,0.34407957,-0.09820801,0.05423951,-0.14754600,0.08741644,-0.13283638,0.12682596,0.51217843,-0.34313821,0.16546206,-0.55307564,-0.16368851,-0.51935310,0.11902855,-0.49504859,0.43118414,0.11253794,0.55014707,-0.04903768,0.49608063
1.02198676,-0.61575543,0.78797232,-0.08074683,0.04527851,0.86884168,0.48635783,-0.09509673,0.18247436,0.47464823,0.70729404,-0.48824395,-0.01891064,-0.48577288,-0.05679581,-0.49224761,0.36530023,-0.13608821,0.03768578,-0.13004028,0.09045020,-0.12514141,0.13650467,0.50290175,-0.33649950,0.15759001,-0.55078253,-0.15845744,-0.49550588,0.11246834,-0.48606708,0.43527399,0.11019764,0.56346349,-0.04517240,0.47742836
1.01541373,-0.60066556,0.78854298,-0.07608638,0.03813963,0.86234787,0.49911160,-0.12526902,0.22942782,0.45670420,0.85144617,-0.41822338,-0.02462192,-0.45365394,-0.03073083,-0.46934551,0.37333416,-0.17405725,0.02002698,-0.11217996,0.08742625,-0.11347613,0.13867663,0.50042827,-0.33910625,0.15318270,-0.55872190,-0.15147519,-0.47767069,0.10876642,-0.47100158,0.43356196,0.11423235,0.58184758,-0.04060744,0.46242871
1.00856416,-0.58653755,0.79019305,-0.07144702,0.03113500,0.85633585,0.51050449,-0.16293514,0.27271194,0.43641001,0.98251875,-0.34483875,-0.01711435,-0.41671441,-0.00719757,-0.44600984,0.37139416,-0.20264369,0.00594210,-0.09497609,0.08081638,-0.10282770,0.13774737,0.50368926,-0.34990253,0.14838929,-0.56984907,-0.14600156,-0.46549763,0.11047721,-0.45670763,0.43089191,0.11556032,0.60339988,-0.03761571,0.45168842
1.00189196,-0.57315183,0.79191908,-0.06533635,0.02667509,0.85060683,0.52104475,-0.19967061,0.31267572,0.42747466,1.07955626,-0.31342052,0.00057442,-0.37671069,0.01143088,-0.42234464,0.36051147,-0.22335269,-0.00150627,-0.07827796,0.07075433,-0.09238833,0.13347692,0.51028790,-0.36113880,0.14466221,-0.57977302,-0.14213251,-0.46165271,0.11019069,-0.45000839,0.42966116,0.11341762,0.61963675,-0.03543010,0.44837623
0.99499197,-0.56077521,0.79350603,-0.05880589,0.02531824,0.84430364,0.53202652,-0.23407191,0.34640736,0.43100877,1.13296114,-0.32113762,0.01936805,-0.34016531,0.02266996,-0.39728157,0.35022875,-0.23961351,-0.00065369,-0.06139027,0.05868240,-0.08454580,0.13049203,0.51274628,-0.36769611,0.14415257,-0.59207013,-0.14042476,-0.46138369,0.10609968,-0.45071421,0.43253555,0.11171695,0.62918528,-0.03434926,0.45091917
0.98827609,-0.54964492,0.79501950,-0.05271510,0.02500759,0.83601058,0.54560247,-0.26870873,0.36817581,0.43791994,1.14250402,-0.34016674,0.03057199,-0.30954038,0.02839258,-0.36937002,0.34383967,-0.25366802,0.00409573,-0.04175664,0.04446683,-0.07793259,0.12828729,0.51022634,-0.36930718,0.14686305,-0.60930992,-0.14069747,-0.45999150,0.09640717,-0.45521325,0.43973428,0.11267769,0.63359348,-0.03550763,0.45363080
0.98186009,-0.53914662,0.79684519,-0.04652993,0.02714005,0.82676804,0.55995803,-0.30345540,0.37953179,0.44653782,1.11486536,-0.36483253,0.03263705,-0.28488529,0.02868731,-0.33878366,0.34208703,-0.26810254,0.01037878,-0.02040305,0.02767224,-0.07133062,0.12417022,0.50606785,-0.36861639,0.15172149,-0.62657663,-0.14412506,-0.45554216,0.07924842,-0.46116035,0.45057055,0.11860831,0.63131249,-0.04041183,0.45216413
0.97517876,-0.52897501,0.79846404,-0.04106476,0.02941185,0.81735455,0.57391651,-0.33890968,0.38312660,0.45201922,1.06037510,-0.37970229,0.02648988,-0.26652977,0.02505298,-0.30779336,0.34783048,-0.28501850,0.01564612,0.00059226,0.01122663,-0.06649028,0.12099981,0.50263650,-0.37033851,0.15585565,-0.63168780,-0.15341887,-0.44362075,0.05889493,-0.46916710,0.46677390,0.12571936,0.60499912,-0.05352415,0.44280471
0.96815327,-0.51918194,0.79976622,-0.03639273,0.03265238,0.80871717,0.58616204,-0.37525792,0.37959305,0.45232768,0.98536616,-0.38254929,0.01524528,-0.25256550,0.01837435,-0.27799989,0.35678902,-0.30248737,0.02020100,0.01949305,-0.00416243,-0.06309512,0.11518686,0.50385895,-0.37579642,0.16054967,-0.61278419,-0.16638076,-0.43108327,0.03486774,-0.48153713,0.48822712,0.13278151,0.54694285,-0.07206245,0.43453543
0.96060592,-0.50969561,0.80068636,-0.03330322,0.03609006,0.80089765,0.59678418,-0.41313262,0.36985202,0.44475659,0.89573669,-0.37429199,-0.00082732,-0.24187218,0.01035435,-0.25082926,0.36544880,-0.31909113,0.02469835,0.03490289,-0.01699389,-0.06244563,0.10672039,0.50825432,-0.38508069,0.16866292,-0.56834776,-0.18132656,-0.41674504,0.01234530,-0.49186169,0.51453136,0.14284618,0.48537404,-0.08930066,0.42545990
0.95253860,-0.50045258,0.80156182,-0.03154219,0.04037611,0.79486207,0.60462315,-0.45021712,0.34864963,0.42459704,0.78725532,-0.35069938,-0.02052914,-0.23452397,-0.00083379,-0.22902253,0.37194267,-0.33379558,0.02962113,0.04493346,-0.02796315,-0.06502552,0.09511938,0.51105811,-0.39651387,0.18188892,-0.50922096,-0.19346281,-0.40541563,-0.00803655,-0.50117663,0.54465428,0.15577698,0.42059074,-0.10137519,0.42550494
0.94396001,-0.49119643,0.80202669,-0.03294936,0.04440910,0.79047088,0.60999832,-0.48810725,0.31781342,0.38602988,0.66741654,-0.31862247,-0.04193100,-0.23157318,-0.01253568,-0.21263865,0.37686726,-0.34672844,0.03569522,0.05047948,-0.03538266,-0.07281636,0.08370814,0.50894581,-0.40879344,0.19798069,-0.45538235,-0.19934742,-0.40246363,-0.01856728,-0.50345644,0.57453347,0.17546242,0.39272911,-0.10105645,0.43714397
0.93439855,-0.48159381,0.80222082,-0.03657010,0.05018858,0.78816580,0.61232214,-0.52255034,0.27588069,0.33249117,0.54110776,-0.28272278,-0.06349567,-0.23195592,-0.02586181,-0.20163663,0.38051132,-0.35886910,0.04417042,0.05096435,-0.04076528,-0.08559812,0.07464029,0.49928469,-0.42320010,0.21242946,-0.42706577,-0.20426435,-0.38191564,-0.00730936,-0.48230978,0.59299054,0.20427560,0.46365567,-0.08833560,0.42008196
0.92402178,-0.47161450,0.80217843,-0.04079485,0.05868537,0.78740416,0.61227975,-0.54454663,0.22726096,0.27497771,0.41874386,-0.25043970,-0.08001142,-0.23389287,-0.04165225,-0.19430929,0.38586685,-0.37292931,0.05333900,0.04740582,-0.04510013,-0.10158338,0.06741045,0.48823713,-0.43637603,0.21772824,-0.41096227,-0.20867797,-0.35713051,0.01395327,-0.46085258,0.59414107,0.22959740,0.54162317,-0.07499874,0.40232201
0.91263961,-0.46068208,0.80022310,-0.04606208,0.06223496,0.78525323,0.61431462,-0.56027683,0.18989405,0.22497629,0.34199915,-0.23607486,-0.08818795,-0.23522470,-0.05393238,-0.18608760,0.39885171,-0.39227608,0.06059832,0.04395252,-0.04456016,-0.11834207,0.06171710,0.48453693,-0.45039873,0.21341799,-0.37489336,-0.21846888,-0.33601981,0.04011815,-0.44752483,0.58268858,0.24552194,0.59709130,-0.06373552,0.39347868
0.90039244,-0.44821829,0.79682549,-0.04934103,0.06449693,0.78424221,0.61511768,-0.56412921,0.15988964,0.20103229,0.30588082,-0.22648698,-0.08507433,-0.23454611,-0.06796442,-0.17677160,0.41881755,-0.41667163,0.06434258,0.03917392,-0.04422295,-0.13317301,0.04948849,0.48766765,-0.47082560,0.21638672,-0.30748143,-0.23390754,-0.31322877,0.07055241,-0.43280486,0.56022265,0.24999767,0.67324655,-0.05296296,0.37846533
0.88750672,-0.43531173,0.79217886,-0.04949233,0.06581192,0.78127794,0.61872780,-0.56415687,0.13755398,0.19187616,0.31936085,-0.21966520,-0.07094245,-0.23397752,-0.08478016,-0.16332890,0.45076208,-0.44723531,0.06208073,0.03657888,-0.04698709,-0.14469595,0.03222155,0.48729922,-0.49638356,0.24095171,-0.23562598,-0.24875715,-0.30197761,0.09289314,-0.43100877,0.53826516,0.24137357,0.70425854,-0.04782907,0.38037668
0.87454161,-0.42336120,0.78736881,-0.04740140,0.07054715,0.77691608,0.62384102,-0.56584444,0.11614240,0.18824154,0.35456780,-0.20766952,-0.05434634,-0.23684564,-0.10843402,-0.14766455,0.49417749,-0.48061283,0.05747875,0.03473833,-0.05527514,-0.15327647,0.00964681,0.47009440,-0.52809917,0.29820852,-0.20904577,-0.27147999,-0.28941446,0.10652615,-0.43398535,0.52196009,0.22726695,0.70894694,-0.05132028,0.38615193
0.86157031,-0.41172702,0.78282502,-0.04431949,0.07722380,0.77457700,0.62618107,-0.56718036,0.09528338,0.19855990,0.39999788,-0.20042820,-0.04358456,-0.24085020,-0.14062703,-0.13557564,0.54523497,-0.51406276,0.05451499,0.02994690,-0.06929999,-0.15917550,-0.02039312,0.44372468,-0.56405818,0.38039625,-0.20741259,-0.30679113,-0.28219574,0.11408398,-0.43413310,0.51168919,0.21389408,0.71235262,-0.05957516,0.38948822
0.84768755,-0.39891909,0.77871353,-0.03836461,0.08232481,0.77401154,0.62662342,-0.56260846,0.07706758,0.22050828,0.44587848,-0.20893253,-0.03809397,-0.24211356,-0.17895666,-0.12738053,0.60156750,-0.54135474,0.05837439,0.02374003,-0.08620377,-0.16091331,-0.05196633,0.41553340,-0.59883684,0.46280795,-0.22078991,-0.35536531,-0.28346577,0.11671080,-0.43281952,0.50676428,0.20554927,0.70421592,-0.07210462,0.39519280
0.83322798,-0.38681792,0.77541736,-0.03241455,0.08645649,0.77467252,0.62558538,-0.54951234,0.05183287,0.23895726,0.47059384,-0.23050689,-0.02986705,-0.24709420,-0.22103808,-0.12230158,0.66573318,-0.55288354,0.06910054,0.01604647,-0.10224927,-0.15971001,-0.08081607,0.39057798,-0.62713765,0.52362453,-0.24518350,-0.40229443,-0.28142917,0.11703739,-0.42413245,0.50251142,0.20540165,0.70884443,-0.08812776,0.38773215
0.81986505,-0.37586343,0.77425151,-0.02658957,0.09093985,0.77409796,0.62593553,-0.52836975,0.02446461,0.25893147,0.47655644,-0.25607662,-0.01718313,-0.26338751,-0.26361131,-0.11570552,0.74463600,-0.53947109,0.07907578,0.00917293,-0.11631350,-0.15660592,-0.10202209,0.37590705,-0.64370010,0.54966566,-0.26968868,-0.43165905,-0.28139074,0.10791890,-0.42157503,0.50282880,0.21034617,0.68408353,-0.10635334,0.37940874
0.80788898,-0.36600437,0.77530334,-0.02255377,0.09571851,0.77149922,0.62858432,-0.50275407,-0.00183727,0.27740557,0.46567150,-0.27885912,-0.00078212,-0.29767132,-0.30574158,-0.10793008,0.84205943,-0.50051590,0.08107045,0.00412254,-0.12627764,-0.15287721,-0.11321622,0.37128511,-0.64929994,0.54449797,-0.29858180,-0.43446608,-0.28004345,0.08571438,-0.43102966,0.51351946,0.22153245,0.61165200,-0.12292422,0.37608818
0.79717211,-0.35703328,0.77782218,-0.01982127,0.10178837,0.76661624,0.63367641,-0.47417156,-0.02613517,0.29485922,0.43958406,-0.29372348,0.01529145,-0.34999034,-0.34870812,-0.10323995,0.95264034,-0.44635299,0.07156122,-0.00067702,-0.13197192,-0.14888465,-0.11647994,0.37537233,-0.64922023,0.52161553,-0.33277078,-0.41059337,-0.27850393,0.05005495,-0.44821414,0.53798676,0.24651284,0.49454967,-0.13727226,0.37539363
0.78733174,-0.34813451,0.78123384,-0.02019443,0.10556391,0.76085191,0.63996313,-0.44547984,-0.04241591,0.31138145,0.41124222,-0.30296942,0.02696960,-0.40845675,-0.38758983,-0.10851359,1.05689613,-0.38962581,0.04999123,-0.00693518,-0.13144865,-0.14704618,-0.11348200,0.38559600,-0.65330305,0.50320542,-0.35665985,-0.37681990,-0.28843697,0.00749366,-0.47140023,0.58091658,0.29133760,0.34367736,-0.14766177,0.39171716
0.77817314,-0.33862926,0.78442395,-0.02156376,0.10655516,0.75575811,0.64576365,-0.41363593,-0.05287171,0.32539687,0.37994905,-0.30643155,0.03196415,-0.46042262,-0.41881583,-0.12637042,1.13488993,-0.35588128,0.02791536,-0.01651503,-0.12561668,-0.14542433,-0.10948485,0.39782071,-0.66463534,0.50755838,-0.35505563,-0.35140106,-0.31031033,-0.03083727,-0.48473246,0.63337422,0.35765723,0.21951223,-0.15192329,0.42300986
0.77088621,-0.32833093,0.78722168,-0.02146416,0.10380144,0.75281767,0.64963845,-0.37751397,-0.05874698,0.33577337,0.34832406,-0.30482732,0.02808686,-0.49817281,-0.43384648,-0.15155536,1.17628081,-0.34550311,0.01630402,-0.02902978,-0.11665143,-0.14089096,-0.10816474,0.40942757,-0.68071288,0.53708116,-0.32075293,-0.34859835,-0.34200336,-0.05708132,-0.48336156,0.68025308,0.43070348,0.14647190,-0.15651379,0.46256439
0.76530205,-0.31820064,0.78928462,-0.02013318,0.09972430,0.75071887,0.65274107,-0.34010536,-0.06166579,0.34364354,0.31936476,-0.30151505,0.01994651,-0.52635747,-0.43203751,-0.17769293,1.18387160,-0.34221714,0.01756942,-0.04241930,-0.10756899,-0.13279838,-0.10949415,0.42064336,-0.69517223,0.57560458,-0.25902555,-0.36039175,-0.38177923,-0.07111994,-0.47369301,0.71131019,0.48951444,0.11016449,-0.16182257,0.50732816
0.76110813,-0.30837298,0.79063319,-0.01867129,0.09635874,0.74807072,0.65632048,-0.30442138,-0.06345877,0.35069470,0.29417895,-0.29971432,0.01209859,-0.55108951,-0.41925336,-0.20174405,1.16356710,-0.34422495,0.02787827,-0.05499368,-0.10073695,-0.12202422,-0.11034761,0.43292765,-0.70215117,0.59950911,-0.19279740,-0.37563323,-0.40664465,-0.07484722,-0.46184320,0.72298729,0.51756702,0.10056510,-0.16717636,0.53682186
0.75782931,-0.29865023,0.79168907,-0.01789546,0.09423888,0.74461208,0.66056917,-0.27290725,-0.06382001,0.35804150,0.27458575,-0.30128458,0.00756454,-0.57492181,-0.40237035,-0.22570122,1.12025364,-0.34542962,0.03958220,-0.06560286,-0.09594905,-0.11094837,-0.10809023,0.44661151,-0.70099881,0.59542086,-0.14635345,-0.37995129,-0.41622369,-0.07148849,-0.45429422,0.71939044,0.51203059,0.10318804,-0.17233320,0.54853863
0.75467719,-0.28892983,0.79273876,-0.01803612,0.09266685,0.74052092,0.66536931,-0.24490137,-0.06191698,0.36640486,0.25935893,-0.30577112,0.00692678,-0.59587276,-0.38681917,-0.25441353,1.05512392,-0.34254842,0.04890707,-0.07439958,-0.09093898,-0.10152170,-0.10072050,0.46064819,-0.69413393,0.56540846,-0.12756941,-0.36453842,-0.43095335,-0.06567477,-0.45510080,0.70888254,0.48684413,0.09756708,-0.17294713,0.55864188
0.75256040,-0.27891695,0.79311178,-0.01938439,0.09136540,0.73567723,0.67086185,-0.21845112,-0.05628482,0.37692823,0.24541884,-0.31126515,0.00604840,-0.61083113,-0.36981320,-0.28894876,0.96788317,-0.33491310,0.05722274,-0.08082854,-0.08479137,-0.09490322,-0.08821067,0.47370784,-0.68502560,0.52773276,-0.13154067,-0.34000846,-0.44650301,-0.05922605,-0.45757268,0.69764190,0.46675755,0.09563964,-0.16697420,0.56711664
0.75148646,-0.26819019,0.79380057,-0.02240747,0.08835623,0.72997174,0.67737164,-0.19153355,-0.04519145,0.38997557,0.23077742,-0.31641330,0.00189358,-0.61513844,-0.34499805,-0.32794995,0.85446261,-0.31722562,0.06882706,-0.08381295,-0.07587452,-0.09090584,-0.07244401,0.48297799,-0.67398105,0.50068299,-0.14673427,-0.31787644,-0.47814601,-0.05321778,-0.45521086,0.68766068,0.46631044,0.11546496,-0.15269217,0.57735948
0.75123943,-0.25660096,0.79502873,-0.02630598,0.08441458,0.72276555,0.68541384,-0.16485628,-0.02964153,0.40670466,0.21701934,-0.32176193,-0.00622100,-0.60631033,-0.31219623,-0.37314566,0.71281756,-0.28633045,0.08532177,-0.08274689,-0.06476653,-0.08984277,-0.05281077,0.48344843,-0.65642497,0.49407967,-0.17295669,-0.30106148,-0.52550131,-0.04642275,-0.44931514,0.67629791,0.48038142,0.15978219,-0.12987250,0.59141932
0.75169950,-0.24454399,0.79682229,-0.03138510,0.08222142,0.71383253,0.69476451,-0.14216210,-0.01306250,0.42783133,0.20742574,-0.32952431,-0.01621841,-0.58915211,-0.27604337,-0.42377257,0.55504937,-0.24823707,0.10266116,-0.07817787,-0.05546030,-0.09258613,-0.02784388,0.47565396,-0.62712787,0.50102000,-0.22078766,-0.28365912,-0.57251144,-0.03389750,-0.43482502,0.65701161,0.49935657,0.25895458,-0.08535023,0.60154248
0.75272360,-0.23201225,0.79918783,-0.03734249,0.08236991,0.70385725,0.70456065,-0.12509116,0.00200714,0.45157712,0.20514678,-0.34216775,-0.02421269,-0.56631469,-0.24006671,-0.47531852,0.39969892,-0.20709143,0.11796298,-0.07119133,-0.04920063,-0.09894276,0.00336446,0.45661870,-0.58325389,0.51348781,-0.30512809,-0.25356579,-0.60886071,-0.01882254,-0.41977200,0.63169098,0.51078645,0.37577989,-0.03863485,0.61781749
0.75457047,-0.21858344,0.80101289,-0.04153798,0.08553854,0.69342309,0.71422838,-0.11116039,0.01213301,0.47616799,0.20948454,-0.35990727,-0.02797847,-0.54009976,-0.21132432,-0.52830684,0.26801571,-0.17184371,0.12876357,-0.06300502,-0.04718295,-0.10770364,0.03837755,0.42548930,-0.52997208,0.52550177,-0.43901430,-0.20423755,-0.61524764,-0.00358361,-0.41452213,0.60984828,0.50512347,0.45601176,-0.01422984,0.62839766
0.75716536,-0.20378329,0.80104858,-0.04268177,0.09104645,0.68448803,0.72205606,-0.09833614,0.01971479,0.49847184,0.22377494,-0.38453663,-0.02741149,-0.51922496,-0.19510501,-0.56925671,0.19500208,-0.14784435,0.13304506,-0.05534415,-0.04884521,-0.11696062,0.07030239,0.39626374,-0.47667826,0.52979528,-0.57410396,-0.16036375,-0.60726210,0.01578262,-0.41039938,0.58896357,0.49027831,0.52443682,0.00123018,0.62735191
0.76029041,-0.18726514,0.80052107,-0.04409440,0.09403117,0.67780664,0.72786811,-0.08512544,0.03314805,0.51670909,0.24966358,-0.41562712,-0.02446320,-0.50063828,-0.18474207,-0.59393423,0.17741199,-0.12288796,0.12785934,-0.04984254,-0.04717244,-0.12642311,0.09533856,0.38233350,-0.43194897,0.52524056,-0.65554890,-0.14289953,-0.60639944,0.03605645,-0.40930058,0.56963344,0.47384997,0.56770041,0.00364851,0.62391323
0.76448685,-0.16990549,0.80086097,-0.04552711,0.09226188,0.67282158,0.73261597,-0.07249806,0.05755627,0.52992285,0.29299206,-0.45199668,-0.02027771,-0.48440672,-0.17356609,-0.60248936,0.18734726,-0.09669102,0.11731945,-0.04693139,-0.03897360,-0.13490890,0.11446791,0.38316275,-0.39380478,0.51968290,-0.67644827,-0.14189442,-0.61529680,0.05646294,-0.41012708,0.55004401,0.46217092,0.59534996,0.00320238,0.61679646
0.77002489,-0.15249385,0.80095843,-0.04923286,0.08313368,0.66841053,0.73749053,-0.06370399,0.09971770,0.53732637,0.36419182,-0.49168531,-0.01646364,-0.46888637,-0.15043967,-0.58205008,0.21111053,-0.05822438,0.10714094,-0.04502500,-0.02245774,-0.13846632,0.12948625,0.38777289,-0.35218491,0.52528944,-0.65103607,-0.14690701,-0.62646176,0.07394897,-0.40622020,0.52609746,0.46408136,0.61853999,0.00851692,0.60906646
0.77706550,-0.13449969,0.79937569,-0.05545422,0.07580041,0.66256704,0.74309087,-0.05926515,0.14959710,0.53752939,0.44955826,-0.52057298,-0.01505909,-0.45840727,-0.12442815,-0.55595821,0.25151662,-0.04731507,0.08691007,-0.04312072,-0.00244465,-0.14281762,0.14260663,0.37991305,-0.30314459,0.54963619,-0.63696061,-0.14562496,-0.60139851,0.08622148,-0.39869954,0.49958634,0.48083504,0.63016627,0.00884834,0.58456702
0.78398041,-0.11676757,0.79572617,-0.05881664,0.06693363,0.65460631,0.75070039,-0.05978802,0.20569159,0.52597745,0.55817962,-0.53373338,-0.01765486,-0.44367613,-0.09346722,-0.53004364,0.29260566,-0.07711643,0.06891391,-0.04054899,0.01872585,-0.14147622,0.15068210,0.36236174,-0.24442163,0.59434685,-0.62302348,-0.14705603,-0.54689486,0.08880419,-0.39106825,0.47183119,0.51170465,0.62340501,0.00043401,0.54503271
0.79207753,-0.09998503,0.79059073,-0.05773661,0.05399930,0.64369623,0.76118705,-0.06515563,0.26967968,0.50404081,0.69298766,-0.52053165,-0.02607452,-0.41961293,-0.05205908,-0.50230348,0.31819309,-0.12898451,0.05449627,-0.03646553,0.03911770,-0.13011663,0.15034037,0.33463858,-0.17590139,0.66920755,-0.60090543,-0.15184632,-0.46365121,0.07603138,-0.38111621,0.44357189,0.56443926,0.58820879,-0.01846114,0.49081817
