time_s,frame_index,root_position_error_cm,root_height_error_cm,root_yaw_error_deg,root_relative_mpjpe_cm,end_effector_error_cm,left_hand_error_cm,right_hand_error_cm,left_foot_error_cm,right_foot_error_cm,left_foot_contact,right_foot_contact,left_foot_sliding_speed_cm_s,right_foot_sliding_speed_cm_s,penetration_depth_cm,self_collision_pair_count,mean_absolute_joint_jerk_rad_s3,max_joint_jerk_rad_s3,pelvis_root_error_cm,torso_error_cm,head_error_cm,left_shoulder_error_cm,right_shoulder_error_cm,left_elbow_error_cm,right_elbow_error_cm,left_hip_error_cm,right_hip_error_cm,left_knee_error_cm,right_knee_error_cm,global_end_effector_error_cm,joint_limit_violation_count,maximum_joint_limit_excess_deg_per_frame,mean_foot_sliding_speed_cm_s,left_foot_penetration_depth_cm,right_foot_penetration_depth_cm,self_collision_penetration_depth_cm,mean_joint_acceleration_rad_s2_per_frame
0.0,0,1.4159530941251175e-15,4.946598400070079,6.3611093629270335e-15,14.980557107218331,19.00590314792646,22.817196043328057,27.86785205217473,8.215380518497632,17.123183977705423,False,False,0.0,0.0,2.177892750241925,8,507.08109081413244,1827.858181136273,0.0,18.58224251637576,6.710123368885807,20.902218544145224,13.804581546667713,17.12096156642031,22.45221159760811,6.7879174802092015,9.758420249763757,16.45602329039908,16.110043856094155,18.389153739048556,2,53.60100895457557,0.0,2.177892750241925,1.9797683804810835,2.2970073383393825,86.37090589807899
0.03333333333333333,1,1.53159640431443,4.630832509499427,0.9354674007850738,15.15372016966568,19.20606916623919,22.246863982036967,27.198939561824716,10.172335368150842,17.20613775294424,False,False,0.0,0.0,3.376381797292215,7,507.08109081413244,1827.858181136273,0.0,19.027588330644498,8.278648823924184,21.05137732355068,13.592836388062658,17.360343174747936,21.810497662527908,10.037951817815546,8.6350241763427,16.075362776377045,14.61189540603532,19.010083714729976,3,63.212379319170616,0.0,0.2538625483779598,3.376381797292215,3.8153076351764263,69.46820287094124
0.06666666666666667,2,2.3567032744155894,4.564103513080886,2.217070615328231,15.084217169178727,18.746538811180045,21.435897152252412,27.262250389142277,10.610742515071113,15.677265188254374,True,True,0.0,0.0,4.175360665234331,7,507.08109081413244,1827.858181136273,0.0,19.192231235303712,8.192167177635312,20.53243819645095,13.760869922238776,17.097797704274786,21.499736938135555,10.50898494196501,8.852371766964735,17.566483145095372,14.074021264896505,18.8760225452237,3,61.8392584133261,0.0,0.3045336367599692,4.175360665234331,3.9073451973823774,52.56549984380533
0.1,3,3.346058581171444,4.522416732950663,2.972521328951056,15.19912281559583,19.04424620046657,20.74212526436504,27.00171002419733,12.520962793629092,15.912186719674825,True,True,122.99544752294653,11.621313102507722,4.145619057547227,7,507.08109081413244,1827.858181136273,0.0,19.192229147333517,7.806250625890404,20.233358224114152,14.25364127651263,16.957928239613924,21.452647571102034,10.532952491680696,8.870651065122576,18.55426677774872,13.955932012952557,19.738145240678673,3,65.74096090016843,67.30838031272712,0.0,4.145619057547227,4.181885920551256,35.66279681667051
0.13333333333333333,4,4.553824355692732,4.523327918394838,3.5475169615989235,15.419144127024243,19.820425894937166,20.263753607519035,26.59411261775304,16.235907200105206,16.187930154371376,True,True,160.82454234680574,14.293414384047503,4.0807483142537535,8,507.08109081413363,1827.8581811362783,0.0,19.180338750777405,7.640358760925111,19.972374795059086,14.649501000446543,16.954013593779884,21.506840999444204,10.578533329710018,8.762114450313256,18.773164930089596,13.988217715069858,21.072564882817257,3,70.65663234043242,87.55897836542663,0.0,4.0807483142537535,4.536490833524997,18.760093789536896
0.16666666666666666,5,5.861625145467202,4.66384607636432,3.7506569688640345,15.614946922005268,20.786043402021836,19.673978968755428,26.330769015742376,20.386490154489557,16.752935469099988,True,True,173.5084817942602,12.684120131018531,4.06172390604116,10,192.1874037251122,715.9122435608097,0.0,19.277403051358217,7.200199442324115,19.60003065846286,15.016311738624049,16.511339690587928,21.40672590412097,10.535270753669783,8.772176758115059,18.557107120483774,14.20346510424492,22.499721228510737,3,72.1010669766542,93.09630096263938,0.0,4.06172390604116,4.786636354098963,6.4959152606026915
0.2,6,7.124111030876315,4.781506924232093,4.031808103341174,15.794367108032784,21.589377065695878,19.7078633089415,25.772642540735358,23.64954161946498,17.227460793641683,True,True,153.43720492367333,19.683997378523326,4.05740684707958,8,98.07264227485216,545.7971792032479,0.0,19.296418454220547,7.197373754459085,19.34497171027167,15.372221114531065,16.511384340715296,21.308945934470593,10.563839827869495,8.578724702453426,18.024100247047674,14.360018271669341,23.66316571367715,3,73.57101505321509,86.56060115109834,0.0,4.05740684707958,4.803795380328717,3.5930990035319144
0.23333333333333334,7,8.572036817722358,4.851660300652883,4.316536230894737,15.93813488019584,22.13074264897024,19.83212704733224,25.505278005668597,25.3397869825923,17.84577856028784,True,True,123.01595024795297,22.43193254662414,4.007346214671801,8,78.05307455128806,562.3802628664592,0.0,19.319192943422152,7.286427423349978,19.221206700248654,15.498303423346925,16.766845854918373,21.58163383396838,10.606285046883741,8.52980296514163,17.1015364504136,14.637817965363178,24.5531640800311,3,74.10826467419386,72.72394139728856,0.0,4.007346214671801,4.649655366415029,3.296682526972116
0.26666666666666666,8,10.112517036533243,4.923801405250428,4.59556736764563,16.050706987311177,22.460553898614634,20.356566333794046,25.261417373566065,25.66872569720699,18.55550618989143,True,True,85.78835473564251,23.613966496214147,3.8209656771716514,7,59.86453603431662,391.2123266829061,0.0,19.317354702958035,7.637374191868049,19.212620420435766,15.620616397746003,17.080903133864187,21.741438396300133,10.612664045591016,8.44514867899413,16.276380398387992,14.973888849063806,25.148737732147524,3,74.37954294909134,54.70116061592834,0.0,3.8209656771716514,4.3143043558803615,4.128105229870989
0.3,9,11.841286742246831,4.973193138638332,4.995376515371882,16.15961587578181,22.64176403508712,20.777847211450098,25.35850527820344,24.982647585416863,19.44805606527807,True,True,46.564140240996224,25.05095979617911,3.7108532163507637,7,48.61878686151857,137.96528689046448,0.0,19.298214819885924,7.94747470129008,19.275516109201575,15.657539116874128,17.469452364896025,21.93898719695059,10.60123714633252,8.411192676505094,15.843358068457473,15.384209795985276,25.61277233926207,3,74.49693856890504,35.80755001858767,0.0,3.7108532163507637,3.9325746700316717,4.5543798183858835
0.3333333333333333,10,13.663375211889825,4.994979322412751,5.404725248842706,16.26218398808877,22.80176020694813,21.426693334688355,25.306101766803163,23.95814957381045,20.516096152490544,True,True,21.41204819390432,20.335825371252188,3.6525830478008197,7,70.69456300758114,587.7961854560784,0.0,19.289508703085794,8.106663288761425,19.315601107164753,15.626838652470868,17.769962461846013,21.959600559454284,10.60316347418762,8.406148867949314,15.874845111216644,15.77338676740235,25.955846213103246,3,74.44641922348072,20.87393678257825,0.0,3.6525830478008197,3.5577129464530346,4.865676745648668
0.36666666666666664,11,15.560730092545707,4.973056806216702,5.538618095898678,16.37176373081333,22.995299169012,21.923851920883198,25.406502142806726,22.734465979916642,21.916376632441438,True,True,5.218015086385102,20.097702022064123,3.6451869213766357,7,85.97409516260102,846.6452177212358,0.0,19.308906411247424,7.902919151046225,19.343723232655442,15.639722058008648,18.155176561653324,21.719590655423342,10.663700940464418,8.388674391667369,16.25796357235568,16.21488231163005,26.216937365647887,3,74.48794979918695,12.657858554224614,0.0,3.6451869213766357,3.087297398485094,4.542521848416819
0.4,12,17.756574477278665,4.925555260700099,5.5794653427332195,16.485259653148344,23.238150045660767,22.499939036895984,25.896831092800888,20.900983968556456,23.65484608438973,True,True,15.362032186091474,21.20648687944158,3.5870315668516293,6,101.53074362765219,869.7798152605018,0.0,19.3825942571572,7.479367955790804,19.262980667444108,15.543952888912624,18.52549736181608,21.73996271995848,10.820436514470519,8.487809824286078,16.34343560783384,16.740256816912346,26.46061384796917,3,74.77455164606697,18.284259532766526,0.0,3.5870315668516293,2.8500791312245086,4.2929062118287025
0.43333333333333335,13,20.066438607860157,4.895813759488288,5.120472471680848,16.55819258492868,23.588256035050133,23.025336681843335,26.421230297031173,19.082904855902818,25.8235523054232,True,True,7.204173911578682,20.33746872910055,3.5146379879483427,4,99.55267561882131,601.519480184916,0.0,19.464020113423423,6.565585876690398,19.134077636921244,15.597842229942158,18.899460582660367,21.429278954641013,10.971741435549804,8.58564210385213,16.03771425935045,17.334501440698666,26.636477435592877,3,74.72589452139958,13.770821320339616,0.0,3.5146379879483427,2.4918443570558635,5.0580006907194806
0.4666666666666667,14,22.416711418623382,4.892223588176348,4.986455296067223,16.60190556447557,24.06405660566881,23.948654858177896,26.668967765976515,17.681873047880273,27.956730750640563,True,True,10.051615158183171,12.246571735275252,3.372534089483247,3,102.28075038256401,618.5060967546777,0.0,19.524830832364902,5.4823234807023065,18.86779322683484,15.615591557605487,19.194716636659656,20.851303884240945,11.111330875531428,8.677456025800081,15.699991215376677,17.747019309341955,26.98043926242916,3,74.37314919887395,11.149093446729212,0.0,3.372534089483247,1.7863175440224037,5.1239872949257625
0.5,15,24.606309595466282,4.906880101487654,4.649368676950516,16.69700339070278,24.577469219618266,25.22492557292389,26.468718061890023,16.541028585982104,30.075204657677034,True,True,17.391927238349027,11.679468549245733,3.109371361380552,2,115.0185968580286,690.2288888983064,0.0,19.520390564993896,4.914211863329465,18.754351968991674,15.712444283733209,19.816446229838856,20.142974565297106,11.1564720590387,8.607606205984435,15.31045252938878,18.20982371147246,27.546103440330082,3,74.84299930582158,14.535697893797378,0.0,3.109371361380552,0.6076460743760778,5.297276238563091
0.5333333333333333,16,26.494894460645014,4.873647597162856,4.5077447434586615,16.79757498707652,25.02224826367486,26.839464447807497,25.941420048336266,15.643670475073101,31.664438083482576,True,True,31.020698049013017,47.872231251914755,2.5859474958501627,2,107.47864434561771,861.82130679134,0.0,19.51364680622656,4.786426740649579,18.661893738278103,15.556991205805682,20.49053373634926,19.575303010015745,11.17062857413005,8.647361768168965,14.673877576059994,18.79796859576441,28.173539809998648,3,75.07410786793433,39.44646465046389,0.16202439196229954,2.5859474958501627,0.07652902361980425,5.311040690364622
0.5666666666666667,17,28.062307188427354,4.8262269625494625,4.425472536907643,16.792154898727293,24.988756497988835,28.534237090298518,25.087784844568457,15.104065637067004,31.22893842002134,True,True,38.14646994728007,107.61489575022807,2.1870161780776356,3,94.94543853961919,756.1125051507227,0.0,19.512242914717,4.850539766286452,18.53598799582946,15.59115058556299,21.045549104283907,19.197136919764734,11.177322938827805,8.601640080401431,14.150272865946679,19.26545431733368,28.327823993627888,3,75.68992986963521,72.88068284875406,0.21160327588353134,2.1870161780776356,0.7251843315176378,5.044950356210277
0.6,18,29.35904304783702,4.795733950337322,4.439842116171888,16.645904812661435,24.527985870451882,30.030191047089254,24.20914887563137,14.825641043525707,29.04696251556119,True,True,27.546889050463786,164.19780959133246,2.0135268635425816,3,88.92421078483152,461.8811664460385,0.0,19.51218068202032,4.887296182552943,18.390374522698966,15.615764865813459,21.17942081686151,18.94858663433865,11.209430725363081,8.617137493788908,13.876614875007135,19.339821909669002,27.87278149927136,3,76.36615297924874,95.87234932089812,0.1246276185398138,2.0135268635425816,1.490147573046968,5.507171357718755
0.6333333333333333,19,30.471208982017966,4.8570007673120035,4.2883377751697,16.413799934671022,23.85691279773723,31.128983048958993,23.449896752742763,14.772336867592431,26.076434521654733,True,True,17.296364515681837,200.22556533761477,2.180395011453871,4,120.30657238567555,825.6313842334196,0.0,19.537843023383076,4.873118962307728,18.123229552734916,15.77573205370336,20.850840705762415,18.85281475912129,11.197153510138138,8.629219657352325,13.90578287758004,19.033612727033137,30.851090459711894,3,76.84633175060652,108.76096492664831,0.1092156773282795,2.180395011453871,2.125106589718384,4.837410620785027
0.6666666666666666,20,31.305908995974924,4.931077681924078,4.091535511762839,16.173855885140984,23.11956281592986,31.686893575743063,22.975808327411546,14.803569301322625,23.011980059242216,True,True,5.933596122992197,204.5965017637437,2.460951022883313,6,111.34554071089596,499.75886482031865,0.0,19.591082290037413,4.900539594386244,17.807728256271226,15.94201592454908,20.44978331803558,18.893608578889744,11.22859229273858,8.630741637275676,14.246908314040283,18.438586807171497,34.11620917799708,3,76.86784425780802,105.26504894336794,0.19733715626033707,2.460951022883313,2.6400054212611925,3.863559676454316
0.7,21,31.88538945913639,5.0358509323153555,3.9439816825901888,16.03279225561181,22.649498814838974,31.97380894168959,22.761510539057937,14.893274137043436,20.969401641564943,True,False,5.280741191473747,0.0,2.9680167218129365,6,88.35634778510308,413.5001462349148,0.0,19.660229188786698,5.044248967127574,17.534481254410828,16.175845197583193,19.956620455747775,19.14265722356593,11.269722411003515,8.65448232114863,14.65663607061549,17.798965484831633,36.91509935930374,3,76.53348182370625,2.6403705957368735,0.29372612031651574,2.9680167218129365,2.875214392058272,4.098220578349321
0.7333333333333333,22,32.20667969758349,5.130765496665058,3.8960342578299136,15.997801653857731,22.468810887668823,32.10504883922005,22.50364550863038,15.092472472927392,20.174076729897454,True,False,29.255614056352496,0.0,3.6390968565476753,6,97.29191062017952,581.6279479962299,0.0,19.731267015023057,5.325210043455429,17.332012655765595,16.473191561514682,19.46764987160863,19.450437497298662,11.325170706570285,8.681766391917442,15.20024300641237,17.10483250762457,39.11929361969818,3,76.05057696644393,14.627807028176248,0.40833157026325145,3.6390968565476753,2.904869761903881,4.28045854901684
0.7666666666666667,23,32.28055810278624,5.206001743995148,4.257532818519235,15.95980102798057,22.285141449588302,31.979761850349632,22.04514720163239,15.448251066737962,19.667405679633234,True,True,46.98162139602791,0.0,4.150085227912222,6,96.0695908902587,622.0652565839027,0.0,19.809353890620063,5.677651709758207,17.127405081703877,16.605753607551733,19.10241629562397,19.623410221486008,11.382906974802149,8.735884805918092,15.869517560731921,16.322149473159254,40.217695419266725,3,76.14337025565783,23.490810698013956,0.5534490081574603,4.150085227912222,2.9616722047035116,4.579008268632881
0.8,24,32.28240285114714,5.248801771579559,4.595514769648118,15.938024681082924,22.16279839694852,31.62254639002495,22.06466913496731,15.977100256629436,18.98687780617239,True,True,9.318181631040545,20.535613041178898,4.415156077875319,6,76.41443863201802,497.207963815817,0.0,19.894995806311766,5.919380241821283,16.930849486899834,16.761291753996492,18.728413723934963,19.740955772677538,11.420751071735092,8.85741436329609,16.290214600162006,15.874909807614696,40.51480392900664,3,76.68689288963296,14.926897336109723,0.5452623941259025,4.415156077875319,2.9331424386215286,5.563110885078504
0.8333333333333334,25,32.32132220592337,5.280598133906644,5.393584616936817,15.763711440780353,21.745253293629162,30.835017094081586,21.74598156608311,16.435985728250213,17.964028786101736,True,True,8.30892832739508,7.385547594134946,4.27405051716562,6,83.82298902071032,479.77240443459584,0.0,19.9572693251176,5.851446184866416,16.635570496863856,16.73326820908937,18.233259384950493,19.6538306620611,11.443609724263252,8.975343472186385,16.5005398172233,15.490521160566914,40.580550169532536,3,76.81144258466183,7.847237960765013,0.3637978057069949,4.27405051716562,2.8307115593646053,5.586192636338955
0.8666666666666667,26,32.39964933511358,5.224471318399127,5.316541996525757,15.607089510434994,21.295567828356067,29.89109576961254,21.184972537767464,17.004849478125593,17.101353527918665,True,True,5.362371224872989,5.063824385344245,4.170758118737132,6,95.63451962976957,620.7809229263657,0.0,19.98214503520964,5.561522012492907,16.5809061310758,17.033631687420627,17.721468302446404,19.848337937058968,11.467496220607137,9.03797238349228,16.7149046071788,14.97568702611804,40.46372860618403,3,76.18856267927448,5.213097805108617,0.17016864806913443,4.170758118737132,2.786971059098,3.994623498114737
0.9,27,32.582895705289054,5.150920265994474,5.273555770105556,15.39571990693522,20.92986870525892,28.554222244919647,21.25579319275117,17.625898432447773,16.28356095091708,True,True,5.180206009148233,14.651674160659145,4.116706507354386,7,86.0318242848946,592.1111128220712,0.0,19.974223197805333,4.982084103375189,16.393415556007117,17.319485818297988,17.066413124980222,19.776461925225437,11.486051259759018,9.026667668285032,16.916192172211446,14.275328957045804,40.22070797557469,3,75.50765709511653,9.915940084903689,0.0,4.116706507354386,2.6503830482097155,3.7334969470333212
0.9333333333333333,28,32.81731150360663,5.075322888337785,5.085277452929755,15.15225258696189,20.38023862964673,26.901368908799935,20.7682218711932,18.25676443053609,15.594599308057694,True,True,5.04060719027464,9.016879825065896,4.078763825192883,6,55.60650477194395,361.96860735021784,0.0,19.956645888418336,4.37423778473354,16.186543187119977,17.71282269981288,16.353806973494795,19.868637913579338,11.526666088726758,8.96978582397388,17.148871639699102,13.664816286282832,39.75787147733895,3,75.04905191920439,7.028743507670268,0.0,4.078763825192883,2.407378581555059,4.06605362021461
0.9666666666666667,29,33.006801792865325,5.004140660048872,4.661503777412782,15.014305007880532,19.996788411301562,25.115768383229998,20.961373173966944,18.93354876784597,14.976463320163338,True,True,3.675775920677026,1.7230252644969108,4.10129906767242,8,61.69248284774534,266.5715813397989,0.0,19.97084112901935,4.007032524649009,16.003848622207666,18.124124152472678,15.808261951239919,19.972711100459513,11.586704481096978,8.935716789074458,17.45600582775068,13.362174895031432,39.183391093923134,3,74.96924947163272,2.6994005925869686,0.0,4.10129906767242,2.5411452933972307,4.036186566391025
1.0,30,33.108949908665025,4.943347212953086,4.234773994771258,14.880173186968381,19.470773933315733,23.311810805368026,20.596018482700448,19.642523867736614,14.332742577457836,True,True,0.7458511743359673,12.595016049162714,4.1108649032260836,9,99.93515587384628,670.2901285015308,0.0,20.00491013256704,3.8642374071690084,15.836417195848506,18.568661354609876,15.361538946243462,20.146234365816902,11.641837961031506,8.902330754643483,17.767939439099774,13.225394514233246,38.39052207751883,3,75.02994080749765,6.670433611749341,0.0,4.1108649032260836,3.5713551710200075,4.777250905067371
1.0333333333333334,31,33.12881890947282,4.908195354522727,3.792295799574994,14.763692163763853,19.075642566432002,21.553507832745623,20.654754185065872,20.37251350705022,13.7217947408663,True,True,7.410120801774683,20.16153428026972,4.0923944941116925,9,114.52994322224266,625.8211977925685,0.0,20.03034955330695,3.7839061808397663,15.5558861550933,19.07843453376039,15.003883215116373,20.11033760145056,11.652482698635252,8.825381909646884,18.04791482053418,13.06423552234616,37.58572218503276,3,75.10058477807183,13.7858275410222,0.0,4.0923944941116925,4.342374496841891,3.807165565181783
1.0666666666666667,32,32.93690941735342,4.857076443310793,4.116661172093213,14.6815937900997,18.712354693817662,20.312363383955116,20.594273529759942,20.752828531227717,13.189953330327874,True,True,10.602085136016075,21.09315193497711,4.033110594628933,7,215.20911786821287,2196.4605071103433,0.0,20.092961789783157,3.99421347693836,15.018390226620607,19.234688369759258,14.831434336463278,20.786802578802856,11.718950196521508,8.899465587934715,17.94728208467626,12.850299428724865,36.679350988442735,3,75.02929420874474,15.847618535496593,0.0,4.033110594628933,4.3273554179002005,6.275212703531273
1.1,33,32.720140588865085,4.848468677891971,4.092617986480134,14.612644810179177,18.492415760109004,19.9089744069312,20.325168569886866,20.984508973532247,12.751011090085704,True,True,18.633720841515384,14.745087029013629,3.9003846419481603,5,138.2905566911458,1164.493930866444,0.0,20.08550492172304,4.305720380196126,14.29748485758601,19.775214748990706,14.59094503950993,21.20892369353131,11.702308868372938,8.84689731123415,17.744065630949308,12.662943660158096,35.68181922017813,3,75.17128337555228,16.689403935264508,0.0,3.9003846419481603,2.3639817561233585,8.263896806043327
1.1333333333333333,34,32.42959275566507,4.8571160892539655,3.363274250104179,14.694502617741845,18.541051540268683,20.205440481797538,20.38019958919264,21.061876144040212,12.516689946044352,True,True,67.65497278491698,15.813154197026307,3.7755733313523145,3,106.95439428309268,719.2029169050097,0.0,20.06127151670573,5.015201718428531,13.364178475031027,20.582939111778998,14.568866281847374,21.74987892338727,11.672310657190447,8.79903860736987,17.872787803731068,12.566860009582603,34.69506971722409,3,75.51738505224004,41.73406349097164,0.0,3.7755733313523145,1.3697585532648298,8.005247932326375
1.1666666666666667,35,32.183710978114455,4.8370110319647335,0.9270527877758545,15.029440447003536,18.871328908222175,21.038184792629732,20.800737235288263,20.936278361155335,12.710115243815375,True,True,71.59879234518812,6.413955998857563,3.724071293551511,2,179.21968714513582,2027.9656182960669,0.0,19.995309013826475,6.48914382130759,12.346585710154526,22.051018054037407,14.595161936088635,22.83311441762213,11.577442896875468,8.872317065124724,18.517877282020923,12.678320875106483,33.581812490387684,3,75.17219726238429,39.00637417202284,0.0,3.724071293551511,1.4377088578722752,6.402690544406689
1.2,36,31.847957530592584,4.773086395010518,4.896451475450802,14.773410886446877,18.76346200262764,20.412131135347348,21.50996759305053,20.223307227877417,12.908442054235273,True,True,121.24323522041959,15.372213920493113,3.773644686458682,3,205.65746345312616,2024.591375908614,0.0,19.94682240053278,8.574704443330836,10.214567142440973,22.828585943446907,13.181754408730248,23.241737198361946,11.5834961795357,8.850610637691437,15.369405859468909,12.755631072652879,32.99792449458888,3,75.38453000018653,68.30772457045636,0.0,3.773644686458682,1.9183610729675127,4.193667792998954
1.2333333333333334,37,31.33079801793615,4.772229980931375,6.162594045731862,14.78265158485087,18.38551531698348,20.330602104543438,21.68050755330945,18.22056541473955,13.310386195341476,True,True,53.27560168402839,7.0670439701619685,3.874870174331589,4,153.44869957315413,670.5875584484736,0.0,19.813172418680004,10.854395304332385,8.52387996736219,23.846572972913105,12.501130496209486,23.916835110498262,11.455662767625672,8.951631979240359,15.281696001813247,13.052735486154457,31.91593694782135,3,75.37090296293805,30.171322827095175,0.0,3.874870174331589,2.1854490475205766,5.83851374158983
1.2666666666666666,38,30.537414261322347,4.809850914681957,7.112028148485857,14.798315846599117,17.954162141341314,20.159073832019967,22.034322373282464,15.865213225873998,13.758039134188834,True,True,71.65694085440619,9.968935428520538,3.9963751242636243,5,155.03456163787428,1426.2415683731906,0.0,19.6971314664479,12.935948328742194,6.94634832772665,24.501218021962522,12.281653231873573,24.375442615422312,11.335385229538476,9.119950475523202,15.584851198692279,13.38016023769239,30.749953606967694,3,74.74994044784987,40.81293814146336,0.0,3.9963751242636243,2.1984851473582285,9.08765959874383
1.3,39,29.43020641350307,4.878873510375403,8.323448603725462,14.881393241786183,17.656089413191328,19.941904863468647,22.277967354072743,14.150077302829416,14.254408132394511,True,True,78.15537876795375,7.041152073421218,4.0695987177976765,5,168.0280662851892,1307.157847405995,0.0,19.620141301760636,14.769337537902844,5.765047541098781,25.306208628169983,12.29214072399224,24.666719000739885,11.18138914359087,9.369575443861002,15.810121062297885,13.815860590613353,29.55350692617442,3,74.821234968503,42.59826542068748,0.0,4.0695987177976765,2.1078603586190225,8.906099032764603
1.3333333333333333,40,28.17788132869647,4.990840045188905,9.14457443268538,15.041549819183878,17.783762432175383,19.93322656317396,22.694526750234843,13.800682129447758,14.706614285844962,True,True,90.13806169180477,2.6816231284182903,4.046988377385068,6,118.66223813706833,711.3584378030363,0.0,19.571498901087043,16.024998974675604,4.933582496230387,25.867596729895677,12.574266841859977,24.49690549715448,11.030926304936491,9.548187540297047,16.132997971360787,14.30723630155915,28.41947376569605,3,74.8801501244717,46.40984241011152,0.0,4.046988377385068,1.7811864994680706,7.127630831617229
1.3666666666666667,41,26.750454885536595,5.110540836693167,9.700412721590935,15.212693738895403,18.09277047588943,20.176520175263857,22.247758990784348,14.808584330725735,15.138218406783777,True,True,107.02043645160404,35.50079925232917,3.9559302106112844,5,128.8118062955667,1389.1863842386729,0.0,19.54513034691137,16.60016031461347,4.555741500765134,26.123738080709654,13.043575708495576,24.12238731196263,10.926495809617068,9.658794686537309,16.42340153694476,14.819898883316359,27.215265290013903,3,75.01091914317335,71.2606178519666,0.0,3.9559302106112844,1.3517644768818418,5.823266343212993
1.4,42,25.144458099049753,5.18471136442662,10.697989254222268,15.334428025260038,18.723141359862478,20.595984577553857,22.01466936163705,16.76711443270321,15.51479706755578,True,True,118.59775630535448,70.18712175150851,3.8267555662756214,5,117.19432965236196,1361.998029256494,0.0,19.55695372124225,16.224490428039502,4.566348607092026,25.67306397261516,13.616264670358715,23.41956399584243,10.903979076625847,9.760746161102778,16.555243399773197,14.847200906758772,26.292263395364024,3,75.01753800773672,94.3924390284315,0.0,3.8267555662756214,2.112683015921487,5.849016781881651
1.4333333333333333,43,23.34508531626992,5.199368239395752,11.570434703722153,15.447654212282231,19.338681649174408,21.268831435728533,20.99749600745694,19.109583768767962,15.978815384744196,True,True,123.47788661549149,41.376685232097856,3.6973291211383015,6,94.90560495038517,515.9288670692529,0.0,19.608132811876505,15.236877913793304,5.050401509116683,25.007412734842276,14.280718303973172,22.87783648204786,10.952194764104844,9.91449864116862,16.570583728469572,14.861429698142894,25.57518548624933,3,74.98451431820023,82.42728592379467,0.0,3.6973291211383015,2.4352719567601313,6.214480594605
1.4666666666666666,44,21.300548404423107,5.175996779526049,11.923277027913645,15.61455860686061,20.006316335408687,22.131659921248232,19.877270685195427,21.370498393691594,16.6458363414995,True,True,119.36448025455542,2.054850205471144,3.62181191835216,7,127.2711666768927,921.8891919083169,0.0,19.69362445591819,13.888444314124266,5.845489109192642,24.26770671742673,14.935433016978509,22.40907491506924,11.052946488508084,10.060125278829865,16.56422720405697,15.476042261169898,25.287762628989192,3,75.06359499358506,60.70966523001328,0.0,3.62181191835216,3.0098345843644565,7.146484586886011
1.5,45,19.055282714647934,5.137070466810833,11.450103850117918,15.939494249834857,21.13835183480996,23.423394119695818,20.164566592409923,23.35441176984784,17.61103485728626,True,True,103.22070820162857,0.29708663305700533,3.589787433874176,8,138.22094209024226,1307.9720141753005,0.0,19.848844679252085,11.948282071302897,7.131595717238841,23.266131952930643,15.685916801166053,22.206965673784207,11.269873629999267,10.185750991535821,16.756025528407704,16.23961936266546,25.74640039431243,3,75.15077102745514,51.75889741734279,0.0,3.589787433874176,3.3628603954118064,7.264944994598192
1.5333333333333334,46,16.534162684550584,5.0782653081715035,11.338811956882127,16.079313050226276,21.850505686751877,24.80170366999372,19.473459594678317,24.373200122639805,18.75365935969566,True,True,78.18468189573397,4.164490589039515,3.4826110588456203,6,81.44693297957213,252.21667312203346,0.0,19.92909177774283,9.649887538437511,8.718768181730347,21.98267039582931,16.236617091446792,21.938208088529983,11.375147275595973,10.231407836365774,16.803804644769944,16.92207017593813,26.352974301892257,3,75.33637012753957,41.174586242386745,0.0,3.4826110588456203,3.743637691954866,7.56326809744361
1.5666666666666667,47,13.786317722562478,5.018239657125745,10.45687015229735,16.280349545796753,22.79326300383454,26.42967728861746,20.256792643300376,24.25568534274096,20.23089674067936,True,True,34.92720796333772,18.13478493326547,3.3320810848128537,6,238.73697084216678,2013.914764959397,0.0,19.988094593869942,6.8905261400313345,10.882280868487145,20.447455067081385,17.018139398458032,21.710661653586953,11.519826595649144,10.144279982607305,17.08115323788299,17.349773633958943,27.00210364722292,3,75.84300096647024,26.530996448301593,0.0,3.3320810848128537,3.5131355778270477,8.934614830544247
1.6,48,10.938899798742051,4.965719301051264,10.039650593515372,16.28656980734641,23.252589165873598,28.011664036333112,20.521744269648458,22.571883471605712,21.905064885907116,True,True,25.721185255334355,34.796067321784626,3.183820438250818,6,227.15801212198951,1020.5340941736239,0.0,19.950306680672515,4.459202725184523,13.232949258880911,18.534602917727106,17.589762809160327,21.332336355702736,11.564445562993644,9.938070185040475,17.319720457489552,17.366793493849997,27.15807731033148,3,75.7948496491652,30.258626288559487,0.0,3.183820438250818,3.827776245519105,10.165733791280255
1.6333333333333333,49,8.010494818792257,4.831712692881407,10.21102831656709,16.41808202964739,23.853214608352953,29.34548459192905,21.392602540616192,21.161185615698766,23.513585685167808,True,True,7.602469504817789,37.249511546342376,2.981155649887115,5,163.00403798692116,907.9797775293595,0.0,19.832282129749863,4.326401708819452,15.808954984203135,16.415080869625655,18.20161786436799,20.77503159208659,11.644504775534013,9.51663528945903,17.354707748896512,16.98315504855682,27.349438095040824,3,76.39123294044873,22.425990525580083,0.0,2.981155649887115,3.5373111715220644,10.379165414312407
1.6666666666666667,50,5.438251389385523,4.646660280920711,12.684048043588119,16.420819969609575,24.087864859180648,29.739919944075215,21.455403360205676,19.59330638342897,25.56282974901271,True,True,6.432562447890783,73.08220813969687,3.054816431520807,2,244.75095319468932,1983.6869207063683,0.0,19.573731568194905,7.226252798426297,17.936829419368433,13.807579960237574,18.416920991000772,19.767228781514817,11.613858402813367,8.85136246379342,16.873710860259774,15.893364861811731,27.538069437286534,3,76.62166951411159,39.757385293793824,0.0,3.054816431520807,2.548183839236941,9.14832752152754
1.7,51,4.126253312781251,4.5763322609674635,4.3553384264778,17.468971318431095,26.06473996390038,31.75382985193701,23.65247757608315,20.411266186704864,28.441386240876486,True,False,2.889546583485502,0.0,2.328614254682079,2,265.1948910381178,1874.8872823600716,0.0,19.496348756839588,10.849757879819192,20.98837846592532,13.773880443991235,20.325829105144166,20.578172353976722,11.855325724855694,8.646450663121415,18.06447437803892,13.196992149152697,27.05983004473277,3,77.12351318707749,1.444773291742751,0.0,2.328614254682079,1.7910516925758206,7.433120357497916
1.7333333333333334,52,3.449782408212866,4.640208722805261,1.0324524250033373,17.88391643470958,26.326984918442992,31.520168614321854,24.28603251115264,20.290987931336442,29.21075061696103,True,False,3.9819925992022935,0.0,0.8193759303166123,2,211.5975848550088,920.233995364021,0.0,19.328688092758167,14.073001922342652,23.08168352556362,13.363065232060944,20.94624214989659,20.68056584816466,11.672170469774139,8.318592585105646,18.358547369104368,13.128249652100896,25.917794580105678,3,77.51038040944293,1.9909962996011468,0.0,0.8193759303166123,0.7750936438535205,9.655930323333237
1.7666666666666666,53,4.030917865257699,4.755810715140585,0.5441061648389826,17.993234751332082,25.72239024277085,30.610681178765102,25.297724204018717,19.96901236439317,27.012143223906403,True,False,7.188820077270513,0.0,0.0,3,140.5861754300333,1206.5053520687745,0.0,19.21101504953012,16.731342691084695,24.234429356940527,12.67723858335815,21.022132350233733,20.900447993100077,11.395674538247839,8.109935222653748,18.234134620520948,14.492609893228018,24.475787461698374,3,77.74607644648272,3.5944100386352567,0.0,0.0,0.43914003738134294,11.160464151388483
1.8,54,5.873484230000358,4.838148985898738,1.559824709571186,17.88254431891265,24.497777519011244,29.426199380568008,25.76712791036308,19.678603879317215,23.11917890579667,True,True,8.190646126922868,0.0,0.0,4,182.83246609316706,1329.0532784557697,0.0,19.16326077909308,18.486249406661397,25.011827874794733,12.319883847735754,20.687846198557292,21.072077577827784,11.182486850439686,8.055994311704772,17.89104261305266,16.376385247777645,22.815164060884186,3,77.99084983313139,4.095323063461434,0.0,0.0,0.9548966918358042,9.58530294965868
1.8333333333333333,55,8.288067280286269,5.010059581626503,2.247473040817987,17.67722010714205,23.13592523349703,28.042090511928112,26.167165785916062,19.7306134419188,18.60383119422515,True,False,2.059237324900369,0.0,0.0,5,89.03634015409325,296.9552907877453,0.0,19.147121619803954,19.600968408124523,25.479950592788946,12.14051935279728,20.017915248436992,21.247511805278062,10.910424091234715,8.114361880376181,17.648244958343728,18.307582715958294,21.7768168219197,3,78.10328362771307,1.0296186624501844,0.0,0.0,1.846122693417983,6.122222531966292
1.8666666666666667,56,11.052344466444083,5.156109410948151,2.822219392321749,17.531145193078373,22.158572052980478,26.8001451201352,26.630774474144886,20.153121662979636,15.0502469546622,True,False,1.5860975729699893,0.0,0.3129778384586358,3,79.36912254865574,382.3753996283459,0.0,19.12840767813833,20.173473828892877,25.78378966384794,11.891285232871176,19.21256232829379,21.57142522716276,10.659503455237026,8.222409050819696,17.669673335310883,20.020359883679216,22.379001657954536,3,78.38066972807195,0.7930487864849947,0.0,0.3129778384586358,1.994788864080256,5.03651020261642
1.9,57,14.065686669048763,5.345105199611632,3.446657657223231,17.59347400019842,22.175269881571644,25.46248654305471,26.69076865679454,21.121204904635647,15.426619421801679,True,False,3.1618952374233884,0.0,1.3468176984120557,3,72.98781891325461,470.65354865644485,0.0,19.116050684717486,20.22616988574794,25.93769363576258,11.8986917974888,18.267003780790684,21.596515906723308,10.40386658807384,8.361595865522682,18.048238625982783,21.345203705879623,24.762748047428655,3,78.73853145638701,1.5809476187116942,0.0,1.3468176984120557,1.8510540103222384,4.300485027918881
1.9333333333333333,58,17.222544176889855,5.513104925727097,3.901554297921665,18.00612007193479,23.514823635372885,24.50972108340581,26.675271827510784,22.49323244273151,20.38106918784343,True,True,2.662339690596388,0.0,1.9619790734451605,3,80.75171645350859,512.0363993914309,0.0,19.154847229576156,19.552704008646057,25.893972752326526,12.305424476201031,17.60577467912978,21.769011450925067,10.247514179516388,8.584985759235161,18.701196794916036,22.21707520705813,28.34425774930859,3,78.89901763173425,1.331169845298194,0.0,1.9619790734451605,0.8058409965106985,3.9246766689431145
1.9666666666666666,59,20.62237085773921,5.468244793577459,4.003574850564482,18.59349705141784,25.629016450347024,24.01440377711032,27.172400022276616,24.214513778675293,27.11474822332586,True,True,7.170925763860052,248.21295456204595,2.018772364820521,1,78.39170834175583,511.2670075228524,0.0,19.200070776434725,18.01292564655487,25.50682319149618,12.474731269528705,17.10849650919153,22.776365547274676,10.268635578255685,8.766961799396894,19.471394344646438,22.799985307099817,32.61302484324055,3,78.85179024716825,127.691940162953,0.0,2.018772364820521,1.0548429824709014,4.345593873524708
2.0,60,24.23366951554849,5.542127623531723,4.280464081478041,19.065256300406773,27.60638880829299,23.540340636710663,26.916596767687416,26.568542390527867,33.40007543824601,True,False,6.809239362639794,0.0,1.5189790029386179,1,87.94285051158978,458.37801574220634,0.0,19.265549676511064,16.352021553422038,24.770402099520254,12.987354861305633,16.789949983369272,22.866933935411147,10.234692994281552,8.839991250302537,20.47631026717497,22.97008265163115,36.750720178333104,3,78.56429901208809,3.404619681319897,0.0,1.5189790029386179,1.2630745632425948,6.1096551987992145
2.033333333333333,61,28.262736636340907,5.41694105725945,3.7168310416410546,19.383661753951273,29.204402553784035,23.13465521271021,27.110065783792496,29.146731764420323,37.42615745421312,True,True,9.065509526146638,0.0,0.8065576667665078,1,98.02314989296866,445.1701187424287,0.0,19.339574453669897,13.400730696333504,23.536094093431604,13.619718878630371,16.55786248000825,23.795156611413645,10.438094946419678,8.966202967088567,21.406978189963706,22.876902777173743,40.787684885985875,3,78.31573503595587,4.532754763073319,0.0,0.8065576667665078,1.3093158151629092,7.501824760645622
2.066666666666667,62,32.65167804619161,5.4849563684508995,3.317297222106017,19.486017385058677,30.20757670141133,22.59279092269428,27.179851136138065,32.2147579901284,38.84290675668459,True,False,35.424124108768105,0.0,0.7095906795055863,1,120.17528008763475,378.254927218097,0.0,19.41042073543159,10.11935187925436,21.75820669170352,14.662326674688886,16.875933992142144,24.568890836453203,10.455589784870405,8.986034459673856,22.141898540722536,22.481300375294357,44.3110231917721,3,75.30179062831684,17.712062054384052,0.0,0.7095906795055863,0.9960577727692375,8.138426313272147
2.1,63,37.40224630160006,5.4456292258665995,2.5706568459903623,19.219957211228987,30.09799124524112,21.91270843804998,26.886728379834384,35.50336048616064,36.08916767691949,True,False,19.35405443719939,0.0,2.5062405084908477,3,116.57564917919716,541.9727894221218,0.0,19.42753565783676,6.327617799957232,19.592674518076116,16.074397270249413,17.35753846652882,25.589911567037632,10.490968432779315,8.840687143243606,22.33650395052251,21.869558381238885,46.93674405075318,4,74.9295841607892,9.677027218599696,0.0,2.5062405084908477,0.6974925365210984,7.444919711201598
2.1333333333333333,64,42.26478154320335,5.333057898377202,1.047173636634815,18.766294169564453,29.47451832979948,21.686203468043768,26.436488049784202,38.345500992110736,31.42988080925922,True,True,38.7295677933066,0.0,3.2872236020546097,3,162.8826140063606,869.1997050471173,0.0,19.413880271258023,3.6322722581638427,17.267180336499667,17.764118185044655,17.964792460834524,25.93027254883447,10.611042462673165,8.529570442283925,21.31436887738142,21.16884138129515,49.321166260754076,4,82.11911200392011,19.3647838966533,0.0,3.2872236020546097,0.4455952951816093,5.934836235951205
2.1666666666666665,65,46.97811902698804,5.141616989784026,1.4288224271760868,18.421114572004132,28.789132681023805,21.95523818142017,25.892238679465766,40.27812780618644,27.030926057022846,False,True,0.0,3.8568662366192537,3.290314649707382,4,184.90840398601088,929.0591319201957,0.0,19.390289460963718,5.169297095550237,15.058587108393876,19.36956195721492,18.31555286617286,25.722699461218358,10.834475157750845,8.284153058015715,18.948629552002593,20.06694213868365,51.736519044668604,3,83.03236272937978,1.9284331183096268,0.0,3.290314649707382,0.5635441077832632,5.316306990869164
2.2,66,51.355356249814164,5.021642858018716,4.004328964568735,18.051836712250775,27.889667760072122,22.40320433149804,25.709951667197867,40.118167507001615,23.327347534590988,False,True,0.0,3.1773111968149985,3.1528546527956163,3,140.56313481799293,685.2387267851036,0.0,19.358844822445327,8.091480450590968,13.167413550152101,20.848474605477794,18.319681271721432,25.055805033194783,11.012832091058053,8.264358450475386,16.344911580485093,18.75507778787219,54.489305893228845,3,82.89273694031755,1.5886555984074993,0.0,3.1528546527956163,0.4385118231861901,6.928538568223378
2.2333333333333334,67,55.35486185754983,5.015758442249663,5.8586258174005055,17.61142481390715,26.609881141285896,23.001043018306735,25.90855390886827,36.9071332300913,20.62279440787728,False,True,0.0,0.9575079810860205,3.0988920673200733,0,119.5783861688237,436.21275777325104,0.0,19.38065093212933,10.798440669760707,11.548023768587763,22.163210383606327,18.011564208833665,24.233675411272802,11.084040243652279,8.45851182003884,14.471292174896211,17.58243803068573,57.95697639563804,3,82.64185359935091,0.47875399054301027,0.0,3.0988920673200733,0.0,8.134424365733441
2.2666666666666666,68,59.1408365498442,5.019634159293796,7.476408747625358,17.137464024167855,25.04602915652285,23.581981378308672,26.355536870906636,31.617747335299455,18.628851041576628,False,True,0.0,3.0271672510304626,3.0681833960955642,0,122.31743666722346,673.4818233734196,0.0,19.423979360515567,12.970667394795013,10.296950762382819,23.15511137194901,17.495709550584447,23.300007857603884,11.09389190237592,8.726746750146756,13.88987034398195,16.524908442091032,62.16479310609013,3,83.06706571092957,1.5135836255152313,0.0,3.0681833960955642,0.0,8.335624961822308
2.3,69,62.92626071091797,5.003515924780533,8.883828455930166,16.70049691143992,23.490503515545093,24.534373607523523,26.63580416670797,25.631277144038545,17.16055914391032,False,True,0.0,5.078330536841056,3.016815566359084,0,115.84029309144915,551.7055734950063,0.0,19.41898117557173,14.477654983914135,9.443017780454163,23.79770785555911,16.940036656266578,22.342562530628776,11.0713283547669,8.968956117922922,14.572770009201841,15.512424145132353,66.74192281300864,3,83.24864166926291,2.539165268420528,0.0,3.016815566359084,0.0,7.395801122161055
2.3333333333333335,70,66.65002642444843,4.987116768509137,9.767011810706574,16.35260557999811,22.21382245459548,25.922787990223256,26.871084241924486,19.781745894916526,16.279671691317656,False,True,0.0,8.543899921845318,2.987340191097625,0,97.36099184000359,373.9222084746673,0.0,19.392994286257924,15.315324050764604,8.768490006487653,24.158088372251143,16.472672244124883,21.52904135103934,11.035370106219537,9.171481730746034,15.920346127498073,14.669985606200516,71.60036677542749,3,83.2152208137081,4.271949960922659,0.0,2.987340191097625,0.0,6.51342567068343
2.3666666666666667,71,70.30260135221262,4.9888202313154935,10.472942892237294,16.164737196142525,21.502354318542537,27.105898312051497,26.96386865730453,15.946860798947545,15.992789505866565,False,True,0.0,12.295826345453536,2.993476328081979,0,88.57999363659911,576.6236889721607,0.0,19.375237069112444,15.455447705494022,8.37347885066727,24.247601937098626,16.280040757965146,20.924334569681893,10.99157344509804,9.310015969794822,17.37134063914102,14.132569723914468,76.7271096078859,3,82.78696962442623,6.147913172726768,0.0,2.993476328081979,0.0,6.1040766538474935
2.4,72,74.04930233216092,4.95141236908021,10.699684280935884,16.277238199043058,22.027247921864703,28.371409028240045,26.717831604470536,16.700051667432,16.31969938731622,True,True,0.0,14.564017270232856,2.9787875727831894,0,84.62245007520825,524.2058567066856,0.0,19.357710396607107,14.687431967439194,8.176473064661497,23.7107427996669,16.498480461866443,20.674815505825542,10.97074003652508,9.385994027677375,18.64328563707112,13.943907400846777,81.89733781930133,3,80.96109139441066,7.282008635116428,0.0,2.9787875727831894,0.0,6.179153943630758
2.433333333333333,73,77.91703218750725,4.906882839397275,10.757899666202057,16.71404292440779,23.54180722279689,29.433832507040847,25.969821702730545,21.421144704186997,17.342429977229173,False,True,0.0,5.327360671589328,2.8279165569801297,0,86.32063771702256,607.4208309489421,0.0,19.343685749538057,13.371549466311391,8.669887885689576,23.20650435259808,17.00495451064765,20.834981126914343,10.955076860414534,9.472596767989346,19.485031772838973,14.199146481987318,87.09010462294309,3,78.96467649898399,2.663680335794664,0.0,2.8279165569801297,0.0,5.542347305179549
2.466666666666667,74,81.77870202744477,4.8347768024545985,10.930180664847065,17.184055724005663,25.489850260248804,30.375447659779493,25.199610233728947,27.63765852056954,18.74668462691724,False,True,0.0,10.807167357958077,2.441375344373457,0,121.50708966914402,650.158447965573,0.0,19.322574179887077,11.378978597924206,9.436163455152236,22.210480925312652,17.41092620579094,21.007545622505738,10.995898776024813,9.504485035124002,19.96613151060524,14.568250510762876,92.15112356404144,3,78.01206001968349,5.403583678979039,0.0,2.441375344373457,0.0,6.513393168289329
2.5,75,85.87958937204108,4.8649331631337445,11.00116208517241,17.56737598361687,27.176637793205906,30.68321135429695,23.977742015433957,32.96791976009441,21.0776780429983,False,True,0.0,9.901604973743181,2.4487678358899725,0,128.86247669800446,588.8107878313898,0.0,19.36004322670565,8.822496142862336,10.607110535932753,21.10858224186974,17.696097255214035,21.30127210754306,10.980605503873218,9.539217511565507,20.16461330878826,15.22405074707487,96.56572997395637,3,76.0904521469169,4.9508024868715905,0.0,2.4487678358899725,0.0,7.573672506967028
2.533333333333333,76,90.26326184228101,4.85984319655528,11.149481152975257,17.65780927739438,28.129048585043193,30.591311603416916,22.509856364802864,35.512561904166226,23.902464467786764,False,True,0.0,2.9311234528131473,2.4324858716188067,0,141.98049863066782,971.280075021718,0.0,19.32557685047334,5.748704035419301,12.187244831093585,19.475370754590124,17.936596109725595,21.553495770145375,10.852477295638522,9.50791491271334,20.08984023676893,15.673724024174831,100.21188808245456,3,77.74435104595362,1.4655617264065737,0.0,2.4324858716188067,0.0,8.514933357494224
2.566666666666667,77,94.85308342969859,4.824075170068031,10.823387175000974,17.619742740192994,28.56109070832251,30.5531511367911,21.414472761606362,35.10107450548479,27.175664429407792,False,True,0.0,13.774156662459644,2.2883341086534417,0,125.42441642720603,471.7575647859518,0.0,19.268136200967383,3.1172061475661645,14.277678595060692,17.531184480582326,18.41875743318103,21.761206422002438,10.773463083044023,9.379457893734394,19.90424650153468,15.620441511931663,103.07735339852238,3,74.75497100600853,6.887078331229822,0.0,2.2883341086534417,0.0,8.761856407987766
2.6,78,99.75155262158437,4.74408129338415,10.026242691253309,17.72261712832374,28.59111401722473,30.584958472154288,20.892045368698312,32.180959204421775,30.706493023624542,False,False,0.0,0.0,1.8974755412639261,0,172.02819941037492,1176.088501458347,0.0,19.10995939775265,4.750422838220696,16.913642616412353,15.136236253673255,19.390319913269355,21.866782135826902,10.62780089275631,9.113576562488952,19.992043454881074,14.574016790675634,105.35071040509345,3,75.44899532727982,0.0,0.0,1.8974755412639261,0.0,6.995021632276509
2.6333333333333333,79,104.34009024373754,4.590855716874032,8.095292284646137,18.14217015392977,29.10169555129562,30.75323209721169,21.35131185289415,29.778598094773496,34.52364016030314,True,False,0.0,0.0,0.9718926018354983,2,226.56159752879623,2113.8506480162737,0.0,18.930020586478395,8.963015142541122,19.599889999392268,12.888990696172886,20.51836849652652,21.994088260371598,10.741822599372947,8.639468153114576,20.611570265747577,12.838535904046186,107.42880194489403,3,76.71871946319287,0.0,0.0,0.9718926018354983,1.60484072560441,5.497651787910137
2.6666666666666665,80,108.47586117490525,4.554415972038017,5.177509993085179,18.62169249420534,29.75940412133139,30.701867827839248,22.947883971652136,27.886958539960858,37.50090614587331,True,False,20.947596347969274,0.0,0.06984782283841985,2,217.29686237154007,1698.0645455406357,0.0,18.724295918174295,12.841163124212757,21.8187112291135,11.173883004953458,21.28811168597717,22.33187221508338,10.921418483477542,7.9339918459499374,20.981660934344013,12.272662486468516,109.68211600888411,4,77.57370579807689,10.473798173984637,0.0,0.06984782283841985,1.0069420291408073,8.160855659585279
2.7,81,112.2805293072474,4.663716810644458,1.9430132040451134,18.85218887328746,29.426268539251225,30.177134664351446,25.316771566678092,25.883551270000765,36.32761665597459,True,False,12.56211419088501,0.0,0.0,0,101.6923817930452,398.55307629792105,0.0,18.679273167045483,15.565960937886539,23.37522529025273,10.220738049269192,21.377432888358054,22.91461318536972,10.912204473126119,7.55097765540108,20.729031944670947,13.752301350927118,112.98271161338624,4,78.20210068494715,6.281057095442505,0.0,0.0,0.0,10.34412802735031
2.7333333333333334,82,115.95127425787919,4.811342248914752,0.1361788810291355,18.735612155054046,28.155979602564095,29.3317614677188,27.96141545991836,23.74749845718339,31.583243025435838,True,True,3.4923908423481724,0.0,0.0,1,155.2977847346786,1232.8730779752536,0.0,18.737415592577307,17.290897849487493,24.337987742870798,9.665902510529897,20.74032292585687,23.12579090782428,10.753552381782407,7.488184934536102,19.94741991344359,16.322789156645477,117.24068390778694,4,78.52621583809326,1.7461954211740862,0.0,0.0,0.29902695302795074,10.98913769525526
2.7666666666666666,83,119.64219826103178,4.967969966203444,0.9703652897088471,18.397093527958283,26.52620525048895,28.203807261824192,30.442195423082236,21.667449806251664,25.791368510797703,True,True,6.510593610974628,232.35911686073666,0.0,2,200.94895038679383,1661.5055216915343,0.0,18.815854426376273,18.233834832702094,24.85328154082844,9.374856815478768,19.538813100662562,23.056877659639337,10.527260514862224,7.602126486660428,18.838166333542127,19.01051020666623,122.02400363195287,4,78.70863480336777,119.43485523585564,0.0,0.0,0.390664865589619,9.116791711378294
2.8,84,123.40688596590485,5.10578538660088,1.5626932598120735,18.05007571606643,25.154485732719905,26.822044334860735,32.92439754014802,19.80271011526034,21.068790940610544,True,False,11.233855010103538,0.0,0.0,1,129.18169198395574,850.2644581502971,0.0,18.886454507617703,18.506938475675636,24.984120551610623,9.410288839174266,18.056836641163475,23.03209948554575,10.350430154167126,7.73131923478015,17.65950697918711,21.51519794119501,127.08995517970243,4,78.5947711100325,5.616927505051769,0.0,0.0,0.08033372779401043,6.395543376311014
2.8333333333333335,85,127.39680110934653,5.186899745483897,2.2780218253547004,17.96974353311229,24.92676654727037,25.509530191054008,35.15506436757454,18.331626021480655,20.710845608972267,True,False,6.5478586150714,0.0,0.301825556295988,1,105.31648807241997,444.54816382253955,0.0,18.924351894882026,18.246021150479258,24.901585058570593,9.670351132167935,16.658336644141393,23.310972267034646,10.248937083375953,7.814833471267563,16.556097966748226,23.50760013893526,132.50479721631507,4,78.47379854542953,3.2739293075357,0.0,0.301825556295988,1.0279206116070696,7.2440868656405355
2.8666666666666667,86,131.659088073266,5.283843355080342,3.2766896901280385,18.306896528968895,26.213743278571823,24.34995238679199,37.147902891572556,17.584455722745847,25.77266211317687,True,True,3.0595838348934814,0.0,0.7770583324767262,1,102.38662768534121,724.6830874441321,0.0,18.95596502014953,17.490272462090157,24.76193451232348,10.026477423955404,15.6257345582504,24.101858414007797,10.145915205402048,7.947282178477885,15.825920495993815,24.867114549595605,138.12560542405677,4,78.27464860686231,1.5297919174467407,0.0,0.7770583324767262,1.8091796624598238,6.6589175235988805
2.9,87,136.00950044975846,5.450122525560952,4.441183116986627,18.953947537629496,28.533037384764203,23.74099732858467,38.733152286872915,17.942725134110212,33.715274789489,True,False,7.165877982067497,0.0,0.4210283207354527,1,149.89031415287474,1222.94457097959,0.0,18.995910491817238,16.408662908881826,24.433092116442996,10.533188347918081,15.344309016193385,24.888339421826302,10.000803442377366,8.080992805650258,15.84106385544638,25.650701118831748,143.99379110023128,3,77.88096105898198,3.5829389910337484,0.0,0.4210283207354527,2.1439191419106693,6.637772270260215
2.933333333333333,88,140.49198213488475,5.466206131074869,5.020406771070049,19.70601396385314,30.921988923727394,22.741314773228343,40.16085917302273,19.268928185971497,41.51685356268702,True,False,12.540859158633937,0.0,0.0,1,142.62277306319692,686.5703726552806,0.0,19.056481797666915,14.595053825074029,23.874093926128797,11.300691680479751,15.96219124201216,26.375766860379883,10.061120685903685,8.30898711038542,16.465415948411763,25.902450686445157,149.26486478086377,3,77.60574165274156,6.270429579316969,0.0,0.0,1.771717671266937,6.699869124984684
2.966666666666667,89,145.24168810259442,5.58356645336251,5.170766902672434,20.349222352093115,32.95777128720358,21.92964624699002,40.9575791791865,21.701810553826206,47.24204916881157,True,False,26.158332773529402,0.0,0.0,1,214.63504481064254,1583.534086759248,0.0,19.123085340089556,12.286867164640993,22.953360641825142,12.37491954728296,16.93285454307693,27.565088383706254,10.092191532305453,8.462501033833465,17.768306275305417,25.84807567051626,154.111700672211,4,77.04998648794876,13.079166386764701,0.0,0.0,1.3298268893369904,6.598547087845936
3.0,90,150.14034899486853,5.684847835117668,5.35387861583676,20.801431106981426,34.346943161075025,21.25593566030598,41.27401324138616,24.96502297143281,49.892800771175175,True,True,14.881356305650087,0.0,0.0,1,204.90706034903707,1705.954263826169,0.0,19.16637624890419,9.527800971359326,21.59012347189502,13.831146064830161,18.247284307372936,28.741165613667114,10.075800338460143,8.488643915213931,19.14448567831864,25.820867350399755,158.17373872300834,3,76.74146151148157,7.440678152825043,0.0,0.0,0.8167913612651033,9.548508922689694
3.033333333333333,91,155.1878270954734,5.6901351207121476,4.609187939061273,20.869541708861757,34.812564318509395,21.11907606131896,40.799262153265495,28.569255227957402,48.762663831495715,True,False,17.58337017363918,0.0,0.0,1,167.13720302783412,642.6261879049754,0.0,19.20880328445416,6.635531639888503,19.76937404680049,15.442495415640972,19.403035676774387,29.55378042162619,10.159513916049303,8.452502213253437,19.975645516491518,25.192186227909826,161.32701199870758,3,75.52141102693177,8.79168508681959,0.0,0.0,0.3346570070760781,12.053547359410402
3.066666666666667,92,160.38927755294182,5.577170388568797,3.2189500881977215,20.682714252569216,34.66629402341288,22.040116809856116,39.76754400102155,32.187052084526094,44.67046319824776,True,False,24.803807239984348,0.0,1.2884126771465843,0,178.71416624518517,805.1448165205113,0.0,19.23640019061394,4.232361322017555,17.64914739454267,17.129010547673037,20.200026922847673,30.13035550182625,10.312675540902,8.287826172728057,19.902201957988076,24.495532143747482,163.9488263756836,4,75.12223369730296,12.401903619992174,0.0,1.2884126771465843,0.0,10.318162775521255
3.1,93,165.33643738307262,5.332111866240108,1.399271133243341,20.46104644021955,34.340911914166746,24.06117510391161,37.99410057068889,35.19906768581398,40.10930429625251,True,False,36.046868945940794,0.0,2.654196026728024,0,280.4509657957838,1589.2407250153478,0.0,19.290913505199256,4.10387717946989,15.649976272730774,18.65860181497431,20.632642636586407,30.013480922962238,10.535344676735576,8.234957483906586,18.29655836379015,24.135696090271086,166.40827653289222,4,74.83863543214707,18.023434472970397,0.0,2.654196026728024,0.0,7.733579870257035
3.1333333333333333,94,169.9362480997915,5.0466587122342315,1.5338464292336889,19.983876472602326,33.48471521871821,26.503804581712824,34.925718673289815,36.797641868413194,35.711695751457015,False,True,0.0,0.0,2.587680544557432,0,295.3812321437576,1216.8407270489336,0.0,19.250745166452294,5.917990031370977,13.893816931881675,19.779263362031188,20.186916377581266,29.054668349150038,10.715850424642332,8.30157078310692,15.408844838517915,23.309619949427432,168.87169676375504,3,76.52917164460092,0.0,0.0,2.587680544557432,0.0,7.06152372683408
3.1666666666666665,95,174.02571460659956,4.954050041408264,4.230706194406987,19.32307740182963,32.03097926191049,28.70656278090886,31.563474332982157,35.64861365441141,32.205266279339526,False,True,0.0,8.031045477619788,2.4859161480812486,0,195.647360465736,964.5789926841917,0.0,19.184558324306607,7.9556210428321075,12.339243443512785,20.97057700773307,19.08350104901263,27.50934048541594,10.757255285821167,8.57552155486353,13.172200945826654,22.174424840478057,172.02106429493833,3,76.96330695904116,4.015522738809894,0.0,2.4859161480812486,0.0,9.322676771068036
3.2,96,177.7020168059855,4.970181606456436,6.1065191037721895,18.619289350634354,29.956853227085332,30.459076510246952,28.748503757989223,31.042059007969875,29.57777363213527,True,True,0.0,7.35959812133507,2.516627776262742,0,175.8659822835803,1320.3055765466233,0.0,19.209100180216407,9.741782563258198,10.998992998339405,22.17760912010287,18.144155013162898,25.977675548630195,10.70801121868353,9.00440253647875,12.441255323381228,21.05894284892054,176.23364145123523,3,77.55243688911403,3.679799060667535,0.0,2.516627776262742,0.0,10.278409008579025
3.2333333333333334,97,181.19789398005503,4.9915386022907455,7.372678468910478,17.99009821487867,27.6249761636755,32.06247042560684,25.965789928115417,24.93357183586079,27.53807246511893,True,True,209.0848103545415,7.888252211864496,2.5729029307253124,2,138.34409691884238,667.3778906758571,0.0,19.26745571912856,11.173697205448043,9.985889093641715,23.234906890144188,17.62031810359904,24.67445870843362,10.654012434125047,9.41214677198453,13.320277779782735,20.00840586219055,180.98663828759751,3,77.84686115675652,108.486531283203,0.0,2.5729029307253124,0.38408131507784155,10.688092495512743
3.2666666666666666,98,184.71770866319864,5.019938832283987,8.143088148906088,17.588427526283557,25.939529131191623,33.76798772730478,25.412523848399545,18.686580634917853,25.891024314144335,False,True,0.0,8.15991011737269,2.601887731537075,2,137.3337403049124,531.6187144467647,0.0,19.292391980194186,12.153752993294841,9.239181708387855,24.00655623954354,17.62193584815562,23.34880874152231,10.604745899906952,9.715153710971242,15.007778725767512,19.07799052174281,186.31141183141384,3,77.81127976892765,4.079955058686345,0.0,2.601887731537075,0.30232855498533867,7.97419364766749
3.3,99,188.31015997907176,5.10545484572722,8.944812502669693,17.356190568453023,24.969148599416663,35.226889472042174,25.97690062248162,14.046634438620941,24.62616986452192,True,True,0.0,13.475269997765093,2.547738556428677,0,133.32172115506845,608.5707773111067,0.0,19.18537697859425,12.58426498487041,8.877688269254067,24.379122966848037,17.879460009133833,22.298522565688547,10.363081361269549,9.877777686254758,16.583240597607542,18.43772870960771,191.87467581480504,3,77.64498200574967,6.737634998882546,0.0,2.547738556428677,0.0,5.901144915286159
3.3333333333333335,100,191.96691794212333,5.2421290367076985,9.47055766203748,17.50179784442269,25.522641746915326,36.48473557051978,27.556417471140666,14.329776859197278,23.71963708680358,True,True,260.9453773888665,18.298539427194516,2.377426473624032,0,130.18963785476055,631.2369542108777,0.0,19.08827282893458,12.277362475935053,8.86031577181709,24.24794835600901,18.521021083353826,21.367592944964546,10.104469143849908,9.946941393028707,17.949231924080756,18.073244756705595,197.5841966991374,3,77.06589566834928,139.62195840803054,0.0,2.377426473624032,0.0,5.762964510424628
3.3666666666666667,101,195.49998322846355,5.3837712570900305,9.745037911243113,18.03665418325239,27.45355313728355,37.58183728355395,29.451809323465845,19.554320448007616,23.22624549410677,False,True,0.0,10.201844755578705,2.1464580586119437,0,107.6978566979261,566.3644197955347,0.0,19.067820014104235,11.28090500692444,9.28645347825802,23.89963828152689,19.258246668194527,20.87107891961035,9.969304865510836,9.982559988449252,19.176896491018503,17.942696486054555,203.16383388824315,3,76.55957302503512,5.100922377789352,0.0,2.1464580586119437,0.0,5.441802246078235
3.4,102,199.11770955972636,5.450990289089075,9.705046889378123,18.682272425099715,29.85061072088209,38.69357984697774,31.223194241852543,26.26993622395401,23.215732570744077,False,True,0.0,7.23280694093382,1.8251539885446793,0,85.40222076171524,462.4921737907751,0.0,19.056416075071457,9.628564601712757,10.136271901614126,23.223083446762445,20.021683472123268,20.733047606974907,9.922791821413073,9.983974557784379,20.052316224762777,18.07349378474822,208.459470409638,3,76.29805559796436,3.61640347046691,0.0,1.8251539885446793,0.0,6.577158320594139
3.433333333333333,103,202.86048376770302,5.427175162346165,9.41014154288599,19.29606418293329,32.083061437586316,39.71858779131753,32.634912966624086,32.21235698895784,23.766388003445805,False,True,0.0,17.884309165555177,1.4949782857324772,0,112.21462322333774,802.1624417020535,0.0,19.079000081505644,7.3424456569278025,11.419653068480724,22.143689335744902,21.00297058851404,21.25286750679636,9.965492763411822,9.909698280745236,20.592792470809513,18.400107240717986,213.16489286892022,3,76.01633742814853,8.942154582777588,0.0,1.4949782857324772,0.0,7.970069210191657
3.466666666666667,104,206.86568084001004,5.467629791517837,8.898216124398605,19.706196965777185,33.654763176166966,40.02761801634529,33.18254379696004,36.013757461981506,25.395133429381033,False,True,0.0,12.140035225663476,1.5745617601261166,0,129.7531789023005,616.9790311158479,0.0,19.142322304776187,4.735450872997983,13.054991612986209,20.891119917309496,21.566066746487326,21.84381563695706,9.934885017467607,9.882717977589968,20.779203869542144,19.143327825875893,217.12006606443862,3,75.0801031621186,6.070017612831738,0.0,1.5745617601261166,0.0,9.222430436293818
3.5,105,211.11988689344906,5.395233574756542,8.587346285198636,19.833671637248294,34.37502304584119,40.01728987576455,32.84170520346476,37.18612015747462,27.454976946660846,False,True,0.0,6.488751522828627,1.596120131789992,0,114.77978769036558,422.6922030150482,0.0,19.198908370137037,2.8148018189309334,15.114143306406724,19.00106929681854,21.92340687845617,22.06993854822988,9.935464176251536,9.912342656590003,20.601357057019822,19.43355026651902,220.4158569417956,3,74.89821250223625,3.2443757614143136,0.0,1.596120131789992,0.0,9.083005438096569
3.533333333333333,106,215.4843973432028,5.4517381289036155,6.62464739520206,20.21588745577648,34.71531480994297,39.826519971016,32.39866566990718,35.795624849880156,30.84044874896852,False,True,0.0,29.101464240427234,1.4585671183894016,0,155.7363444885511,484.62547981851594,0.0,19.33002112835621,5.208619904920425,17.341923483971513,17.24771067185898,22.35775251836046,22.71848738967921,10.144666915133978,9.81469961717502,20.203969980095685,20.009200987323737,222.93624387505187,3,74.8226397974733,14.550732120213617,0.0,1.4585671183894016,0.0,8.253737848380238
3.566666666666667,107,220.17208600740145,5.3234455273144405,4.10968955914677,20.582319297652937,34.52759605707117,39.410341745975316,31.286366425341733,32.72099463310648,34.692681423861146,True,False,0.0,0.0,1.0067191295250004,0,228.16986155013473,1046.1045236048817,0.0,19.319822026629367,9.699769487491846,20.040578319663947,14.974838627189255,23.195027474315925,23.357048728112574,10.395783416077576,9.477951181236225,20.485749449358043,19.677836526434593,224.9454678385444,3,75.84677975520266,0.0,0.0,1.0067191295250004,0.0,7.067367823922884
3.6,108,224.62468550915614,5.233675693504935,1.1297746101918358,20.849972327399655,34.20316560334859,38.05638615671296,30.218612684821792,29.917231240198788,38.620432331660794,True,False,15.463531906196376,0.0,0.0,0,196.31887602406204,1050.4169350987336,0.0,19.245450431947237,14.089058507706806,22.40179820672619,12.86831183892558,23.64529083261948,24.175673576778518,10.68342864633892,8.875283269258512,20.934034831011616,19.018592356287638,227.0429693230242,3,76.63157022365195,7.731765953098188,0.0,0.0,0.0,6.774981093622329
3.6333333333333333,109,228.65601167613056,5.358662733156527,1.5275228514441619,20.692831756021267,32.98632005098972,34.887007810618506,29.42631950673105,26.887016324772034,40.74493656183729,True,False,18.79417520505825,0.0,0.0,0,143.95035737427168,566.2203055617015,0.0,19.168570240269347,17.31676736954863,24.085859669894752,11.31725040923025,22.968737730653327,25.142150819660724,10.67705495040377,8.316270735194928,20.588076508696993,18.866457702807413,230.01693617745548,4,77.50459330306164,9.397087602529124,0.0,0.0,0.0,10.022924508554103
3.6666666666666665,110,232.42069826035655,5.522361190570413,3.8260322750950295,20.120631372214085,30.731446335067936,30.487335743079846,29.169641184270194,23.476987106422555,39.79182130649915,True,False,26.539507491069507,0.0,0.0,1,143.4479646620211,465.01028897818287,0.0,19.133086100646313,19.309205582535796,25.145711431113337,10.362295277583856,21.368159809622608,26.23871810196274,10.477387908159288,8.020944449366223,19.360107837016084,19.468068744933273,234.21079951672868,4,79.00166074632904,13.269753745534754,0.0,0.0,0.14219105630789486,11.168359285893857
3.7,111,235.92080331659116,5.617177826999931,5.558106589426351,19.395961291180562,28.158795545518117,25.933629597467146,29.623053546895495,19.828345107078928,37.250153930630894,True,False,22.250192807914896,0.0,0.0,3,137.9571741275324,747.3596259744558,0.0,19.111829249173567,20.48621716648545,25.65534394600053,9.69205159083604,19.458552991559976,27.5040052832351,10.214771430543358,7.885777429905111,17.60546420491342,20.69022389298339,238.7747221298932,4,81.17372082957372,11.125096403957448,0.0,0.0,3.3508143226164826,10.599485833639415
3.7333333333333334,112,239.24999836477744,5.6627046974925594,6.686182064373597,18.713117214095462,25.75659083359981,22.68879352187692,30.80930432168443,16.05923964221259,33.46902584862529,True,False,15.26012463179017,0.0,0.0,6,110.74494965992021,662.9907850196917,0.0,19.057453438832233,20.96027732918893,25.80835687350604,9.312204734669285,18.365516580646794,28.764719782300645,9.973558775341196,7.757242584629373,15.404491190012596,22.266573587905565,243.5223824797326,4,82.22947847905755,7.630062315895085,0.0,0.0,4.856359027658221,8.853434360337582
3.7666666666666666,113,242.41504474287163,5.71698685130182,7.257269640197589,18.266757612006554,24.08864281183561,22.479395101882417,32.23041225567436,12.359745800136377,29.285018089649277,True,False,10.70627974740997,0.0,0.0,6,135.59606204717417,724.6179558884356,0.0,18.983750340164825,20.68513166021424,25.723236873213136,9.269120360653126,18.93585504360756,29.6716526690872,9.730250871026158,7.743765399956744,13.048189311659922,23.85584040317301,248.2994921997829,4,82.96454447760557,5.353139873704985,0.0,0.0,5.0403754275170165,7.452867513467167
3.8,114,245.34561773081614,5.809262940831472,7.932314085470263,18.097756549353225,23.47309152721812,23.674297850947184,33.70031736033618,9.221504071789886,27.296246825799237,True,False,2.3177841094280582,0.0,0.0,3,137.37279166006812,944.9192023071411,0.0,18.94241107388635,19.64353304746646,25.492890278196832,9.630498232511231,19.795992798479794,30.491437022087126,9.341112404574028,8.040721920017758,10.874414842702047,25.320970511504214,253.37279509833496,4,83.12455334921084,1.1588920547140291,0.0,0.0,1.9916774129186285,6.861078863350633
3.8333333333333335,115,248.24367336312662,5.940002399573407,7.902244028479307,18.069457835891196,23.77557250904808,23.966602291805625,34.6145777838197,7.175139144507065,29.34597081605993,True,True,11.634897603854277,0.0,0.0,0,120.6686362339155,785.5250994349383,0.0,18.914070666169753,17.979734666345742,24.88823823698007,10.30527560663501,20.10618893988961,31.108420745040515,8.963418889286425,8.408202960925275,8.898811111276984,26.367215679626284,258.11100720527236,3,82.85436876796737,5.817448801927139,0.0,0.0,0.0,6.3782147579833115
3.8666666666666667,116,251.17082026192855,6.0364215751644075,6.880444826380399,18.222424376289585,25.144213741733413,23.88724467630759,34.80119866111279,7.114242529451362,34.77416910006191,True,True,2.6470434688194917,322.32124938851484,0.0,1,168.78254829959863,1468.3324539640626,0.0,18.879192110360933,15.968869596290824,23.943634827908035,11.092674843451924,19.771800125908317,31.376002751532884,8.711235436011536,8.71726342418431,7.492383746568946,26.8064538151924,262.7669549740628,2,82.6671405575613,162.48414642866717,0.0,0.0,0.03432905466733211,6.86493162620867
3.9,117,254.05477790861391,6.1050944909362475,6.506352959073141,18.62921266697587,27.301609913767333,23.974166408233604,34.60743630756889,9.039926610428086,41.58491032883876,True,False,21.106953128801837,0.0,0.0,1,164.4694247733339,1185.5468104056774,0.0,18.88135693105454,13.686896587465453,22.913186940041058,12.206617249773789,19.332961281803286,31.545098373910907,8.60789440032855,9.000487458798707,7.151778670795355,26.905472455597113,267.158773975924,2,82.69408222768783,10.553476564400919,0.0,0.0,0.5407065942829372,8.466752197810509
3.933333333333333,118,256.8826599901267,6.131580529180725,6.630532386126424,19.074825491720997,29.46615708784516,24.326121729795787,34.082292919937395,11.972018839648387,47.48419486199907,True,False,22.98303240202949,0.0,0.0,1,111.31461748352255,540.5796375816008,0.0,18.938935934831594,11.06834581874043,21.56999561026689,13.739097486898105,18.884272669077575,31.613075501500777,8.69651069948997,9.21493022552038,7.423652954772904,27.108937123335664,270.8972619217382,2,82.72618790202655,11.491516201014745,0.0,0.0,0.9867021028606947,9.529252043849239
3.966666666666667,119,259.67894331429545,6.0907776717502475,6.864176266173425,19.347999983397916,31.040094495417147,24.85295410232435,33.305678961246635,15.294139605645892,50.70760531245172,True,False,15.686696149127567,0.0,0.0,1,166.77750100501197,1763.7898779973416,0.0,18.98584891338625,8.174468327708832,19.889988335374724,15.50086455248421,18.4505617977127,31.69590471765164,8.820411576529294,9.355070853493563,7.732425707289547,27.45407698766933,273.7559085195104,2,82.7177452171004,7.843348074563783,0.0,0.0,1.300395745365439,8.147343088761307
4.0,120,262.49085257954687,5.943917705747815,6.032395150557699,19.249305364099545,31.598635160435094,25.095486583360255,32.100117338312124,18.63524649604322,50.563690224024796,True,False,15.777270941312624,0.0,0.0,1,159.69169831754098,1654.2927899752292,0.0,18.980106832954487,5.2260235997406586,17.7746505851372,17.28480812360732,17.987119661122446,31.58275120984646,8.994375015825456,9.325456906233569,7.9561954971870215,27.233552388098207,275.8318871129707,2,82.62604431381185,7.888635470656312,0.0,0.0,1.4205321417567751,8.243690943156272
4.033333333333333,121,265.3380679767327,5.795189043517146,5.503880442697169,19.02873358657,31.47771020435448,25.315470595438487,30.826099777962074,22.03727220401116,47.73199824000621,True,False,22.44916325757373,0.0,0.0,1,127.77151405069714,613.8977860062633,0.0,18.945607671758346,2.956042866274149,15.580052076564629,19.253085052362838,17.914608805679354,31.3782081717708,9.20565055290531,9.161614189572246,8.111740158932843,27.01355343531159,277.41687919072564,2,82.22315644069604,11.224581628786865,0.0,0.0,1.259009902105601,8.590690325494903
4.066666666666666,122,268.2337732871098,5.592046821550911,3.5621572019887706,18.751163798978094,30.775306716486927,25.001942458695005,29.218409721015163,25.04434352597979,43.83653116025775,True,False,39.60520401697224,0.0,0.5023546549827114,3,208.55059703441614,1185.9085317255067,0.0,18.93623251581559,3.849490012329083,13.419628638440189,20.71170458272603,17.85185834071864,30.602157165257164,9.522233430711314,8.935166951000815,7.881773526329661,26.455984955395234,278.9333125494495,3,80.67041395027186,19.80260200848612,0.0,0.5023546549827114,0.9773175050345365,7.017732656295492
4.1,123,270.95737291470203,5.347883867629921,2.1452432200819294,18.665948901599418,30.098444271122883,25.227831144852026,27.413294062043143,27.254745442064397,40.49790643553197,True,True,70.26747226856398,0.0,1.1633722920911342,3,276.4953167903595,1574.2548305882092,0.0,18.98676573992125,6.32980993916992,11.89917295406505,21.724568764159553,17.948133461056763,29.26365435181648,9.801699705984793,8.974825652793394,8.637203678454794,26.02962219207776,280.23692356362096,3,77.6361954609655,35.13373613428199,0.0,1.1633722920911342,1.3516548852402863,7.065205282304462
4.133333333333334,124,273.16626054789526,5.113154903541273,0.024534379594634555,18.37705320826765,28.77765814456248,25.11501145667035,26.159622750857075,26.453755675892676,37.382242694829806,False,True,0.0,17.041536863301086,1.0576464456865744,6,183.09267049468903,537.3485426423517,0.0,19.08219616249261,8.634507664508096,10.790257474092362,22.422705637964786,17.30318996135985,27.445161049278234,10.05312209403839,9.27259861383333,10.461344241405163,25.08008264679199,281.6984120928893,3,76.65566914354734,8.520768431650543,0.0,1.0576464456865744,2.0079251919524914,8.46720251192276
4.166666666666667,125,274.8536352118639,4.9949988954092195,0.6424005373623439,18.09186489465788,27.170456541131927,25.120400827609433,25.935062935991276,22.32790361655251,35.298458784374475,False,True,0.0,9.470045653257383,1.0882076340626001,6,164.8838344979604,641.8998328042276,0.0,19.276366696674813,10.551249396088718,10.103421215931508,23.233808577278868,16.318340710177324,26.38679463824989,10.376582103985891,9.654842774235368,12.5741340372106,24.220607105507536,283.1065202434846,3,76.97157204953538,4.735022826628692,0.0,1.0882076340626001,1.5987189964198703,10.752815376668844
4.2,126,276.34392581371304,4.907305918764537,0.8222218047073343,17.82438165693453,25.546609731789328,24.95363968855543,26.857672653105126,16.702040963844563,33.67308562165219,True,True,0.0,3.9839954705304006,1.098939995129677,4,168.01647376151894,980.7857287492967,0.0,19.4192224392331,11.810738023126982,9.685668800018032,24.105172889472847,15.540113721694798,25.9338910812927,10.603590348069197,9.900985306023228,14.625974097101807,23.553929220827932,284.50230123996437,3,77.8282083101793,1.9919977352652003,0.0,1.098939995129677,1.5878665023094536,9.945263291394964
4.233333333333333,127,277.6727567332034,4.938573086056708,1.1345720809185709,17.58768709346516,24.164955391493752,24.966898388774226,28.941306427282505,10.531141810729808,32.220474939188485,True,True,178.22713442469538,4.273087448758862,1.0790940439023118,1,156.73723409250056,507.9870468631971,0.0,19.503915652579927,12.564506268915862,9.503815208655613,24.76931087951488,14.952105279375402,25.704494047504618,10.700790017041498,10.065040888997984,16.38060853305051,23.010898060366106,286.0176837674457,3,78.5999709259904,91.25011093672713,0.0,1.0790940439023118,1.2205713603441222,7.432212768831381
4.266666666666667,128,279.16822757221655,5.020911297178509,1.7882280517729867,17.45705308574692,23.472999749625618,25.891264879304675,30.858825473059692,6.308700443535803,30.833208202602304,True,True,193.36221145722382,4.596157634730883,1.0220851689732229,1,129.33974553541177,422.357564400333,0.0,19.498908202771233,12.583698117271853,9.77579057181865,24.832811437588056,14.988579199431978,25.52966808279576,10.682894437416161,10.189987449568,17.512867105832417,22.36859268320723,287.3640528237123,3,78.9643147811464,98.97918454597735,0.0,1.0220851689732229,1.0980728413506815,6.337076322292151
4.3,129,280.6240353711446,5.120294483084164,2.5583127212695227,17.87986385190653,24.874546824263057,27.809023879847196,33.02807975492714,8.889867903961365,29.77121575831651,True,True,196.70399869356845,7.54399360917965,0.9852291531229237,1,99.13089190316177,398.82289317557047,0.0,19.507715432826984,12.12962810767542,10.3239984207461,24.505874674830462,15.726556763345428,25.39173106568286,10.694631535130592,10.246712604076151,18.21279610037178,21.96012577686003,288.43484344075216,3,79.20508810058541,102.12399615137404,0.0,0.9852291531229237,0.623357754546967,5.398919518887789
4.333333333333333,130,282.0077212155148,5.185019254794776,3.1071709489104773,18.58789505598588,27.27152270361036,30.041048793337676,35.09912489681799,14.808897545519665,29.1370195787661,True,True,196.27964107785448,1.294300977048325,0.9548665029028566,0,87.75079705537092,345.05299736686925,0.0,19.52661718698233,11.204565349063476,10.950716212009514,24.081933518111505,17.09293096201214,25.357459580338276,10.701758057500903,10.211915814384222,18.728733940079035,21.87570440486539,289.23957557068036,3,79.35654824468749,98.7869710274514,0.0,0.9548665029028566,0.0,4.973758935682479
4.366666666666666,131,283.3432165054357,5.1819412882912586,3.240530912788608,19.337643170972292,29.828998131241676,32.93020596009452,36.981203394894834,20.4538313418102,28.950751828167125,False,True,0.0,12.526484139896288,0.9622892026888329,0,108.77313194372897,523.4922498916727,0.0,19.437940168188884,9.322384259652388,11.78900062812053,23.595474106197226,19.147055280673705,25.561280418589362,10.680570878882193,10.21338244665191,18.93108818134947,22.070478671312063,289.7369987781222,3,79.63454515737907,6.263242069948144,0.0,0.9622892026888329,0.0,4.833900566042395
4.4,132,284.49338033498293,5.157844027437664,3.1368841814727335,19.99424916150042,32.11013471236901,34.92973674711461,38.64261203126704,25.449561794347776,29.418628276746606,False,True,0.0,12.10766018923216,0.7466773051421942,0,118.36738182276167,621.3174579479632,0.0,19.398514516055815,7.7275716938564125,12.801930361585123,22.69354160442264,20.691080197438612,25.965824163496126,10.633892297489734,10.347309949301394,18.82928729446396,22.384246494920493,290.49585109625156,3,79.71525169061873,6.05383009461608,0.0,0.7466773051421942,0.0,4.888492906043364
4.433333333333334,133,285.5785667684524,5.243777960679152,3.0529780678506286,20.396820376321106,33.70563291405763,36.20589713849972,39.23443486670704,28.947685624075465,30.434514026948307,False,True,0.0,8.49577458327542,0.6170034670940832,0,137.0958215740575,704.7456170986383,0.0,19.389129979193108,5.938566868300406,14.027639791398409,21.683159878839188,21.747714688234307,26.269626255693375,10.464263891414681,10.41636533874085,18.41510459000458,22.77820270676715,291.1155271858611,3,79.44419754444617,4.24788729163771,0.0,0.6170034670940832,0.0,6.729686289147811
4.466666666666667,134,286.73448382064765,5.358696332157942,3.0657187321194166,20.503784276745307,34.59672064007982,37.01688826765876,39.12812315486666,30.215674428303746,32.026196709490115,False,True,0.0,12.588686742675812,0.7018603927633533,0,154.8453395747336,875.5523927418785,0.0,19.403017979928887,3.9985565473109976,15.441210182633583,20.278251289391385,22.42913995584243,26.06092964749507,10.301136475661524,10.462604840094173,17.671122984311545,23.123911688190724,291.77985477086827,3,77.58555028483805,6.294343371337906,0.0,0.7018603927633533,0.0,8.76913511955456
4.5,135,287.91604178963337,5.413722626097439,3.0843180009658577,20.381636642452357,34.524845911034824,37.8452058645636,37.74998941811906,28.399594972471803,34.104593388984846,False,True,0.0,19.60546445781131,0.6954870427603339,0,141.08781110479092,677.126763823691,0.0,19.37656953014117,3.435514408456042,17.31145412561429,18.552292170489448,22.929457110544146,25.408446115934957,10.160512897575993,10.465156473295291,16.854820737392128,23.130942423202587,292.34937577344493,3,77.01581732182942,9.802732228905654,0.0,0.6954870427603339,0.0,9.240061300307746
4.533333333333333,136,289.1413011628551,5.318025551838557,2.4859195471974034,20.358418567100447,33.98359404562985,38.35305854565977,35.71688772437874,25.15301083992989,36.711419072550996,True,False,0.0,0.0,0.3636769204629682,0,171.47174876198034,607.1218835782198,0.0,19.3457705203539,6.045964180350133,19.597891991399553,16.36767306788602,23.648692820888265,24.537916453556573,10.178441741329001,10.405749573677854,16.662721401631085,22.651080572914957,292.93627189935614,3,77.33948736239158,0.0,0.0,0.3636769204629682,0.0,8.489482478233358
4.566666666666666,137,290.3868838872774,5.157192661908027,0.9325871584216536,20.424578869262316,33.501400619083554,38.884226738737624,33.05501317842882,22.173495393443982,39.89286716572381,True,False,16.86091365991711,0.0,0.0,0,214.6755257767057,1453.9778136762186,0.0,19.26215392928057,10.153424108732185,22.115100077181925,14.019598740893684,24.39468563869591,23.808214142128243,10.390398844928377,10.15033246496111,16.523757976900736,21.545414638897785,293.47754899266454,4,77.79370477746777,8.430456829958555,0.0,0.0,0.0,5.762195609473584
4.6,138,291.5477405299516,5.030681574470519,0.9917820342934275,20.299694066648996,32.556944765814485,38.200204908219064,30.268792573973602,19.365754880319393,42.39302670074588,True,False,19.17952741434273,0.0,0.0,0,180.4744815687123,1207.2694906649056,0.0,19.100943747755824,14.352769372869044,24.44272864350244,11.855715663338335,24.916500214630997,23.348133146684937,10.554568395083628,9.717709737861666,15.675185533784571,20.30337748096559,294.2220613436408,4,78.41670774046206,9.589763707171365,0.0,0.0,0.0,5.360957313604524
4.633333333333334,139,292.4474419045403,5.044428829726721,3.2126635057318316,19.956116308426942,30.884689919383213,36.38120163351252,28.000556314880214,16.775278650197126,42.38172307894299,True,False,15.551113153828823,0.0,0.0,0,135.66699218363536,730.4239186553618,0.0,18.997433172251547,17.805989870309393,26.12393641021366,10.44229851546166,24.840618697806914,23.375036252843216,10.475925500739503,9.371054729414128,14.50917228878827,19.861519511042996,295.26166544500586,4,78.60914210224294,7.775556576914411,0.0,0.0,0.0,7.992905142583099
4.666666666666667,140,292.950734637017,5.091777414735377,6.1970715381252015,19.55680044777341,28.70745743021078,33.5611951319601,26.986802058277398,14.104830912572572,40.17700161803305,True,False,7.394893573904332,0.0,0.0,0,125.49768993013231,652.9456175260486,0.0,19.015668141559065,20.297777649806157,27.247089550689253,9.932256777783119,24.194944116853538,24.03564581113304,10.397510456124232,9.240651843480777,13.259002824055443,20.901629824273478,296.6036628457334,4,78.85549809416925,3.697446786952166,0.0,0.0,0.0,9.511907974208514
4.7,141,293.3002019352683,5.161930981525398,8.514281832549067,19.018520369707232,26.292008820371706,30.214823545694703,27.009725489312487,11.229989411675875,36.71349683480375,True,False,8.608132483213181,0.0,0.0,1,114.67758891648513,707.5889571497876,0.0,19.03521913204765,22.055982116292473,27.882999814453612,9.615356684996733,22.981814656149897,24.54035730847756,10.252727787433006,9.152038962405568,11.955558905748273,22.63771489611694,298.12950690601605,4,78.95207283259529,4.3040662416065905,0.0,0.0,0.6293598506374329,9.05027055759831
4.733333333333333,142,294.1007493608931,5.223159921844022,8.272244027900742,18.170333176833402,23.47876125189204,26.96739097153528,26.742817379571964,8.318152834519251,31.88668382194165,True,False,30.518513467376472,0.0,0.0,5,103.0724537897591,791.9084967618887,0.0,18.941219213041308,23.208883058727707,28.375288992720037,8.930609719684417,21.83272875051162,24.043975334625063,9.916968324214876,9.201757660377323,10.57100094637591,23.617520644654697,299.72247565678515,4,79.33231302567594,15.259256733688236,0.0,0.0,1.920630012745111,7.7787470003392905
4.766666666666667,143,293.74682101582727,5.3232399494727805,9.175193117267394,17.656665915687732,21.89643182698131,23.613303232868795,28.409761333697958,6.244799769342004,29.31786297201649,True,False,7.961077077945472,0.0,0.0,6,140.73771100624913,695.9707065594775,0.0,18.96702703068514,22.85424091377643,28.13725654953186,9.268217746557513,19.923725032764725,24.644499005533383,9.836204627188321,9.178376532545398,8.823233309995455,25.63148067881243,301.14200770875607,4,79.43020607596588,3.980538538972736,0.0,0.0,3.3333463885024823,7.065306864734962
4.8,144,293.3167526276468,5.387640128377502,9.967886750719554,17.515198621476628,21.795311888543242,21.220220693910903,29.956705164284266,6.284656993582343,29.719664702395466,True,False,12.50193227716043,0.0,0.0,5,114.20299839100144,546.8693716508304,0.0,18.984660364947498,22.115505614766366,27.76154612266677,9.641261687028948,18.341931143032443,25.107698488391627,9.757734039997832,9.21446010883329,7.641544955655697,26.980389242656035,302.25222618243197,4,83.37351782096067,6.250966138580215,0.0,0.0,3.8797624865498634,7.274758002996982
4.833333333333333,145,292.9673907642096,5.390191604397343,10.272906573286512,17.81452154264689,23.245014088635546,20.19483654965972,31.130173839963604,8.60447837646863,33.05056758845023,True,True,4.9408466064532055,0.0,0.0,5,131.3013183629636,732.8987490856648,0.0,19.007874101245786,20.982203221950897,27.334379569571173,10.072041449389516,17.53561306011473,25.373250687618377,9.720349372909608,9.36820355272723,7.370156976011748,27.47369479362215,302.97121546230295,4,89.55829920433078,2.4704233032266028,0.0,0.0,1.6633584070001235,6.730304098864555
4.866666666666666,146,292.5467024927464,5.2995806525669265,10.525322537978262,18.455176093695567,25.656897869577165,20.146018550401795,32.11775924969672,11.987081615449288,38.37673206276086,True,False,6.806534367383085,0.0,0.0,2,176.64514849935557,1294.8858121823498,0.0,19.02836664648197,19.459538027117688,26.741056658470647,10.705718630980822,17.80165811555789,25.762874827773448,9.834196070831997,9.488183284832678,7.984971937776397,27.393485727301336,303.00896736041705,4,95.70100368368949,3.4032671836915425,0.0,0.0,1.2351760272946997,7.895491853117139
4.9,147,292.032887127552,5.198871687185591,9.958234629744375,19.13976215194229,28.15750622801244,20.621828499366384,32.667209175789544,15.760286942687948,43.5807002942059,True,False,14.888312272606226,0.0,0.0,2,139.63768282570462,878.9868506662046,0.0,19.102514636401477,17.290845101235767,25.775027912366653,11.570999589911448,18.56299944451683,26.144859921833774,10.121080684776453,9.669075961298217,9.3011603062489,26.927843808495023,302.2855537973459,4,98.85464553001148,7.444156136303113,0.0,0.0,1.1729710079956015,9.344771440452122
4.933333333333334,148,291.36333737530936,5.135993795109406,9.48276456337089,19.677465272256306,30.174905999370356,20.923677409705835,32.85785010325644,19.68079010744036,47.237306377078795,True,False,13.99777810767052,0.0,0.0,2,170.95042251219184,1217.782475297016,0.0,19.20567107995678,14.514761158326017,24.49447365510215,12.809326011368208,19.363589283892587,26.51365758017886,10.376362795012634,9.865209837251312,10.748334326232206,26.570969359042383,300.90614838805584,4,101.17922975915879,6.99888905383526,0.0,0.0,1.0149060073417426,9.016322056144311
4.966666666666667,149,290.59779101369736,5.101770542747053,8.498363813249412,19.849429419099575,31.290887298501673,21.051999640526205,32.455191697764626,23.638865635651964,48.017492220063914,True,False,10.010827783731715,0.0,0.0,2,170.60783925391704,1461.207557603062,0.0,19.301292610850513,11.29008783855594,22.771066286086434,14.252938048775604,19.81453861510365,26.69505197330252,10.559484393888411,10.03295128577126,11.910981373027594,25.949499667124996,299.2679499412824,5,102.90113558769418,5.0054138918658575,0.0,0.0,0.8730924028027316,9.025157385698604
5.0,150,289.7133236751261,5.07581800652408,7.055800380820784,19.649621156590506,31.459564134864465,21.14749809689187,31.634179272735167,27.557730247853286,45.49884892197753,True,False,13.558639222538343,0.0,0.0,2,133.25914992965608,785.5700147951355,0.0,19.350831288279707,7.820511176311408,20.624351661151312,15.717133385192517,20.031921910965185,26.82627571812855,10.686459599436118,10.139481607424873,12.62188189778333,25.087212564726695,297.7980788978774,5,98.93307452434316,6.779319611269171,0.0,0.0,0.69339159241846,8.676909109066504
5.033333333333333,151,288.5452309618044,4.957184124643699,4.909825267861679,19.21914729909531,31.120713604117917,21.445981732831104,30.642872867592242,31.01130177388943,41.38269804215891,True,False,25.19762773036743,0.0,0.0,3,173.40047391717843,926.3969531748827,0.0,19.387878339940286,4.365073277493375,17.98658568122159,17.462976905917937,19.86457952090467,26.96797442978381,10.830732723504214,10.111420989312414,12.105493895029413,24.72163930685029,296.6006890318496,4,95.23249818293218,12.598813865183715,0.0,0.0,0.4807130135233721,7.8932593021873165
5.066666666666666,152,287.26441511762107,4.757821964510233,3.7076513750547777,18.95549847953397,31.11446251968813,22.841070153645564,29.589557412595607,33.854330211804644,38.172892300706714,True,False,54.502209143394445,0.0,0.0,4,220.1623927538785,1129.38477607679,0.0,19.408870371551902,3.574383966486154,15.370821211788085,19.337455262850767,19.469976041622246,27.226214502653747,10.927935251525428,10.110066602571564,9.818213484553127,24.630690418653977,295.17042949507686,4,99.9962308212074,27.251104571697223,0.0,0.0,0.8657865701476343,7.388617201817187
5.1,153,285.81438373523866,4.612032852973547,1.8864605036921176,18.705350525865093,30.657624107242565,24.159744956188565,28.59719530994412,34.72038096327367,35.153175199563904,False,True,0.0,0.0,0.07098276032869678,6,170.0108096413729,696.7078014657945,0.0,19.368281160240578,5.900946917282698,13.14215337899212,20.943829089199657,18.72485650061429,26.830419940516908,10.991767962907655,10.155921638900228,7.7009562883797384,24.190628581972256,293.502667771682,4,106.21302309038674,0.0,0.0,0.07098276032869678,1.1493610513514805,7.9455563011949115
5.133333333333334,154,284.48003923301104,4.612914155405834,0.2493958407533809,18.39560580232596,29.413642994059224,26.120825281898917,27.577444693166115,31.38380920399289,32.572492797178974,False,True,0.0,19.380869028389633,0.3549839748652149,7,124.27796231718257,465.5755794776149,0.0,19.393484931317463,8.47479057694689,11.587807124075225,22.26724770970318,18.06474850316263,26.21189860202506,11.10151348804804,10.266814352652943,7.570418111668624,23.34079165905238,291.2433020803565,4,110.77684357174009,9.690434514194816,0.0,0.3549839748652149,0.849778305392754,8.726492287474468
5.166666666666667,155,283.27128695526665,4.65488937281906,1.6958022146763532,18.194708180902953,28.05118269254298,28.560633631796268,27.188547143370094,25.785862047793877,30.669687947211678,False,True,0.0,11.200455720518415,0.5335141512817189,4,120.0644248480718,743.7114632192737,0.0,19.46593264673344,10.357645431606073,10.586152240525283,23.45418467333139,17.684808253550553,25.757998780998285,11.177835480061093,10.365000899095886,9.327055074389529,22.5392784630809,288.6043536237329,4,113.26412645593827,5.600227860259207,0.0,0.5335141512817189,1.3200324078745507,7.935238030763016
5.2,156,282.0779850145903,4.6967357380531265,2.3677765448010115,18.103486777639212,26.83875183742558,30.868223275380924,27.766146790062745,19.436955296695317,29.283681987563316,False,True,0.0,7.874457028958627,0.5127315453448823,3,128.08037509116807,647.5296496600123,0.0,19.516974526208863,11.555999577395683,9.929489320935954,24.402749422084867,17.841301665152088,25.714565374240482,11.186088683979245,10.391918883594833,11.742800730728995,21.915406130564907,285.94499676874767,4,114.47557911483932,3.9372285144793135,0.0,0.5127315453448823,0.29471010024568606,6.4926083592654
5.233333333333333,157,280.85215574039177,4.830661623796151,3.271149138621691,18.03946061670137,25.89030358879444,32.901119026699845,29.62735135719905,12.825071192779147,28.207672778499727,False,True,0.0,5.344075626351091,0.43016976577343835,1,98.95686410601303,328.8840159981604,0.0,19.508693175444513,12.270181954580842,9.516142288758786,25.088150127696196,18.154629972139656,25.656196928692392,11.063395525920633,10.360401020545563,14.003731679132725,21.409172222431476,283.3525915084496,4,114.9781221295326,2.6720378131755456,0.0,0.43016976577343835,0.3069132708902488,4.548646928508847
5.266666666666667,158,279.74477921962915,4.951296998477172,3.9035133237044546,18.086052579974,25.787740335017585,35.13346349204532,32.38035902768278,8.211698137192071,27.42544068315016,True,True,0.0,3.217380229126316,0.39496656275525244,1,92.46889253226455,317.0214337030359,0.0,19.483761748309483,12.29173361658489,8.921613602954977,24.87318128094386,18.711523648786518,25.62070170004731,10.965935555257357,10.27812443574098,15.958684964984926,21.03456680592935,280.83667024685076,4,114.84784753650756,1.608690114563158,0.0,0.39496656275525244,0.3529252361102699,4.447350440425705
5.3,159,278.49676137136277,5.097494985876749,5.173706732950157,18.58969669950371,27.219300746011488,37.02117074551109,34.69611575457465,10.176082793382497,26.983833690577725,True,True,223.45358496204767,2.6918829862505955,0.34727595548867074,1,91.01256493025704,359.5380286362948,0.0,19.41762963930185,12.220809091700106,9.169350570575924,25.05207234443432,19.297679667108223,25.661645101378877,10.80747687711491,10.257978854699285,17.28781718649163,20.79578817570451,278.30670252166783,5,114.56176013548517,113.07273397414914,0.0,0.34727595548867074,0.394496420619518,4.615085657606544
5.333333333333333,160,277.32846355058075,5.219917029536225,5.971527883012761,19.334454408972757,29.750752203985353,38.919806191945824,36.80906673940863,16.28314565544121,26.99099022914574,False,True,0.0,2.384030308663013,0.2532218657206246,1,86.48502427710793,390.8089362002372,0.0,19.36652489678021,11.658333956410397,9.576769110433212,24.815875659755456,20.010233668114857,25.638124799015667,10.690401924885022,10.257843343984149,18.30257935127414,20.697120607996787,275.9573776523551,5,114.25695362905807,1.1920151543315065,0.0,0.2532218657206246,0.4277050396331414,5.209580795556673
5.366666666666666,161,276.078656122208,5.302904313532775,6.085942081293461,20.08311211846725,32.365407677331525,40.756763562154966,38.40682340764714,22.69753018649777,27.60051355302624,False,True,0.0,4.882811845103333,0.10466354032828236,1,95.84460166576078,371.6213420443505,0.0,19.335472426299727,10.73000278342933,10.215792341322722,24.42152463561831,20.6046949939583,25.913541711417075,10.614972579302586,10.25665793251237,18.88423649226493,20.80815517155725,273.89568039261303,5,113.97978503125482,2.4414059225516667,0.0,0.10466354032828236,0.4663938418311542,5.628697529063024
5.4,162,274.7104130297031,5.35792079371441,5.784457616753119,20.650363644245836,34.51362064886061,42.17039622857295,39.221967214499124,27.95275750947172,28.709361642898628,False,True,0.0,7.527218258917492,0.0,1,135.22891930384108,742.7879263437442,0.0,19.321713425727374,9.311047370934755,11.194947191541624,23.774851789168466,20.890375150851273,26.380566228612818,10.549875733323885,10.229069189352783,19.07711420990513,20.97141177882702,272.2851040978313,4,113.9552434065552,3.763609129458746,0.0,0.0,0.5071056449669584,6.443920035103959
5.433333333333334,163,273.16550322533163,5.366825901570649,5.506086772710081,20.875713978753087,35.763749889070894,42.469191757462355,39.12859976845272,31.163501526396644,30.29370650397185,False,True,0.0,11.2661899343478,0.0,1,173.6627929515483,673.6682248170573,0.0,19.349684354735533,7.237279535477868,12.566478190423844,22.745833305274527,20.941225882340543,26.703081385663236,10.478053689583467,10.16464223000972,18.8471273244454,21.047304227058625,271.0815858184788,4,113.8371760004725,5.6330949671739,0.0,0.0,0.5261782588109016,8.472151551131137
5.466666666666667,164,271.3100518133309,5.3524012623171195,5.660746188720581,20.67017728775977,35.88854523463492,41.87148153061018,37.497970229145224,31.737531649938084,32.44719752884617,False,True,0.0,12.056074084704397,0.0,1,152.17348615295737,1020.2790128630588,0.0,19.352849773028925,4.730042326523136,14.202868808048644,21.19402418686074,20.892886272774803,26.43931755638041,10.403171764263776,10.087458101077766,18.15049902208746,21.04536056681134,270.3024530034103,4,112.57169438443991,6.0280370423521985,0.0,0.0,0.5526573037295162,11.144386596925148
5.5,165,269.2481047011848,5.272864510080066,5.950740835818116,20.25810904521053,35.04545313960764,40.63667062740547,34.865352397486745,29.504620288620252,35.17516924491808,False,True,0.0,8.50038022234911,0.0,1,155.3100688194164,646.4190485328484,0.0,19.29853514912413,3.5676743280603134,16.143498475471212,19.048358596741934,21.213447483813113,25.87893302152393,10.316086404105954,9.998160921403798,17.363298267995077,20.861830471488005,270.1008653343389,4,109.97010278367384,4.250190111174555,0.0,0.0,0.5124493823237397,11.549377889427099
5.533333333333333,166,267.12905191845726,5.080526090652471,5.356982663540744,20.128663760175982,34.0819203834685,39.41327654665069,32.33470840270481,25.996423105856074,38.58327347866242,False,True,0.0,3.927522695097186,0.0,1,256.01088407732027,1318.4996553806563,0.0,19.234024029951712,6.337687300425482,18.370303906999506,16.610320394146527,21.97111954467724,25.63382313760389,10.36486818610675,9.904327819044791,16.96731309913777,20.20848745067204,270.3558904933597,4,102.65695598541339,1.963761347548593,0.0,0.0,0.44751396114865816,8.601528226507815
5.566666666666666,167,265.2106067000938,4.753758515649132,3.2193089012657135,20.254501165335554,33.489241756999114,37.70934036800549,30.781511828337116,22.987218003574423,42.478896828079414,True,False,0.0,0.0,0.0,0,307.20389493184325,2380.031323612153,0.0,19.175669078476595,10.581621222859226,20.72186636904819,14.393091692729401,23.07814422434632,25.634833439109368,10.692244507772314,9.702285566960729,17.008817602029886,18.87197674870482,270.49322063351906,4,83.93087929264615,0.0,0.0,0.0,0.0,5.449188366255203
5.6,168,263.6229880091587,4.5354625747086486,0.837013602603981,20.149735511784247,32.556671944168514,34.93161248865875,30.127443443951172,20.308984225047038,44.8586476190171,True,False,5.514167929925572,0.0,0.0,0,302.5245560926177,2508.862226155079,0.0,19.05106843912535,14.471419147200079,22.61454889647029,12.64847944624676,23.41034844052902,25.498423869953534,10.954428750144451,9.243940103872426,16.65323106542323,17.47345674112451,270.38113689515257,4,76.862018085433,2.757083964962786,0.0,0.0,0.0,9.933058365056787
5.633333333333334,169,262.04884600270225,4.517267005592851,1.6801458198462285,19.789890549966703,30.90156177136807,31.357348592229954,30.892604128800432,17.889394680511444,43.46689968393046,True,False,1.7603747466389708,0.0,0.0,0,153.81445352964977,738.9639184808127,0.0,18.983355997699565,17.297113140119293,23.936857753140014,11.746323233983125,22.594872650958127,25.337574631485904,10.95568390966624,8.946851635376083,16.161306929690554,17.28217128190935,269.5557937682269,4,77.42157900973892,0.8801873733194854,0.0,0.0,0.0,13.66946311882133
5.666666666666667,170,260.3632849165633,4.610536658657683,3.838908607546706,19.266377757397038,28.733124750247946,27.469943672590606,33.0487302747776,15.586468029747213,38.82735702387636,True,False,1.8573954735121048,0.0,0.0,5,166.106947707428,1512.946671078763,0.0,18.97071049911154,19.35738393809072,24.843511825792472,11.25672162850517,21.055154998050014,25.013788214420817,10.85089658362889,8.847930944793344,15.439152885705553,18.427915841865293,268.0965641862316,4,77.81839904761566,0.9286977367560524,0.0,0.0,1.5102845266026697,14.095199724582274
5.7,171,258.6476081199658,4.727360243839573,5.329271992899194,18.676452042760587,26.50527163621799,24.215792711242802,35.75959110183217,13.610226773391654,32.435475958405334,True,False,4.404119089048213,0.0,0.0,6,270.96198843567356,2453.600990176123,0.0,18.979830908134428,20.72078057571518,25.341331175924253,10.964014030773344,19.205046695478657,24.5804337567503,10.67750109603742,8.821665797443229,14.596822210002735,20.238267850277246,266.36920142301676,4,78.15246912615551,2.2020595445241065,0.0,0.0,3.2599734687987936,11.290745248500928
5.733333333333333,172,256.76011080729404,4.823446984498981,5.5928731761616,18.08858527197483,24.583617505422755,21.974221453917245,38.11655781848297,12.104913729944538,26.13877701934629,True,False,3.0593728981543533,0.0,0.0,4,217.00973448403573,1750.226674862547,0.0,18.9609358003492,21.299872019238784,25.39873529389769,10.906549553226451,17.381863609332772,24.281189039549254,10.488948614312337,8.764743483141059,13.56778721696096,21.94368442792294,264.31787736295684,4,82.68699457728763,1.5296864490771767,0.0,0.0,3.949569069296071,7.297266826486623
5.766666666666667,173,254.70613231142366,4.961029190185218,6.097419647888785,17.930613898961358,24.116286692919857,21.083658102034914,39.99858644123501,11.699769237406935,23.683132991002577,True,False,3.740211811694271,0.0,0.0,4,133.96169967624638,568.0511612999651,0.0,18.916037852455094,21.345300650960255,25.41395206013081,10.974419024153754,16.185584413369032,24.26041187491414,10.301872515265377,8.755222688020414,12.854648989919589,23.486611643552457,262.0113730663953,4,90.30980046422101,1.8701059058471354,0.0,0.0,1.6162987839889633,8.978401528648597
5.8,174,252.5247676987282,5.093248564420028,6.488305733677567,18.314717908055975,25.47404773908486,21.087936832128072,41.52958149834704,12.668362186418106,26.610310439446216,True,True,6.62994802432759,0.0,0.0,2,161.47112693686861,799.1975607041763,0.0,18.871804738169562,20.964151144673604,25.430700682075134,11.055074760848605,15.970611786745415,24.490421495448096,10.123877428974842,8.807419054244622,12.642577941728886,24.467938631591455,259.6002101047135,4,96.74152326529521,3.314974012163795,0.0,0.0,1.730070485639117,8.275978698821893
5.833333333333333,175,250.30799071565397,5.202349230222769,6.773315169009851,19.046404536790693,27.9264147615564,22.048616287688695,41.67554019142649,14.915732291396147,33.06577027571427,True,False,7.155908969111276,0.0,0.0,2,206.59567802621802,1176.072910874115,0.0,18.87885509723553,20.13966692100778,25.259673459390296,11.214192975768661,16.62949510294897,24.849104687801393,10.02451955914877,8.97232863493217,13.032286028983686,24.990286538417543,256.65920433915176,4,99.70324215883433,3.577954484555638,0.0,0.0,1.4253551238867646,8.716114328702202
5.866666666666666,176,248.0727345489928,5.282010235797507,6.758695146651933,19.880516965029386,30.678991965837625,22.866655107806068,41.691954894859975,18.075277974170085,40.082079886514386,True,False,7.937819073249888,0.0,0.0,2,131.31246216156305,691.9825304693904,0.0,18.894365065690316,18.911957668730338,24.89386104282797,11.549059149038268,17.592540775438117,25.182784995903752,10.013726054373683,9.128083811685373,14.102040501396978,25.223367547005548,253.6978363299851,4,99.27708326815173,3.968909536624944,0.0,0.0,1.08326657837574,9.335387686798887
5.9,177,245.7939490696638,5.3418348384220105,6.576159449554268,20.54549850728276,32.82694401811678,23.24509774952423,40.825067312215374,21.817137952991114,45.4204730577364,True,False,15.642042924483668,0.0,0.0,2,136.83755747683873,649.874008112765,0.0,18.912890872439338,17.25480075445345,24.16650288349925,12.109791354832634,18.72193280196603,25.554241180495836,10.059528696813157,9.195981298254024,15.466713461610885,25.43231823240964,250.70864036693754,4,99.5756703872052,7.821021462241834,0.0,0.0,0.7984209728049338,9.554928092485714
5.933333333333334,178,243.45183880699497,5.36977329073951,6.191919135247021,20.88191434291088,34.114803301687594,23.193044488457822,39.518356346139214,25.90284091028253,47.84497146187081,True,False,10.671264447899174,0.0,0.0,2,221.01290447094928,1149.1141577232609,0.0,18.93103079940321,15.057856686304499,22.978615052586097,12.95437575179472,19.685962680529872,25.8265073557756,10.122407984141452,9.194623786969988,16.6229257550188,25.395196084388598,248.0905303473814,5,100.38364169712702,5.335632223949587,0.0,0.0,0.46959831898326365,9.971097670383028
5.966666666666667,179,241.02457957818385,5.378926598070366,5.311479057524475,20.82159172226823,34.45466031591838,22.870144757149127,37.93870913432744,30.12423632612983,46.88555104606712,True,False,15.752257321401297,0.0,0.0,2,164.4744519356116,941.4592861799238,0.0,18.93653134764896,12.276329208225349,21.271482378691086,13.960641548956701,20.479980835381088,26.03927776348763,10.186291761866592,9.140164750665585,17.418987252634704,24.795547722792254,245.87506263114497,5,98.99214895907664,7.876128660700648,0.0,0.0,0.08505772271552858,10.267119203768532
6.0,180,238.491090373495,5.2432720827381925,3.360873503000438,20.363793752694022,33.68235378163945,22.57102710781193,35.575010102065924,34.07073719214046,42.512640724539494,True,False,26.754552729127422,0.0,0.0,0,184.88328568466775,907.9098885309182,0.0,18.979534907096582,8.884644722654958,19.207834923757787,15.103860980129824,21.08744790224116,26.193462752403,10.432600008989972,9.032699494400953,17.570678837587046,24.234726634591297,243.7170173752178,4,88.46075991138572,13.377276364563711,0.0,0.0,0.0,9.659113535636626
6.033333333333333,181,235.97410502112353,4.9401578630855925,0.7972131569811286,19.676462640005397,32.43826451659248,22.845161971483677,32.30328972083707,37.299282938111745,37.30532343593746,True,False,51.044864314481785,0.0,0.6326847164395726,0,238.73332698041898,1038.866283135023,0.0,19.050559744536987,5.724983326088362,17.189782358724575,16.152366083417785,21.31618050036389,25.83991951646928,10.772339389245136,8.931464796348202,16.458140648383342,23.958145170133495,241.41370743189205,4,91.36098370387636,25.522432157240893,0.0,0.6326847164395726,0.0,8.215119392101215
6.066666666666666,182,233.40052712039937,4.653374496692675,2.378828355632296,18.75165065415336,30.810017415172542,23.534477592519483,28.40413233719468,39.06273014655163,32.238729584424384,False,True,0.0,0.0,1.1002162004214218,1,241.57762255004252,899.612766911979,0.0,19.0761922541676,3.5265968554283917,15.54743414198539,17.10888541919581,20.799976184388118,24.630932152342982,11.023283575540631,9.058742110645799,14.263175099509509,22.999472358406,238.95232338415667,4,99.68079737489654,0.0,0.0,1.1002162004214218,0.09242256079320796,10.315557158410007
6.1,183,230.86076677078307,4.524207762012766,4.8296067167302965,17.879500593055393,28.9409608590612,24.7533478855449,25.328436270020198,37.46454285604342,28.21751642463627,False,True,0.0,26.140923197787906,1.3706950442066501,4,176.38495427404015,825.2932476893893,0.0,19.10571387125051,3.2254550148096084,14.262003008970348,18.272471522054463,19.89394050584609,23.234341175239138,11.151537606818934,9.274266531682535,12.383538543108088,21.62539767980638,236.09998693389528,4,106.85583397541531,13.070461598893953,0.0,1.3706950442066501,2.8041102025185363,11.373251568953053
6.133333333333334,184,228.53416041658593,4.493079113096732,5.926952293487593,17.17481345187699,26.852451971692815,26.51653436775343,22.55992870251528,33.0062652617132,25.32707955478934,False,True,0.0,22.801321562565,1.5234525695897876,7,166.29083881285263,585.5987373111329,0.0,19.201799512214198,4.166547558985227,13.476633397545667,19.693806405619487,19.163433383366893,22.114327936810245,11.194453899150256,9.416971027990824,11.55012612256799,20.234294647132764,232.55318715273754,4,112.28203707785975,11.4006607812825,0.0,1.5234525695897876,3.2590051233480493,11.458323996493773
6.166666666666667,185,226.41967775287236,4.477648117788724,6.185326273550407,16.803453392473664,25.46206739990748,28.721427200033034,22.595992060510767,27.41663249974222,23.114217839343883,False,True,0.0,22.66676690213251,1.5230509736505315,6,207.6240296839,970.6081323354512,0.0,19.271312495230838,5.2360330013980505,13.037090317230513,20.94337468493859,18.633044726007192,21.34187530539757,11.135951068338079,9.443495789457678,12.301236951298591,18.860116948177915,229.04694703823844,4,116.04856065371871,11.333383451066256,0.0,1.5230509736505315,3.0506799445635817,9.63405501114916
6.2,186,224.49941209991007,4.550657764031929,6.108959798043774,16.659668798372724,24.583299651817033,31.20203803769182,24.527853685231083,21.234064296267682,21.369242588077526,False,True,0.0,16.894921024407523,1.488887940414865,1,181.16190493268147,1045.3271740228192,0.0,19.311084227278773,5.9699636795500295,12.890707628235532,21.72727462188252,18.36129706223319,21.16982557224357,11.012619569004336,9.432687220363112,14.088181742479314,17.5981920450524,225.58848556066832,4,118.3755436685742,8.447460512203762,0.0,1.488887940414865,0.16859061442633955,8.153712895027672
6.233333333333333,187,222.67220973582113,4.664562238187486,5.763191455337061,16.755307802293288,24.44090729492476,33.8819872278248,27.862603511603556,15.93182199732229,20.0872164429484,False,True,0.0,12.264470662238333,1.5205100769956525,1,109.42601526073932,511.89116307771997,0.0,19.326617305679694,6.312256036950916,12.949346914813011,21.980617997531084,18.58957094895452,21.31379903009711,10.918369721643746,9.377695456488919,16.11290891606909,16.684805526472136,222.24958863930496,4,120.20575355320506,6.132235331119166,0.0,1.5205100769956525,0.03799687968335779,7.548500867775495
6.266666666666667,188,220.89584125452416,4.813339158991036,5.649161232484205,17.11371985052887,25.155031556616724,35.887703446648,31.213712593105264,14.148926106174594,19.369784080539056,True,True,0.0,9.798956688463917,1.4100906005323872,1,101.16050371889426,381.2371390644019,0.0,19.29435408741746,6.240699246186952,13.246692770939106,21.925233478561736,19.3967779337556,21.788415609297306,10.814537096417727,9.295453411384466,17.888052982973846,16.19545491453197,218.88284130467252,4,121.79099205380194,4.899478344231959,0.0,1.4100906005323872,0.037153371595846724,7.829677436307575
6.3,189,219.18083185591485,4.999060714896453,5.986503030651052,17.70675524744324,26.849967636977713,36.78998068668621,33.672951392650816,17.61485436565975,19.32208410291407,True,True,264.1316625212808,8.960315715716252,1.2085043132595754,1,143.42342904353362,1065.694225675454,0.0,19.23471523490001,5.792160923792003,13.622920518003331,21.57464138776107,20.44272816042778,22.27998568881943,10.692024566027234,9.25700169992422,19.287415631229944,16.01786435285275,215.61226594379676,4,123.39794603252848,136.54598911849854,0.0,1.2085043132595754,0.03260626318123145,6.841133556529947
6.333333333333333,190,217.48366936912186,5.184564502069855,6.504877347049879,18.383368843385988,29.013206685666315,36.926983632237906,35.33346837068483,23.7614198779246,20.03095486181792,False,True,0.0,5.139026317038412,1.0201205389510855,1,155.67283998136762,1062.9994813796586,0.0,19.20157934892822,5.1622927386616695,14.005623221609001,21.05424575916406,21.233888708213538,22.730862256493538,10.587707284730339,9.256709421975728,20.292895475063677,16.171901693284756,212.68281658262836,4,124.58581931878864,2.569513158519206,0.0,1.0201205389510855,0.02325201103098671,5.466849786308526
6.366666666666666,191,215.59124526173954,5.352113142575798,6.880323919809396,19.009123031757184,31.11478293599864,36.50656602387446,36.25690348091538,30.061709225533974,21.633953013670755,False,True,0.0,3.4722030060655147,0.9616979337045233,1,121.88659898943158,780.7043583219072,0.0,19.211266807674097,4.506595453461356,14.42403881717587,20.530197818199756,21.59302319831901,23.10950941477346,10.504558643811453,9.280576335199482,20.762761372631143,16.75518587111753,210.11234874931742,5,125.1741744451476,1.7361015030327573,0.0,0.9616979337045233,0.010202341566726593,7.687000098292428
6.4,192,213.49363475520278,5.468479925134762,6.898556284274866,19.507798047332052,32.828152294060416,35.78460513638669,36.46840844738769,35.01231853965567,24.047277052811634,False,True,0.0,5.345514785107594,0.9443761242018077,0,96.80205662242219,470.060855416229,0.0,19.247195299544316,3.893817981404632,14.98733082922695,19.975716448012854,21.52882272009081,23.39986072783285,10.431442304945199,9.366239074830009,20.881597197628647,17.59233895022279,207.95836793091803,5,125.2054306872788,2.672757392553797,0.0,0.9443761242018077,0.0,9.219022899093229
6.433333333333334,193,211.3037932033164,5.514602067716146,6.813649433998167,19.802387509026666,33.834947034015805,34.84946143496509,35.88535810946911,37.56450890841347,27.04045968321554,False,True,0.0,2.6888928340446134,0.8824732618975077,0,144.42686488218376,570.5088196244074,0.0,19.306694489198655,3.5395860382852473,15.834867135682803,19.196910133174168,21.193896260062502,23.53329017284916,10.401038051039471,9.514892029445273,20.837852865696536,18.336997323903002,206.3423765039784,4,124.58573595671079,1.3444464170223067,0.0,0.8824732618975077,0.0,10.175593775252402
6.466666666666667,194,209.07104373188184,5.503151940538043,6.38135585349437,19.953826200059606,34.132292591550524,33.95188535536247,34.62036584257321,37.41515368294072,30.541765485325683,False,True,0.0,4.783513017889794,0.7537322877815301,1,172.13219322001495,628.8147367379033,0.0,19.35058140317758,4.058550879353028,17.079165890254856,18.112133551042078,20.85984925014081,23.554242634194054,10.396042649917472,9.646879458724108,20.875723365839047,18.845053552048967,205.27819685283032,4,123.10119336973553,2.391756508944897,0.0,0.7537322877815301,0.008694409490483078,10.13448594777244
6.5,195,206.78668120394258,5.440690014598459,5.605355348583792,20.00020284928266,33.75696188906338,33.05927085023804,32.85716190703419,34.60104486364987,34.51036993533141,False,True,0.0,9.198834576314326,0.5500090543700149,1,155.7881736585112,715.0109218197862,0.0,19.34978967918224,5.688617974040834,18.68505405142548,16.704703193076007,20.689626126621835,23.628246619680084,10.436249527181781,9.653132738188916,21.02954724087997,19.110228032709145,204.71151670977468,4,120.14587784921092,4.599417288157163,0.0,0.5500090543700149,0.017504625501776894,8.677542056038726
6.533333333333333,196,204.55884606203557,5.265606962831326,4.525078241813425,20.053236236604246,33.221254770202705,32.08130720478643,30.561474236748705,31.401990373198323,38.840247266077355,True,True,0.0,10.898629203316018,0.298163095620758,1,211.6613541219742,1376.6200925428798,0.0,19.298040134939722,8.124123231435865,20.520919516620094,15.046968710332878,20.830362812845074,23.943022709062866,10.608417213165017,9.52011013820715,20.99910396074169,19.02245604090253,204.29384728095891,4,112.79891468265869,5.449314601658009,0.0,0.298163095620758,0.01590069806887721,7.034773379835279
6.566666666666666,197,202.56476880193946,5.002320217445256,2.0551712853555126,20.14008472687184,32.672781343242505,30.882646941237745,28.196588591785734,28.085377667796596,43.52651217214993,True,False,8.88294612158966,0.0,0.0,0,242.81713329774723,1642.167383632973,0.0,19.22136248936123,11.018126616876964,22.482083926579758,13.612168571970459,21.330511100852153,24.16984091325962,10.936309501070376,9.26414568726742,20.927878365383055,18.44771835748656,203.82053992422016,4,94.36048369818934,4.44147306079483,0.0,0.0,0.0,8.374920367932026
6.6,198,200.72195248979878,4.8790040887421116,0.07855772288815902,19.918654391563074,31.524202646953526,29.24283023762257,25.875192640869905,24.911643398383745,46.067144310937884,True,False,7.511042869460299,0.0,0.0,2,185.2864848738833,889.9021302562351,0.0,19.1479915702026,13.416604254175777,23.885184941428868,12.415910323438622,21.428550484520084,24.19259874801498,11.02601208132006,9.04454209508228,20.336437420051777,17.789173367396945,203.1500374963428,4,81.31362501967706,3.7555214347301495,0.0,0.0,0.1668716321012001,10.218448335021996
6.633333333333334,199,198.99283467693166,4.851650935631369,1.9453341608495214,19.419075978425415,29.508994066877527,27.06676705254386,24.64202606152185,21.96079100225359,44.36639215119081,True,False,5.281016194486003,0.0,0.0,6,179.99061854487505,824.503562215034,0.0,19.158311950610152,15.382562523089055,24.850918532738742,11.425155440818008,21.334569301946335,24.106107861821638,11.036925032352487,9.025028454863266,19.41716161523197,17.51342269539947,202.08910044639202,4,80.53496399002451,2.6405080972430013,0.0,0.0,1.5938847066508346,11.427872637078673
6.666666666666667,200,197.26622980839448,4.7138186636020984,3.0583747648543924,18.680061846267762,27.244033650881494,25.241021273992803,24.720545038304348,18.935687604298273,40.078880686930546,True,True,5.468851988446262,0.0,0.0,8,167.9663641992371,1265.6931764341784,0.0,19.183080553217305,16.7676018393705,25.260232005132032,10.686522268123678,20.688058925993282,23.27697512549178,11.022028819255464,9.006729224654244,17.839289248360966,17.49427508089118,200.77626261620796,4,81.54959199223049,2.734425994223131,0.0,0.0,2.6426722912006895,11.501053590500497
6.7,201,195.66097744791023,4.639897174586238,3.4615737449636663,18.01367829977685,25.456826314555247,24.837733089912827,26.8802861588528,16.213449567641256,33.8958364418141,True,False,3.7760999555689096,0.0,0.0,7,183.54751463936793,1087.0526092821542,0.0,19.14356978004888,17.480053270250863,25.309501070947825,10.054915411215543,19.855813013043026,22.425601848092256,10.960646157624865,8.972616917365066,16.09272273000468,18.082429039838786,199.50916726903003,4,87.84090146780136,1.8880499777844548,0.0,0.0,2.328637491572182,9.302739365805126
6.733333333333333,202,194.11430931481377,4.616354632588726,3.4535856829280567,17.505450336745394,24.256627841292104,25.63291683376729,30.29163080748959,14.136362487123758,26.9656012367878,True,False,3.345510065558268,0.0,0.0,1,181.75113168813738,1752.7997108780123,0.0,19.09396938131651,17.600290968874262,25.08529246850406,9.66301869729197,18.93117470813982,21.73535777603875,10.89958087488523,8.939062256836143,14.465859629817917,19.14163692430783,198.23976978136068,4,92.44746612824724,1.672755032779134,0.0,0.0,0.4939171148056756,7.498741086618761
6.766666666666667,203,192.58238744821173,4.7053687359675305,3.447929790359549,17.246223937911523,23.828704047693023,27.053167037064537,33.65090741442701,13.106026434209214,21.50471530507132,True,False,4.89917185507064,0.0,0.02958755373192413,1,162.1543547339055,1424.0767806607707,0.0,19.03238700650263,17.206779526553355,24.738282171672754,9.517321155794104,18.04488744104579,21.633170973578732,10.764352751946474,8.918396434249102,13.30003277389818,20.222932642659643,196.96368332087758,4,96.52459492996859,2.44958592753532,0.0,0.02958755373192413,1.0994071017464098,8.345817545616866
6.8,204,191.10472413964777,4.840528267482346,3.334251589716353,17.40245656365175,24.689163726705825,28.71034830902835,35.98752474799198,13.411140913884157,20.64764093591881,True,True,2.740007389632186,0.0,0.7661345498250395,2,135.54920280231505,658.5026577954434,0.0,18.98782486945018,16.4506827939546,24.334433259480562,9.611444700932406,17.42814901288543,22.09412762585457,10.603377198600903,8.916099345548528,12.844139373198196,21.009915368047583,195.7160786399644,4,99.23096307573138,1.370003694816093,0.0,0.7661345498250395,1.6403776846228846,8.149226727374504
6.833333333333333,205,189.71895654726893,4.988218856747806,3.200820956729707,17.977300578548363,26.86301734623221,29.83508832034841,37.219425755877786,15.083878701108466,25.31367660759416,True,True,4.29690554983887,302.79197744188895,0.779192971214981,2,212.659611767613,2133.0049044545895,0.0,18.9559013403053,15.46058226027075,23.970380625955904,9.901494697549373,17.07267092493074,22.865951303660047,10.455761582111144,8.920186372383327,13.261734148373227,21.342776037756853,194.46173241053043,4,100.01077193868679,153.5444414958639,0.0,0.779192971214981,1.9356591244700265,7.343780269290566
6.866666666666666,206,188.43379647195985,5.141687984686339,2.99089399810541,18.77619566950597,29.76598735080592,30.852378628100947,37.78654833544631,17.77037247038121,32.65464996929521,True,False,13.270233321947615,0.0,0.0,1,175.62323494423146,1527.0944751682855,0.0,18.945272768822026,14.24559343867298,23.441196953452064,10.312673038255175,17.02591114512334,23.614748568503806,10.373626126536207,8.940546207817993,14.387612625063129,21.291804767119185,193.2515696975591,4,96.71681121802061,6.635116660973807,0.0,0.0,1.9895964925767784,7.6707352663804205
6.9,207,187.20046513795197,5.217108117891245,3.7416553830351473,19.668469663379746,32.75962566276629,31.62324806573851,38.09138134868015,21.086064769468717,40.237808467177786,True,False,8.556443772291091,0.0,0.0,1,115.31326740766698,653.5123492425816,0.0,18.955651249205154,12.76615407679285,22.84071961084957,11.1391157401119,17.28892983285688,24.4345110669098,10.391390845882354,8.878229352475957,15.74277029349587,21.55107023105074,192.04152582346455,4,93.61852550457095,4.278221886145546,0.0,0.0,1.791936031976606,8.061324115540897
6.933333333333334,208,186.02506351347407,5.23889947251096,5.459114199888375,20.491488084741874,35.34914252808189,32.148461605858856,38.183470573077,25.018943868237457,46.04569406515423,True,False,8.59791377477031,0.0,0.0,2,186.48946984609336,1603.613613926096,0.0,18.95900556834487,10.963328260796949,22.035899370251563,12.30290041085864,17.879487179320577,25.338911663531455,10.410405904975107,8.730055621967471,17.124744602817376,22.2310125759366,190.94951814694758,5,93.99478954352983,4.298956887385155,0.0,0.0,1.3179022982285657,8.884759198587632
6.966666666666667,209,185.06290746056916,5.300095089180379,3.6027150762064672,20.47566378719477,35.8840950198561,30.663537818012358,36.74322914036953,28.90437767268965,47.22523544835287,True,False,13.439057438537558,0.0,0.0,2,238.60414899170289,2529.6517765813605,0.0,18.98097225954988,8.987219708816262,20.706368142500708,13.153059632347455,18.13405969548366,25.518006097665925,10.452526165357549,8.723290596613092,18.31672896084997,20.626345469312575,189.88822312191735,5,94.174269900025,6.719528719268779,0.0,0.0,1.1036205697507824,9.650604573043116
7.0,210,183.99213051584547,5.2764067057046615,2.6969805077323223,20.360611244815665,35.668452988096014,28.786818037770605,35.37024632312561,33.07870322800754,45.43804436348029,True,False,17.39134504970653,0.0,0.0,2,179.32122098306118,1022.5686564167131,0.0,18.97432136174178,6.627692249276899,19.222172156926945,14.59084165119088,18.638537373232207,25.99299395843119,10.503010773799017,8.535379770655497,19.3135002119443,20.336907212652193,188.67640424096282,5,91.98619919275531,8.695672524853265,0.0,0.0,0.8186633176979352,11.152088945826398
7.033333333333333,211,183.09889719307077,5.163847169376401,1.5472820286177507,20.072988954122998,34.67665272951502,26.66681825759532,33.70762805315558,37.07139028222509,41.26077432508409,True,False,31.64179804274475,0.0,1.8235495693899522,1,247.24608571338194,1156.2204756959034,0.0,18.987304891522854,4.954558860163581,17.7642011046068,16.063110837856705,19.39503206310115,26.332019026047398,10.612777163842582,8.306259873170315,19.550823184217368,20.422136389256128,187.59429012517052,5,80.15075740412959,15.820899021372375,0.0,1.8235495693899522,0.4805717458380398,9.90489170884557
7.066666666666666,212,182.26701568419284,4.969510550320521,1.435442291980005,19.507258055361252,32.90152737126448,24.458491692671807,31.153990263341154,39.96934752251166,36.024280006533274,True,True,59.07314500778088,0.0,2.309940941055943,1,340.21591538033437,2084.578178969376,0.0,19.046119268421084,5.128765133599584,16.429073524057948,17.10819914050815,19.72383326244403,25.756199392282948,10.80760779873735,8.19313467678083,18.0148799936949,20.794949154834054,186.52045806306296,4,86.0346460840998,29.53657250389044,0.0,2.309940941055943,0.147811907112081,9.140632442203456
7.1,213,181.55732207107584,4.807529736424787,3.136849637344505,18.815863408652103,30.994525647820325,23.288071949197068,28.038825577051536,41.30923658147115,31.34196848356155,False,True,0.0,55.245673421770704,2.4699441533146445,1,210.3198441350224,865.5948962058803,0.0,19.050923951648997,5.791147079283549,15.232605224163159,17.863563636231184,19.792387390105944,24.785297588713792,10.889876606716559,8.290894198267457,15.640222734792566,20.922930128577022,185.2628987794763,4,95.09947570930018,27.622836710885352,0.0,2.4699441533146445,0.14429578247087327,10.209307032447859
7.133333333333334,214,180.75620456640425,4.738671956390417,5.576410812981324,17.95322985577448,28.495839637365883,23.06795753012396,25.001632074625686,38.84561134891444,27.068157595799452,False,True,0.0,24.29242439103215,2.831521264894629,3,176.67090700531188,795.887691196478,0.0,19.132608898625186,6.803821523404455,14.50384246809474,19.042192355011338,19.252631791598503,23.464593458773017,11.048183235126704,8.478477883613635,13.58329469593921,20.005442976966844,183.5184493901511,4,101.92659122686754,12.146212195516075,0.0,2.831521264894629,1.353241119741878,10.30739438724034
7.166666666666667,215,180.21526190136933,4.648032451432227,6.193647600101852,17.22238295511187,26.146252640504553,24.360139550936857,22.371005263393776,34.02088955795281,23.832976189734776,False,True,0.0,16.166363153386555,3.234598027624961,5,221.7741264366536,833.8705781954931,0.0,19.22651281639026,7.403969702311347,13.859915579267005,20.06479319397622,19.157774627977453,22.56447012562192,11.117578520053032,8.569787321034056,12.733616371886008,19.052315506142545,181.39555632441406,4,106.90495607481267,8.083181576693278,0.0,3.234598027624961,3.431951675655471,10.576916926732741
7.2,216,179.92035411101605,4.551914301689342,6.0930556493392505,16.808609301774794,24.57211709891419,27.185255886797744,21.912805915804846,28.211793676865117,20.97861291618906,False,True,0.0,9.086467779654967,3.4464145768450436,7,209.0030609011421,1098.0687901441293,0.0,19.31419238431141,7.738324899791525,13.532935070483715,20.86870638606035,19.25415808516107,21.946639761591832,11.148051993975763,8.588510674243306,13.347702998709257,18.101448876636884,179.4590191702619,4,110.09453717711588,4.5432338898274836,0.0,3.4464145768450436,2.8089795797556265,9.235988558666408
7.233333333333333,217,179.81325074565387,4.559144911768154,5.895723525934219,16.590424147475634,23.520771477476757,30.607498692932943,22.970144078259775,22.012195515226654,18.493247623487655,False,True,0.0,9.435671187702445,3.4301620874848164,4,134.9015380056956,826.5779746096533,0.0,19.339942602063935,7.760017439693974,13.48243465661211,21.40138587417714,19.546435406646093,21.736695150006785,11.070300795907594,8.572431206808382,14.76906526290308,17.094567907408422,177.84945981578727,4,112.43401635294285,4.717835593851222,0.0,3.4301620874848164,2.170052795568114,9.241009442241891
7.266666666666667,218,179.7607565281662,4.6770161403146275,6.0821324411570235,16.49819286581812,23.08796714558387,33.23013595191146,25.840514885923362,17.013660554009306,16.26755719049136,False,True,0.0,7.8794696997256235,3.3651936996439225,1,104.44938330047589,335.6233286089541,0.0,19.285525062010926,7.607941196597114,13.414861654624218,21.418316204135632,20.043872428984518,21.689407792785524,10.891941762923084,8.5264222331526,16.318817602596823,15.923918467125873,176.98780787879252,4,114.17215242223676,3.9397348498628117,0.0,3.3651936996439225,0.3067591801593945,8.053059603773564
7.3,219,179.66439958936476,4.881979859951424,6.554142154596278,16.54378745491438,22.926438570051136,34.238158265318916,27.277242458980883,15.664413484982642,14.525940070922102,True,True,0.0,7.264292194094272,3.315767439735067,1,155.20352541074814,711.4643932638957,0.0,19.155481936831958,7.468730592744771,13.649216086137764,21.585300371255528,21.084354897818688,21.87675225556653,10.609054156028389,8.455056886553496,17.697343046089408,14.869767314484639,176.36163221013896,4,115.80488885470335,3.632146097047136,0.0,3.315767439735067,0.30592804477165775,5.863014554445476
7.333333333333333,220,179.73223766672487,5.1006482910129325,7.096558308584512,16.879612167943346,24.023859294748025,34.836855767298715,29.01543572477146,18.888892624394092,13.354253062527846,True,True,266.4882555788874,7.973142295015166,3.2223248026032443,1,163.67075621960905,946.9653263878755,0.0,19.021752114407235,7.08575660899996,13.890416283329444,21.34857098187722,22.007261278255005,22.200751706759654,10.323661581809185,8.414935061188956,18.82239406301626,13.98324566051514,176.50180776979082,4,117.46453884491504,137.23069893695128,0.0,3.2223248026032443,0.29628800341928946,4.946847006991468
7.366666666666666,221,179.93322844019005,5.281251464319025,7.835309521148922,17.331464954102866,25.682821630076226,35.031140081156984,30.337351719434007,24.545992735403452,12.816801984310446,False,True,0.0,8.137085963139262,3.0914718791684805,1,144.06281412676432,1191.0078357805605,0.0,18.95152794251265,6.551802632564755,14.172887059427678,20.937124921832844,22.64544749001148,22.443590797030343,10.129277597964817,8.40656384898789,19.659693591018023,13.342771909887599,177.20921243184438,4,119.20213022128637,4.068542981569631,0.0,3.0914718791684805,0.27709358203024415,6.196226461299997
7.4,222,180.09660859212406,5.428726683642737,8.358384943959503,17.763849494321942,27.399050200940966,34.73619818023197,31.28254924904686,30.53317706695734,13.044276307527689,False,True,0.0,7.8620076403479215,2.987419383064049,1,76.17050154234238,593.2501464206028,0.0,18.933839929909862,5.861907182964188,14.43741815219669,20.49078058113244,22.841502921435087,22.656163521916998,9.985323937149104,8.427407987833451,20.171624922868617,13.055572473658875,178.303307446419,4,120.96700424286631,3.9310038201739608,0.0,2.987419383064049,0.25007553193700727,8.081144828702868
7.433333333333334,223,180.20152346951997,5.510655945399401,8.73222024224884,18.089484293020025,28.796334128154292,34.041081952275746,31.735356023121014,35.446249341173925,13.96264919604649,True,True,0.0,7.776441734981875,2.932875281711493,1,84.9105607163921,549.1470737548623,0.0,18.92790587873315,5.092604621360121,14.769724886009802,19.9620956232502,22.621802350775035,22.845093669506404,9.852755430476526,8.51808801008023,20.51895483899844,13.047902573493273,179.55888944876511,4,122.61879948935166,3.8882208674909373,0.0,2.932875281711493,0.2190568999042707,7.926486838083046
7.466666666666667,224,180.37526131719625,5.517224411684063,9.320736711286662,18.2497080360123,29.732866926008718,33.08953681044859,31.707674641161027,38.739119834084576,15.39513641834068,False,True,0.0,7.315789683167327,2.949427601157822,1,99.53012727610475,852.765263476141,0.0,18.919391201476138,4.310867863575388,15.29735252611841,19.197606864725195,22.09094467506143,22.849847275580498,9.736601901285823,8.666162244707532,20.541003618654354,13.204374664964902,180.9205390527819,4,124.20434554589403,3.6578948415836634,0.0,2.949427601157822,0.18798362174677155,7.741693592402318
7.5,225,180.69582227165748,5.488664552522815,9.131783743440808,18.37132545036009,30.412491840828416,32.289915812464685,31.23277500454293,40.67099144221755,17.456285104088494,False,True,0.0,10.399221571086965,2.9538229920862076,1,176.6348952420506,1295.0394866289546,0.0,18.913503762091587,3.9038305259909123,16.250892395573356,18.34822522816644,21.734807355499385,22.837155653594657,9.68757927962058,8.709255489570209,19.84111668971094,13.693548012269607,182.1273320577262,4,126.43465796897267,5.1996107855434825,0.0,2.9538229920862076,0.15796224677481008,8.261459514824816
7.533333333333333,226,181.21009031775804,5.375333102401325,8.84733578180771,18.45866179204253,30.542191525639023,31.403565861274394,30.290255739082816,40.60508443571653,19.86986006648234,False,True,0.0,7.741134147028308,2.9111411705650068,1,163.69093105523714,598.4191990045265,0.0,18.92643677169087,4.315940162554058,17.440735773638664,17.14800418626805,21.447824355836335,22.624928345232288,9.727634325497094,8.793590045688946,20.062845866542474,14.223220945133082,183.13217301689608,4,128.00941451524062,3.870567073514154,0.0,2.9111411705650068,0.10696640836597221,10.242594753114668
7.566666666666666,227,181.78152462927292,5.196941834511126,8.170933502391652,18.55173516104599,30.40137845986481,30.50419691738521,28.96595369299196,39.45754282881165,22.677820400270424,False,True,0.0,8.156111058998418,2.84900182929642,1,160.5215567380235,765.0195219157501,0.0,18.966342105291655,5.651834276945506,18.838823157527813,15.85692087436784,21.277787923344196,22.426303381047454,9.859706273421288,8.877606102261389,20.127024271494378,14.788165210529048,183.89714335035444,4,128.34228241931547,4.078055529499209,0.0,2.84900182929642,0.09241945256175041,10.927285176757323
7.6,228,182.2646529026054,4.950772299601091,6.430327788634531,18.72417897900661,30.243737607346354,29.59976843629251,27.7659560329438,37.808509997823116,25.80071596232599,False,True,0.0,6.4051266301280325,2.7685221626463195,1,204.73007189427838,1095.757438161338,0.0,19.029628224221344,7.333160622219133,20.29115591729627,14.627187161297444,21.22904336828827,22.290565582018054,10.150569541564153,8.981596306761224,20.77983555479153,15.17499197725629,184.54481563261632,4,125.49781368075924,3.2025633150640163,0.6567777289102721,2.7685221626463195,0.08702882204599613,8.459682648668213
7.633333333333334,229,182.5613414896759,4.6846985391945655,4.544805337576023,18.752331641706647,29.838434683974114,28.246551565558992,26.34504782331296,35.731462218888474,29.030677128136023,True,True,0.0,10.147110696887255,2.577395077866827,1,215.14752235352844,1199.4792036948215,0.0,19.060464594085403,8.907819916118036,21.465262562676234,13.695106917090428,21.040250690811305,21.900119294963044,10.542172328383364,8.999721280025103,20.88432741183819,15.435990893712162,184.93450941789033,4,117.53593962236765,5.0735553484436275,0.6832946731280615,2.577395077866827,0.08273731570006462,6.319977691378656
7.666666666666667,230,182.7691601158144,4.5472804340635165,2.5332554436250905,18.628403723243093,29.184487459580133,25.905320723412117,24.95789839418464,33.80650800692906,32.06822271379471,True,False,19.861542806106105,0.0,2.1865496711433696,3,203.24754391556343,1037.9448547859383,0.0,19.05531673950677,10.27668638574367,22.246321368973586,12.87309411224652,20.715875638825448,21.1785069495791,10.80720256563915,8.970098277324588,20.480601168943444,16.084402803543554,185.4397568540753,4,102.89317999515305,9.930771403053052,0.5573689492092099,2.1865496711433696,1.1744856273513309,6.79623085044081
7.7,231,182.85902204370942,4.502033176722886,1.1344761834159391,18.356852890767865,28.213108225658274,23.895676210074374,23.98816851842861,31.733383058244502,33.2352051158856,True,False,4.69806582286254,0.0,1.3563655162725836,6,142.66849076845338,454.65469106876753,0.0,19.047920583497316,11.194119858307241,22.645072023646236,12.290919561782566,20.14948699172933,20.391065485480826,10.890799272495661,9.019344352373187,19.615128974445923,17.256503355126583,186.23837340448088,4,93.38306776875689,2.34903291143127,0.5360402961692381,1.3563655162725836,2.873014182679304,8.153208784146571
7.733333333333333,232,182.96699286062346,4.4122789395504185,0.3895171784611217,18.04342705968083,27.173135994321097,22.97356556522015,24.00162180807869,29.6219001872218,32.09545641676374,True,False,5.955832318826014,0.0,0.6170653355506466,7,173.98556138478105,1077.1248640647757,0.0,19.0400065695398,11.878380325390134,22.81930749145769,11.90812582911896,19.450421097653724,19.781015870416137,10.97621135934843,9.123594230990607,18.497342012506728,18.48445713150582,187.582389294854,4,95.28351585486006,2.977916159413007,0.6170653355506466,0.595067854479046,3.1500247883581682,8.486318719223831
7.766666666666667,233,183.13906222848226,4.301974285066434,0.04923828566398593,17.84147824993235,26.55733090679735,23.74305725852141,24.951429803161336,27.58019749909697,29.954639066409683,True,True,8.374166343113485,0.0,0.6122599963430886,8,134.44477388662634,922.3514592079423,0.0,19.037103363344677,12.345548567100398,22.809808327499162,11.63480375350599,18.826190201461788,19.557026770903576,11.082989638456084,9.236952889562767,17.40196159671862,19.46046501324279,189.05506111151362,4,99.0768903244064,4.1870831715567425,0.6122599963430886,0.33147661163379594,2.5898473953923458,8.164681808784016
7.8,234,183.3640164694079,4.258795025514783,0.21797246690025415,17.713816388494305,26.22621517158454,25.6218069651838,26.27120234717473,25.575878125174878,27.435973248804746,True,True,4.597358873956647,162.13548396536413,0.5759288873609418,6,104.0038530419749,437.717725151228,0.0,19.029644485819386,12.6035565285566,22.773174116013287,11.424679394571154,18.26695995813283,19.659377753219676,11.08835204407498,9.394810420604625,16.29229648165702,20.269533958426873,190.4915926117445,4,100.94461739080045,83.36642141966038,0.5402094133504955,0.5759288873609418,2.2542226318612233,6.449359795645381
7.833333333333333,235,183.683379233824,4.308702515179652,0.12865849795809892,17.619842712514387,25.99301889353274,27.859575424779226,27.27565337693938,23.55118681228458,25.285659960127767,True,False,2.058640299150622,0.0,1.1800259680558252,4,103.56198963973489,685.6471850470421,0.0,18.99442525518159,12.789689707254153,22.77080692473649,11.197622840275145,17.93570685568336,19.97051333526966,11.01212296537116,9.50257848844637,15.174995369462463,20.977103371904487,191.88766898156143,4,100.8174757635694,1.029320149575311,0.47811360526004043,1.1800259680558252,1.5916427638406303,5.476156894488352
7.866666666666666,236,184.07010156103942,4.401049499283549,0.0011074490997540485,17.571746038084854,25.88006072293951,29.78646968054451,27.729287676928315,21.556618656080214,24.44786687820501,True,True,8.235730263776993,0.0,1.7588937389428596,4,119.48804448453251,572.3231298037585,0.0,18.95847732335456,12.940030488152674,22.899254142421402,11.128084588756138,17.79865616702478,20.26151961388546,10.906444268753223,9.561017926268018,14.148714581179892,21.45374857971858,193.16227220177063,4,100.13177557422851,4.117865131888497,0.45384709070840173,1.7588937389428596,1.4109112629101443,4.285524895877461
7.9,237,184.49086517354044,4.527590266321613,0.229139634477205,17.572812152085245,26.008462504176254,31.51701097067061,27.66164463847909,19.67340524727889,25.18178916027643,True,True,20.793616961560836,158.52549825772397,2.090979793432762,4,90.58700617846783,441.7969463850369,0.0,18.929003762964058,13.067710335569013,22.91205585110959,10.957967794840458,17.918883616797864,20.41585032460846,10.788003388113905,9.59118250699004,13.298857280527306,21.678817403052914,194.5017080958411,4,99.01621466858218,89.6595576096424,0.4849280671592372,2.090979793432762,1.4539123448506182,4.005773377775726
7.933333333333334,238,185.0110940699372,4.609894628445765,0.37407536569198013,17.59431076512776,26.192222606917365,32.906264805211,27.196611724301494,17.955320121073278,26.710693777083687,True,True,13.033345528589782,148.0531982418727,2.161939926879742,4,61.999868219500314,235.3928530672223,0.0,18.9012782936076,13.157744072054903,22.97147713855558,10.873585506914651,18.283893439396785,20.37103995817556,10.714881939287382,9.55863081300769,12.704668410879902,21.608571477366908,195.66715849766405,4,98.19383949243837,80.54327188523125,0.5359798310592636,2.161939926879742,1.3046098993668405,4.144802264777059
7.966666666666667,239,185.7035043783418,4.634557380679194,0.5872082163556817,17.566011475830745,26.233641900844617,33.848924942741526,26.3755850596969,16.394066260786495,28.315991340153555,True,True,0.6580393007775462,133.5011456607426,2.0983894083384174,3,64.98346418312173,657.9241657176503,0.0,18.86771497733843,13.251531374735906,23.042151365297233,10.795351110887243,18.807629804069844,20.08382631294244,10.703801355795346,9.506143067781899,12.32218869436445,21.175266470869925,196.62854322805487,4,96.21000443621523,67.07959248076007,0.5447899273008624,2.0983894083384174,1.4468925485769621,5.529607901339454
8.0,240,186.50686226550437,4.63237745065922,0.7520896664004854,17.51366308260248,26.18939756854876,34.31341806172616,25.409959468058553,15.014893368388618,30.01931937602172,True,True,1.7670009008665368,120.05959244328966,1.8460867910603553,3,69.82144056760964,329.8545952073844,0.0,18.869463171568064,13.279523697996115,23.07621623140963,10.788033126492861,19.339506652532627,19.715716613598808,10.737325670828884,9.48656919957693,12.13738494773221,20.517616653105993,197.4535549465477,4,93.42675033663397,60.9132966720781,0.5042761419845778,1.8460867910603553,2.0348103133175703,5.071358198335749
8.033333333333333,241,187.45854930497893,4.616798435968872,0.9191919287849747,17.40502086096846,26.038174163768424,34.17157544692695,24.50682037735726,13.75301064370468,31.721290187084815,True,True,4.893479900126422,105.64634853940696,1.4181400503342112,3,62.051412020096464,219.69033397721148,0.0,18.881973859813765,13.14659443950982,23.058488738514892,10.839355923243328,19.757338361474417,19.382649773930233,10.770235713057135,9.444584325929945,12.013304377778876,19.62809074620082,198.22939350695717,4,90.69635518290116,55.26991421976669,0.45588624868034305,1.4181400503342112,2.659259038091458,4.467403699032372
8.066666666666666,242,188.52598311570472,4.592704049092433,0.9279476821068747,17.272574511805995,25.860033858085963,33.526933276672246,23.924415193252333,12.716464731304589,33.27232223111467,True,True,7.861667085649639,86.504563556013,0.9107963160257967,4,79.42864997387055,455.17857097969164,0.0,18.89513343559899,12.834276925387151,22.989291917516425,10.977864314559733,20.00161857013473,19.18375337719209,10.82275384584748,9.320586808771068,12.003682167728092,18.619520882010384,198.97093733774005,5,89.19549017127702,47.18311532083131,0.4337266803593076,0.9107963160257967,3.081514911184052,4.114142347516064
8.1,243,189.76705795652316,4.583754812197349,1.5027569701497807,16.995724070270207,25.42204948142418,32.31302639958027,23.511374118928952,11.968790073391267,33.89500733379624,True,True,3.8178831688499635,53.17939185351711,1.0296555835529126,4,89.700931889914,489.0502647027369,0.0,18.911289578122577,12.41043193245696,22.658801033256925,10.876178132565101,20.078829529296964,19.007137111533826,10.891010757993143,9.17635111888348,12.104931381744809,17.132702552502604,199.6725922064868,5,88.47241536705856,28.49863751118354,0.42799995673325514,1.0296555835529126,3.2841374786574047,4.313906519805074
8.133333333333333,244,191.1035533716133,4.530543437131895,1.8679177831848988,16.68424404804305,24.724323117024937,30.726229688489955,23.179895281364654,11.455707218771057,33.53546027947408,True,False,5.5735830096734915,0.0,1.4144256886370343,4,83.97230759317307,387.3143723985826,0.0,18.94429503117319,11.748255981976008,22.499924091549584,11.236028901254219,19.859841828258574,19.049633581845796,10.992112195391597,8.968449048870056,12.247745080722988,15.82008251150395,200.03703988516537,5,87.29845850709502,2.7867915048367458,0.3957350556363526,1.4144256886370343,3.088842246614481,4.962399876005775
8.166666666666666,245,192.56649728220967,4.491513155288295,1.6068061975882793,16.34931741035637,23.890486227752334,29.011415142097636,23.343081892353798,11.334405812947864,31.87304206361004,True,False,7.952982606788539,0.0,2.609750687640208,4,128.79923998965,843.3734074113552,0.0,18.970309355468952,10.936620011093794,22.26644903869646,11.607130621989326,19.713645109569928,19.24409963125363,11.057865170561215,8.706091929904629,12.459079684840587,14.716525690957646,200.12770633757611,5,83.34961129548923,3.9764913033942695,0.3242914086753426,2.609750687640208,2.640171928515269,7.766058807142389
8.2,246,193.96170204721147,4.448279514508058,1.1255118285914398,16.133987454049077,23.312668682930138,27.615715062425707,23.776651997520894,11.562402818832727,30.295904852941224,True,False,11.304356630094919,0.0,3.549213862022644,4,164.55854242213437,1101.53907308038,0.0,19.048404236219575,10.035169578698065,22.01707849535151,12.143187608353418,19.473820472907626,19.525339646708844,11.107239576195102,8.522625000363728,12.534600608714715,14.351671855503016,200.20354082144277,5,81.21406383340091,5.652178315047459,0.2285049051950423,3.549213862022644,2.3664063383890577,9.367518021623324
8.233333333333333,247,195.14487186040134,4.373138159494783,0.9152442332921511,15.993855674944918,22.947218120414224,26.668028388277836,24.327906467871223,11.942438830114495,28.85049879539333,True,True,8.637493153604865,0.0,3.6281017875304613,5,116.80307964546957,752.6639676320148,0.0,19.127552583753932,9.042825958624087,21.66209254562816,12.832373163513283,19.030735648933728,19.840463682661138,11.149175590203802,8.39784586504638,12.395213665837412,14.640683938314977,200.14864996876662,5,84.23956881720775,4.3187465768024325,0.14576074863200628,3.6281017875304613,2.067457952133136,8.373022655267327
8.266666666666667,248,196.2109593638192,4.300807276001805,1.466083790634632,15.860438639644602,22.711971850333622,26.138765783841013,24.995522044613264,12.42714878293604,27.286450789944176,True,True,3.2063800256029547,26.346617380288862,3.753584237310497,7,190.28295422003953,1713.620819966782,0.0,19.16163566963999,8.002824917996652,21.167404212679106,13.538156194213341,18.440004990454863,20.153895124396833,11.166455537009428,8.281233803725724,12.336488314881597,14.810593428337038,200.18043312908839,5,89.7908058604403,14.77649870294591,0.1592261845651868,3.753584237310497,1.9092665032627416,7.128650014063204
8.3,249,196.99313752769956,4.221748071650733,1.6843399844777402,15.823320924214961,22.583496966411527,25.72445693026273,25.99989246832557,12.804139521058922,25.805498945998878,True,True,14.155615123354707,44.48358533617711,3.7980705214468427,8,223.3975834904822,2161.675845852823,0.0,19.181363726732833,6.785978914590807,20.554092265919643,14.608562278693896,17.94116743481498,20.65755599335044,11.180708115309633,8.188896380600967,12.849349068799269,15.068151818765935,200.37891145168493,4,92.9998191338618,29.319600229765907,0.3101619708724172,3.7980705214468427,2.1944356954021726,4.9773458410716005
8.333333333333334,250,197.7702791619238,4.2355587088008235,1.5108456085140074,15.884785048801644,22.534971379963157,25.572825292885337,26.99281334478318,13.126907811808433,24.447339070375673,True,True,31.85262143681386,40.606388198243096,3.9635165094579627,6,183.8605877467645,1287.8553229260388,0.0,19.244829715421044,5.79980635311659,19.96911648923888,15.616450404974728,17.805812693037517,21.107552622119535,11.228630631037193,8.284429478994374,14.331689213935594,14.743572610296587,200.82158128657764,4,94.45754988878059,36.22950481752848,0.41369030789756106,3.9635165094579627,2.661394603241273,7.137721283685534
8.366666666666667,251,198.43997443628368,4.280395858204688,1.6721334857570076,15.96538790243773,22.456009694325353,25.35646989209301,27.880514255224874,13.256022260781489,23.33103236920205,True,True,49.150370003568774,10.009055974566397,4.098967195950105,4,105.40316016899877,665.2813048379618,0.0,19.304556800794952,4.952141251215114,19.325366961318686,16.443370285643585,17.992529433216497,21.512386626577776,11.214311035302934,8.391302644101934,15.989866168391059,14.530948552701956,201.36179279033013,4,96.17246881486196,29.579712989067588,0.2800047614605695,4.098967195950105,2.8673599024510494,9.281248711783801
8.4,252,199.0406744108183,4.303322613382687,2.055732908829044,16.007403411722223,22.23541224840692,24.910944216644683,28.520802145647178,13.115107450592953,22.394795180742864,True,True,69.48546658533135,6.995288296404169,4.125663357988909,3,138.53826334272628,1158.323135500924,0.0,19.360687691319786,4.398364477404685,18.870681174062025,16.963265586504043,18.4494382329207,21.763147087522402,11.198722153390234,8.572524638401044,17.234772857105188,14.357798283575592,202.13052986000935,4,96.99908789515811,38.24037744086775,0.0,4.125663357988909,2.7080111371155677,9.048078040434996
8.433333333333334,253,199.59073957493666,4.346211420414914,2.5842502174681847,16.001894023993753,22.05268316190096,24.239461073950924,28.95188379384988,13.525363894120455,21.494023885682566,True,True,94.36699445929008,4.92403915506554,4.10779226626167,3,124.78658892312967,1047.3304491376523,0.0,19.37840154197373,4.0193365999066275,18.502009232355782,17.287765370082017,18.82699831486785,21.89146849785905,11.17404379248967,8.751837099601783,17.88645840557716,14.09935885758875,202.97675418735253,4,97.12997165814261,49.64551680717781,0.0,4.10779226626167,2.5200895391102365,7.488013183977521
8.466666666666667,254,200.14533211393478,4.3860279118661305,3.1487653479440536,15.993133685163924,22.06072322434641,23.541017561086306,29.077621529850678,15.066651689200786,20.557602117247882,True,True,115.55881173420894,6.310156207271024,4.098123737438237,3,96.56197205922444,663.526052957272,0.0,19.367730892083234,3.8340548010354887,18.22537580590576,17.45738018506496,19.032819304535092,21.830777312305297,11.188183571556811,8.863892728637772,18.08999020278822,13.76390757616061,203.85432159170827,5,96.94759177750477,60.93448397073998,0.0,4.098123737438237,2.6347140907431763,4.892813331260627
8.5,255,200.6900539082472,4.430521130115272,3.880726359880079,15.955113427564967,22.269898456779245,23.127103446103295,28.81946926166345,17.44452546594449,19.688495653405745,True,True,128.23041653627365,20.7392601405248,4.123194748427126,3,146.14013777455938,800.0239622068252,0.0,19.354233861843063,3.739758890297233,18.043473000897073,17.405708581157157,18.69377272072378,21.60188080041078,11.201455203261636,8.953934618109143,17.871547986188215,13.381341923469414,204.78883580777594,5,96.79210344849058,74.48483833839923,0.0,4.123194748427126,2.7042752554193203,4.672964129392797
8.533333333333333,256,201.22969836083908,4.476929740144242,4.641011517067176,15.882206505648716,22.50942986291184,23.04959105858126,28.241810473108792,19.888400202634784,18.857917717322533,True,True,129.35830644399374,16.416355842340536,4.19278610477233,3,116.03813262669718,619.4038705010287,0.0,19.356403329222097,3.7111893137400576,18.001522341972766,17.202917082574004,18.10402141874547,21.150287165945613,11.228072100092394,9.049871915319526,17.3463306569951,13.044762808476365,205.85191661988205,5,96.70071302277341,72.88733114316713,0.0,4.19278610477233,2.7934590883669776,4.580630628235884
8.566666666666666,257,201.74420526350883,4.475372680672052,4.996583328851035,15.830867121332542,22.683275828759477,23.249668257488338,27.498036735020886,21.817741879816683,18.167656442711998,True,True,117.87917780664507,2.3503853420646266,4.189795805074806,3,98.0610235478076,456.3628616969153,0.0,19.35781401198656,3.8161605717589753,18.20845366201984,16.888316173022925,17.88351131030637,20.606662346023192,11.27841850323068,9.145221079477741,16.662931166164952,12.882414680958988,206.95031562838943,5,96.93727809198302,60.11478157435485,0.0,4.189795805074806,2.9797257905630423,4.873954214673126
8.6,258,202.22874932492064,4.418296171117109,5.083986866954285,15.789497225240492,22.644811321927943,23.51039961795378,26.748020930361356,22.72549109938648,17.595333640010153,False,True,0.0,2.1191047928378066,4.13100399819159,4,108.72721415923112,790.5182005663688,0.0,19.349286740766743,4.067361545628226,18.597039496417093,16.49473762880868,18.117381197133682,20.173145587731145,11.339236002314351,9.252188950219198,15.994362587864345,12.878473354012145,207.9328442536967,5,97.52256621878487,1.0595523964189033,0.0,4.13100399819159,3.194609742922959,4.979602088759252
8.633333333333333,259,202.65404902623268,4.329050456941996,4.845407341322715,15.750032544883524,22.419301345228398,23.658364387998557,25.9955771886795,22.837030131190645,17.18623367304489,True,True,0.0,1.8580217443027771,4.1185436750510815,4,94.04525372525735,456.4275037246447,0.0,19.34361622096442,4.4891345912680345,19.126840414069353,16.026547796684042,18.49665448432961,19.85209866651571,11.344359488482988,9.411207455310622,15.413294461676305,13.069529213038209,208.5574914254143,5,97.89603419098226,0.9290108721513886,0.14598073216214824,4.1185436750510815,3.088266675753166,3.8519469753935156
8.666666666666666,260,203.10779414674772,4.243436942618106,4.58566719423514,15.744384184639948,22.15539538010736,23.910314388585412,25.580162341677987,22.33195675154434,16.799148038621702,True,True,16.37547324520821,0.9827203370178027,4.146093642591097,5,78.33986133889616,381.8453249375367,0.0,19.32826695832845,5.048894767794307,19.824947055214775,15.466331380383094,18.897355612070314,19.668158361512592,11.341177545174983,9.558421468987472,15.135786210079075,13.274841889624748,208.7498112132546,5,97.53929080155513,8.679096791113006,0.17693704469986413,4.146093642591097,2.629904458732529,4.378555761162192
8.7,261,203.55568617120375,4.155379069834897,4.842930952430976,15.66736766908226,21.727954685112053,23.970676310079863,24.899627969854564,21.56839724807692,16.473117212436858,True,True,6.0048007057293935,4.039086123435527,4.181099736034908,5,68.29524674758856,293.69561669707036,0.0,19.309528380512912,5.801713355208205,20.460425051107308,14.713992281092168,19.154978984680877,19.3437162609166,11.39146459404066,9.657380269316402,14.97184941082566,13.293647708084904,209.09397773816295,5,96.78783862855116,5.02194341458246,0.20871576854641247,4.181099736034908,2.5570470450899747,3.9288565231189656
8.733333333333333,262,203.90148605785038,4.118049846278193,4.993198453178398,15.59608396356468,21.31149052268079,24.00169917149098,24.114682870875235,20.788457783666086,16.341122264690853,True,True,17.811373861932996,2.3148004209045556,4.0789454081858265,5,75.07796810568156,562.9866363934481,0.0,19.293974663007653,6.69360907020241,21.013185118842003,13.983967490399055,19.308790129743425,19.02293727148333,11.49404887603588,9.668319113104705,14.889326003035771,13.327139626892848,209.497044490544,5,96.09567845120662,10.063087141418777,0.2855645753562545,4.0789454081858265,2.3012578365155028,3.165881417318569
8.766666666666667,263,204.0505804785284,4.2069112844364875,4.686122979565997,15.587629576074516,21.069365302610514,24.088772408586387,23.71784094450525,19.94649285110443,16.52435500624599,True,True,19.598321425880368,2.417626626705686,3.8829460937049887,5,79.24041861160099,818.513446477994,0.0,19.30298565253098,7.465662254610534,21.42635640911853,13.435282874191584,19.329944090096067,18.93571471935765,11.460080306028093,9.693182023752213,14.748666690676993,13.739107410312984,209.9264097155471,5,95.44733829961599,11.007974026293027,0.28542597396170905,3.8829460937049887,2.32806230858976,2.4829766103659865
8.8,264,204.04537742927192,4.336281770326867,3.9477506740000123,15.688571195532166,21.16931902921851,24.65230149127207,23.883274114823223,19.16708494721699,16.974615563561752,True,True,18.83294363709959,3.700473461230671,3.7127966967182546,5,80.59214018049636,694.7612999838229,0.0,19.32773959802073,8.063860660612768,21.691697848795076,12.992304501759843,19.33740208663294,19.1121182317178,11.324728384901645,9.759225974813294,14.573778701686255,14.468435827168072,210.27980977813314,5,94.6171880369201,11.26670854916513,0.31043856376103296,3.7127966967182546,1.611904756125671,2.9885404171720693
8.833333333333334,265,204.0209044398475,4.41291575948306,3.390131755427812,15.851921223629581,21.319424397069668,25.618555026718504,23.683703127560204,18.584700824477817,17.390738609522135,True,True,20.003416125911315,3.631799780967536,3.556780916327409,5,52.52843038150342,287.585491781376,0.0,19.33825733491678,8.922941157661214,21.950703722756614,12.527826964194208,19.588035285831413,19.444890676278522,11.300972583385233,9.744937504580282,14.481104651003,15.201450885557819,210.60622456893591,5,94.22636968405229,11.817607953439424,0.34937216718817454,3.556780916327409,1.4724974506666202,3.5760447573042082
8.866666666666667,266,204.15255412168833,4.456900411225984,3.025851781266016,16.02625748766992,21.669912191883142,26.851067298627925,24.08885801569026,18.029618280065865,17.710105173148524,True,True,10.299700187508655,2.601303079880234,3.4491495830770096,3,47.35879187284572,266.51925508024385,0.0,19.34595219053373,9.499576992031662,22.115415242495022,11.950060293970575,19.850473510992224,19.799396385082673,11.320283567196554,9.657351784907972,14.330674203313428,15.845029376992436,211.07240187636168,5,93.71533840126558,6.4505016336944445,0.4037791471737512,3.4491495830770096,1.8655097132903946,4.069054861716836
8.9,267,204.36244811440085,4.499272221271633,2.809671551176558,16.21256083669704,22.067111298632852,28.36052644245607,24.455709862234418,17.476979284969094,17.975229604871817,True,True,27.693344659285547,1.8428961399027304,3.3642957055938707,4,62.431486379427405,709.2073922514389,0.0,19.32786529849563,10.089411746407038,22.21560697536245,11.578178997082174,19.99375980437826,20.109541894884522,11.359511171126806,9.548513216065306,14.33666307870932,16.36091517341276,211.56900468681985,5,93.94831003749032,14.768120399594137,0.3730968884542901,3.3642957055938707,2.107255845135053,4.006441171312213
8.933333333333334,268,204.58305111131207,4.571725988503605,2.5891414266357864,16.398746166017904,22.50373886066325,29.875933147898415,24.928591505824883,16.959577958630927,18.250852830298786,True,True,29.89466828096379,2.8787312028245156,3.3183918478230066,5,72.69577714301415,742.6142772508504,0.0,19.323302647604642,10.639121576554604,22.233013192463584,11.282321368790079,20.0655246416937,20.326363227404013,11.357881101811653,9.46307876930224,14.535580608201595,16.740049913789424,212.0194891655928,5,94.45276173640876,16.38669974189415,0.2949099723272254,3.3183918478230066,1.8871965309624883,2.791709893427259
8.966666666666667,269,204.75620946034178,4.666204339861013,2.459679246175323,16.560963255404655,22.901342612065537,31.19044755248706,25.397491915061778,16.468439012523323,18.548991968189988,True,True,27.49576245098667,3.469573694212797,3.306775069296355,5,73.17081746840222,307.030684881139,0.0,19.33731880489438,11.098633559639223,22.187635907970314,11.08538037697744,20.061480654114874,20.41593043996138,11.329761676147154,9.410134824854332,14.935920391844974,16.946881746403644,212.3837064815834,5,94.80820863302287,15.482668072599735,0.23178853639449032,3.306775069296355,1.6962701173345993,2.5961993954278646
9.0,270,204.86574593680083,4.7629346338408425,2.422117454460618,16.69917081097923,23.224984664376038,32.222091472792066,25.809321063189216,16.002651243039573,18.865874878483307,True,True,20.959007778505324,4.039368707400081,3.301612940178749,5,57.020403137308286,259.94647990353275,0.0,19.354758398830228,11.46764358521558,22.11744889481438,10.981708176640506,19.98557536745044,20.419112534991957,11.289641226740548,9.348957868117756,15.569822559748195,17.052954894634716,212.6505804058077,5,95.16172053766454,12.499188242952702,0.14040290519963275,3.301612940178749,1.3278346504810687,2.5727272797924106
9.033333333333333,271,204.92390456009323,4.844686397556785,2.391897962634681,16.81271633454216,23.3977813282329,32.99236098298012,25.81138917305405,15.584554153899957,19.20282100299747,True,True,15.935693759311867,4.453012869307861,3.313112231644221,5,45.75495740356943,230.93777830911307,0.0,19.358899233212817,11.79076148078793,22.058812830928876,10.961201713643923,19.872392803945758,20.469707384472652,11.240483548669305,9.260795032704424,16.387003770009777,17.1995619068253,212.77719406226802,5,95.65842511762847,10.194353314309865,0.15998241779558953,3.313112231644221,1.239264760857644,3.2230012276948994
9.066666666666666,272,204.96306575779516,4.898454094846549,2.2195588545963894,16.912159243645675,23.553703013521638,33.33983191924213,26.102058669069915,15.163193590178084,19.609727875596423,True,True,11.29736754568497,4.211354420457255,3.3270954609005954,4,28.740313781916907,120.88433327442294,0.0,19.35279553867468,11.987835154878262,21.975129101953353,11.080273189780673,19.78874799499471,20.56678270424581,11.198900358221666,9.175213559414901,16.89139006160776,17.450508936826758,212.88958411179325,5,96.04697354652954,7.754360983071113,0.36603397740393995,3.3270954609005954,1.2008300721002008,3.572119743912287
9.1,273,204.95904340697783,4.897564018257084,1.9402496916007559,16.96139361097285,23.60106450682091,33.30268564843363,26.306402126796247,14.73873029515778,20.056439956895986,True,True,8.368074053411336,1.945220219293513,3.3342363851400667,5,40.56413395035636,192.78304982118166,0.0,19.342861103256134,12.099017435369454,21.948926035298232,11.328918623093433,19.677300597349607,20.71908062920128,11.167920080600178,9.13640827648129,16.828756640175936,17.767456716483515,212.96152651260658,5,95.98675585591454,5.156647136352424,0.5067707860031314,3.3342363851400667,1.1900578422369699,3.2307813249954065
9.133333333333333,274,204.98911265891374,4.87851570115676,1.7521566695677955,16.938662357491545,23.459823870127316,32.80568375396375,26.28705085686657,14.322024376427134,20.424536493251804,True,True,2.2586891732517085,0.4619627516136943,3.3156204538079805,6,48.51360732322926,225.4172905537668,0.0,19.334341943653964,12.201500922300507,21.937733980337708,11.617431428915515,19.568939666739308,20.831741834200955,11.149759375394156,9.130628048594826,16.402793978903347,18.065768702823632,212.9457575640978,5,95.54898677195655,1.3603259624327015,0.5745623031690509,3.3156204538079805,1.2702717634551859,2.382159043463097
9.166666666666666,275,205.11881883179993,4.8893982365137205,1.805648342666315,16.85867127545332,23.096836700771004,31.814523003848322,25.98289413618907,13.9482349230949,20.64169473995173,True,True,1.8396029794263098,1.3639246220904662,3.2570712821926326,6,37.65384569366445,162.67407419656223,0.0,19.32411481295293,12.336481767085989,21.961761216549096,11.84527798761672,19.50914076286707,20.834868260071833,11.103191883022701,9.142650064271468,16.108442935341568,18.32679263893635,212.835756301864,5,94.81595759697299,1.6017638007583879,0.6405845475582143,3.2570712821926326,1.3536829836502196,1.2977620402763494
9.2,276,205.30328860579337,4.928323827837211,2.0782951592566503,16.727939743831723,22.55408574945826,30.471843965086265,25.419559738760523,13.596452136179352,20.728487157806896,True,True,1.187225129847355,1.123167112711426,3.18680840317792,6,34.05534203447846,121.80488491705535,0.0,19.307255671021682,12.476827395296825,22.01405996827,12.012329119922674,19.5136904352088,20.693283261958438,11.025630228315253,9.148883970807008,16.018900897021016,18.491892211821188,212.61926977174474,5,94.1887806466116,1.1551961212793904,0.751749870264828,3.18680840317792,1.541496556996362,1.1662540349779977
9.233333333333333,277,205.4613310132385,4.963110050796027,2.3694682085664898,16.579018621921545,21.957895784215943,28.979748008029503,24.769128277864127,13.286563117993195,20.796143732976933,True,True,0.8801593646316481,0.9052091168586845,3.146667187065667,6,34.0553420344781,121.80488491705417,0.0,19.30080437658664,12.554514107146195,22.059060420313692,12.16890143314801,19.56956503793773,20.485517431105016,10.963921652630287,9.158751437324536,15.989118294685644,18.603542001081653,212.3321103069482,5,93.7449765823716,0.8926842407451664,0.8995339298469587,3.146667187065667,2.03439297255563,1.8133110574908304
9.266666666666667,278,205.60642554644946,4.973061364291242,2.547304503250855,16.443699000341606,21.410782132389354,27.553310138691227,24.187019312284228,13.05273992042737,20.8500591581546,True,True,1.4578571428049738,1.8666538713932603,3.13247331452949,6,34.0553420344781,121.80488491705417,0.0,19.29953088285884,12.627913096902734,22.118888006899553,12.345695600394972,19.7062522420355,20.192079990777202,10.943271057146342,9.154327551702432,15.950166357129259,18.674231689719846,212.02892482711098,5,93.57938843673985,1.6622555070991172,1.0556954187295657,3.13247331452949,2.5356122438568445,2.8043662530971525
9.3,279,205.74063998701266,4.960002384931784,2.654083066678033,16.330005750361646,20.941192285224307,26.322731042338493,23.66990602457512,12.908872335514499,20.86325973846912,True,True,2.135023716940638,1.761869639691148,3.145301774705902,6,34.0553420344781,121.80488491705417,0.0,19.29582025778254,12.720988874111375,22.18811520067067,12.527812679862821,19.926516286114232,19.84480649328148,10.957974095800536,9.128920706457915,15.895479525918855,18.69888299452702,211.70919622372776,5,93.72655204471415,1.948446678315893,1.2147692245203,3.145301774705902,2.8859052351197434,3.8714772067983962
9.333333333333334,280,205.87963642320895,4.945381700617768,2.719619507936412,16.242747172608553,20.518416949233494,25.20234779217559,23.205232681380895,12.821455608328886,20.844631715048596,True,True,1.7708929360765318,2.1664107023557535,3.1721890732885663,7,34.0553420344781,121.80488491705417,0.0,19.29023156445617,12.870789168398677,22.253178690809648,12.725764572747861,20.261035511259664,19.569618749238906,10.9722855919174,9.097708747247344,15.826388435588731,18.700538760529962,211.38788398585228,5,94.03608620472451,1.9686518192161426,1.3929744330841396,3.1721890732885663,3.151390053602677,4.938588160499641
