1.37869559,-0.05694454,0.75405140,0.02402276,0.17571939,0.07503022,0.98128287,0.27765524,0.02090643,0.48974925,0.12772190,0.47824777,-0.15784176,-0.33429222,-0.04219003,-0.85964970,-0.08726697,-0.06935628,-0.17922933,-0.32793796,0.21921519,-0.22595332,-0.53774538,1.50471486,-0.02346387,0.21965994,0.45416680,0.05304561,-0.37423062,0.20895590,-1.26623790,-0.46113224,0.85495234,-0.12037071,0.35522861,0.19436545
1.38129163,-0.05462892,0.75170409,0.01072669,0.22919480,0.11220096,0.96683278,0.11484594,0.06111033,0.41038233,0.16760340,0.51737109,-0.16081942,-0.44593231,-0.05160463,-0.94515397,-0.08706711,-0.07439558,-0.18852373,-0.25242014,0.28974295,-0.35341448,-1.36682368,1.27720584,-0.68180906,0.59049544,0.44111477,-0.05098813,-0.55454858,-0.16396337,-1.54448650,-0.20907961,1.31713157,-0.21117174,0.16492939,0.49050875
1.38020721,-0.05457910,0.75112303,0.01400101,0.23209420,0.10833786,0.96653979,0.10337158,0.05178990,0.41238600,0.17628716,0.52360000,-0.15921106,-0.45518115,-0.05638450,-0.93653217,-0.08722375,-0.07177765,-0.19079505,-0.26664280,0.18785163,-0.34784147,-1.72682862,1.17114271,-1.05073134,0.74588927,0.41015620,-0.04904752,-0.55670790,-0.24042231,-1.44126591,-0.14823076,1.39305413,-0.20474210,0.16539250,0.48358385
1.37955106,-0.05271286,0.75067487,0.01489184,0.23136574,0.10911384,0.96661383,0.10641676,0.04905763,0.42263482,0.18108798,0.52360000,-0.15739189,-0.45358841,-0.06069973,-0.93708721,-0.08714366,-0.07340952,-0.19004969,-0.27491799,0.17695225,-0.34103237,-1.75495808,1.16374998,-1.08004119,0.75513454,0.39666071,-0.05384855,-0.55334865,-0.24501660,-1.42698807,-0.14440221,1.39391018,-0.19996910,0.16253447,0.48218891
1.37797608,-0.05143622,0.75024631,0.01584654,0.23158480,0.11019723,0.96642327,0.10309985,0.04548721,0.41989362,0.18323818,0.52360000,-0.15949632,-0.45571596,-0.06599829,-0.94025844,-0.08726375,-0.07561396,-0.18790105,-0.27903557,0.17164600,-0.33197378,-1.77368352,1.15615895,-1.09358138,0.76277542,0.38392634,-0.05377153,-0.54705957,-0.25225206,-1.42082218,-0.14453431,1.39964155,-0.20761219,0.16326814,0.48200945
1.37653610,-0.05074264,0.75052195,0.01615716,0.23189144,0.11118841,0.96623105,0.09932002,0.04133954,0.40680433,0.18275731,0.52360000,-0.16117475,-0.45751042,-0.06862887,-0.94114700,-0.08726456,-0.07608532,-0.18929706,-0.28294238,0.17029199,-0.32387936,-1.78160701,1.14926285,-1.09627954,0.76572279,0.38011008,-0.04807148,-0.54336932,-0.25916348,-1.41629775,-0.14516862,1.40136945,-0.22426995,0.16291827,0.48185464
1.37598538,-0.05001815,0.75073256,0.01618245,0.23130660,0.11392557,0.96605194,0.09947509,0.04212179,0.40236405,0.18392952,0.52360000,-0.16464332,-0.45612924,-0.07228256,-0.94434310,-0.08726673,-0.07991245,-0.18872853,-0.28973510,0.17203992,-0.32020429,-1.78019843,1.14237434,-1.09553007,0.76702898,0.36866218,-0.05400055,-0.54358484,-0.26011441,-1.41363702,-0.14427049,1.40325311,-0.22867591,0.15800095,0.47852223
1.37532138,-0.04933573,0.75109176,0.01577444,0.23014104,0.11698989,0.96597082,0.09909724,0.04260993,0.39306869,0.18763310,0.52360000,-0.16281527,-0.45279311,-0.07460421,-0.94944713,-0.08726668,-0.08159311,-0.18883723,-0.29516931,0.17399389,-0.31704809,-1.77747246,1.13327201,-1.09522708,0.76879187,0.36776451,-0.05190462,-0.55226481,-0.26070888,-1.41176337,-0.14554486,1.40412876,-0.22541244,0.16221551,0.48542243
1.37448134,-0.04853634,0.75085132,0.01486811,0.22922994,0.12080328,0.96573244,0.09742999,0.04387532,0.38385714,0.18959376,0.52360000,-0.16210020,-0.45032308,-0.07648719,-0.95683040,-0.08726679,-0.08252070,-0.18922688,-0.29816546,0.17915627,-0.31446893,-1.77998221,1.13138947,-1.10971700,0.76451241,0.35845430,-0.05375435,-0.54534810,-0.25376610,-1.41485945,-0.14399748,1.40203406,-0.21743033,0.16460158,0.48370471
1.37398608,-0.04858984,0.75094672,0.01504295,0.22894118,0.12190890,0.96565929,0.09721800,0.04467450,0.38501034,0.18971653,0.52360000,-0.15938719,-0.45023989,-0.07806532,-0.95809461,-0.08726676,-0.07953915,-0.19239290,-0.30095063,0.17943317,-0.31129880,-1.78482240,1.12974480,-1.11572441,0.76569812,0.36238019,-0.05225080,-0.54523699,-0.24980010,-1.41239862,-0.14828725,1.39647564,-0.22619945,0.16680839,0.48152918
1.37392661,-0.04813200,0.75103899,0.01549588,0.22775875,0.12268464,0.96583348,0.09679187,0.04675567,0.39253929,0.19933953,0.52360000,-0.15623087,-0.44726395,-0.07976147,-0.95951752,-0.08726674,-0.08017827,-0.19050624,-0.30292967,0.17730725,-0.30953283,-1.78615512,1.13007901,-1.12322295,0.76217442,0.35670573,-0.05960065,-0.54025760,-0.24238544,-1.40901249,-0.15297989,1.39599027,-0.23284589,0.15893855,0.47760011
1.37411093,-0.04808158,0.75158098,0.01506923,0.22646600,0.12408425,0.96596541,0.09897560,0.04807346,0.39053442,0.19890779,0.52360000,-0.15691661,-0.44268806,-0.07940733,-0.96243030,-0.08726656,-0.07937496,-0.19404243,-0.30878063,0.17567754,-0.30823039,-1.78952127,1.12950051,-1.12069397,0.76247777,0.37206767,-0.05810046,-0.56122527,-0.23276177,-1.40479052,-0.15293156,1.39740367,-0.23056428,0.16276754,0.49749545
1.37445224,-0.04785526,0.75210045,0.01508704,0.22474252,0.12537968,0.96620035,0.09884972,0.05158255,0.39100659,0.20528308,0.52360000,-0.15495205,-0.43764609,-0.07963565,-0.96325888,-0.08726559,-0.08034102,-0.19509690,-0.31283246,0.17150130,-0.31583333,-1.78405370,1.12331488,-1.11538788,0.76604418,0.38336581,-0.06199790,-0.57446522,-0.22423824,-1.40063614,-0.14970465,1.40261874,-0.23323853,0.15803006,0.51133989
1.37495202,-0.04772578,0.75209289,0.01542093,0.22328292,0.12436509,0.96666450,0.09670026,0.05274743,0.38935431,0.21657779,0.52360000,-0.15167662,-0.43405165,-0.07905707,-0.96113777,-0.08726264,-0.08192871,-0.19745897,-0.30645829,0.16871141,-0.32279393,-1.78312920,1.12120322,-1.13091754,0.77063375,0.36465684,-0.05856924,-0.57467290,-0.21461220,-1.40300630,-0.14938012,1.40828559,-0.23725797,0.16089858,0.50903822
1.37552261,-0.04758740,0.75176136,0.01492636,0.22158967,0.12377951,0.96713694,0.09479114,0.05657465,0.38712735,0.22927909,0.52360000,-0.14970364,-0.42992246,-0.07709084,-0.96028686,-0.08716324,-0.08311037,-0.19839093,-0.30318255,0.16373152,-0.33171627,-1.77998156,1.11584190,-1.13524316,0.77192444,0.36721984,-0.06676789,-0.57301695,-0.20686468,-1.39928496,-0.15376087,1.41476015,-0.25155891,0.15570532,0.50848629
1.37646494,-0.04744640,0.75164571,0.01452479,0.21987773,0.12261525,0.96768193,0.09466629,0.05824151,0.38205971,0.23795429,0.52360000,-0.14721609,-0.42474978,-0.07449001,-0.95798095,-0.08709246,-0.08335470,-0.19925394,-0.30431556,0.16028755,-0.33257849,-1.77692532,1.11214224,-1.12372210,0.78061013,0.39063798,-0.06061819,-0.58167111,-0.20212809,-1.39519832,-0.15979145,1.41508527,-0.26793421,0.15765445,0.51846105
1.37782929,-0.04711719,0.75120306,0.01430555,0.21932569,0.11979511,0.96816358,0.09520663,0.05890277,0.38254016,0.24393753,0.52360000,-0.14976411,-0.42263516,-0.07172936,-0.95482777,-0.08699131,-0.08395000,-0.19662750,-0.29178693,0.15911495,-0.34289454,-1.77549879,1.10777180,-1.14123718,0.79521937,0.37156359,-0.06830888,-0.57182352,-0.19491438,-1.39948407,-0.16428381,1.41907151,-0.27973173,0.15220923,0.50088518
1.37913438,-0.04712123,0.75060159,0.01384679,0.21841097,0.11662823,0.96876353,0.09528158,0.05993626,0.38132584,0.24977596,0.52360000,-0.14908772,-0.42052605,-0.06751447,-0.94891779,-0.08691052,-0.08581583,-0.19719984,-0.28286069,0.15747854,-0.35003285,-1.77573322,1.10700719,-1.15195170,0.80501711,0.36498294,-0.07233354,-0.57261102,-0.18722664,-1.39983575,-0.17143326,1.41877795,-0.28657241,0.14813980,0.49643556
1.38032607,-0.04705556,0.74978999,0.01307685,0.21780718,0.11383112,0.96924275,0.09418429,0.06120662,0.37781204,0.25793769,0.52360000,-0.14801103,-0.41876143,-0.06335204,-0.94548393,-0.08682218,-0.08693141,-0.19633274,-0.27515961,0.15695583,-0.35400860,-1.77890378,1.11080018,-1.16188312,0.81056157,0.36942952,-0.07292541,-0.56727009,-0.17872291,-1.40117537,-0.18068677,1.41776616,-0.29601462,0.14767050,0.49073983
1.38097809,-0.04703339,0.74868021,0.01165374,0.21742624,0.11197210,0.96956293,0.09097309,0.06400113,0.37182061,0.26620589,0.52360000,-0.14917961,-0.41809130,-0.05834956,-0.94249850,-0.08679287,-0.08816238,-0.19567603,-0.27051128,0.15803403,-0.35222425,-1.78681956,1.11651432,-1.16596955,0.81683019,0.37392456,-0.07519943,-0.55699744,-0.17138746,-1.40204453,-0.19493726,1.41606347,-0.30879199,0.14406503,0.48103404
1.38183448,-0.04707892,0.74859583,0.01021158,0.21775203,0.10963815,0.96977278,0.09050631,0.06585724,0.36973107,0.26850444,0.52360000,-0.15224898,-0.41791878,-0.05313720,-0.93898386,-0.08683134,-0.08959027,-0.19381826,-0.26878103,0.15723089,-0.35360143,-1.79115671,1.12068528,-1.15935910,0.82137694,0.42024952,-0.08430382,-0.57770449,-0.16117707,-1.39972991,-0.19772415,1.41338743,-0.31247947,0.13853334,0.50223930
1.38317787,-0.04707294,0.74848367,0.00963345,0.21865489,0.10760127,0.96980369,0.08817835,0.06631632,0.36910832,0.27340038,0.52360000,-0.15249336,-0.41825757,-0.04917316,-0.92387543,-0.08680901,-0.09558100,-0.19647735,-0.26175065,0.15655531,-0.36100777,-1.79403255,1.12690163,-1.16994588,0.82445118,0.41403759,-0.08415298,-0.58531780,-0.15160883,-1.40383069,-0.19420624,1.41624847,-0.29636100,0.14051121,0.51053891
1.38540296,-0.04717523,0.74799904,0.00907408,0.21982570,0.10453919,0.96987931,0.08737252,0.06663777,0.37104204,0.27634368,0.52360000,-0.15547888,-0.41858947,-0.04520089,-0.92222527,-0.08690539,-0.09899440,-0.19336251,-0.25544884,0.15319671,-0.36435937,-1.80086616,1.13010542,-1.17015547,0.83260714,0.42524089,-0.08744830,-0.58925325,-0.14931050,-1.40332794,-0.19350001,1.42323037,-0.29258676,0.13579451,0.51443623
1.38644328,-0.04723594,0.74782697,0.00888924,0.22027235,0.10314589,0.96992886,0.08535103,0.06764165,0.37086299,0.28026368,0.52360000,-0.15724826,-0.41824846,-0.04325354,-0.91987442,-0.08692370,-0.09977828,-0.19168845,-0.25045367,0.15007097,-0.36701563,-1.80367175,1.13194135,-1.17022888,0.84056059,0.41710419,-0.08764425,-0.59451537,-0.14636375,-1.40345480,-0.19122253,1.42883602,-0.28435479,0.13668795,0.51969596
1.38765850,-0.04735812,0.74757683,0.00868069,0.22081139,0.10248713,0.96987802,0.08475391,0.06827099,0.36925768,0.28109762,0.52360000,-0.15488549,-0.41746032,-0.04166601,-0.91985709,-0.08686698,-0.10035770,-0.19370361,-0.24657407,0.14851702,-0.36570907,-1.80837859,1.13516711,-1.16674264,0.84929137,0.41428684,-0.08216891,-0.59828232,-0.14395205,-1.40527737,-0.19451670,1.43257933,-0.27906643,0.14175652,0.52472406
1.38842787,-0.04774955,0.74760813,0.00874029,0.22189986,0.10300415,0.96957424,0.08359001,0.06857916,0.36715402,0.27771364,0.52360000,-0.15470564,-0.41878054,-0.04180228,-0.92171275,-0.08689361,-0.10047776,-0.19190381,-0.24578240,0.14762659,-0.36417736,-1.81182844,1.14200328,-1.16553389,0.85497675,0.40771842,-0.08304516,-0.59684806,-0.14056285,-1.40755878,-0.19708939,1.43574178,-0.26554608,0.14032493,0.52294730
1.38973996,-0.04842366,0.74770566,0.00891428,0.22355461,0.10427085,0.96905700,0.08239578,0.06871769,0.36411746,0.27359872,0.52360000,-0.15431142,-0.42028432,-0.04186770,-0.92146355,-0.08694681,-0.10493798,-0.19136010,-0.24565168,0.14708912,-0.36351705,-1.81481825,1.15315649,-1.16951693,0.85309763,0.39778212,-0.07962374,-0.59214396,-0.13577676,-1.41102775,-0.20966776,1.43838198,-0.28008333,0.13755460,0.51954872
1.39084962,-0.04862576,0.74756537,0.00884678,0.22500734,0.10665298,0.96846196,0.08171125,0.07055524,0.36346280,0.26915011,0.52360000,-0.15578477,-0.42146982,-0.04321801,-0.92724822,-0.08691065,-0.10595201,-0.19067013,-0.24716552,0.14595657,-0.36306900,-1.81973658,1.15670405,-1.16962331,0.85909873,0.41396121,-0.06980738,-0.59650200,-0.12972216,-1.41268879,-0.22021034,1.44269535,-0.27914620,0.14796525,0.52270773
1.39120840,-0.04920939,0.74762552,0.00959373,0.22580680,0.10874540,0.96803599,0.08287626,0.06998165,0.36394298,0.26124308,0.52360000,-0.15386165,-0.42245853,-0.04559250,-0.93103465,-0.08694484,-0.10826035,-0.18929104,-0.24750127,0.14293460,-0.36501476,-1.82139692,1.16131311,-1.17878952,0.86162097,0.42282082,-0.06702306,-0.59035159,-0.11999729,-1.41517137,-0.22698403,1.44259784,-0.27480282,0.15109211,0.51547243
1.39183159,-0.05005365,0.74780568,0.01048128,0.22622139,0.11087322,0.96768856,0.08483898,0.07000679,0.36721214,0.25515783,0.52360000,-0.14958755,-0.42185929,-0.04715891,-0.93287769,-0.08695027,-0.10914528,-0.18914183,-0.24875333,0.13643790,-0.36596176,-1.82352211,1.16206024,-1.18303383,0.86640506,0.41366880,-0.07206090,-0.59582634,-0.11043481,-1.41438949,-0.23292283,1.44924505,-0.26052607,0.15003486,0.51911475
1.39195366,-0.05116051,0.74819860,0.01109935,0.22732407,0.11267194,0.96721539,0.08615846,0.07145656,0.37515507,0.24743319,0.52360000,-0.14930336,-0.42483453,-0.04943773,-0.94863525,-0.08713401,-0.10544867,-0.18663988,-0.24843043,0.13115406,-0.36625390,-1.82779301,1.16150386,-1.18198699,0.87454037,0.42619668,-0.07361414,-0.59906834,-0.10358316,-1.41525938,-0.24616257,1.45519672,-0.26756275,0.14876327,0.51693958
1.39144951,-0.05214475,0.74854017,0.01262774,0.22731088,0.11479559,0.96694999,0.08775773,0.07119013,0.38345265,0.24413915,0.52360000,-0.14382304,-0.42505385,-0.05354577,-0.95309856,-0.08720530,-0.10381754,-0.18583368,-0.25128990,0.12570957,-0.36221187,-1.83326830,1.16320285,-1.17808329,0.88260970,0.44088294,-0.07538777,-0.59955397,-0.09713733,-1.41657973,-0.26007934,1.45460973,-0.27634214,0.14798283,0.51958240
1.39154866,-0.05306498,0.74869899,0.01411235,0.22694683,0.11621012,0.96684600,0.09228655,0.07148115,0.39474081,0.24048356,0.52360000,-0.13819195,-0.42340704,-0.05655721,-0.95522733,-0.08718157,-0.10523827,-0.18314149,-0.25128868,0.11924508,-0.36040108,-1.83657069,1.16488416,-1.17968475,0.88799616,0.44772934,-0.08189657,-0.60314384,-0.08554805,-1.41911570,-0.26658795,1.45769235,-0.27679717,0.14448112,0.52555981
1.39147646,-0.05412980,0.74891327,0.01480386,0.22627361,0.11793804,0.96678421,0.09670402,0.07170510,0.40067307,0.23668938,0.52360000,-0.13607227,-0.42118589,-0.05795067,-0.95522771,-0.08725617,-0.10556140,-0.18034825,-0.25074560,0.11226103,-0.35526881,-1.84185364,1.15749622,-1.17335072,0.89889992,0.46238869,-0.08232543,-0.61299049,-0.07955640,-1.42014584,-0.26539036,1.46521316,-0.25771055,0.14947495,0.53122462
1.39082168,-0.05509443,0.74890658,0.01576337,0.22629344,0.11856995,0.96668711,0.09792771,0.07043564,0.40535249,0.23345034,0.52360000,-0.12960889,-0.42203901,-0.05951468,-0.95290927,-0.08722881,-0.10422267,-0.18018261,-0.24868645,0.11003947,-0.35164934,-1.84143623,1.16584681,-1.18215498,0.89514897,0.44451804,-0.07572029,-0.60688558,-0.07927479,-1.42386311,-0.26621991,1.46805782,-0.24491883,0.15315748,0.52643055
1.38954194,-0.05618908,0.74915721,0.01632847,0.22650083,0.12086690,0.96634463,0.09570033,0.07147333,0.40614269,0.23332469,0.52360000,-0.12782497,-0.42432568,-0.06124838,-0.95069445,-0.08726035,-0.10417255,-0.18219583,-0.25036318,0.10773954,-0.35002246,-1.84363148,1.17067313,-1.18742427,0.89506481,0.43138727,-0.07160692,-0.60570480,-0.07614388,-1.42405405,-0.26761315,1.46573021,-0.23674605,0.15362697,0.52619063
1.38851830,-0.05673572,0.74900275,0.01688780,0.22738445,0.12153862,0.96604321,0.09106850,0.07150124,0.40924099,0.23573765,0.52360000,-0.12327708,-0.42794672,-0.06284772,-0.95226609,-0.08726308,-0.09986332,-0.18339742,-0.24877003,0.10565757,-0.34901870,-1.84669245,1.17436451,-1.19108205,0.89383908,0.42545477,-0.06719955,-0.60092780,-0.07264068,-1.42348231,-0.27986778,1.46387936,-0.24943241,0.16076170,0.52222036
1.38724847,-0.05704499,0.74929333,0.01783141,0.22768342,0.12137492,0.96597641,0.09096614,0.07042489,0.41881559,0.23480062,0.52360000,-0.11873008,-0.43073942,-0.06533008,-0.95158838,-0.08726581,-0.09659573,-0.18224234,-0.24280725,0.10350079,-0.34247530,-1.85165972,1.17574065,-1.19700667,0.89314922,0.43002717,-0.07009351,-0.59749441,-0.07017315,-1.42535503,-0.28560219,1.46309282,-0.25880921,0.15917569,0.51768081
1.38605755,-0.05707856,0.74961712,0.01826524,0.22838591,0.12245741,0.96566580,0.09077360,0.07168612,0.43166496,0.23257286,0.52360000,-0.11776530,-0.43329074,-0.06794280,-0.94898017,-0.08726654,-0.09367896,-0.18005384,-0.23908837,0.10452475,-0.34093276,-1.85602381,1.17570082,-1.20743284,0.89590329,0.43202070,-0.07337274,-0.60132858,-0.06699782,-1.43025527,-0.28334550,1.46368504,-0.26174586,0.15973167,0.52029073
1.38520789,-0.05611071,0.74972671,0.01873496,0.22840804,0.12144768,0.96577908,0.09109320,0.07144673,0.44240367,0.23688642,0.52360000,-0.11382000,-0.43496330,-0.07005800,-0.94570118,-0.08726374,-0.09004366,-0.18093690,-0.23250933,0.10727119,-0.33751617,-1.86412249,1.17591789,-1.21954191,0.90463462,0.43123409,-0.07035676,-0.59793531,-0.06911795,-1.43839534,-0.28588209,1.46685337,-0.27465382,0.15808660,0.51968521
1.38408214,-0.05501107,0.75009652,0.01906694,0.22891373,0.12088259,0.96572375,0.09021343,0.06849161,0.44481164,0.23605113,0.52360000,-0.11609283,-0.43770728,-0.07318216,-0.94286785,-0.08726337,-0.08780719,-0.17869440,-0.22953879,0.11120016,-0.33197529,-1.87697359,1.17490954,-1.22833162,0.91558504,0.44381203,-0.06721852,-0.59972860,-0.07219752,-1.44612844,-0.28973172,1.46387198,-0.27851079,0.15584659,0.51865964
1.38382163,-0.05354441,0.74998324,0.01914181,0.22916404,0.12135237,0.96560397,0.08906488,0.06539594,0.43909516,0.23476288,0.52360000,-0.11764057,-0.43822414,-0.07578462,-0.94454380,-0.08726652,-0.09058167,-0.17897602,-0.22828855,0.11504614,-0.33139230,-1.89042204,1.16894210,-1.23837133,0.93070372,0.45536341,-0.06484923,-0.59532799,-0.07564408,-1.45499907,-0.29092942,1.46540975,-0.28039251,0.15533801,0.51631295
1.38416857,-0.05224446,0.74983550,0.01904976,0.22929462,0.12001431,0.96574202,0.08781812,0.05956154,0.42283422,0.23323986,0.52360000,-0.12102839,-0.43779147,-0.07598745,-0.94609970,-0.08726251,-0.09413993,-0.17955228,-0.22363059,0.11771548,-0.33186077,-1.90345286,1.16173865,-1.24289126,0.94713813,0.44816538,-0.06255650,-0.59169374,-0.07963389,-1.46207563,-0.29336074,1.46181834,-0.28521289,0.15249886,0.51139740
1.38436229,-0.05076252,0.74977396,0.01785977,0.22951856,0.12011140,0.96569949,0.08244211,0.05939816,0.40691099,0.23974118,0.52360000,-0.12812636,-0.43738774,-0.07556798,-0.94990912,-0.08726045,-0.09466860,-0.18045608,-0.22175615,0.12342071,-0.33270582,-1.91472613,1.15051837,-1.23865997,0.96885657,0.44088206,-0.05741906,-0.58885008,-0.08052782,-1.46858692,-0.28804833,1.45695171,-0.28121403,0.15353218,0.50757935
1.38555033,-0.04940878,0.74934087,0.01656184,0.22863494,0.11900048,0.96606969,0.07906158,0.06225881,0.40004908,0.25309414,0.52360000,-0.13157615,-0.43378478,-0.07301930,-0.95302063,-0.08726336,-0.09438441,-0.17877819,-0.21673820,0.13048035,-0.33127385,-1.92568243,1.14453501,-1.23783302,0.98263024,0.43090868,-0.04904266,-0.58440018,-0.08793775,-1.47899062,-0.28104357,1.46079913,-0.29048019,0.15940947,0.50735710
1.38734029,-0.04856700,0.74922355,0.01551914,0.22841088,0.11607215,0.96649619,0.07931133,0.06243240,0.39797416,0.25801335,0.52360000,-0.13381573,-0.43122903,-0.06912664,-0.94788684,-0.08726467,-0.09409538,-0.17795574,-0.20770735,0.13405397,-0.33323571,-1.93847364,1.13977081,-1.23933527,0.99368550,0.43318918,-0.04924193,-0.57860984,-0.09898773,-1.48597616,-0.27852256,1.46678033,-0.30769184,0.15642641,0.50136122
1.38938276,-0.04817423,0.74938373,0.01495682,0.22956925,0.11313829,0.96657849,0.07988410,0.06241873,0.39942988,0.25816781,0.52360000,-0.13549767,-0.43092432,-0.06587390,-0.94650745,-0.08726647,-0.09607111,-0.17352802,-0.19916887,0.13562568,-0.33960062,-1.95108355,1.13251861,-1.24382109,1.00809977,0.42547486,-0.05233628,-0.58354691,-0.10416817,-1.48981273,-0.26619302,1.46459860,-0.30197763,0.15517587,0.49820296
1.39109021,-0.04782067,0.74924397,0.01447376,0.23030620,0.11009310,0.96676216,0.07974413,0.06192304,0.40008222,0.25947296,0.52360000,-0.13710251,-0.43085861,-0.06256609,-0.94386160,-0.08726655,-0.09528528,-0.17158715,-0.19083404,0.13488947,-0.34827672,-1.96490986,1.12710863,-1.25384887,1.01973497,0.41007752,-0.05004178,-0.58009115,-0.10819066,-1.49194288,-0.25321797,1.46838570,-0.29294948,0.16161420,0.49377389
1.39392307,-0.04704018,0.74850480,0.01318161,0.23089217,0.10589567,0.96710969,0.08149226,0.06499917,0.40602049,0.26333144,0.52360000,-0.13849838,-0.42982074,-0.05583068,-0.94009823,-0.08726651,-0.09658396,-0.17125468,-0.18110331,0.13682774,-0.35925854,-1.97955743,1.12780760,-1.27330605,1.02646133,0.40683942,-0.04379118,-0.58656833,-0.11280863,-1.49546541,-0.24643057,1.47246457,-0.29649862,0.16656227,0.50120935
1.39620245,-0.04662038,0.74798696,0.01164863,0.23182510,0.10280287,0.96723989,0.08372501,0.06510017,0.40548011,0.25801458,0.52360000,-0.14106264,-0.42994109,-0.04983764,-0.93465652,-0.08726540,-0.09794253,-0.17108155,-0.17306232,0.14040639,-0.36768000,-2.00114063,1.12793849,-1.29462268,1.03544424,0.43295606,-0.04398562,-0.58123479,-0.11931052,-1.50352136,-0.24400356,1.47893227,-0.30253669,0.16830718,0.49922038
1.39760966,-0.04681182,0.74772493,0.00966240,0.23354127,0.10109799,0.96702860,0.08569133,0.06576654,0.39832424,0.24852691,0.52360000,-0.15110375,-0.43187308,-0.04198334,-0.92213031,-0.08724607,-0.10473471,-0.17178743,-0.17181009,0.14645425,-0.37785906,-2.02686563,1.13893715,-1.32960912,1.03904275,0.44745588,-0.05829514,-0.58470684,-0.12410971,-1.51092157,-0.24128427,1.48246918,-0.29694919,0.16076159,0.50590530
1.39868154,-0.04706837,0.74831701,0.00864280,0.23560222,0.09846444,0.96681004,0.08684783,0.06442858,0.38644075,0.23823470,0.52360000,-0.15953224,-0.43630845,-0.03732991,-0.91846715,-0.08696885,-0.10440221,-0.17490679,-0.16634150,0.14718696,-0.39178541,-2.05262748,1.14019565,-1.36561025,1.04680983,0.47369275,-0.06816181,-0.58475254,-0.12565342,-1.51739052,-0.24518078,1.49092737,-0.30597109,0.15367566,0.51401624
1.40075057,-0.04742381,0.74838599,0.00630981,0.23502267,0.09773403,0.96704322,0.08488571,0.06945449,0.36080273,0.25756792,0.52360000,-0.16120771,-0.43306013,-0.02953868,-0.91960616,-0.08691549,-0.10725870,-0.17976371,-0.16908276,0.15159894,-0.40037600,-2.08257015,1.14115393,-1.39998198,1.05801481,0.51063232,-0.07223684,-0.58647527,-0.11980332,-1.52144919,-0.24770866,1.49093134,-0.31693025,0.15310155,0.53016117
1.40158750,-0.04959005,0.74863066,0.00721225,0.23603043,0.09984637,0.96657556,0.08286142,0.08090458,0.36644172,0.27174110,0.52360000,-0.15167170,-0.43391074,-0.02963014,-0.92370543,-0.08708842,-0.11218755,-0.17813989,-0.17001502,0.15662269,-0.39793026,-2.10011342,1.14169623,-1.40000000,1.07246103,0.56441180,-0.05872273,-0.58574104,-0.11881316,-1.53671923,-0.25937540,1.49771257,-0.31842318,0.16083385,0.53317534
1.40257100,-0.05258533,0.74991423,0.01287646,0.23830454,0.10170094,0.96576501,0.09519931,0.09216655,0.41403022,0.24586554,0.52360000,-0.11847023,-0.43775199,-0.03912517,-0.92025708,-0.08725761,-0.11332957,-0.17517787,-0.16951405,0.14869024,-0.40622551,-2.11352302,1.13547417,-1.40000000,1.08040081,0.63492732,-0.05527977,-0.57011059,-0.10844880,-1.54768221,-0.26960898,1.50435679,-0.33685648,0.16439384,0.52849311
1.40210638,-0.05425327,0.75148003,0.01767716,0.24035336,0.10148954,0.96520343,0.10670006,0.09147186,0.45144676,0.20889802,0.52360000,-0.09746455,-0.44346868,-0.04823856,-0.91654315,-0.08725977,-0.10931955,-0.16858810,-0.16305942,0.13964785,-0.41275423,-2.11881191,1.12771021,-1.40000000,1.08626361,0.66723281,-0.06237515,-0.57006019,-0.09662514,-1.55966713,-0.28042259,1.51999105,-0.34022857,0.16332392,0.53400575
1.40135401,-0.05450539,0.75130024,0.01852172,0.24071333,0.09696642,0.96556282,0.10787053,0.08946909,0.47298665,0.20981223,0.52360000,-0.09901152,-0.44679694,-0.04683747,-0.91369798,-0.08724968,-0.10786350,-0.16352462,-0.15560683,0.13482977,-0.41677921,-2.12819004,1.11658539,-1.40000000,1.10045457,0.69536479,-0.05998629,-0.57036998,-0.07959374,-1.56754101,-0.29079785,1.52606339,-0.35600320,0.16522828,0.53751310
1.39921165,-0.05500840,0.75095243,0.01823052,0.23952597,0.09301254,0.96625236,0.10334559,0.08943472,0.47529788,0.21960174,0.52360000,-0.09940939,-0.44835782,-0.04346782,-0.90883299,-0.08711974,-0.10842545,-0.16054215,-0.14922519,0.13257313,-0.41360251,-2.13845208,1.10476971,-1.40000000,1.11125511,0.70323922,-0.05724873,-0.56796147,-0.06434997,-1.57809925,-0.29973504,1.53948729,-0.36784691,0.16720448,0.54065188
1.39718968,-0.05530372,0.75027357,0.01718020,0.23869969,0.08916751,0.96683838,0.10044880,0.09102357,0.47248716,0.23003386,0.52360000,-0.10486319,-0.45055533,-0.03851692,-0.90412449,-0.08711517,-0.10558188,-0.16078938,-0.14362631,0.13361551,-0.41003197,-2.14935517,1.09251860,-1.40000000,1.12508761,0.71812023,-0.05832684,-0.56697963,-0.05251781,-1.58871902,-0.31279817,1.54392679,-0.38084839,0.16504514,0.53934208
1.39489522,-0.05508121,0.74952335,0.01677177,0.23857310,0.08643261,0.96712512,0.10110815,0.09155350,0.47754129,0.23415615,0.52360000,-0.11000185,-0.45380228,-0.03666478,-0.89936540,-0.08711627,-0.10416882,-0.15951909,-0.14037374,0.13381582,-0.40749099,-2.16015370,1.07989846,-1.40000000,1.13657507,0.73020707,-0.05853473,-0.57104431,-0.03917990,-1.60042096,-0.31881611,1.55197508,-0.36986943,0.16514058,0.54437539
1.39168916,-0.05474409,0.74875178,0.01601544,0.23824550,0.08504475,0.96734171,0.09810413,0.09000424,0.46833624,0.23931818,0.52360000,-0.11287048,-0.45761288,-0.03517005,-0.89673796,-0.08718169,-0.10540311,-0.15397469,-0.14337004,0.13312172,-0.40305212,-2.17790195,1.06273244,-1.40000000,1.14745407,0.75281391,-0.03767387,-0.56426403,-0.03026803,-1.60758671,-0.32847601,1.55107867,-0.37871206,0.17201363,0.54446719
1.38813966,-0.05445254,0.74837812,0.01558057,0.23807604,0.08712023,0.96720583,0.09353835,0.09046077,0.46074420,0.24321942,0.52360000,-0.12291001,-0.46151346,-0.03703549,-0.89843978,-0.08720233,-0.10451113,-0.15034976,-0.15212255,0.13333537,-0.40128382,-2.18589123,1.04831186,-1.40000000,1.15052165,0.73253387,-0.05552085,-0.57228713,-0.02137817,-1.61336004,-0.33697907,1.55527996,-0.36149971,0.16831982,0.54595772
1.38499179,-0.05445673,0.74806097,0.01562092,0.23829316,0.09061166,0.96683085,0.08749427,0.09168712,0.45350887,0.24937325,0.52360000,-0.13077884,-0.46587648,-0.04066142,-0.90060276,-0.08725995,-0.10175317,-0.15045679,-0.16094899,0.13243168,-0.39581968,-2.20602844,1.03777444,-1.40000000,1.14491648,0.75385120,-0.02597983,-0.54368429,-0.01493634,-1.61819960,-0.35396638,1.55942218,-0.38057331,0.17258830,0.53581030
1.38203910,-0.05445780,0.74791828,0.01602711,0.23738723,0.09394524,0.96672888,0.08563194,0.09155625,0.44690628,0.25125837,0.52360000,-0.13888176,-0.46725502,-0.04489503,-0.90596568,-0.08726649,-0.10062496,-0.15165376,-0.17422274,0.12649997,-0.38347703,-2.22256861,1.02243748,-1.40000000,1.14424612,0.69639318,-0.04924695,-0.55687122,-0.00463760,-1.60978344,-0.36954339,1.55980338,-0.36878645,0.16612818,0.54105671
1.37977889,-0.05430478,0.74793534,0.01609741,0.23526591,0.09614757,0.96702971,0.08485750,0.09294132,0.44207221,0.25856153,0.52360000,-0.14536151,-0.46471544,-0.04720546,-0.91334418,-0.08726647,-0.10196754,-0.15375999,-0.18291681,0.12351536,-0.37802741,-2.23377641,1.01025869,-1.40000000,1.13970097,0.66900017,-0.04534987,-0.54522983,0.00980778,-1.60643415,-0.38250257,1.55762726,-0.37482038,0.16765088,0.53917059
1.37805872,-0.05421362,0.74835572,0.01565435,0.23330360,0.09946063,0.96717731,0.08421776,0.09473551,0.43301246,0.26149460,0.52360000,-0.14801805,-0.46199647,-0.04908607,-0.91428500,-0.08726387,-0.09625091,-0.15679046,-0.19515232,0.11857169,-0.36952653,-2.24745450,0.99687203,-1.40000000,1.13193375,0.63721661,-0.04829683,-0.54242368,0.01745660,-1.59702351,-0.39411395,1.55917330,-0.37753292,0.16689898,0.54283160
1.37623018,-0.05444135,0.74850198,0.01641208,0.23137184,0.10181626,0.96738367,0.08399637,0.09378250,0.42589751,0.26394356,0.52360000,-0.14931747,-0.45913196,-0.05327181,-0.92241232,-0.08726502,-0.09882089,-0.15371167,-0.20449859,0.11257680,-0.35967146,-2.25912790,0.98512839,-1.40000000,1.12823038,0.59220210,-0.04993703,-0.54924066,0.02330905,-1.58749700,-0.40569224,1.55701013,-0.37442748,0.17076369,0.54977142
1.37547626,-0.05429437,0.74869651,0.01619265,0.22910076,0.10309513,0.96779235,0.08421134,0.09445634,0.41892145,0.26946236,0.52360000,-0.15179706,-0.45462045,-0.05359477,-0.92276255,-0.08726401,-0.09641593,-0.15477066,-0.20983393,0.10758684,-0.35399239,-2.26640363,0.97449269,-1.40000000,1.12126343,0.55737019,-0.05740342,-0.54558440,0.02935773,-1.57882167,-0.41637273,1.55585285,-0.38145786,0.16329049,0.54831851
1.37511801,-0.05395872,0.74872845,0.01589692,0.22674319,0.10331547,0.96832883,0.08547379,0.09576116,0.41370512,0.27596710,0.52360000,-0.15577720,-0.44984424,-0.05377880,-0.92477920,-0.08726642,-0.09776109,-0.15511166,-0.21308478,0.10418888,-0.34933297,-2.26959406,0.96662450,-1.40000000,1.11345587,0.53053127,-0.06023030,-0.53920010,0.03724597,-1.57132521,-0.42472089,1.55212006,-0.38795002,0.16094504,0.54746958
1.37494268,-0.05407501,0.74883882,0.01571182,0.22514283,0.10303572,0.96873499,0.08580919,0.09518089,0.40748899,0.27789385,0.52360000,-0.15561342,-0.44650604,-0.05308090,-0.92382549,-0.08726276,-0.09816898,-0.15787746,-0.21179474,0.10112112,-0.34471560,-2.27345089,0.96009519,-1.40000000,1.10252820,0.51916474,-0.06735006,-0.54598610,0.03745204,-1.56617570,-0.43368571,1.55468573,-0.39082530,0.16196852,0.55371789
1.37534954,-0.05366305,0.74847349,0.01514575,0.22337143,0.10124357,0.96934284,0.08587877,0.09556617,0.40480719,0.28575962,0.52360000,-0.15432779,-0.44248257,-0.05072787,-0.92127508,-0.08726253,-0.09647669,-0.15948596,-0.20910596,0.10064902,-0.34114133,-2.27426390,0.95777855,-1.40000000,1.08797776,0.51154916,-0.06932849,-0.55264591,0.04208002,-1.56348461,-0.43176818,1.54893285,-0.38238802,0.16422601,0.55954338
1.37572514,-0.05340209,0.74832861,0.01503455,0.22346730,0.09932158,0.96952130,0.08514944,0.09393144,0.40245094,0.28683055,0.52360000,-0.15229909,-0.44266202,-0.04934565,-0.91844251,-0.08726601,-0.09759815,-0.15744348,-0.20189319,0.10213339,-0.34284735,-2.27102167,0.95744690,-1.40000000,1.07286828,0.51495234,-0.07405536,-0.55961379,0.04753146,-1.56359630,-0.43208164,1.53988222,-0.36940224,0.16778143,0.56525604
1.37655858,-0.05275085,0.74783728,0.01379035,0.22373773,0.09729680,0.96968272,0.08470074,0.09652313,0.40448204,0.29180923,0.52360000,-0.15768560,-0.44218335,-0.04607134,-0.91620362,-0.08726654,-0.09868065,-0.15695778,-0.19183194,0.10741036,-0.34518242,-2.26394118,0.95592897,-1.40000000,1.06064211,0.52326932,-0.07741961,-0.56579389,0.05127809,-1.56898384,-0.43189272,1.54173274,-0.36293821,0.16883945,0.56996951
1.37731058,-0.05221533,0.74714076,0.01253519,0.22386596,0.09419303,0.96997659,0.08345022,0.09844832,0.40428461,0.29961896,0.52360000,-0.16138385,-0.44207510,-0.04158935,-0.91259789,-0.08726374,-0.09820746,-0.15677668,-0.17975604,0.11443567,-0.34382084,-2.26055708,0.95671717,-1.40000000,1.05184535,0.52701304,-0.08836791,-0.56448861,0.05483816,-1.57594924,-0.43375800,1.54032178,-0.34992353,0.16300719,0.56516492
1.37788216,-0.05202336,0.74699197,0.01151535,0.22388005,0.09144491,0.97024891,0.08327821,0.09491604,0.39135635,0.29604975,0.52360000,-0.16032955,-0.44230170,-0.03774478,-0.91035206,-0.08726204,-0.09824076,-0.15592730,-0.16499460,0.12135115,-0.34618111,-2.25463536,0.95732600,-1.40000000,1.04493432,0.53093628,-0.09221025,-0.56789479,0.06145591,-1.58499315,-0.43889369,1.54516844,-0.35031086,0.16447865,0.56788913
1.37939649,-0.05185337,0.74630530,0.00930025,0.22438663,0.08942217,0.97034418,0.08147589,0.09840319,0.38475973,0.30078642,0.52360000,-0.16603371,-0.44212540,-0.03105546,-0.90784335,-0.08726372,-0.09865895,-0.15794130,-0.15353807,0.12987271,-0.34835350,-2.25240789,0.95764588,-1.40000000,1.04024514,0.52502101,-0.09203394,-0.56635090,0.06961960,-1.58999580,-0.44758532,1.54045888,-0.35072011,0.16414766,0.56793342
1.38167126,-0.05184751,0.74569265,0.00785957,0.22614842,0.08746718,0.97012608,0.07862681,0.09972785,0.38006515,0.30274255,0.52360000,-0.16582873,-0.44337302,-0.02593368,-0.90461943,-0.08726645,-0.10193506,-0.15699363,-0.14468474,0.13567185,-0.35194951,-2.25407305,0.95732817,-1.40000000,1.04088565,0.53194357,-0.09116262,-0.57091415,0.07895874,-1.59255198,-0.45205199,1.53987080,-0.34150590,0.16605513,0.57056843
1.38364079,-0.05178050,0.74529098,0.00688452,0.22757050,0.08586261,0.96994427,0.07807497,0.10356893,0.38807167,0.30525051,0.52360000,-0.16638621,-0.44396610,-0.02221309,-0.90281945,-0.08726347,-0.10346885,-0.15651955,-0.13640906,0.13975492,-0.35714468,-2.25618121,0.95588750,-1.40000000,1.04517344,0.53701239,-0.09720732,-0.56784284,0.08487523,-1.59582036,-0.45227238,1.54582299,-0.33026948,0.15899006,0.56729553
1.38582173,-0.05210207,0.74520730,0.00650083,0.22885041,0.08444703,0.96977004,0.07864253,0.10619998,0.39646777,0.30444500,0.52360000,-0.16162429,-0.44423366,-0.01962233,-0.90006772,-0.08726418,-0.10386493,-0.15657400,-0.12752594,0.14213350,-0.36026785,-2.26087859,0.95712720,-1.40000000,1.04728605,0.54684067,-0.09207798,-0.56072281,0.08971875,-1.59710814,-0.45969931,1.55028106,-0.34101630,0.15792436,0.56699075
1.38809384,-0.05232468,0.74535803,0.00633625,0.22966611,0.08342708,0.96966657,0.08265997,0.10634498,0.40333914,0.29501810,0.52360000,-0.15412397,-0.44291324,-0.01778037,-0.89761284,-0.08726401,-0.10555764,-0.15467518,-0.11993065,0.14586640,-0.36289191,-2.26522185,0.95998402,-1.40000000,1.05140964,0.56468469,-0.09334994,-0.56046979,0.09807033,-1.60100481,-0.46281962,1.55240338,-0.34083821,0.15968271,0.56926740
1.39151407,-0.05245508,0.74495086,0.00620466,0.23190043,0.08075142,0.96936211,0.08443927,0.10603438,0.41192449,0.28901579,0.52360000,-0.14584161,-0.44373081,-0.01510755,-0.89495322,-0.08726586,-0.10873488,-0.15130332,-0.11132206,0.14704047,-0.37135588,-2.26908391,0.96348161,-1.40000000,1.05596094,0.59498497,-0.08907411,-0.54897975,0.10411357,-1.60256553,-0.46822427,1.55141028,-0.34650323,0.15718771,0.56537969
1.39379899,-0.05305489,0.74488746,0.00640299,0.23323506,0.07981781,0.96911791,0.08548529,0.10644784,0.41537515,0.28288355,0.52360000,-0.13908536,-0.44375203,-0.01375082,-0.89312733,-0.08726419,-0.11225870,-0.15062800,-0.10597193,0.14599120,-0.37311077,-2.27500665,0.96614380,-1.40000000,1.05908148,0.61386998,-0.07891217,-0.53993458,0.11133686,-1.60179546,-0.47657032,1.55338640,-0.34943929,0.16136591,0.56377734
1.39714902,-0.05350433,0.74492224,0.00703487,0.23337775,0.07972654,0.96908669,0.08878513,0.10901921,0.42585649,0.28104838,0.52360000,-0.12945821,-0.43928868,-0.01333992,-0.89387086,-0.08726360,-0.11667258,-0.15113846,-0.10577172,0.14437581,-0.37403252,-2.27791416,0.96794873,-1.40000000,1.06040951,0.62514870,-0.07420026,-0.54127092,0.11670056,-1.60064724,-0.48290222,1.55160794,-0.35138529,0.16333037,0.56164673
1.40011733,-0.05370804,0.74515671,0.00771840,0.23475716,0.07909498,0.96880002,0.09071600,0.10628741,0.42892229,0.27083394,0.52360000,-0.11960387,-0.43780017,-0.01375218,-0.89355399,-0.08725656,-0.11833700,-0.14994528,-0.10458471,0.14302374,-0.37828736,-2.27908555,0.97094998,-1.40000000,1.06387196,0.63912989,-0.08062728,-0.54059442,0.12232811,-1.59926906,-0.48485930,1.54874474,-0.34715826,0.16124260,0.56100013
1.40272116,-0.05403314,0.74521182,0.00905095,0.23467004,0.07941798,0.96878317,0.09524616,0.10506578,0.43781499,0.26427364,0.52360000,-0.10763610,-0.43445386,-0.01615807,-0.89315326,-0.08725804,-0.11855901,-0.15045700,-0.10149825,0.14073838,-0.37455034,-2.27982605,0.97177375,-1.40000000,1.06697911,0.64734473,-0.07734536,-0.53745541,0.12568721,-1.60211059,-0.49288222,1.55604595,-0.34316756,0.16296339,0.56170723
1.40484316,-0.05424883,0.74549949,0.00983007,0.23551173,0.08068632,0.96846648,0.09886305,0.10689103,0.45274285,0.25663675,0.52360000,-0.10453740,-0.43310877,-0.01806612,-0.89735728,-0.08726013,-0.12198295,-0.15032398,-0.10226715,0.13783427,-0.37479127,-2.27989161,0.97021570,-1.40000000,1.07049381,0.65168968,-0.07885677,-0.53176956,0.13149225,-1.60160914,-0.50002652,1.55940534,-0.34716954,0.16153827,0.55900069
1.40652706,-0.05429294,0.74578718,0.01092465,0.23603486,0.08198321,0.96821844,0.10192386,0.10596245,0.46331851,0.24943643,0.52360000,-0.09727450,-0.43176075,-0.02150248,-0.89832443,-0.08726220,-0.12469126,-0.14873038,-0.10507960,0.13549546,-0.37569916,-2.27845151,0.97059810,-1.40000000,1.07184773,0.65577000,-0.07645063,-0.52820410,0.13760833,-1.60231230,-0.50477644,1.56215852,-0.34494791,0.16036722,0.55656773
1.40823686,-0.05426269,0.74619213,0.01112821,0.23720470,0.08506865,0.96766390,0.10290797,0.10726417,0.47172762,0.24209096,0.52360000,-0.09334310,-0.43161797,-0.02374417,-0.90015578,-0.08726403,-0.12197982,-0.15320706,-0.10871876,0.13535038,-0.37946345,-2.27341008,0.97318111,-1.40000000,1.06785108,0.65343278,-0.07327387,-0.53650976,0.14982332,-1.60160441,-0.50915235,1.56029445,-0.33628002,0.16470276,0.56194159
1.40899051,-0.05415207,0.74628109,0.01145038,0.23815135,0.08721313,0.96723663,0.10255268,0.10907661,0.48050170,0.24103450,0.52360000,-0.09117717,-0.43220986,-0.02623497,-0.90200826,-0.08726398,-0.11931898,-0.15527829,-0.11292844,0.13330732,-0.37901713,-2.27262318,0.97243938,-1.40000000,1.06802241,0.65822421,-0.06448611,-0.53447933,0.15513194,-1.59895738,-0.52095258,1.56165461,-0.34815603,0.16878850,0.56286477
1.40962895,-0.05398668,0.74620022,0.01161940,0.23929684,0.08987780,0.96670781,0.10092472,0.11329757,0.49169955,0.24363590,0.52360000,-0.09016731,-0.43256822,-0.02841945,-0.90787503,-0.08726625,-0.12078820,-0.15360199,-0.11682648,0.13395287,-0.38094923,-2.26693427,0.97235426,-1.40000000,1.06690036,0.63199358,-0.06811916,-0.54381453,0.16802576,-1.59832928,-0.52767296,1.55923078,-0.33394889,0.17251354,0.56394582
1.40999969,-0.05410880,0.74593764,0.01167601,0.24114520,0.09260476,0.96599018,0.09664852,0.11638264,0.49655756,0.24578046,0.52360000,-0.09122462,-0.43449015,-0.03043887,-0.91368495,-0.08726657,-0.12805219,-0.14669169,-0.11695805,0.13627223,-0.38383178,-2.26339344,0.97330366,-1.40000000,1.06776488,0.62223427,-0.08119949,-0.54953817,0.18213292,-1.60275773,-0.53517585,1.56292267,-0.32408822,0.17175445,0.56068355
1.41014197,-0.05428195,0.74591788,0.01151667,0.24288315,0.09472841,0.96535054,0.09419385,0.11601317,0.49387173,0.24053272,0.52360000,-0.09143210,-0.43764261,-0.03152198,-0.91667198,-0.08726650,-0.12812049,-0.14413126,-0.11869698,0.13730498,-0.38663747,-2.26155622,0.97382100,-1.40000000,1.06983320,0.62920993,-0.08167115,-0.54961004,0.19305018,-1.60524169,-0.54282595,1.56754672,-0.31390303,0.17069369,0.56209136
1.41022603,-0.05415531,0.74597630,0.01187670,0.24365319,0.09558131,0.96506802,0.09472046,0.11515902,0.49362514,0.23843333,0.52360000,-0.09267133,-0.43898689,-0.03308133,-0.91529817,-0.08726643,-0.12469251,-0.14438410,-0.11616104,0.13483396,-0.38711902,-2.26136336,0.97197882,-1.40000000,1.07071513,0.62327544,-0.08201729,-0.55485925,0.19834116,-1.60729753,-0.55211098,1.57969283,-0.31931171,0.17052437,0.56499658
1.41027477,-0.05400919,0.74580502,0.01196471,0.24401066,0.09450418,0.96508269,0.09513460,0.11325602,0.49142289,0.23828759,0.52360000,-0.09352425,-0.43982400,-0.03289345,-0.91435369,-0.08726647,-0.12595073,-0.14255976,-0.11312499,0.13182514,-0.38526979,-2.26379964,0.97160903,-1.40000000,1.07017766,0.61469741,-0.08015264,-0.56210285,0.20515875,-1.60575936,-0.55733359,1.58304889,-0.31727882,0.17367289,0.56949214
1.41014070,-0.05406620,0.74582766,0.01220590,0.24410967,0.09412197,0.96509198,0.09593248,0.11095464,0.48737701,0.23448177,0.52360000,-0.09473834,-0.44075571,-0.03302136,-0.91261891,-0.08726638,-0.12601263,-0.14199159,-0.11241385,0.12637416,-0.38248995,-2.26974360,0.96727798,-1.40000000,1.07034427,0.62378333,-0.07452102,-0.54639889,0.20711834,-1.60060795,-0.56655656,1.58195829,-0.33330616,0.17055515,0.55890410
1.40951165,-0.05409395,0.74584127,0.01181925,0.24422111,0.09393993,0.96508634,0.09510435,0.11105371,0.48238523,0.23399374,0.52360000,-0.10020911,-0.44189597,-0.03200836,-0.91291488,-0.08726643,-0.12509897,-0.14279824,-0.11164595,0.12546678,-0.38048419,-2.27037880,0.96532928,-1.40000000,1.07170896,0.62968688,-0.08001936,-0.55109069,0.21071799,-1.59980797,-0.56879177,1.57914730,-0.32991436,0.17114665,0.56463084
1.40916398,-0.05433969,0.74611800,0.01183670,0.24404730,0.09437365,0.96508778,0.09414866,0.10989166,0.47415256,0.23258613,0.52360000,-0.09941640,-0.44155864,-0.03217221,-0.91276464,-0.08726645,-0.12634032,-0.14243570,-0.11075876,0.12481891,-0.37848655,-2.26957180,0.96422207,-1.40000000,1.07015017,0.62439522,-0.08058484,-0.56422986,0.21419271,-1.59949582,-0.56977359,1.57716174,-0.32222271,0.17673124,0.57601538
1.40904096,-0.05442751,0.74618525,0.01184439,0.24372823,0.09467832,0.96513847,0.09422006,0.10914126,0.47012037,0.23077014,0.52360000,-0.09851203,-0.44124206,-0.03220298,-0.91192016,-0.08726661,-0.12706319,-0.14307492,-0.11178080,0.12434873,-0.37743541,-2.26929619,0.96268510,-1.40000000,1.06998322,0.62235588,-0.08124108,-0.56844823,0.21823305,-1.59935246,-0.56783861,1.56914629,-0.31239790,0.17677336,0.57864035
1.40877793,-0.05416914,0.74624955,0.01201669,0.24322529,0.09420593,0.96530943,0.09277603,0.10902820,0.47010224,0.23578121,0.52360000,-0.09636753,-0.44044307,-0.03260151,-0.91063352,-0.08726658,-0.12660218,-0.14333898,-0.11031889,0.12302063,-0.37760190,-2.26726279,0.96031086,-1.40000000,1.07100693,0.62491164,-0.08368389,-0.57051363,0.22116505,-1.59984229,-0.57185705,1.56306180,-0.31616390,0.17363380,0.57762565
1.40810695,-0.05409133,0.74631848,0.01207640,0.24259121,0.09373236,0.96551432,0.09289404,0.10793955,0.46716266,0.23659113,0.52360000,-0.09474530,-0.43996516,-0.03303636,-0.91018316,-0.08726645,-0.12400313,-0.14038855,-0.10837387,0.12375004,-0.37664616,-2.26560349,0.95905976,-1.40000000,1.06939908,0.64226464,-0.08293854,-0.57350073,0.22310604,-1.60613036,-0.57257916,1.56510248,-0.31256288,0.17392454,0.58069910
1.40746181,-0.05374070,0.74644416,0.01185155,0.24145847,0.09321469,0.96585111,0.09340351,0.10779993,0.46448581,0.23875550,0.52360000,-0.09575634,-0.43796916,-0.03260501,-0.91088241,-0.08726643,-0.12280130,-0.13976960,-0.10360624,0.12494399,-0.37619117,-2.26138898,0.95497807,-1.40000000,1.07025657,0.63452743,-0.09045184,-0.57130383,0.22584683,-1.61308494,-0.57234229,1.56938014,-0.30308137,0.17198153,0.57396761
1.40712145,-0.05352685,0.74604045,0.01174381,0.24048342,0.09208830,0.96620368,0.09340015,0.10666609,0.45918122,0.24141368,0.52360000,-0.09278995,-0.43678732,-0.03160559,-0.90704298,-0.08726644,-0.12455480,-0.13932306,-0.10048238,0.12470390,-0.37444962,-2.26270454,0.95240514,-1.40000000,1.06829295,0.62747705,-0.08878326,-0.56553665,0.22825634,-1.61610585,-0.57286851,1.57196322,-0.30041748,0.17199133,0.57249832
1.40711051,-0.05311500,0.74593229,0.01118761,0.24008373,0.09107872,0.96640535,0.09260214,0.10691088,0.45544562,0.24576622,0.52360000,-0.09488610,-0.43587938,-0.03029589,-0.90623046,-0.08726627,-0.12259536,-0.14161578,-0.09851461,0.12583191,-0.37493413,-2.26299966,0.94910665,-1.40000000,1.06804032,0.63405407,-0.08626225,-0.57147042,0.22994726,-1.61928963,-0.57635995,1.57510680,-0.29968616,0.17304893,0.57393181
1.40673457,-0.05293857,0.74596453,0.01069694,0.23998516,0.09163846,0.96638248,0.09219044,0.10846297,0.45459816,0.24650087,0.52360000,-0.09791163,-0.43628348,-0.03005721,-0.90732696,-0.08726643,-0.12249840,-0.14154248,-0.10020934,0.12790328,-0.37703523,-2.26421848,0.94633313,-1.40000000,1.06715704,0.63430015,-0.08773668,-0.57245667,0.23241115,-1.62111900,-0.57862502,1.57415056,-0.29846614,0.17074335,0.57446855
1.40610787,-0.05263709,0.74601401,0.01031677,0.23996268,0.09195979,0.96636167,0.09096970,0.10826977,0.45034378,0.24616783,0.52360000,-0.09894987,-0.43725312,-0.02992558,-0.90689018,-0.08726640,-0.12181095,-0.14269176,-0.10082269,0.12950017,-0.37867356,-2.26570008,0.94317642,-1.40000000,1.06610325,0.63696181,-0.08937622,-0.57213378,0.23836556,-1.62139235,-0.57984777,1.57119071,-0.29927179,0.17148281,0.57310313
1.40572101,-0.05252411,0.74616260,0.01061210,0.24010737,0.09228870,0.96629117,0.09042051,0.10664543,0.44681117,0.24361956,0.52360000,-0.09696923,-0.43764405,-0.03102539,-0.90891566,-0.08726641,-0.12394369,-0.14187615,-0.10099573,0.12885174,-0.38016536,-2.26708138,0.93796011,-1.40000000,1.06341707,0.63938893,-0.08237244,-0.57170504,0.24239947,-1.62052405,-0.58850793,1.57150282,-0.30775436,0.17464194,0.57030391
1.40552814,-0.05219939,0.74651370,0.01074143,0.23943882,0.09305165,0.96638246,0.09250956,0.10568165,0.44653176,0.24099877,0.52360000,-0.09588768,-0.43579676,-0.03232816,-0.90982172,-0.08726632,-0.12393788,-0.14311765,-0.10153036,0.13057561,-0.38102974,-2.26548566,0.93436501,-1.40000000,1.05914584,0.65272292,-0.08858791,-0.57210660,0.24974199,-1.62220490,-0.59353494,1.57623621,-0.30464124,0.17282675,0.57178857
1.40553180,-0.05176931,0.74662817,0.01073502,0.23930172,0.09404730,0.96632011,0.09293576,0.10621638,0.44922665,0.24053415,0.52360000,-0.09057519,-0.43576082,-0.03404879,-0.91015491,-0.08726631,-0.11815966,-0.14587254,-0.09841670,0.13403103,-0.38520606,-2.26065525,0.92946023,-1.40000000,1.05671499,0.66957381,-0.08940931,-0.57944861,0.25817955,-1.62686619,-0.60186588,1.58563797,-0.30493822,0.17752479,0.57585228
1.40521655,-0.05167923,0.74709422,0.01131534,0.23945660,0.09647888,0.96603536,0.09508220,0.10585814,0.45199574,0.23412619,0.52360000,-0.08871218,-0.43572619,-0.03781431,-0.91369626,-0.08726644,-0.11663831,-0.14579773,-0.10115753,0.13937577,-0.39019444,-2.25319759,0.92703958,-1.40000000,1.05238858,0.69235798,-0.09380318,-0.58336351,0.27244184,-1.62984266,-0.60578529,1.58347507,-0.29745033,0.17835425,0.57512508
1.40504868,-0.05135346,0.74723449,0.01133179,0.23995780,0.09784491,0.96577338,0.09691877,0.10573504,0.45701367,0.22915414,0.52360000,-0.08865924,-0.43767474,-0.03966142,-0.91331461,-0.08726646,-0.11231150,-0.15028625,-0.09799327,0.14562866,-0.39521949,-2.24339704,0.92466686,-1.40000000,1.04291768,0.71402379,-0.09538076,-0.58475642,0.28498962,-1.63523060,-0.61672534,1.59015724,-0.30399612,0.18444504,0.57314189
1.40464911,-0.05143866,0.74786810,0.01181965,0.24034535,0.10004926,0.96544526,0.10053848,0.10401471,0.46071495,0.21723252,0.52360000,-0.08306829,-0.43882037,-0.04279649,-0.91494575,-0.08726644,-0.10823264,-0.15759265,-0.09418342,0.15224980,-0.40092087,-2.23348611,0.92180848,-1.40000000,1.03144170,0.73193293,-0.10312139,-0.59170789,0.30023778,-1.64297305,-0.62742824,1.59875954,-0.29928958,0.18698066,0.57397290
1.40431498,-0.05124138,0.74832507,0.01240108,0.24104199,0.10317258,0.96493543,0.10362081,0.10507554,0.47199584,0.21047743,0.52360000,-0.07472211,-0.43979217,-0.04687862,-0.91743521,-0.08726651,-0.10634366,-0.15811905,-0.08736773,0.15913617,-0.40917662,-2.22229594,0.91526696,-1.40000000,1.01758728,0.77180623,-0.11442823,-0.59300883,0.31841896,-1.65346179,-0.64306814,1.61452634,-0.30587023,0.18688045,0.57224568
1.40331786,-0.05135370,0.74894849,0.01257351,0.24220164,0.10655775,0.96427471,0.10768336,0.10547511,0.48211169,0.19810517,0.52360000,-0.07402607,-0.44434545,-0.04991015,-0.91753529,-0.08726672,-0.10711193,-0.16172272,-0.08079186,0.16940411,-0.41927948,-2.20910357,0.91070545,-1.40000000,1.00378131,0.81557253,-0.12704687,-0.60494929,0.34493809,-1.66356594,-0.65830158,1.62317167,-0.29211989,0.19141998,0.57138710
1.40204912,-0.05128963,0.74960824,0.01280965,0.24267725,0.10930916,0.96384396,0.11341044,0.10264870,0.48538165,0.18280112,0.52360000,-0.07193484,-0.44724123,-0.05282367,-0.91874013,-0.08726656,-0.10609328,-0.16453809,-0.07521341,0.17705214,-0.42818282,-2.19965569,0.90582311,-1.40000000,0.98273556,0.84831519,-0.14203654,-0.60462914,0.37012544,-1.67022461,-0.67883723,1.62650681,-0.29385416,0.18732797,0.56880214
1.40086291,-0.05107759,0.75017049,0.01307860,0.24353572,0.11389276,0.96309280,0.11748601,0.10172334,0.49392615,0.16862027,0.52360000,-0.07481898,-0.45004592,-0.05722985,-0.92194991,-0.08726656,-0.10571541,-0.16462564,-0.07248864,0.18626940,-0.43827431,-2.19428765,0.89980455,-1.40000000,0.95986487,0.90096745,-0.15892871,-0.61088339,0.39761803,-1.68152197,-0.69844266,1.64028356,-0.29299692,0.18446652,0.56894465
1.39936083,-0.05143839,0.75068464,0.01383781,0.24588553,0.11751710,0.96204914,0.11619986,0.10052217,0.49660400,0.15606545,0.52360000,-0.08379970,-0.45701745,-0.06314427,-0.92624331,-0.08726697,-0.10086292,-0.16627112,-0.06322789,0.19541640,-0.45427510,-2.19212417,0.89767868,-1.40000000,0.91629767,0.96752930,-0.18063642,-0.61088269,0.43367770,-1.69560658,-0.73040850,1.65436370,-0.29846896,0.18330197,0.56381499
1.39778170,-0.05169805,0.75165167,0.01468243,0.24601771,0.12035588,0.96165180,0.12288371,0.09601636,0.50195306,0.13822102,0.52078028,-0.08328603,-0.45859525,-0.06836167,-0.93102636,-0.08726675,-0.09672611,-0.16763295,-0.05640702,0.19955933,-0.46372049,-2.19761670,0.89422243,-1.40000000,0.86314946,1.03395328,-0.20292739,-0.60041076,0.47566313,-1.69947658,-0.75845115,1.65870901,-0.28463269,0.18094712,0.55866842
1.39533223,-0.05233647,0.75269284,0.01482846,0.24568039,0.12575719,0.96104443,0.12531709,0.09777840,0.51008645,0.13214486,0.51456527,-0.08244453,-0.46036915,-0.07328802,-0.93670848,-0.08726667,-0.09521943,-0.17232809,-0.05487307,0.20009024,-0.46967940,-2.21519986,0.88918245,-1.40000000,0.80188784,1.04406702,-0.21832639,-0.60198821,0.52226117,-1.69379199,-0.79042303,1.66413263,-0.27045767,0.18975962,0.56369234
1.39278841,-0.05268814,0.75341371,0.01610236,0.24685282,0.12762038,0.96047771,0.12558841,0.09657543,0.52804032,0.13018083,0.51020914,-0.08203747,-0.46625913,-0.07856421,-0.93906285,-0.08714479,-0.09069788,-0.17888793,-0.05214426,0.19324041,-0.47565655,-2.24323617,0.88575266,-1.40000000,0.73313462,1.03789705,-0.22719625,-0.58881832,0.56708736,-1.68597364,-0.82492697,1.67015493,-0.26274888,0.19011057,0.56471308
1.38805237,-0.05351481,0.75436585,0.01890818,0.24557181,0.12803468,0.96069979,0.12908218,0.09235456,0.54154578,0.13040038,0.49967451,-0.08243395,-0.46878230,-0.08854761,-0.95955202,-0.08649198,-0.07341433,-0.18366210,-0.05841701,0.17571585,-0.46325657,-2.28648020,0.87682309,-1.40000000,0.67480407,0.95467360,-0.22076432,-0.57042115,0.60479006,-1.65954738,-0.86186472,1.65729267,-0.26604457,0.18896081,0.56664986
1.38330129,-0.05531621,0.75534768,0.02103839,0.24590162,0.12849089,0.96051021,0.12700769,0.08956108,0.54448374,0.13207330,0.48408119,-0.08655674,-0.47582809,-0.09537375,-0.96252332,-0.08572228,-0.05669574,-0.19654911,-0.08458870,0.14694893,-0.44196071,-2.33761324,0.85359945,-1.40000000,0.64967213,0.70455274,-0.18688618,-0.57257742,0.61652796,-1.61252748,-0.88779993,1.62536559,-0.27317912,0.19030970,0.58163114
1.37715791,-0.05826130,0.75651137,0.02483395,0.24410830,0.12674690,0.96110855,0.12964190,0.08456340,0.54935462,0.13560026,0.46443930,-0.07980957,-0.48677552,-0.10996579,-0.95363098,-0.06548679,-0.05390274,-0.20547494,-0.13699250,0.11199672,-0.40783144,-2.39431531,0.81620849,-1.39999994,0.65906377,0.34152881,-0.13527095,-0.60006800,0.56176780,-1.56899769,-0.84082025,1.58019598,-0.26310088,0.18862364,0.62399905
1.36858900,-0.06241955,0.75775524,0.02958843,0.23892246,0.12387214,0.96265065,0.13058407,0.07824893,0.53588151,0.14584544,0.42859167,-0.05779136,-0.50265177,-0.13117309,-0.92817145,-0.02032586,-0.06120732,-0.21491567,-0.18234355,0.08563428,-0.37471164,-2.40262189,0.78006896,-1.31437061,0.67464881,-0.05632493,-0.06230648,-0.62402042,0.46611859,-1.53664040,-0.74550248,1.52881277,-0.23171214,0.21807439,0.64594592
1.35841614,-0.06471830,0.75805393,0.03212829,0.23175152,0.11644078,0.96524637,0.11525750,0.07262177,0.51076660,0.21041742,0.30778469,-0.01846424,-0.52292281,-0.15288533,-0.90822674,0.04059780,-0.07484151,-0.24346330,-0.20838289,0.06920960,-0.35272944,-2.38314708,0.73309877,-1.14719797,0.68515040,-0.33548684,-0.01341756,-0.62459595,0.35631888,-1.52020817,-0.64181775,1.50848594,-0.19801675,0.24861290,0.64407296
1.34799681,-0.06692997,0.75576675,0.03582197,0.22390207,0.10552782,0.96821926,0.09289059,0.06593753,0.48144078,0.29952942,0.18690078,0.02571751,-0.55452813,-0.18162342,-0.86906923,0.13448573,-0.12096540,-0.26078132,-0.24453265,0.04498797,-0.33388144,-2.38154087,0.66754896,-0.97388695,0.69265222,-0.49977170,0.02294879,-0.56754366,0.20644152,-1.48990841,-0.50147056,1.47219900,-0.19203225,0.26181987,0.60608923
1.33777479,-0.06560996,0.75101842,0.03287362,0.21225780,0.09566941,0.97196364,0.07035872,0.06422271,0.43258365,0.39967285,0.03498090,0.06086478,-0.59381624,-0.20792062,-0.80461744,0.25185755,-0.18771834,-0.26180000,-0.29770303,0.02702950,-0.30295453,-2.39105349,0.60730432,-0.81447071,0.68280125,-0.55752237,-0.00654785,-0.49124323,0.04719354,-1.44405014,-0.36159955,1.41762827,-0.20217874,0.24668656,0.58097203
1.32798781,-0.06368349,0.74143625,0.03091476,0.19828763,0.08256976,0.97617034,0.05935599,0.06144742,0.40541062,0.49882578,-0.11106750,0.09376078,-0.63486489,-0.23982083,-0.76150925,0.38680344,-0.23943073,-0.26180000,-0.35204850,0.00420325,-0.27801693,-2.38665152,0.54918218,-0.65964143,0.67536946,-0.59660262,-0.04526786,-0.41053457,-0.11164103,-1.39406535,-0.24248812,1.37754335,-0.19873075,0.24219236,0.57980072
1.31807092,-0.06092470,0.72698204,0.03211668,0.18282206,0.06937932,0.98016893,0.06414929,0.05254935,0.39244749,0.58337248,-0.24081000,0.11585877,-0.66808002,-0.27215485,-0.72684491,0.50601544,-0.28723093,-0.26180000,-0.39507932,-0.02696716,-0.25874777,-2.36128490,0.49853676,-0.50815468,0.66759117,-0.64087403,-0.08150674,-0.33607275,-0.22836477,-1.35721557,-0.16458565,1.35124986,-0.21800074,0.22737686,0.60449525
1.30581243,-0.05863838,0.71124604,0.03733464,0.17058672,0.05836413,0.98290382,0.06960773,0.02724654,0.38089642,0.63798039,-0.38754038,0.13725945,-0.70682137,-0.30051573,-0.68830892,0.60152759,-0.32887747,-0.26180000,-0.43324421,-0.06224575,-0.24889174,-2.32411904,0.48174196,-0.38036770,0.65157256,-0.64821532,-0.09572921,-0.29987237,-0.30673894,-1.33093878,-0.12114269,1.32513709,-0.23696516,0.21830146,0.62993095
1.29216686,-0.05835313,0.70013527,0.04232393,0.16309623,0.05138126,0.98436186,0.07294053,0.00145166,0.36240869,0.66484723,-0.49626980,0.12942096,-0.74035950,-0.32232172,-0.68030438,0.65939801,-0.34262148,-0.26180000,-0.46394270,-0.09116804,-0.25236812,-2.26994105,0.48761522,-0.27642551,0.65406683,-0.64805787,-0.10736154,-0.29184679,-0.34394071,-1.31059684,-0.11041208,1.30886828,-0.25047039,0.19416056,0.64080906
1.27585935,-0.05970821,0.69456487,0.04503583,0.15698861,0.04971074,0.98531984,0.06984546,-0.02685602,0.31191794,0.66488236,-0.56140217,0.12379164,-0.76287590,-0.32852969,-0.66989089,0.67747876,-0.33615569,-0.26180000,-0.49436101,-0.11150633,-0.25858728,-2.19345164,0.50248750,-0.17830484,0.66399886,-0.68041609,-0.09981959,-0.29096176,-0.34671408,-1.29277637,-0.12152438,1.28593334,-0.25562736,0.18157137,0.63867267
1.25527546,-0.06195629,0.69415502,0.04780564,0.15202771,0.04944049,0.98598065,0.07960383,-0.05946272,0.25896661,0.61352599,-0.61073339,0.10330034,-0.77175794,-0.32150487,-0.67640521,0.64552828,-0.29892145,-0.26180000,-0.51708090,-0.13528587,-0.25928859,-2.10615756,0.52058679,-0.09829322,0.68354860,-0.72110538,-0.09647765,-0.29030731,-0.34221744,-1.26586268,-0.15671633,1.29584930,-0.23380317,0.18242290,0.64147072
1.22950528,-0.06401450,0.69769706,0.05167037,0.14645778,0.05098416,0.98655000,0.09463839,-0.09490176,0.19648449,0.52793141,-0.65000364,0.07906152,-0.76980716,-0.30507904,-0.67946407,0.56957229,-0.22447786,-0.26180000,-0.52925929,-0.16667539,-0.25715676,-2.01368921,0.54196600,-0.03238662,0.72431831,-0.76260343,-0.10055131,-0.29288246,-0.32123325,-1.23451159,-0.19123789,1.31894525,-0.18708945,0.18975430,0.64329688
1.20067240,-0.06662605,0.70401074,0.05347137,0.14130878,0.05485127,0.98699746,0.11211037,-0.11934961,0.13356574,0.42911667,-0.68834356,0.06977459,-0.76163941,-0.27806782,-0.67601590,0.46689486,-0.11884240,-0.26176918,-0.54550005,-0.19359681,-0.25549756,-1.91255446,0.55881226,0.01528780,0.77150512,-0.79805319,-0.10075761,-0.29817095,-0.29371471,-1.20390817,-0.22154756,1.33938281,-0.15930601,0.18764911,0.64591110
1.16916801,-0.06915077,0.71164571,0.05391659,0.13624543,0.06153957,0.98729077,0.13159799,-0.13454893,0.09027096,0.31919822,-0.72734728,0.07386604,-0.76333031,-0.25088425,-0.63917132,0.36637965,0.03072526,-0.24840508,-0.55536517,-0.22259844,-0.24745747,-1.81613942,0.56703755,0.06074020,0.82274289,-0.81170096,-0.09791658,-0.29980130,-0.26655310,-1.17519757,-0.25684724,1.36733752,-0.15950826,0.18715829,0.63988114
1.13476835,-0.06414429,0.72130590,0.05017176,0.13287100,0.06797204,0.98752615,0.13564287,-0.14843039,0.07177270,0.22248411,-0.74158798,0.09736921,-0.76635102,-0.24552064,-0.58349878,0.26351117,0.23723418,-0.16878841,-0.55964506,-0.24022657,-0.22677285,-1.72602479,0.57350096,0.09798982,0.86730214,-0.82769912,-0.08732288,-0.31114398,-0.23005397,-1.15143274,-0.28720574,1.37445949,-0.16651500,0.18455314,0.63177989
1.10106086,-0.06110166,0.72994235,0.04157127,0.12955755,0.07445242,0.98789853,0.12375186,-0.13751959,0.08471004,0.15236274,-0.73273055,0.08954832,-0.77358510,-0.23007585,-0.49148143,0.16621116,0.47144519,-0.06976509,-0.55010900,-0.24480632,-0.19382264,-1.63019397,0.57781335,0.10311902,0.90643644,-0.92089004,-0.10520430,-0.31048172,-0.20220905,-1.14293609,-0.31266620,1.39169392,-0.16654298,0.19068446,0.60668132
1.07650707,-0.06602635,0.73856827,0.03114427,0.11253720,0.08413341,0.98958930,0.13838598,-0.10738096,0.07176479,0.10833674,-0.72821175,0.08129654,-0.77999835,-0.20213727,-0.36080808,0.22304453,0.52360000,0.03765679,-0.55466675,-0.25637181,-0.14866809,-1.55401597,0.58483576,0.12461121,0.95291475,-0.91002700,-0.11753302,-0.32405713,-0.17952011,-1.13744002,-0.31482570,1.40123691,-0.18599172,0.17801288,0.60206869
1.05021346,-0.06753472,0.74492560,0.02712928,0.10433620,0.08317243,0.99068679,0.12726188,-0.09836949,0.08438891,0.08264671,-0.71079185,0.05733174,-0.78258587,-0.18903606,-0.28639385,0.28659582,0.52360000,0.11316338,-0.54314825,-0.27081355,-0.11704601,-1.49662774,0.59073121,0.14090933,0.99912016,-0.87812988,-0.10279293,-0.32501509,-0.16277668,-1.13499881,-0.31023283,1.40742979,-0.20950264,0.17714263,0.60115044
1.02412208,-0.06764494,0.74961962,0.02403440,0.10324093,0.07147150,0.99179407,0.10337742,-0.09844617,0.10509509,0.05920773,-0.68631182,0.05223302,-0.77072584,-0.16887016,-0.25229379,0.29964245,0.52360000,0.13594529,-0.52245029,-0.27298877,-0.10015537,-1.42511754,0.59858260,0.12872716,1.03174755,-0.88199709,-0.10031765,-0.34081163,-0.16035864,-1.14334070,-0.29496166,1.41737918,-0.24104353,0.17171196,0.59755767
1.00034317,-0.06760421,0.75374787,0.02077477,0.10182983,0.05652628,0.99297728,0.07986959,-0.09287016,0.15873038,0.04377438,-0.67193461,0.04593305,-0.75101045,-0.14756827,-0.25640353,0.29834656,0.52360000,0.15294361,-0.50343007,-0.27464913,-0.09188954,-1.36319591,0.62389346,0.12569944,1.07541027,-0.84889197,-0.06535117,-0.36644482,-0.15687987,-1.14769511,-0.28065661,1.41167064,-0.29354956,0.16487578,0.59483849
0.97649803,-0.06887162,0.75858423,0.02221974,0.09644918,0.03600100,0.99443842,0.06055187,-0.09578684,0.21053881,0.03886255,-0.64951344,0.04690497,-0.74137233,-0.12281453,-0.24478159,0.31976574,0.52360000,0.15703204,-0.48018188,-0.29029960,-0.08078223,-1.31333943,0.65888310,0.12085463,1.11907564,-0.84297719,-0.02712380,-0.37830057,-0.15652057,-1.14639124,-0.27999172,1.41430674,-0.30235073,0.18028190,0.59211119
0.95487606,-0.07159089,0.76299616,0.02255041,0.09529514,0.02282584,0.99493181,0.03510593,-0.09085894,0.25058521,0.03470831,-0.61935629,0.03125771,-0.74589796,-0.10694306,-0.25405978,0.35621707,0.52360000,0.16779374,-0.47315740,-0.30137590,-0.07691838,-1.27583336,0.69403930,0.10173755,1.15799145,-0.78576184,-0.01397952,-0.40384604,-0.14994868,-1.14147545,-0.28791755,1.43084559,-0.27839777,0.17980282,0.59840509
0.93497588,-0.07495219,0.76731574,0.02380192,0.09366066,0.01536936,0.99520095,0.01285668,-0.08573004,0.28765245,0.02884966,-0.57769970,0.02028653,-0.73747059,-0.09658410,-0.26190079,0.37110657,0.52360000,0.19070856,-0.47943230,-0.31074033,-0.07805474,-1.24254764,0.72999387,0.06839372,1.20479898,-0.67299049,0.03714336,-0.43696178,-0.13184143,-1.13800024,-0.28712684,1.44915991,-0.27762261,0.18393278,0.61037105
0.91482251,-0.07616855,0.77151908,0.03003770,0.09326225,0.00874205,0.99514997,-0.00867761,-0.09843667,0.32869181,0.01586712,-0.53505283,0.03689722,-0.72561900,-0.08497889,-0.21790495,0.37058416,0.52360000,0.22501924,-0.48995213,-0.33018997,-0.08604490,-1.24534481,0.78346952,0.03526427,1.29280477,-0.39108638,0.26806804,-0.42136262,-0.10771695,-1.13272715,-0.28948106,1.45978238,-0.36106322,0.22364838,0.63694884
0.89554351,-0.07711713,0.77351369,0.02930357,0.09212218,-0.00060478,0.99531625,-0.03457422,-0.09453097,0.34722480,0.01387728,-0.51351495,0.05080703,-0.72626020,-0.05860578,-0.16612630,0.38756138,0.52360000,0.24523352,-0.50465800,-0.32618459,-0.07837467,-1.22992333,0.83176127,-0.00682630,1.29028288,-0.38237343,0.10558016,-0.49234626,-0.10322536,-1.13792148,-0.32311409,1.47705106,-0.33503068,0.19274581,0.66122313
0.87572621,-0.07720526,0.77480901,0.02718139,0.09077860,-0.00789849,0.99546875,-0.06498120,-0.08501251,0.36091701,0.02571449,-0.50286609,0.06792478,-0.73089364,-0.03067840,-0.10503469,0.41027223,0.52360000,0.26135567,-0.51994938,-0.31511958,-0.07193040,-1.22457377,0.85463822,0.03005550,1.37228817,-0.44126066,0.09544005,-0.51632029,-0.13172368,-1.14869767,-0.41969985,1.56436379,-0.21800955,0.22808548,0.67264565
0.85271260,-0.07697206,0.77534290,0.02161105,0.09563248,-0.01989565,0.99498319,-0.11629177,-0.06540732,0.38004886,0.03852009,-0.48707005,0.08319250,-0.72150972,0.01475008,-0.03817027,0.37331402,0.52360000,0.26179998,-0.53891768,-0.28540821,-0.05318193,-1.23596205,0.84677309,0.18661102,1.45643064,-0.74360866,-0.00932466,-0.37688891,-0.19490878,-1.17097462,-0.59954000,1.69980092,0.12481735,0.23651727,0.51956548
0.82681742,-0.06869641,0.77717398,0.00397786,0.11691349,-0.04612852,0.99206228,-0.19527956,-0.01824991,0.43973913,0.04086517,-0.46093498,0.07471767,-0.69884249,0.04268801,-0.02835828,0.26943474,0.48872004,0.23295973,-0.54433721,-0.20383673,-0.03784584,-1.21960069,0.77538516,0.40874753,1.45571429,-1.09235372,-0.28909245,-0.12501649,-0.23103780,-1.10411743,-0.81966352,1.70000000,0.71033822,0.10582896,0.18864990
0.80915269,-0.06069861,0.78083302,-0.01414161,0.13295023,-0.08638270,0.98724986,-0.24934258,0.03723406,0.50147993,0.04112582,-0.44806035,0.07594874,-0.68889265,0.01269989,-0.18021402,0.36070303,0.28405413,0.12546724,-0.49052912,-0.12737327,-0.03481009,-1.17662107,0.60193738,0.49655172,1.43376668,-1.18242351,-0.45072166,0.28986804,-0.34485935,-0.99933044,-0.90397179,1.70000000,1.09344148,-0.17364378,-0.19456589
0.79731228,-0.05252033,0.78517325,-0.02700317,0.14493204,-0.13069779,0.98039972,-0.28272940,0.08651810,0.56724090,0.04072220,-0.43136941,0.08735211,-0.63796365,-0.07281471,-0.37055431,0.48722281,0.15997502,0.02997543,-0.42693407,-0.05421710,-0.03734473,-1.13672781,0.37601355,0.52915955,1.41256136,-1.05738721,-0.28733061,0.48559950,-0.47275470,-0.84635875,-0.76373926,1.70000000,0.94569213,-0.06515536,-0.43120616
0.79020592,-0.04665469,0.78993618,-0.03430631,0.15625331,-0.18624454,0.96939205,-0.30236945,0.13891958,0.63659726,0.04367639,-0.42062941,0.08299285,-0.53706472,-0.17967256,-0.55551551,0.55261535,0.12753313,-0.06526429,-0.37072836,0.01550343,-0.05138079,-1.11448803,0.17122570,0.56753327,1.41931935,-1.07932453,-0.28983744,0.53594368,-0.58673272,-0.66983508,-0.69737840,1.70000000,0.92876080,-0.04286246,-0.48077777
0.78088615,-0.04376022,0.79297322,-0.03504799,0.16430430,-0.24350685,0.95523827,-0.31304891,0.18406561,0.72539404,0.04478898,-0.41203973,0.09414108,-0.44257714,-0.24601618,-0.65275249,0.55242341,0.06574097,-0.12108123,-0.31597162,0.09325486,-0.06232493,-1.10164304,-0.00769211,0.50300270,1.44444780,-1.11190985,-0.26896836,0.55238756,-0.69630206,-0.49053858,-0.62117904,1.70000000,1.02996808,-0.08420288,-0.51529535
0.77417433,-0.04187415,0.79293168,-0.02908557,0.16852955,-0.30413653,0.93715142,-0.30800066,0.21658493,0.82190136,0.04426957,-0.40937476,0.10726099,-0.35433093,-0.31502168,-0.76467324,0.50417379,0.07173303,-0.12202205,-0.25291172,0.16562038,-0.06882739,-1.10490569,-0.18754681,0.25228994,1.44452653,-1.08346297,-0.15148614,0.48509450,-0.77971255,-0.30729095,-0.43480104,1.70000000,1.09978130,-0.04649560,-0.51247999
0.76713834,-0.04221938,0.79276993,-0.01880136,0.16952526,-0.36884827,0.91370599,-0.29137398,0.24742379,0.93942205,0.04422303,-0.39907918,0.10922833,-0.28060084,-0.37484387,-0.89338875,0.41300522,0.15422401,-0.09025116,-0.15808747,0.20813076,-0.07991857,-1.06254934,-0.32420556,-0.16089284,1.36257946,-0.79169432,-0.13070309,0.44123901,-0.81076260,-0.14584451,-0.28027095,1.70000000,1.14319277,-0.09402461,-0.56862544
0.75741004,-0.04539615,0.79314072,-0.00072013,0.16806722,-0.43520061,0.88450739,-0.26605328,0.26402547,1.07439711,0.03908677,-0.39078865,0.10457591,-0.24166000,-0.43964430,-1.02930944,0.33667037,0.20500784,-0.06953847,-0.03023700,0.20912189,-0.10930298,-0.99428304,-0.37064242,-0.60995220,1.16722842,-0.41927000,-0.07723017,0.32554798,-0.80783557,-0.01573220,-0.16576984,1.70000000,1.20406917,-0.09034744,-0.46726121
0.74510310,-0.05004138,0.79471061,0.01704440,0.16296153,-0.49218092,0.85493331,-0.23460444,0.27433272,1.20997719,0.02959837,-0.38585424,0.10298673,-0.21300824,-0.50122184,-1.15923624,0.27804516,0.28486441,-0.05997081,0.07303957,0.20612168,-0.11860182,-0.97196846,-0.35170786,-0.83875288,0.89519140,-0.32586542,-0.05951609,0.08568369,-0.79637667,0.07634516,-0.05142409,1.67194634,1.22580248,0.01528070,-0.31504993
0.73162947,-0.05730776,0.79698298,0.03562825,0.15588750,-0.54268426,0.82457475,-0.19803567,0.27678456,1.33121464,0.02060835,-0.37755962,0.10094425,-0.17558649,-0.53936876,-1.30975755,0.20573836,0.40782698,-0.06238938,0.15278123,0.18477122,-0.11223522,-0.89950256,-0.34610495,-0.92877420,0.66997585,-0.58884819,-0.02830636,-0.15606578,-0.77498718,0.15243993,0.09127073,1.58606418,1.24350647,0.14473059,-0.12451593
0.71709769,-0.06312516,0.79665373,0.05369511,0.14899408,-0.58264403,0.79714712,-0.16513191,0.26264846,1.43933699,-0.01238278,-0.34993731,0.08675828,-0.17976088,-0.55599436,-1.36250562,0.14662709,0.48094090,-0.06497464,0.18442497,0.17548304,-0.10494207,-0.79228624,-0.30939727,-0.96280740,0.49581574,-0.89309547,0.10122254,-0.34861992,-0.72135907,0.20365618,0.30739693,1.43673411,1.10386445,0.30126863,0.09574678
0.69937371,-0.07211343,0.79424199,0.07409269,0.13040898,-0.60868965,0.77910248,-0.12532258,0.21871898,1.50478673,-0.05437761,-0.31787186,0.08195055,-0.21021844,-0.63008608,-1.31560278,0.21920361,0.52360000,-0.01176335,0.16171597,0.16584828,-0.08545065,-0.72033303,-0.22662361,-0.96571095,0.32931995,-1.00454534,0.20588430,-0.50267555,-0.62953008,0.18589662,0.46290823,1.21932166,0.90627222,0.40344719,0.35072377
0.67976780,-0.07818142,0.78913010,0.09471641,0.10782565,-0.62650939,0.76608642,-0.09403236,0.18234182,1.53821260,-0.06912166,-0.29589356,0.08728105,-0.26507732,-0.69413990,-1.20192352,0.29567233,0.52360000,0.05305315,0.12332191,0.14676701,-0.05903264,-0.67245950,-0.11007913,-0.97369623,0.20874201,-1.07171372,0.28857162,-0.63886153,-0.54413613,0.11523501,0.55690109,0.97944254,0.74385650,0.46886042,0.63603727
0.66216889,-0.07997260,0.78407585,0.11099599,0.09880974,-0.64254998,0.75169545,-0.09005636,0.17509291,1.55728682,-0.07928804,-0.26114117,0.09622327,-0.30141464,-0.67174516,-1.17380852,0.26316687,0.43721944,0.03571842,0.07399467,0.16179609,-0.04208262,-0.63462412,0.01808395,-0.97756229,0.15026890,-1.10142572,0.38134251,-0.76707526,-0.48978108,0.02162808,0.61646230,0.80355870,0.70656135,0.53842141,0.90888206
0.63917870,-0.08318783,0.77943753,0.12397172,0.09025229,-0.65617636,0.73886272,-0.08257280,0.18574630,1.55713268,-0.08598589,-0.21197054,0.09239861,-0.31773176,-0.63282959,-1.23551297,0.24088342,0.29708716,-0.03778563,0.02372946,0.18504017,-0.02089982,-0.60957562,0.14082993,-0.99656324,0.15524705,-1.11257457,0.46680447,-0.85789105,-0.43630065,-0.08677071,0.63840894,0.69023005,0.72942052,0.61219422,1.11186123
0.61596841,-0.08634101,0.77525278,0.14162581,0.08182450,-0.66526629,0.72846938,-0.07892486,0.20063113,1.46127354,-0.08591753,-0.15492697,0.08129356,-0.33755861,-0.59147721,-1.31122956,0.18903108,0.17502506,-0.12540917,-0.04012162,0.20752893,-0.01984452,-0.59516142,0.29730533,-1.01037448,0.17035997,-1.01251979,0.52809838,-0.95913781,-0.38448533,-0.22756543,0.62741644,0.62099543,0.71715514,0.66635291,1.28259830
0.59447162,-0.08911442,0.77034487,0.16747550,0.06439451,-0.67246078,0.71805418,-0.07226086,0.20134886,1.28459505,-0.05368852,-0.11302837,0.05432674,-0.37561659,-0.60064127,-1.33170647,0.17491602,0.07110821,-0.18935279,-0.09384543,0.20332015,-0.03024204,-0.58237403,0.47136027,-1.02327336,0.21541153,-0.84884501,0.49925003,-1.03441026,-0.35630536,-0.37045060,0.57389475,0.63677181,0.67526711,0.66995747,1.40580871
0.57702240,-0.09258804,0.76659236,0.19618683,0.04326520,-0.67791651,0.70715490,-0.07823398,0.21258673,1.09862386,0.01120306,-0.03081232,-0.00166869,-0.45135768,-0.71435381,-1.24857582,0.31858648,-0.00496674,-0.20674014,-0.12928109,0.17884285,-0.02725878,-0.56545158,0.58997032,-1.00512045,0.37945777,-0.64654336,0.49388916,-1.14827468,-0.36998198,-0.48684835,0.43112791,0.74500434,0.49851002,0.63046231,1.55996233
0.55977824,-0.09530495,0.76713648,0.20721123,0.02961805,-0.68526163,0.69756919,-0.09796702,0.27447105,0.86203679,0.10110327,0.12023930,-0.14964694,-0.49921891,-0.76918201,-1.18152943,0.42789725,-0.06914292,-0.20214675,-0.12739181,0.18999970,0.00275195,-0.57664181,0.68268229,-0.95746240,0.55895940,-0.41762680,0.39734203,-1.21061704,-0.37757982,-0.62585466,0.24952807,0.89239814,0.42384905,0.57866947,1.60718145
0.55284423,-0.09529300,0.77244314,0.21956171,0.01071605,-0.69793392,0.68159084,-0.15453570,0.25069086,0.52278356,0.16819379,0.34534226,-0.26180000,-0.53728609,-0.78921348,-1.12040463,0.44437544,-0.10333225,-0.22001686,-0.09449609,0.19131380,0.03104139,-0.59892488,0.78863123,-0.95153985,0.69191820,-0.13085076,0.20859662,-1.20995933,-0.37375147,-0.79210093,0.07901862,1.03581599,0.38882253,0.51231255,1.61442919
0.55758570,-0.10606397,0.77783593,0.23648046,-0.01989873,-0.70735803,0.66582704,-0.22745403,0.23437744,0.36514479,0.44455818,0.52360000,-0.26180000,-0.58623420,-0.86667677,-1.01163717,0.49098979,-0.13054185,-0.23579296,-0.07576987,0.16296999,0.05118045,-0.60372514,0.90375897,-0.95144377,0.81044666,0.11758397,0.09579138,-1.15639473,-0.38430791,-0.98546102,-0.03795671,1.15310318,0.28616848,0.41062903,1.57846433
0.53291796,-0.11396160,0.77471104,0.26800943,-0.05502818,-0.69025575,0.66984315,-0.24174537,0.39147076,0.38977534,0.50967847,0.52360000,-0.26180000,-0.66325645,-0.99424111,-0.90561553,0.59467110,-0.18517753,-0.20440475,-0.09871734,0.10028538,0.04812612,-0.60532356,0.97650849,-0.98077207,0.97918811,0.29225120,0.03621041,-1.06789002,-0.41653998,-1.20120116,-0.09462538,1.25255893,0.10861906,0.25963059,1.45088376
0.51755201,-0.11877895,0.76956292,0.28709140,-0.09521186,-0.66121872,0.68651514,-0.23772534,0.55867685,0.51979827,0.45180802,0.52360000,-0.23633333,-0.73942854,-1.14158263,-0.73126973,0.70394468,-0.21674844,-0.12934388,-0.15342951,0.03928455,0.05618817,-0.60850644,1.04565362,-1.02474330,1.15563959,0.45838212,0.00419261,-0.94850678,-0.47716716,-1.40246173,-0.11101095,1.39092086,-0.04880556,0.13905471,1.29339510
0.50948058,-0.12434966,0.76436599,0.30049416,-0.13001365,-0.64132520,0.69390323,-0.27838728,0.66497384,0.53069455,0.41398283,0.52360000,-0.25873690,-0.82225794,-1.25268556,-0.59005143,0.78205390,-0.24755541,-0.05752711,-0.18948591,-0.02197269,0.06054541,-0.61706798,1.15062493,-1.04311250,1.29579581,0.66694659,0.00620107,-0.77692564,-0.53516079,-1.59552569,-0.09669628,1.47169207,-0.23340964,0.03473103,1.11659637
0.50226181,-0.13038787,0.75254646,0.31399188,-0.15866657,-0.63282275,0.68976038,-0.34250961,0.76470194,0.41766802,0.40785250,0.52360000,-0.25470172,-0.92841530,-1.33360653,-0.50311787,0.82543820,-0.30825350,-0.03932873,-0.18557759,-0.09748225,0.06887917,-0.65647652,1.27657537,-1.04386274,1.40764764,0.88576245,0.06108862,-0.58471374,-0.60859226,-1.78187902,-0.11646455,1.56362261,-0.43461181,-0.01085748,0.90388877
0.49470098,-0.13514415,0.73688121,0.32321595,-0.18833386,-0.63234666,0.67838006,-0.38712598,0.88516211,0.30745347,0.42706873,0.52360000,-0.22511370,-1.03130717,-1.36983493,-0.38104013,0.82847141,-0.38153496,-0.04032976,-0.15644952,-0.18325427,0.09876330,-0.74765334,1.39979712,-1.07913454,1.47184223,1.02382799,0.17770575,-0.45247226,-0.60337881,-1.94621725,-0.16752220,1.59332096,-0.66492479,0.02854090,0.70310732
0.48885691,-0.13861712,0.72237866,0.32164397,-0.21291157,-0.64225064,0.66236541,-0.41419782,1.01712182,0.20246187,0.43667570,0.52360000,-0.22320770,-1.14561146,-1.37251012,-0.23285985,0.86279244,-0.42983189,-0.03554443,-0.13188252,-0.22814401,0.15672243,-0.89145257,1.50690623,-1.16637662,1.50578015,0.99813430,0.26428452,-0.37374391,-0.36295520,-2.11879952,-0.41833956,1.65403731,-0.79109239,0.12962915,0.52864818
0.48425258,-0.14221834,0.71268868,0.31546754,-0.22363459,-0.65517734,0.64900728,-0.46594493,1.15680577,0.12371545,0.40683124,0.52360000,-0.22847277,-1.20469132,-1.34799200,-0.13719068,0.90520309,-0.46902102,-0.02814904,-0.15440198,-0.23761824,0.16327546,-0.96073732,1.58290674,-1.23557375,1.55293469,0.87054324,0.31466405,-0.34473830,-0.04381210,-2.25150000,-0.68849630,1.69002154,-0.81799193,0.24765472,0.42843437
0.47832256,-0.14568655,0.70730296,0.31506027,-0.23404211,-0.66298950,0.63750000,-0.50941285,1.26311632,0.11192800,0.34387385,0.52360000,-0.22104412,-1.23548098,-1.32669863,-0.07637762,0.91620138,-0.49589726,-0.03207522,-0.19674707,-0.28626009,0.16530989,-0.99785421,1.67124618,-1.30373290,1.56024996,0.80931740,0.33638562,-0.29597776,0.04400530,-2.25150000,-0.77672048,1.65867238,-0.81328297,0.31459441,0.32028581
0.47361025,-0.14856530,0.70565995,0.31680202,-0.24445940,-0.67115590,0.62403993,-0.53114669,1.31500000,0.09782747,0.31915874,0.52360000,-0.21592522,-1.27298030,-1.30060340,-0.00534938,0.90897212,-0.50584442,-0.03438070,-0.22892346,-0.31936115,0.16986440,-1.03523334,1.70522990,-1.35934991,1.55887939,0.75603699,0.37677052,-0.19286229,0.09138154,-2.25150000,-0.86379005,1.61604952,-0.74444584,0.34877965,0.22510071
0.46912858,-0.14951571,0.70842127,0.32340096,-0.24813131,-0.67744125,0.61230387,-0.52730680,1.30734298,0.07975875,0.32090796,0.52360000,-0.22181450,-1.29509898,-1.26846691,0.03474317,0.89505749,-0.50566394,-0.03925282,-0.24961653,-0.33063031,0.15017047,-1.07795174,1.67918925,-1.39996692,1.55326134,0.70185908,0.36374339,-0.12740717,0.15443808,-2.25150000,-0.93077303,1.59242368,-0.65873141,0.33456033,0.17255463
0.46345307,-0.14947897,0.71324625,0.33246238,-0.24466127,-0.68063764,0.60526195,-0.50882679,1.27367029,0.10026027,0.33152030,0.52360000,-0.21240447,-1.27673924,-1.24006340,0.01951740,0.86186397,-0.49779069,-0.04828541,-0.26073781,-0.32047572,0.11637162,-1.09071066,1.60911623,-1.39999997,1.54721442,0.67793572,0.34775464,-0.09126254,0.21831543,-2.25150000,-1.00069633,1.61850072,-0.56813793,0.32201261,0.12297684
0.45576221,-0.14868867,0.72061160,0.34111035,-0.23643621,-0.68584175,0.59779824,-0.45527751,1.20747738,0.12814462,0.35144883,0.52360000,-0.20228651,-1.24380260,-1.20488532,-0.02148858,0.83523763,-0.48746633,-0.03694632,-0.27119750,-0.30510987,0.07384916,-1.08318680,1.54292465,-1.39999850,1.54723963,0.66635459,0.28291995,-0.08421410,0.33906336,-2.25150000,-1.11697362,1.68853258,-0.48017875,0.27918949,0.03665975
0.44763457,-0.14886287,0.73031277,0.35099204,-0.22601535,-0.69545502,0.58486235,-0.39127583,1.11159212,0.16592307,0.39637000,0.52360000,-0.20695751,-1.19416585,-1.15714754,-0.08061552,0.78438014,-0.47682890,-0.03393066,-0.29243030,-0.29661095,0.03255473,-0.93055651,1.47546093,-1.24866392,1.57886641,0.57374925,0.22760066,0.00102505,0.56387838,-2.18890990,-1.36500548,1.69464551,-0.33593434,0.23663655,-0.13412467
0.43679355,-0.14810855,0.74023320,0.35588000,-0.21110023,-0.70793974,0.57237002,-0.33593009,1.01645061,0.23743158,0.41078867,0.52360000,-0.19249067,-1.12979037,-1.09317355,-0.14876949,0.74249601,-0.47235077,-0.03418041,-0.30276899,-0.24882848,0.01168222,-0.68527689,1.35517667,-1.01801857,1.59723446,0.49100837,0.15748411,0.13227666,0.82435688,-2.13682384,-1.68562535,1.69745278,-0.12915006,0.14324268,-0.32010439
0.42493614,-0.14773617,0.75202407,0.35482781,-0.19343901,-0.72696813,0.55515395,-0.27455787,0.91374332,0.32037211,0.39969230,0.52360000,-0.17770733,-1.03560746,-1.00198575,-0.22514753,0.67814415,-0.45370603,-0.03773593,-0.30622583,-0.14842012,-0.00297775,-0.44226457,1.15868974,-0.75041297,1.59772243,0.42613434,0.11894552,0.20822865,1.01668176,-2.16138394,-2.00000000,1.70000000,0.12501759,0.07573390,-0.26728990
0.41127789,-0.14888011,0.76377197,0.35057425,-0.16899582,-0.75340348,0.53002009,-0.22680703,0.81559946,0.41281771,0.39720428,0.52360000,-0.17427212,-0.94261444,-0.87469458,-0.29125902,0.59563040,-0.43327891,-0.04653221,-0.20914868,-0.02599818,0.00300389,-0.41402393,0.90084593,-0.53512908,1.58716368,0.23505008,0.10298482,0.19305180,0.87213197,-2.07318415,-2.00000000,1.70000000,0.40182850,0.14822097,-0.05628306
0.39560301,-0.14934922,0.77559223,0.33817176,-0.13887316,-0.78742892,0.49629608,-0.18109190,0.71318335,0.48505803,0.35333270,0.52360000,-0.15348832,-0.83465676,-0.70865650,-0.34552737,0.48834285,-0.41631879,-0.06832032,-0.06275123,0.06266514,0.01672262,-0.42758723,0.66981426,-0.30339282,1.54127326,-0.19529172,0.05374102,-0.00032726,0.69050834,-1.87561587,-1.99962681,1.70000000,0.79923076,0.34774778,0.18495917
0.37953470,-0.14788920,0.78658730,0.31307232,-0.10769227,-0.82915278,0.45043731,-0.12151234,0.60903295,0.53376943,0.25699268,0.52360000,-0.14893321,-0.69272383,-0.51489383,-0.38930142,0.32743190,-0.38849049,-0.07966661,0.10040510,0.06530550,0.01176643,-0.40542103,0.51795225,-0.22718803,1.47666832,-0.53190838,0.08251350,-0.32578961,0.31341895,-1.54475552,-1.64604895,1.70000000,1.02030112,0.49519346,0.38353984
0.36264141,-0.14399078,0.79370485,0.29192329,-0.08470257,-0.86274001,0.40408656,-0.09795608,0.49150807,0.60860403,0.13119594,0.50780079,-0.13729549,-0.55993919,-0.34988576,-0.40966115,0.14388547,-0.34465116,-0.06185367,-0.05637994,-0.10948917,-0.04370689,-0.17299724,0.67039833,-0.05500510,1.40110141,-0.71144965,0.13604744,-0.55856668,-0.42656071,-0.87443487,-0.74072740,1.66235697,1.08556628,0.29980711,0.49003478
0.35189528,-0.14215353,0.79533041,0.27588524,-0.07226582,-0.88418051,0.36998623,-0.13734574,0.34898667,0.64518490,0.00503715,0.42303523,-0.12218614,-0.47676035,-0.25579240,-0.43247943,0.05083182,-0.34264849,-0.02553583,-0.16238534,-0.12039762,-0.05826010,0.03297615,0.59254618,0.12364848,1.22711963,-0.71953338,0.18220030,-0.78175019,-0.51016910,-0.57864547,-0.48629988,1.63449720,1.21251585,0.32811860,0.57629330
0.34414854,-0.14320493,0.79121957,0.25039689,-0.05788319,-0.90894868,0.32827310,-0.20489280,0.25247687,0.67150999,-0.04639096,0.23537463,-0.10936429,-0.40817348,-0.16401990,-0.41113404,0.01765326,-0.34835315,-0.01830783,-0.11523628,-0.10571407,-0.03016454,0.06553742,0.48720850,0.13082175,1.14537821,-0.73563337,0.24935508,-0.97485603,-0.42640170,-0.44342240,-0.42579972,1.57718523,1.23832514,0.42534804,0.72013263
0.33517137,-0.14348959,0.78212116,0.21991688,-0.04162427,-0.93084662,0.28884001,-0.28207203,0.20675411,0.73913598,-0.07958388,0.13680660,-0.09921496,-0.33502502,-0.07102424,-0.36537740,0.00139779,-0.34613794,-0.03185255,-0.05696000,-0.08068152,0.00849521,0.08137525,0.41221530,0.12427687,1.10291172,-0.74082810,0.29782610,-1.08452183,-0.33749869,-0.34894724,-0.36630216,1.52941024,1.21403437,0.50363844,0.82276192
0.32745833,-0.14285816,0.77075867,0.19098073,-0.02248958,-0.94962577,0.24744993,-0.37163899,0.20286441,0.82159874,-0.08597947,0.06767724,-0.06625211,-0.27288546,0.01770625,-0.31481407,-0.00297501,-0.33579863,-0.03058048,0.00361110,-0.04207407,0.05106835,0.08652764,0.35758849,0.14667067,1.09067920,-0.70703320,0.33658047,-1.15837737,-0.25166206,-0.28319216,-0.35290370,1.46867781,1.13637515,0.58085827,0.92654116
0.31896071,-0.14388105,0.76180000,0.16432408,-0.00670838,-0.96605393,0.19922950,-0.45005760,0.21721927,0.90383954,-0.08590781,0.06923620,-0.02766041,-0.21486922,0.09315190,-0.23679905,0.00074518,-0.33157553,-0.02831207,0.05942665,-0.00809183,0.09262463,0.09317670,0.32661144,0.21295759,1.12779761,-0.65125743,0.32587888,-1.17043834,-0.18464629,-0.24908377,-0.36454337,1.44759097,1.05197408,0.61112108,1.00426119
0.30504786,-0.14603728,0.75577682,0.14142433,0.00674170,-0.97904978,0.14633948,-0.52885352,0.24490792,0.89792195,-0.08199649,0.22044539,-0.04230815,-0.15128317,0.16033476,-0.14284920,0.00674895,-0.34243435,-0.03220147,0.11330426,0.02222151,0.12142368,0.12193173,0.31306638,0.29476145,1.19792580,-0.59726422,0.30652292,-1.15475385,-0.11136467,-0.23889102,-0.40198930,1.45176112,1.00249196,0.62743803,1.05532420
0.28923349,-0.14671194,0.75232430,0.12638946,0.01256894,-0.98712149,0.09725685,-0.58970681,0.26372496,0.92599724,-0.08723799,0.43198223,-0.07672470,-0.09334835,0.20172827,-0.04764258,0.01082790,-0.36700430,-0.04058822,0.14739818,0.02829623,0.12398318,0.17302460,0.31814195,0.36407142,1.28585844,-0.50132853,0.26492816,-1.12863316,-0.03923801,-0.25422819,-0.44418229,1.48489639,0.93318940,0.60262849,1.07479716
0.27021064,-0.15061713,0.74899047,0.11179357,0.02302640,-0.99097412,0.07030131,-0.66478421,0.29501165,0.92977226,0.00227664,0.52360000,-0.11544138,-0.02086473,0.23771391,0.00791307,-0.00445926,-0.39002665,-0.04341759,0.14650719,0.05249349,0.11531329,0.24684720,0.34023424,0.38767572,1.38448094,-0.33597028,0.20237262,-1.11222029,0.04489113,-0.30127778,-0.52970486,1.55849760,0.83147010,0.57027706,1.10196479
0.24847868,-0.15563016,0.74663603,0.10088370,0.02420999,-0.99384891,0.03873878,-0.71483464,0.30665738,0.93042109,0.09395161,0.52360000,-0.13347659,0.04194413,0.24555203,0.07847582,-0.00383112,-0.41490308,-0.04132678,0.15645335,0.05507936,0.10543573,0.32659041,0.36623181,0.37576459,1.47081353,-0.09287398,0.11016082,-1.08693988,0.13219420,-0.37886491,-0.60295770,1.65155083,0.70904110,0.50784676,1.11462478
0.22630494,-0.15935981,0.74146769,0.09710285,0.02973459,-0.99475001,0.01262208,-0.75997174,0.31644558,0.91750624,0.16485879,0.52360000,-0.14222028,0.08475329,0.25987177,0.13498471,-0.00001422,-0.41858859,-0.05026989,0.17217759,0.06884467,0.09173841,0.39652517,0.39342090,0.33932338,1.53180712,0.22416600,0.02327565,-1.04573153,0.24622032,-0.47145758,-0.66783972,1.70000000,0.52649521,0.42019837,1.09048450
0.20254304,-0.16129847,0.73565964,0.09298071,0.03366719,-0.99501110,-0.01319171,-0.78267181,0.30699252,0.87944629,0.19410682,0.52360000,-0.17328135,0.13059752,0.26784414,0.17497704,0.00580726,-0.42010144,-0.05684124,0.20005408,0.07739692,0.08647616,0.47826540,0.43453566,0.29336742,1.56759109,0.56437311,-0.03974308,-0.97545118,0.39956056,-0.55031885,-0.73185503,1.70000000,0.30902608,0.32609277,0.99687169
0.17894506,-0.16193818,0.72883687,0.09446555,0.04135598,-0.99423026,-0.02953194,-0.78946982,0.29008280,0.86733009,0.20461164,0.52360000,-0.17696444,0.16578206,0.28464730,0.19148108,0.00734238,-0.40711704,-0.07710846,0.22600507,0.09186560,0.07736761,0.54962763,0.50356940,0.31566620,1.62145157,0.83093941,-0.04148976,-0.87738780,0.56572597,-0.62700361,-0.81592467,1.70000000,0.05210555,0.26116465,0.86967742
0.15534540,-0.16088599,0.72260751,0.10484142,0.05064686,-0.99229007,-0.04246878,-0.78254774,0.27464453,0.89192388,0.19081771,0.52360000,-0.13472159,0.17662638,0.30652676,0.19772292,0.01580557,-0.39995900,-0.09210653,0.25600251,0.10705769,0.05798993,0.62335612,0.59458035,0.40355570,1.63855636,0.96389386,0.02286179,-0.80130958,0.72862529,-0.69983057,-0.89415090,1.70000000,-0.20312407,0.28523526,0.73941972
0.13587934,-0.15425035,0.71611489,0.12787886,0.06058060,-0.98888872,-0.04556415,-0.75497416,0.20732040,0.88723776,0.01188623,0.52360000,-0.03018256,0.15184362,0.33764110,0.18178083,0.02306899,-0.38145045,-0.09536049,0.26199708,0.10781596,0.01991048,0.69524483,0.69910653,0.43300733,1.64366792,1.02669183,0.08297203,-0.76375542,0.85029458,-0.76949477,-0.89150673,1.70000000,-0.41635383,0.36377203,0.62942387
0.11431805,-0.15116123,0.71261287,0.14209247,0.06831737,-0.98659913,-0.04200731,-0.71798868,0.14269866,0.89829401,-0.08238624,0.34352030,0.07792487,0.13418001,0.35962869,0.16900381,0.05236387,-0.36089650,-0.07565619,0.25096982,0.11863135,0.02935214,0.72791869,0.80030515,0.41758179,1.63821189,1.15139284,0.05940955,-0.80451232,0.90189658,-0.84215837,-0.76652878,1.70000000,-0.74390047,0.31784968,0.65481587
0.09180041,-0.15037496,0.71233659,0.14616731,0.07216869,-0.98554513,-0.04612596,-0.69576750,0.12330591,0.91381403,-0.08503909,0.17124443,0.13939730,0.13040828,0.36797449,0.17303353,0.10591808,-0.33427323,-0.03669591,0.24907322,0.12293196,0.06464759,0.75671337,0.90975323,0.38345052,1.61802926,1.25682656,0.04251942,-0.80064464,0.94151605,-0.93364933,-0.69499177,1.70000000,-0.92746752,0.30785288,0.65443829
0.06906613,-0.14915659,0.71636605,0.14784442,0.07441220,-0.98463085,-0.05574001,-0.67485533,0.13104458,0.89448801,-0.06092868,0.03232526,0.17926382,0.11565676,0.37023055,0.16007358,0.18957379,-0.26956444,0.01439224,0.25054825,0.12222395,0.10989165,0.78320084,1.02810686,0.33670050,1.59796496,1.33595490,0.02894148,-0.78123287,0.95464371,-1.04361470,-0.66607514,1.70000000,-1.00665630,0.30320014,0.62324664
0.04737367,-0.14902069,0.72362213,0.14933027,0.07937215,-0.98345669,-0.06491133,-0.66253330,0.16329799,0.85596384,-0.00645191,-0.07818287,0.19260886,0.06277947,0.36775399,0.09134168,0.32335258,-0.13710244,0.09762327,0.25252800,0.12327630,0.15794676,0.80225703,1.14931546,0.28094351,1.60636310,1.34723428,-0.06774283,-0.81726507,0.94186021,-1.17099952,-0.65365966,1.70000000,-1.02776825,0.26130172,0.62976379
0.02693854,-0.15069369,0.73058535,0.15014185,0.08772468,-0.98226103,-0.07017890,-0.65349493,0.19317292,0.84031089,0.04763860,-0.17385758,0.22047485,-0.03929798,0.34361691,-0.06234173,0.52185810,0.03932998,0.21322941,0.25661729,0.13868880,0.21148070,0.82316256,1.30745250,0.20960457,1.56558901,1.48580222,-0.03038181,-0.77269544,0.91821387,-1.31276778,-0.64187275,1.70000000,-1.12071765,0.24505562,0.60681226
0.01057736,-0.15500708,0.73545540,0.15379196,0.10068151,-0.97995413,-0.07681910,-0.65917199,0.22862306,0.82039280,0.10010428,-0.26066064,0.26179999,-0.19193832,0.25403138,-0.27643660,0.79660750,0.28771240,0.23757826,0.26375905,0.16672322,0.27255958,0.81858457,1.45585267,0.15196515,1.54829107,1.53212468,-0.01293004,-0.73047869,0.88775751,-1.45551565,-0.63794843,1.70000000,-1.22639365,0.23452565,0.55926145
-0.01089489,-0.16273239,0.73316759,0.15151272,0.09586661,-0.98069737,-0.07801381,-0.64956140,0.23946782,0.80509802,0.17642777,-0.33061589,0.26180000,-0.31727325,0.04399699,-0.42497574,1.14314612,0.52360000,0.20581889,0.25997315,0.17328096,0.36264408,0.79378687,1.61965741,0.11081104,1.51444558,1.54602635,0.03849144,-0.70438904,0.86567323,-1.60379954,-0.62149147,1.70000000,-1.28952571,0.24717247,0.52751982
-0.02385222,-0.15716783,0.72437800,0.14206222,0.07091175,-0.98516012,-0.06518734,-0.63970009,0.20716423,0.80538469,0.25001275,-0.37619717,0.26180000,-0.43797842,-0.05369369,-0.44264823,1.42154320,0.52360000,0.24501067,0.23541313,0.14609236,0.47893013,0.74600883,1.79370812,0.12550952,1.48773813,1.56193534,0.05941150,-0.68580462,0.83860365,-1.75377677,-0.62402747,1.70000000,-1.33803997,0.26678686,0.49649451
-0.02717667,-0.14099528,0.71671638,0.15520653,0.04806380,-0.98477639,-0.06177588,-0.68312101,0.20391484,0.82217359,0.31498404,-0.40820446,0.26180000,-0.63490640,-0.06536692,-0.48033674,1.52509131,0.52360000,0.26179998,0.20965685,0.11982103,0.49401027,0.73937660,1.94903125,0.15726892,1.44667219,1.56491661,0.06760517,-0.67947413,0.84099054,-1.93135459,-0.63827928,1.69999274,-1.35898372,0.26765705,0.44930605
-0.03959385,-0.13970495,0.71019466,0.17949022,0.04172142,-0.98153887,-0.05122535,-0.74934915,0.20220428,0.80626330,0.37938809,-0.44520238,0.26180000,-0.78312620,-0.15672766,-0.53307580,1.58267825,0.52360000,0.26180000,0.17007588,0.11646715,0.49662122,0.75532367,2.09060155,0.28734076,1.39993316,1.51868033,0.06361546,-0.68912153,0.88224377,-2.09331190,-0.74816920,1.67459353,-1.34766733,0.25562542,0.42857202
-0.05077170,-0.14090328,0.70424288,0.19996785,0.03694977,-0.97834348,-0.03862139,-0.80922108,0.19185844,0.78464977,0.43423821,-0.47504412,0.26180000,-0.91193799,-0.22753942,-0.55866914,1.59993792,0.52360000,0.26180000,0.13860361,0.10729388,0.49786718,0.90857161,2.25150000,0.59223237,1.36144222,1.47577707,0.06849762,-0.72506629,1.10713844,-2.24077520,-1.02290976,1.65832351,-1.32527368,0.28646382,0.43119281
-0.06010195,-0.14088339,0.69883137,0.22405591,0.03190493,-0.97364576,-0.02819502,-0.86369289,0.17568301,0.78604140,0.46047246,-0.49216757,0.26180000,-1.02707742,-0.27354170,-0.59016170,1.59077752,0.52360000,0.26180000,0.09907676,0.11716515,0.50404530,0.97491263,2.25150000,0.84194838,1.19971683,1.43317511,0.13439716,-0.68850788,1.14900000,-2.25150000,-1.11725856,1.47968313,-1.30375048,0.31849368,0.39537712
-0.06570379,-0.13922131,0.69533264,0.24973154,0.03091522,-0.96771227,-0.01453874,-0.92663989,0.15955633,0.77737040,0.47308178,-0.49643418,0.26180000,-1.12478045,-0.30484843,-0.62680729,1.54229550,0.52360000,0.26180000,0.06366792,0.14608706,0.50985291,1.04665083,2.25150000,1.13707065,0.96981118,1.33006485,0.12888177,-0.65486572,1.14900000,-2.25150000,-1.16934641,1.26176521,-1.26292454,0.28448517,0.39518626
-0.06997080,-0.13224899,0.69188080,0.27477062,0.03320381,-0.96093528,0.00141252,-0.98835999,0.15127761,0.75896581,0.47861325,-0.48819553,0.26180000,-1.19581639,-0.29307492,-0.63980090,1.50403091,0.52360000,0.26180000,0.03175416,0.17732364,0.51563241,1.14899810,2.25150000,1.49174456,0.72140870,1.13878351,0.09970854,-0.63352915,1.14900000,-2.25150000,-1.28054460,1.00014105,-1.17015082,0.17244585,0.43330096
-0.08071805,-0.14139773,0.69459960,0.32020046,0.04643243,-0.94621118,0.00030111,-1.07205759,0.15203332,0.73651774,0.45273803,-0.47941059,0.26180000,-1.22849584,-0.32001968,-0.63764753,1.46772177,0.52360000,0.26179476,0.01981835,0.20750437,0.51260929,1.14900000,2.25150000,1.76311647,0.53552826,0.85785198,0.06745599,-0.63623478,1.14900000,-2.25150000,-1.45657998,0.74121020,-0.89228175,0.05592402,0.49858203
-0.07858591,-0.15852450,0.70506867,0.35174615,0.05702917,-0.93387251,-0.03007420,-1.11494807,0.18180847,0.75702892,0.40249597,-0.46468976,0.26180000,-1.22948010,-0.34677805,-0.65072594,1.34072464,0.52360000,0.19037511,0.03354024,0.22878825,0.50447193,1.14900000,2.25150000,1.88909086,0.37953638,0.71424131,0.05671928,-0.64311831,1.14900000,-2.25150000,-1.51006099,0.44261592,-0.73107953,-0.00474996,0.49501474
-0.07641272,-0.16781180,0.71460341,0.37076221,0.06851268,-0.92418762,-0.06098061,-1.14022563,0.22215851,0.77425100,0.36018851,-0.43789510,0.26180000,-1.20339817,-0.32920754,-0.66166292,1.24770014,0.36675969,0.06682355,0.06549082,0.26512657,0.49694268,1.14900000,2.25150000,1.98699370,0.27177396,0.55658541,0.05199626,-0.66339813,1.14900000,-2.25150000,-1.55568155,0.20171779,-0.53661482,-0.01936830,0.46488628
-0.07300603,-0.16165590,0.72289790,0.37235072,0.07497867,-0.92138524,-0.08235518,-1.13739136,0.26698503,0.79244744,0.33540761,-0.39789108,0.25229862,-1.14141060,-0.25601611,-0.69209665,1.16638418,0.13656563,-0.04420806,0.08544472,0.26594772,0.48937284,1.13758214,2.25150000,2.00000000,0.21584432,0.20386218,0.10650579,-0.68789413,1.14900000,-2.25150000,-1.62175488,0.03334168,-0.16600637,0.02770725,0.51271404
-0.07354448,-0.15268346,0.73249027,0.36662837,0.07886537,-0.92268879,-0.08949457,-1.10643474,0.29236811,0.80331036,0.30975307,-0.36659823,0.21328281,-1.06084126,-0.16739715,-0.69260043,1.04955571,-0.01431322,-0.11677966,0.10028443,0.24309724,0.48009997,1.05895980,2.25150000,2.00000000,0.17880349,-0.19004777,0.17942750,-0.72711166,1.14900000,-2.25150000,-1.71514587,-0.08166633,0.22134790,0.11373677,0.62363903
-0.07111500,-0.14515779,0.74117783,0.35173786,0.07909131,-0.92898111,-0.08378028,-1.06271543,0.28692322,0.79736257,0.28024226,-0.33231923,0.19325651,-0.98599399,-0.06932261,-0.63925904,0.90493327,-0.10216793,-0.10858806,0.11164636,0.24147701,0.47266387,0.96211861,2.25150000,2.00000000,0.11923337,-0.49908196,0.20776683,-0.69968374,1.14900000,-2.25150000,-1.82848650,-0.15481893,0.45897727,0.17315121,0.63246823
-0.07300768,-0.14025228,0.74796873,0.32822763,0.07671367,-0.93855880,-0.07408790,-0.99116575,0.26461174,0.79247278,0.24864626,-0.32050524,0.17762948,-0.87977854,0.01574385,-0.56249374,0.74928115,-0.14933996,-0.06550724,0.12068355,0.25485280,0.46556704,0.87258159,2.25150000,2.00000000,0.05059727,-0.73602287,0.17816892,-0.63816975,1.14900000,-2.25150000,-1.91230162,-0.19133526,0.70170594,0.20040310,0.61771247
-0.07265575,-0.13691615,0.75343137,0.30229079,0.07146651,-0.94823072,-0.06611599,-0.91645032,0.23708869,0.78824982,0.21050417,-0.29571246,0.15896437,-0.76554349,0.06906246,-0.49132857,0.60570533,-0.16600653,-0.03803647,0.13367872,0.25145581,0.45949231,0.81916411,2.25150000,2.00000000,-0.01453326,-0.97119351,0.15032159,-0.58760601,1.14900000,-2.25150000,-1.98969204,-0.21158751,0.93635447,0.23098751,0.61973105
-0.07294003,-0.13404788,0.75885445,0.26973872,0.06295555,-0.95912783,-0.05789149,-0.82765707,0.20660149,0.78834460,0.18499528,-0.28005900,0.13085093,-0.63589880,0.09333006,-0.42958736,0.48384425,-0.18367488,-0.02252336,0.13305409,0.25877685,0.45290351,0.77828136,2.25150000,2.00000000,-0.06254257,-1.12888327,0.12250373,-0.56665775,1.14900000,-2.25150000,-2.00000000,-0.21402719,1.12652796,0.25078172,0.64696991
-0.07221469,-0.13041787,0.76296461,0.23443754,0.05534931,-0.96942272,-0.04685164,-0.74002293,0.17797948,0.78056711,0.16846031,-0.26321965,0.10743047,-0.50133348,0.10744833,-0.37727164,0.37657509,-0.22417013,-0.02151879,0.12140276,0.24721363,0.44756346,0.75364396,2.25150000,2.00000000,-0.09778864,-1.28900892,0.08765289,-0.54328864,1.10132901,-2.25150000,-2.00000000,-0.18537221,1.26568352,0.24402887,0.64589014
-0.07093883,-0.12454536,0.76429585,0.19364218,0.04696171,-0.97935176,-0.03416772,-0.64946986,0.15644343,0.77475969,0.16665681,-0.24821060,0.08875349,-0.35882047,0.11187850,-0.34978880,0.28264872,-0.25876468,-0.02609407,0.09181866,0.16762324,0.44682915,0.76491670,2.25150000,2.00000000,-0.16045880,-1.33774145,0.03969859,-0.50752922,0.91480907,-2.25150000,-2.00000000,-0.06117803,1.17467038,0.21602899,0.55176354
-0.06861580,-0.11836688,0.76319006,0.15991900,0.03401937,-0.98619114,-0.02637495,-0.57625903,0.13702058,0.77494592,0.17273207,-0.23359462,0.06430904,-0.24459906,0.10614791,-0.33479772,0.20242819,-0.28040033,-0.03701784,0.06619383,0.06282389,0.44752839,0.79358169,2.25150000,2.00000000,-0.23645630,-1.30254844,-0.00237599,-0.47661398,0.70982171,-2.25150000,-1.99985917,0.09989167,0.89853027,0.21170691,0.47730717
-0.06664467,-0.11258920,0.76214637,0.12907072,0.02221815,-0.99118078,-0.02019306,-0.51967469,0.13306571,0.79340806,0.20751684,-0.20340750,0.04521924,-0.15340107,0.09355628,-0.35057525,0.14863198,-0.28556651,-0.04686101,0.06424824,0.02722074,0.41522904,0.77019932,2.25150000,1.99924254,-0.24467668,-1.24004484,-0.00378640,-0.49657306,0.65504169,-2.25150000,-1.99612503,0.18101521,0.76762419,0.22572097,0.51820147
-0.06289851,-0.10741119,0.76382150,0.10972776,0.01046116,-0.99384417,-0.01114182,-0.50281943,0.14206083,0.81315380,0.26850213,-0.14093040,0.02840396,-0.08444710,0.07963228,-0.36718381,0.09721780,-0.28609961,-0.04955082,0.07478228,0.01098601,0.39940286,0.69952117,2.25150000,1.99986536,-0.12914240,-1.15887949,0.02943257,-0.34985724,0.64443837,-2.25150000,-1.99508339,0.28716205,0.80102179,0.27328400,0.52637940
-0.05798611,-0.10262042,0.76735134,0.09807214,0.00379814,-0.99515740,0.00540239,-0.51070404,0.18079216,0.85859260,0.36749026,-0.06065440,-0.01873096,-0.03971026,0.07496581,-0.38875671,0.05050127,-0.27694639,-0.04405969,0.02506102,-0.01116395,0.35969429,0.67934526,2.25150000,1.99733962,-0.14190947,-1.18145226,-0.00417818,-0.36937622,0.62638006,-2.25150000,-1.99072741,0.32210091,0.78440648,0.27688718,0.57273307
-0.05660378,-0.09681932,0.76983306,0.09395269,-0.00383658,-0.99541667,0.01743054,-0.51188825,0.23457112,0.94059052,0.47067300,0.02042061,-0.04733899,-0.01052918,0.07024018,-0.41171385,0.00550125,-0.25938211,-0.04794427,0.00336633,-0.02858089,0.28005759,0.68794914,2.25150000,1.99263378,-0.13301748,-1.11333087,-0.04645724,-0.36549386,0.62575371,-2.25150000,-1.92573784,0.32768980,0.64875736,0.25215954,0.55232433
-0.05511377,-0.09100854,0.77228238,0.10545369,-0.00818945,-0.99392621,0.03038321,-0.52131704,0.31558450,1.03906827,0.60976460,0.08654654,-0.04602906,-0.02025934,0.07177138,-0.43204348,-0.03386783,-0.22932897,-0.05543285,-0.01339170,-0.03509712,0.15514089,0.65122074,2.25150000,1.90433247,-0.11301988,-0.77740748,-0.07669356,-0.25273655,0.58123922,-2.25150000,-1.74292274,0.25711330,0.22960911,0.16260035,0.41408617
-0.05490403,-0.08560777,0.77340292,0.12306334,-0.01075313,-0.99148565,0.04118235,-0.55194841,0.39907389,1.06481751,0.78097081,0.16328395,-0.02994088,-0.05560657,0.07324801,-0.43728767,-0.04649030,-0.21887125,-0.07733262,-0.01227044,-0.03588128,0.02729726,0.54345666,2.25150000,1.76641557,-0.11985261,-0.23453751,-0.02602834,-0.11740884,0.48464453,-2.25150000,-1.51394147,0.17381837,-0.24903409,0.13648725,0.24856668
-0.06077099,-0.07605413,0.77382826,0.14204855,-0.01193267,-0.98855010,0.04948244,-0.57736002,0.51785398,1.03641151,0.98553121,0.27463090,-0.01671283,-0.09591371,0.07949042,-0.43461534,-0.03908799,-0.23346004,-0.10702135,0.00518509,-0.03789987,-0.08485332,0.41507932,2.25150000,1.61149414,-0.12077241,0.24965413,0.06756502,0.00299685,0.40172636,-2.25150000,-1.33539715,0.10697595,-0.53215843,0.16699492,0.12780674
-0.07465969,-0.05995148,0.77358359,0.15341608,-0.01843362,-0.98732325,0.03628369,-0.60369938,0.63852454,0.89200828,1.17399446,0.48202018,-0.13949546,-0.10780244,0.09053987,-0.39344187,-0.03892838,-0.24551004,-0.13982977,0.04055969,-0.04705148,-0.17474128,0.33151742,2.25150000,1.45218142,-0.10964140,0.48694442,0.16099921,0.20915857,0.37016981,-2.25150000,-1.23101019,0.05492968,-0.68049997,0.20505951,-0.08695505
-0.08580513,-0.06023803,0.76633653,0.15299064,-0.01647251,-0.98799521,0.01371044,-0.62137075,0.70587682,0.76669779,1.39393514,0.52360000,-0.21888400,-0.08101242,0.10783505,-0.35041436,-0.06371380,-0.24791913,-0.15099089,0.09011352,-0.03381432,-0.25106274,0.27665501,2.25150000,1.28813045,-0.07500758,0.66141682,0.23590479,0.36797540,0.39244754,-2.25150000,-1.18235331,0.03659687,-0.70216795,0.22453122,-0.29832111
-0.08459684,-0.05775148,0.76253009,0.16028472,-0.01725175,-0.98691867,0.00164855,-0.65297739,0.73567548,0.69706076,1.49769324,0.52360000,-0.23929290,-0.08352013,0.11861718,-0.32446293,-0.08395357,-0.25878098,-0.14256208,0.11260946,-0.04872336,-0.33333190,0.23947580,2.24794063,1.12488507,-0.03478427,0.77105734,0.29347713,0.57567728,0.43546626,-2.17662365,-1.15801324,0.01557131,-0.66303861,0.20305241,-0.58904872
-0.08510713,-0.05180422,0.76143145,0.17228782,-0.01980369,-0.98484355,-0.00281023,-0.68701770,0.75699583,0.63060923,1.54992318,0.52360000,-0.24292713,-0.11166830,0.12294803,-0.31310254,-0.08503376,-0.25985783,-0.14208387,0.11549686,-0.09075834,-0.43079296,0.17135533,2.15313097,0.90251950,-0.07404584,0.86360733,0.28380652,0.76195558,0.45320318,-1.92125800,-1.08905679,-0.08614999,-0.67668216,0.13531110,-0.87885581
-0.08555374,-0.04914591,0.75833729,0.19140226,-0.01773358,-0.98134179,-0.00435785,-0.72083357,0.78419729,0.59019998,1.58859285,0.52360000,-0.25256062,-0.15542626,0.13437285,-0.31003953,-0.08542141,-0.25110589,-0.15625264,0.10279753,-0.14551200,-0.51998989,0.02433059,2.09142982,0.59010121,-0.02897090,0.95157940,0.28228300,0.88701591,0.61363851,-1.62597950,-1.13442558,-0.12727935,-0.71508085,0.08968391,-1.10223127
-0.08312171,-0.04903649,0.75579594,0.20243202,-0.01963343,-0.97908626,-0.00508890,-0.72847310,0.79567019,0.57902141,1.60318228,0.52360000,-0.25606923,-0.18172431,0.13409502,-0.31232548,-0.08566087,-0.25055602,-0.17080185,0.16355177,-0.20575420,-0.52000000,-0.06844399,1.95462190,0.36562978,0.08110569,1.00445232,0.28805884,0.89437568,0.92869868,-1.25078183,-1.34842278,-0.13567920,-0.74058106,0.08483530,-1.14496364
-0.07882716,-0.05466797,0.75313132,0.20690512,-0.01861692,-0.97815475,-0.00754708,-0.72657738,0.79217292,0.59993927,1.60433291,0.52360000,-0.25322677,-0.19371041,0.13377449,-0.30787400,-0.08536742,-0.26339535,-0.17164637,0.22006580,-0.21570975,-0.51961624,0.02917012,1.72986553,0.29004943,0.27012587,1.05493320,0.26274500,0.81000575,0.99766032,-0.96156138,-1.29939240,-0.01418615,-0.71923340,0.06799975,-1.08374323
-0.07672126,-0.05806980,0.75177880,0.21957577,-0.01770873,-0.97543445,-0.00071970,-0.72884718,0.80705170,0.63781870,1.60279518,0.52360000,-0.26180000,-0.22415345,0.13106580,-0.31223166,-0.08599354,-0.25510133,-0.17764946,0.17745249,-0.14267874,-0.49714660,0.46932405,1.36199072,0.61330245,0.43815902,1.02895010,0.21000541,0.87283229,0.89139057,-0.82061256,-1.17244826,0.22786490,-0.58648737,-0.07056762,-1.06695361
-0.07641726,-0.05760317,0.75014308,0.21993249,-0.01272573,-0.97541234,0.00620659,-0.72308336,0.83483384,0.64781377,1.59948228,0.52360000,-0.26180000,-0.22749765,0.14141559,-0.32427613,-0.08588976,-0.25511382,-0.18876986,0.05840811,-0.09037088,-0.48222215,0.70361610,1.09593780,0.75504695,0.58873101,0.94968161,0.16081803,0.83456404,0.72231719,-0.76164201,-0.89929979,0.52515624,-0.44761551,-0.13484762,-1.01392082
-0.07590785,-0.05647764,0.74931806,0.21735467,-0.00741677,-0.97596924,0.01363746,-0.72776037,0.85352539,0.63776023,1.59713370,0.52360000,-0.26180000,-0.22406420,0.15357685,-0.33069794,-0.08568343,-0.25228731,-0.19957081,0.00123856,-0.07160282,-0.47105626,0.68668073,0.94781997,0.69433776,0.78936276,0.83201915,0.09983879,0.76719178,0.63262804,-0.69165944,-0.71846720,0.83929859,-0.42285159,-0.09187394,-0.98175041
-0.07499629,-0.05601403,0.74904732,0.21548670,-0.00209683,-0.97624953,0.02231480,-0.72228068,0.87276530,0.63742783,1.60325243,0.52360000,-0.26180000,-0.22297790,0.16252571,-0.34189702,-0.08587640,-0.24968022,-0.20600381,-0.02658731,-0.05500666,-0.46239052,0.63527123,0.87127341,0.59046037,1.00195802,0.76322598,0.06807198,0.72944549,0.54501855,-0.64749567,-0.60921029,1.16992028,-0.38112091,-0.05382495,-0.95815140
-0.07111617,-0.05649364,0.74920984,0.21322462,-0.00026829,-0.97674367,0.02251669,-0.73011303,0.86285290,0.63685855,1.59812117,0.52360000,-0.26180000,-0.22104941,0.16658120,-0.34887816,-0.08613044,-0.25065180,-0.20737188,-0.03562818,-0.04655006,-0.45987360,0.56992851,0.82226172,0.50904436,1.20432770,0.70460443,0.05417839,0.57022367,0.47656935,-0.61533369,-0.54645249,1.43448068,-0.36585491,-0.02157100,-0.80015196
-0.06955108,-0.05620088,0.74922138,0.21651077,0.00146137,-0.97598586,0.02392809,-0.73670390,0.86070855,0.63777757,1.59712010,0.52360000,-0.26180000,-0.22850564,0.16950150,-0.35259459,-0.08661644,-0.24357329,-0.21036051,-0.03691479,-0.03962844,-0.47587854,0.50947120,0.80841624,0.47128264,1.36798389,0.64806761,0.06533718,0.17551913,0.43009008,-0.61525547,-0.53891408,1.65313028,-0.31181063,0.04578397,-0.41408989
-0.06972173,-0.05725537,0.74940514,0.21951479,0.00275567,-0.97535396,0.02214324,-0.74044107,0.85771787,0.64473074,1.60303439,0.52360000,-0.26180000,-0.23515330,0.17102697,-0.35225880,-0.08713000,-0.24112711,-0.21269498,-0.03271505,-0.03221694,-0.49781557,0.49334260,0.81742747,0.45051311,1.45936687,0.66883277,0.12032490,-0.33955996,0.44997199,-0.63239236,-0.56065190,1.70000000,-0.31197778,0.22518443,0.14869201
-0.06967827,-0.05683448,0.74959057,0.21935603,0.00180709,-0.97547171,0.01829244,-0.72721270,0.86628137,0.65863172,1.59805057,0.52360000,-0.26180000,-0.23432588,0.16985784,-0.35093259,-0.08687867,-0.24300004,-0.21516922,-0.02732174,-0.02908758,-0.50470879,0.50849033,0.82036873,0.45340372,1.49919753,0.71356816,0.10891294,-0.63966377,0.47528168,-0.64260314,-0.53803516,1.70000000,-0.46414076,0.32106363,0.50684070
-0.06866682,-0.05845087,0.74876013,0.21564339,0.00314180,-0.97635499,0.01479852,-0.71765944,0.87702548,0.66450342,1.60289995,0.52360000,-0.26179967,-0.22762503,0.17173594,-0.35225013,-0.08604178,-0.24759925,-0.22090171,-0.02047546,-0.02425147,-0.49450429,0.52939128,0.82789945,0.46717947,1.52882101,0.74911139,0.11860871,-0.75703061,0.49652864,-0.65995951,-0.54513818,1.70000000,-0.55980407,0.35192053,0.64863853
-0.06893082,-0.05994543,0.74854291,0.21306473,0.00452423,-0.97692291,0.01430304,-0.71013473,0.88658975,0.66385403,1.60525510,0.52360000,-0.26179986,-0.22261246,0.17264414,-0.34871593,-0.08624596,-0.24513056,-0.22294541,-0.01525484,-0.02102844,-0.48513415,0.54274918,0.85579553,0.49705107,1.53076287,0.76827235,0.11957273,-0.80463404,0.51965630,-0.70259500,-0.58753995,1.70000000,-0.60017859,0.35668852,0.71236791
-0.06655742,-0.06228749,0.74863579,0.21199202,0.00588548,-0.97714019,0.01489251,-0.70148962,0.89225571,0.67395577,1.60642829,0.52360000,-0.26180000,-0.22355050,0.17155825,-0.35237770,-0.08631141,-0.24132846,-0.22197065,-0.00642748,-0.01744279,-0.47342865,0.54278258,0.89166301,0.51871604,1.51658655,0.78102525,0.10881521,-0.79801772,0.52536065,-0.74736467,-0.60405762,1.70000000,-0.62119454,0.34571370,0.72483291
-0.06419260,-0.06393474,0.74862540,0.21096510,0.00677349,-0.97735904,0.01473613,-0.70272347,0.89117766,0.67520584,1.60586805,0.52360000,-0.26179996,-0.22504601,0.17063192,-0.35374058,-0.08627687,-0.23709609,-0.21559512,0.00051995,-0.01408819,-0.45723591,0.53601204,0.92713567,0.52894799,1.50595599,0.80365342,0.10402327,-0.79849853,0.51887072,-0.79125098,-0.61003869,1.70000000,-0.63170662,0.33758407,0.73783082
-0.06176867,-0.06523079,0.74833049,0.21171141,0.00604596,-0.97717851,0.01624434,-0.70450255,0.88719204,0.68039298,1.60218136,0.52360000,-0.26180000,-0.22997585,0.16521916,-0.35955972,-0.08605898,-0.23458188,-0.21045420,0.00528227,-0.01545444,-0.43803444,0.51350305,0.96180646,0.51308801,1.47436014,0.82003363,0.09893460,-0.78672942,0.49746943,-0.83283466,-0.59381482,1.70000000,-0.64358029,0.33158414,0.72688327
-0.06020915,-0.06753838,0.74764675,0.21121431,0.00539608,-0.97724369,0.01881915,-0.69480414,0.88309672,0.68965067,1.60197987,0.52360000,-0.26180000,-0.23261937,0.15835431,-0.36137753,-0.08565009,-0.23140930,-0.21005489,0.00818104,-0.01831082,-0.40840044,0.47484074,0.98531053,0.44627557,1.43243947,0.84922098,0.08372724,-0.77961249,0.44653268,-0.86806627,-0.55143493,1.69999891,-0.64129033,0.30177769,0.70709631
-0.05749850,-0.07063281,0.74770202,0.20774783,0.00419383,-0.97793624,0.02153967,-0.68827997,0.86996525,0.69524290,1.59732859,0.52360000,-0.26180000,-0.22798983,0.14893863,-0.36740980,-0.08523635,-0.23138785,-0.21057091,0.01069082,-0.02088280,-0.37039442,0.42079604,1.00001151,0.34334639,1.36302840,0.90809679,0.06503774,-0.74280951,0.38458733,-0.89447040,-0.49208093,1.68628760,-0.63005243,0.27708900,0.64840980
-0.05549347,-0.07317602,0.74843007,0.20271649,0.00374308,-0.97885325,0.02717236,-0.67992924,0.85821423,0.69478579,1.59145143,0.52360000,-0.26180000,-0.22014681,0.14264919,-0.37140684,-0.08520422,-0.23217878,-0.21522832,0.00715274,-0.01895864,-0.33359386,0.35255593,1.00114631,0.23491405,1.28456141,0.94097782,0.05626349,-0.65494723,0.31668001,-0.90762272,-0.44571134,1.65317169,-0.59966285,0.25559138,0.54572781
-0.05344713,-0.07495553,0.74999778,0.19837843,0.00183010,-0.97942688,0.03695463,-0.66795891,0.84647407,0.69764830,1.57733326,0.52360000,-0.26180000,-0.21558564,0.13170952,-0.38333786,-0.08545828,-0.23132581,-0.21166248,0.00836290,-0.01708986,-0.29311689,0.23412194,0.97000115,0.10468344,1.23541142,0.94297597,0.08235521,-0.45986081,0.23445038,-0.89502690,-0.38383920,1.62527735,-0.54149750,0.23139649,0.32258639
-0.05158159,-0.07666191,0.75062881,0.19541465,0.00257757,-0.97973216,0.04394731,-0.66410779,0.84599707,0.70012325,1.57347408,0.52360000,-0.26180000,-0.21184487,0.12739254,-0.39584995,-0.08517821,-0.23419251,-0.21462572,0.01645100,-0.01480022,-0.26319689,0.11444050,0.92129125,0.00291475,1.19912658,0.90731431,0.12765122,-0.23310577,0.16185363,-0.86556490,-0.33256075,1.59713328,-0.48457068,0.21142805,0.05198835
-0.05165104,-0.07790296,0.75148467,0.19031646,0.00383015,-0.98032375,0.05225237,-0.65896615,0.84452661,0.69269313,1.57110025,0.52360000,-0.26180000,-0.20064605,0.12486842,-0.41105559,-0.08506195,-0.23408507,-0.21401281,0.02713202,-0.01101455,-0.23247324,-0.00528304,0.84807585,-0.07664387,1.17102402,0.81860703,0.13899371,-0.02075711,0.09357990,-0.81994798,-0.30570444,1.56762806,-0.39300713,0.18026491,-0.20874795
-0.05241661,-0.07881351,0.75262680,0.18234501,0.00472084,-0.98138879,0.06003384,-0.64402376,0.84507445,0.68653440,1.56764742,0.52360000,-0.26179999,-0.18264615,0.12398364,-0.41995561,-0.08481913,-0.23651652,-0.21215828,0.03895035,-0.00722650,-0.20177566,-0.10160523,0.75769013,-0.12531015,1.12358458,0.70297930,0.09645977,0.08822323,0.03320269,-0.76346211,-0.27885849,1.52694634,-0.30704044,0.12172759,-0.34191720
-0.05467934,-0.08001006,0.75356646,0.17372649,0.00579365,-0.98237492,0.06873898,-0.63006108,0.84589661,0.67326062,1.56557765,0.52360000,-0.26179959,-0.15969412,0.12393471,-0.43462320,-0.08456797,-0.24425124,-0.21376357,0.04881355,-0.00164436,-0.17911572,-0.16822999,0.65391742,-0.15693801,1.06919167,0.61031173,0.04538280,0.06262433,-0.02174654,-0.69306430,-0.25387014,1.47742727,-0.23008575,0.07619924,-0.32060243
-0.05454483,-0.08045201,0.75461850,0.16783033,0.00468123,-0.98294671,0.07501221,-0.62439054,0.83952452,0.66480416,1.56005607,0.52360000,-0.26179928,-0.14728198,0.11978753,-0.44301805,-0.08436103,-0.24705887,-0.22420164,0.06019473,0.00473693,-0.14718669,-0.23176949,0.53746223,-0.17783339,1.01815310,0.51696733,0.02761054,-0.01540538,-0.08333970,-0.61831099,-0.24028829,1.42381208,-0.17491580,0.07681241,-0.24097273
-0.05635457,-0.08025184,0.75522320,0.16317745,0.00240527,-0.98317551,0.08205644,-0.62014597,0.83263537,0.65009799,1.55824779,0.52360000,-0.26179878,-0.13361646,0.11395126,-0.45793098,-0.08421008,-0.24755489,-0.23875871,0.07069621,0.00977140,-0.11746282,-0.29728081,0.41848217,-0.22729585,0.99955030,0.44963855,0.02855872,-0.09327474,-0.15141950,-0.54164768,-0.19489348,1.37848769,-0.09375435,0.08423166,-0.14241650
-0.05444054,-0.07856676,0.75641779,0.15802923,-0.00118299,-0.98333006,0.08992978,-0.62756809,0.81822930,0.63569168,1.54604745,0.52360000,-0.25496929,-0.12349689,0.10560067,-0.46940572,-0.08400648,-0.24864595,-0.25150071,0.08986652,0.00991992,-0.08864491,-0.36398582,0.30173877,-0.32326941,1.00782895,0.43653057,0.01669620,-0.16912117,-0.20671071,-0.46406446,-0.10858843,1.33066862,0.00424950,0.07099625,-0.03376017
-0.05280350,-0.07759128,0.75761775,0.15546634,-0.00562624,-0.98284939,0.09902343,-0.64157948,0.79441335,0.63339536,1.52319390,0.49767259,-0.24127761,-0.11896946,0.09272971,-0.47856055,-0.08400473,-0.24355834,-0.24371335,0.10691021,0.00626113,-0.06671220,-0.42227625,0.19655712,-0.44756818,1.02926837,0.44574593,0.01637464,-0.21249602,-0.24975654,-0.39885775,-0.00661266,1.29651960,0.08054410,0.07564861,0.00219717
-0.05321688,-0.07917428,0.75862077,0.15524665,-0.00684857,-0.98102533,0.11593482,-0.65554591,0.77708891,0.65055419,1.49028886,0.42997353,-0.19981597,-0.11597281,0.08140916,-0.51495487,-0.08439706,-0.24133927,-0.22638051,0.12587906,0.00257269,-0.05804662,-0.47274049,0.09284163,-0.57702097,1.06542444,0.50090325,0.00766888,-0.24410374,-0.27513031,-0.34286915,0.08842175,1.27194756,0.07842832,0.06428448,0.00084253
-0.05228903,-0.08399640,0.75913677,0.15859266,-0.00263617,-0.97739900,0.13975912,-0.65191874,0.77903205,0.72673318,1.45036482,0.29260218,-0.10842022,-0.12042824,0.07493182,-0.55939861,-0.08471373,-0.24296104,-0.20300044,0.13764514,0.00197858,-0.06326489,-0.50508836,0.01124392,-0.71108547,1.08809975,0.60088538,-0.01542053,-0.30668972,-0.29964849,-0.29154028,0.17831469,1.27391476,0.07650522,0.06376559,0.01866947
-0.04766667,-0.09118226,0.76008864,0.16491364,0.00432384,-0.97233395,0.16538282,-0.63607010,0.77140521,0.84527504,1.38880582,0.09179642,0.00829421,-0.13501692,0.06712132,-0.61508892,-0.08495734,-0.24804945,-0.17299050,0.14871576,-0.00416785,-0.08357508,-0.51689107,-0.03984377,-0.82373689,1.07015466,0.66297306,-0.08440653,-0.36362780,-0.32054827,-0.24490376,0.26040639,1.28635058,0.08787624,0.04886780,0.02036284
-0.03907426,-0.10232409,0.76110964,0.16826717,0.00841271,-0.96902896,0.18054989,-0.63020154,0.70818452,0.95646521,1.28638912,-0.11776963,0.11192697,-0.14378715,0.05245792,-0.65387849,-0.08485606,-0.24395979,-0.13558411,0.14927190,-0.01179080,-0.10556827,-0.51314288,-0.04788410,-0.89131595,1.01929604,0.68585582,-0.16904369,-0.46736749,-0.33798123,-0.19564858,0.30509891,1.30151576,0.11686583,0.04034016,0.06760975
-0.03521621,-0.11121625,0.76155020,0.17375398,0.00899700,-0.96562904,0.19310404,-0.61536085,0.63052621,1.04648247,1.14437148,-0.25702010,0.18260796,-0.15325656,0.03366320,-0.68491138,-0.08496097,-0.24148477,-0.12075422,0.15415390,-0.02373712,-0.12298934,-0.50127397,-0.02721559,-0.91859345,0.94310252,0.63816731,-0.21250346,-0.56357115,-0.35405600,-0.16025796,0.34026954,1.31607920,0.16288984,0.04892010,0.13378173
-0.03492081,-0.11682180,0.76049302,0.17885623,0.00974411,-0.96301380,0.20129562,-0.58853071,0.56311310,1.13795591,0.97872162,-0.34081057,0.21425512,-0.16043946,0.02351330,-0.70509486,-0.08511680,-0.24147147,-0.09505357,0.16083487,-0.03820302,-0.13644580,-0.48541889,0.01099331,-0.90440499,0.87225360,0.57659573,-0.21812825,-0.61715656,-0.37142537,-0.13697254,0.37350774,1.31934891,0.16320170,0.05408342,0.17042970
-0.03667796,-0.12035517,0.75858852,0.18198184,0.01059676,-0.96189675,0.20377674,-0.55982901,0.50060081,1.21903195,0.80362166,-0.38531726,0.23170836,-0.16100682,0.01872829,-0.71226360,-0.08527815,-0.24151766,-0.07738663,0.17524633,-0.05494432,-0.14839726,-0.46159147,0.05489317,-0.87356012,0.82349192,0.51780928,-0.19693025,-0.61257960,-0.38122737,-0.12062049,0.41484315,1.31278489,0.15376366,0.05419520,0.18033432
-0.03909748,-0.12570079,0.75561679,0.18374448,0.01619283,-0.96007090,0.21033217,-0.54083821,0.43666344,1.27559999,0.63050172,-0.40067711,0.24184733,-0.15760635,0.02280900,-0.72902445,-0.08515116,-0.24303245,-0.06445037,0.18077004,-0.05603486,-0.15546832,-0.43273063,0.09474677,-0.82970091,0.80143330,0.48251827,-0.17239268,-0.54645996,-0.38290297,-0.12001665,0.46252083,1.28756308,0.10082598,0.03261903,0.14309312
-0.04608432,-0.12899590,0.75226393,0.18136304,0.02386763,-0.95990078,0.21243417,-0.50859694,0.39513995,1.34208814,0.48729899,-0.38031287,0.22933459,-0.14223672,0.04123747,-0.73967736,-0.08548081,-0.25408057,-0.05295209,0.19198254,-0.05588553,-0.16097629,-0.39919445,0.13313024,-0.76918344,0.80288124,0.48619995,-0.14449545,-0.43793705,-0.37602264,-0.12440611,0.50151976,1.26151983,-0.00073353,0.01443750,0.07369974
-0.05294363,-0.13571850,0.74903039,0.18132112,0.03152100,-0.95781345,0.22073168,-0.49166201,0.34808434,1.37689982,0.39147600,-0.36411108,0.23817337,-0.12997876,0.05094240,-0.75567711,-0.08554742,-0.25474935,-0.04682730,0.19047888,-0.05248515,-0.17655715,-0.36025238,0.16085840,-0.70540529,0.82670489,0.50308081,-0.11731875,-0.34852488,-0.35565440,-0.13008430,0.52123631,1.24521132,-0.07705677,0.00284729,0.01974788
-0.06154860,-0.14141537,0.74631540,0.18284935,0.03526479,-0.95649660,0.22458133,-0.48381729,0.31576029,1.36102273,0.34373251,-0.39561072,0.23807993,-0.11891570,0.05542815,-0.76454819,-0.08548618,-0.26190827,-0.04393926,0.19395861,-0.05979272,-0.19260322,-0.31765928,0.17724970,-0.62687167,0.88481717,0.50814233,-0.08376727,-0.32132812,-0.32751305,-0.12634551,0.53300712,1.25107318,-0.09504224,0.00169571,0.04913439
-0.06913523,-0.14870652,0.74291288,0.18562985,0.04518674,-0.95405658,0.23081543,-0.49127057,0.30549155,1.33709977,0.31716413,-0.43559734,0.24365933,-0.11530686,0.07046928,-0.77669194,-0.08563193,-0.26883688,-0.04477918,0.19157201,-0.06114282,-0.21755354,-0.28382966,0.19131041,-0.52670477,0.96252699,0.49846629,-0.03321844,-0.28392357,-0.30571535,-0.12714179,0.54216286,1.27458196,-0.08595091,0.00735469,0.05562120
-0.07821528,-0.15648832,0.74060798,0.19069911,0.05037724,-0.95216401,0.23340884,-0.49083687,0.28536815,1.32369639,0.28610622,-0.47873871,0.24316653,-0.11191144,0.07561065,-0.78666346,-0.08524271,-0.27686017,-0.04506340,0.21375603,-0.08070841,-0.24178069,-0.26507668,0.20956548,-0.44496163,1.04348583,0.45585665,0.00619571,-0.25920175,-0.27638507,-0.12688690,0.53668490,1.31469374,-0.08142035,0.01822474,0.03893453
-0.08801253,-0.16527712,0.73976623,0.19363763,0.05591517,-0.95001084,0.23844784,-0.48595140,0.27097267,1.30269258,0.26383067,-0.50500923,0.24587401,-0.10195907,0.08040462,-0.79933782,-0.08510009,-0.27129213,-0.04929484,0.22074074,-0.09535703,-0.26435110,-0.24764047,0.23275621,-0.35682296,1.13442649,0.42556528,0.05799415,-0.22772055,-0.25041219,-0.11810201,0.53444418,1.37378271,-0.08368561,0.03575065,0.03991285
-0.09730950,-0.17388795,0.74092537,0.19555910,0.06156324,-0.94622067,0.25026596,-0.49142471,0.27179026,1.26769090,0.27517260,-0.50843444,0.24874102,-0.09155214,0.08577087,-0.80714513,-0.08555223,-0.26139503,-0.05603480,0.21393177,-0.11161734,-0.28171979,-0.23997809,0.26636775,-0.27120109,1.23329431,0.37365582,0.08996221,-0.19813185,-0.22699652,-0.10386676,0.53028018,1.44316766,-0.10877097,0.05357025,0.04362201
-0.10807102,-0.18284751,0.74366665,0.19674198,0.05942921,-0.94397991,0.25819120,-0.47801510,0.25232200,1.25390663,0.26718090,-0.50622791,0.24168754,-0.07251611,0.07442281,-0.81166488,-0.08508853,-0.24834076,-0.05114370,0.22201162,-0.14218175,-0.28698552,-0.23854304,0.30222029,-0.19610195,1.31999743,0.32497487,0.13328272,-0.17068990,-0.20696428,-0.09569565,0.52818148,1.50881695,-0.13423545,0.07859543,0.03081290
-0.11796889,-0.19159035,0.74723512,0.19467179,0.06236903,-0.94075448,0.27054389,-0.46284032,0.23308508,1.22741317,0.24415582,-0.50636708,0.24211087,-0.05312991,0.07469161,-0.82634773,-0.08259403,-0.22533478,-0.05606980,0.22240520,-0.15835998,-0.29183548,-0.24000402,0.34362109,-0.15301115,1.39600222,0.30941860,0.14698832,-0.17961607,-0.18713991,-0.08252843,0.53028274,1.56722170,-0.13478775,0.09634807,0.06362424
-0.12669504,-0.20104889,0.75112769,0.19098914,0.06914913,-0.93686456,0.28465126,-0.44805192,0.21533792,1.19393724,0.21211576,-0.50309272,0.23705173,-0.03564015,0.08040082,-0.84983012,-0.07323262,-0.19436880,-0.04866052,0.22233384,-0.16266152,-0.29778538,-0.24279601,0.38043863,-0.12081769,1.45616114,0.33591237,0.17942167,-0.19675512,-0.17190410,-0.08079805,0.52671705,1.60503059,-0.16024061,0.11807516,0.10799630
-0.13615099,-0.21103053,0.75563978,0.18653149,0.07658706,-0.93228082,0.30032132,-0.42828077,0.19815901,1.16394970,0.17583450,-0.49854181,0.22646458,-0.01736090,0.08286364,-0.86503686,-0.05344547,-0.15017884,-0.03493899,0.22204736,-0.16021368,-0.30011865,-0.23900962,0.40405735,-0.11425823,1.47728147,0.36954117,0.19077933,-0.21567082,-0.15764487,-0.09085841,0.52227207,1.61481047,-0.18259691,0.12550773,0.13311246
-0.14402976,-0.22109684,0.76160751,0.18067075,0.08474591,-0.92750432,0.31608851,-0.40450819,0.18744892,1.13785428,0.14443164,-0.49072633,0.20080269,-0.00802434,0.07519649,-0.86144372,-0.00685065,-0.11038086,-0.02095808,0.21937158,-0.15095281,-0.30397625,-0.22425113,0.41385570,-0.12077251,1.47120375,0.39292453,0.17574437,-0.24116593,-0.14594889,-0.10617278,0.51872545,1.61043018,-0.18989246,0.12048381,0.15775515
-0.15035454,-0.23179090,0.76760141,0.17510079,0.09858547,-0.92120251,0.33317646,-0.39357126,0.18475552,1.08761077,0.11358450,-0.48275213,0.20214231,-0.02032200,0.05987428,-0.84164280,0.07673981,-0.05862829,-0.00882194,0.21367923,-0.12858094,-0.31006906,-0.19926694,0.42086550,-0.13903311,1.44098585,0.37762243,0.14860930,-0.24832589,-0.13954626,-0.13402440,0.49731811,1.59204716,-0.19355206,0.10650877,0.16101298
-0.15585912,-0.24348171,0.77287641,0.16674913,0.10956039,-0.91467763,0.35150545,-0.36803436,0.17075639,1.04166011,0.06537277,-0.47576331,0.20211758,-0.04388126,0.03052359,-0.80093049,0.19909621,-0.01268313,-0.00186815,0.20956789,-0.10236672,-0.30672759,-0.17053365,0.41704290,-0.17264104,1.39834530,0.36093867,0.08787973,-0.21547851,-0.13590539,-0.16160372,0.49370616,1.56980817,-0.19945447,0.07447831,0.09960275
-0.16118803,-0.25400702,0.77562667,0.15594403,0.12405271,-0.90680862,0.37147074,-0.35568250,0.18485986,0.99690562,0.05820783,-0.47550182,0.20102857,-0.09099590,0.00464667,-0.74495319,0.35475746,0.01920749,-0.01236108,0.20385095,-0.06184165,-0.29968015,-0.14225105,0.39763571,-0.20704249,1.33936223,0.32145634,0.08488097,-0.24188759,-0.14394608,-0.19342978,0.44426645,1.54936492,-0.15034972,0.08129359,0.13577995
-0.16619992,-0.26113213,0.77687423,0.14886350,0.13903508,-0.89394211,0.39921974,-0.37039701,0.20857771,0.92213665,0.08607196,-0.49514255,0.20927114,-0.17552157,-0.00182301,-0.66358662,0.50391781,0.02345582,-0.02892611,0.17964112,-0.01669664,-0.29594257,-0.11995722,0.37798136,-0.24097207,1.28464564,0.28536649,0.04578489,-0.21738095,-0.15499857,-0.22571159,0.40054397,1.52213518,-0.13997307,0.05334386,0.10690091
-0.17186289,-0.26627105,0.77643097,0.14102697,0.14368900,-0.88359783,0.42275258,-0.36698769,0.21945071,0.88833885,0.10659058,-0.50270508,0.19674162,-0.25613528,-0.00362484,-0.57668130,0.61614792,-0.00099850,-0.01015005,0.16926099,0.00689826,-0.28240939,-0.11882151,0.35887063,-0.29615919,1.25713813,0.27199127,0.03274265,-0.23847125,-0.16906027,-0.24795730,0.36524755,1.50124592,-0.08320695,0.04838698,0.11868339
-0.17835376,-0.27218739,0.77601678,0.13536652,0.15152089,-0.87061659,0.44804473,-0.37008950,0.22809130,0.84025521,0.11463902,-0.50826404,0.18289671,-0.31951856,-0.02281838,-0.55910863,0.68694324,-0.00554849,-0.00378203,0.15427683,0.03201195,-0.27640651,-0.13007613,0.33714776,-0.35675742,1.25428910,0.26262678,0.01594166,-0.26696169,-0.18010105,-0.26140935,0.33081489,1.48627789,-0.03839504,0.03895137,0.11652756
-0.18609059,-0.27907181,0.77710475,0.12711939,0.15520052,-0.85777324,0.47326371,-0.35697770,0.23052349,0.79747947,0.11173295,-0.50611645,0.15311635,-0.35033240,-0.06582123,-0.58123441,0.71416874,-0.04007051,-0.01183855,0.15037153,0.04540555,-0.25864478,-0.16237742,0.31092877,-0.43018365,1.27219687,0.27674779,-0.01547239,-0.28766826,-0.18043629,-0.26637581,0.28593274,1.46700934,0.02291395,0.02124751,0.10261908
-0.19158720,-0.28419200,0.77792599,0.12079739,0.15520562,-0.84598927,0.49560202,-0.34612144,0.22281113,0.75524833,0.10612963,-0.50313323,0.13881494,-0.38732811,-0.10953372,-0.58213416,0.70490884,-0.07462925,-0.03177432,0.14981306,0.05413592,-0.23615696,-0.20306118,0.27260901,-0.49034686,1.31144261,0.27670981,-0.02233022,-0.30735327,-0.19300098,-0.26720506,0.24596040,1.46062299,0.09881670,0.00950150,0.09163736
-0.19530939,-0.28703549,0.77815420,0.11903739,0.15083219,-0.83377739,0.51758576,-0.32840375,0.19045754,0.71478964,0.06605838,-0.47793083,0.12675843,-0.42666132,-0.15294879,-0.56297068,0.64449195,-0.09620347,-0.04472401,0.14792327,0.04921451,-0.21833650,-0.23121909,0.23134522,-0.53717146,1.33080873,0.24146894,-0.01996722,-0.35880925,-0.20861049,-0.26125336,0.24325012,1.45793200,0.13238901,0.02234246,0.12766240
-0.20229867,-0.29111321,0.77843375,0.11181397,0.14413489,-0.81954769,0.54319827,-0.30320559,0.17152607,0.66128915,0.04841871,-0.46733671,0.11645218,-0.43756783,-0.17425632,-0.53813973,0.53506568,-0.11757845,-0.02918897,0.13473651,0.05456127,-0.18576409,-0.25357840,0.19440894,-0.58310428,1.33332339,0.26180144,-0.01176113,-0.35955802,-0.22760767,-0.25596775,0.23218119,1.45739351,0.15070703,0.02385534,0.12625822
-0.21896918,-0.29972351,0.77733684,0.09536136,0.14023722,-0.79990859,0.57566133,-0.27781725,0.19355207,0.60912432,0.06716237,-0.46301543,0.06052139,-0.40474616,-0.16511013,-0.53525706,0.37769594,-0.13809996,-0.04880914,0.10668134,0.08042488,-0.14122823,-0.27161944,0.17172643,-0.64613009,1.30447178,0.26504881,-0.03279043,-0.37161171,-0.25168746,-0.25048919,0.23838773,1.46135005,0.14897184,0.02704227,0.13655031
