1.70511526,-0.39251249,0.71339126,0.04860815,0.01506338,-0.75863242,0.64952844,-0.08868875,0.00551311,-0.04184216,0.10884824,-0.29951940,-0.00957364,-0.10564608,-0.07422312,-0.00056656,0.18924048,-0.20772129,0.11799145,0.05198089,-0.05231817,-0.09367454,0.01143419,0.06622773,-0.26693186,1.02719631,-0.41798896,-0.12543032,-0.23515578,-0.06771517,-0.16477378,0.56955478,0.99976435,-0.14302766,-0.01208621,0.32622174
1.70375155,-0.39202184,0.71307720,0.05428343,0.02165867,-0.76234818,0.64452266,-0.12281029,0.01342095,-0.03045763,0.14390587,-0.31673527,-0.01025941,-0.13496545,-0.06512217,0.01199548,0.20307387,-0.20982187,0.11689310,0.05947334,-0.05143488,-0.11007114,-0.03978703,0.06382183,-0.26086825,1.14523137,-0.42893264,-0.20829063,-0.27692114,-0.10984204,-0.12703777,0.57733473,1.11084667,-0.14131123,-0.08756255,0.29994023
1.70235957,-0.39164371,0.71309130,0.05436684,0.02097952,-0.76220781,0.64470408,-0.12683616,0.01379506,-0.03153518,0.15449165,-0.32172043,-0.00847027,-0.13465780,-0.06429303,0.01124709,0.20511743,-0.21134203,0.11628057,0.05963390,-0.05114542,-0.10909338,-0.04051731,0.06597574,-0.27179740,1.14964376,-0.39997868,-0.21162099,-0.26233278,-0.11188465,-0.12395272,0.57828365,1.11904372,-0.14061412,-0.09243736,0.28924518
1.70076079,-0.39125795,0.71307015,0.05396854,0.02001791,-0.76189653,0.64513592,-0.12951236,0.01453564,-0.03323757,0.16508053,-0.32636212,-0.00722104,-0.13287478,-0.06311069,0.00953649,0.20734847,-0.21314360,0.11507206,0.05938544,-0.05012728,-0.10712698,-0.03995082,0.06587186,-0.27619171,1.14744720,-0.39036334,-0.21079960,-0.25071901,-0.11243251,-0.12475495,0.57809140,1.12110377,-0.13916998,-0.09336785,0.28753689
1.69920310,-0.39064113,0.71305749,0.05397055,0.01884320,-0.76175167,0.64534217,-0.13299401,0.01431870,-0.03465184,0.17610846,-0.33054095,-0.00449453,-0.13260322,-0.06276234,0.00943506,0.21069656,-0.21465478,0.11429073,0.05982155,-0.04969249,-0.10544248,-0.03989577,0.06441513,-0.27837186,1.14540401,-0.38997907,-0.21103107,-0.24011809,-0.11270114,-0.12564783,0.57710152,1.12150462,-0.13826800,-0.09341492,0.28553734
1.69740494,-0.38981460,0.71305138,0.05378773,0.01769211,-0.76140882,0.64579446,-0.13711081,0.01456885,-0.03726862,0.18848021,-0.33492913,-0.00158564,-0.13207264,-0.06180637,0.00831842,0.21401404,-0.21642347,0.11254404,0.05935218,-0.04851263,-0.10368544,-0.03948255,0.06525205,-0.28738181,1.14388844,-0.36431911,-0.20812220,-0.22510084,-0.11321936,-0.12594514,0.57551947,1.12204847,-0.13913629,-0.09329521,0.28016649
1.69521689,-0.38890833,0.71299011,0.05326406,0.01652124,-0.76102859,0.64631685,-0.14105682,0.01611203,-0.03833309,0.20120550,-0.33891606,-0.00091802,-0.13100481,-0.05991603,0.00642868,0.21741678,-0.21850903,0.10997512,0.05921680,-0.04725803,-0.10128804,-0.03903888,0.06459597,-0.29196172,1.14035081,-0.35535791,-0.20590636,-0.20918240,-0.11376203,-0.12631466,0.57555861,1.12106706,-0.13839404,-0.09270499,0.27338857
1.69281826,-0.38781984,0.71295144,0.05273752,0.01497977,-0.76061963,0.64687877,-0.14512995,0.01705474,-0.04037733,0.21522061,-0.34286825,0.00035367,-0.12950348,-0.05839219,0.00509237,0.22068107,-0.22015614,0.10827943,0.05941074,-0.04697165,-0.09847658,-0.03934604,0.06404483,-0.29518889,1.13741545,-0.35276705,-0.20457846,-0.19741933,-0.11405245,-0.12765190,0.57596611,1.11929841,-0.13549746,-0.09238919,0.27055411
1.69032032,-0.38641442,0.71288220,0.05213193,0.01321143,-0.76021534,0.64744139,-0.14992389,0.01775734,-0.04324978,0.23093359,-0.34689468,0.00192999,-0.12810206,-0.05691972,0.00355762,0.22427584,-0.22167563,0.10706112,0.05964606,-0.04684462,-0.09513165,-0.03994091,0.06459648,-0.30111920,1.13510540,-0.33428535,-0.20187537,-0.18399230,-0.11439664,-0.12920437,0.57614008,1.11771551,-0.13295702,-0.09239150,0.26809819
1.68755468,-0.38481350,0.71273532,0.05153240,0.01130673,-0.75982587,0.64798242,-0.15447307,0.01870817,-0.04605389,0.24638659,-0.35101797,0.00271587,-0.12621621,-0.05536476,0.00169507,0.22712374,-0.22319802,0.10531974,0.06107186,-0.04722760,-0.09104251,-0.04118940,0.06401777,-0.30533137,1.13162704,-0.32112809,-0.19944078,-0.16804070,-0.11431817,-0.13096220,0.57553531,1.11559292,-0.13059322,-0.09232404,0.26446213
1.68460593,-0.38305691,0.71250495,0.05093341,0.00946452,-0.75913476,0.64886873,-0.15845696,0.01984434,-0.04932722,0.25967238,-0.35444902,0.00250946,-0.12406908,-0.05366959,-0.00103591,0.22907152,-0.22418493,0.10443413,0.06223986,-0.04779843,-0.08688527,-0.04259028,0.06360617,-0.30959845,1.12832055,-0.30734918,-0.19685933,-0.15336197,-0.11387437,-0.13229775,0.57353297,1.11430738,-0.12947959,-0.09245919,0.26015644
1.68142082,-0.38115948,0.71221232,0.05039501,0.00786613,-0.75821284,0.65000904,-0.16132672,0.02173010,-0.05269240,0.26919913,-0.35673428,0.00096703,-0.12230392,-0.05123503,-0.00388544,0.23036162,-0.22431836,0.10518369,0.06300714,-0.04827321,-0.08310173,-0.04371588,0.06288196,-0.31327399,1.12461456,-0.29173727,-0.19430465,-0.13767675,-0.11324762,-0.13344336,0.57079175,1.11386469,-0.12897611,-0.09336189,0.25605051
1.67812385,-0.37914691,0.71186967,0.05039023,0.00635345,-0.75727017,0.65112391,-0.16398065,0.02331390,-0.05593852,0.27584060,-0.35836778,-0.00029525,-0.12087884,-0.04937248,-0.00670945,0.22972183,-0.22427184,0.10506552,0.06496017,-0.04977429,-0.08063757,-0.04446050,0.06071475,-0.31480354,1.12094469,-0.28636720,-0.19296343,-0.12190771,-0.11173231,-0.13471553,0.56788081,1.11400883,-0.12734636,-0.09354486,0.25128932
1.67470134,-0.37705406,0.71152963,0.05065225,0.00491109,-0.75620117,0.65235728,-0.16755738,0.02472082,-0.05930616,0.28319417,-0.36081355,-0.00113473,-0.11895514,-0.04759463,-0.00984677,0.22716050,-0.22325070,0.10637335,0.06671114,-0.05150366,-0.07917675,-0.04387455,0.05956500,-0.31947318,1.11817403,-0.26736733,-0.18945724,-0.10397022,-0.10961781,-0.13599620,0.56491579,1.11487803,-0.12444710,-0.09321297,0.24657872
1.67115853,-0.37488263,0.71114072,0.05098471,0.00342441,-0.75518108,0.65352152,-0.17336572,0.02603328,-0.06254059,0.29531607,-0.36521227,-0.00145300,-0.11674880,-0.04569170,-0.01262470,0.22392473,-0.22162119,0.10898650,0.06882835,-0.05325365,-0.07797571,-0.04198697,0.05796555,-0.32229868,1.11421407,-0.25354020,-0.18697408,-0.08666446,-0.10730248,-0.13724650,0.56193397,1.11606876,-0.12149007,-0.09272745,0.24161548
1.66763579,-0.37264101,0.71065871,0.05114946,0.00163453,-0.75441362,0.65440137,-0.18218279,0.02678101,-0.06555846,0.31598059,-0.37346718,-0.00075185,-0.11314187,-0.04394115,-0.01491091,0.21972481,-0.21971456,0.11204259,0.07274433,-0.05440696,-0.07554091,-0.03983541,0.05563367,-0.32500320,1.10962159,-0.24063119,-0.18533087,-0.07064412,-0.10469477,-0.14026773,0.55862777,1.11576152,-0.11807976,-0.09255165,0.23853178
1.66428867,-0.37044008,0.70989463,0.05055027,-0.00056153,-0.75392504,0.65501251,-0.19290222,0.02743106,-0.06842819,0.34528804,-0.38575369,0.00019763,-0.10664746,-0.04190302,-0.01761220,0.21402228,-0.21827266,0.11558685,0.07748850,-0.05413207,-0.07052569,-0.03750256,0.05232407,-0.32727783,1.10278641,-0.22569926,-0.18400572,-0.05031664,-0.10265117,-0.14470277,0.55602647,1.11404820,-0.11921242,-0.09296627,0.23200847
1.66135895,-0.36843156,0.70875948,0.04923989,-0.00296948,-0.75394591,0.65508182,-0.20429130,0.02798255,-0.07174607,0.38058360,-0.40151202,0.00221679,-0.09848725,-0.03960145,-0.01901994,0.20836610,-0.21669039,0.12179225,0.08345570,-0.05105064,-0.06385907,-0.03460156,0.04692395,-0.32924943,1.09332125,-0.21338307,-0.18401905,-0.02714350,-0.09995105,-0.15229910,0.55558448,1.11054508,-0.11932991,-0.09427512,0.22220513
1.65852726,-0.36671844,0.70720864,0.04688448,-0.00549952,-0.75393040,0.65525610,-0.21363904,0.02911892,-0.07745010,0.41663446,-0.41838245,0.00321289,-0.08805481,-0.03622876,-0.02080755,0.20263550,-0.21541777,0.12807003,0.09076077,-0.04515229,-0.05558001,-0.03293362,0.03983970,-0.33276022,1.08439398,-0.19640778,-0.18305440,-0.00039433,-0.09652923,-0.16116154,0.55248225,1.10908479,-0.11996116,-0.09640350,0.21145316
1.65603584,-0.36529328,0.70532233,0.04391370,-0.00741056,-0.75408920,0.65526037,-0.22035182,0.03248211,-0.08282901,0.44791957,-0.43356443,0.00458698,-0.07899869,-0.03113648,-0.02120720,0.19930686,-0.21373426,0.13498570,0.09875538,-0.03672525,-0.04805335,-0.03158705,0.03062160,-0.33782522,1.07658758,-0.18069392,-0.18195113,0.02956317,-0.09316976,-0.17081903,0.55014857,1.11018252,-0.11989028,-0.09797349,0.20132634
1.65376375,-0.36432002,0.70351401,0.04113177,-0.00866757,-0.75449762,0.65495526,-0.22426139,0.03581780,-0.08867993,0.47180039,-0.44630737,0.00898148,-0.07169322,-0.02550306,-0.02031006,0.19641482,-0.21131901,0.13940868,0.10513115,-0.02611615,-0.04227494,-0.02879322,0.02011691,-0.34097228,1.06738829,-0.18331881,-0.18370105,0.05419921,-0.09197826,-0.17968813,0.55101621,1.11615792,-0.11928661,-0.09670203,0.18855908
1.65118925,-0.36403353,0.70232423,0.03842224,-0.01004504,-0.75531834,0.65415368,-0.22157655,0.03968735,-0.09249966,0.48372716,-0.45493438,0.01368152,-0.06410195,-0.01922372,-0.01796223,0.19250460,-0.20789734,0.13947461,0.11124943,-0.01605262,-0.03795343,-0.02395268,0.01221614,-0.34818069,1.06026605,-0.18947206,-0.18581732,0.06960174,-0.09206769,-0.18500440,0.55049993,1.12910165,-0.12038687,-0.09609991,0.17797986
1.64909968,-0.36396678,0.70186657,0.03643569,-0.01134432,-0.75601573,0.65344010,-0.21563116,0.04151984,-0.09652292,0.48527513,-0.45968949,0.02066369,-0.05892602,-0.01435725,-0.01507692,0.18888477,-0.20450480,0.13616371,0.11463896,-0.00789328,-0.03688255,-0.01786016,0.00765376,-0.36025517,1.05926349,-0.17275527,-0.18043031,0.07982945,-0.09330579,-0.18836261,0.54840506,1.14645112,-0.12689613,-0.09445857,0.17525998
1.64787996,-0.36341098,0.70185778,0.03675935,-0.01219956,-0.75630081,0.65307657,-0.21366856,0.03916203,-0.10112905,0.48302785,-0.46220483,0.03015938,-0.05964928,-0.01402424,-0.01356197,0.18732294,-0.20094302,0.13429972,0.11288831,-0.00427406,-0.04080963,-0.01083109,0.00622067,-0.36824918,1.06355072,-0.15651260,-0.17584831,0.08013401,-0.09648858,-0.18841679,0.54151547,1.16560861,-0.13843659,-0.09000681,0.18005611
1.64626696,-0.36314796,0.70207500,0.03871965,-0.01336524,-0.75629795,0.65294377,-0.21170299,0.03605859,-0.10282587,0.47649973,-0.46244820,0.03686560,-0.05982434,-0.01651051,-0.01420104,0.18302927,-0.19767103,0.12916683,0.10769604,-0.00570719,-0.04887128,-0.00301051,0.01095326,-0.37926340,1.07366262,-0.14797956,-0.17571555,0.07734877,-0.09767931,-0.18378263,0.53421245,1.17821118,-0.13433337,-0.08657926,0.18035817
1.64521712,-0.36307204,0.70247718,0.04003075,-0.01352134,-0.75738992,0.65159437,-0.20811865,0.03779301,-0.09881976,0.46648172,-0.46055697,0.03960091,-0.06241745,-0.01597416,-0.01160130,0.18067724,-0.19293942,0.12852366,0.10432857,-0.00520450,-0.05974553,0.00645394,0.01719162,-0.37368678,1.07965040,-0.16555255,-0.18419601,0.05244875,-0.09487975,-0.18295965,0.52972483,1.17698086,-0.13036089,-0.08508452,0.19121394
1.64456712,-0.36287269,0.70283437,0.04113500,-0.01321987,-0.75900296,0.64965194,-0.20598668,0.04081091,-0.09256480,0.45841994,-0.45817247,0.03964082,-0.06747382,-0.01443979,-0.00749320,0.18147184,-0.19101102,0.12784401,0.10190024,-0.00398288,-0.07120354,0.01464264,0.02432460,-0.36594082,1.08749384,-0.17187256,-0.18881194,0.02965570,-0.08966821,-0.18562315,0.52719542,1.16518295,-0.12438524,-0.08887338,0.20160277
1.64363494,-0.36272144,0.70289749,0.04149850,-0.01353520,-0.76040675,0.64797858,-0.20441235,0.04387012,-0.08684775,0.45607766,-0.45766977,0.03741861,-0.06918170,-0.01252126,-0.00436094,0.18190177,-0.19171446,0.12540962,0.09794309,-0.00305828,-0.07891209,0.02027538,0.03102170,-0.35775964,1.09785385,-0.16811307,-0.18806239,0.01628164,-0.08537603,-0.18863380,0.52571165,1.15028228,-0.11925549,-0.09422560,0.20501703
1.64278841,-0.36237841,0.70258342,0.04098223,-0.01426418,-0.76165419,0.64652911,-0.20423607,0.04723648,-0.08179666,0.46018606,-0.45848811,0.03441899,-0.06879394,-0.01032213,-0.00145467,0.18300116,-0.19294924,0.12444782,0.09387583,-0.00106784,-0.08074097,0.02105546,0.03469296,-0.35435900,1.11142602,-0.15116558,-0.18002701,0.01968937,-0.08414595,-0.19277339,0.52541071,1.13528123,-0.11485748,-0.09763773,0.19962877
1.64169046,-0.36202333,0.70206056,0.03960160,-0.01550727,-0.76239210,0.64571628,-0.20398821,0.05023324,-0.07851747,0.46839079,-0.46013830,0.03055616,-0.06512254,-0.00794402,-0.00003232,0.18305560,-0.19420157,0.12435500,0.08766229,0.00092848,-0.07886365,0.02032817,0.03622885,-0.35293441,1.12392742,-0.13905677,-0.17209015,0.02877769,-0.08467400,-0.19532408,0.52507847,1.12433000,-0.10955375,-0.09922131,0.18998580
1.64059229,-0.36158261,0.70151434,0.03775774,-0.01690413,-0.76277100,0.64534409,-0.20377665,0.05259860,-0.07711941,0.47856974,-0.46227280,0.02840996,-0.06010958,-0.00559261,0.00051567,0.18247744,-0.19493691,0.12455769,0.07974395,0.00288227,-0.07532170,0.01950770,0.03634115,-0.35479975,1.13343979,-0.12311015,-0.16221330,0.03957348,-0.08615239,-0.19542480,0.52324152,1.12037800,-0.10286298,-0.09920169,0.18213900
1.64003959,-0.36087318,0.70104142,0.03625825,-0.01758001,-0.76359950,0.64443160,-0.20508965,0.05515080,-0.07550345,0.48798303,-0.46374933,0.02916133,-0.05894872,-0.00291845,0.00294600,0.18423854,-0.19485431,0.12616454,0.07426460,0.00543957,-0.07329430,0.01955700,0.03396852,-0.35840183,1.13731724,-0.11080606,-0.15411119,0.04521259,-0.08783346,-0.19529721,0.52017176,1.12289027,-0.09834725,-0.09703736,0.17941694
1.63966537,-0.36013984,0.70073554,0.03527580,-0.01766297,-0.76459115,0.64330708,-0.20727609,0.05802891,-0.07301672,0.49518086,-0.46487650,0.03232168,-0.06031287,-0.00001621,0.00549959,0.18723692,-0.19539791,0.12662997,0.07091342,0.00751350,-0.07337526,0.02156671,0.03134314,-0.36349279,1.13284001,-0.10238853,-0.14732753,0.04759746,-0.08800003,-0.19345132,0.51461167,1.12978112,-0.09419325,-0.09385799,0.17793749
1.63902691,-0.35968450,0.70055409,0.03470461,-0.01790213,-0.76521520,0.64258914,-0.20850538,0.05962717,-0.07242993,0.49979798,-0.46633863,0.03728755,-0.06039968,0.00211220,0.00673876,0.18864149,-0.19563747,0.12648413,0.06994631,0.00736729,-0.07461461,0.02030575,0.02804194,-0.36479578,1.13146580,-0.10382283,-0.14576843,0.04259099,-0.08515251,-0.19063529,0.50683102,1.13797228,-0.08567683,-0.09101139,0.17970659
1.63857567,-0.35930017,0.70050968,0.03465656,-0.01788524,-0.76590636,0.64176825,-0.20961736,0.06042970,-0.07267350,0.50159792,-0.46758520,0.04418080,-0.06144271,0.00362834,0.00863320,0.18927221,-0.19477309,0.12659585,0.07121074,0.00634305,-0.07701890,0.01914733,0.02552120,-0.36693997,1.12744850,-0.10191209,-0.14267212,0.03868182,-0.08044080,-0.18853047,0.49818461,1.14467676,-0.07523783,-0.08771834,0.18318663
1.63821683,-0.35902287,0.70058205,0.03455269,-0.01775019,-0.76653693,0.64102432,-0.20960188,0.06162767,-0.07281933,0.50087569,-0.46890504,0.05051030,-0.06235582,0.00539100,0.01013954,0.18944840,-0.19401126,0.12634082,0.07364678,0.00552506,-0.07933179,0.01776430,0.02272133,-0.36614522,1.12466706,-0.10332443,-0.14050197,0.03633699,-0.07574043,-0.18775436,0.49073800,1.14975768,-0.06636732,-0.08544021,0.18590717
1.63812432,-0.35869772,0.70071121,0.03464292,-0.01780729,-0.76723597,0.64018101,-0.20944715,0.06214835,-0.07232112,0.49952082,-0.46964646,0.05515969,-0.06361139,0.00625100,0.01205419,0.19004586,-0.19349531,0.12626943,0.07724910,0.00438577,-0.08047604,0.01618914,0.02058943,-0.36471038,1.12254311,-0.10726977,-0.14089248,0.03533720,-0.07254649,-0.18816904,0.48583593,1.15351476,-0.06261315,-0.08506730,0.18585302
1.63812755,-0.35818100,0.70084079,0.03480676,-0.01797710,-0.76786767,0.63940953,-0.21029248,0.06238944,-0.07138886,0.49961349,-0.46956149,0.05708119,-0.06494307,0.00660972,0.01390892,0.19073235,-0.19324489,0.12678191,0.08076561,0.00312423,-0.08004695,0.01479146,0.01962056,-0.36262339,1.11917010,-0.11332627,-0.14305926,0.03600919,-0.07104644,-0.18876033,0.48344194,1.15576136,-0.06429882,-0.08619207,0.18169551
1.63832620,-0.35757749,0.70093799,0.03499973,-0.01816258,-0.76831795,0.63885261,-0.21204253,0.06259454,-0.06975863,0.50094685,-0.46867157,0.05716838,-0.06630364,0.00638769,0.01489871,0.19168165,-0.19334368,0.12767466,0.08288610,0.00193004,-0.07836206,0.01424358,0.02036154,-0.36159092,1.11481095,-0.12350674,-0.14742034,0.03622784,-0.07139741,-0.18989849,0.48563161,1.15630198,-0.06673486,-0.08807304,0.17609122
1.63847316,-0.35700223,0.70099344,0.03499772,-0.01838995,-0.76843074,0.63871055,-0.21373536,0.06279305,-0.06843884,0.50296024,-0.46767067,0.05545580,-0.06697613,0.00608061,0.01466304,0.19272795,-0.19388102,0.12843969,0.08349912,0.00115580,-0.07553793,0.01401927,0.02238642,-0.36195034,1.11113048,-0.12936619,-0.15006676,0.03769899,-0.07289233,-0.19053533,0.48875069,1.15615606,-0.06964736,-0.08998135,0.17254193
1.63860007,-0.35645930,0.70099243,0.03481421,-0.01838484,-0.76822240,0.63897129,-0.21555990,0.06294342,-0.06838138,0.50528842,-0.46706791,0.05289822,-0.06766241,0.00605894,0.01349369,0.19389529,-0.19492306,0.12863152,0.08234808,0.00142339,-0.07228320,0.01475935,0.02470850,-0.36403344,1.10924432,-0.13007613,-0.15075930,0.04101606,-0.07480729,-0.19071002,0.49192072,1.15486418,-0.07195726,-0.09146371,0.17084905
1.63876979,-0.35594592,0.70096365,0.03465848,-0.01822762,-0.76776917,0.63952877,-0.21742287,0.06298993,-0.06906517,0.50727119,-0.46703044,0.05115071,-0.06860674,0.00609746,0.01227200,0.19538999,-0.19596574,0.12858338,0.07975677,0.00218727,-0.06888619,0.01604653,0.02684187,-0.36659186,1.10871623,-0.12384728,-0.14933222,0.04517277,-0.07704373,-0.19002221,0.49411922,1.15325553,-0.07328003,-0.09226957,0.17022833
1.63914811,-0.35574360,0.70093257,0.03451629,-0.01787267,-0.76717904,0.64025426,-0.21864943,0.06258816,-0.07061069,0.50781951,-0.46683691,0.05008259,-0.06922485,0.00594717,0.01101005,0.19625375,-0.19679383,0.12827932,0.07674240,0.00331771,-0.06630575,0.01768265,0.02809724,-0.36868461,1.10790479,-0.12032279,-0.14770326,0.04942169,-0.07871437,-0.18894617,0.49562126,1.15172243,-0.07306366,-0.09252243,0.16894347
1.63954303,-0.35566761,0.70096611,0.03461205,-0.01759552,-0.76641791,0.64116768,-0.21978470,0.06133418,-0.07237550,0.50756933,-0.46648279,0.04984176,-0.06967686,0.00509673,0.00968946,0.19649013,-0.19763427,0.12705779,0.07456162,0.00378902,-0.06462968,0.01858922,0.02904484,-0.37061473,1.10762709,-0.11898590,-0.14699558,0.05209253,-0.07981241,-0.18728282,0.49589702,1.15124925,-0.07258272,-0.09221910,0.16778514
1.63999627,-0.35575346,0.70105371,0.03465147,-0.01717767,-0.76567684,0.64206166,-0.22065929,0.06022507,-0.07427058,0.50697387,-0.46632727,0.05003208,-0.07001387,0.00447155,0.00821088,0.19648154,-0.19804119,0.12648233,0.07328216,0.00415043,-0.06370973,0.01881693,0.02949491,-0.37149414,1.10714105,-0.12192055,-0.14784193,0.05158651,-0.08069575,-0.18610724,0.49687815,1.15124264,-0.07229588,-0.09157227,0.16804934
1.64057332,-0.35595159,0.70116345,0.03461438,-0.01670989,-0.76519765,0.64264701,-0.22112154,0.05931705,-0.07579034,0.50613083,-0.46608059,0.04967434,-0.07035153,0.00400677,0.00704724,0.19643283,-0.19853883,0.12609509,0.07364282,0.00418233,-0.06332364,0.01845394,0.02960134,-0.37145361,1.10637674,-0.12714345,-0.14979200,0.05030677,-0.08126345,-0.18612156,0.49907637,1.15107511,-0.07232456,-0.09119824,0.16904989
1.64124448,-0.35612679,0.70128133,0.03466194,-0.01641542,-0.76489029,0.64301783,-0.22173128,0.05807411,-0.07684954,0.50605242,-0.46624247,0.04953945,-0.07078537,0.00305380,0.00617508,0.19674115,-0.19959685,0.12569320,0.07518544,0.00348287,-0.06294680,0.01752162,0.02976365,-0.37129415,1.10627530,-0.12784572,-0.15124708,0.05103256,-0.08201655,-0.18591374,0.49976600,1.15181186,-0.07469049,-0.09152035,0.16777094
1.64198799,-0.35641561,0.70138515,0.03454162,-0.01619506,-0.76465370,0.64331121,-0.22182980,0.05698914,-0.07767184,0.50632005,-0.46716136,0.04953985,-0.07052629,0.00221090,0.00566047,0.19695472,-0.20045576,0.12582577,0.07713710,0.00257809,-0.06188593,0.01655081,0.02980879,-0.37070097,1.10608693,-0.12862329,-0.15290959,0.05210381,-0.08254850,-0.18543575,0.49951064,1.15223588,-0.07843667,-0.09250939,0.16474823
1.64286763,-0.35695075,0.70144079,0.03416105,-0.01582937,-0.76453739,0.64347885,-0.22105960,0.05625150,-0.07853953,0.50585862,-0.46822575,0.04856948,-0.06982989,0.00194205,0.00535063,0.19690568,-0.20139800,0.12668912,0.07867457,0.00207728,-0.06082732,0.01616012,0.03016600,-0.37112133,1.10584138,-0.12697451,-0.15324794,0.05572663,-0.08308921,-0.18566388,0.50130865,1.15194843,-0.08067122,-0.09355898,0.16265124
1.64377952,-0.35747089,0.70148042,0.03417540,-0.01542652,-0.76462162,0.64338779,-0.22074663,0.05526225,-0.07889348,0.50521152,-0.46976461,0.04771923,-0.07030441,0.00124410,0.00593535,0.19764289,-0.20239528,0.12728810,0.07971234,0.00104274,-0.06060658,0.01635451,0.03074838,-0.37156271,1.10580463,-0.12202561,-0.15243272,0.06193082,-0.08390545,-0.18572013,0.50427277,1.15187964,-0.08269964,-0.09382588,0.16156445
1.64478709,-0.35809891,0.70155690,0.03442456,-0.01513609,-0.76473424,0.64324754,-0.22010318,0.05384408,-0.07884016,0.50375055,-0.47108623,0.04641642,-0.07075446,-0.00016671,0.00693836,0.19820515,-0.20316534,0.12814610,0.08034413,-0.00117403,-0.06098398,0.01672879,0.03143285,-0.36945434,1.10606707,-0.12339107,-0.15377414,0.06522876,-0.08460829,-0.18396987,0.50563839,1.15315934,-0.08698111,-0.09377901,0.15994552
1.64580088,-0.35880859,0.70166042,0.03473982,-0.01477536,-0.76480991,0.64314901,-0.21940884,0.05239225,-0.07854850,0.50205899,-0.47207589,0.04375762,-0.07107652,-0.00163219,0.00760664,0.19842263,-0.20370213,0.12969910,0.08085197,-0.00379228,-0.06168946,0.01722890,0.03346802,-0.36845628,1.10514734,-0.12102564,-0.15391782,0.06824799,-0.08462118,-0.18220666,0.50699383,1.15369400,-0.09102917,-0.09348046,0.15973531
1.64690128,-0.35955885,0.70184558,0.03514782,-0.01422868,-0.76489075,0.64304302,-0.21900807,0.05107272,-0.07778737,0.50075341,-0.47334992,0.04133548,-0.07205069,-0.00296057,0.00816011,0.19905820,-0.20487582,0.13041160,0.08097698,-0.00635871,-0.06329076,0.01713752,0.03556684,-0.36733182,1.10599894,-0.11930116,-0.15378293,0.07062941,-0.08431702,-0.18047364,0.50810619,1.15467762,-0.09411782,-0.09310934,0.16018291
1.64814780,-0.36036149,0.70199632,0.03547811,-0.01351085,-0.76499422,0.64291726,-0.21895668,0.05008269,-0.07673943,0.49975001,-0.47412388,0.03865645,-0.07329305,-0.00410636,0.00885929,0.19973599,-0.20614655,0.13106165,0.08092838,-0.00859362,-0.06530736,0.01685046,0.03726009,-0.36763237,1.10772870,-0.11158173,-0.15171935,0.07545176,-0.08379753,-0.17882333,0.50876377,1.15544243,-0.09579763,-0.09313641,0.15996004
1.64941620,-0.36118823,0.70206644,0.03564885,-0.01280881,-0.76513784,0.64275126,-0.21877943,0.04940144,-0.07545612,0.49921614,-0.47472038,0.03545428,-0.07378185,-0.00510269,0.00972763,0.19976426,-0.20718167,0.13111640,0.08139053,-0.01039564,-0.06677528,0.01651174,0.03847930,-0.36735620,1.10861683,-0.11456607,-0.15274799,0.07584062,-0.08303664,-0.17863866,0.51058918,1.15465984,-0.09605050,-0.09282953,0.16131158
1.65078363,-0.36202719,0.70207940,0.03560724,-0.01226998,-0.76522501,0.64266030,-0.21885018,0.04856271,-0.07429682,0.50040001,-0.47620775,0.03379143,-0.07335513,-0.00637303,0.01011581,0.19940027,-0.20838851,0.13094204,0.08122066,-0.01176972,-0.06743874,0.01569475,0.03929247,-0.36693006,1.11066289,-0.11255854,-0.15288183,0.07730144,-0.08268839,-0.17826331,0.51108848,1.15436640,-0.09659251,-0.09298173,0.16106343
1.65241607,-0.36293497,0.70208532,0.03536264,-0.01178852,-0.76535260,0.64253087,-0.21899255,0.04740621,-0.07326515,0.50267153,-0.47810506,0.03329914,-0.07256590,-0.00781034,0.01098483,0.19929199,-0.20936027,0.13191494,0.08064419,-0.01253411,-0.06718771,0.01521910,0.03955939,-0.36555002,1.11141333,-0.11341642,-0.15415241,0.07773226,-0.08271994,-0.17812056,0.51059913,1.15386512,-0.09658333,-0.09365582,0.16101827
1.65423384,-0.36390544,0.70210321,0.03509540,-0.01120676,-0.76564403,0.64220865,-0.21939832,0.04618835,-0.07225419,0.50537595,-0.47977366,0.03357673,-0.07193616,-0.00918644,0.01255472,0.19914678,-0.20950173,0.13300848,0.08056893,-0.01279024,-0.06689815,0.01503054,0.03953953,-0.36442547,1.11140123,-0.11830429,-0.15610430,0.07703027,-0.08282483,-0.17797217,0.51013252,1.15369286,-0.09634696,-0.09385592,0.16074194
1.65623961,-0.36492480,0.70215059,0.03485872,-0.01052338,-0.76601845,0.64178646,-0.22001074,0.04479059,-0.07117744,0.50794809,-0.48125927,0.03486179,-0.07149869,-0.01057919,0.01417109,0.19872559,-0.20951017,0.13326288,0.08023234,-0.01251775,-0.06627389,0.01485611,0.03996129,-0.36640992,1.11185135,-0.11016689,-0.15358433,0.08124820,-0.08317598,-0.17740499,0.51018508,1.15371797,-0.09676866,-0.09356333,0.15837377
1.65839183,-0.36593045,0.70229086,0.03454874,-0.00978491,-0.76647302,0.64127197,-0.22027965,0.04341792,-0.06994075,0.50964566,-0.48219097,0.03638258,-0.07101706,-0.01198289,0.01593450,0.19796906,-0.20899306,0.13453100,0.08023467,-0.01208733,-0.06555507,0.01458212,0.03975864,-0.36764268,1.11204808,-0.10483880,-0.15166560,0.08446591,-0.08341399,-0.17633997,0.51012648,1.15417717,-0.09867435,-0.09356863,0.15692691
1.66080945,-0.36689648,0.70257551,0.03450069,-0.00894047,-0.76706745,0.64057576,-0.22033984,0.04168145,-0.06812711,0.50939788,-0.48195823,0.03809600,-0.07117862,-0.01403040,0.01795947,0.19700331,-0.20862062,0.13570918,0.08030538,-0.01186313,-0.06469794,0.01369536,0.03932366,-0.36742347,1.11228959,-0.10488727,-0.15175479,0.08569633,-0.08423273,-0.17514411,0.51129214,1.15505280,-0.10163284,-0.09369021,0.15615067
1.66341013,-0.36782480,0.70302646,0.03470438,-0.00814116,-0.76781820,0.63967533,-0.21950244,0.03955901,-0.06564312,0.50627681,-0.48045720,0.03936388,-0.07244385,-0.01658946,0.02028644,0.19697326,-0.20836862,0.13596715,0.08023391,-0.01249440,-0.06342006,0.01240913,0.03980990,-0.36780824,1.11222227,-0.10467569,-0.15136796,0.08726164,-0.08560390,-0.17357778,0.51334492,1.15600513,-0.10479468,-0.09381429,0.15662873
1.66629337,-0.36870435,0.70365050,0.03518751,-0.00729832,-0.76847453,0.63887046,-0.21786688,0.03688453,-0.06274955,0.49969462,-0.47733267,0.03971517,-0.07491183,-0.01985942,0.02283688,0.19790422,-0.20809528,0.13660508,0.07978072,-0.01406158,-0.06210381,0.01066748,0.04129609,-0.36967584,1.11234573,-0.09932037,-0.14876790,0.09208817,-0.08712599,-0.17205472,0.51597654,1.15644278,-0.10851040,-0.09374941,0.15724743
1.66936726,-0.36961746,0.70442968,0.03551796,-0.00646386,-0.76904751,0.63817131,-0.21397211,0.03427479,-0.05963114,0.48833238,-0.47196030,0.03728272,-0.07743529,-0.02336650,0.02464110,0.19919916,-0.20882450,0.13619412,0.07908164,-0.01622200,-0.06039046,0.00898954,0.04305626,-0.36893314,1.11182987,-0.10816167,-0.15144640,0.09200252,-0.08859766,-0.17034097,0.51873532,1.15670031,-0.11349592,-0.09391428,0.15814126
1.67277822,-0.37049939,0.70533639,0.03635281,-0.00572400,-0.76938084,0.63772943,-0.20966050,0.03028474,-0.05634830,0.47373730,-0.46504290,0.03382908,-0.08102033,-0.02834591,0.02636588,0.20085858,-0.20917346,0.13584789,0.07675225,-0.01978891,-0.05938794,0.00691190,0.04712406,-0.36968267,1.11213584,-0.10527962,-0.15124477,0.09238497,-0.09046770,-0.16752510,0.52035301,1.15798220,-0.11942294,-0.09389247,0.16068683
1.67642353,-0.37142434,0.70630363,0.03719393,-0.00467796,-0.76943058,0.63762945,-0.20400788,0.02690605,-0.05215778,0.45420444,-0.45535006,0.02845334,-0.08566051,-0.03348036,0.02693659,0.20357681,-0.21118070,0.13427811,0.07330381,-0.02392788,-0.05928572,0.00542962,0.05289837,-0.37130016,1.11234902,-0.09833930,-0.14928227,0.09400040,-0.09159358,-0.16415093,0.52342372,1.15793480,-0.12173445,-0.09501907,0.16213517
1.68033721,-0.37225825,0.70731844,0.03858106,-0.00355329,-0.76906237,0.63799839,-0.19796762,0.02266935,-0.04740999,0.43033546,-0.44355685,0.02368964,-0.09130206,-0.04013096,0.02570407,0.20634035,-0.21308208,0.13176210,0.06893643,-0.02893508,-0.06033102,0.00367640,0.05824244,-0.37189790,1.11345855,-0.09229207,-0.14712284,0.09681888,-0.09216034,-0.15965982,0.52557892,1.15763403,-0.12276901,-0.09581214,0.16209251
1.68442319,-0.37324434,0.70834865,0.03950066,-0.00207648,-0.76798334,0.63924719,-0.18982597,0.01881982,-0.04382889,0.40091727,-0.42869255,0.01959464,-0.09610233,-0.04626884,0.02258972,0.20839746,-0.21460328,0.12862639,0.06300118,-0.03294352,-0.06125599,0.00075566,0.06299803,-0.37090276,1.11518231,-0.09661546,-0.14792939,0.09385489,-0.09313566,-0.15537934,0.52788184,1.15717540,-0.12477798,-0.09633610,0.16495189
1.68871634,-0.37430745,0.70935401,0.04027443,-0.00042339,-0.76660078,0.64085961,-0.18041279,0.01436552,-0.04166668,0.36758630,-0.41102400,0.01956449,-0.10123345,-0.05244681,0.01943694,0.21086310,-0.21664051,0.12313726,0.05607239,-0.03652030,-0.06213615,-0.00296823,0.06778379,-0.37037455,1.11800338,-0.10068172,-0.14889367,0.08873807,-0.09474643,-0.15052415,0.53167563,1.15680597,-0.12663263,-0.09716210,0.16657782
1.69328308,-0.37552750,0.71038919,0.04068857,0.00156913,-0.76491969,0.64283734,-0.17062914,0.00952634,-0.04252825,0.33309416,-0.39236484,0.02294725,-0.10693071,-0.05810226,0.01519525,0.21522100,-0.21928089,0.11739531,0.04951310,-0.03897751,-0.06389162,-0.00679164,0.07183107,-0.37203346,1.12112230,-0.09976280,-0.14720672,0.08462052,-0.09522579,-0.14586960,0.53636690,1.15597622,-0.12907791,-0.09719465,0.16781878
1.69814071,-0.37685444,0.71138154,0.04106757,0.00393453,-0.76324163,0.64479469,-0.16164536,0.00481824,-0.04478617,0.29946339,-0.37424525,0.02666843,-0.11409673,-0.06330856,0.01130533,0.22201935,-0.22363164,0.10918920,0.04428955,-0.04023331,-0.06763675,-0.00950931,0.07425036,-0.37109969,1.12202583,-0.11307130,-0.14974052,0.07237052,-0.09395210,-0.14211514,0.54186370,1.15427615,-0.13038390,-0.09778484,0.17196700
1.70298161,-0.37796645,0.71218726,0.04136639,0.00655584,-0.76186232,0.64638351,-0.15454098,0.00154938,-0.04608344,0.26949206,-0.35818046,0.02769417,-0.12392392,-0.06748418,0.00851105,0.23303654,-0.22947265,0.10226444,0.04107831,-0.04145606,-0.07195108,-0.01157730,0.07744191,-0.37158085,1.12122240,-0.11614707,-0.15026594,0.05945526,-0.09142560,-0.13888091,0.54691582,1.14997036,-0.13092145,-0.09889996,0.17812614
1.70784621,-0.37870537,0.71276147,0.04159717,0.00928963,-0.76092153,0.64744251,-0.14954850,-0.00062047,-0.04525770,0.24380484,-0.34450012,0.02674589,-0.13596645,-0.07077874,0.00714377,0.24726381,-0.23610019,0.09626783,0.03998714,-0.04240924,-0.07511936,-0.01406923,0.07923870,-0.37063331,1.11890771,-0.12470789,-0.15312416,0.04516109,-0.09010446,-0.13650293,0.55234439,1.14519477,-0.13101038,-0.10078650,0.18554723
1.71255614,-0.37909914,0.71313839,0.04129897,0.01172963,-0.76012697,0.64835469,-0.14556722,-0.00238587,-0.04476918,0.22281904,-0.33291076,0.02499606,-0.14749715,-0.07357036,0.00556830,0.26249912,-0.24254762,0.09173615,0.03932003,-0.04266595,-0.07483860,-0.01752581,0.08104101,-0.37043930,1.11537859,-0.13183637,-0.15560241,0.03262885,-0.09153740,-0.13428559,0.55777721,1.14201309,-0.13351158,-0.10259910,0.19057573
1.71722196,-0.37918625,0.71336889,0.04045102,0.01363883,-0.75961187,0.64897419,-0.14151767,-0.00428856,-0.04447149,0.20538423,-0.32292661,0.02349175,-0.15732412,-0.07644372,0.00416503,0.27707562,-0.24829582,0.08764960,0.03954887,-0.04282622,-0.07111370,-0.02172391,0.08311405,-0.37278230,1.11262328,-0.13732228,-0.15744359,0.02305761,-0.09589530,-0.13188130,0.56310032,1.14193280,-0.13615728,-0.10352923,0.19257275
1.72182818,-0.37916023,0.71347062,0.03930528,0.01508914,-0.75932587,0.64934708,-0.13686118,-0.00646399,-0.04423734,0.18968546,-0.31413602,0.02244898,-0.16611209,-0.07938714,0.00382918,0.29168887,-0.25363491,0.08337412,0.04000079,-0.04286434,-0.06470919,-0.02580522,0.08486355,-0.37549706,1.11070278,-0.14687738,-0.15946551,0.01626315,-0.10348042,-0.12883261,0.56703625,1.14543289,-0.13718282,-0.10343953,0.19317543
1.72586765,-0.37930157,0.71347190,0.03767140,0.01653149,-0.75931803,0.64941797,-0.13087294,-0.00708825,-0.04368809,0.17441152,-0.30643538,0.02005028,-0.17460574,-0.08013127,0.00514976,0.30729700,-0.26003754,0.07668457,0.04045741,-0.04220451,-0.05742689,-0.02783530,0.08812781,-0.38222555,1.10854764,-0.14603277,-0.15653319,0.01773412,-0.11274280,-0.12513153,0.57091838,1.15036224,-0.13776952,-0.10270058,0.19139817
1.73043431,-0.37916803,0.71325321,0.03664725,0.01831579,-0.75941420,0.64931624,-0.12829116,-0.00887958,-0.04299935,0.16196065,-0.30021736,0.02036152,-0.18661079,-0.08164322,0.00746779,0.32507633,-0.26784005,0.07256487,0.04065956,-0.04172501,-0.05145505,-0.02827675,0.08934554,-0.38386166,1.10472171,-0.16894395,-0.16023242,0.01765641,-0.12326821,-0.12115998,0.57497827,1.15391081,-0.13986345,-0.10304966,0.18941481
1.73518679,-0.37891627,0.71284409,0.03617197,0.02006600,-0.75940364,0.64930352,-0.12853261,-0.01183701,-0.04285248,0.15297988,-0.29535809,0.02130119,-0.19810377,-0.08468828,0.00909465,0.34056355,-0.27610574,0.06983437,0.03899199,-0.04196338,-0.04646868,-0.02730874,0.09285892,-0.38656284,1.10043545,-0.17987759,-0.16169515,0.01868918,-0.13422371,-0.11725388,0.58037676,1.15438447,-0.14245381,-0.10342193,0.18792182
1.73952013,-0.37882918,0.71235358,0.03549675,0.02164714,-0.75946984,0.64921256,-0.12853611,-0.01397919,-0.04184401,0.14567935,-0.29134417,0.01970855,-0.20704718,-0.08717113,0.01091878,0.35317805,-0.28252706,0.06932060,0.03706567,-0.04270497,-0.04189347,-0.02594771,0.09677227,-0.38767326,1.09660161,-0.19146934,-0.16310382,0.01890040,-0.14381382,-0.11257966,0.58556824,1.15218547,-0.14301392,-0.10382256,0.18667176
1.74390922,-0.37880478,0.71191177,0.03451506,0.02288156,-0.75975061,0.64889456,-0.12789285,-0.01634955,-0.04018756,0.13955700,-0.28823934,0.01859034,-0.21489145,-0.08960577,0.01313416,0.36540830,-0.28884539,0.06732188,0.03553305,-0.04390857,-0.03698898,-0.02601535,0.10089470,-0.38887223,1.09659347,-0.19008704,-0.16167922,0.01871562,-0.15272068,-0.10618438,0.58696748,1.15086573,-0.14533641,-0.10455666,0.18581325
1.74847591,-0.37894197,0.71140860,0.03297803,0.02392560,-0.76009733,0.64853070,-0.12528580,-0.01870919,-0.03914297,0.13258296,-0.28509369,0.01833220,-0.22306952,-0.09154770,0.01583785,0.38064139,-0.29604164,0.06637043,0.03405931,-0.04469504,-0.03117618,-0.02704131,0.10191180,-0.38619922,1.09834936,-0.20250233,-0.16315583,0.02008142,-0.16037730,-0.10010350,0.58868593,1.14700260,-0.14518988,-0.10494247,0.18549314
1.75312665,-0.37919605,0.71070872,0.03108832,0.02472364,-0.76053649,0.64807909,-0.12034068,-0.02106393,-0.03739965,0.12311279,-0.28158315,0.01791352,-0.23322532,-0.09315297,0.01983979,0.40160493,-0.30559057,0.06440146,0.03199281,-0.04545029,-0.02474851,-0.02789194,0.10290875,-0.38135796,1.09957119,-0.22312774,-0.16619364,0.01525478,-0.16751194,-0.09393530,0.59156071,1.14211511,-0.14598801,-0.10575303,0.18589901
1.75720216,-0.37985523,0.70974747,0.02847230,0.02499796,-0.76126943,0.64732780,-0.11102935,-0.02196725,-0.03386652,0.11046499,-0.27799286,0.01526135,-0.24401631,-0.09313938,0.02477861,0.42847010,-0.31862707,0.06008187,0.03044623,-0.04608149,-0.01731212,-0.02794222,0.10551015,-0.37597544,1.10050890,-0.25409253,-0.17347128,-0.00422388,-0.17418433,-0.08899206,0.59733974,1.13565562,-0.15158849,-0.10817944,0.18806571
1.76052093,-0.38105588,0.70851283,0.02477589,0.02451523,-0.76218211,0.64642370,-0.09690160,-0.02143956,-0.03015668,0.09627346,-0.27496468,0.00974149,-0.25361765,-0.09124691,0.03031400,0.46009461,-0.33610480,0.05209072,0.02823104,-0.04666794,-0.00781822,-0.02672760,0.11002245,-0.37984061,1.09626384,-0.26485659,-0.17287912,-0.00256020,-0.18027148,-0.08391085,0.60474577,1.12807823,-0.16253683,-0.10993829,0.18052030
1.76443142,-0.38214712,0.70688172,0.02054125,0.02296295,-0.76294602,0.64572760,-0.08093901,-0.02334039,-0.02838680,0.08246771,-0.27300416,0.00508918,-0.26289868,-0.09123578,0.03636267,0.49512699,-0.35477560,0.04847529,0.02524100,-0.04679047,0.00407423,-0.02599398,0.11409793,-0.38542353,1.09009650,-0.27192930,-0.17313590,0.00210420,-0.18588427,-0.08046830,0.60853405,1.12078028,-0.17559922,-0.11215741,0.16838496
1.76869899,-0.38279161,0.70464379,0.01615705,0.02070734,-0.76346161,0.64531893,-0.06512159,-0.02632022,-0.02669338,0.06961904,-0.27107809,0.00170259,-0.27259417,-0.09312565,0.04222698,0.53280799,-0.37417498,0.04912422,0.02416965,-0.04719551,0.01838411,-0.02873317,0.11794087,-0.39006933,1.08663175,-0.27791454,-0.17501484,0.00431015,-0.19060547,-0.07749694,0.60314220,1.11476423,-0.18530100,-0.11493738,0.15559374
1.77208583,-0.38370457,0.70220291,0.01157655,0.01842930,-0.76397492,0.64487880,-0.04719309,-0.02736888,-0.02345738,0.05564718,-0.26799018,-0.00836427,-0.27856031,-0.09382315,0.04771781,0.56598763,-0.39249795,0.04590463,0.02503676,-0.04672709,0.03338317,-0.03271969,0.12198934,-0.39807662,1.08284814,-0.28479785,-0.17611707,0.01310532,-0.19431235,-0.07474418,0.59482540,1.11181751,-0.18594885,-0.11614502,0.13947459
1.77632899,-0.38392035,0.69954756,0.00900329,0.01687021,-0.76379482,0.64517580,-0.03693004,-0.03166948,-0.02124348,0.04554900,-0.26556477,-0.01343887,-0.28743039,-0.09875457,0.05146570,0.59527961,-0.40651610,0.04723347,0.02478721,-0.04778116,0.04447434,-0.03848534,0.12813411,-0.40698753,1.08280675,-0.27853130,-0.17743381,0.01440342,-0.19960636,-0.07014547,0.58293421,1.11672602,-0.18470051,-0.11584399,0.12312275
1.78053870,-0.38389823,0.69738876,0.00796125,0.01639880,-0.76324182,0.64585573,-0.03336960,-0.03650888,-0.02008127,0.03976101,-0.26333258,-0.01746022,-0.29695025,-0.10478578,0.05353941,0.61804677,-0.41505752,0.04668190,0.02250190,-0.04949189,0.05058252,-0.04302341,0.13160514,-0.41178196,1.08300081,-0.28168036,-0.18062619,0.02308227,-0.20641003,-0.06265338,0.57093510,1.12904106,-0.17927304,-0.11331012,0.10369788
1.78484719,-0.38371055,0.69603402,0.00790145,0.01688795,-0.76278396,0.64638456,-0.03448323,-0.04165686,-0.02062528,0.03652361,-0.26009617,-0.01932864,-0.30664918,-0.11035680,0.05597110,0.63391969,-0.41792599,0.04534418,0.01922073,-0.05071673,0.05172114,-0.04567442,0.13435074,-0.41373886,1.08555547,-0.28184327,-0.17956331,0.02945123,-0.21275123,-0.05388909,0.55989922,1.14454182,-0.16819505,-0.10944116,0.09069392
1.78861495,-0.38354951,0.69540430,0.00793619,0.01768478,-0.76213906,0.64712311,-0.03642347,-0.04627093,-0.02182295,0.03490039,-0.25731594,-0.02017063,-0.31209300,-0.11496100,0.05871521,0.64069118,-0.41798837,0.04349066,0.01652131,-0.05259224,0.05179721,-0.04909268,0.13774227,-0.41375335,1.09168447,-0.27829519,-0.17826865,0.03019471,-0.21760883,-0.04487030,0.55045805,1.15520421,-0.15424360,-0.10635086,0.08723361
1.79199269,-0.38369693,0.69528825,0.00758407,0.01865470,-0.76185725,0.64743186,-0.03705678,-0.04941844,-0.02189336,0.03337070,-0.25525741,-0.01911626,-0.31312658,-0.11719941,0.06223387,0.64009228,-0.41818330,0.03846026,0.01448288,-0.05317434,0.05133729,-0.05032800,0.13997776,-0.41177075,1.09517700,-0.28037754,-0.17815919,0.03320343,-0.21940644,-0.04034146,0.55016774,1.15477485,-0.14814346,-0.10503443,0.09015828
1.79509226,-0.38413212,0.69534250,0.00693688,0.01969179,-0.76162681,0.64767949,-0.03658057,-0.05173485,-0.02186040,0.03136000,-0.25298050,-0.01747214,-0.31107771,-0.11913658,0.06280963,0.63540627,-0.42032774,0.03006724,0.01202161,-0.05242448,0.05030365,-0.04878656,0.14395464,-0.41148226,1.09667000,-0.27016592,-0.17638805,0.03025312,-0.21817592,-0.04066635,0.55759890,1.14387314,-0.14867326,-0.10625805,0.09970163
1.79767637,-0.38471572,0.69522153,0.00616314,0.02052774,-0.76122579,0.64813265,-0.03523925,-0.05359294,-0.02238648,0.02929262,-0.25105460,-0.01651257,-0.30870545,-0.12069041,0.06317983,0.63205269,-0.42321413,0.02311695,0.00991539,-0.05229524,0.04932415,-0.04579808,0.14717959,-0.41017421,1.09450149,-0.26225623,-0.17477832,0.02759119,-0.21524751,-0.04246749,0.56626952,1.12768207,-0.15434842,-0.10877461,0.10994647
1.79995495,-0.38531583,0.69463111,0.00505237,0.02126357,-0.76076112,0.64866390,-0.03287558,-0.05459500,-0.02283101,0.02706477,-0.24893198,-0.01738806,-0.30858780,-0.12103802,0.06499814,0.63397173,-0.42598749,0.01932545,0.00910221,-0.05174081,0.04963489,-0.04340195,0.14826063,-0.40852233,1.09090612,-0.26363655,-0.17390398,0.02745504,-0.21236099,-0.04694898,0.57814856,1.10943186,-0.15998042,-0.11037541,0.11801777
1.80206496,-0.38595912,0.69384573,0.00348705,0.02103925,-0.76039582,0.64910969,-0.02838486,-0.05634588,-0.02319356,0.02477738,-0.24776971,-0.01884618,-0.30878409,-0.12166010,0.06781810,0.64052409,-0.43005804,0.01842909,0.01064547,-0.05194934,0.05260192,-0.04292423,0.14715027,-0.40670859,1.08823806,-0.27811812,-0.17620365,0.02463845,-0.21082232,-0.04981004,0.58233589,1.09837808,-0.16233532,-0.11136976,0.12001909
1.80392281,-0.38672010,0.69292296,0.00176073,0.01964559,-0.76010354,0.64950254,-0.02220041,-0.05942862,-0.02316947,0.02285573,-0.24770038,-0.02034880,-0.30823525,-0.12402381,0.06980588,0.65005411,-0.43628245,0.01902106,0.01021319,-0.05616588,0.05766536,-0.04151247,0.14917819,-0.40395446,1.08458577,-0.29109262,-0.17867216,0.02578624,-0.21217230,-0.04614858,0.58002868,1.09718463,-0.16159726,-0.11054706,0.11480087
1.80561504,-0.38758004,0.69182839,-0.00030621,0.01739612,-0.75972827,0.65000788,-0.01468891,-0.06317304,-0.02346418,0.02198908,-0.24893429,-0.02087418,-0.30586241,-0.12733520,0.07137247,0.66040519,-0.44348423,0.01910846,0.01020228,-0.06172603,0.06549895,-0.04121438,0.15248853,-0.40511722,1.08294767,-0.28991560,-0.17701252,0.03232755,-0.21455346,-0.04198594,0.57624366,1.09883357,-0.15647169,-0.10868741,0.10740987
1.80700277,-0.38853374,0.69072573,-0.00291909,0.01487099,-0.75948385,0.65034961,-0.00631397,-0.06601917,-0.02306397,0.02159530,-0.25038449,-0.02185578,-0.30190597,-0.12962990,0.07285313,0.67019241,-0.45038633,0.01825866,0.01225431,-0.06631778,0.07651583,-0.04265458,0.15472922,-0.40409604,1.08197442,-0.30172963,-0.17802606,0.02829188,-0.21793680,-0.03905679,0.57151250,1.09995891,-0.14843467,-0.10732778,0.10054051
1.80816076,-0.38940140,0.68983910,-0.00537573,0.01265425,-0.75951460,0.65034494,0.00080734,-0.06802348,-0.02200490,0.02182342,-0.25185136,-0.02295536,-0.29830280,-0.13057021,0.07471009,0.67864866,-0.45693129,0.01507839,0.01527999,-0.07091334,0.08778555,-0.04465979,0.15595708,-0.40231697,1.08094508,-0.31206621,-0.17778964,0.03110690,-0.22155370,-0.03717086,0.56951803,1.09905840,-0.14038600,-0.10638017,0.09319667
1.80925964,-0.38993300,0.68925710,-0.00712008,0.01085539,-0.75963214,0.65022340,0.00630009,-0.07017021,-0.02115724,0.02216615,-0.25375576,-0.02280281,-0.29540906,-0.13145509,0.07709587,0.68465110,-0.46141394,0.01241792,0.01793210,-0.07447805,0.09584971,-0.04490687,0.15549138,-0.39844175,1.08139997,-0.32281956,-0.17773529,0.03330727,-0.22361050,-0.03691817,0.57133214,1.09791357,-0.13538147,-0.10612642,0.08925300
1.81027631,-0.39040008,0.68898114,-0.00781496,0.01022017,-0.75993501,0.64987173,0.00919061,-0.07168791,-0.02045341,0.02121787,-0.25415916,-0.02183055,-0.29438545,-0.13151543,0.07993760,0.68725589,-0.46471763,0.00754523,0.02090874,-0.07597512,0.09746067,-0.04355088,0.15294213,-0.39336071,1.08383833,-0.33701935,-0.17730810,0.03390842,-0.22404053,-0.03833704,0.57746381,1.09904725,-0.13525458,-0.10611138,0.09006988
1.81101773,-0.39082588,0.68906293,-0.00776064,0.01078876,-0.76020542,0.64954684,0.00967087,-0.07184783,-0.01986248,0.01948259,-0.25338327,-0.02141508,-0.29451746,-0.13048303,0.08190600,0.68641989,-0.46637205,0.00224012,0.02264220,-0.07543662,0.09346843,-0.04110548,0.15093769,-0.38777433,1.08683511,-0.34895130,-0.17604551,0.03262914,-0.22293025,-0.04011332,0.58536239,1.10145154,-0.13630946,-0.10573833,0.09425507
1.81150725,-0.39130541,0.68935931,-0.00744643,0.01219755,-0.76019765,0.64953469,0.00831136,-0.07080008,-0.02011934,0.01786440,-0.25167697,-0.02119701,-0.29455983,-0.12874027,0.08227592,0.68267618,-0.46606494,-0.00210826,0.02267815,-0.07281431,0.08697748,-0.03913891,0.15130483,-0.38430989,1.08840457,-0.34995316,-0.17408936,0.03051694,-0.22132988,-0.04161559,0.59042269,1.10358084,-0.13770792,-0.10502332,0.09927647
1.81198154,-0.39198875,0.68985962,-0.00723300,0.01368589,-0.75981244,0.64995803,0.00625954,-0.06986324,-0.02144524,0.01692709,-0.25015485,-0.02058018,-0.29334002,-0.12766669,0.08028225,0.67717114,-0.46499845,-0.00614735,0.02020814,-0.06920298,0.08092497,-0.03805231,0.15408356,-0.38373130,1.08796874,-0.34306547,-0.17273950,0.02725613,-0.22061313,-0.04267343,0.59391483,1.10462359,-0.13784654,-0.10434209,0.10419992
1.81270306,-0.39227038,0.69009611,-0.00709114,0.01450750,-0.75927097,0.65057424,0.00448128,-0.07045720,-0.02311784,0.01668967,-0.24950684,-0.01827247,-0.29302081,-0.12889713,0.07747443,0.67454910,-0.46370486,-0.00656923,0.01623673,-0.06683630,0.07726983,-0.03747812,0.15814709,-0.38290374,1.08647605,-0.33567995,-0.17421950,0.02222434,-0.22017610,-0.04307947,0.59490396,1.10385119,-0.13805205,-0.10485486,0.10751694
1.81340324,-0.39253897,0.69012520,-0.00687004,0.01438504,-0.75886527,0.65105251,0.00334648,-0.07260611,-0.02402476,0.01688819,-0.24968216,-0.01514378,-0.29410114,-0.13168759,0.07560476,0.67627902,-0.46355697,-0.00460621,0.01369004,-0.06774604,0.07566576,-0.03845575,0.16138956,-0.38281571,1.08426413,-0.33504044,-0.17664664,0.02550061,-0.21928688,-0.04163732,0.59455240,1.10205757,-0.13981519,-0.10489450,0.10555753
1.81391684,-0.39281355,0.68988884,-0.00700019,0.01353104,-0.75889359,0.65103643,0.00327069,-0.07484541,-0.02361809,0.01793716,-0.25088841,-0.01323399,-0.29641706,-0.13423201,0.07473014,0.68297539,-0.46571187,-0.00418140,0.01299242,-0.07047006,0.07644101,-0.04066183,0.16436720,-0.38452387,1.08241427,-0.33438119,-0.17624478,0.03171364,-0.21876156,-0.03990012,0.59651053,1.09984203,-0.14090606,-0.10433492,0.10130462
1.81452505,-0.39293352,0.68926548,-0.00701919,0.01185105,-0.75924949,0.65065390,0.00355551,-0.07856626,-0.02254027,0.02017268,-0.25308178,-0.01099871,-0.29942070,-0.13848180,0.07457635,0.69241937,-0.46878992,-0.00478395,0.01354478,-0.07542404,0.07915800,-0.04388666,0.16799316,-0.38639872,1.08231637,-0.33485727,-0.17584462,0.03163232,-0.21936338,-0.03870025,0.59975637,1.09769122,-0.14159759,-0.10391613,0.09959013
1.81478541,-0.39312485,0.68853131,-0.00721658,0.00960616,-0.75996555,0.64985229,0.00550456,-0.08210480,-0.02002685,0.02212048,-0.25537845,-0.01043439,-0.30205271,-0.14181567,0.07671711,0.70325296,-0.47231512,-0.00686807,0.01558069,-0.08139765,0.08373562,-0.04720429,0.17231613,-0.38776201,1.08223658,-0.33403934,-0.17394465,0.02801272,-0.22053403,-0.03789527,0.60397236,1.09480918,-0.14182080,-0.10325392,0.09864500
1.81481628,-0.39336788,0.68784230,-0.00748132,0.00728128,-0.76109596,0.64855528,0.00837869,-0.08494764,-0.01635489,0.02341897,-0.25759369,-0.01090506,-0.30491693,-0.14335094,0.08080196,0.71466693,-0.47565921,-0.00997690,0.01939208,-0.08731450,0.08897856,-0.05010581,0.17328249,-0.38554876,1.08065658,-0.34403610,-0.17346647,0.03136397,-0.22137716,-0.03763609,0.60839049,1.09100306,-0.14110775,-0.10228550,0.09705744
1.81499704,-0.39324427,0.68729455,-0.00782317,0.00516520,-0.76237412,0.64706864,0.01100945,-0.08741430,-0.01238929,0.02482164,-0.25970578,-0.01089720,-0.30757064,-0.14418787,0.08562605,0.72412589,-0.47834506,-0.01485556,0.02291050,-0.09142238,0.09353903,-0.05157302,0.17277986,-0.38022158,1.08051614,-0.35333937,-0.17299140,0.03282201,-0.22202433,-0.03842528,0.61221467,1.08937141,-0.14037538,-0.10143018,0.09852383
1.81528706,-0.39291437,0.68701380,-0.00791849,0.00373367,-0.76362983,0.64559495,0.01207932,-0.08924233,-0.00809442,0.02642916,-0.26147203,-0.01046784,-0.31039465,-0.14450190,0.09016431,0.73048051,-0.47976750,-0.01955408,0.02526426,-0.09342356,0.09541927,-0.05190622,0.17139874,-0.37290201,1.08213508,-0.36232953,-0.17199963,0.03289792,-0.22298298,-0.03986424,0.61554491,1.09148036,-0.14181214,-0.10053748,0.10238825
1.81679676,-0.39219607,0.68677428,-0.00752435,0.00326408,-0.76456692,0.64449217,0.00936710,-0.09239226,-0.00580788,0.02909517,-0.26256079,-0.00565128,-0.31422143,-0.14585098,0.09428108,0.73286826,-0.47880660,-0.01808998,0.02499199,-0.09246420,0.09507937,-0.05314892,0.16793743,-0.36357937,1.08490301,-0.37075889,-0.17301058,0.03177470,-0.22527379,-0.04253968,0.61801636,1.09590596,-0.14706242,-0.09931600,0.10698807
1.81885658,-0.39105488,0.68686868,-0.00686200,0.00302529,-0.76506707,0.64390693,0.00352723,-0.09660017,-0.00441430,0.03328403,-0.26434223,0.00280653,-0.31757186,-0.14852679,0.09731762,0.73309164,-0.47870156,-0.01245711,0.02214680,-0.09082659,0.09362690,-0.05498030,0.16508066,-0.35213243,1.08934360,-0.37109376,-0.17488562,0.02750073,-0.22861362,-0.04470568,0.61663397,1.10222595,-0.15249706,-0.09792078,0.11384001
1.81908912,-0.39035670,0.68716717,-0.00602948,0.00341043,-0.76559801,0.64328198,-0.00132643,-0.09681453,-0.00201022,0.03604683,-0.26519755,0.00417783,-0.31958850,-0.14830964,0.09889989,0.73161547,-0.47922887,-0.01320856,0.01876084,-0.08921592,0.09028762,-0.05449543,0.16582316,-0.34747154,1.09068471,-0.36965562,-0.17502147,0.02637362,-0.22954476,-0.04584475,0.61219724,1.10644408,-0.15295549,-0.09694427,0.11865376
1.81887535,-0.38976849,0.68740766,-0.00554925,0.00389616,-0.76585632,0.64297599,-0.00516613,-0.09553701,0.00037736,0.03869330,-0.26756208,0.00317285,-0.32078492,-0.14706306,0.09972876,0.73028850,-0.47956644,-0.01317062,0.01401693,-0.08700274,0.08738831,-0.05323302,0.16763146,-0.34702335,1.09092977,-0.36547563,-0.17476924,0.02707184,-0.22804465,-0.04748286,0.60768795,1.10673717,-0.15179565,-0.09589303,0.12021561
1.81765348,-0.38961124,0.68760248,-0.00584060,0.00403306,-0.76597654,0.64282934,-0.00563540,-0.09213721,0.00346217,0.04105159,-0.27373472,-0.00298242,-0.31972068,-0.14428563,0.09951391,0.72926980,-0.48047562,-0.01613400,0.00862226,-0.08457041,0.08603722,-0.05123742,0.17005625,-0.35124463,1.08983112,-0.35942134,-0.17370142,0.03114272,-0.22404309,-0.04921916,0.60443377,1.10421309,-0.14904569,-0.09528989,0.11624740
1.81814543,-0.38888210,0.68744017,-0.00618650,0.00356760,-0.76581947,0.64301597,-0.00796083,-0.09289527,0.00462427,0.04600483,-0.28263794,-0.00401009,-0.31972592,-0.14570237,0.09907268,0.72938062,-0.47897047,-0.00948281,0.00376270,-0.08308222,0.08717303,-0.05216168,0.17002710,-0.35509784,1.09103906,-0.35508854,-0.17538639,0.03085503,-0.22003136,-0.05076511,0.59832178,1.10130460,-0.14813490,-0.09557909,0.11014857
1.81807615,-0.38824957,0.68736257,-0.00690048,0.00248916,-0.76590145,0.64291614,-0.00897809,-0.09322575,0.00606719,0.05169266,-0.29084526,-0.00510461,-0.31859622,-0.14645574,0.09908196,0.73121292,-0.47863418,-0.00411448,0.00151007,-0.08403983,0.08983953,-0.05268365,0.16978310,-0.35858375,1.09182516,-0.35305468,-0.17546310,0.03016524,-0.21467387,-0.05125203,0.59065205,1.09744337,-0.14475584,-0.09464965,0.10290426
1.81742312,-0.38797983,0.68728063,-0.00749512,0.00133319,-0.76648624,0.64221561,-0.00875267,-0.09280775,0.00822227,0.05623177,-0.29661609,-0.00615312,-0.31717099,-0.14591027,0.10046713,0.73255586,-0.47814319,-0.00132131,0.00187623,-0.08790985,0.09254215,-0.05264432,0.16945879,-0.36104045,1.09039590,-0.35827985,-0.17362783,0.03015670,-0.21003707,-0.05009052,0.58379022,1.09455507,-0.13873440,-0.09228334,0.09798728
1.81653043,-0.38798417,0.68727448,-0.00802755,0.00039045,-0.76752231,0.64097185,-0.00737467,-0.09186396,0.01051212,0.05876291,-0.29984706,-0.00619688,-0.31618713,-0.14366402,0.10320069,0.73338651,-0.47723072,0.00023570,0.00486690,-0.09339313,0.09474642,-0.05374133,0.16718740,-0.35963832,1.08949343,-0.36944722,-0.17158412,0.03005324,-0.20688277,-0.04912673,0.57936500,1.09240476,-0.13161109,-0.08898167,0.09759201
1.81561189,-0.38805718,0.68733203,-0.00850548,-0.00030304,-0.76869771,0.63955563,-0.00571701,-0.09067509,0.01248690,0.06010498,-0.30114515,-0.00532913,-0.31568780,-0.14080293,0.10611565,0.73369980,-0.47574333,0.00103408,0.00866799,-0.09801122,0.09634569,-0.05503779,0.16320101,-0.35460232,1.08930090,-0.37930448,-0.16900871,0.02713020,-0.20504052,-0.04931850,0.57534051,1.09123817,-0.12874427,-0.08630743,0.10179660
1.81466999,-0.38818237,0.68743241,-0.00887182,-0.00074209,-0.76980246,0.63822012,-0.00423774,-0.08924192,0.01413637,0.06091181,-0.30178192,-0.00419819,-0.31513954,-0.13794196,0.10864421,0.73292350,-0.47392360,0.00128476,0.01158609,-0.10053737,0.09651429,-0.05490090,0.15821223,-0.35006250,1.08879235,-0.38463863,-0.16623388,0.02833981,-0.20335414,-0.05194174,0.57501158,1.08926734,-0.12605661,-0.08428250,0.10727762
1.81365312,-0.38827597,0.68759543,-0.00903998,-0.00084524,-0.77076429,0.63705571,-0.00347193,-0.08743244,0.01537408,0.06152019,-0.30276959,-0.00352162,-0.31491317,-0.13489986,0.11074214,0.73135593,-0.47167412,0.00231433,0.01346409,-0.10117012,0.09515354,-0.05420565,0.15304300,-0.34584318,1.08831828,-0.39468977,-0.16523279,0.03001969,-0.20170121,-0.05522697,0.57565137,1.08825167,-0.12465386,-0.08206220,0.11271013
1.81264131,-0.38827209,0.68782805,-0.00910046,-0.00085374,-0.77125490,0.63646079,-0.00350057,-0.08579056,0.01607918,0.06266976,-0.30402890,-0.00314801,-0.31455365,-0.13279877,0.11154482,0.72925924,-0.46942809,0.00397424,0.01345392,-0.10042847,0.09241525,-0.05308396,0.15009791,-0.34375291,1.08976640,-0.39919181,-0.16592010,0.02609194,-0.19962383,-0.05721873,0.57329523,1.09007734,-0.12338024,-0.08109131,0.11893168
1.81157223,-0.38818875,0.68807804,-0.00909849,-0.00074801,-0.77147815,0.63619032,-0.00403017,-0.08395340,0.01626682,0.06408946,-0.30512999,-0.00302237,-0.31431518,-0.13106917,0.11150220,0.72751175,-0.46743891,0.00590233,0.01268952,-0.09854253,0.08959384,-0.05282032,0.14674974,-0.34371757,1.09124547,-0.39978456,-0.16911239,0.03335302,-0.19714868,-0.05825118,0.56994097,1.09194746,-0.12104287,-0.08054732,0.11804405
1.81041993,-0.38806018,0.68834120,-0.00890643,-0.00066134,-0.77136550,0.63632971,-0.00460101,-0.08240855,0.01553188,0.06512124,-0.30549942,-0.00321875,-0.31420032,-0.13011429,0.11053074,0.72644686,-0.46548146,0.00819409,0.01012038,-0.09617321,0.08660345,-0.05235084,0.14594833,-0.34793970,1.09378964,-0.39065838,-0.17077600,0.03868097,-0.19558497,-0.05917151,0.56746030,1.09482324,-0.12074385,-0.07996683,0.11784507
1.80914860,-0.38791134,0.68851726,-0.00885838,-0.00070191,-0.77084288,0.63696334,-0.00408333,-0.08090699,0.01412926,0.06510031,-0.30539346,-0.00448513,-0.31361627,-0.12992794,0.10801325,0.72620327,-0.46405344,0.01072505,0.00571760,-0.09373817,0.08423323,-0.05216757,0.14743511,-0.35376090,1.09820344,-0.37489018,-0.17171614,0.03645778,-0.19528859,-0.05951930,0.56426749,1.09829953,-0.12228406,-0.08030726,0.11998122
1.80761114,-0.38779059,0.68867710,-0.00891582,-0.00073013,-0.77019755,0.63774267,-0.00319438,-0.07879708,0.01242975,0.06494956,-0.30534216,-0.00668203,-0.31254973,-0.12949401,0.10462263,0.72635895,-0.46326084,0.01152269,0.00107198,-0.09036848,0.08223504,-0.05154870,0.14853479,-0.35979391,1.10121387,-0.36086082,-0.17263273,0.03390222,-0.19522322,-0.05917221,0.56027466,1.10073815,-0.12256242,-0.08127532,0.11864910
1.80608549,-0.38763847,0.68883457,-0.00878232,-0.00097185,-0.76951984,0.63856178,-0.00247956,-0.07733939,0.01082907,0.06529497,-0.30581090,-0.00834126,-0.31159426,-0.12939487,0.10215974,0.72689282,-0.46313897,0.01113081,-0.00323880,-0.08688776,0.08029380,-0.05061752,0.14922482,-0.36621105,1.10423691,-0.34714992,-0.17233310,0.02797879,-0.19517032,-0.05943000,0.55701777,1.10224346,-0.12270886,-0.08229574,0.11864152
1.80437445,-0.38752796,0.68900292,-0.00844881,-0.00135016,-0.76887742,0.63933897,-0.00200495,-0.07619488,0.00926836,0.06601848,-0.30632124,-0.00976329,-0.31100625,-0.12917587,0.10018122,0.72812064,-0.46376643,0.01108835,-0.00693048,-0.08333721,0.07843364,-0.04913027,0.14835837,-0.37204997,1.10570020,-0.33893461,-0.17208531,0.02531809,-0.19431768,-0.06129503,0.55642539,1.10109008,-0.12064403,-0.08248452,0.11984790
1.80243924,-0.38738772,0.68916392,-0.00803633,-0.00166367,-0.76835331,0.63997332,-0.00184549,-0.07468715,0.00747161,0.06685334,-0.30657142,-0.01105223,-0.31058460,-0.12834180,0.09841474,0.72921437,-0.46501167,0.01060704,-0.00992851,-0.07936957,0.07673251,-0.04742778,0.14654263,-0.37637860,1.10669292,-0.33469902,-0.17271333,0.02271020,-0.19372614,-0.06309038,0.55570038,1.10065077,-0.12014351,-0.08275345,0.12047833
1.80030946,-0.38723693,0.68939707,-0.00734795,-0.00196897,-0.76803850,0.64035849,-0.00193582,-0.07317621,0.00618437,0.06745651,-0.30646116,-0.01168711,-0.31026882,-0.12721029,0.09732480,0.72952568,-0.46656992,0.00871512,-0.01114570,-0.07550190,0.07520247,-0.04635104,0.14367543,-0.37929100,1.10692472,-0.33255778,-0.17239536,0.01958187,-0.19342958,-0.06531486,0.55371008,1.10107030,-0.11986147,-0.08321814,0.12107175
1.79775329,-0.38719203,0.68966758,-0.00667447,-0.00213483,-0.76774982,0.64071141,-0.00215517,-0.07063389,0.00514874,0.06776435,-0.30597413,-0.01309080,-0.30980388,-0.12482549,0.09620094,0.72942545,-0.46874997,0.00645251,-0.01185291,-0.07132972,0.07343528,-0.04498870,0.14050332,-0.38004729,1.10639637,-0.33190737,-0.17077461,0.01770281,-0.19281950,-0.06732307,0.55093530,1.10119880,-0.11836374,-0.08303110,0.12041755
1.79483739,-0.38719333,0.68998812,-0.00592115,-0.00233329,-0.76734782,0.64119952,-0.00227004,-0.06779115,0.00373336,0.06806202,-0.30616655,-0.01486409,-0.30875974,-0.12207798,0.09499580,0.72855690,-0.47057110,0.00545449,-0.01143380,-0.06765864,0.07078212,-0.04273600,0.13849355,-0.38143839,1.10510922,-0.33272996,-0.16936739,0.01941865,-0.19029580,-0.06798411,0.54790488,1.10087300,-0.11399546,-0.08227910,0.11315731
1.79086613,-0.38738130,0.69048383,-0.00534555,-0.00261642,-0.76700363,0.64161515,-0.00101603,-0.06309006,0.00301557,0.06772981,-0.30579872,-0.01934987,-0.30627641,-0.11735227,0.09397296,0.72677106,-0.47288630,0.00314349,-0.01124032,-0.06429297,0.06842481,-0.03899663,0.13671733,-0.38198906,1.10145682,-0.33919062,-0.16782644,0.02551139,-0.18767399,-0.06930559,0.54657325,1.10051269,-0.10783695,-0.08142802,0.10529405
1.78714358,-0.38736364,0.69102506,-0.00484851,-0.00287684,-0.76640290,0.64233544,-0.00056350,-0.05902968,0.00083262,0.06857930,-0.30662761,-0.02205809,-0.30276318,-0.11335598,0.09189765,0.72273200,-0.47383014,0.00444479,-0.01188894,-0.06050547,0.06663988,-0.03619336,0.13439315,-0.38104669,1.09893267,-0.34469601,-0.16715039,0.03244333,-0.18584753,-0.07096057,0.54247982,1.10164334,-0.10738503,-0.08115860,0.09925776
1.78357512,-0.38712071,0.69151516,-0.00418978,-0.00326106,-0.76571531,0.64315774,-0.00092980,-0.05573004,-0.00168202,0.06986530,-0.30718484,-0.02282161,-0.29943415,-0.11010543,0.09010820,0.71793732,-0.47431458,0.00877134,-0.01359531,-0.05728915,0.06517707,-0.03373591,0.13527480,-0.38201808,1.10055163,-0.33635833,-0.16541675,0.02690038,-0.18481736,-0.07336484,0.53888425,1.10305745,-0.10727936,-0.08158538,0.09842902
1.77949986,-0.38679525,0.69207234,-0.00356187,-0.00337902,-0.76498076,0.64403441,-0.00204753,-0.05110656,-0.00408948,0.07170979,-0.30751783,-0.02402476,-0.29596660,-0.10584807,0.08745430,0.71234020,-0.47399509,0.01483299,-0.01548870,-0.05484931,0.06425080,-0.03206795,0.13184848,-0.37633355,1.09934613,-0.34560030,-0.16639401,0.03305100,-0.18467822,-0.07542739,0.53470206,1.10447203,-0.10981241,-0.08177607,0.09400576
1.77516112,-0.38641405,0.69276714,-0.00269647,-0.00358068,-0.76447097,0.64464257,-0.00324446,-0.04652516,-0.00616349,0.07364619,-0.30833284,-0.02412498,-0.29202573,-0.10257554,0.08187759,0.70508235,-0.47256939,0.02192372,-0.01620912,-0.05346859,0.06245530,-0.02956873,0.13148344,-0.37602433,1.10037265,-0.34433983,-0.16687171,0.03385161,-0.18262675,-0.07922910,0.53352092,1.10418484,-0.10936949,-0.08227002,0.09228457
1.77039141,-0.38597075,0.69361761,-0.00177698,-0.00347987,-0.76419087,0.64497833,-0.00500562,-0.04073093,-0.00763804,0.07613568,-0.30907448,-0.02527182,-0.28701384,-0.09900257,0.07484479,0.69455747,-0.46974912,0.02828660,-0.01613443,-0.05248472,0.05955841,-0.02704538,0.13116168,-0.37584933,1.10336054,-0.33947188,-0.16724209,0.02977783,-0.18033838,-0.08308162,0.53192497,1.10557344,-0.10967444,-0.08331791,0.09375647
1.76515860,-0.38545026,0.69466262,-0.00047493,-0.00299905,-0.76418540,0.64498949,-0.00823286,-0.03404284,-0.00883524,0.07953434,-0.30942212,-0.02625321,-0.28151118,-0.09455763,0.06845869,0.68043313,-0.46486214,0.03425736,-0.01427229,-0.05278564,0.05505629,-0.02544067,0.12905456,-0.37378574,1.10585417,-0.33418678,-0.16445978,0.02900504,-0.17787204,-0.08645763,0.52871225,1.10920192,-0.11417796,-0.08313027,0.09837306
1.75967219,-0.38484703,0.69599500,0.00139457,-0.00220194,-0.76454821,0.64456128,-0.01295483,-0.02721620,-0.00982364,0.08400361,-0.31024283,-0.02583774,-0.27499525,-0.08963816,0.06251620,0.66128548,-0.45661425,0.03856804,-0.01077463,-0.05396977,0.04878850,-0.02452603,0.12644553,-0.37138931,1.10911368,-0.33166658,-0.16338427,0.02422821,-0.17412047,-0.08970256,0.52689537,1.11309858,-0.11221576,-0.08309379,0.10629338
1.75395503,-0.38425780,0.69766856,0.00371395,-0.00091283,-0.76510808,0.64389052,-0.01921518,-0.01994114,-0.01085549,0.08956082,-0.31098287,-0.02461910,-0.26732194,-0.08382129,0.05715302,0.63683549,-0.44551476,0.03861734,-0.00669550,-0.05502989,0.04007665,-0.02364029,0.12320117,-0.37039677,1.11328200,-0.32145385,-0.16058999,0.01981703,-0.16909115,-0.09274840,0.52559610,1.11819597,-0.10738515,-0.08240781,0.11664725
1.74817605,-0.38373210,0.69966284,0.00620697,0.00070083,-0.76554322,0.64335415,-0.02648562,-0.01253076,-0.01255517,0.09640885,-0.31207508,-0.02181938,-0.25802190,-0.07732737,0.05228508,0.60765351,-0.42974361,0.03769448,-0.00297619,-0.05550550,0.03002942,-0.02312691,0.11782638,-0.36771463,1.11668554,-0.31894779,-0.15942819,0.01621423,-0.16327101,-0.09571954,0.52522815,1.12333896,-0.09763545,-0.08112359,0.12687413
1.74247086,-0.38327860,0.70185704,0.00870453,0.00255201,-0.76564041,0.64320485,-0.03475429,-0.00528713,-0.01582086,0.10497803,-0.31386376,-0.01728295,-0.24676934,-0.07076052,0.04713337,0.57432221,-0.41064634,0.03689550,-0.00016747,-0.05488234,0.01902410,-0.02339796,0.11108123,-0.36302311,1.11939173,-0.32084124,-0.15918965,0.01076460,-0.15689428,-0.09944642,0.52466980,1.12732365,-0.08704539,-0.07954313,0.13836491
1.73678148,-0.38284142,0.70401748,0.01106479,0.00428297,-0.76541964,0.64342210,-0.04354616,0.00136674,-0.02068606,0.11535524,-0.31555076,-0.01338406,-0.23348207,-0.06475394,0.04118384,0.53806281,-0.38982003,0.03754221,0.00099607,-0.05355177,0.00725428,-0.02207219,0.10608605,-0.36389981,1.12217092,-0.29937805,-0.15459751,0.01008847,-0.14983283,-0.10348229,0.52482628,1.12919188,-0.08159860,-0.07759165,0.14914183
1.73134356,-0.38235805,0.70595404,0.01348930,0.00572978,-0.76508140,0.64376678,-0.05337828,0.00679615,-0.02569776,0.12803136,-0.31847044,-0.00580177,-0.22016251,-0.05989599,0.03524864,0.50187593,-0.36851856,0.03992146,0.00211811,-0.05235897,-0.00474479,-0.02078500,0.09911229,-0.36022200,1.12378761,-0.29457250,-0.15489955,0.00643577,-0.14268715,-0.10742470,0.52461115,1.12893470,-0.07832647,-0.07702188,0.15968071
1.72610833,-0.38177227,0.70758378,0.01601964,0.00678348,-0.76482210,0.64400660,-0.06534842,0.01119504,-0.02906055,0.14591272,-0.32377119,0.00233394,-0.20830203,-0.05555218,0.03081933,0.46889235,-0.34924779,0.04174964,0.00274145,-0.05154524,-0.01557945,-0.01993588,0.09430607,-0.36003886,1.12507681,-0.27799474,-0.15233353,0.00728164,-0.13647894,-0.11045427,0.52545255,1.12605887,-0.06990934,-0.07586833,0.16611623
1.72081402,-0.38092063,0.70891600,0.01820136,0.00676414,-0.76463683,0.64416883,-0.07898394,0.01495026,-0.03125747,0.17134859,-0.33166884,0.00611441,-0.19663840,-0.05199985,0.02720734,0.44058559,-0.33320809,0.04305474,0.00445616,-0.05241816,-0.02309017,-0.02025301,0.09052520,-0.35980242,1.12583602,-0.26545478,-0.15197120,0.00925253,-0.13266904,-0.11316000,0.52719863,1.12327731,-0.06434998,-0.07495306,0.17244873
1.71573341,-0.37975509,0.70994906,0.01961887,0.00553490,-0.76481019,0.64393310,-0.09517772,0.01681705,-0.03517016,0.20775252,-0.34434552,0.01086200,-0.18535643,-0.04897149,0.02540366,0.41816676,-0.31957761,0.04535491,0.00739771,-0.05429218,-0.02575958,-0.02232264,0.08594572,-0.35640751,1.12548669,-0.26522468,-0.15663035,0.01038565,-0.13230431,-0.11691149,0.53036231,1.12232457,-0.06782641,-0.07561577,0.17969000
1.71088036,-0.37829922,0.71054455,0.02039503,0.00311081,-0.76537882,0.64324928,-0.11186092,0.01660159,-0.03951605,0.25215332,-0.36299111,0.01741523,-0.17377277,-0.04721319,0.02488981,0.40086823,-0.30840637,0.04925675,0.01196675,-0.05687183,-0.02346291,-0.02587900,0.08256845,-0.35837992,1.12335384,-0.25380245,-0.15932964,0.01808724,-0.13269943,-0.12411199,0.53775388,1.11883421,-0.07283235,-0.07686473,0.18575199
1.70632214,-0.37658292,0.71049523,0.02020794,0.00016671,-0.76613181,0.64236567,-0.12428507,0.01730157,-0.04189638,0.29397447,-0.38387246,0.02099251,-0.16351557,-0.04560261,0.02423383,0.39075617,-0.30045640,0.05497932,0.01755659,-0.05870974,-0.01731847,-0.03002234,0.07853377,-0.36152108,1.11882266,-0.24274123,-0.16351581,0.02950069,-0.13251221,-0.13250882,0.54605812,1.11322472,-0.07748663,-0.07889334,0.18618056
1.70188715,-0.37474475,0.70972885,0.01885398,-0.00285856,-0.76702927,0.64132866,-0.13032538,0.02087623,-0.04193362,0.32710929,-0.40276710,0.02038987,-0.15687753,-0.04210639,0.02414472,0.39027730,-0.29689461,0.05815314,0.02405069,-0.05976858,-0.00759040,-0.03534650,0.07339831,-0.36009470,1.11287393,-0.25035706,-0.17425867,0.03551643,-0.13343099,-0.14097452,0.55380972,1.10866892,-0.08661994,-0.08289547,0.18783671
1.69737849,-0.37297717,0.70861080,0.01719954,-0.00589181,-0.76823993,0.63990380,-0.13148414,0.02560726,-0.04174483,0.35128541,-0.41756503,0.01844867,-0.15381989,-0.03711407,0.02568676,0.39654724,-0.29707334,0.05802747,0.03025394,-0.06053973,0.00370267,-0.04034034,0.07118919,-0.36354737,1.10798758,-0.24053351,-0.17975063,0.04577152,-0.13557451,-0.14743207,0.56123420,1.10718616,-0.09851255,-0.08677812,0.18590850
1.69281304,-0.37142420,0.70754298,0.01632721,-0.00855271,-0.76943478,0.63845939,-0.13028289,0.03038001,-0.04048399,0.36623073,-0.42761098,0.01589839,-0.15187069,-0.03257943,0.02705597,0.40150248,-0.29777750,0.05605547,0.03512148,-0.06228038,0.01307015,-0.04332797,0.06874479,-0.36722204,1.10438852,-0.23120962,-0.18348819,0.06147412,-0.13772731,-0.14961259,0.56735973,1.11033380,-0.10527500,-0.08942967,0.18057022
1.68823549,-0.37023351,0.70687530,0.01663531,-0.01020657,-0.77032295,0.63735520,-0.12894939,0.03533044,-0.03826886,0.37243431,-0.43255266,0.01246027,-0.15103033,-0.02828745,0.02761160,0.40221471,-0.29667629,0.05456137,0.03722256,-0.06426510,0.01696666,-0.04362063,0.06507291,-0.37142220,1.10417470,-0.22021964,-0.18406971,0.08413392,-0.13935918,-0.14800689,0.57332091,1.11893665,-0.10826122,-0.08984636,0.17686570
1.68409811,-0.36925791,0.70669374,0.01835132,-0.01075495,-0.77103143,0.63644175,-0.12934025,0.03892159,-0.03696281,0.37248122,-0.43334629,0.01127314,-0.15289423,-0.02464183,0.02837650,0.39980808,-0.29378063,0.05438576,0.03653873,-0.06621351,0.01463281,-0.04133619,0.06098074,-0.37637628,1.10573537,-0.20668036,-0.17955974,0.10999288,-0.13997427,-0.14492390,0.57955707,1.12944068,-0.10902761,-0.08806361,0.17529093
1.68042237,-0.36815362,0.70694891,0.02073837,-0.01103196,-0.77119505,0.63616540,-0.13099778,0.04096099,-0.03592917,0.36946572,-0.43188114,0.01119111,-0.15549608,-0.02239175,0.02840975,0.39554430,-0.28991792,0.05534266,0.03417252,-0.06841463,0.00830886,-0.03805052,0.05814193,-0.37889215,1.10986839,-0.18540286,-0.17228684,0.12607546,-0.13801409,-0.14222253,0.57959826,1.13712900,-0.10926371,-0.08488913,0.18129748
1.67696953,-0.36711337,0.70736121,0.02304633,-0.01132940,-0.77091983,0.63641427,-0.13278190,0.04264262,-0.03546026,0.36619091,-0.42907381,0.00969050,-0.15534959,-0.02119379,0.02694065,0.38741453,-0.28473912,0.05649114,0.03097188,-0.07026539,0.00068216,-0.03439179,0.05721283,-0.37897706,1.11294629,-0.16615432,-0.16641365,0.12955018,-0.13349938,-0.14305617,0.57642900,1.13756012,-0.10661268,-0.08267475,0.18981510
1.67360130,-0.36613777,0.70769669,0.02484506,-0.01173980,-0.77038859,0.63698220,-0.13534146,0.04446648,-0.03584277,0.36648443,-0.42712009,0.00686434,-0.15315609,-0.01991677,0.02471646,0.37828210,-0.27954338,0.05826400,0.02846635,-0.07074117,-0.00633135,-0.03099202,0.05631816,-0.37553475,1.11367920,-0.16730642,-0.16854124,0.12065655,-0.12706216,-0.14737696,0.57064498,1.13190014,-0.10133610,-0.08296481,0.19640762
1.67033434,-0.36513754,0.70778544,0.02598841,-0.01256611,-0.76968112,0.63777556,-0.13989331,0.04564744,-0.03816399,0.37418865,-0.42815220,0.00465843,-0.14947332,-0.01888473,0.02199541,0.37041194,-0.27563299,0.06015746,0.02505112,-0.07011898,-0.01157696,-0.02775182,0.05595320,-0.37231487,1.11326022,-0.17187684,-0.17218069,0.11172777,-0.12081814,-0.15281205,0.56435765,1.12425982,-0.09374698,-0.08408090,0.19707894
1.66743563,-0.36408049,0.70754302,0.02658095,-0.01394522,-0.76885910,0.63871329,-0.14639573,0.04540850,-0.04148283,0.38923405,-0.43244985,0.00446625,-0.14428012,-0.01854581,0.01975500,0.36337131,-0.27344709,0.06072445,0.02123623,-0.06906445,-0.01467615,-0.02507371,0.05580046,-0.37262105,1.11222654,-0.17335656,-0.17446681,0.10690066,-0.11541317,-0.15719643,0.55838060,1.11684209,-0.08069902,-0.08482516,0.19028135
1.66473818,-0.36312554,0.70694744,0.02586106,-0.01559416,-0.76792596,0.63982634,-0.15203456,0.04594888,-0.04536659,0.40795076,-0.43887620,0.00483622,-0.13670110,-0.01739716,0.01686809,0.35702788,-0.27096995,0.06270066,0.01720865,-0.06614920,-0.01466742,-0.02403877,0.05365049,-0.37235285,1.11166405,-0.18522607,-0.18105877,0.10017222,-0.11251407,-0.16196398,0.55406643,1.11189112,-0.07048885,-0.08616157,0.18397601
1.66228302,-0.36237337,0.70612172,0.02420548,-0.01749505,-0.76699023,0.64096335,-0.15559982,0.04664134,-0.05033459,0.42701348,-0.44537628,0.00596161,-0.12747461,-0.01587955,0.01353523,0.35139944,-0.26880022,0.06504995,0.01283395,-0.06233529,-0.01254860,-0.02408309,0.04989078,-0.37503623,1.11218207,-0.18785781,-0.18341381,0.10241786,-0.11176681,-0.16661669,0.55162237,1.11084661,-0.07094148,-0.08760394,0.17763206
1.66004037,-0.36186352,0.70531019,0.02201316,-0.01933663,-0.76611562,0.64203456,-0.15707385,0.04782240,-0.05579556,0.44397096,-0.45115225,0.00780605,-0.11757805,-0.01384223,0.00992403,0.34597308,-0.26666270,0.06789499,0.00941336,-0.05856492,-0.01008610,-0.02500159,0.04485609,-0.37920694,1.11375018,-0.18258160,-0.18181116,0.11208381,-0.11060040,-0.16959751,0.54839800,1.11293912,-0.07054411,-0.08770595,0.17079317
1.65807284,-0.36150828,0.70463938,0.02002575,-0.02087950,-0.76536866,0.64294154,-0.15780180,0.04906092,-0.06137653,0.45793177,-0.45603000,0.01124200,-0.10881065,-0.01167036,0.00702099,0.34099969,-0.26453770,0.06926225,0.00745775,-0.05553641,-0.00929587,-0.02568241,0.03993295,-0.38504775,1.11615222,-0.16662122,-0.17640429,0.12164369,-0.10791077,-0.17121980,0.54315272,1.11665532,-0.06245087,-0.08590941,0.17067738
1.65628027,-0.36142588,0.70415436,0.01846038,-0.02207801,-0.76479331,0.64363263,-0.15807032,0.04959923,-0.06740832,0.46864134,-0.46007378,0.01632071,-0.10116736,-0.00943702,0.00497473,0.33568470,-0.26150742,0.07028306,0.00701468,-0.05317675,-0.01146296,-0.02417611,0.03459754,-0.38811187,1.11598218,-0.16552364,-0.17581515,0.11770471,-0.10362055,-0.17113615,0.53530288,1.12113794,-0.04897203,-0.08304387,0.17626297
1.65475305,-0.36141222,0.70385227,0.01760208,-0.02282837,-0.76441536,0.64407933,-0.15896386,0.04964642,-0.07196210,0.47646163,-0.46347971,0.02297056,-0.09608036,-0.00777654,0.00324481,0.33095564,-0.25831873,0.07135308,0.00845720,-0.05105213,-0.01590803,-0.02175809,0.02952817,-0.38799713,1.11365985,-0.17644605,-0.17960787,0.10680035,-0.09840334,-0.17165771,0.52651007,1.12276999,-0.03684173,-0.08029571,0.18416362
1.65360525,-0.36139148,0.70367408,0.01746407,-0.02311270,-0.76425925,0.64425818,-0.16023041,0.04950508,-0.07519054,0.48106926,-0.46659005,0.02996602,-0.09428312,-0.00665136,0.00227289,0.32832762,-0.25596552,0.07173458,0.01120191,-0.04851369,-0.02078804,-0.01920381,0.02604801,-0.39079164,1.11065782,-0.17508441,-0.17858259,0.10275342,-0.09388916,-0.17450604,0.52058297,1.12041928,-0.03031885,-0.07821297,0.18888621
1.65266078,-0.36130842,0.70351578,0.01773978,-0.02311687,-0.76425872,0.64425113,-0.16116561,0.04942848,-0.07814635,0.48242213,-0.46957018,0.03500914,-0.09483629,-0.00556169,0.00227884,0.32771991,-0.25452735,0.07112678,0.01400373,-0.04628975,-0.02518313,-0.01592169,0.02443150,-0.39254970,1.10688737,-0.17027809,-0.17655063,0.09795302,-0.09129469,-0.17767854,0.51814176,1.11731285,-0.02900713,-0.07761669,0.18979902
1.65183941,-0.36125024,0.70340780,0.01808481,-0.02295876,-0.76427623,0.64422642,-0.16082419,0.04980208,-0.08059571,0.48040409,-0.47232740,0.03698097,-0.09637724,-0.00441150,0.00221343,0.32835529,-0.25422231,0.07006694,0.01617869,-0.04443025,-0.02827992,-0.01181996,0.02421531,-0.39273076,1.10071921,-0.17289823,-0.17546903,0.09699093,-0.09086623,-0.18004547,0.51833746,1.11475817,-0.03163432,-0.07798379,0.18616870
1.65121464,-0.36118998,0.70331642,0.01840162,-0.02302273,-0.76415864,0.64435464,-0.15941101,0.05013056,-0.08182495,0.47650679,-0.47454460,0.03602321,-0.09736587,-0.00399457,0.00145680,0.32884436,-0.25459609,0.06906729,0.01663666,-0.04343059,-0.03024238,-0.00713113,0.02565309,-0.39134077,1.09647180,-0.17992019,-0.17902080,0.09221837,-0.09226804,-0.18108530,0.52056537,1.11362432,-0.03578562,-0.07886108,0.18433690
1.65063486,-0.36113404,0.70323466,0.01866676,-0.02313163,-0.76379683,0.64477197,-0.15831296,0.05012930,-0.08332603,0.47322678,-0.47524185,0.03218099,-0.09770349,-0.00377644,0.00032996,0.32863587,-0.25497007,0.06883878,0.01517560,-0.04346203,-0.03205555,-0.00311869,0.02867373,-0.39044750,1.09660244,-0.18401764,-0.18187956,0.09133201,-0.09430365,-0.18145545,0.52464044,1.11304813,-0.04027990,-0.07944302,0.18422945
1.65011253,-0.36103445,0.70320411,0.01885844,-0.02330988,-0.76308651,0.64560048,-0.15794378,0.04983949,-0.08456361,0.47130641,-0.47459935,0.02632735,-0.09760858,-0.00396785,-0.00150045,0.32808247,-0.25545353,0.06870761,0.01211760,-0.04406017,-0.03395757,-0.00021133,0.03241888,-0.39142020,1.10116475,-0.17508687,-0.17996460,0.09674494,-0.09554555,-0.18151257,0.52813100,1.11225949,-0.04387589,-0.07948955,0.18438743
1.64970731,-0.36090163,0.70317092,0.01918409,-0.02360345,-0.76217456,0.64665663,-0.15834096,0.04894228,-0.08544087,0.47084506,-0.47363967,0.02080965,-0.09729902,-0.00503967,-0.00359734,0.32741705,-0.25586539,0.06841852,0.00865464,-0.04569317,-0.03583925,0.00135975,0.03592658,-0.39145347,1.10728805,-0.16504201,-0.17602026,0.10408246,-0.09554633,-0.18113666,0.52947131,1.11108221,-0.04412672,-0.07898604,0.18493064
1.64936445,-0.36076501,0.70309186,0.01908646,-0.02379251,-0.76101886,0.64801229,-0.15858135,0.04847128,-0.08696334,0.47092336,-0.47303267,0.01629349,-0.09644170,-0.00568698,-0.00652825,0.32685478,-0.25631766,0.06841823,0.00610903,-0.04705039,-0.03671336,0.00117638,0.03829831,-0.38988510,1.11491823,-0.15964743,-0.17369746,0.10541171,-0.09416941,-0.18090248,0.52734344,1.10956901,-0.04081422,-0.07843300,0.18659141
1.64907834,-0.36058821,0.70292079,0.01863477,-0.02391716,-0.75981628,0.64943047,-0.15871029,0.04828076,-0.08915102,0.47164839,-0.47310070,0.01331555,-0.09529575,-0.00577724,-0.00968915,0.32658185,-0.25670462,0.06798942,0.00411043,-0.04814281,-0.03639509,0.00030687,0.04004889,-0.38708270,1.12094496,-0.15790495,-0.17277193,0.10531197,-0.09290510,-0.18093470,0.52403023,1.10844165,-0.03548307,-0.07795088,0.18786864
1.64883503,-0.36047218,0.70271544,0.01802257,-0.02404732,-0.75875919,0.65067765,-0.15888087,0.04792721,-0.09189568,0.47332241,-0.47367382,0.01275966,-0.09377933,-0.00587314,-0.01280600,0.32612407,-0.25702023,0.06733740,0.00342859,-0.04910856,-0.03532923,-0.00034856,0.04116524,-0.38398680,1.12397705,-0.16128484,-0.17414957,0.10313810,-0.09199734,-0.18090795,0.52047885,1.10864004,-0.03043255,-0.07773045,0.18824629
1.64872626,-0.36040560,0.70253107,0.01751422,-0.02419131,-0.75802352,0.65154307,-0.15965825,0.04721932,-0.09458920,0.47640852,-0.47485493,0.01477420,-0.09244198,-0.00600421,-0.01485095,0.32570997,-0.25752649,0.06655532,0.00482421,-0.05036906,-0.03444611,-0.00049445,0.04205391,-0.38319094,1.12497989,-0.16053601,-0.17411298,0.10020927,-0.09097375,-0.18058766,0.51729216,1.10992030,-0.02698779,-0.07697531,0.18720180
1.64859263,-0.36046597,0.70235831,0.01680399,-0.02418265,-0.75755527,0.65210646,-0.16048509,0.04709207,-0.09767545,0.48030170,-0.47639931,0.01729158,-0.09067260,-0.00526542,-0.01621612,0.32472216,-0.25732980,0.06678870,0.00823393,-0.05142921,-0.03341025,-0.00013332,0.04187807,-0.38274402,1.12373207,-0.16273641,-0.17552934,0.09768577,-0.08986374,-0.17996035,0.51489191,1.11121143,-0.02501636,-0.07676819,0.18571313
1.64856028,-0.36059521,0.70220093,0.01610496,-0.02410377,-0.75735197,0.65236312,-0.16129818,0.04691675,-0.10052112,0.48416194,-0.47807752,0.02012228,-0.08907889,-0.00445897,-0.01727646,0.32364520,-0.25718687,0.06709680,0.01353266,-0.05234513,-0.03239395,0.00010774,0.04060937,-0.38132107,1.12194761,-0.17038357,-0.17914960,0.09449587,-0.08878454,-0.18011922,0.51438846,1.11188546,-0.02530242,-0.07720483,0.18556950
1.64866525,-0.36070081,0.70207970,0.01553288,-0.02402119,-0.75734298,0.65239047,-0.16220506,0.04692235,-0.10219185,0.48797997,-0.48019439,0.02375573,-0.08797302,-0.00382573,-0.01785952,0.32298823,-0.25729281,0.06727666,0.01997849,-0.05369704,-0.03174546,0.00076480,0.03919199,-0.38042352,1.12033274,-0.17362238,-0.18119076,0.09450412,-0.08740472,-0.18072961,0.51612548,1.11178307,-0.02779803,-0.07803309,0.18594317
1.64884986,-0.36082655,0.70195391,0.01508552,-0.02392316,-0.75744517,0.65228592,-0.16280852,0.04713764,-0.10308494,0.49100685,-0.48225432,0.02663824,-0.08705326,-0.00324558,-0.01788402,0.32235385,-0.25708462,0.06773146,0.02668218,-0.05530691,-0.03116414,0.00155333,0.03691024,-0.37772956,1.11900690,-0.17876671,-0.18414150,0.09717246,-0.08591740,-0.18108815,0.51893089,1.11106953,-0.03116126,-0.07889316,0.18541988
1.64909823,-0.36096857,0.70186706,0.01470424,-0.02381527,-0.75747336,0.65226584,-0.16337122,0.04717015,-0.10364750,0.49375694,-0.48390372,0.02831589,-0.08621561,-0.00294488,-0.01800052,0.32209252,-0.25761291,0.06766468,0.03205498,-0.05714530,-0.03079441,0.00281100,0.03503317,-0.37406852,1.11822463,-0.18223791,-0.18625780,0.10128456,-0.08536799,-0.18060657,0.52243879,1.11125235,-0.03560099,-0.07947350,0.18502381
1.64960683,-0.36126339,0.70179588,0.01442996,-0.02377961,-0.75741410,0.65234208,-0.16370675,0.04668141,-0.10401328,0.49579737,-0.48494944,0.02866531,-0.08510388,-0.00344518,-0.01838445,0.32154375,-0.25767741,0.06873876,0.03573757,-0.05911693,-0.03069212,0.00446403,0.03386439,-0.36971671,1.11687775,-0.18734103,-0.18902977,0.10643222,-0.08538695,-0.18106809,0.52753565,1.11099633,-0.04046836,-0.07977811,0.18586738
1.65036761,-0.36172132,0.70178579,0.01409894,-0.02377977,-0.75720928,0.65258704,-0.16335566,0.04568023,-0.10465287,0.49677822,-0.48537221,0.02860529,-0.08374932,-0.00442047,-0.01895341,0.32094823,-0.25806791,0.07010802,0.03757447,-0.06054742,-0.03060012,0.00642063,0.03287310,-0.36470901,1.11569380,-0.19166520,-0.19112592,0.11237323,-0.08547599,-0.18087935,0.52938427,1.11163259,-0.04615277,-0.08017456,0.18495845
1.65114177,-0.36212040,0.70180214,0.01391230,-0.02358587,-0.75685696,0.65300666,-0.16360767,0.04470740,-0.10529940,0.49760499,-0.48577287,0.02816712,-0.08313144,-0.00555672,-0.02013571,0.32076101,-0.25876052,0.07100309,0.03841891,-0.06235556,-0.03023772,0.00729132,0.03259567,-0.36013640,1.11535653,-0.19333888,-0.19238761,0.11819802,-0.08568316,-0.17964933,0.52794512,1.11207326,-0.04759392,-0.08081282,0.18331427
1.65206368,-0.36261174,0.70182809,0.01371979,-0.02320990,-0.75639592,0.65355817,-0.16392695,0.04370854,-0.10600840,0.49802471,-0.48587673,0.02733142,-0.08311710,-0.00664784,-0.02139027,0.32129604,-0.26000351,0.07154008,0.03821944,-0.06314373,-0.03008068,0.00794596,0.03373491,-0.36124715,1.11590177,-0.18491393,-0.18923809,0.12536187,-0.08592076,-0.17951733,0.52636857,1.11241486,-0.04705281,-0.08099601,0.18002309
1.65302011,-0.36314822,0.70186712,0.01357965,-0.02273703,-0.75606539,0.65396005,-0.16435357,0.04289975,-0.10634902,0.49862090,-0.48622310,0.02646084,-0.08334678,-0.00754514,-0.02204323,0.32205406,-0.26102013,0.07154032,0.03803119,-0.06366225,-0.03005946,0.00841126,0.03437675,-0.36104057,1.11575911,-0.18865432,-0.18991913,0.12669329,-0.08618794,-0.17981680,0.52541743,1.11280015,-0.04547836,-0.08139936,0.17841398
1.65411980,-0.36373407,0.70192280,0.01336104,-0.02236633,-0.75557451,0.65454442,-0.16510355,0.04170220,-0.10682204,0.50044939,-0.48698131,0.02646797,-0.08285502,-0.00900090,-0.02335874,0.32250034,-0.26177446,0.07195055,0.03697336,-0.06386533,-0.02952637,0.00840532,0.03607909,-0.36312518,1.11690471,-0.18686343,-0.18928946,0.12531215,-0.08657524,-0.18019913,0.52537433,1.11290091,-0.04456649,-0.08097224,0.17747585
1.65551287,-0.36437211,0.70197715,0.01279655,-0.02197389,-0.75516742,0.65503859,-0.16586051,0.04071566,-0.10662852,0.50359686,-0.48817075,0.02749498,-0.08266463,-0.01014182,-0.02445667,0.32413947,-0.26383282,0.07177933,0.03617215,-0.06336643,-0.02844917,0.00802342,0.03744840,-0.36508468,1.11786365,-0.18153484,-0.18746452,0.12463308,-0.08695244,-0.18029070,0.52506881,1.11329993,-0.04474420,-0.08079091,0.17616974
1.65694029,-0.36521886,0.70191090,0.01214491,-0.02164546,-0.75474712,0.65554616,-0.16699765,0.03937382,-0.10698979,0.50877797,-0.49015495,0.02834152,-0.08078408,-0.01150807,-0.02557367,0.32414294,-0.26539405,0.07106617,0.03603159,-0.06326626,-0.02724415,0.00716314,0.03849853,-0.36636689,1.11863873,-0.18184029,-0.18768250,0.12114810,-0.08695209,-0.17998103,0.52481705,1.11345492,-0.04368593,-0.08071451,0.17779843
1.65873142,-0.36618502,0.70184088,0.01101393,-0.02117423,-0.75473198,0.65559895,-0.16773923,0.03860297,-0.10680648,0.51530396,-0.49300701,0.02994531,-0.07900531,-0.01207520,-0.02573219,0.32508636,-0.26745096,0.07104464,0.03749937,-0.06127279,-0.02638309,0.00666515,0.03785257,-0.36670861,1.11990654,-0.18364991,-0.18830199,0.11580452,-0.08606699,-0.18080123,0.52429300,1.11270727,-0.04197028,-0.08082278,0.18009969
1.66058443,-0.36739423,0.70169393,0.00973285,-0.02066272,-0.75481323,0.65554200,-0.16823669,0.03768440,-0.10734974,0.52246360,-0.49704188,0.03194409,-0.07620957,-0.01238273,-0.02551780,0.32518796,-0.26915093,0.07151868,0.03846278,-0.05906405,-0.02539557,0.00645297,0.03649117,-0.36655814,1.12050808,-0.18501336,-0.18803127,0.11322187,-0.08598775,-0.18139105,0.52318306,1.11247838,-0.04181113,-0.08108051,0.18229774
1.66272642,-0.36868175,0.70153005,0.00861681,-0.02015434,-0.75501473,0.65534136,-0.16846251,0.03604747,-0.10813266,0.52899709,-0.50173293,0.03446680,-0.07321256,-0.01337543,-0.02475212,0.32457051,-0.27100261,0.07197901,0.03922054,-0.05715328,-0.02457418,0.00648704,0.03474756,-0.36607592,1.12064200,-0.18773780,-0.18781274,0.11083169,-0.08632371,-0.18190530,0.52203051,1.11182155,-0.04035211,-0.08114868,0.18490880
1.66539257,-0.37002515,0.70139284,0.00819486,-0.01932440,-0.75571333,0.65456610,-0.16924801,0.03385153,-0.10787658,0.53352286,-0.50620126,0.03802968,-0.07168155,-0.01512327,-0.02193932,0.32274329,-0.27028920,0.07441363,0.04042235,-0.05619107,-0.02553914,0.00718839,0.03307342,-0.36511092,1.12053837,-0.19025635,-0.18717283,0.10907056,-0.08668107,-0.18272259,0.52187735,1.11102573,-0.03792717,-0.08066698,0.18623765
1.66818088,-0.37152510,0.70140064,0.00801980,-0.01811906,-0.75652486,0.65366468,-0.16926960,0.03186440,-0.10736956,0.53466114,-0.50978395,0.04034624,-0.07105651,-0.01670091,-0.01916982,0.32075421,-0.27044079,0.07554156,0.04204935,-0.05560471,-0.02738096,0.00826784,0.03191321,-0.36371281,1.12011975,-0.19509650,-0.18716415,0.10712851,-0.08652468,-0.18309221,0.52092966,1.11084105,-0.03758090,-0.08061645,0.18672638
1.67104010,-0.37304089,0.70164348,0.00853232,-0.01695755,-0.75732904,0.65275751,-0.16880968,0.02882933,-0.10652025,0.53284491,-0.51219409,0.04134625,-0.07107104,-0.01953355,-0.01630878,0.31817523,-0.27003542,0.07788313,0.04410716,-0.05684627,-0.02976684,0.00918367,0.03225797,-0.36224384,1.11977574,-0.19994990,-0.18787988,0.10620780,-0.08570665,-0.18261652,0.51954873,1.11122630,-0.04018248,-0.08007967,0.18657929
1.67418000,-0.37453391,0.70209244,0.00960499,-0.01567397,-0.75818240,0.65178334,-0.16789613,0.02579036,-0.10371269,0.52704479,-0.51177665,0.03985845,-0.07243103,-0.02322005,-0.01303007,0.31532858,-0.26782381,0.08233656,0.04612549,-0.05892693,-0.03288318,0.00979247,0.03416058,-0.36116806,1.12023829,-0.20029867,-0.18766745,0.10424363,-0.08512866,-0.18246968,0.51962353,1.11357430,-0.04808180,-0.07928424,0.19049727
1.67753443,-0.37601055,0.70268473,0.01102969,-0.01439777,-0.75878967,0.65108316,-0.16616965,0.02272066,-0.09909574,0.51685802,-0.50789870,0.03568978,-0.07444637,-0.02791953,-0.01050471,0.31202502,-0.26599791,0.08598921,0.04795310,-0.06200520,-0.03550459,0.00895318,0.03737065,-0.35977313,1.12174310,-0.20169004,-0.18874241,0.10548133,-0.08488173,-0.18087235,0.52081047,1.11680245,-0.05512105,-0.07911822,0.19100958
1.68115095,-0.37738369,0.70341738,0.01263089,-0.01307231,-0.75918990,0.65061530,-0.16388422,0.01926614,-0.09366812,0.50310074,-0.50152164,0.03087264,-0.07772511,-0.03333750,-0.00858855,0.30964384,-0.26586509,0.08710315,0.04894187,-0.06519640,-0.03779163,0.00770029,0.04246261,-0.35990811,1.12372838,-0.19606270,-0.18775337,0.10690782,-0.08540612,-0.17799642,0.52288910,1.12167660,-0.06274762,-0.07870705,0.18900762
1.68489080,-0.37872968,0.70425389,0.01378238,-0.01136985,-0.75930350,0.65049133,-0.16052423,0.01681945,-0.08862852,0.48602312,-0.49341634,0.02669465,-0.08209712,-0.03753636,-0.00696535,0.30947125,-0.26674872,0.08799777,0.04934968,-0.06749366,-0.03923624,0.00598006,0.04808517,-0.35899836,1.12664218,-0.19323194,-0.18725773,0.10423371,-0.08651564,-0.17420611,0.52598721,1.12657509,-0.07076230,-0.07881111,0.18872267
1.68887786,-0.37990695,0.70506257,0.01516406,-0.00942670,-0.75926638,0.65053497,-0.15757912,0.01372080,-0.08457359,0.46757714,-0.48516191,0.02592265,-0.08777848,-0.04204243,-0.00480470,0.31026085,-0.26716685,0.08895538,0.04900187,-0.06952126,-0.04088342,0.00399098,0.05381108,-0.35835350,1.13037992,-0.19289765,-0.18723751,0.09703628,-0.08853392,-0.16998937,0.53003651,1.13136520,-0.07927383,-0.07923586,0.19016219
1.69302960,-0.38102458,0.70587769,0.01643182,-0.00737172,-0.75911686,0.65070519,-0.15422686,0.01010569,-0.08192677,0.44730486,-0.47589291,0.02814859,-0.09354284,-0.04682635,-0.00400515,0.31134206,-0.26824249,0.08820087,0.04921930,-0.07033644,-0.04159149,0.00063497,0.05789081,-0.35917577,1.13493058,-0.19104444,-0.18595576,0.09004184,-0.09100581,-0.16628062,0.53442283,1.13509706,-0.08870181,-0.07995545,0.19111889
1.69712726,-0.38218898,0.70673346,0.01755219,-0.00513486,-0.75898583,0.65085026,-0.14941497,0.00706681,-0.08006751,0.42333662,-0.46464287,0.03193074,-0.09982630,-0.05092478,-0.00327797,0.31323965,-0.26892868,0.08732772,0.04949709,-0.07057870,-0.04251266,-0.00220789,0.06052849,-0.35877698,1.13898147,-0.19340463,-0.18537785,0.08255160,-0.09374834,-0.16146196,0.53857145,1.13841657,-0.09812804,-0.08109986,0.19183801
1.70114312,-0.38345707,0.70763419,0.01894618,-0.00289318,-0.75900243,0.65080564,-0.14270606,0.00447482,-0.07719166,0.39382709,-0.44989236,0.03572630,-0.10671887,-0.05507609,-0.00208408,0.31531221,-0.26951878,0.08493557,0.05047036,-0.07126041,-0.04500226,-0.00353575,0.06236335,-0.35862511,1.14126780,-0.19759638,-0.18408060,0.07726230,-0.09602096,-0.15599336,0.54347206,1.14089753,-0.10684821,-0.08183693,0.19348041
1.70498437,-0.38484506,0.70860350,0.02035836,-0.00060491,-0.75913805,0.65061094,-0.13429886,0.00273406,-0.07375117,0.36003136,-0.43197946,0.03715810,-0.11384335,-0.05875014,-0.00087790,0.31762523,-0.26962163,0.08412273,0.05178067,-0.07272112,-0.04885816,-0.00333623,0.06445645,-0.35798453,1.14120197,-0.20480566,-0.18322569,0.07141070,-0.09759885,-0.15042366,0.55028038,1.14138326,-0.11431601,-0.08232315,0.19696507
1.70875595,-0.38642846,0.70955342,0.02154005,0.00158668,-0.75941986,0.65024225,-0.12535259,0.00127753,-0.07027809,0.32648220,-0.41375803,0.03760670,-0.11981978,-0.06176082,0.00092002,0.31926390,-0.27020264,0.08303154,0.05299872,-0.07427392,-0.05355983,-0.00177289,0.06680844,-0.35600546,1.13930680,-0.21454772,-0.18319347,0.06366752,-0.09883136,-0.14460866,0.55746798,1.14092743,-0.12175046,-0.08292893,0.20167034
1.71267138,-0.38805887,0.71027337,0.02264094,0.00354075,-0.75964869,0.64992978,-0.11789068,-0.00090575,-0.06646659,0.29690733,-0.39802379,0.03864242,-0.12509172,-0.06528871,0.00302083,0.32122798,-0.27158848,0.08227295,0.05341448,-0.07606067,-0.05846685,0.00038135,0.06958718,-0.35249873,1.13599863,-0.22843621,-0.18486060,0.05198919,-0.10017778,-0.13911853,0.56272950,1.14018523,-0.12776474,-0.08427499,0.20739265
1.71652170,-0.38978954,0.71065385,0.02311872,0.00538390,-0.75969533,0.64984579,-0.11110297,-0.00270922,-0.06393556,0.27137661,-0.38441829,0.03835540,-0.12903601,-0.06835684,0.00401045,0.32372699,-0.27459080,0.08118926,0.05254556,-0.07677179,-0.06240064,0.00211292,0.07363511,-0.35106256,1.13353008,-0.23327180,-0.18361987,0.04326620,-0.10207667,-0.13466954,0.56501836,1.13960821,-0.13212328,-0.08532223,0.20874161
1.72035780,-0.39151681,0.71068599,0.02299580,0.00686832,-0.75956109,0.64999306,-0.10432397,-0.00454932,-0.06306722,0.24932184,-0.37219501,0.03719259,-0.13166484,-0.07154331,0.00399979,0.32729866,-0.27909327,0.07854333,0.05084810,-0.07655636,-0.06481654,0.00266381,0.07732219,-0.34906866,1.13285537,-0.24009394,-0.18343653,0.03496022,-0.10431980,-0.13196984,0.56627204,1.13850105,-0.13176113,-0.08634141,0.20797687
1.72417054,-0.39311354,0.71054391,0.02259377,0.00815090,-0.75919630,0.65041838,-0.09799208,-0.00648465,-0.06219441,0.22979134,-0.36127084,0.03556241,-0.13481696,-0.07474734,0.00393326,0.33346677,-0.28379783,0.07691709,0.04892531,-0.07601547,-0.06633074,0.00161710,0.08046473,-0.34682227,1.13384227,-0.25243791,-0.18488247,0.02615929,-0.10665619,-0.12957193,0.56562095,1.13747524,-0.12958763,-0.08718043,0.20728548
1.72797281,-0.39455893,0.71045858,0.02163082,0.00925416,-0.75853847,0.65120340,-0.09078393,-0.00828469,-0.06204354,0.21087304,-0.35048962,0.03288330,-0.13733599,-0.07760706,0.00296426,0.34048768,-0.28856231,0.07519930,0.04536838,-0.07372336,-0.06666673,-0.00019023,0.08317374,-0.34725996,1.13689778,-0.25163041,-0.18257134,0.02305686,-0.10979577,-0.12670940,0.56430535,1.13855068,-0.13181093,-0.08824336,0.20335270
1.73182415,-0.39583178,0.71037034,0.02053723,0.01029340,-0.75793509,0.65192536,-0.08266148,-0.00973269,-0.06132242,0.19087563,-0.33909425,0.02874690,-0.13939303,-0.08062535,0.00150358,0.34673451,-0.29223163,0.07453276,0.04175053,-0.07075194,-0.06698848,-0.00150302,0.08429640,-0.34804155,1.13895337,-0.24911232,-0.17934929,0.02388466,-0.11260981,-0.12384568,0.56390524,1.13969608,-0.13493169,-0.08877915,0.20177705
1.73548010,-0.39703673,0.71022285,0.01962500,0.01133544,-0.75755198,0.65238130,-0.07406262,-0.01085166,-0.06011600,0.17029984,-0.32795673,0.02407370,-0.14099332,-0.08340491,0.00098456,0.35154059,-0.29506137,0.07450195,0.03804847,-0.06774889,-0.06921958,-0.00025901,0.08644265,-0.34851499,1.13892763,-0.24914145,-0.17772723,0.01752968,-0.11460282,-0.12084265,0.56547392,1.14153151,-0.13811287,-0.08889360,0.20417064
1.73914302,-0.39805322,0.71001949,0.01894214,0.01247184,-0.75738387,0.65257592,-0.06641104,-0.01201475,-0.05801946,0.15086699,-0.31824252,0.01923102,-0.14300137,-0.08625004,0.00068725,0.35556869,-0.29751814,0.07434942,0.03666506,-0.06491349,-0.07176914,0.00019687,0.08602240,-0.34446131,1.13730457,-0.27092022,-0.18170265,0.00603212,-0.11557707,-0.11803764,0.56391189,1.14283037,-0.14235971,-0.08959145,0.20549146
1.74289960,-0.39901440,0.70972526,0.01854778,0.01364719,-0.75752454,0.65240041,-0.05997071,-0.01383938,-0.05634040,0.13330577,-0.31011839,0.01614830,-0.14632489,-0.08920212,0.00205964,0.36024565,-0.29992919,0.07529389,0.03515262,-0.06243124,-0.07514639,0.00173163,0.08755147,-0.34268915,1.13541541,-0.28155846,-0.18336523,-0.00658123,-0.11598480,-0.11676667,0.56325872,1.14300964,-0.14397646,-0.09025144,0.20772164
1.74669447,-0.39979174,0.70931601,0.01836114,0.01487409,-0.75795385,0.65188004,-0.05449811,-0.01589201,-0.05363579,0.11680378,-0.30304198,0.01367892,-0.15162443,-0.09207497,0.00451337,0.36671699,-0.30321420,0.07577003,0.03327536,-0.06045177,-0.07817997,0.00329950,0.08952333,-0.34117103,1.13424170,-0.28259920,-0.18259318,-0.01422532,-0.11731218,-0.11547768,0.56114931,1.14482539,-0.14726792,-0.09059768,0.20862727
1.75052065,-0.40037888,0.70882535,0.01801111,0.01625954,-0.75858742,0.65111931,-0.04871085,-0.01736426,-0.05088847,0.10023149,-0.29649860,0.01095996,-0.15857181,-0.09403232,0.00752025,0.37541754,-0.30820726,0.07455306,0.03241083,-0.05828229,-0.07998600,0.00433198,0.09144390,-0.34489246,1.13298096,-0.26175536,-0.17471937,-0.00541645,-0.11738907,-0.11470080,0.55897098,1.14486045,-0.14927671,-0.09031242,0.20475335
1.75461021,-0.40068129,0.70825799,0.01811223,0.01745400,-0.75941672,0.65011810,-0.04371791,-0.01988753,-0.04655017,0.08401167,-0.29066512,0.01065596,-0.16769257,-0.09710386,0.01168239,0.38629145,-0.31389131,0.07414205,0.03060088,-0.05676927,-0.08079634,0.00579485,0.09077663,-0.34741340,1.12962824,-0.24527455,-0.16667094,0.01425653,-0.11800395,-0.11353456,0.55805443,1.14405945,-0.14771317,-0.08969886,0.19986728
1.75881107,-0.40081580,0.70755719,0.01787067,0.01874963,-0.76025509,0.64910807,-0.03929164,-0.02228458,-0.04298418,0.06899581,-0.28393568,0.00766964,-0.17720138,-0.09957522,0.01597231,0.39789891,-0.31979367,0.07330401,0.02797532,-0.05414244,-0.08047541,0.00719600,0.09086425,-0.34754661,1.12835325,-0.24674938,-0.16741426,0.01257607,-0.11985440,-0.11212655,0.55752556,1.14440204,-0.14695470,-0.09040529,0.19954781
1.76313682,-0.40069087,0.70687875,0.01742947,0.01991659,-0.76106503,0.64813545,-0.03746754,-0.02504214,-0.03986875,0.05963931,-0.27950797,0.00642515,-0.18762305,-0.10178095,0.02075630,0.41160046,-0.32568850,0.07289995,0.02400825,-0.05154950,-0.07846342,0.00765230,0.09204787,-0.34811418,1.12771322,-0.24900281,-0.16686923,0.00728386,-0.12338431,-0.10979665,0.55736420,1.14504446,-0.14853018,-0.09093952,0.20044525
1.76748428,-0.40028782,0.70628424,0.01677842,0.02051190,-0.76156439,0.64754723,-0.03817480,-0.02935376,-0.03826205,0.05712407,-0.27807454,0.00744568,-0.19797847,-0.10490543,0.02496272,0.42760935,-0.33232806,0.07182616,0.01874600,-0.04924979,-0.07363407,0.00682431,0.09453732,-0.34944340,1.12875940,-0.25778780,-0.16899761,-0.00207569,-0.12811744,-0.10728906,0.55685776,1.14497069,-0.15093751,-0.09208323,0.19818351
1.77204449,-0.39953377,0.70569841,0.01542191,0.02059238,-0.76181004,0.64728942,-0.03929885,-0.03416210,-0.03734403,0.05825313,-0.27763504,0.00827369,-0.20781997,-0.10835371,0.02857841,0.44608912,-0.34048578,0.07059118,0.01229440,-0.04611707,-0.06519604,0.00549530,0.09869564,-0.35682269,1.12897402,-0.24709201,-0.16570316,0.00037550,-0.13311116,-0.10518427,0.55479351,1.14307280,-0.15232434,-0.09315523,0.18840964
1.77665102,-0.39847457,0.70489022,0.01363248,0.02033508,-0.76247276,0.64655699,-0.03888908,-0.03838927,-0.03493370,0.05831010,-0.27690480,0.00668534,-0.21937303,-0.11094015,0.03393295,0.46948596,-0.35089623,0.06918557,0.00769696,-0.04242263,-0.05376225,0.00410332,0.10168486,-0.36155965,1.12527119,-0.25062906,-0.16610367,0.00672271,-0.13824751,-0.10381333,0.55216117,1.13863160,-0.15188968,-0.09497850,0.17710472
1.78093505,-0.39739083,0.70373419,0.01140861,0.01966045,-0.76348385,0.64542678,-0.03568246,-0.04154813,-0.03113563,0.05586031,-0.27648658,0.00298802,-0.23247951,-0.11222198,0.04095272,0.49837861,-0.36383224,0.06722302,0.00457439,-0.03827191,-0.04008103,0.00394692,0.10717351,-0.36688697,1.12028313,-0.25359141,-0.16968612,0.00454932,-0.14318886,-0.10374045,0.55084481,1.13152858,-0.15213851,-0.09800638,0.16770750
1.78486861,-0.39645639,0.70216115,0.00908892,0.01845114,-0.76474404,0.64400583,-0.03057498,-0.04452607,-0.02617008,0.05199573,-0.27631911,-0.00121181,-0.24651327,-0.11311471,0.04917924,0.53115563,-0.37925047,0.06373359,0.00110905,-0.03498692,-0.02529654,0.00541077,0.11162284,-0.36973487,1.11178454,-0.26241585,-0.17292289,0.00960951,-0.14854618,-0.10325109,0.54949381,1.12462522,-0.15441520,-0.10163095,0.15630815
1.78882232,-0.39544670,0.70023682,0.00706469,0.01706977,-0.76594587,0.64263958,-0.02591494,-0.04797061,-0.02124263,0.04803886,-0.27563655,-0.00555187,-0.26006063,-0.11481195,0.05734779,0.56264242,-0.39403839,0.06050948,-0.00347712,-0.03260053,-0.01044198,0.00733996,0.11522596,-0.37239289,1.10311955,-0.27444649,-0.17650716,0.01719754,-0.15498066,-0.10136096,0.54830120,1.12030211,-0.15677405,-0.10471542,0.14057166
1.79373661,-0.39395775,0.69813638,0.00597334,0.01582317,-0.76673074,0.64174599,-0.02472071,-0.05421743,-0.01732242,0.04519842,-0.27495136,-0.00544830,-0.27338255,-0.12048297,0.06341982,0.58951822,-0.40467323,0.06177215,-0.00992278,-0.03115797,0.00294549,0.00702617,0.11818688,-0.37460167,1.10123915,-0.27896579,-0.18052163,0.01914877,-0.16338231,-0.09794099,0.54442843,1.12158473,-0.15908073,-0.10713588,0.12569540
1.79763052,-0.39260082,0.69655246,0.00544086,0.01487648,-0.76748079,0.64087622,-0.02436647,-0.05925845,-0.01335297,0.04263830,-0.27348314,-0.00750339,-0.28435622,-0.12522129,0.06874741,0.61054393,-0.41073714,0.06092760,-0.01685488,-0.03052253,0.01232257,0.00658399,0.12234409,-0.37892401,1.10713045,-0.27337691,-0.18154983,0.01710854,-0.17105583,-0.09178018,0.53821624,1.12832152,-0.15626631,-0.10709240,0.11404781
1.80114160,-0.39137436,0.69559091,0.00532909,0.01459293,-0.76809939,0.64014215,-0.02611219,-0.06356710,-0.01014345,0.04195115,-0.27160904,-0.00873178,-0.29299982,-0.12862616,0.07520975,0.62386643,-0.41173971,0.05937758,-0.02449111,-0.02916385,0.01807689,0.00515904,0.12378723,-0.38373255,1.11661819,-0.26961689,-0.18092380,0.02101748,-0.17679292,-0.08556957,0.53403919,1.13440487,-0.14515414,-0.10462006,0.10569297
1.80413043,-0.39039057,0.69527493,0.00517004,0.01508080,-0.76874003,0.63936266,-0.02911855,-0.06609314,-0.00714689,0.04300439,-0.26966331,-0.01001068,-0.29777290,-0.13035830,0.07989210,0.62818459,-0.41070397,0.05293778,-0.03197112,-0.02578074,0.02146119,0.00330755,0.12354346,-0.38934654,1.12654846,-0.26417553,-0.17930460,0.02290051,-0.18102187,-0.07996061,0.53052509,1.13775492,-0.13147042,-0.10245402,0.09974676
1.80634485,-0.38979408,0.69552475,0.00488998,0.01623232,-0.76937045,0.63857788,-0.03213255,-0.06643490,-0.00473965,0.04488782,-0.26821580,-0.01155044,-0.29882837,-0.13063476,0.08044230,0.62566278,-0.40935088,0.04065559,-0.03950428,-0.02048305,0.02313470,0.00242208,0.12312375,-0.39787273,1.13123084,-0.25825148,-0.17677897,0.02497147,-0.18271241,-0.07611524,0.53263738,1.13485638,-0.11702242,-0.10172096,0.08946131
1.80950190,-0.38900643,0.69573823,0.00489934,0.01756535,-0.76972854,0.63811083,-0.03693992,-0.06877254,-0.00416625,0.04735971,-0.26697673,-0.00787172,-0.29932090,-0.13214357,0.08126110,0.61907711,-0.40660282,0.03398775,-0.04596381,-0.01452618,0.02405144,0.00028135,0.12179128,-0.40444332,1.13164278,-0.24933796,-0.17703590,0.01808938,-0.18348962,-0.07709245,0.53502773,1.12848593,-0.11579074,-0.10238998,0.09178599
1.81220190,-0.38827252,0.69599672,0.00496587,0.01886706,-0.76992446,0.63783673,-0.04150261,-0.07061729,-0.00389910,0.04969011,-0.26637728,-0.00453947,-0.29851699,-0.13315821,0.08273179,0.61053153,-0.40335134,0.03051452,-0.05120345,-0.00907018,0.02473034,-0.00159606,0.12070580,-0.40920985,1.12704834,-0.24615121,-0.17826591,0.01028861,-0.18300343,-0.07913067,0.53650797,1.12093617,-0.11531270,-0.10300427,0.09550893
1.81443792,-0.38770691,0.69617157,0.00491768,0.02003309,-0.77019921,0.63746974,-0.04504182,-0.07168526,-0.00300446,0.05108479,-0.26546127,-0.00292657,-0.29796606,-0.13374942,0.08434261,0.60325023,-0.40109542,0.02895066,-0.05487368,-0.00409747,0.02538789,-0.00351904,0.11982518,-0.41294206,1.12019980,-0.24679147,-0.17925650,0.00454365,-0.18187081,-0.08143804,0.53648578,1.11527029,-0.11190713,-0.10281569,0.09747018
1.81633035,-0.38710000,0.69617322,0.00459730,0.02092206,-0.77054784,0.63702211,-0.04743946,-0.07211794,-0.00162807,0.05206486,-0.26527790,-0.00258740,-0.29792857,-0.13401638,0.08563880,0.59821115,-0.39803234,0.03190691,-0.05597943,-0.00024122,0.02679735,-0.00700015,0.11892028,-0.41630379,1.11376126,-0.24783227,-0.18033334,0.00269205,-0.18143024,-0.08296494,0.53297539,1.11410613,-0.11065089,-0.10258309,0.09590830
1.81807759,-0.38637405,0.69598890,0.00421863,0.02117559,-0.77090343,0.63658597,-0.04880822,-0.07325860,0.00035380,0.05296305,-0.26580992,-0.00241109,-0.29869427,-0.13530104,0.08661936,0.59655145,-0.39512475,0.03837318,-0.05526792,0.00189083,0.02924166,-0.01153001,0.11873037,-0.41968485,1.10812775,-0.24685705,-0.18165307,0.00225239,-0.18175106,-0.08512815,0.52970582,1.11562570,-0.11211695,-0.10245880,0.09401769
1.81953094,-0.38568175,0.69577403,0.00340541,0.02106801,-0.77122586,0.63620375,-0.04876748,-0.07381803,0.00243288,0.05341494,-0.26614938,-0.00404597,-0.29828434,-0.13654953,0.08644361,0.59517847,-0.39208591,0.04533734,-0.05370377,0.00334542,0.03321602,-0.01700551,0.11768233,-0.42076649,1.10379223,-0.24767933,-0.18306022,0.00401009,-0.18314192,-0.08735792,0.52626923,1.11876710,-0.11733878,-0.10249325,0.09285815
1.82088108,-0.38504834,0.69548862,0.00263260,0.02072846,-0.77159022,0.63577664,-0.04817672,-0.07467061,0.00448842,0.05330444,-0.26606534,-0.00481012,-0.29790019,-0.13780190,0.08708417,0.59435897,-0.38923067,0.05308095,-0.05176804,0.00411414,0.03754373,-0.02278120,0.11673615,-0.42264414,1.10159085,-0.24773344,-0.18453836,0.00791206,-0.18498436,-0.08888864,0.52348395,1.12223960,-0.11632623,-0.10354863,0.08843217
1.82190033,-0.38462779,0.69524498,0.00178393,0.02046477,-0.77181973,0.63550949,-0.04689319,-0.07493362,0.00608140,0.05254921,-0.26557886,-0.00624095,-0.29668997,-0.13861085,0.08704524,0.59298751,-0.38692880,0.05891564,-0.05047772,0.00486137,0.04106886,-0.02766927,0.11574041,-0.42481092,1.10119359,-0.24768221,-0.18527986,0.01235883,-0.18721873,-0.09049538,0.52291878,1.12645498,-0.11741200,-0.10382492,0.08436080
1.82280915,-0.38435926,0.69514078,0.00132537,0.02034412,-0.77216706,0.63509242,-0.04586449,-0.07544178,0.00755664,0.05127958,-0.26487143,-0.00693813,-0.29593984,-0.13917798,0.08737661,0.59109594,-0.38492940,0.06203203,-0.04929348,0.00516149,0.04326642,-0.03190896,0.11463137,-0.42727741,1.10223586,-0.24724943,-0.18541271,0.01545139,-0.18998613,-0.09209497,0.52376891,1.13051874,-0.11867883,-0.10375606,0.08428291
1.82338453,-0.38417495,0.69521261,0.00077675,0.02058759,-0.77228812,0.63493827,-0.04555941,-0.07486183,0.00832024,0.05112604,-0.26485557,-0.00789848,-0.29435206,-0.13873333,0.08679081,0.58792036,-0.38329726,0.06284317,-0.04944280,0.00610057,0.04417578,-0.03378625,0.11384202,-0.42896450,1.10284650,-0.24567298,-0.18552700,0.01805683,-0.19223442,-0.09322260,0.52493361,1.13376500,-0.11984810,-0.10364563,0.08677974
1.82385502,-0.38403081,0.69537584,0.00056931,0.02099498,-0.77232010,0.63488625,-0.04667703,-0.07457629,0.00870277,0.05238905,-0.26606374,-0.00810340,-0.29320183,-0.13802611,0.08694784,0.58437437,-0.38274877,0.06031610,-0.05051517,0.00675524,0.04385638,-0.03427498,0.11317427,-0.42987218,1.10302059,-0.24600404,-0.18531827,0.01741917,-0.19434336,-0.09313593,0.52631697,1.13611650,-0.11953352,-0.10320769,0.09059991
1.82411509,-0.38377548,0.69556743,0.00060048,0.02144686,-0.77233246,0.63485607,-0.04854118,-0.07431646,0.00871562,0.05437305,-0.26775632,-0.00790022,-0.29301731,-0.13710521,0.08768120,0.58175785,-0.38212698,0.05812627,-0.05111703,0.00628560,0.04359452,-0.03446677,0.11305624,-0.42967430,1.10298188,-0.24911477,-0.18520933,0.01080664,-0.19553887,-0.09179567,0.52651459,1.13598004,-0.11881408,-0.10304270,0.09559767
1.82409017,-0.38348424,0.69567099,0.00055836,0.02174654,-0.77228381,0.63490511,-0.05000633,-0.07380629,0.00861854,0.05632476,-0.26983555,-0.00785431,-0.29316278,-0.13598265,0.08839760,0.58067257,-0.38188016,0.05647316,-0.05153359,0.00542843,0.04432171,-0.03407049,0.11309277,-0.42836621,1.10245088,-0.25164617,-0.18493054,0.00676046,-0.19583272,-0.09005935,0.52741086,1.13358613,-0.11978755,-0.10308677,0.09942443
1.82393311,-0.38315936,0.69566319,0.00059392,0.02183826,-0.77223482,0.63496151,-0.05116052,-0.07353632,0.00875730,0.05782983,-0.27191872,-0.00845729,-0.29400015,-0.13540207,0.08886719,0.58124883,-0.38212056,0.05480997,-0.05173084,0.00371860,0.04569087,-0.03321945,0.11349872,-0.42664051,1.10156695,-0.25532022,-0.18481809,0.00693758,-0.19571045,-0.08857392,0.52993697,1.13038782,-0.12377303,-0.10295880,0.10024096
1.82356202,-0.38282493,0.69550333,0.00068573,0.02173742,-0.77228066,0.63490913,-0.05180497,-0.07312954,0.00918630,0.05869284,-0.27409539,-0.00944252,-0.29552796,-0.13496525,0.08928728,0.58339654,-0.38260954,0.05330622,-0.05134108,0.00129757,0.04745545,-0.03241850,0.11403963,-0.42427817,1.10117485,-0.25861569,-0.18473367,0.00855933,-0.19557446,-0.08661693,0.53179398,1.12832864,-0.12767767,-0.10293285,0.09809672
1.82302015,-0.38258884,0.69523762,0.00057579,0.02137821,-0.77227401,0.63492951,-0.05126725,-0.07265997,0.00937752,0.05892889,-0.27673875,-0.01153814,-0.29685761,-0.13481004,0.08890648,0.58682113,-0.38340978,0.05288914,-0.05041752,-0.00159733,0.05008616,-0.03230351,0.11447245,-0.42194058,1.10173440,-0.26183857,-0.18480996,0.01035444,-0.19580700,-0.08381884,0.53045797,1.12829162,-0.12896297,-0.10276941,0.09335697
1.82238697,-0.38244605,0.69497966,0.00039954,0.02086889,-0.77226076,0.63496272,-0.05025803,-0.07223990,0.00990440,0.05914563,-0.27984866,-0.01386295,-0.29827865,-0.13469153,0.08813059,0.59149471,-0.38449981,0.05311477,-0.04962568,-0.00455613,0.05306763,-0.03228155,0.11473193,-0.41985264,1.10230816,-0.26499867,-0.18454297,0.01229010,-0.19676890,-0.08117540,0.52771093,1.12915690,-0.12704375,-0.10203117,0.08754498
1.82167677,-0.38236755,0.69477573,0.00036803,0.02036130,-0.77221091,0.63503984,-0.04946077,-0.07208679,0.00983188,0.05949055,-0.28255186,-0.01551564,-0.29968052,-0.13443091,0.08812270,0.59588705,-0.38578152,0.05296973,-0.04846711,-0.00780637,0.05539707,-0.03267426,0.11501042,-0.41860025,1.10307592,-0.26786540,-0.18376327,0.01372192,-0.19765934,-0.07911591,0.52477461,1.12942462,-0.12158524,-0.10145853,0.08309934
1.82086830,-0.38241101,0.69466675,0.00047877,0.02000186,-0.77213229,0.63514677,-0.04900459,-0.07195676,0.00918782,0.06010219,-0.28546840,-0.01663744,-0.30054581,-0.13414377,0.08805554,0.59900772,-0.38719195,0.05076304,-0.04752538,-0.01052088,0.05657021,-0.03263340,0.11539629,-0.41703575,1.10321323,-0.27141461,-0.18297725,0.01239944,-0.19866699,-0.07839485,0.52342165,1.12948952,-0.11898622,-0.10099588,0.08293499
1.82018494,-0.38248510,0.69467475,0.00065128,0.01981648,-0.77203210,0.63527421,-0.04912981,-0.07177600,0.00838533,0.06109397,-0.28859093,-0.01678567,-0.30128950,-0.13405396,0.08692905,0.60157325,-0.38891886,0.04897710,-0.04624476,-0.01282424,0.05703634,-0.03306432,0.11580716,-0.41452056,1.10327105,-0.27438444,-0.18307541,0.00947744,-0.19946334,-0.07881540,0.52406932,1.12892298,-0.11896101,-0.10092795,0.08586192
1.81951063,-0.38264775,0.69469738,0.00100325,0.01989124,-0.77194324,0.63537939,-0.04983874,-0.07141527,0.00790229,0.06204315,-0.29051389,-0.01660230,-0.30208998,-0.13343236,0.08642514,0.60310939,-0.39038094,0.04733778,-0.04475843,-0.01466041,0.05700752,-0.03433020,0.11655995,-0.41185025,1.10294932,-0.27710796,-0.18302791,0.00767104,-0.20037940,-0.07923092,0.52643382,1.12821856,-0.11846689,-0.10056080,0.08995309
1.81857559,-0.38298664,0.69477296,0.00152019,0.02004979,-0.77183244,0.63550798,-0.05045603,-0.07094393,0.00716928,0.06269444,-0.29143365,-0.01615460,-0.30277559,-0.13198895,0.08706086,0.60407533,-0.39255241,0.04530799,-0.04286853,-0.01629560,0.05662613,-0.03610046,0.11807254,-0.41031523,1.10201624,-0.27884093,-0.18216956,0.00698503,-0.20095225,-0.07937120,0.52886711,1.12730507,-0.11941913,-0.09969645,0.09420866
1.81810567,-0.38321097,0.69478437,0.00230042,0.02030555,-0.77154052,0.63585188,-0.05225563,-0.07154006,0.00616858,0.06365214,-0.29245087,-0.01284585,-0.30433242,-0.13147526,0.08778631,0.60531936,-0.39576614,0.04580708,-0.04141007,-0.01755811,0.05640540,-0.03914165,0.11902961,-0.40729310,1.10151213,-0.27956408,-0.18230258,0.00593042,-0.20229634,-0.07933078,0.53040647,1.12670696,-0.12220431,-0.09917268,0.09695170
1.81702894,-0.38372518,0.69484505,0.00289644,0.02053942,-0.77128825,0.63614792,-0.05252929,-0.07083525,0.00550546,0.06341307,-0.29258004,-0.01285211,-0.30437308,-0.13045921,0.08785942,0.60557948,-0.39851711,0.04514570,-0.03959910,-0.01874336,0.05604073,-0.04137953,0.12015726,-0.40555107,1.10048565,-0.28064014,-0.18144659,0.00601319,-0.20301020,-0.07939980,0.53081048,1.12686157,-0.12595275,-0.09854675,0.09844426
1.81574342,-0.38430288,0.69489973,0.00335237,0.02071191,-0.77097302,0.63652210,-0.05223267,-0.06976918,0.00458512,0.06308505,-0.29269497,-0.01396705,-0.30386215,-0.12957645,0.08698141,0.60576057,-0.40019849,0.04571678,-0.03800450,-0.01997166,0.05607731,-0.04335565,0.12114576,-0.40440869,1.09969101,-0.28180335,-0.18024140,0.00500297,-0.20392979,-0.07907303,0.52909574,1.12784152,-0.13123270,-0.09775148,0.10059278
1.81440006,-0.38493175,0.69490698,0.00372715,0.02068987,-0.77068851,0.63686518,-0.05128552,-0.06887251,0.00335568,0.06250444,-0.29294032,-0.01450162,-0.30367355,-0.12888528,0.08564238,0.60740933,-0.40196199,0.04718999,-0.03689879,-0.02102032,0.05667938,-0.04489250,0.12153030,-0.40367787,1.09932209,-0.28326424,-0.17899802,0.00501888,-0.20482126,-0.07871372,0.52874335,1.12789930,-0.13282392,-0.09685071,0.09994046
1.81308855,-0.38566107,0.69481896,0.00409705,0.02060303,-0.77049824,0.63709591,-0.04986175,-0.06809387,0.00221080,0.06137034,-0.29284851,-0.01409476,-0.30418997,-0.12793658,0.08499277,0.61068767,-0.40411192,0.04933521,-0.03696209,-0.02187021,0.05743658,-0.04550669,0.12207212,-0.40307279,1.09924230,-0.28562054,-0.17832175,0.00244569,-0.20711611,-0.07787389,0.52751889,1.12930628,-0.13551879,-0.09632907,0.09919425
1.81150288,-0.38647133,0.69470864,0.00436868,0.02055897,-0.77024373,0.63740320,-0.04780210,-0.06669476,0.00140421,0.05959045,-0.29225101,-0.01508259,-0.30449183,-0.12662484,0.08362879,0.61432315,-0.40730429,0.05023002,-0.03721344,-0.02309510,0.05790193,-0.04547046,0.12295388,-0.40308357,1.09882276,-0.28940098,-0.17742159,0.00092573,-0.20847666,-0.07727004,0.52720466,1.12940847,-0.13653908,-0.09592691,0.09855275
1.80991262,-0.38732466,0.69458632,0.00499777,0.02036042,-0.77012640,0.63754671,-0.04594165,-0.06610972,0.00023529,0.05752325,-0.29022618,-0.01454303,-0.30523778,-0.12568904,0.08356049,0.61811668,-0.41071789,0.04989221,-0.03729563,-0.02480659,0.05809113,-0.04584993,0.12299600,-0.40282344,1.09870631,-0.29280768,-0.17587384,0.00216322,-0.20950806,-0.07699156,0.52679309,1.12893897,-0.13705648,-0.09501334,0.09733816
1.80820559,-0.38828648,0.69445569,0.00564151,0.02021521,-0.76999911,0.63769969,-0.04374625,-0.06540402,-0.00161904,0.05482658,-0.28667687,-0.01372576,-0.30591245,-0.12456670,0.08333844,0.62202840,-0.41485653,0.04774210,-0.03831947,-0.02606814,0.05791745,-0.04582407,0.12355687,-0.40282899,1.09890648,-0.29398417,-0.17482183,0.00312876,-0.21041631,-0.07653369,0.52762125,1.12852576,-0.13671851,-0.09426132,0.09599338
1.80645120,-0.38926604,0.69433397,0.00653146,0.02014033,-0.76972759,0.63802127,-0.04191786,-0.06484750,-0.00350513,0.05192826,-0.28369426,-0.01292230,-0.30719444,-0.12381880,0.08277286,0.62652597,-0.41946561,0.04483643,-0.04004586,-0.02780082,0.05714908,-0.04597998,0.12464376,-0.40321630,1.09921318,-0.29164334,-0.17340305,0.00554594,-0.21074590,-0.07559066,0.52844527,1.12742832,-0.13527093,-0.09372306,0.09612791
1.80454333,-0.39022557,0.69419964,0.00742978,0.02007128,-0.76934972,0.63846922,-0.04007248,-0.06393564,-0.00476262,0.04915292,-0.28189980,-0.01323786,-0.30885639,-0.12270280,0.08245610,0.63192073,-0.42416613,0.04271192,-0.04168080,-0.02985812,0.05637343,-0.04639751,0.12626570,-0.40360077,1.09907151,-0.29335049,-0.17276685,0.00541437,-0.21063392,-0.07393504,0.52928379,1.12585895,-0.13478657,-0.09316839,0.09577840
1.80245057,-0.39123061,0.69409784,0.00827235,0.01997740,-0.76874061,0.63919508,-0.03839822,-0.06278730,-0.00634140,0.04720814,-0.28133564,-0.01393538,-0.30983046,-0.12163251,0.08128734,0.63695738,-0.42955467,0.03941312,-0.04394311,-0.03161808,0.05581816,-0.04693287,0.12798537,-0.40461015,1.09875314,-0.29386569,-0.17218928,0.00523138,-0.21043789,-0.07200097,0.53105650,1.12419587,-0.13384464,-0.09240338,0.09467998
1.80026323,-0.39225501,0.69402261,0.00921343,0.01989106,-0.76806870,0.63999213,-0.03705097,-0.06174910,-0.00821585,0.04563090,-0.28138339,-0.01471061,-0.31051699,-0.12055208,0.08026049,0.64139736,-0.43507134,0.03654165,-0.04581439,-0.03326702,0.05541105,-0.04803424,0.12912367,-0.40547835,1.09878124,-0.29696776,-0.17203566,0.00297366,-0.21059566,-0.06988468,0.53205866,1.12319062,-0.13404353,-0.09176698,0.09328704
1.79794877,-0.39328183,0.69397113,0.01033768,0.01979377,-0.76741305,0.64076404,-0.03611220,-0.06077536,-0.00978724,0.04437538,-0.28193119,-0.01529618,-0.31120405,-0.11963663,0.07925912,0.64535104,-0.44002226,0.03520010,-0.04699206,-0.03487669,0.05494231,-0.04951471,0.12994786,-0.40784308,1.09919739,-0.29567077,-0.17064612,0.00396912,-0.21062428,-0.06858060,0.53367168,1.12169149,-0.13275668,-0.09125079,0.09209228
1.79536296,-0.39438346,0.69398215,0.01126764,0.01975375,-0.76683091,0.64144617,-0.03482603,-0.05899736,-0.01144718,0.04340259,-0.28304833,-0.01647905,-0.31096800,-0.11804335,0.07771839,0.64822113,-0.44446768,0.03319042,-0.04760849,-0.03608008,0.05425050,-0.05028156,0.13047736,-0.40958436,1.09913029,-0.29514102,-0.16929095,0.00497870,-0.21027196,-0.06767282,0.53588806,1.12031823,-0.13207464,-0.09041144,0.09117316
1.79262716,-0.39551639,0.69405673,0.01229921,0.01969952,-0.76637545,0.64197300,-0.03373908,-0.05705563,-0.01276921,0.04298177,-0.28484345,-0.01700380,-0.31070061,-0.11633922,0.07596918,0.65061856,-0.44765827,0.03237230,-0.04701854,-0.03738551,0.05271435,-0.05046252,0.13069466,-0.41097744,1.09877629,-0.29473171,-0.16727853,0.00542263,-0.20950063,-0.06744709,0.53773501,1.11989039,-0.13300577,-0.08922720,0.09079820
1.78975030,-0.39665929,0.69418438,0.01339435,0.01974618,-0.76608247,0.64229925,-0.03316446,-0.05477424,-0.01397029,0.04321479,-0.28732952,-0.01628672,-0.31088656,-0.11466943,0.07221608,0.65314351,-0.45002718,0.03153559,-0.04516166,-0.03853050,0.05086731,-0.05055501,0.13015507,-0.41063177,1.09807659,-0.29704005,-0.16555653,0.00469282,-0.20931446,-0.06587601,0.53535769,1.12210531,-0.13643432,-0.08862068,0.08847511
1.78672293,-0.39788836,0.69442904,0.01452581,0.01984311,-0.76600751,0.64236108,-0.03245008,-0.05207258,-0.01463208,0.04315131,-0.28952994,-0.01630381,-0.31030295,-0.11183110,0.07104868,0.65387516,-0.45070474,0.03343837,-0.04300458,-0.03981004,0.04815786,-0.04947050,0.12960030,-0.40903002,1.09696522,-0.29985165,-0.16467147,0.00384182,-0.20892578,-0.06462192,0.53345894,1.12475405,-0.13975371,-0.08847001,0.08725569
1.78346612,-0.39918879,0.69479725,0.01602154,0.02008408,-0.76615074,0.64214717,-0.03239302,-0.04903241,-0.01436773,0.04323601,-0.29159216,-0.01692058,-0.30908117,-0.10916218,0.06993899,0.65198652,-0.45023339,0.03496085,-0.04084222,-0.04130646,0.04372776,-0.04745901,0.12861522,-0.40717328,1.09617625,-0.30586772,-0.16438645,0.00440263,-0.20788059,-0.06516941,0.53512969,1.12658627,-0.14042271,-0.08797155,0.08822640
1.78007946,-0.40050904,0.69522261,0.01764242,0.02052418,-0.76641449,0.64177592,-0.03287322,-0.04557304,-0.01404013,0.04373233,-0.29393932,-0.01671684,-0.30694874,-0.10665697,0.06777414,0.64743521,-0.44773339,0.03847601,-0.03935289,-0.04263697,0.03847219,-0.04534979,0.12764274,-0.40659855,1.09658657,-0.30406355,-0.16274050,0.00833826,-0.20672663,-0.06680973,0.53846735,1.12788655,-0.14309079,-0.08714541,0.09035228
1.77653391,-0.40185177,0.69574376,0.01929428,0.02101088,-0.76691217,0.64111777,-0.03347413,-0.04166244,-0.01296608,0.04460217,-0.29634985,-0.01595313,-0.30436261,-0.10373228,0.06551761,0.64156626,-0.44427395,0.04176042,-0.03909876,-0.04389577,0.03304306,-0.04281739,0.12692989,-0.40815393,1.09642893,-0.28984053,-0.15763188,0.01974095,-0.20607833,-0.06866175,0.54360139,1.12911532,-0.14670354,-0.08595036,0.09224156
1.77291401,-0.40319374,0.69638001,0.02102165,0.02161397,-0.76762565,0.64018887,-0.03416783,-0.03748103,-0.01142847,0.04543597,-0.29882855,-0.01487366,-0.30166546,-0.10031070,0.06358342,0.63449862,-0.43994084,0.04377646,-0.03905418,-0.04517611,0.02707014,-0.04085221,0.12545778,-0.40757456,1.09737239,-0.28726991,-0.15679714,0.02261566,-0.20565893,-0.07015416,0.54761724,1.13102337,-0.14901220,-0.08546763,0.09666856
1.76912929,-0.40460371,0.69710503,0.02282404,0.02228264,-0.76842984,0.63913859,-0.03509502,-0.03297172,-0.00972177,0.04679789,-0.30169245,-0.01339697,-0.29842220,-0.09630219,0.06248606,0.62596815,-0.43483106,0.04406611,-0.03975026,-0.04628507,0.02060373,-0.03933919,0.12335735,-0.40643469,1.09817021,-0.29461090,-0.15860255,0.01916728,-0.20495803,-0.07182959,0.55154845,1.13224743,-0.14746701,-0.08508514,0.10304122
1.76529205,-0.40601237,0.69788484,0.02464380,0.02301440,-0.76913558,0.63819548,-0.03648271,-0.02848571,-0.00847847,0.04902694,-0.30482864,-0.01146434,-0.29491283,-0.09216921,0.06142797,0.61670964,-0.42929819,0.04361401,-0.04187184,-0.04749311,0.01366408,-0.03817059,0.12221136,-0.40763764,1.09923026,-0.29483674,-0.15853100,0.01329588,-0.20344262,-0.07333652,0.55520897,1.13212595,-0.14358299,-0.08427427,0.11095138
1.76133880,-0.40750178,0.69862691,0.02619580,0.02384355,-0.76987458,0.63721143,-0.03730984,-0.02342079,-0.00737801,0.05119838,-0.30746861,-0.01111988,-0.29091495,-0.08698835,0.06094205,0.60721979,-0.42423781,0.04225819,-0.04455838,-0.04838663,0.00697278,-0.03689895,0.12105284,-0.40953817,1.09936029,-0.29626206,-0.15833352,0.00750513,-0.20039148,-0.07635324,0.56259349,1.12811535,-0.13625244,-0.08290378,0.11947044
1.75687270,-0.40926507,0.69947302,0.02754478,0.02454759,-0.77077117,0.63604285,-0.03659974,-0.01756240,-0.00653764,0.05302191,-0.31029064,-0.01194916,-0.28438809,-0.08105978,0.06047082,0.59438054,-0.41742168,0.04020171,-0.04743386,-0.04944782,-0.00015667,-0.03561486,0.11931220,-0.41115686,1.10029098,-0.29691710,-0.15735657,0.00242457,-0.19688327,-0.07662697,0.56606344,1.12657913,-0.13182763,-0.08181190,0.12552697
1.75239831,-0.41111329,0.70035847,0.02871649,0.02520833,-0.77168825,0.63485207,-0.03550671,-0.01163977,-0.00483405,0.05519275,-0.31374945,-0.01309636,-0.27689758,-0.07534756,0.05901887,0.57999967,-0.41054748,0.03729218,-0.05043533,-0.05008732,-0.00739995,-0.03481805,0.11730161,-0.41362368,1.10199142,-0.29099618,-0.15518907,-0.00057892,-0.19306884,-0.07516570,0.56682269,1.12715142,-0.12991069,-0.08116271,0.12800487
1.74894437,-0.41256927,0.70110959,0.03029925,0.02570087,-0.77251639,0.63375062,-0.03672815,-0.00821416,-0.00304127,0.05912379,-0.31797147,-0.00929129,-0.27148367,-0.07179069,0.05849818,0.56725843,-0.40341629,0.03970323,-0.05315972,-0.05134549,-0.01404687,-0.03571227,0.11417158,-0.41596107,1.10400905,-0.27924356,-0.15293601,0.00157062,-0.18988580,-0.07462082,0.56538254,1.12716877,-0.12732573,-0.08023617,0.13053854
1.74526851,-0.41400865,0.70189845,0.03182599,0.02617584,-0.77359370,0.63234067,-0.03790130,-0.00416416,-0.00065044,0.06360174,-0.32241811,-0.00612325,-0.26551341,-0.06740415,0.05919662,0.55319213,-0.39517659,0.04241498,-0.05455462,-0.05249858,-0.02077130,-0.03656392,0.11168192,-0.41762118,1.10693009,-0.27058780,-0.15270822,-0.00259653,-0.18720013,-0.07488091,0.56305239,1.12780819,-0.12246701,-0.07924596,0.13738976
1.74172454,-0.41540552,0.70271701,0.03359955,0.02653166,-0.77496785,0.63054894,-0.03950582,-0.00083394,0.00219247,0.06845031,-0.32632204,-0.00386099,-0.25983954,-0.06352635,0.06069309,0.53881752,-0.38715944,0.04333410,-0.05440041,-0.05406044,-0.02808130,-0.03724848,0.10823088,-0.41722589,1.10880768,-0.26781029,-0.15134629,-0.00621527,-0.18501419,-0.07703828,0.56237227,1.12802321,-0.11675705,-0.07745152,0.14679921
1.73831564,-0.41672834,0.70359438,0.03532708,0.02678510,-0.77622623,0.62889378,-0.04179450,0.00218915,0.00470277,0.07473300,-0.33080776,-0.00100764,-0.25387673,-0.05988142,0.06236420,0.52416347,-0.37901869,0.04417072,-0.05391946,-0.05568923,-0.03528025,-0.03762670,0.10557181,-0.41788304,1.11085290,-0.26441973,-0.15064558,-0.01127622,-0.18306801,-0.08035003,0.56396360,1.12782323,-0.11181408,-0.07609784,0.15617040
1.73502990,-0.41796066,0.70446087,0.03698854,0.02699900,-0.77729144,0.62747185,-0.04475908,0.00490344,0.00683537,0.08231339,-0.33565986,0.00208489,-0.24790232,-0.05651907,0.06374572,0.50970228,-0.37169360,0.04442873,-0.05343936,-0.05713042,-0.04235105,-0.03744573,0.10325746,-0.41976278,1.11230006,-0.25875009,-0.14981806,-0.01275913,-0.18099222,-0.08462504,0.56913195,1.12680781,-0.11072380,-0.07507891,0.16256852
1.73196426,-0.41911611,0.70529986,0.03866366,0.02723327,-0.77829181,0.62611927,-0.04855396,0.00732305,0.00888843,0.09101697,-0.34068991,0.00498497,-0.24229620,-0.05355134,0.06499310,0.49569532,-0.36540831,0.04322698,-0.05310779,-0.05796335,-0.04916518,-0.03700261,0.10084595,-0.42227877,1.11314881,-0.25326750,-0.14925978,-0.01125139,-0.17912389,-0.08943646,0.57792827,1.12539398,-0.11302539,-0.07504469,0.16421621
1.72916071,-0.42020651,0.70604217,0.04042096,0.02738889,-0.77916844,0.62491002,-0.05280015,0.00908231,0.01058300,0.10010872,-0.34579023,0.00831759,-0.23751585,-0.05134422,0.06619885,0.48314463,-0.35986392,0.04222024,-0.05279841,-0.05890148,-0.05565501,-0.03642318,0.09841207,-0.42487603,1.11338203,-0.25094636,-0.14973392,-0.00892992,-0.17648889,-0.09354962,0.58648359,1.12380518,-0.11495648,-0.07582954,0.16333682
1.72664458,-0.42108422,0.70668068,0.04217700,0.02729445,-0.77989235,0.62389425,-0.05733102,0.00996612,0.01199950,0.10967479,-0.35082104,0.01166296,-0.23309252,-0.04995394,0.06775972,0.47157209,-0.35486166,0.04117709,-0.05272995,-0.05988157,-0.06153202,-0.03574595,0.09602221,-0.42766865,1.11391678,-0.24581090,-0.14981658,-0.00566429,-0.17329217,-0.09673629,0.59236013,1.12279686,-0.11331486,-0.07592265,0.16428890
1.72439621,-0.42186625,0.70727696,0.04362965,0.02705579,-0.78048004,0.62306930,-0.06140575,0.01070423,0.01318058,0.11932362,-0.35581115,0.01419017,-0.22790498,-0.04902287,0.06869467,0.45992371,-0.34921790,0.04215280,-0.05290948,-0.06056043,-0.06633120,-0.03551454,0.09311627,-0.42918080,1.11531517,-0.24218829,-0.15068714,-0.00444734,-0.17034562,-0.09932772,0.59582609,1.12252787,-0.11062074,-0.07563863,0.16737584
1.72211827,-0.42252104,0.70781548,0.04447425,0.02675187,-0.78082438,0.62259110,-0.06477983,0.01217670,0.01340433,0.12933460,-0.36073938,0.01558538,-0.22088783,-0.04772220,0.06858753,0.44705611,-0.34336649,0.04318455,-0.05378091,-0.06058572,-0.07053208,-0.03482072,0.09053567,-0.43079692,1.11741988,-0.23645554,-0.15093950,-0.00348145,-0.16669894,-0.10119181,0.59887577,1.12243996,-0.10770929,-0.07520528,0.16890560
1.72002954,-0.42316452,0.70833654,0.04513067,0.02624905,-0.78103205,0.62230470,-0.06751758,0.01315010,0.01301923,0.13899107,-0.36518170,0.01735362,-0.21313105,-0.04701827,0.06808919,0.43402459,-0.33755993,0.04547371,-0.05439948,-0.06017921,-0.07381394,-0.03446588,0.08764252,-0.43281599,1.11930239,-0.23010442,-0.14940898,0.00038448,-0.16266631,-0.10283695,0.60064537,1.12249060,-0.10655850,-0.07444277,0.16793504
1.71798027,-0.42374931,0.70879705,0.04567454,0.02571808,-0.78125571,0.62200637,-0.06972867,0.01428158,0.01302812,0.14792272,-0.36947747,0.01864933,-0.20509956,-0.04623430,0.06766609,0.42078051,-0.33233932,0.04740793,-0.05416607,-0.05933327,-0.07667340,-0.03456643,0.08487694,-0.43363492,1.12123354,-0.22413342,-0.14778079,0.00255993,-0.15792905,-0.10421535,0.60059982,1.12187406,-0.10487885,-0.07379294,0.16746985
1.71607290,-0.42425182,0.70914718,0.04633412,0.02512247,-0.78148006,0.62170003,-0.07198564,0.01498865,0.01289797,0.15636193,-0.37349406,0.02021981,-0.19770727,-0.04578690,0.06780742,0.40833717,-0.32732231,0.04993017,-0.05290469,-0.05806723,-0.08010670,-0.03423524,0.08233756,-0.43487523,1.12224078,-0.21793854,-0.14626334,0.00356415,-0.15266506,-0.10629383,0.60006520,1.12110870,-0.10260837,-0.07355447,0.17052888
1.71425218,-0.42468050,0.70940008,0.04699697,0.02450821,-0.78158846,0.62153851,-0.07415294,0.01547138,0.01245119,0.16403628,-0.37699254,0.02167273,-0.19092528,-0.04564480,0.06744900,0.39707530,-0.32312185,0.05226542,-0.05096370,-0.05653012,-0.08337106,-0.03396614,0.07988604,-0.43466888,1.12180215,-0.21916030,-0.14676701,0.00136031,-0.14791582,-0.10837474,0.59882758,1.12094105,-0.10076196,-0.07323990,0.17476724
1.71228595,-0.42501040,0.70958696,0.04751829,0.02397500,-0.78157934,0.62153113,-0.07608527,0.01651207,0.01192374,0.17102976,-0.38010126,0.02206633,-0.18480908,-0.04490396,0.06701183,0.38727069,-0.31953316,0.05466975,-0.04921281,-0.05496901,-0.08641721,-0.03328892,0.07883530,-0.43480108,1.12055340,-0.21711360,-0.14650033,-0.00032308,-0.14417899,-0.10937993,0.59666442,1.12197683,-0.09965233,-0.07265061,0.17810624
1.71026725,-0.42514421,0.70968414,0.04789861,0.02336262,-0.78149654,0.62162936,-0.07771184,0.01781351,0.01122610,0.17748073,-0.38325498,0.02195114,-0.17900461,-0.04414829,0.06576230,0.37839483,-0.31659679,0.05613625,-0.04672527,-0.05396004,-0.08843079,-0.03305517,0.07780449,-0.43363002,1.11901142,-0.21791056,-0.14738755,-0.00048308,-0.14135445,-0.10997677,0.59363990,1.12231049,-0.09705710,-0.07221941,0.18044725
1.70832493,-0.42515205,0.70976623,0.04826208,0.02268498,-0.78141110,0.62173375,-0.07950376,0.01882580,0.01042943,0.18399393,-0.38641168,0.02231159,-0.17426757,-0.04331290,0.06492868,0.37146446,-0.31383734,0.05793761,-0.04447417,-0.05269821,-0.08975040,-0.03249416,0.07743468,-0.43306881,1.11719768,-0.21597199,-0.14708372,-0.00470884,-0.14078674,-0.11210516,0.59302146,1.12309555,-0.10054148,-0.07179471,0.18693165
1.70643031,-0.42491827,0.70983220,0.04872051,0.02193390,-0.78131635,0.62184402,-0.08150453,0.01962862,0.00994438,0.19018622,-0.38889497,0.02241348,-0.17083530,-0.04275220,0.06436950,0.36651509,-0.31254148,0.05897844,-0.04150388,-0.05305470,-0.09046249,-0.03256700,0.07749187,-0.43388952,1.11653872,-0.21440290,-0.14730226,-0.00143699,-0.14017912,-0.11280578,0.59510053,1.12163764,-0.09761880,-0.07188316,0.18325662
1.70461850,-0.42450630,0.70990277,0.04934473,0.02090067,-0.78096421,0.62227258,-0.08399818,0.01937514,0.00842990,0.19760105,-0.39261226,0.02392704,-0.16682317,-0.04352059,0.06314308,0.36089194,-0.31050705,0.06026095,-0.03864024,-0.05356793,-0.09076581,-0.03253639,0.07669735,-0.43571084,1.11662732,-0.21363215,-0.14769512,0.00447535,-0.13924353,-0.11459514,0.59919954,1.11891255,-0.09305253,-0.07155244,0.17654965
1.70276978,-0.42403688,0.70992676,0.04970649,0.01997821,-0.78054787,0.62279624,-0.08659536,0.01970178,0.00676034,0.20516170,-0.39601143,0.02472907,-0.16295611,-0.04370332,0.06093796,0.35582048,-0.30989973,0.05972461,-0.03545467,-0.05383414,-0.09094985,-0.03229500,0.07556206,-0.43607214,1.11805136,-0.20886717,-0.14781835,0.00806851,-0.13884991,-0.11560544,0.59996324,1.11861123,-0.09515611,-0.07235813,0.17428785
1.70083205,-0.42349932,0.70991946,0.05010970,0.01913302,-0.78009780,0.62335413,-0.08966375,0.02021569,0.00491461,0.21288913,-0.39919271,0.02549118,-0.15980802,-0.04344187,0.05899448,0.35164702,-0.30887870,0.06046471,-0.03219998,-0.05401596,-0.09149814,-0.03169599,0.07433550,-0.43551591,1.11983684,-0.20101581,-0.14753033,0.01069466,-0.13896359,-0.11468029,0.59724725,1.12073777,-0.09807006,-0.07371397,0.17287354
1.69882806,-0.42294399,0.70989449,0.05041369,0.01842885,-0.77954220,0.62404551,-0.09313155,0.02119252,0.00303820,0.22104708,-0.40214431,0.02582636,-0.15662527,-0.04274662,0.05693820,0.34732235,-0.30759530,0.06170089,-0.02879691,-0.05337287,-0.09148998,-0.03131879,0.07231672,-0.43284280,1.12035304,-0.20141475,-0.14881742,0.01242327,-0.13898565,-0.11489072,0.59638589,1.12163044,-0.09861529,-0.07423586,0.17280091
1.69673322,-0.42226998,0.70988888,0.05067290,0.01774003,-0.77890210,0.62484323,-0.09745129,0.02230887,0.00083991,0.23088630,-0.40558271,0.02641515,-0.15331901,-0.04195555,0.05457058,0.34278709,-0.30607967,0.06309150,-0.02516133,-0.05285433,-0.09085413,-0.03104174,0.07086331,-0.43030573,1.11976999,-0.19926822,-0.14958212,0.01509179,-0.13834434,-0.11524601,0.59517697,1.12201264,-0.09795298,-0.07451794,0.17270083
1.69464797,-0.42150297,0.70989152,0.05092874,0.01679468,-0.77825750,0.62565124,-0.10246561,0.02272871,-0.00205724,0.24315104,-0.41015790,0.02775445,-0.14916252,-0.04168792,0.05202281,0.33701949,-0.30333863,0.06493456,-0.02083271,-0.05244930,-0.08999195,-0.03116785,0.06842176,-0.42662334,1.11931032,-0.20039614,-0.15271227,0.01754556,-0.13668063,-0.11582958,0.59299634,1.12240452,-0.09537701,-0.07608390,0.17250415
1.69251817,-0.42063284,0.70985703,0.05111885,0.01569853,-0.77761387,0.62646396,-0.10851239,0.02296764,-0.00524693,0.25827159,-0.41566602,0.02928648,-0.14483929,-0.04147456,0.04938703,0.33151186,-0.30163166,0.06515567,-0.01654336,-0.05225601,-0.08885498,-0.03163528,0.06587621,-0.42384559,1.11928173,-0.19802157,-0.15484844,0.02229176,-0.13465897,-0.11730934,0.59300782,1.12268650,-0.09110373,-0.07690248,0.17623887
1.69026184,-0.41963077,0.70978239,0.05138686,0.01448616,-0.77692119,0.62733007,-0.11571852,0.02287099,-0.00896774,0.27613062,-0.42253150,0.03079481,-0.14087608,-0.04135233,0.04699776,0.32693019,-0.29967037,0.06706789,-0.01060846,-0.05318302,-0.08800221,-0.03326685,0.06333796,-0.42007746,1.12032538,-0.20145968,-0.15878057,0.02326364,-0.13172231,-0.11927083,0.59247189,1.12241543,-0.08810883,-0.07754854,0.18257664
1.68765746,-0.41856312,0.70956503,0.05127885,0.01309483,-0.77597194,0.62854320,-0.12278138,0.02309941,-0.01400526,0.29594500,-0.43052781,0.03084893,-0.13575029,-0.04079735,0.04371206,0.32218676,-0.29751449,0.06929295,-0.00493969,-0.05467146,-0.08655589,-0.03502397,0.06314925,-0.41842482,1.12291313,-0.19478652,-0.16195971,0.01973693,-0.12910294,-0.12154779,0.59242925,1.12293298,-0.08679505,-0.07850670,0.18928626
1.68503105,-0.41746102,0.70924336,0.05087767,0.01153434,-0.77499117,0.62981514,-0.12899278,0.02353940,-0.01814633,0.31561691,-0.43863462,0.02991702,-0.13049920,-0.04014207,0.04079239,0.31825169,-0.29569929,0.07155945,0.00159272,-0.05633125,-0.08444691,-0.03657709,0.06137050,-0.41374935,1.12362172,-0.20239588,-0.16981583,0.01610935,-0.12641089,-0.12464736,0.59203653,1.12313098,-0.08457577,-0.08009459,0.19506226
1.68224895,-0.41629951,0.70884727,0.05021533,0.00977895,-0.77381527,0.63134200,-0.13429703,0.02409316,-0.02249635,0.33479552,-0.44644216,0.02793728,-0.12489953,-0.03935306,0.03706406,0.31505798,-0.29435260,0.07355172,0.00826742,-0.05848619,-0.08164381,-0.03832086,0.05981296,-0.40867529,1.12381098,-0.21182530,-0.17933120,0.01418466,-0.12429864,-0.12782496,0.59129006,1.12427526,-0.08369055,-0.08192917,0.19859122
1.67937698,-0.41516421,0.70833280,0.04930353,0.00812753,-0.77248703,0.63306153,-0.13841214,0.02515860,-0.02756636,0.35222444,-0.45317510,0.02487642,-0.11921508,-0.03807252,0.03246276,0.31223608,-0.29320555,0.07522875,0.01423952,-0.06034578,-0.07883549,-0.03921455,0.05964000,-0.40675981,1.12405817,-0.21018365,-0.18638287,0.01665213,-0.12239742,-0.13109351,0.59163822,1.12559524,-0.08341212,-0.08399342,0.19912362
1.67647407,-0.41417387,0.70778547,0.04858608,0.00640035,-0.77113576,0.63478190,-0.14117626,0.02571930,-0.03260042,0.36651425,-0.45839028,0.02235111,-0.11371961,-0.03716717,0.02837503,0.30940858,-0.29222536,0.07617451,0.02060295,-0.06272222,-0.07669761,-0.03918008,0.05861219,-0.40249128,1.12251805,-0.22272257,-0.19636309,0.01615412,-0.12048787,-0.13430375,0.59175400,1.12705292,-0.08223221,-0.08607189,0.20093255
1.67358631,-0.41333402,0.70727135,0.04805327,0.00476318,-0.76977232,0.63648941,-0.14276731,0.02631180,-0.03694618,0.37739834,-0.46245712,0.02024424,-0.10855704,-0.03631102,0.02432890,0.30630560,-0.29087146,0.07659671,0.02688842,-0.06528463,-0.07559308,-0.03880264,0.05711709,-0.39659042,1.12208513,-0.23855875,-0.20649200,0.01347469,-0.11874243,-0.13771336,0.59148479,1.12900146,-0.08450632,-0.08741034,0.20449016
1.67064710,-0.41270189,0.70681072,0.04751554,0.00338968,-0.76834126,0.63826523,-0.14324509,0.02739302,-0.04153953,0.38519792,-0.46577438,0.01855868,-0.10354870,-0.03480098,0.02003838,0.30281492,-0.28873251,0.07721743,0.03320439,-0.06733796,-0.07586393,-0.03816798,0.05590689,-0.39130446,1.12338548,-0.24538379,-0.21383874,0.00987522,-0.11601947,-0.14003333,0.58989451,1.13051356,-0.08396632,-0.08936854,0.20771124
1.66783536,-0.41212792,0.70642025,0.04747915,0.00218438,-0.76703942,0.63983708,-0.14404062,0.02790320,-0.04583926,0.39136772,-0.46930224,0.01840329,-0.09982921,-0.03375663,0.01646350,0.29968055,-0.28709835,0.07710170,0.03966186,-0.06934076,-0.07790116,-0.03609075,0.05567376,-0.38912009,1.12461726,-0.23944526,-0.21641261,0.00836460,-0.11266911,-0.14238495,0.58904983,1.13129244,-0.08325901,-0.09021568,0.20943714
1.66504230,-0.41168174,0.70608498,0.04741820,0.00116696,-0.76586538,0.64124907,-0.14414109,0.02877280,-0.05011348,0.39570540,-0.47313722,0.01820023,-0.09645141,-0.03219835,0.01309207,0.29689229,-0.28502050,0.07834575,0.04603183,-0.07102837,-0.08035868,-0.03290763,0.05376657,-0.38099517,1.12385706,-0.25302203,-0.22321155,0.00254789,-0.10926878,-0.14421496,0.58801723,1.13105204,-0.08191072,-0.09118321,0.21139778
1.66244731,-0.41125128,0.70570324,0.04745534,0.00021775,-0.76472357,0.64260860,-0.14462463,0.02915599,-0.05505624,0.40010516,-0.47707837,0.01893657,-0.09330750,-0.03102979,0.00959323,0.29409304,-0.28281208,0.07991147,0.05146135,-0.07241080,-0.08333659,-0.02895663,0.05235236,-0.37314424,1.12391486,-0.26296312,-0.22844767,-0.00169887,-0.10617219,-0.14600008,0.58714308,1.13044261,-0.08193707,-0.09185279,0.21254577
1.65993911,-0.41088472,0.70532681,0.04742823,-0.00064339,-0.76359167,0.64395490,-0.14552890,0.02940600,-0.06016796,0.40501740,-0.48060578,0.01936640,-0.08969619,-0.02980570,0.00550085,0.29035160,-0.28076989,0.08036994,0.05612209,-0.07352657,-0.08638363,-0.02454538,0.05049614,-0.36338158,1.12410049,-0.27896245,-0.23488847,-0.00745593,-0.10356396,-0.14694213,0.58484527,1.13046093,-0.08198769,-0.09285091,0.21372238
1.65755964,-0.41058483,0.70496546,0.04732519,-0.00150187,-0.76250715,0.64524485,-0.14655648,0.02962900,-0.06485693,0.41032953,-0.48364172,0.01925642,-0.08602255,-0.02845873,0.00201354,0.28668386,-0.27910056,0.08040434,0.05942385,-0.07435312,-0.08925905,-0.02016773,0.04951431,-0.35654788,1.12553554,-0.28240664,-0.23758139,-0.00774663,-0.10148266,-0.14749401,0.58288306,1.13012889,-0.08195458,-0.09313971,0.21277109
1.65551161,-0.41031388,0.70461700,0.04743683,-0.00245308,-0.76154060,0.64637423,-0.14739991,0.02911414,-0.06902854,0.41470475,-0.48571793,0.01959305,-0.08278548,-0.02792435,-0.00017813,0.28325646,-0.27692481,0.08114831,0.06239724,-0.07568451,-0.09224668,-0.01602233,0.04710253,-0.34793537,1.12682779,-0.29314659,-0.24139430,-0.00683913,-0.09946608,-0.14792952,0.58082322,1.12955941,-0.08086676,-0.09329154,0.21236976
1.65377881,-0.41007680,0.70435811,0.04742182,-0.00331859,-0.76068027,0.64738372,-0.14759137,0.02872318,-0.07272737,0.41755803,-0.48687547,0.02017105,-0.07976433,-0.02736126,-0.00227546,0.27994330,-0.27509166,0.08220572,0.06515706,-0.07657449,-0.09536390,-0.01250317,0.04488729,-0.34090586,1.12885508,-0.29480447,-0.24257733,-0.00277950,-0.09722524,-0.14869309,0.57829324,1.12877981,-0.08018111,-0.09326268,0.21187320
1.65202873,-0.40972298,0.70414588,0.04747427,-0.00389106,-0.76002929,0.64814083,-0.14795385,0.02915904,-0.07562650,0.41945402,-0.48800804,0.02046710,-0.07764564,-0.02602369,-0.00396267,0.27685322,-0.27305342,0.08257796,0.06821173,-0.07760321,-0.09900364,-0.00998092,0.04297533,-0.33339181,1.13079567,-0.29503259,-0.24313714,0.00093654,-0.09469578,-0.14912178,0.57595695,1.12780285,-0.08071834,-0.09320622,0.21107480
1.65025429,-0.40939219,0.70401227,0.04784886,-0.00439713,-0.75938549,0.64886426,-0.14823647,0.02932628,-0.07825586,0.42021358,-0.48908052,0.02062032,-0.07605084,-0.02512786,-0.00563653,0.27396004,-0.27093798,0.08287483,0.07128634,-0.07958474,-0.10286997,-0.00843541,0.04218310,-0.32561941,1.13154035,-0.30100498,-0.24458947,-0.00222687,-0.09223811,-0.14950526,0.57484671,1.12732802,-0.08098699,-0.09298259,0.21242621
1.64870690,-0.40898266,0.70398372,0.04828763,-0.00487542,-0.75897517,0.64930826,-0.14807192,0.02943833,-0.08002302,0.41968225,-0.48956832,0.02084380,-0.07558633,-0.02457251,-0.00662069,0.27240073,-0.26937567,0.08274730,0.07456517,-0.08216024,-0.10610189,-0.00812352,0.04211352,-0.31747804,1.13144648,-0.31316859,-0.24730309,-0.01183999,-0.09023835,-0.14933721,0.57404172,1.12728146,-0.08194593,-0.09293158,0.21532678
1.64745665,-0.40851601,0.70393200,0.04845448,-0.00539660,-0.75868555,0.64963011,-0.14741232,0.02977849,-0.08131030,0.41842357,-0.48925501,0.02106831,-0.07609671,-0.02390938,-0.00730643,0.27295708,-0.26875282,0.08212112,0.07676660,-0.08386814,-0.10803616,-0.00848283,0.04291835,-0.31143887,1.13111264,-0.31637451,-0.24818233,-0.01993512,-0.08895798,-0.14881782,0.57343428,1.12780703,-0.08421145,-0.09302662,0.21707469
1.64626764,-0.40805955,0.70389463,0.04836407,-0.00595345,-0.75845842,0.64989715,-0.14648543,0.03043337,-0.08225934,0.41709681,-0.48856824,0.02071954,-0.07694716,-0.02299261,-0.00793707,0.27487111,-0.26837568,0.08101102,0.07748836,-0.08433949,-0.10943513,-0.00800889,0.04348058,-0.30488328,1.12921107,-0.33081041,-0.25106207,-0.03236153,-0.08811435,-0.14899848,0.57609063,1.12840019,-0.08472283,-0.09318871,0.21946638
1.64531025,-0.40744910,0.70393500,0.04811458,-0.00644533,-0.75805862,0.65037725,-0.14600585,0.03096773,-0.08350743,0.41629003,-0.48774266,0.02059044,-0.07825708,-0.02215123,-0.00913714,0.27779307,-0.26826643,0.08001623,0.07931012,-0.08595718,-0.10901500,-0.01031752,0.04484352,-0.30554499,1.12987097,-0.33149780,-0.24975808,-0.03711136,-0.08677251,-0.14930979,0.57729123,1.12739251,-0.08349688,-0.09284630,0.22176277
1.64453060,-0.40674358,0.70403868,0.04775745,-0.00701180,-0.75767338,0.65084645,-0.14529216,0.03114548,-0.08498476,0.41532982,-0.48656454,0.02039225,-0.07959198,-0.02152092,-0.01004554,0.28101165,-0.26873932,0.07716124,0.07885431,-0.08677625,-0.10759718,-0.01168775,0.04340406,-0.29540933,1.12801847,-0.36304605,-0.25507701,-0.04869229,-0.08661660,-0.14912237,0.57934712,1.12650605,-0.08162995,-0.09218262,0.22501467
1.64386499,-0.40590743,0.70410238,0.04731118,-0.00763588,-0.75714691,0.65148438,-0.14463263,0.03108383,-0.08653718,0.41449692,-0.48522025,0.01998642,-0.08103410,-0.02128259,-0.01154147,0.28479291,-0.26941185,0.07441708,0.07739190,-0.08779454,-0.10587139,-0.01313336,0.04501502,-0.29374644,1.12940824,-0.36923335,-0.25592173,-0.05630142,-0.08657806,-0.14847201,0.58132066,1.12622368,-0.07893843,-0.09154367,0.22642752
1.64333855,-0.40505990,0.70418861,0.04656928,-0.00813726,-0.75664009,0.65212028,-0.14356594,0.03162822,-0.08781916,0.41342365,-0.48404906,0.01896486,-0.08260456,-0.02055561,-0.01315333,0.28929762,-0.27014064,0.07281468,0.07654410,-0.08782126,-0.10335520,-0.01476470,0.04496812,-0.28719318,1.12866451,-0.38646944,-0.25831333,-0.06755945,-0.08603372,-0.14828119,0.58067744,1.12474495,-0.07577150,-0.09127188,0.23018222
1.64291824,-0.40408857,0.70426464,0.04574244,-0.00860039,-0.75611627,0.65278009,-0.14308087,0.03219215,-0.08924929,0.41344806,-0.48338588,0.01834828,-0.08396918,-0.01957197,-0.01422112,0.29337035,-0.27078885,0.07194104,0.07461734,-0.08726858,-0.10066246,-0.01582877,0.04646935,-0.28414658,1.12942843,-0.38570810,-0.25669217,-0.07582349,-0.08616853,-0.14782144,0.57872542,1.12427483,-0.07422358,-0.09098429,0.23368523
1.64264717,-0.40312152,0.70422376,0.04513954,-0.00915377,-0.75571902,0.65327436,-0.14306690,0.03218872,-0.09040893,0.41431758,-0.48315109,0.01803143,-0.08471564,-0.01930746,-0.01509552,0.29611074,-0.27135205,0.07115408,0.07134744,-0.08681249,-0.09855480,-0.01491824,0.04872723,-0.28492198,1.12947073,-0.37370264,-0.25340455,-0.07698804,-0.08698830,-0.14725879,0.57849271,1.12474777,-0.07353014,-0.09062545,0.23384424
1.64249176,-0.40210296,0.70417839,0.04439376,-0.00957436,-0.75539157,0.65369802,-0.14355245,0.03244231,-0.09148726,0.41642038,-0.48381037,0.01777334,-0.08467773,-0.01892574,-0.01642453,0.29753273,-0.27198415,0.06986821,0.06921777,-0.08513491,-0.09466320,-0.01590773,0.04816828,-0.28095445,1.12784875,-0.37627568,-0.25202293,-0.07977060,-0.08867564,-0.14811488,0.57708528,1.12440059,-0.07261300,-0.09050739,0.23403098
1.64243334,-0.40108707,0.70406774,0.04353026,-0.00998789,-0.75526544,0.65389561,-0.14402194,0.03304421,-0.09233509,0.41850491,-0.48412581,0.01707769,-0.08430368,-0.01818114,-0.01711955,0.29804587,-0.27245843,0.06889334,0.07003481,-0.08462677,-0.09154885,-0.01830504,0.04730079,-0.27804172,1.12830781,-0.38245487,-0.25212126,-0.08518393,-0.08854432,-0.14958478,0.57535730,1.12277927,-0.06907790,-0.09035749,0.23695721
1.64244224,-0.40007050,0.70394390,0.04269810,-0.01030458,-0.75520106,0.65401991,-0.14485402,0.03367532,-0.09288581,0.42087206,-0.48419372,0.01626454,-0.08381644,-0.01742246,-0.01789193,0.29781843,-0.27296705,0.06791117,0.07146717,-0.08452840,-0.08906317,-0.02047078,0.04686460,-0.27584797,1.12903298,-0.38823846,-0.25254058,-0.09160175,-0.08804797,-0.15015095,0.57291461,1.12188819,-0.06716398,-0.09027098,0.23939296
1.64253602,-0.39906328,0.70387034,0.04203285,-0.01063360,-0.75504088,0.65424265,-0.14603260,0.03362589,-0.09377150,0.42359464,-0.48455910,0.01608305,-0.08320295,-0.01718512,-0.01834853,0.29714554,-0.27295451,0.06737624,0.07106132,-0.08458198,-0.08735091,-0.02078905,0.04710950,-0.27222036,1.12847381,-0.39451051,-0.25247132,-0.09866007,-0.08788121,-0.15010714,0.57261475,1.12193979,-0.06642336,-0.09000580,0.24137866
1.64271744,-0.39818944,0.70389522,0.04128015,-0.01081125,-0.75487178,0.65448275,-0.14659785,0.03386596,-0.09457662,0.42524215,-0.48467201,0.01587860,-0.08239871,-0.01682089,-0.01887061,0.29614510,-0.27201950,0.06819323,0.07142055,-0.08463228,-0.08614759,-0.02149465,0.04623718,-0.25705671,1.12872804,-0.42533655,-0.25646098,-0.12518289,-0.08635413,-0.15103463,0.57313019,1.12046134,-0.06385602,-0.08949863,0.25079321
