time_s,frame_index,root_position_error_cm,root_height_error_cm,root_yaw_error_deg,root_relative_mpjpe_cm,end_effector_error_cm,left_hand_error_cm,right_hand_error_cm,left_foot_error_cm,right_foot_error_cm,left_foot_contact,right_foot_contact,left_foot_sliding_speed_cm_s,right_foot_sliding_speed_cm_s,penetration_depth_cm,self_collision_pair_count,mean_absolute_joint_jerk_rad_s3,max_joint_jerk_rad_s3,pelvis_root_error_cm,torso_error_cm,head_error_cm,left_shoulder_error_cm,right_shoulder_error_cm,left_elbow_error_cm,right_elbow_error_cm,left_hip_error_cm,right_hip_error_cm,left_knee_error_cm,right_knee_error_cm,global_end_effector_error_cm,joint_limit_violation_count,maximum_joint_limit_excess_deg_per_frame,mean_foot_sliding_speed_cm_s,left_foot_penetration_depth_cm,right_foot_penetration_depth_cm,self_collision_penetration_depth_cm,mean_joint_acceleration_rad_s2_per_frame
0.0,0,5.3072333128159465e-15,7.822474952596137,1.2722218725854067e-14,25.592614045977925,37.59997811034044,32.457033758771566,37.28530617260164,42.677224815937784,37.98034769405073,False,False,0.0,0.0,3.0379596062646885,3,1074.9038940752962,5034.907532054365,0.0,16.80682113096174,11.420625502659295,24.984091335027266,17.829328308259118,53.1204520863891,47.75969122390383,9.538463404079083,8.6879298541109,23.907864346496634,19.434031056420153,37.09605904136467,3,49.21158715652052,0.0,0.6311915909091993,3.0379596062646885,2.8508907714116702,171.561193968091
0.03333333333333333,1,4.827905301310619,6.593372373853312,55.04041690933874,19.292172842231444,25.35735766682297,21.898837476165987,21.613458556351187,26.845841722395967,31.071292912378745,False,False,0.0,0.0,1.8416293337591487,0,1074.9038940752962,5034.907532054365,0.0,16.779796381912256,7.002168982365693,16.47793804167449,17.141527337793548,38.58838662690123,40.6993611016302,9.851557572025532,8.708843638917,16.879587537009925,15.823994745949904,32.27471825681912,5,124.8108209250774,0.0,1.8416293337591487,0.9680831825236748,0.0,135.73106416558113
0.06666666666666667,2,7.919034007202101,6.53650841106762,58.543130352616934,18.661339225468453,24.32679264428657,22.072150487357163,21.767108871659488,24.41982346259471,29.04808775553492,True,True,0.0,0.0,2.746443183986262,0,1074.9038940752962,5034.907532054365,0.0,16.757308000398943,7.086940688826742,15.936250393770335,16.699541786252336,37.11015089592867,39.46702746015311,9.75371760400722,8.781664010164162,15.241717492062698,15.778599473316241,30.81627494614658,6,86.03709287556116,0.0,2.746443183986262,1.6973600411565197,0.0,99.90093436307127
0.1,3,10.710576668851642,6.517300419858851,57.19320891558711,18.544471242464894,23.639269227261217,21.77931792998317,22.216811905579938,22.793480620760395,27.767466452721372,True,False,12.897473974379137,0.0,2.840927965501936,0,1074.9038940752962,5034.907532054365,0.0,16.73258125261348,7.080429699937102,16.011126620929016,16.918388795851108,37.45615448710448,39.858281974615906,9.802251452881169,8.738265058610489,14.405534526521219,16.60697785886455,29.230938829577962,6,84.15752967927747,6.448736987189569,2.840927965501936,0.7807420730951176,0.0,64.20807159977167
0.13333333333333333,4,13.372198079292087,6.464846442529071,55.432653315771695,18.45138555190526,22.84051886298455,22.684362553955626,22.065460187965044,21.34955500196422,25.26269770805331,True,True,11.293637257291984,0.0,3.0112041331578587,0,1074.9038940753003,5034.9075320543825,0.0,16.692711990181365,7.145253174940873,16.20930588358534,17.12893439527553,37.91121494556847,40.265281834190716,9.889331845698482,8.665010281390098,13.740027715178234,17.76163576063163,27.813601483426943,6,82.57937090188686,5.646818628645992,3.0112041331578587,0.558176432953538,0.0,29.64171299257113
0.16666666666666666,5,16.048234828783475,6.423813961548197,53.961846787496796,18.26635369358637,21.69090745028125,22.676703930582846,22.45868582796738,19.846165630997362,21.782074411577426,True,False,10.94440346579514,0.0,3.1598929854548445,0,209.68174774361742,1274.0607638250128,0.0,16.63593536894105,7.260074907517977,16.401206720402282,17.288619800291972,38.259555433299724,40.56334694220679,9.920918793404155,8.625919067604315,13.183686942832626,19.092411626169717,26.7281183425135,6,81.55889849271077,5.47220173289757,3.1598929854548445,0.9617737296266169,0.0,7.520731552836082
0.2,6,18.746972064513127,6.391576362621542,52.873804102938855,18.07431559076529,20.580695218253375,23.3137912727869,22.13519397288548,18.2732083775102,18.60058724983093,True,False,6.28235482725636,0.0,3.245770829354006,0,81.3695309401959,611.3731720990409,0.0,16.59298724916854,7.4057882305743785,16.516603401866202,17.39989359783096,38.45657923839628,40.76676622546177,9.925385466994237,8.61170286901415,12.716978173647941,20.399268535511368,27.304981555712615,6,80.32084834775412,3.14117741362818,3.245770829354006,1.7171387149679231,0.0,4.071304852049316
0.23333333333333334,7,21.447927900257476,6.376930046568862,52.11320065702285,17.995188592473095,19.99714439982298,23.12162143254779,22.464967374042445,16.672155705923508,17.72983308677817,True,False,1.8455532510735582,0.0,3.292483073381806,0,149.97214892003234,1402.5305181619374,0.0,16.575700901363387,7.504171801959253,16.58763144759835,17.517820258575256,38.5478542989824,40.89229819498398,9.913416233108121,8.627252819834808,12.27726397135512,21.495841360043837,29.745533883227875,6,79.57719239567096,0.9227766255367791,3.292483073381806,2.4825439815014385,0.0,4.773033035153098
0.26666666666666666,8,24.184006257655142,6.353591452627006,51.554796873552924,18.124106660159843,20.299500029356558,23.694193292996523,22.053025472187674,15.074931577622278,20.37584977461977,True,True,1.6324340444618852,0.0,3.333393823796804,0,121.24241823022554,1451.5129708344762,0.0,16.574317608856806,7.574927220955878,16.61408632242384,17.593234842855598,38.63995555969703,40.99627539281864,9.9056529780026,8.646771408714354,11.884167989408326,22.234210461238302,32.99855219613331,6,78.53787955788378,0.8162170222309426,3.333393823796804,3.0010711498857074,0.0,6.065983120679451
0.3,9,26.941662024534857,6.34413524344124,51.15639569037796,18.39588086366225,21.22016550993419,23.476698346848615,22.31412937599842,13.575777244798418,25.514057072091305,True,True,1.5819949544384597,187.564436252772,3.3898655093914423,0,99.77000839555386,761.2451513902961,0.0,16.576791296018687,7.596385620653868,16.622100549647428,17.689140021870074,38.711621396822274,41.07284862938331,9.900133320639366,8.65755129719214,11.620763593669459,22.61021518930042,36.84209842723151,5,77.72161221945527,94.57321560360523,3.3898655093914423,3.109041796853455,0.0,6.157250892432428
0.3333333333333333,10,29.759406819076094,6.332617655080297,50.892901809817346,18.69996290508818,22.345095111554308,23.41392736069984,22.14915933791661,12.241506254295956,31.575787493304837,True,False,2.7651999954041413,0.0,3.4536394490719498,0,182.25085965423935,2410.91821861093,0.0,16.580147419482604,7.592927286710649,16.59675183279389,17.754569724084682,38.76560211290602,41.17562524337133,9.90686668071135,8.647630119032888,11.531032540221586,22.567910170790505,40.603187276798145,5,75.98482413189247,1.3825999977020706,3.4536394490719498,2.7634946195941836,0.0,4.8748431750584995
0.36666666666666664,11,32.62414486315875,6.28749610003937,50.452783046244555,19.05907768476971,23.752034727193017,24.106354614164,22.03208674407465,11.134949359610875,37.73474819092254,True,False,2.8561328731840163,0.0,3.54517725634135,0,186.05698744652807,3204.736854944871,0.0,16.582090651548686,7.5264371815175295,16.539140102127195,17.904622744702618,38.89459370519676,41.34149058008303,9.972344391788724,8.546896097038209,11.514619034510996,22.05579187425993,44.560535720876075,4,75.3910460440032,1.4280664365920082,3.54517725634135,1.8116915315856446,0.0,3.5111974906732253
0.4,12,35.589409135806456,6.218843613837343,50.3063675907411,19.290151323975678,24.761931167826365,23.592004533732382,21.9797562553432,10.33459004528712,43.141373836942755,True,False,4.717018471900407,0.0,3.6546284440692896,0,193.32564669336574,2255.9280190375866,0.0,16.593629862046562,7.476936894252146,16.39848438035401,18.057838143479803,38.90158305478606,41.44559678059633,10.042871864942757,8.427820226376246,11.577010974768234,21.38277300672751,48.17083732510425,4,75.35591513357416,2.3585092359502036,3.6546284440692896,0.2845695206550705,0.0,5.704041013201525
0.43333333333333335,13,38.714788716662554,6.193907938491183,50.05393621944172,19.566706883855815,25.841973735031697,24.031754725180747,21.980668578647407,10.0427308132871,47.312740823011524,True,False,3.0248708824206325,0.0,3.7433269826150735,0,909.9278327712719,12504.390055190097,0.0,16.61651636422739,7.420978768836919,16.261090280948405,18.231619491063686,38.889016155370136,41.613626267780035,10.025433562032845,8.421246896518756,11.840832446896341,20.81234808403597,51.69512370469709,4,75.42268127096557,1.5124354412103163,3.7433269826150735,0.0,0.0,28.942875320100786
0.4666666666666667,14,41.94806016348156,6.182981266956644,49.888053164134625,19.703813003725408,26.323699774719234,23.402210580794925,21.906563863097464,10.355566169825433,49.630458485159124,True,True,3.0122473176181863,0.0,3.7850294178058794,0,553.0209953739654,6088.780855981883,0.0,16.63283203986282,7.304020611092449,16.112226123506815,18.387522891486878,38.854327185675814,41.800992661855844,9.981560398579008,8.445073179447231,12.225568546826668,20.518272318670686,54.28403894678002,4,75.56555637374389,1.5061236588090932,3.7850294178058794,0.0,0.0,32.05431171959091
0.5,15,45.27888788136785,6.160454614171074,49.62666442298953,19.836326783929525,26.597046050256196,23.31311488106807,22.06365958081338,11.291225140392928,49.720184598750414,True,False,5.13387489180918,0.0,3.8056844815763013,0,445.19095824412034,4913.334107365599,0.0,16.646657448776043,7.202607051738974,16.03842141485707,18.52814525380271,38.88908042112599,42.041419940941886,9.962260391866812,8.456361958843688,12.712695461837582,20.679068214127362,56.525331554681536,4,75.6561505796531,2.56693744590459,3.8056844815763013,0.0,0.0,26.22953104656568
0.5333333333333333,16,48.755706628462406,6.141048563977003,49.29738838184471,19.886551859370645,26.50371769667278,23.361553173977427,21.949214873635192,12.83723343973269,47.866869299345815,True,False,6.213692599557817,0.0,3.7620396242213707,0,879.6132092443456,11361.507602151669,0.0,16.651553466384392,7.09620737980091,16.03777318254424,18.638892506863076,38.974051705715596,42.16996084241079,9.943192281279691,8.479126445537583,13.374239455650361,20.918409837681978,58.34066907957851,4,75.75509163931858,3.1068462997789084,3.7620396242213707,0.0,0.0,13.49730853527245
0.5666666666666667,17,52.377284531769355,6.147656804958368,49.01058419101172,20.031599708347567,26.881462258428158,23.781627037969756,23.039403659935438,14.905804524763486,45.79901381104394,True,False,18.815369986175735,0.0,3.694586624368924,0,849.8552649941628,12941.816879187,0.0,16.652059886415667,7.148294319843373,15.995781097572007,18.448112249413395,39.02988158435929,42.291368258929296,9.889733673114172,8.547501148234481,14.193740249716525,20.751674123902724,60.441684102092964,7,267.48365872914417,9.407684993087868,3.694586624368924,0.5620843371707612,0.0,8.712771737207083
0.6,18,56.09987178539284,6.09375784327767,48.72835784056398,20.14881244945448,27.019291868922423,24.914700783733533,22.16089166348877,17.24650423304238,43.75507079542501,True,False,10.0550619693228,0.0,3.6214974708496954,0,503.3478592290106,6386.958142830446,0.0,16.653023957540952,6.997761196222337,16.241236315590903,18.68916171299764,39.15897116008096,42.37122065118569,9.860094414680677,8.6139825385152,14.985668100567992,20.583899218745103,61.89180217958021,7,246.8678209562914,5.0275309846614,3.6214974708496954,1.968154754331786,0.0,24.061165388927723
0.6333333333333333,19,59.950991907756325,6.123058817307103,48.52609438074973,20.210912721087208,26.97349842054796,24.206392497317744,22.632642590526036,19.76295277672423,41.29200581762382,True,False,18.180626669185532,0.0,3.486461502192236,0,507.9021232824067,5238.864200937626,0.0,16.651478766489046,7.126643949615986,16.28621415713589,18.500449354031552,39.112543675876395,42.692146541238984,9.748811045413413,8.759956643354828,15.677268623340176,20.71418437762002,64.06479813641879,7,263.50929787456,9.090313334592766,3.486461502192236,3.1375502360420406,0.0,31.32628331789081
0.6666666666666666,20,63.805504978164265,6.169527891603332,48.36883539898597,20.099787430989288,26.372604528479027,22.721534982513734,21.774284734839462,22.321712914355963,38.67288548220695,True,True,19.604429810860548,0.0,3.610303849516526,0,718.9118322784789,10787.887856160754,0.0,16.649704376359935,7.258177206644022,16.48594777701577,18.496537820855377,39.121202448248006,42.60486813004061,9.679552337746971,8.838844505995024,16.244253800996443,20.627304947020995,65.78951293650366,7,288.87495319998993,9.802214905430274,3.237683520080731,3.610303849516526,0.0,28.575739326296233
0.7,21,67.54536706803233,6.222051274807406,48.200983864027826,20.146760247139486,26.603802813874726,23.54893295180297,22.081460205919903,24.747065255784126,36.0377528419919,True,True,18.294662738253955,22.414577200606935,3.553984974260607,0,211.86015487968083,1354.2248559243608,0.0,16.628645612174232,7.4618671915325105,16.628150444443097,18.341871859740753,39.1873129575179,42.52186311526774,9.61535612998017,8.89028816062532,16.645984461558267,19.86485251875338,67.74906173285247,7,278.1923823658799,20.354619969430445,3.076309366713426,3.553984974260607,0.0,8.806316211021963
0.7333333333333333,22,71.04290864644801,6.224243484418979,48.32996585383416,20.04164100782354,26.573447996068726,24.770165544930787,21.750599043598047,26.275530419708847,33.49749697603723,False,True,0.0,15.245708002578612,3.6175917390964756,0,272.0314942533707,1333.872344985787,0.0,16.60967156149965,7.689303981012253,16.69289753634357,18.275936458572144,39.200851866393485,42.31269686020989,9.670841713446107,8.827353459201671,16.52988954217113,18.52138015422825,69.34222645273273,7,255.8485804876517,7.622854001289306,2.756330437235439,3.6175917390964756,0.0,8.03423756350097
0.7666666666666667,23,74.36920748454419,6.267024459602877,51.137123996873314,19.5456380554816,25.779482170952484,23.370925304981995,21.521581557374258,27.699278999093714,30.526142822359965,False,True,0.0,32.319577830878075,3.8362723757201533,0,985.2951451202872,13570.233440831604,0.0,16.605893800158576,7.855757318565103,16.334523890691262,17.953265779458967,38.265054317308554,41.368482391715006,9.90036032999209,8.605373708129422,15.955174846635337,17.22275576575978,71.54014189399388,7,274.0983655574968,16.159788915439037,2.040658297428463,3.8362723757201533,0.0,27.63467818021317
0.8,24,77.5303282272326,6.2764086201948395,52.526651180727924,19.28270644260051,25.243287345118798,24.39944580977383,20.93041409185907,27.523243182858103,28.120046295984192,False,True,0.0,6.527828062957276,3.964933494731979,0,378.38914147882053,4457.940178975818,0.0,16.59392744854162,8.003271767368943,16.107217869871196,17.815980949922906,37.76534818071035,40.910616419498076,9.949735305750874,8.542656092409944,16.389007557536427,16.18968566692213,73.55005347090461,7,248.4582301065216,3.263914031478638,1.120660182397294,3.964933494731979,0.0,32.776700551235706
0.8333333333333334,25,80.44778294923141,6.282076460233121,53.96484590187539,18.869770796420386,23.99133557687331,22.969518965850817,21.020542861700513,26.00122045124903,25.974060028692886,False,True,0.0,14.364161532067055,3.9559301955464226,0,506.18044338197325,6059.312208719644,0.0,16.585304878891723,8.146187186923962,15.859928580540908,17.758032974986815,37.157599375223654,40.55459158468917,9.969809531438145,8.526831367146578,17.250896534623244,15.272037624348314,77.05719847554255,7,266.35325780664436,7.182080766033527,0.19173035954931178,3.9559301955464226,0.0,29.51908991164217
0.8666666666666667,26,83.10786333234323,6.2295313825053045,55.209151736089325,18.589048328788927,23.030278652478874,23.62367124257081,20.79717615205069,23.601147118648196,24.099120096645805,False,True,0.0,13.219520182029076,4.064165963399132,0,926.1161601284505,9509.283404555703,0.0,16.58210187203406,8.488913992490103,15.545602103379297,17.71301545714253,36.621746709397996,40.24710198841229,10.029844763511244,8.467588627547611,18.49729864363681,14.521396164366463,79.83547170133971,7,248.16039550853029,6.609760091014538,0.0,4.064165963399132,0.0,17.488890897907382
0.9,27,85.6734355758092,6.20423334186555,56.11218148551008,18.21991391899944,21.558762942871397,22.0675546212283,21.025777136010817,20.74679098378504,22.394929030461427,True,True,0.0,323.34964847635865,3.822974927704411,0,1172.0162394928273,13482.409853124836,0.0,16.57097702681804,8.978159173884496,15.297368397966537,17.679396594941245,36.17255701469651,40.044129201565134,10.030583836987917,8.45334876390515,19.869839721767466,13.967297280973495,83.98547772826748,8,476.8645168087492,161.67482423817933,0.0,3.822974927704411,0.0,22.021676774462936
0.9333333333333333,28,88.079118377899,6.2701447987101755,57.25278290576531,17.966186490292657,20.589973241166824,21.63473523530789,21.115580210681458,18.78025449754796,20.829323021129984,True,True,150.61427923341296,65.61609891083354,3.654627785363503,1,751.6216583323353,9222.164975781005,0.0,16.564553306194718,9.352962978844166,15.082832024656831,17.58767917229089,35.622561715508375,39.778984363703415,9.927534549583907,8.532832451326819,21.01499288127328,13.667970946340228,87.81655397745801,8,398.4274761464632,108.11518907212326,0.0,3.654627785363503,2.260803908771238,36.69363620510219
0.9666666666666667,29,90.49372120162668,6.239608049580713,57.969797951082036,17.900480230324334,20.215015903251977,20.68099176860944,21.37469380256045,19.447181416242838,19.35719662559518,True,True,161.07323904544032,86.99615181457528,3.3797934610463773,0,778.5091360449256,5415.5072818440085,0.0,16.581634800188084,9.709646070495559,15.109461503401702,17.439102473160606,35.38021391164736,39.36148318366385,9.963249816597248,8.522825710973514,22.028408340173034,13.55111403155621,91.74453286623717,8,444.4280726277707,124.0346954300078,0.0,3.3797934610463773,0.0,36.756565401394056
1.0,30,92.96703428355276,6.288404979300011,58.60336637924115,17.97001442941099,20.553237790695793,21.090580327455292,20.396445857947352,22.56667772579702,18.1592472515835,False,True,0.0,63.85984438422456,3.310192731637413,0,1369.7163199609547,14315.982785276407,0.0,16.602168840829155,9.885459605581694,15.213205108660016,17.14352734048016,35.157110784222176,38.80823783841216,9.982282601640682,8.55260155580725,22.647646236325063,13.345025366423293,95.65411123665683,8,501.7990894627972,31.92992219211228,0.0,3.310192731637413,0.0,33.08523115304048
1.0333333333333334,31,95.46631727164133,6.3116979734143985,59.0053840671711,18.095955253475232,21.187897102988135,20.85575695576872,19.97113266173222,26.894280958539447,17.03041783591215,False,True,0.0,34.00324699356687,4.3505047454274575,0,402.51391600496265,3514.0543148038187,0.0,16.613612322415214,9.924529068574406,15.383243997433171,16.836273033424835,35.09330183140247,38.48202141792994,10.030814320199463,8.554784816752017,22.885266850182145,12.883892731862264,99.40598166637082,8,445.58960337672823,17.001623496783434,0.10080546212111004,4.3505047454274575,0.0,17.77031237808409
1.0666666666666667,32,98.02649262342193,6.336616325257416,58.59539445892502,18.565468802802954,22.51911889524947,20.767955383394025,19.976531346364425,31.49334701596504,17.838641835274395,True,True,0.0,20.348442983089797,2.3402900002092797,1,445.6792289438708,3652.9448866531093,0.0,16.622967736293155,9.740285195122029,15.641135194306624,16.70455522286848,35.34843463295604,38.51258247323494,10.07795499098322,8.513835856809429,22.758626578376226,14.485178580096292,103.80117473035861,8,367.1811223247793,10.174221491544898,0.7362772232711453,2.3402900002092797,1.9610115102943642,17.13891592958431
1.1,33,100.65335644678566,6.406417678139464,59.27950108583973,18.50040213472162,22.975992309712908,20.554615553771686,20.22249967482848,35.531431015874276,15.595422994377179,False,False,0.0,0.0,4.372915859037798,0,763.8845858303227,7843.986220619321,0.0,16.657557058209782,9.658485739890954,15.800809190833895,16.314329701657616,35.29467096641124,38.13368840908984,10.023024613952721,8.628038663736097,22.29858182239166,12.792876615798892,107.08018556378211,8,437.22508912929936,0.0,0.0,4.372915859037798,0.0,11.674343688903459
1.1333333333333333,34,103.2572464603475,6.43364717715853,59.87589565194463,18.602936344013678,23.63197477726306,21.21232354178494,20.37913391412482,37.677663623952604,15.258778029189871,False,True,0.0,0.0,4.356959750949887,1,542.0631503609432,4079.5543756894094,0.0,16.691894258542924,9.516817310990387,15.850458877425618,16.036510701719923,35.60836519998125,37.969062480855875,9.967540615506374,8.668303859598344,21.36398890081929,12.843203845712955,109.82519709026349,8,434.11040422799744,0.0,0.0,4.356959750949887,0.03929617708712538,10.646616380411894
1.1666666666666667,35,105.82978274534449,6.481890035207616,59.5020624188913,18.689638123741208,23.962035395448307,20.122687514542775,20.182560349947188,40.14171223880435,15.401181478498913,True,True,0.0,8.365195260569697,4.36740982927553,0,423.2488717708003,3840.5216889590283,0.0,16.720185967294533,9.452653286574057,16.058089475505852,15.862587178495904,35.997636883624274,38.10966825791765,9.863519124193063,8.72435885841109,20.64121910954826,13.066512132760188,112.7869397142918,9,434.94783426957184,4.182597630284849,0.0,4.36740982927553,0.0,15.457277903268364
1.2,36,108.4142255206333,6.475382756781967,59.294065443667435,18.75267242902489,24.245819191397917,20.381452276316555,20.244110225429125,40.490576903421584,15.867137360424396,False,True,0.0,6.3378993878692755,4.347401357574544,0,435.9401222230923,2790.8811441623384,0.0,16.746504061791246,9.461834176184796,16.26224554306894,15.704351266624819,36.068718328738555,38.10239672315131,9.810228240482031,8.771175385126895,20.105391371705743,13.273964572907351,114.8102067775422,9,435.0888459374306,3.1689496939346378,0.0,4.347401357574544,0.0,16.84978206107424
1.2333333333333334,37,111.05028046802681,6.475294782213781,59.652330976351024,18.632827326074825,23.906327048492535,20.580328993601213,20.16747510218509,38.21293612931377,16.664567968870077,False,True,0.0,4.8260259869144315,4.285360337814781,0,407.670597605996,2831.7107843035255,0.0,16.765249304673606,9.446401244233433,16.325406283451578,15.61587304775475,36.094562448356676,38.09966969160355,9.766745585988621,8.794216477120525,19.4922072419052,13.46677037206431,115.9592309074719,9,434.4356072085233,2.4130129934572158,0.015567697591371398,4.285360337814781,0.0,10.952418362032022
1.2666666666666666,38,113.6341704126697,6.511448707948064,59.72392185687046,18.655810469163768,23.960752764662356,20.865585380102598,20.319467755684357,36.79687909270387,17.86107883015861,True,True,0.0,8.173481473049335,4.219134184645598,0,384.0370992369601,2615.396652263843,0.0,16.79203516663821,9.550306106526245,16.300117552292715,15.551646139586357,36.313640501647576,38.154137667125866,9.689370281983829,8.844937466782966,19.161564988837153,13.63639010738611,117.43628874141146,9,435.37942193145426,4.086740736524668,0.0,4.219134184645598,0.0,11.114808657439028
1.3,39,116.16744750827735,6.492139498019888,60.28395982475394,18.60771297995095,23.848308114766684,20.261300913134615,21.187751602698913,34.746984011578874,19.19719593165433,False,True,0.0,13.415772913087952,4.039108029399134,0,463.6277994999835,3304.8911500561717,0.0,16.824625012929765,9.701545416083443,16.12884462429834,15.547027493364046,36.484107547345154,38.06351288328926,9.698061902990391,8.807454483580212,18.846766816270495,13.620516060046434,118.59768032510036,8,434.8244255764412,6.707886456543976,0.6989069612564773,4.039108029399134,0.0,16.978667940732873
1.3333333333333333,40,118.66752358872684,6.506189980878185,60.7158590909612,18.540714492514514,23.70974107059171,20.627496239997907,20.267661672904357,33.148707214879096,20.79509915458548,True,True,0.0,19.594937188124568,3.7459844619440936,0,518.0673879460561,3277.4597062277553,0.0,16.83579383159564,9.88516623120298,15.975372288748371,15.539459864389347,36.35052237383234,37.9020583284616,9.630513799781022,8.813446689979813,18.724976658125815,13.614443039233992,120.20758719497103,8,435.00097775751254,9.797468594062284,2.1052339083585374,3.7459844619440936,0.0,21.919836070314933
1.3666666666666667,41,121.0664441075006,6.538268598236119,60.909825877990734,18.544509485804756,23.847630573384475,20.973092535576292,20.848660505971576,31.056839073315444,22.511930178674575,True,True,49.32355043508485,28.807976030944594,3.3470554412778872,0,517.0408608609093,3001.792375763156,0.0,16.844327910993933,9.920886562973397,15.848201326636275,15.68176857324501,36.22238641670771,37.944736948953405,9.478253760983051,8.901347905573095,18.172576277739118,13.762634309728423,121.3734818285463,8,435.0344855411685,39.065763233014714,0.05130085894867421,3.3470554412778872,0.0,17.993481494822
1.4,42,123.3642875431021,6.52781649204488,61.55371864199048,18.23181523808074,23.14039608508131,19.005235772450472,21.104246611432202,28.330134365864808,24.121967590577757,False,False,0.0,0.0,2.823017249005878,0,918.0977177804181,5154.887156859712,0.0,16.84554948696743,9.768894468431858,15.607195941698201,15.815728352341438,35.81840594398758,37.68861103889276,9.338478587119543,9.028223970061907,17.003685820989052,14.000870620396105,123.0845641563084,9,434.9506901127187,0.0,1.660104988826162,2.823017249005878,0.0,17.144935691062823
1.4333333333333333,43,125.69068571559161,6.595968744722935,60.25648164284046,18.45368041962775,23.668335584151645,20.635546809429776,21.111280399188708,26.854639213535602,26.07187591445249,True,False,0.0,0.0,2.127243219579577,0,635.0720360706364,5570.279335270083,0.0,16.840820242491226,9.535598312609261,15.704222356506053,16.06891929321117,36.534798418484364,38.42163516519087,9.113636961038871,9.195683131418036,15.917108265709215,14.79944181115064,123.94876814649886,11,436.3133264145839,0.0,1.7722817192624067,2.127243219579577,0.0,24.86609711682603
1.4666666666666666,44,127.94114662382997,6.534357205478902,59.194998861171676,18.504668469681082,23.867829580448486,20.325455133541066,22.537645237172182,24.887702942256716,27.720515008823977,True,False,17.509883727624224,0.0,1.3089677893884721,1,426.743045496292,2515.846112968944,0.0,16.828576079568105,9.340543540434766,15.929684872722492,16.315529484025234,36.745397699087384,38.1636058422189,9.125913597026813,9.201378655585106,14.680145555504485,15.767933397249005,125.1203132381975,11,409.4090557167983,8.754941863812112,1.3089677893884721,0.7008539545503951,1.495984203107388,20.725841235926957
1.5,45,130.04164150980824,6.6677002241905985,56.733444691777436,18.81920592651017,24.159427569422125,21.9647940817426,22.26247453947228,23.59599518907876,28.814446467394866,True,False,20.51311089313584,0.0,1.3662522690771586,1,619.02095461054,4485.741841298085,0.0,16.810661487481664,9.278694498420135,16.40137613647905,16.519643609531542,37.92116120296324,39.577837228057994,9.213921946701706,9.122902066252562,13.851137645012306,16.953042799063823,126.56338450379847,11,411.1007172474229,10.25655544656792,1.3662522690771586,0.0,1.4209387503714177,21.345017614987977
1.5333333333333334,46,132.12812962733958,6.562972938591294,54.567928086496714,18.882614008968996,24.106493886029934,23.639884733948215,22.294581031375703,22.305449257014864,28.18606052178096,False,True,0.0,0.0,2.112156201774967,0,883.1799167151826,8098.907659145432,0.0,16.790655962617667,9.313601877490836,16.716882479232954,16.492774653545634,38.21369772380474,39.865626718862636,9.456253521363696,8.903647999301043,13.05967326162072,18.000420392575307,128.872577271588,11,436.832041870203,0.0,2.112156201774967,0.0,0.0,22.829941678227442
1.5666666666666667,47,134.01178846305962,6.679279900583168,52.40295751950221,18.939921970887692,23.571748869748244,23.647189294831612,23.075180947129034,21.02186494228167,26.54276029475067,True,True,0.0,126.51610702103694,0.0,1,437.4832370115135,2540.3786735405347,0.0,16.76408418528573,8.927317759551757,17.15992530414907,17.06154828880326,39.55082705933079,40.733200072672034,9.446678562155547,8.930017185478013,12.2798313088531,18.958404358043143,131.3739338650158,11,433.7302926022387,63.25805351051847,0.0,0.0,0.09908318444158074,16.124285624873217
1.6,48,135.93917517503965,6.580221169056677,51.391355576335755,18.63808960512486,22.29295014894642,23.125954131114618,22.963828875059818,19.027925933544914,24.054091656066337,False,True,0.0,137.90676334618945,1.3893738758415801,1,1165.8593508041085,16323.349728370611,0.0,16.742105984257456,8.77691034168984,17.16829857243306,17.150664326107925,39.899293517282366,41.347009646330235,9.616067179853834,8.794781053110137,11.298172602308155,19.606240257714234,134.39687425794722,11,435.06302493833465,68.95338167309473,1.3893738758415801,0.0,0.027549666715203768,24.89568182462924
1.6333333333333333,49,137.79232114205735,6.616934493378713,50.38472822242072,18.519459798169883,21.677256543960066,23.763125548270548,22.827029660814784,17.996464818503327,22.122406148251606,True,False,0.0,0.0,1.8628068466442622,1,730.5492707932956,8747.790088234393,0.0,16.723936818660537,8.411622116676785,17.18446311090061,17.531381675830467,40.04735246541979,41.76396766854629,9.490387908391414,8.88621992521917,10.770742337722677,20.2727967693403,137.43346746618468,11,434.90490180578917,0.0,1.8628068466442622,0.13140444157999182,0.025223660611817418,29.4663666610405
1.6666666666666667,50,139.63441680592075,6.427350800438935,48.844044163292054,18.212820917585695,20.307241337563532,21.456775818671865,21.935408934478325,16.68624822142162,21.150532375682317,True,False,16.693434380513306,0.0,2.3155711598830506,1,850.6657652661189,5007.908230358334,0.0,16.726476334917525,8.404875322365037,17.349216743968082,17.72170433501148,39.773272616970324,42.30848100195007,9.537202162324158,8.794037906656275,10.326524761649088,21.021557227719285,140.89777213087973,11,434.7015171406369,8.346717190256653,2.3155711598830506,0.6918564235716528,0.016317822130933538,27.627116438187574
1.7,51,141.28873851045466,6.531316954489929,49.05157149523643,18.36093914854343,20.890122620609947,23.441469904238275,23.094251916385566,14.972761815179181,22.05200684663677,False,True,0.0,0.0,2.316398834751356,1,1232.9710864527178,13359.424837559249,0.0,16.709249472144396,7.7875764346278356,16.617821532803468,17.544343225869483,40.440816366931934,43.14619920546393,9.301180053177285,9.057414732815584,9.807161337256977,21.44183438462077,143.9132033560242,11,433.476878343931,0.0,2.316398834751356,1.1500059380624883,0.07972319832274428,17.3638784934432
1.7333333333333334,52,143.05397014342597,6.520298721089802,48.23433499417249,18.39136541896672,20.75522658366348,23.540707104551185,21.35305906654839,13.676220198566774,24.450919964987573,False,True,0.0,178.7876408532631,1.5148998705885857,0,1116.2194826568634,13411.69566248576,0.0,16.713947380996608,7.530111107678511,16.867529942666525,17.942655467656486,40.34943970054288,43.50348718802623,9.264513151244516,9.075576805750316,9.64637166508056,21.95594254020421,146.78143673897947,12,444.10104128399547,89.39382042663155,0.3193868330803896,1.5148998705885857,0.0,17.898756730140697
1.7666666666666666,53,144.81492200580516,6.529312564782197,48.02055428018074,18.6505163619296,21.76653298095001,23.399543050652277,23.136950624165127,12.443290495446547,28.0863477535361,False,True,0.0,199.64400348353922,1.7038583153852478,0,700.1673370018883,6362.115327783886,0.0,16.71404845293414,7.231187760883513,16.784607951456916,18.338248490266086,40.162281547561,43.34413948181159,9.24066634301738,9.092438723369984,9.53726341651819,22.246731337325127,150.29751845128106,12,440.351340944681,99.82200174176961,0.7883228711616082,1.7038583153852478,0.0,26.088153895710143
1.8,54,146.63170154629032,6.546656128222295,47.8538422574104,18.92423332261463,22.690937888647195,23.358472312903366,23.608097163079144,11.228495466852186,32.56868661175408,False,False,0.0,0.0,1.6018408735035763,1,701.4539420237633,4765.280841072918,0.0,16.714789680192126,6.859672328439465,16.8240711026834,18.96592465246517,40.24972932456268,43.42232593541845,9.248780650239356,9.086716052087246,9.442087965389447,22.285650593153306,153.29877532244808,12,412.7929047410893,0.0,1.6018408735035763,1.2492021311396189,2.4760762453802947,33.23738795034552
1.8333333333333333,55,148.66722131943322,6.49930951008626,48.2293138645253,18.976116914042834,23.15566205668319,22.97341809655976,22.481033438760036,10.11879706370893,37.049399627704034,True,False,0.0,0.0,2.649273344348056,0,701.1798737729948,11842.785872821127,0.0,16.719609110929508,6.902821199993044,16.469989312812725,18.74082365906447,40.02372513640815,43.301268403299424,9.261768632818356,9.066803233077593,9.501536445348414,22.030760350158076,156.13161015069042,12,531.4143227799178,0.0,2.649273344348056,0.3888648363715423,0.0,21.92636424542044
1.8666666666666667,56,150.73590439795734,6.438587366957849,47.41385860515904,19.296852567339208,24.294625017785883,23.71644896093104,23.473524857842097,9.07961025659736,40.90891599577303,True,False,17.710840698288767,0.0,2.2725191517407084,1,495.3408558884466,3908.169734522069,0.0,16.72363851799149,6.768086340457509,16.434304584289386,18.964419240752562,39.989556209302286,43.65931563917916,9.471628454044149,8.861191913030748,9.547784283000643,21.85436325689667,158.6172178646114,11,442.5261084281727,8.855420349144383,2.2725191517407084,0.0,1.4427249758786418,12.395368711791173
1.9,57,152.97250978728385,6.389305516069821,46.84830413957953,19.461132859146847,24.69127905926067,24.045963570756893,23.122637046548785,8.399040496764695,43.19747512297229,True,True,5.98633270486276,0.0,2.50815590718493,1,422.4558154614022,3024.2163064776696,0.0,16.726368545495944,6.612270027765203,16.387990299992076,19.1331226196298,40.062208552499825,43.820804268837385,9.509224660043696,8.823162560703706,9.939959813148121,22.13676530204433,160.6242499176371,11,441.1611795046881,2.99316635243138,2.50815590718493,0.0,2.6286719844212043,11.136217538867756
1.9333333333333333,58,155.42439382575014,6.3851597528910675,46.74013017977291,19.406326280714957,24.464730011310152,23.941168894765745,22.55656621605784,8.14752382242116,43.21366111199587,True,True,9.738094757305412,98.88030227822334,2.6572403921556886,1,304.8590821097459,2611.192100458097,0.0,16.72484854330028,6.42735200768296,16.36923122445051,19.19655304549936,40.09922606290795,43.92394967612941,9.489874593731479,8.850657320851365,10.403977335846362,21.75030435508407,162.37353298723303,11,439.9928617880979,54.30919851776438,2.6572403921556886,0.0,1.7715613233247816,15.904997300149892
1.9666666666666666,59,157.99200902724098,6.389263243019061,46.917599396485535,19.29115281913942,24.108833466433403,23.931683373665347,23.21726781744569,8.510223747662602,40.77615892695997,True,False,22.041870595258032,0.0,2.705446920893832,1,532.4010853627822,5552.770927945618,0.0,16.727044537589055,6.263062553439125,16.349206135525883,19.208123519177324,40.014593873393814,44.01582628878575,9.492218371735872,8.860746114376045,10.819838984675632,21.181298042659172,163.71124736171382,11,437.8541942154143,11.020935297629016,2.705446920893832,0.0,1.5855117072163174,16.769916496276345
2.0,60,160.67382075931286,6.383766572765703,47.45747394261848,19.08090628625268,23.44234188143496,23.97504312736046,22.32061804057615,9.507137220185449,37.96656913761778,True,False,44.50767531574961,0.0,2.6340044662454636,1,245.05824744647742,1351.5208750944607,0.0,16.734744345994436,6.230004766386914,16.356731913771775,19.083999329584728,39.85155785029519,44.00652605076025,9.532124498534339,8.858652241281433,11.169080080726166,20.620805690715123,165.07510376227376,11,434.6550754038334,22.253837657874804,2.6340044662454636,0.619683117732182,1.4218127742186135,9.221368555109343
2.033333333333333,61,163.37604247920464,6.326895792670029,48.477147942084954,19.02244419205817,23.400192561027094,24.110216728535946,22.6800284748513,10.841771842434055,35.968753198287075,True,False,76.64009545320883,0.0,2.5483406388619336,1,152.7930413017529,1144.2497793080204,0.0,16.72383218118025,6.304373113938317,16.361250492227185,18.849783945017517,39.521344789767284,43.92262855777152,9.619785938196438,8.822969528210892,11.345669880943513,20.264254209511225,166.82268683218558,10,432.1082764435986,38.320047726604415,2.5483406388619336,1.4836224109229534,0.7859958742281052,6.119514211750725
2.066666666666667,62,166.11380985888132,6.428191561126518,49.415625952803275,18.787376441368977,22.83056301248428,23.590429176219846,21.59048308430449,12.48225353672636,33.659086252686436,True,True,66.95628036737266,0.0,2.5807218981145876,1,141.96657376172362,1491.5835460092103,0.0,16.70536745252786,6.4746450663146184,16.53635085705271,18.43504912865428,39.2419276425417,43.02221359202553,9.566787417310849,8.878747032746329,11.621852699871786,20.005453681551906,168.5743752624816,10,431.7768258706012,33.47814018368633,2.5807218981145876,1.9932442211639017,0.6250458659033423,4.920016182200726
2.1,63,168.54323494818567,6.404057124866414,50.32732084113735,18.67378274545519,22.67400928100275,23.622327558328106,21.619613940813057,14.004774858815349,31.449320766054495,True,True,87.75835789754404,17.76959602721988,2.6731397719532484,1,106.61403774607331,1185.4054921397408,0.0,16.68713191784134,6.647977338294036,16.6447686286825,17.961129123138335,38.94178481678089,42.75452824211077,9.617956240822135,8.914947533124636,11.812302639377656,19.428177577644508,170.01453673774859,10,431.29203263122537,52.76397696238197,2.6731397719532484,2.2274928337907904,0.44071270844627763,6.005028350259783
2.1333333333333333,64,170.79722686953264,6.402145044297636,51.211120418093884,18.522565837894298,22.414200323003953,23.859749424054232,20.999151341995937,15.426411343272264,29.371489182693384,True,True,78.63064033371802,14.800519202833442,2.7369990654646092,1,115.25410702510611,637.1687116240582,0.0,16.66841438529037,6.900313939600912,16.85099493572772,17.562602701794365,38.71651118463502,42.28120897924872,9.699387555093553,8.89701561944612,12.334968353975551,18.270268621586336,171.39354718813462,10,435.38502635810374,46.71557976827573,2.7369990654646092,2.4299179905910404,0.05116554688013941,6.486975764343622
2.1666666666666665,65,172.8333226638918,6.45326605500034,52.189776916214974,18.40762307561618,22.219207140238513,23.556215091290813,21.10527915564085,16.72287631012258,27.492458003899813,True,True,53.057946446324664,6.283067768092239,2.5308838500530864,1,88.89439269225417,431.0511600041076,0.0,16.651040361381714,7.218359569987019,16.942519591063935,17.160417198553485,38.567799044784266,41.63324256561885,9.782685073610104,8.821413469908626,13.280201927390669,17.179838770989917,172.83125544480345,10,435.13357560160904,29.670507107208454,2.5308838500530864,2.5043065591049127,0.05753880291413764,5.187629729647485
2.2,66,174.57783458255912,6.488419951522562,53.194689435015945,18.33292076077143,21.986514220316845,23.885158778545573,20.51713859311159,17.69678601864946,25.846973490960767,True,True,30.575264070171876,9.832672573164913,2.54921555441733,1,102.77578034896968,859.8971101318574,0.0,16.647596797257698,7.488630578558494,16.925527963963763,16.92273801825174,38.36158782308339,41.044140212748076,9.889022606379998,8.731489121584945,14.565604942994367,16.471416465481592,174.0141739169808,10,434.8707344547668,20.203968321668395,2.144336769114939,2.54921555441733,0.06298545919892129,4.982671452496485
2.2333333333333334,67,176.049733616342,6.49074508403028,54.17582782285058,18.26772665681737,21.657744809525433,23.386640729794212,20.789211261641512,18.07283154094175,24.38229570572426,False,True,0.0,11.881378366965253,2.603049755607997,1,80.8868181979274,830.0043587212074,0.0,16.654882333023874,7.690992237107452,16.800621835037337,16.782636108063798,38.048158189170046,40.66353791706647,9.988465802987943,8.66743796859784,16.139820340089695,15.948367883014406,175.32499068232633,10,434.74441148304186,5.940689183482626,1.6111041311004142,2.603049755607997,0.06054953973661358,4.9037464296798685
2.2666666666666666,68,177.2926830918984,6.469453233049038,55.10625963837521,18.18144561881531,21.259929013567017,23.515271187477577,20.42687932351485,18.039227036561208,23.058338506714428,True,True,0.0,10.199849306204095,2.6965754545814287,1,60.38827139676407,387.5280746230575,0.0,16.65423359476063,7.841686262381191,16.638550612970242,16.705376016165456,37.621895106565894,40.323329635007305,10.082110528944863,8.593314047425539,17.8030985525268,15.418373871213701,176.34554964076915,10,434.7121705859107,5.099924653102048,1.0478308515802055,2.6965754545814287,0.05288863665140449,3.8789527329247937
2.3,69,178.3358772012802,6.46103601104423,55.97781409989716,18.07646679838951,20.829623936835876,22.823142875908463,20.76623608129683,17.840648505868508,21.888468284269702,True,True,69.539900080458,8.994370634800003,2.7975961782022534,1,35.6882060901477,268.3928900197456,0.0,16.635257762879224,7.9724006320003715,16.4543649859943,16.677323221006663,37.18198229345384,39.948207566760786,10.162340413716505,8.499637488981266,19.360904896313276,14.936086967392917,177.63630626034836,10,434.66930210504796,39.267135357629,0.8398549682143011,2.7975961782022534,0.045564514216057686,3.4194562048474673
2.3333333333333335,70,179.19210092103089,6.461769773908099,56.7032367453475,18.01734300737443,20.54922147425319,22.907790399393157,20.38530051557129,18.02126609658434,20.882528885463966,True,True,87.53493325467925,10.017808529997284,2.8685808041888192,1,57.34206459139741,289.3280923942448,0.0,16.60736421985864,8.131816885502067,16.267167032866375,16.67867256762842,36.85374299747332,39.592115524177096,10.231977618934977,8.396752333225635,20.666416619659525,14.63723341427762,178.6423859018304,10,434.6956749499032,48.776370892338264,0.9084443180408238,2.8685808041888192,0.03334022683790855,3.0243004379854264
2.3666666666666667,71,179.89215135264774,6.479048281955402,57.37033735588068,18.05483649635234,20.670750305314208,22.46842345906629,20.706389497240867,19.507057814575347,20.001130450374323,True,True,99.82920480687932,9.217619087693093,2.9078712991046345,1,67.51719899910262,473.0961024682717,0.0,16.58327614087717,8.285409590811074,16.100835288215027,16.700915778263695,36.590804273235086,39.26422698329629,10.257374956405084,8.329256567893129,21.656633035974025,14.370813609057706,179.64954065157826,10,434.6862966931869,54.523411947286206,1.0258550600665117,2.9078712991046345,0.0213386326667204,3.1039475671795405
2.4,72,180.41935710270423,6.4894225243120935,57.96579478423819,18.171795453754605,21.1231422852494,22.46177855318587,20.436765221630274,22.33765600697738,19.256369359204086,True,True,106.0865082534598,8.218252481134352,2.89467771829871,1,72.84599598608644,537.8384889995782,0.0,16.568885250281966,8.428729657652537,15.944021764172062,16.719668904422488,36.36014658800428,39.02201375853056,10.255539566232416,8.288313610951265,22.364880626561323,14.132162938512522,180.16360997904007,10,434.7239880623085,57.15238036729707,0.9774734002766041,2.89467771829871,0.004510773414822568,3.7615259743390057
2.433333333333333,73,180.77504729185551,6.493753293980298,58.48517732864434,18.36176769166228,21.900230277825973,22.251684972233715,20.77773715585879,25.89025356592236,18.681245417289016,True,True,107.99566962419718,8.925007699951788,2.8916895859952034,0,52.685235321804235,403.7299291254413,0.0,16.565487664169254,8.504020042987609,15.808059218123935,16.738551367545526,36.126035672746646,38.78553109209161,10.237574600928776,8.281123266966741,22.780150060878558,13.999061277191652,180.51987423312863,10,434.9418077875231,58.460338662074484,0.7515318833007346,2.8916895859952034,0.0,4.582735951263667
2.466666666666667,74,180.95505122258294,6.468964118097098,58.92737841193683,18.514812705405703,22.5803701910757,22.0567718564141,20.498918977997292,29.504344079078386,18.261445850813026,True,True,109.87308110384228,10.498317994732098,2.957218917917038,0,50.03346641948055,231.50282299155998,0.0,16.564577474376883,8.552669772203185,15.701837008714525,16.67452447890242,35.921844554869296,38.612478555814604,10.222374919839089,8.292749889856593,22.901070844585263,13.956582317620889,180.49253985970032,10,434.8687976862706,60.185699549287186,0.41053480612581555,2.957218917917038,0.0,4.729642350769241
2.5,75,180.94254850007917,6.402057931161231,59.36128719049816,18.67911691649898,23.322024030524197,21.96917537119826,20.677171818049132,32.64083358067222,18.00091535217717,True,True,114.19489028695675,12.032600722001783,3.1226680178039086,0,473.87328518264525,7722.05139133785,0.0,16.571092590305387,8.61810279512492,15.6124051331226,16.53654438998263,35.75530114692575,38.46291509933656,10.216901128028725,8.328867056869113,22.794883032042534,14.001645253649695,180.3619952863448,10,435.0184475906265,63.11374550447927,0.0,3.1226680178039086,0.0,12.312822316043137
2.533333333333333,76,180.7629517924628,6.344554150780512,59.852696807100514,18.726509621934575,23.687145882069288,21.712457426148465,20.283944595334038,34.82577362700469,17.926407879789956,True,True,113.47847590570537,9.901255106370026,3.3099238378711657,0,332.2817113626921,3876.4563167039914,0.0,16.59228598867593,8.790200033426272,15.604162333506306,16.32323965889378,35.58613606528263,38.169197458165826,10.21111887105574,8.375778427348155,22.443040934193068,14.053901030193746,180.11703819552898,10,434.9297448291845,61.6898655060377,0.0,3.3099238378711657,0.0,15.52603823986976
2.566666666666667,77,180.36227763945467,6.341128496926496,60.254411085312505,18.730745128141105,23.92481059270591,21.55671933798038,20.281245097226613,35.72633628673964,18.134941648877017,True,True,98.30527440209808,8.674840797198284,3.4127395335369703,0,384.90501903743876,3325.4393840024113,0.0,16.63874526972775,8.937651787859803,15.649156355406884,16.13321616991801,35.46402416314808,37.88366748573266,10.198809187858654,8.429267898466728,21.75032923937884,14.177066993795536,179.9366089060515,10,434.9438323972435,53.490057599648175,0.0,3.4127395335369703,0.0,14.752458698002355
2.6,78,179.76766689953615,6.3640993894516384,60.33202641700871,18.66410794241218,23.838723154176773,21.51103797036179,19.920881782267305,35.271822057356864,18.651150806721127,False,True,0.0,7.472640020697789,3.4301392568981215,0,713.6314154811657,9619.102978571565,0.0,16.6879023729066,9.045735203323982,15.759163216807748,15.984899980011882,35.52303980623885,37.677251224580246,10.171896321870815,8.493694227259033,20.88342017601049,14.379723990465981,179.59294071743273,10,434.9069761691161,3.7363200103488947,0.0,3.4301392568981215,0.0,14.82145428857319
2.6333333333333333,79,178.92706382830974,6.3909157383736375,60.565542448900835,18.322992803515003,22.819479952290667,20.24745864083041,20.47851111309115,31.176416401837958,19.375533653403142,True,True,0.0,20.40703447184737,3.659263569171594,0,564.1829284963883,9162.349934450265,0.0,16.728767153604643,9.010767591641642,15.77091146027278,15.862435707411345,35.770417381325,37.62314870162329,10.112076761055661,8.608910228337594,19.487941897235334,14.591595361055138,179.80119144472556,9,447.6893204269813,10.203517235923686,0.0,3.659263569171594,0.0,16.269208640649275
2.6666666666666665,80,177.8294715972067,6.422042065656686,60.18838605454406,18.567958239077395,23.762380100775612,21.67586457094556,20.624848034058203,32.05609499408016,20.69271280401853,False,True,0.0,28.892122045593833,3.3865266727807897,0,534.3787998744295,3505.246472975483,0.0,16.77683696237771,9.069579400284525,15.90430836580596,15.817986796017161,35.90050563388041,37.64151211134115,10.142412151030857,8.615571303860287,18.703504567613198,14.897635890847246,179.1462447060209,9,479.1664589965983,14.446061022796917,0.0,3.3865266727807897,0.0,22.68565701427536
2.7,81,176.4768691946674,6.43928806702797,60.12486802909499,18.557210781339705,23.817780661737697,21.38902162615746,20.950940859966984,30.79944196434729,22.131718196479056,False,False,0.0,0.0,3.218064023325922,0,697.1019668777487,5388.238324860813,0.0,16.823023918001187,8.95460945616967,15.837184428260134,15.907454316977429,36.06550647977515,37.787696742162716,10.234639095766084,8.58398309312844,17.949210671342694,14.94373087156127,178.76248678080805,9,515.4101081042771,0.0,0.9867402423688356,3.218064023325922,0.0,19.624316874008485
2.7333333333333334,82,174.9753388766589,6.449173723549273,60.69865290775428,18.46338525915778,23.762994813873046,21.641302703847312,20.79320933567868,28.915955446400243,23.701511769565954,True,True,0.0,0.0,1.8245320470571325,1,637.1304220474525,8999.73823666317,0.0,16.816489145838585,8.747734229910368,15.573380469338113,15.831527492006195,35.98024334056085,37.75442065851006,10.192376709471889,8.588498432977778,17.337222406809737,15.076906746450991,178.05678933053264,10,532.7921201361123,0.0,1.8245320470571325,1.6322782441537436,2.3903837975624684,22.868587085330578
2.7666666666666666,83,173.362693201485,6.493615166287691,62.21238389543365,18.221620370985324,23.601247936784475,21.25946787387705,20.496800822625232,26.677297487305722,25.9714255633299,True,True,19.469759848208376,95.77855509693329,2.31692768997872,0,601.4187856506494,3556.5687132326093,0.0,16.78191058509363,8.268862601044395,15.22618817065384,15.891647876392678,35.32125604538485,37.31692822494138,9.895979591305624,8.778720671078096,16.210349478732184,15.227470573015195,177.49665401247566,11,535.3122359110105,57.62415747257082,1.2787881008736586,2.31692768997872,0.0,17.35939840523011
2.8,84,171.67287949736888,6.505553941141551,63.85583435724049,17.88584395626772,23.21166504143832,21.134075507978984,20.20463474374288,24.279029668473797,27.22892024555762,True,False,22.855645626251253,0.0,1.6892379872874186,1,631.1576680993334,3135.3648799861326,0.0,16.75721770656749,7.909495017800435,14.899706565663791,15.811983947496577,34.74766208124601,36.903352534525816,9.501202764917641,9.039594279735,14.657440278466966,15.21334400184278,176.69444803104594,11,537.4788452214381,11.427822813125626,1.6892379872874186,1.106027702461226,1.441536606306068,18.414540333704625
2.8333333333333335,85,169.9888815226208,6.541245618803582,60.632216755433696,18.16729055295396,23.493798437423063,21.119880102382787,21.245281382022135,22.8021017981797,28.807930467107628,True,False,24.781669780955234,0.0,1.3703597032552899,0,459.7205750021426,2866.283899799147,0.0,16.766710238041018,7.500424549352017,15.0466505165081,16.516176765022035,36.16548506187144,38.48037887236888,9.626849883214481,8.947317129211529,13.580749052526524,15.90342247650117,175.7780633236259,12,543.8743589334057,12.390834890477617,1.3703597032552899,1.3152803917087366,0.0,16.37706541601433
2.8666666666666667,86,168.41762862867716,6.614479543130791,58.20599672628573,18.476144520943237,24.0515797993873,21.942858973008473,22.258544370146875,21.0982515012279,30.906664353165958,False,False,0.0,0.0,1.4701018546872513,1,393.1431745506731,5026.27959322161,0.0,16.76821458228849,7.200918724335464,15.442333717588172,17.22696105854453,37.096891863179316,39.547927188995,9.618046340451022,8.960968301714166,12.526330282643533,16.5472565568597,175.19654640619845,12,548.5117997678964,0.0,1.4701018546872513,0.0,1.6957267418913249,16.547397363103933
2.9,87,167.16344553724866,6.606725329858854,55.94142618139148,18.55269356447927,23.955189236699994,22.606255388550935,21.747661753281953,19.54316761874322,31.923672186223868,True,False,0.0,0.0,0.0,1,1001.1799266597016,9873.192730616021,0.0,16.762144755764812,7.275777160981217,15.506149147193039,17.181231757918283,38.0024620666582,40.399281705833125,9.649618167410203,8.911657069876899,11.672166660469596,17.109158028283687,174.343971037235,12,570.2522707345364,0.0,0.0,0.0,1.1809103249836377,15.73457026299448
2.933333333333333,88,165.99795029384163,6.621379765929758,54.14721465819298,18.547014078230497,23.643581682082797,23.40778483291891,21.989302400515587,18.439529613450762,30.737709881445934,False,True,0.0,0.0,1.4000364037330915,0,480.5340695558015,4364.546662081406,0.0,16.745249839853248,7.256803067182693,15.831325338774635,17.494030704305516,38.32647088189447,40.85740622727777,9.697304135321453,8.887790879678333,10.879575559386137,17.65492781145198,173.4300272463893,12,533.5805712944289,0.0,1.4000364037330915,0.0,0.0,24.613453919118957
2.966666666666667,89,164.93776203853238,6.542405329454648,52.1573974441015,18.397185510283695,22.63219936663214,23.71139025008319,22.06437111447162,16.77441606259846,27.97862003937529,True,True,0.0,140.48167896379385,1.7017637391406115,0,399.1143850702358,4315.507670454101,0.0,16.703771986643734,7.1568694775650314,16.074155970374317,17.92363752696042,38.95831508866978,41.31598456279645,9.699743353340532,8.865309208031675,10.318277597552282,18.412920415792712,172.26228151139392,12,534.950659052083,70.24083948189693,1.7017637391406115,0.0,0.0,19.23667510532338
3.0,90,163.94446270164124,6.492375083896773,50.431520944555245,18.234469001208872,21.53614185549327,24.04191880269465,22.1804586569276,15.446598008855164,24.47559195349568,True,True,12.455824150787006,165.8212279559685,1.67783649543991,0,1020.1453832922926,10747.38214071628,0.0,16.658057521084846,7.192983755521467,16.174664908127028,18.176757995094768,39.370166000462845,41.80124430188954,9.69659822020639,8.841426880770515,9.955216874785595,19.505351138216987,170.73806277652665,12,537.9225068387358,89.13852605337776,1.67783649543991,0.0,0.0,11.911151265463431
3.033333333333333,91,162.940331824136,6.4910853792981555,49.073918991114624,18.14278773892634,20.540994937441862,23.587035945004967,23.003413968706443,14.090190854502543,21.483338981553494,True,True,14.986668285372609,264.1031843467692,1.060441059440557,1,744.0979153780202,5762.132700713539,0.0,16.63293657801924,7.02854720097506,16.276921206100496,18.771315816611693,39.889324615122966,42.318254325757124,9.685657359764443,8.83531169406768,9.775522556194867,20.764044981514104,169.29387256396976,12,601.5578661487309,139.54492631607093,1.060441059440557,0.0,0.8316165919083858,12.629527087212354
3.066666666666667,92,162.01944903713843,6.458761751519527,48.12909072397218,18.099321440209305,20.06199956972415,24.043442358529294,22.665355038167544,12.78284098869651,20.75635989350325,True,False,8.199742894467125,0.0,1.3375154617154672,1,448.7088074394881,5193.376814342713,0.0,16.634806920255038,7.133507460116209,16.17854364630848,18.892983559441916,39.70485666975108,42.44045457582028,9.656507428250718,8.857767843964186,9.786214202081464,21.956181018253616,167.811647961939,12,601.6719326049985,4.0998714472335624,1.3375154617154672,0.0,1.6567822187952819,12.400107557181384
3.1,93,161.11160349823206,6.444449622271864,47.187395577878604,18.375458471999075,20.662692651291557,24.871646213509678,22.588106260992987,11.639720384828106,23.55129774583546,True,False,5.44428898787567,0.0,1.4616146262578271,1,672.4696844855715,6485.889566109328,0.0,16.651651068683314,7.211178807089594,16.08156149856746,19.040814732635642,39.83320916606112,42.75774055513723,9.654875839866985,8.876864209511382,10.04583023654905,22.827380360718042,166.34524672189394,12,601.6684194265687,2.722144493937835,1.4616146262578271,0.04565437446810523,2.428203794558184,14.934962802881197
3.1333333333333333,94,160.158508502892,6.500340013829186,46.61025977321312,18.76885653142275,21.831940721074094,25.140459585597085,22.540833703147108,10.786728433393513,28.859741162158663,True,True,11.543786951316335,0.0,1.84511554860791,0,571.9721043356467,5049.478366893223,0.0,16.672943301781057,7.141118578407224,15.98795922866981,19.24149715451039,39.82365735897672,42.95146662435376,9.630103084918282,8.929710479328538,10.598608208338447,23.228021067760597,165.1379018819807,12,588.522056135344,5.7718934756581675,1.84511554860791,0.9663384136468788,0.0,19.654496407537255
3.1666666666666665,95,159.24549038401136,6.454473763719926,46.158669047621025,18.993862911530705,22.48531347525017,23.137185515779727,21.14452095589515,10.380493210735477,35.27905421859033,True,False,4.861663045681202,0.0,1.6956325406320087,1,460.3075059880567,4659.896128983968,0.0,16.69836011747437,7.014638834580025,15.999548631394617,19.49810083050244,39.918268398482624,42.88270728291849,9.63481737716814,8.967737160590024,11.46236670834744,22.890144430501703,163.41641677228446,12,563.3454044659559,2.430831522840601,1.6956325406320087,0.6299643571556195,0.2011755637179416,16.966046145642913
3.2,96,158.33451825166017,6.451978243434753,45.694375523989635,19.590845292154118,24.610217963718256,24.2644107901802,22.306392543903357,10.513396614530631,41.35667190625884,True,False,13.406501361418863,0.0,2.0420005968807673,1,648.9676209155542,6481.137851962703,0.0,16.720090508712296,6.951394422486241,15.76067556664715,19.696817947453134,39.91774070583961,43.08773726974841,9.766308068061454,8.82637151654017,12.179579013990944,22.515092507959253,162.57625277540177,10,630.7209787680929,6.703250680709432,2.0420005968807673,0.0,0.989257745566497,11.533583812774099
3.2333333333333334,97,157.41121279708054,6.355788118002992,45.35282179158204,19.951390770389132,25.754900716597817,24.7228487885291,22.022828406741805,11.261190024168357,45.01273564695201,True,True,6.062461755380793,0.0,2.079970034026751,1,649.1970439484612,4907.2326861694055,0.0,16.73219899852131,6.772605991653567,15.604886007093075,19.93317215098611,39.92432723181969,43.43998762594315,9.87298742218502,8.708689624582544,13.037470724634531,22.22493291202674,161.11551580047262,10,629.9083026410389,3.0312308776903967,2.079970034026751,0.0,2.7498834408399837,19.112086721265246
3.2666666666666666,98,156.5573432216505,6.287972832563837,44.542697969739756,20.117398301042876,26.00180035417007,24.123760724348077,21.517810150327797,12.832160696484715,45.533469845519676,True,True,6.512837026807001,196.90542782930166,1.8646957773969348,0,424.99180370057405,2696.7191165682616,0.0,16.72393510849737,6.520083573218879,15.424061080468714,20.046114410606595,40.30168665971581,43.96678856596721,9.8941754525717,8.640454011000635,13.972189453777547,22.264284783138407,160.32600837509898,10,617.6743227064876,101.70913242805433,1.8646957773969348,0.0,0.0,27.437181585359827
3.3,99,155.83535031828976,6.3038277012423265,44.80868431649252,20.243301741556497,26.20899760478588,24.01913612927828,22.27114496756949,14.858278761949961,43.68743056034579,True,False,19.634968668319306,0.0,1.9592253133292892,1,688.8734598423014,4784.55540630141,0.0,16.725962508178416,6.211473795928126,15.309242016458649,20.150825201990447,40.27670101806869,44.322169746951154,9.742932202942177,8.782852445553083,14.575086822474256,22.71628994565889,159.3609050246827,10,666.2696094461953,9.817484334159653,1.9592253133292892,0.0,1.1589649826973862,31.829680893775954
3.3333333333333335,100,155.21364185398426,6.299990802802647,45.341475457645295,20.180637254294684,26.188547654977068,24.462572894847586,23.297802167335767,17.27734138542056,39.71647417230435,True,False,26.595912188830873,0.0,1.7835776019953853,1,467.0475059599548,5341.344762616435,0.0,16.719964734344174,5.8832172524041235,15.390433303628184,20.188794882186727,39.8912095212236,44.489401745379645,9.402812865630354,9.100025218907787,14.904312984416364,21.98519568639107,159.7243034480523,10,663.1170267346079,13.297956094415436,1.7835776019953853,1.0596954333767112,2.627059773062183,22.5506139125497
3.3666666666666667,101,154.6094487964668,6.204230002142941,45.00698534222416,20.26560552154642,26.155334468468126,24.141037018404244,23.64162061516206,19.912579816803653,36.92610042350255,True,False,47.80055704467783,0.0,1.961660460445463,0,397.5554551470588,2549.98382456733,0.0,16.698831398499063,5.549156116467678,15.371071716994106,20.342254048445962,40.0464001937889,44.776230198813685,9.531358591445567,8.923245197217021,14.77543452993468,23.348762957717064,159.20354733313806,10,645.9604127754075,23.900278522338915,1.6096566279720077,1.961660460445463,0.0,22.656569876466683
3.4,102,154.43656768470754,6.207687041263677,45.73604243892672,20.335389932750523,26.881606679212457,25.403761632938426,25.482421732680994,22.451721090827395,34.18852226040301,True,False,71.98075467458413,0.0,2.4838670426042246,0,679.3274143075836,6804.587752573223,0.0,16.685205200107507,5.6411607990934485,15.594747802262274,20.03146118136284,39.60337982572227,43.88524516548805,9.574400587202916,8.959859390524612,14.785944926045639,22.743017396598404,158.08095044515048,9,646.6556004924112,35.99037733729207,1.6481998029085103,2.4838670426042246,0.0,26.72873102890779
3.433333333333333,103,154.25657541703612,6.100362877528031,48.82301488199463,19.93974368955024,27.056958392611275,25.93071678428923,27.22028179047476,24.234263712032337,30.842571283648745,True,True,121.89304335824953,0.0,1.7426340436276704,1,396.87889845642746,1983.3571695913947,0.0,16.683239972732572,5.802055962354595,15.402651720770264,19.444449361584745,38.25132091331141,41.75948528005813,9.807851694926667,8.823230449605527,14.28352033559856,20.61051608186609,157.16133308782955,9,626.0432101049679,60.946521679124764,1.7426340436276704,0.8430618701369113,2.174173686574921,32.96356440856348
3.466666666666667,104,154.05688950245525,6.01785592601356,50.23952141148156,19.915510556495562,28.214472162975255,28.652825112515867,30.600150243918513,25.868760150474557,27.736153144992095,False,False,0.0,0.0,2.397871959946605,1,641.8245582611527,10569.328004727535,0.0,16.688986505675736,5.883587978774192,15.420742078413394,19.19637714498324,36.89817901039854,39.899383929614956,10.075721612858391,8.650395813578369,14.212869841424578,18.948525779811064,155.73742757817124,9,625.507004215903,0.0,1.4193509873762857,2.397871959946605,0.707069618519326,22.645246260514774
3.5,105,153.8153049678668,5.91558474848336,51.73943815648981,19.959710765400736,29.44537137949158,31.946845771717907,34.14510019801589,26.529281702421926,25.160257845810598,False,True,0.0,0.0,2.9668598509938175,0,419.78946598468696,3089.0573547078316,0.0,16.721156297464297,5.920281475798901,15.28657996372888,18.99528877682083,35.553048291623846,38.02157890369317,10.376036597025605,8.447178071103554,14.590151888825922,17.702875696959783,153.82529932533484,9,624.4144583303002,0.0,0.7412686978421646,2.9668598509938175,0.0,14.154143929789392
3.533333333333333,106,153.36332487193528,5.801980863042722,51.61248224041444,20.31935123138018,30.805425103363028,35.403300770938344,38.241794747650616,25.873965464327796,23.70263943053536,False,True,0.0,107.40991749613322,3.0615741512604098,0,499.7249907776314,4281.181518428241,0.0,16.785181616376015,5.663935655041751,15.331283991449654,19.35297555008588,35.13120859791507,36.954305666853834,10.848993824365134,8.10751573985293,15.468051608686533,17.925115806623747,151.18329349901995,9,613.8023491179094,53.70495874806661,0.0,3.0615741512604098,0.0,18.1709690916094
3.566666666666667,107,152.9953094532857,5.606816240626189,54.75690039407565,19.994858771739818,31.04824467957999,40.622834590658556,39.828112837955786,23.206079817723573,20.53595147198203,True,True,0.0,72.47527960117714,2.532189015615886,1,477.34895701146024,9532.80780356312,0.0,16.79853724833764,5.713488804448697,15.013326564178772,18.692865431084353,33.381483566557954,34.93018794432526,10.925628745495112,8.135087541495658,16.694523867172553,15.444773144681301,148.02490865828764,9,637.3170292788236,36.23763980058857,0.0,2.532189015615886,0.9373780126001717,18.230917538106883
3.6,108,152.34087350550482,5.520147610037018,55.1699141707113,20.085208854239486,31.656257851841175,43.74064955742028,43.74982362176611,20.151030971958722,18.983527256219585,True,True,134.9454621068071,48.157815639210924,2.5081836844091456,0,228.53377572040637,2768.0543424279676,0.0,16.827643141423483,5.442017515862984,15.005522108822522,18.717497157664102,32.34069461716296,33.95324825834644,11.200162242609265,7.985641784618708,17.971804518750606,15.208870060966525,145.11147508589457,8,626.5088406829902,91.55163887300901,0.0,2.5081836844091456,0.0,23.737856082119745
3.6333333333333333,109,151.53489838022958,5.375071747651383,56.60150972195515,19.826605107505152,31.52301602352839,45.577503251330256,45.369205126767916,17.667322494469914,17.47803322154547,True,True,152.52400946087704,186.25087456311002,3.2366716373944606,1,562.9336864601307,8506.186564055291,0.0,16.832216886092304,5.101082265527687,14.270178792321481,18.33639744357033,31.605767475828067,32.397634078527076,11.362589409996506,7.810225238600667,19.063320496659,14.527600431340593,141.74989324153276,9,628.0893677742746,169.38744201199353,0.0,3.2366716373944606,0.09509895433676722,21.02469471114227
3.6666666666666665,110,150.67855847686025,5.437662388267183,58.16927810768874,19.73021966522483,31.59636082761912,46.5933370461788,46.139901537373476,17.295089102637327,16.35711562428687,True,True,165.55273957513742,74.17133635246375,3.2269217255447535,0,424.22738302784813,3971.7608336219323,0.0,16.810209757087044,4.900820973618205,15.00300968057827,18.823515273419307,30.397114385881487,30.81719693194395,11.272911324631824,7.881137968548625,20.048352341602307,13.613583030584914,138.47532818500815,9,627.9540884841008,119.86203796380059,0.3853765888987097,3.2269217255447535,0.0,15.96103252144067
3.7,111,149.7284548797384,5.451344593721641,59.661533018789896,19.64817245886063,32.02656926788705,46.64176739093103,46.50522608135355,19.58229670631904,15.376986892944549,True,True,177.16614536700018,39.90949516703419,3.155116953485738,1,257.91140318455143,1584.57719054155,0.0,16.82079050638269,4.741775574726437,14.563368150442157,18.43540494763388,29.676047572468622,29.626257351212292,11.231818741625212,7.951721884253072,20.731423095654847,12.837701986961997,135.02162177329325,9,624.8482922280795,108.5378202670172,0.7016640461405859,3.155116953485738,0.10610153933357618,14.223838461169011
3.7333333333333334,112,148.5995447400251,5.517689228027301,59.91257778664276,19.90643030261012,33.13128262278819,46.77453474375261,46.838764053679135,23.91026804876123,15.0015636449598,True,True,191.02255922482942,10.338030034475516,3.191749012483485,0,407.5142113880394,2340.8179090904023,0.0,16.8214032911981,4.674842106438684,14.435601584248877,18.332592571343632,29.70315006438274,29.009849057175295,11.190529309771808,7.959182199738059,21.214641076380865,12.729532787320966,131.7827232709957,9,622.8156128611284,100.68029462965247,0.7326241510820948,3.191749012483485,0.0,15.636759051943015
3.7666666666666666,113,147.29051924700138,5.627300901195631,60.218840606027406,20.190890998276473,34.17748300692096,45.697821022339035,46.744844736175594,29.184113790859417,15.083152478309797,False,True,0.0,5.534714481946933,3.120242221388082,0,210.684898931153,1264.637283898539,0.0,16.812512258636225,4.683847746093976,14.591389252330517,18.332055182939204,29.740314001608198,28.777155039854573,11.104947597786744,7.986121880568387,21.278980023099372,12.846109963545985,128.96428938197818,9,621.290945593927,2.7673572409734666,0.3345990989364718,3.120242221388082,0.0,10.034213178242437
3.8,114,145.84826957280964,5.719886016822628,60.53695014680237,20.581126515492667,35.555484704118655,45.43121150479505,46.68892700199007,34.5437379706994,15.558062338990103,False,True,0.0,6.174270348758326,3.0534260085614813,0,225.64663696755542,2513.9065530034227,0.0,16.807569845227498,4.693373383948389,14.67845373217716,18.220377348437204,30.004353851746234,28.750202837644483,11.055204944684881,8.005904087285064,21.147220930978705,13.132297953785807,126.50626060516048,9,620.3818853751745,3.087135174379163,0.0,3.0534260085614813,0.0,6.730171824975938
3.8333333333333335,115,144.26183591649584,5.804464342002646,61.35258272550665,20.831581430117485,36.64464372401828,44.88309069015686,46.557849725854496,38.77015968105076,16.367474799011013,False,True,0.0,5.50464492429553,3.0402642192693197,0,248.63587840735642,3262.1775889517976,0.0,16.800694243842678,4.69521114769089,14.73390804098957,17.987449322863046,30.12027286696143,28.609116749764112,11.030944881385317,8.005524753960163,20.440035858862483,13.471988689369516,124.61277360538486,9,619.5053507238664,2.752322462147765,0.0,3.0402642192693197,0.0,6.264160087210136
3.8666666666666667,116,142.5160517093981,5.982865322690678,60.80512945119344,21.165382957748466,37.81360443832773,45.1892936626927,46.44133620653297,41.89615405967571,17.72763382440955,True,True,0.0,7.7722491322503,3.056984780368632,0,194.66806476626587,1873.879968404441,0.0,16.76352077111052,4.678331141975065,15.062287956293899,17.83615703600064,30.971782500114024,28.272531162167585,10.85721656441049,8.009876156305966,19.667974918515714,14.106648406022224,123.0391783588866,10,628.936555026985,3.88612456612515,0.0,3.056984780368632,0.0,9.14666446035085
3.9,117,140.56266120929328,5.961178108420285,60.82548111801209,21.43873780080813,38.69296618193094,46.6034807047943,46.83698897845859,42.02781860444678,19.303576440024102,False,True,0.0,3.2422646352163467,3.070215251249376,0,109.45428778391818,576.6462422981257,0.0,16.766528212092823,4.726084586267841,15.421528947874252,17.62220914070322,31.079704419746403,28.422180081829545,10.813387074211091,8.07257496238392,19.17596618664501,14.709038672644038,121.53182515241102,10,628.0161107784949,1.6211323176081733,0.0,3.070215251249376,0.0,11.027700055744909
3.933333333333333,118,138.383525265643,5.933505191907296,61.237573795235235,21.40750491845866,38.5942643783333,47.20362744220481,46.537318232219896,39.468450829608635,21.167661009299845,False,True,0.0,2.706435374310997,3.0529541459440668,0,194.94861620292798,1581.7134711250987,0.0,16.78088458380862,4.788594939640391,15.57213396349285,17.307994549133536,31.44535128858774,27.928221208136932,10.760306799983246,8.191698775932418,18.585267789406807,15.375062365424169,120.54830066914133,10,627.1375184768339,1.3532176871554984,0.0,3.0529541459440668,0.0,12.513771262493638
3.966666666666667,119,135.96747830333416,5.886251859196923,61.77164707128788,21.38105570318877,38.53553413735861,48.24967962007084,46.00722695376471,36.58298607935069,23.302243896248207,False,True,0.0,6.362985592652555,3.019878658212285,0,237.8409335389343,1837.664847118929,0.0,16.821303072299372,4.854396381044102,15.738475155039,17.051936652537787,31.773430330636167,27.529197400191734,10.74467978342964,8.334494638084164,17.668187567956178,16.05759801717896,119.45677640215762,10,626.0084515566463,3.1814927963262774,0.022900813326833924,3.019878658212285,0.0,10.896008621141656
4.0,120,133.38865251941374,5.842941661771473,62.24417840574475,21.413560194410238,38.75626073902863,49.061852788723094,45.69571835820339,34.71267446684625,25.55479734234179,False,True,0.0,15.077184250894035,2.9013642957114203,0,196.5199671369592,976.032244099564,0.0,16.884504304451088,4.919520867486355,15.716109551327087,16.906562465875798,32.07481968873353,27.25981463715309,10.82671951913707,8.394427684987752,16.63448168442138,16.561399556465904,118.4838141458165,10,625.0062012514774,7.538592125447018,1.4237181868487447,2.9013642957114203,0.0,7.838178456704629
4.033333333333333,121,130.842036462572,5.800324244975963,63.58653828127176,21.24912753850297,38.43632144947861,49.43043717223813,44.932030660741894,31.671708293001267,27.711109671933148,True,False,0.0,0.0,2.4875678899853644,0,190.06033383567254,2522.3894077157893,0.0,16.87656514083314,4.954538334620666,15.653923818779125,16.670805109314237,32.01188338952255,26.799984431836936,10.843968522110695,8.38507295473355,16.234404257590565,16.560481320288627,117.8693223541742,9,623.3519323164245,0.0,2.2061676791627,2.4875678899853644,0.0,7.024967611912205
4.066666666666666,122,128.3395284834399,5.759057972944104,64.81093849166156,21.08179513401841,38.144995174594584,49.48515443069022,44.561295479792186,28.60375462980713,29.929776158088806,True,False,37.16774048375963,0.0,2.330893631338694,0,227.23751870167968,2875.2378021866684,0.0,16.865026355869908,4.974501967291153,15.375343758367638,16.528954789353907,31.887748672957024,26.629318505921944,10.842609114389179,8.434525442651497,15.944430627715242,16.16448707738035,117.72167516491896,10,621.8990318054402,18.583870241879815,2.330893631338694,1.847408289500135,0.0,7.393140321476854
4.1,123,125.8603309800684,5.737053751196097,63.509860358029734,21.28014382340027,38.623735501850476,50.29445267142501,45.415898600858114,26.30076085660984,32.48382987850892,True,False,3.7573522926489025,0.0,2.413385554105879,0,183.39234781216715,1596.4476047541102,0.0,16.880727417039182,5.009744290096483,15.37640925614993,16.923937014014413,32.243681534404004,27.323141486466433,11.052977938328521,8.345407617383687,15.104958526056105,16.446230263663438,117.88128382101493,10,620.1466632670559,1.8786761463244512,2.413385554105879,0.9997615227550379,0.0,8.774103914158566
4.133333333333334,124,123.72128337333504,5.757818766968581,61.43926069128652,21.440492172903543,39.01494018271997,50.89793064182649,46.314772184472204,24.23340005471138,34.6136578498698,True,False,6.02456403595653,0.0,2.445753168254659,0,133.30951343624028,614.1923913593454,0.0,16.85015550956684,5.079780144465527,15.513555092182749,17.294299573689425,32.6019239865787,27.740308936261947,11.168387771481642,8.278999097257186,14.495670154497356,16.52454159669189,118.46983496780507,10,619.1798572975781,3.012282017978265,2.445753168254659,0.0,0.0,10.477153157164885
4.166666666666667,125,121.8401987739137,5.714271485707034,59.617880589375325,21.424302753407876,38.75876968976459,51.18983664218493,46.888367359346574,22.13056536172727,34.82630939579961,True,False,2.4747523240526124,0.0,2.4704492916546728,0,140.44771997865607,1787.9523121146385,0.0,16.832421075126035,5.110764179449943,15.710143612369931,17.608826986181118,32.89742352079988,28.312550406796333,11.30141848173069,8.182839323132539,13.774150376542208,16.598924579931047,119.09165264537098,10,618.4095219018814,1.2373761620263062,2.4704492916546728,0.0,0.0,10.723932439771035
4.2,126,120.22627285119367,5.657383222593926,58.06715047980192,21.115400730313546,37.68137215689366,51.012145198411986,46.56746560106509,20.020268911695076,33.12560891640248,True,True,6.424445889539034,0.0,2.4832177136048705,0,113.7417493889113,1172.0181623007607,0.0,16.76142966293269,5.046395326129084,15.736089307185052,17.803685529341895,32.98026224598804,28.61758423937804,11.353666963520876,8.030949076665301,12.96189886870312,16.713561107284473,119.67022457300138,10,617.7074977751365,3.212222944769517,2.4832177136048705,0.0,0.0,7.690424166136696
4.233333333333333,127,118.87700457408002,5.632671877907303,56.63882843692501,20.68355759564041,36.18259324470125,50.65212203805126,46.214191223917574,18.017953892960612,29.84610582387554,True,True,16.426261476611927,146.49158729021858,2.478810917697191,0,85.37606942581141,501.5598349060881,0.0,16.69086391283025,4.967728465388697,15.858205415522342,17.9490991318941,32.74012990571636,28.848376318962917,11.320610359655689,7.940227161788957,12.085780847165674,17.121969436876135,120.10483863231214,10,617.053924256594,81.45892438341525,2.478810917697191,0.0,0.0,5.51477320691866
4.266666666666667,128,117.73765443834716,5.634739812192224,55.177711498522854,20.149300737036405,34.30627560407654,50.00878766132156,45.407575770416855,16.11540850773852,25.693330476829217,True,False,30.340653640262293,0.0,2.4615267077418523,0,85.8155814553308,796.9812479520047,0.0,16.63565615967399,4.8967399015242385,15.877838743504299,18.030848736126458,32.37970550122512,28.98041084888196,11.227506093370563,7.903450418741738,11.183610216598552,17.89864201959305,120.53731211732321,10,616.5881872083588,15.170326820131146,2.4615267077418523,0.0,0.0,3.831971478015921
4.3,129,116.76051703991929,5.643035428181764,53.65157276259852,19.708735455042607,32.575309415450434,49.31174934841335,44.825403147431764,14.23783542899686,21.926249736959754,True,False,34.35676614286811,0.0,2.43571100906404,0,75.86824524333588,671.340669269646,0.0,16.586769860773323,4.88081973313359,16.091212869440536,18.134680586970255,31.955785484092548,29.257132663328818,11.096337345095415,7.9037652532245195,10.46819392467602,18.955096443102406,121.10386384805865,10,615.8698251655624,17.178383071434055,2.43571100906404,0.0,0.0,3.9960209480639435
4.333333333333333,130,115.9326549063938,5.6234898951457275,52.17537653040052,19.388493285400603,31.235241330642953,48.51165878351106,43.9822951442591,12.432516492619364,20.01449490218231,True,False,27.1126559913673,0.0,2.425442983251546,0,93.63949259785038,856.1975651054277,0.0,16.548908663245236,4.870034970761757,16.209773041992015,18.15991448224819,31.566801416650613,29.54225735545608,10.965994543609483,7.939732624946299,10.017610856823492,20.065406002703963,121.91158942714009,11,615.4985235148836,13.55632799568365,2.425442983251546,0.3180128743576131,0.0,6.238014838062397
4.366666666666666,131,115.25792082775044,5.58137556373538,50.994037305205204,19.29693983216902,30.745530501650215,47.69616055925906,43.426512683304864,10.74582761700141,21.11362114703552,True,True,17.17926897741596,0.0,2.4534594478859852,0,129.12727898323,1949.5516526314389,0.0,16.519522048375464,4.914071644854334,16.45628173478933,18.152800387570714,30.99661108083469,29.822581345805116,10.865803296431723,7.984897989547511,9.759865493658895,20.99954045406674,122.93745926506578,11,614.897431774166,8.58963448870798,2.4534594478859852,0.9619340379542454,0.0,8.592532481934063
4.4,132,114.7202713953262,5.5207663892969165,50.010559271285686,19.310588332747837,30.792523421683526,46.68442059018041,42.2991965023916,9.303304283770244,24.883172310391863,True,True,12.183329337469662,207.82710025484766,2.4733653460481073,0,75.13223760558282,691.9092713374475,0.0,16.48728708746028,4.970027089254157,16.58796010892075,18.04710335443059,30.280990646554763,29.870558853341105,10.798987740731397,8.011796396857847,9.727362086242385,21.70665794069023,124.05005969184512,11,614.603716234186,110.00521479615865,2.4733653460481073,1.2943532133020834,0.0,8.493706872936139
4.433333333333334,133,114.36138840686519,5.458111424745282,49.29320587181736,19.485129396144345,31.522339673512047,45.88517610984007,41.62509293344931,8.339997005737597,30.23909264502121,True,True,7.187202949865046,217.70501826032128,2.500241444996468,0,160.93307337630864,2119.5904387583932,0.0,16.468635601274663,5.11053387995089,16.800166529004947,17.916189380445733,29.376870452978093,29.82204037501975,10.760657605210257,8.034663983925492,9.940057998551142,21.957766441756043,125.21290606944919,11,614.1634732266613,112.44611060509317,2.500241444996468,1.250074262723484,0.0,6.946469414772524
4.466666666666667,134,114.16727149851324,5.3879475956419505,48.6806351900479,19.657642759973136,32.43633360428599,44.92038954797282,40.4574070974962,8.060059140436792,36.307478631238176,True,False,1.786798762273923,0.0,2.55506870016905,0,197.7281375890392,3534.164131265986,0.0,16.47426868927147,5.271422128414273,16.87703840750011,17.77854007179417,28.436857175923723,29.669982327469548,10.756934586583371,8.035405555550083,10.225795477661894,21.593062562284437,126.43870718956332,11,613.9016665409756,0.8933993811369615,2.55506870016905,0.5534724066272751,0.0,4.129087053520921
4.5,135,114.23398367660798,5.2870123660547,48.455181259699806,19.846679708177504,33.550956869191495,44.14141985966734,39.68685020348114,8.646847861805938,41.728709551811555,True,False,6.3125806946582115,0.0,2.6722516274025674,0,178.95879199841033,2900.876370263716,0.0,16.495200890810228,5.5353995484650085,17.041819251998326,17.665467472815145,27.538335628217638,29.460166788156606,10.789778574891407,7.969242864344482,10.550980760614898,20.449976365582774,127.65552672199314,10,613.6327229618922,3.1562903473291057,2.6722516274025674,0.0,0.0,6.870503239526909
4.533333333333333,136,114.53098833828366,5.245251694428177,48.36298635061514,19.946708122757233,34.19251839809426,43.3095690185521,38.293204624616365,10.10873552556901,45.05856442363955,True,False,7.473812220346875,0.0,2.7802579232669133,1,116.93473864962424,734.2595404955721,0.0,16.52813946789587,5.8803629917479565,17.08173684824848,17.278105006651863,26.89616380004648,29.32590128146981,10.787523986763393,8.0026340577885,11.149052775368942,19.50092803300011,128.67756768623352,10,613.4168620684924,3.7369061101734373,2.7802579232669133,0.0,0.0017521225215618233,8.551902143086288
4.566666666666666,137,115.06085860488244,5.196421711349575,48.40935800127465,19.989640369524643,34.36672387779448,42.3427373602379,37.598932409908564,12.286809493623245,45.238416247408225,True,False,10.632594042064296,0.0,2.8472449665950834,1,213.9023639719442,1631.3281961682299,0.0,16.548298315839936,6.279673168160077,17.347003573214266,16.967700998203128,26.42436947796415,29.240912816044943,10.793028528364735,8.03224113325543,11.949319998008205,18.79516202263678,129.31628001644344,10,612.9505101336526,5.316297021032148,2.8472449665950834,0.0,0.017915322322440124,10.700768991381825
4.6,138,115.79778801040285,5.170800447240187,48.22158233380959,19.893998534501364,33.831309234222736,41.31786260188443,36.347392867043496,14.924426707787806,42.73555476017519,True,False,9.41929466734479,0.0,2.8232615849996567,1,206.7958859540311,2365.073864247177,0.0,16.55737102363088,6.68598677104104,17.59286554792176,16.640271721587176,26.23341292978155,29.052913087212406,10.751410642821753,8.070281958618278,12.923709525152146,18.576517872862517,129.19157518416253,9,612.756304564302,4.709647333672395,2.8232615849996567,0.0,0.02511477815300995,11.763094602443763
4.633333333333334,139,116.73345531419747,5.130546059159324,48.309170528418264,19.90103092340685,33.64258817072297,40.3921804460499,36.00835449486245,17.80979907338737,40.360018668592176,True,False,27.853752499264196,0.0,2.833672809945844,1,169.14365985677878,1254.2193469904942,0.0,16.582861125740035,7.166543790006111,17.905313713766084,16.285543295838952,26.047912458446476,28.881889653513003,10.737215862800605,8.129168012906858,13.840710869061763,18.36795238613098,129.05474365270362,9,612.3759938078233,13.926876249632098,2.833672809945844,0.7046934575060722,0.038725702801665346,8.392274899859427
4.666666666666667,140,117.8649117644349,5.026115276150134,48.93421090732627,19.793505359669645,33.204375269739785,39.10799577281385,35.19600937448048,20.8395065229883,37.673989408676476,True,False,56.58941244953507,0.0,2.9029642248400327,1,215.18914317767857,1978.9219461649827,0.0,16.605258179217135,7.722701074383838,18.273206261461226,15.8640764948724,25.665622863361946,28.34576542319569,10.798072438263812,8.18480669117572,14.552329654969034,18.073240235184702,128.98046347323663,9,612.3210228672577,28.294706224767534,2.9029642248400327,2.1216289437333455,0.0393966273777557,7.34525550108295
4.7,141,119.25293866277413,4.914793668678696,49.824618324401726,19.57936083106483,32.55822832252734,37.549682715148634,34.40395392866619,23.868007014827942,34.41126963146661,True,False,91.38021999807097,0.0,2.9292273621766016,1,196.0329382957689,2318.9027495588407,0.0,16.61521838812234,8.361314661118262,18.557025911274597,15.285861260779324,25.2556056883257,27.50228354096411,10.898866430822594,8.204957156517409,15.058941934362025,17.717424203576627,128.87674514531284,9,612.2152605528664,45.690109999035485,2.9292273621766016,2.9104927596926977,0.07112533143158731,7.203773133359844
4.733333333333333,142,120.80077593498446,4.824791494441771,51.188218558628606,19.266735222803476,31.823382272784634,36.01217108527811,33.82688794853828,26.42980461380772,31.024665443514436,True,True,85.24458431376046,0.0,3.182240120778145,1,201.10136617069685,1290.971842640035,0.0,16.657705135353538,9.065627791393418,19.05043657878046,14.908319163071356,24.56796170202385,26.328068547092045,11.116003062351115,8.153163058812789,15.05165745474852,16.808556757286503,128.76183671946134,10,611.5296955184232,42.62229215688023,2.750827002633753,3.182240120778145,0.09997627503587729,7.75191152542859
4.766666666666667,143,122.46357188189714,4.686327395211743,52.46217781775088,18.872841557254365,31.05178543490137,34.78143531592829,33.20914026216891,28.391511883648036,27.825054277860247,False,True,0.0,29.345277585898867,3.3109084665058917,1,173.47542328823215,767.8676244486202,0.0,16.711451881944534,9.79349820535278,19.15769439623046,14.327535088273565,24.149294905579595,25.448011334291653,11.380548511417679,8.021770883420846,14.593731525132462,15.301944887566416,128.6043738943839,10,610.3698594457121,14.672638792949433,2.3863841820893668,3.3109084665058917,0.08126501378288749,8.800200505774047
4.8,144,124.01352282232634,4.586292673237913,54.521084763893505,18.409023776164986,29.96630804048131,33.41945082864086,32.683973684697975,29.034388556369983,24.727419092216422,False,True,0.0,16.04608874036104,3.4630251447627027,1,175.91726279316413,1438.9837675541132,0.0,16.79275923742445,10.387997316381599,19.219330970013722,13.963471076148945,23.46766975941667,24.64180713142385,11.651422668512353,7.913175989902224,14.399165417491014,13.833324913834758,128.63461061027897,10,611.4627410857747,8.02304437018052,1.5684285868563599,3.4630251447627027,0.0723997375258508,8.696503671380167
4.833333333333333,145,125.42955391844879,4.511203296736143,55.7544323315548,18.00668742772558,28.70593164733438,32.32186180200554,32.65922699815336,27.722119366387776,22.120518422790862,False,True,0.0,8.230070350913257,3.6218173767735458,1,131.18036035759096,1244.816361968016,0.0,16.838087810926073,10.795190148702416,19.232685064223094,13.670843317996756,22.984215908747338,24.348161162479435,11.774705150401362,7.898043943410293,14.992758228703268,12.741894090956082,128.42349907599012,10,612.5654587212076,4.115035175456629,0.47405992218249965,3.6218173767735458,0.05881390874208064,8.394134069308581
4.866666666666666,146,126.72813329631465,4.437382360929187,56.7347656111258,17.632242584018183,27.28873255957837,31.44601870399101,32.77829239153151,25.093412746164734,19.837206396626243,True,True,0.0,4.209246108793387,3.8116340263010926,1,105.78480218448792,585.432239972237,0.0,16.861787116432694,11.060575175869856,19.294584776008538,13.554162595529704,22.685088497938803,24.2827459320782,11.87344357449743,7.901604876273284,16.215289161652848,11.599426815677894,128.2421718462127,10,611.7962332895818,2.1046230543966935,0.0,3.8116340263010926,0.045628216041459974,6.799188714888247
4.9,147,127.83461461151558,4.454731249521259,57.3907877713634,17.267146081406715,25.77164558621499,30.44589995114179,33.307021426452344,21.441738077356128,17.89192288990969,True,True,168.82090962438687,3.675222719450766,4.001626805560359,1,97.53567501223296,537.3999434144907,0.0,16.85608393623669,11.148837107304411,19.17251153128222,13.556919736879511,22.256356936228986,24.462709418468993,11.888147765939703,7.921722610101686,17.781905331044623,10.875414502753895,128.88576897486524,10,612.8501746051771,86.24806617191882,0.007294310230788591,4.001626805560359,0.03646200865254669,5.698572429027563
4.933333333333334,148,128.90914901341992,4.509035500366975,57.81032258158921,16.99053219419072,24.399346049619673,29.547709658491005,33.98994019632705,17.859308071002854,16.200426272657772,False,True,0.0,4.768640954030898,4.088642788250942,1,82.11535114475404,388.7558805721819,0.0,16.83502779907046,11.19102851537971,19.17599674098904,13.79563399042901,21.914892007834542,24.793855713121783,11.839071000761676,7.930176784169622,19.357575588959985,10.427340573666271,130.3301496268116,10,613.1124183124889,2.384320477015449,0.7140966662053767,4.088642788250942,0.028167178600169845,5.03625899159064
4.966666666666667,149,130.03240880705164,4.583557621896817,58.148288910243906,16.917487533463483,23.764273950857458,28.894080699135415,34.71370446947786,16.81168095975086,14.63762967506571,False,True,0.0,5.210454379547361,4.088250362819283,1,72.2561948271983,492.75361005140667,0.0,16.81854029406856,11.307113654874364,19.11332610108793,13.903172932731675,21.791384636165944,25.188210891902056,11.742424162720404,7.950224143633673,20.763406790600282,10.127413590737518,132.31273730113458,10,612.7644396028821,2.6052271897736805,1.4826889246349988,4.088250362819283,0.01838333283466862,5.608921518710644
5.0,150,131.14141906920963,4.652925255441287,58.42478739411692,17.12607074220677,24.1998365502295,28.43276080811517,35.3996420518539,19.689328247017357,13.277615093931558,True,True,0.0,7.359663762226212,4.090356880152069,1,92.68467700055108,615.482631042887,0.0,16.808096106132393,11.374740869348473,19.088476368692756,14.07101017498514,21.728801954198698,25.611420161812976,11.648845796318815,7.9696150688807625,21.845835557767977,9.944872874045622,134.65132199637046,10,612.3536610700838,3.679831881113106,2.016209326112117,4.090356880152069,0.00685516261881014,4.854198863130682
5.033333333333333,151,132.25261723585444,4.724503010552439,58.61926717347252,17.519613046970324,25.40316817650995,28.096452866916387,36.00987254702886,25.255841793776025,12.25050549831851,True,True,229.8567707074703,13.005120087788303,4.136490301189801,0,158.6623262544456,857.7815156530894,0.0,16.805429855672074,11.406677011313892,19.026558098114116,14.177409164057284,21.678775026483002,25.97373992323749,11.564838234580336,8.003065597218471,22.50829522791598,10.036734859922454,137.3301203206392,10,611.9759179576349,121.4309453976293,2.1361251755541306,4.136490301189801,0.0,4.502515724892606
5.066666666666666,152,133.40161564615545,4.782420719737123,58.8027833885441,17.96985197784657,26.90503479187268,27.65214942825921,36.402135570695165,31.898954185327895,11.666899983208449,False,True,0.0,14.703270014538642,4.207466359946205,0,207.48949866871806,2892.754559956452,0.0,16.803324517320714,11.44309353496872,19.0784492450923,14.288410774286842,21.547867016949183,26.18962011259336,11.492772921789582,8.039468989076063,22.67350151197641,10.371131876154683,140.3629199748402,10,611.6483072059546,7.351635007269321,1.6528272931148575,4.207466359946205,0.0,6.08954156149344
5.1,153,134.56329199100742,4.847453371999033,59.07172760592502,18.372245032668886,28.374882457207377,27.158193602948593,36.64019201700266,38.086123291052424,11.615020917825817,False,True,0.0,10.044944285204005,4.278301223493731,0,150.58303481046545,1952.1424876257656,0.0,16.800399011668578,11.40501036606715,18.975373219388,14.294169212489708,21.338541599138384,26.251593511416395,11.431456093617452,8.100588875071688,22.66090685317095,10.82610691917553,143.59438392112418,10,610.9507387279441,5.022472142602003,0.34389222296464406,4.278301223493731,0.0,7.394064370602004
5.133333333333334,154,135.67403746423682,4.841078120719122,60.813698770035266,18.50791200609953,29.250240282691948,26.802332003722917,36.338154396187164,41.85939731992024,12.00107741093748,False,True,0.0,4.719708294822939,4.354297591865755,0,139.94645039056076,1100.9707048599194,0.0,16.81291977548173,11.217688985792066,18.597777750080198,14.272482251440245,20.846853078795966,25.98692992556652,11.417134177292962,8.196819183337405,22.137052998964652,11.13206083397338,146.45495786626608,10,611.2739865543372,2.3598541474114696,0.0,4.354297591865755,0.0,7.178473705776319
5.166666666666667,155,136.92656266397282,4.786531693019757,63.0556502856933,18.42077899680736,29.431609629554707,26.507676469177838,35.67221232786876,42.744960290935495,12.801589430236717,True,True,0.0,5.520221767902077,4.418495099529978,0,180.23611143052975,2092.3034585675455,0.0,16.82771940821218,11.081857560487638,18.189862090486724,14.104760575342432,20.338671533454374,25.49796155600622,11.397611585446807,8.323330104521713,21.559492544197774,11.263979475735754,148.74400680850164,10,607.002874177064,2.7601108839510387,0.0,4.418495099529978,0.0,7.195381561906082
5.2,156,138.42279781861072,4.852169585485655,61.106777763305374,18.723023992631383,30.33733012806748,27.50621865779105,35.873810524678625,43.32631360581088,14.642977723989366,False,True,0.0,5.789045644575562,4.393392735474834,0,184.62709632340017,2614.841890606084,0.0,16.80898788494553,11.123666227758921,18.632751396396095,14.16633075939898,21.109667588519418,25.79947039271278,11.368958115300975,8.171312016960448,20.162647035026165,12.152247960181475,150.29233312083662,10,605.918212302721,2.894522822287781,0.0,4.393392735474834,0.0,6.056173480331628
5.233333333333333,157,139.8568700268028,4.851785065471736,60.50605291287821,18.798572635258143,30.40280549359388,27.9746550916707,35.9803361319935,40.89061766222517,16.765613088486166,False,True,0.0,12.006585764842633,4.342609270530678,0,241.00583221909926,1835.6030280889136,0.0,16.845133887020342,10.959914169041863,18.69966254248744,14.28860293244184,21.360172034000023,25.80369031739651,11.401816579604054,8.183329822473898,19.998509854595493,12.826535415435131,151.5144059005246,10,605.1596914942479,6.0032928824213165,0.1570532874140845,4.342609270530678,0.0,7.654286222396474
5.266666666666667,158,141.25523201209592,4.817914978650384,60.48009389364521,18.82785344627451,30.53716756885474,28.198439817816723,35.79691381071727,39.10198991229187,19.05132673459309,False,True,0.0,19.39206872770079,4.299575844542845,0,151.03704498822395,772.822446840629,0.0,16.930118297672582,10.783388696772747,18.486331670255947,14.365989432804046,21.37799874732413,25.68561883742691,11.56290402909413,8.1983902661222,19.564431794357045,13.313959646868993,153.02782566010072,10,604.4684385839465,9.696034363850394,1.8264278606155375,4.299575844542845,0.0,10.208935843934487
5.3,159,142.84306812481066,4.772740622345961,60.49636485059379,18.85985694717808,30.611822621958556,29.024801646845315,35.14353551410038,36.72467502291496,21.554278303973557,False,True,0.0,23.99590125570915,4.079221291802139,0,162.97313815256223,840.6312226239565,0.0,16.97673248869401,10.616515724256876,18.261158231657106,14.395346363410333,21.395682560725078,25.421741305824895,11.743876299610438,8.1325374020446,19.696347464627724,13.810625878985958,154.09438578902143,10,604.1520580779569,11.997950627854575,3.1785908427969294,4.079221291802139,0.0,11.095471304865912
5.333333333333333,160,144.45814910422942,4.767212274662381,60.5428902370352,18.840567170678245,30.56219903986336,29.826989326628215,34.21207021462206,33.92652719367665,24.283209424526515,True,True,0.0,41.47510074703177,3.7031177036616647,0,156.3617915166514,1560.0586797194042,0.0,16.989008950681665,10.274798297228548,18.000684863156195,14.53843727836589,21.36320283360415,25.135582576035056,11.801238551554825,8.122993207243805,19.867830277339156,14.265934565510927,155.06016213113392,11,603.8854398311005,20.737550373515884,3.6055831332824084,3.7031177036616647,0.0,7.484541251279094
5.366666666666666,161,145.93152088797197,4.7443408299309375,59.7847442574824,18.79013250260728,30.63434975330402,30.432025301575035,33.75497682278136,31.18590683871777,27.164490050141914,True,False,22.822591585520577,0.0,3.6383666423375196,0,223.18745840885163,1766.5785338221713,0.0,17.014728169111258,9.720476155236737,17.56216521327696,14.901677499481334,21.32497264766186,25.15038163994078,11.86930314258961,8.209042491733195,19.036912602387325,14.52492896447406,156.1960311756941,11,602.9538290942573,11.411295792760288,3.6383666423375196,3.182768589380965,0.0,5.704111399946735
5.4,162,147.51697281732064,4.735850925284957,58.57025729431112,18.77469395180368,30.780138512180997,31.169491691940298,33.56412265981253,28.470788690646913,29.91615100632424,True,False,27.084708874682917,0.0,3.560671704531155,0,214.61645064471722,1567.8586553951247,0.0,17.024455916289885,9.06409754641878,17.17602555234122,15.398844686945475,21.454001053497453,25.342433715479796,11.982793866044112,8.216980507054144,17.807620068577144,15.032602315683178,157.4122727259828,11,601.7615677230124,13.542354437341459,3.560671704531155,2.248201091539081,0.0,5.771583716186722
5.433333333333334,163,149.17960073913727,4.71240644541131,57.26443940380949,18.77313706421514,30.846433830801658,32.24651901536667,33.42623312906052,25.957525341024173,31.75545783775525,True,False,48.476426359387865,0.0,3.469935901669391,0,120.67662838058628,601.0091716028735,0.0,17.04729222239704,8.503301342847127,16.931943214276473,15.892240397040295,21.687283746997377,25.58830101698866,12.130580587854885,8.197083084086692,16.763182671983575,15.470112355548338,158.65170959283085,11,602.6690590405096,24.238213179693933,3.469935901669391,0.7958606175513954,0.0,7.906933070326103
5.466666666666667,164,150.9982409070375,4.732651729435955,56.01746097541086,18.701924056351356,30.534817175397734,33.49752042334279,33.25637854332564,23.71745059703573,31.667919137886773,True,False,2.7914149007816875,0.0,3.444829213622643,0,165.32231948788584,1082.4052334490375,0.0,17.036242798469655,8.023573172988954,16.653508791934286,16.171266983365527,22.35034564714533,25.83061748973326,12.185123417825192,8.135709648553267,15.805808259240179,16.197395934423806,160.55668594820696,11,600.104368102274,1.3957074503908438,3.444829213622643,0.0,0.0,8.449156965267479
5.5,165,152.8981726736884,4.713418565702698,54.94082080313051,18.535457212517912,29.807116762375998,34.926026908715926,32.84744638921214,21.66424643592628,29.790747315649647,True,True,17.07737649771297,0.0,3.524942603427989,0,134.80679959641967,1016.5628073050567,0.0,17.002702229631282,7.682090558228988,16.596579836990315,16.51484560918151,22.863431468134323,25.946031576013407,12.201597148488109,8.045363024493406,14.908150275634622,17.042599411468697,162.76152184833396,11,598.246774996202,8.538688248856484,3.524942603427989,0.0,0.0,6.740451191113246
5.533333333333333,166,154.8821439740116,4.698548530082158,54.092384596592055,18.23680304111129,28.673504809863225,36.40627587541028,32.25767357262283,19.727223409389865,26.302846382029934,True,False,15.220253748203898,0.0,3.6421063347664964,0,93.66805288734197,720.4674650655577,0.0,16.95042337499923,7.525031683176666,16.378345566331667,16.540316147858388,23.402259939060094,25.894921182607444,12.159491599893851,7.970802968785338,14.101194411846851,17.93523950265688,165.1732292625189,11,596.587064825885,7.610126874101949,3.6421063347664964,0.0,0.0,5.147989707940116
5.566666666666666,167,156.96953589983656,4.700367775532033,53.58813524245842,17.866844531797536,27.250634618974463,37.643938367621594,31.483952280126044,17.749340874369118,22.12530695378109,True,False,4.838354090689703,0.0,3.738943184040052,0,65.52187449452796,571.6587562302302,0.0,16.887235436099907,7.359394880257941,16.321831982665095,16.72871290546583,23.647381353985445,25.777573724472347,12.070569929735838,7.929373094418085,13.422995802945223,18.85506039101952,167.92718106723424,11,595.4901666290422,2.4191770453448513,3.738943184040052,0.052328498437273066,0.0,4.251562587075715
5.6,168,159.12086308353523,4.713820052386919,53.20945667757885,17.543631472273574,26.049519479875467,38.69765736820612,30.94337964476508,15.849431881817234,18.707609024713427,True,False,1.8550608409834226,0.0,3.798835801900867,0,62.16281295950007,425.1468775921244,0.0,16.84277275562687,7.29946496687465,16.105488774971157,16.701907123464725,23.788374003642858,25.695841897445337,11.985331821720754,7.889131072725308,12.910602743412003,19.73747900471804,171.27272085646405,11,594.9691833303588,0.9275304204917113,3.798835801900867,1.092432942226373,0.0,3.977132164620442
5.633333333333334,169,161.39936894195702,4.735961749429462,52.90768256111661,17.353452874367992,25.34183000788462,39.34135863969651,30.219351849174792,14.06136113426984,17.745248408397345,True,False,6.07956772990306,0.0,3.845272302164435,0,95.95239755497938,1232.7799540613623,0.0,16.80837968160344,7.184317358158553,16.021918374796908,16.812883091814683,23.75611409901123,25.66429138953642,11.90266789408823,7.8703062101875885,12.468678325717441,20.444916659066884,174.63991473277474,11,595.1994225803876,3.03978386495153,3.845272302164435,2.0163679338505514,0.0,5.12224915302146
5.666666666666667,170,163.84866254131103,4.761123617672625,52.55153257083644,17.37440178462807,25.4770523048887,39.856838349750916,29.6419186422888,12.516365756540033,19.893086470975067,True,True,6.153778643344173,0.0,3.9140104894656713,0,127.02209886583235,1694.26514379358,0.0,16.784332264625554,7.1016717297125105,15.892323000013707,16.786290586909764,23.8718576462884,25.609923556287264,11.824716306837058,7.864963480743044,12.172511669666253,20.79922730878268,178.55395520263656,11,594.8549027208772,3.0768893216720863,3.9140104894656713,2.6676697473829916,0.0,6.401343609010214
5.7,171,166.39835658266213,4.772963939701191,52.27688140791188,17.524750220117205,26.120041727039577,39.968669469963366,29.00545602621376,11.282882470873837,24.223158941107368,True,True,4.663501719234072,185.371829165346,4.007639603765025,0,79.06983824967048,753.4358637151183,0.0,16.776399207313734,7.020145088149253,15.909452902185151,16.906583989822582,23.734579536171722,25.487630862219245,11.77579181194049,7.868665300979112,12.054637633564077,20.857200061254392,182.34469243293057,10,595.0378483010626,95.01766544229004,4.007639603765025,2.918099827607194,0.0,6.512640274401234
5.733333333333333,172,169.11398052989765,4.805612463838827,51.97846570683434,17.737484490163137,27.098204410959028,39.84750214732511,28.44547160320065,10.5093047114179,29.590539181892435,True,False,3.023377110239704,0.0,4.116861935559012,0,179.33761264819026,2606.0816069774246,0.0,16.777273541439,6.926707807591501,15.814438553672991,16.874698392383248,23.67689726540026,25.30723535695847,11.73075471076655,7.871283449679109,12.173900598929867,20.516260031789997,186.4036520726443,10,594.9703951319083,1.511688555119852,4.116861935559012,2.679371003416808,0.0,4.901844983748767
5.766666666666667,173,171.8992570333137,4.788852499919239,51.616226310802034,17.941045059335945,28.13697172845272,39.3190879005521,27.942583775454587,10.209817006679673,35.076398231124514,True,False,3.540834233902142,0.0,4.2416495829641825,0,186.80972032914306,3394.4272173197633,0.0,16.783730962137636,6.756721749777552,15.830578887639678,17.15314478376074,23.284533999888243,25.173310781463787,11.707399517593448,7.808384383654935,12.36260255109919,19.70738135921312,190.15548249346602,10,595.0961484727883,1.770417116951071,4.2416495829641825,1.8186305826480076,0.0,4.286643276844199
5.8,174,174.8928570485295,4.7668986811321705,51.37990738728402,18.045877453686785,29.081697560407648,38.488688393003216,27.42045076721923,10.555739546348212,39.86191153505995,True,False,6.826265366845051,0.0,4.3821203176928,0,164.6309063216543,2303.4511349796735,0.0,16.790222720387863,6.615439883362244,15.598193650491368,17.150045274613497,22.88371633901917,25.036014215399753,11.67775367667438,7.678990607236245,12.611706545537055,18.31928865094959,193.81959609421412,9,595.5873786496634,3.4131326834225253,4.3821203176928,0.2172089673242279,0.0,6.079364175260013
5.833333333333333,175,178.14865095098025,4.759208357265532,51.13018703360934,18.127261403760922,29.659749773625578,37.395815524517396,26.83733255934508,11.6004299322687,42.80542107837114,True,True,4.10822014222395,0.0,4.468483647095431,1,105.7423182107551,761.0270839241476,0.0,16.816813924436286,6.316232214888913,15.685301800058795,17.513871812791898,22.258901449399175,24.873765776236976,11.670911353696575,7.6359759255700865,13.059320727597159,17.438826977235703,196.89624607221964,9,596.1141667173274,2.054110071111975,4.468483647095431,0.0,0.011906265862031765,7.14527138106744
5.866666666666666,176,181.66872238643384,4.718361754399558,50.7433500333447,18.15510650440918,29.997119996201572,36.03004595237317,27.102535911594757,13.290884888513926,43.56501323232443,True,False,1.5792626410718709,0.0,4.502382046381796,1,158.5579094967709,2137.7711159902246,0.0,16.856444037380676,6.076174491297179,15.566546886682092,17.527197109208817,21.675819526456973,24.758879998863254,11.710132469234711,7.568688545134179,13.7132318272667,16.885002689806868,199.53164722366355,9,596.704953329905,0.7896313205359354,4.502382046381796,0.0,0.021792763467408122,7.92632886302564
5.9,177,185.43629712109896,4.699587867510557,50.26660126786897,18.10048222903042,29.78369414178912,34.551930748076806,27.002122059368773,15.526010874376823,42.05471288533406,True,False,1.1936066509532206,0.0,4.491514904858277,1,208.36195638430797,1877.1135559044747,0.0,16.897608145256594,5.792222916869565,15.64404138495272,17.76097666756456,21.09114768282714,24.616858101391315,11.74631785515721,7.5136546937115956,14.538269176951118,16.771360243618012,201.385621711341,10,597.2356974266236,0.5968033254766103,4.491514904858277,0.39687817715759144,0.029443500784598862,8.569491166613771
5.933333333333334,178,189.44475893221718,4.629050869399743,49.853014836038774,18.02987203588061,29.426295332510367,33.02750492595815,26.579645351193932,18.198272631711724,39.89975842117766,True,False,2.614760862322813,0.0,4.514614611804466,4,120.86547514194727,461.14028934981513,0.0,16.964569202999996,5.579454224824617,15.79946965267066,17.95484890248908,20.55926059176908,24.60855303741256,11.807092028378648,7.515015655255714,15.470179502751755,16.484456409615582,203.06941478345425,10,597.8434221641156,1.3073804311614066,4.514614611804466,1.9452900747752295,0.23016656912092162,7.090515358376479
5.966666666666667,179,193.5707879104292,4.584743761985887,49.63792019853428,17.959140330503995,29.194469396991067,31.525801847253742,26.479651172423136,21.142505135137533,37.62991943314986,True,False,10.384435750246706,0.0,4.485620317158254,5,135.21780401172867,674.178152270325,0.0,17.025203415084796,5.57177201348444,15.9807954161449,17.845876174882903,20.33689958855569,24.154362327579854,11.83877702146943,7.618889729427922,16.28375272228868,15.952898960677075,204.83920079041096,10,598.846803113436,5.192217875123353,4.485620317158254,3.1905949697334215,0.42519923348697053,5.997999325675528
6.0,180,197.86302594999498,4.534382901224799,49.32617631761088,17.91314658712399,28.873898126510138,30.19632657216319,26.28586480356296,24.23903286504305,34.77436826527136,True,False,12.217670222543124,0.0,4.331745365805992,6,127.84766004157709,980.7719773098803,0.0,17.038029656266787,5.7098914064343935,16.45189913286869,17.847810260022932,20.29486725222452,23.741260332609055,11.819897706719976,7.769505842648567,16.974871045474867,15.553573665549495,206.42952965009465,10,599.725140667735,6.108835111271562,4.331745365805992,3.987194618526715,0.8275271209026965,5.642060799662469
6.033333333333333,181,201.99144803402453,4.508336544850533,52.35118634163366,17.465428334056583,27.87131862419167,28.516577383538323,25.293500462098727,26.623914608544286,31.051282042585342,True,True,117.23476299537595,0.0,4.324592076103762,6,136.8014687413565,771.1909239435088,0.0,17.081127494176542,6.05026738897398,16.62418647964923,17.6491856533404,19.785067909825813,22.860159932650937,12.007452749339214,7.72472386252195,16.00667362565153,14.707305417952425,208.02825752868915,10,600.1875849021778,58.61738149768797,4.05585240553002,4.324592076103762,0.9948133495148179,4.841624885410098
6.066666666666666,182,206.00119604974014,4.567729421127309,54.2291889950543,17.174488091189364,27.250966609971243,27.804237218979555,24.929808179179535,28.45976562563399,27.810055416091895,False,True,0.0,15.64644800642723,4.472238229114766,4,125.68285069191082,645.9370554976919,0.0,17.059941322297114,6.434462489493065,16.68653737246169,16.93538662697831,20.138469116737628,22.151050191305664,12.05570889928901,7.68890822836884,15.91895120008836,13.544039480935757,209.9267992260864,10,600.3008940133838,7.823224003213615,3.443686483636773,4.472238229114766,1.038049171851274,5.1589580226004035
6.1,183,209.6835234301592,4.5980519484125075,56.088487140597174,16.939900843201592,26.552100007678227,27.417494464833503,24.82748536826562,29.114228425077616,24.849191772536166,False,True,0.0,12.394092252442734,4.5966571693073215,5,125.04400149821141,669.1868436925718,0.0,17.054504210566222,6.760758592841879,17.051754760705908,16.734062829683033,20.386500554513496,21.67524274976846,12.099137812594678,7.677408333956964,16.12449760296325,12.326245169717055,212.27209138074795,10,600.3243281364506,6.197046126221367,2.558525518143445,4.5966571693073215,0.8200350827880935,6.997181052925943
6.133333333333334,184,213.07110343164334,4.61596343188514,57.44430955297222,16.70487176418022,25.777556262743417,27.270692510345896,25.113954940668915,28.417599590775904,22.307978009182953,False,True,0.0,8.048652552703848,4.755389857598948,5,110.78018036800536,737.7784794931914,0.0,17.046842714173895,7.0237299494397805,17.13711411835583,16.312441228612073,20.797527489235335,21.456027149196284,12.094319259025331,7.696461991489549,16.565588656142214,11.33279885605931,215.30711399969195,10,600.5485688519639,4.024326276351924,1.5632365841828404,4.755389857598948,0.6230627761311025,6.768204414757908
6.166666666666667,185,216.27817256364074,4.631075990899481,58.48235100291551,16.500956920223416,24.987250955374936,27.204706104653003,25.610651892836984,27.10717282875152,20.026472995258246,True,True,0.0,6.500417996026939,4.9278430386988665,3,133.135637614846,1029.7079770303872,0.0,17.025717725240234,7.241238547822551,17.33783162214989,16.14560439981926,20.993987928131506,21.403638178482918,12.066646605009437,7.72273837623451,17.282396246441692,10.345550352519462,218.91121869887965,10,600.4873451973335,3.2502089980134694,1.0381452629514853,4.9278430386988665,0.5939287947964915,4.519270188525545
6.2,186,219.35255863646552,4.633535905645658,59.124745508585626,16.284755267918126,24.124941773382243,27.175641159903073,26.38774553323835,24.94049479245129,17.995885607936266,True,True,166.54131060200194,5.856857806433426,5.075954176450239,5,84.77783670889349,655.7897471274682,0.0,17.002344409036084,7.379077497298181,17.49574474374358,16.049827284507323,21.033320492765743,21.463156487100388,12.048266785188815,7.712497284367788,18.110586986297307,9.47673995493769,223.07714388082528,10,600.3146734544158,86.19908420421768,1.16334323890066,5.075954176450239,0.6902995863008998,3.685751196870636
6.233333333333333,187,222.27517909914897,4.671665073083164,59.57155933125991,16.073812244134697,23.305576940611637,27.34887437200108,27.258265734757316,22.44358050959484,16.171587146093312,False,True,0.0,5.576428889260097,5.138864435896296,4,64.66842549231492,344.0021056537662,0.0,16.974698620267407,7.428662713615834,17.462427210369125,15.89111066762613,21.068724355078775,21.530173189528007,11.995498780426527,7.713542215941874,18.918034580215416,8.902003566504813,227.63080124505944,10,600.2321739422251,2.7882144446300483,1.7596995524920622,5.138864435896296,0.5507955113553686,2.8330017133408805
6.266666666666667,188,225.08830373592005,4.728453655455967,59.7709312206949,15.930553419270602,22.585743316456806,27.09255302960074,27.76308499084853,20.963233980301954,14.52410126507601,False,True,0.0,3.499377406715147,5.177817147957216,4,70.18200134414539,549.2658924102925,0.0,16.94167179770993,7.445699083008778,17.6114433808877,15.94585777122797,21.100946928272624,21.642866988807246,11.88508102007894,7.746450413272846,19.74106514448632,8.55424549547943,232.64164409779485,10,598.9495581386813,1.7496887033575734,2.5259810099284237,5.177817147957216,0.6768423490418846,3.3404999558330464
6.3,189,227.947332466746,4.765095693732646,60.02249542177331,15.897292518830438,22.36238577055958,26.794199092619408,28.09799796678537,21.618779238010212,12.938566784823333,True,True,0.0,3.1165642712017156,5.223655625426382,3,60.43927769024116,570.081803161469,0.0,16.9297834043598,7.537944594625809,17.56999387596169,15.839467876653526,21.177135739929266,21.601160120804323,11.834262415019744,7.748556818449703,20.505142455683206,8.266397398731165,237.96923348904565,10,598.0809457150941,1.5582821356008578,3.089352113000039,5.223655625426382,0.614363251062231,4.243998986116066
6.333333333333333,190,230.82719192741598,4.7907121870406355,60.09370082899307,16.06576510592361,22.849692317945898,26.957994215112706,28.46182402143873,24.47293035300689,11.506020682225245,True,True,220.67243479138284,3.1356339535271243,5.300085521329781,3,59.71068263725202,725.8631442574664,0.0,16.92189101558913,7.6567960595794045,17.65711606335467,15.836343120557808,21.07768934398699,21.6166267732032,11.805430899123031,7.732069863514239,21.148334091820374,8.13541008634172,243.1623764557451,10,597.3649268361369,111.90403437245497,3.3215994287060147,5.300085521329781,0.6186215008994687,4.174437104516796
6.366666666666666,191,233.7656224357256,4.799610278682776,60.20751591174851,16.30876587394738,23.701392787074134,27.175489347496836,28.594583103675454,28.79919710576364,10.236301591360602,True,True,226.87296707247225,3.65778761284246,5.395968689083044,3,121.14212045145364,913.0064244121052,0.0,16.925531475104126,7.82344259559732,17.64417006078803,15.682825560806018,21.070800220504026,21.49424309355737,11.801365376941565,7.73386306589744,21.531759165164075,8.117916346554225,248.2647549570542,10,597.5277750146473,115.26537734265736,3.109583610032061,5.395968689083044,0.5336400146660937,6.113202538267949
6.4,192,236.7780466062452,4.824829685090936,60.321953721415156,16.548792042829128,24.528289863773566,26.918553178906368,28.294489693587494,33.658336512747404,9.24178006985298,False,True,0.0,3.9307702267960924,5.497784762208751,3,76.94856267957036,436.5606956999569,0.0,16.93311212762656,7.975442550007998,17.737009189690582,15.644633247990456,21.012227653670642,21.39306674851307,11.787934073302916,7.750589702497016,21.57639015379032,8.308315740253121,253.4303854975138,10,595.8327339173009,1.9653851133980462,2.3870483779973317,5.497784762208751,0.6656287783804403,6.051680861095792
6.433333333333334,193,239.86380129134605,4.838884749664385,60.93644193548095,16.67996038013172,25.141450340500317,26.468695411078073,27.70298832857872,37.80179485362075,8.592322768723722,False,True,0.0,4.103358056235358,5.57730900275474,3,170.45758382172482,2083.698227079585,0.0,16.950312896650953,8.113114537755974,17.604087338034333,15.444668731361244,20.829720440019432,21.11299814146978,11.785020576906657,7.784552262899849,21.421401333889428,8.587728080986903,258.2649110411195,10,595.030464613999,2.051679028117679,1.1492942440290195,5.57730900275474,0.737494826072419,4.700533869005189
6.466666666666667,194,243.09413821469886,4.838795114662187,62.28367244690733,16.659872763867295,25.46186581146114,26.23185871117381,26.899313497589134,40.29604513325049,8.42024590383115,False,True,0.0,4.781358232942493,5.655034855363335,3,234.04528392180947,3245.7586917142326,0.0,16.974988933622665,8.273150298468147,17.439084234841218,15.197327801115671,20.23234664563933,20.790967092767783,11.815735633190748,7.8057944920373865,20.549687610341483,8.971545470140391,262.2283048494114,10,594.5215562988955,2.3906791164712464,0.0,5.655034855363335,0.6686580226090261,4.928126882631431
6.5,195,246.70422340559367,4.885112487961962,62.08843519171815,16.7488700917913,25.71785333266577,26.207074688847765,25.974807694377972,41.839063453274875,8.850467494162459,True,True,0.0,6.52188281209885,5.744812570718147,4,274.5479310242456,3249.1836887982945,0.0,16.989588693806926,8.717597478511255,17.63989373604865,14.999513451521068,20.48630564814427,20.648853044527833,11.872748171552177,7.673534142023472,19.744906577516286,9.588697102554498,265.5133893528672,11,596.967858002916,3.260941406049425,0.0,5.744812570718147,0.8117133364734272,9.721588340143562
6.533333333333333,196,250.38450666899328,4.910487839675937,61.37265810934599,16.92061868949342,25.948069331337496,26.471083961649928,25.830936237884185,41.553906633382894,9.936350492432968,False,True,0.0,3.2815490170265935,5.781254320886534,4,164.91994572607936,1790.9837781203605,0.0,17.0004133784829,9.123682761959774,17.96583273894209,14.972795076112607,20.6247837374382,20.69739482609387,11.882156788915852,7.638886757534233,19.83462127267684,10.276435678894945,268.0306097765579,11,597.7772891570955,1.6407745085132968,0.0,5.781254320886534,0.7897803597074973,12.73873604910074
6.566666666666666,197,254.08336799481236,4.890446142638504,61.37536865047791,16.86822368719773,25.668031291911518,26.476983205025125,25.49358786697787,39.231612980763025,11.469941114880061,False,True,0.0,8.99347695649567,5.786855856553023,4,148.29107170471818,1710.1680912959284,0.0,17.032597651972,9.308026363582412,17.951907058911125,14.885352389637438,20.577107216901172,20.537211999619792,11.908462859943581,7.692366712135501,19.580018907832038,10.878178979784904,269.73583628573743,11,598.0805360647163,4.496738478247835,0.8998722903342009,5.786855856553023,0.9881023565464412,13.332447865400043
6.6,198,257.7664634554897,4.784141523361052,61.78855007812207,16.764685294460232,25.302978549587017,26.34207690662193,24.861414996229588,36.80352969783674,13.204892597659823,False,True,0.0,18.16815961400863,5.730464046981839,4,314.71366716827856,4553.718292468979,0.0,17.104283155920797,9.312854379983312,17.754877431445657,14.86152403683135,20.323757945349733,20.618268894788716,12.026760455514824,7.787774135271038,19.202009804897102,11.266254978552864,271.25525497835554,11,598.3373342729602,9.084079807004315,2.334794328848637,5.730464046981839,0.9717823507404166,9.036212155628371
6.633333333333334,199,261.50450339583176,4.668628221857762,62.245153147247535,16.79328875542759,25.307653035538646,26.342678172660804,25.02121373908725,34.68490498574829,15.181815244658237,False,True,0.0,23.562290349756797,5.509692197642066,3,315.29977343030936,4041.751497791336,0.0,17.138962800197817,9.25477757867631,17.578770246966002,14.794965293272606,20.143254445655348,20.719301172979073,12.111786424426164,7.895930345962138,19.38355728065488,11.647413600468875,272.8505694668588,10,598.7345242225167,11.781145174878398,3.2761302612244467,5.509692197642066,0.8994388434734595,5.7347428303000285
6.666666666666667,200,265.06524949222614,4.655449532509626,61.99993255428531,16.91345979497397,25.53001838801452,26.661727453271983,25.458145162672498,32.6642072163708,17.33599371974279,True,True,0.0,26.76218887594235,5.265090254861592,2,171.98582467398526,1465.449922148552,0.0,17.14265826559896,9.048463847727689,17.410121582727257,14.695622367277366,20.204128585699756,20.798241018622676,12.114430804130604,7.9800205144559895,19.865098968787294,12.323037417523935,274.3076347721648,10,599.0819906437181,13.381094437971175,3.7221143852778504,5.265090254861592,0.9041809155988756,9.576557084350354
6.7,201,268.45470224405,4.680028874255315,61.767015973390826,16.995486744062248,25.69954910808891,27.068343056725197,25.625303452356313,30.616807772350164,19.48774215092397,True,True,30.794106761344793,43.201719646345516,5.065770772364778,2,164.3397230988832,1500.5539159462833,0.0,17.190965319302435,8.853218979862735,17.367494028139067,14.750632587506187,20.245251905049503,21.175800024908643,12.203046066867909,8.064571074685986,19.277118372108546,13.006006370147,275.6928257973561,10,599.5147170747177,36.99791320384516,4.004771198229907,5.065770772364778,0.5446259030755349,10.742593295627495
6.733333333333333,202,271.70719870139044,4.677261238715169,61.369146912114225,17.114068531039557,26.116370275664757,27.76776489536451,26.43181138495508,28.619073776880814,21.646831045458608,True,True,20.577853607890052,81.89716626995782,4.738098570097861,0,225.73112118033316,2081.7101688481716,0.0,17.221699523184963,8.731016219135897,17.239634688367627,14.636667004544696,20.60348743066501,21.52053607144794,12.274846474690124,8.16373397292204,18.38321698069074,13.470708497285377,276.94129823271123,11,600.3382904448366,51.23750993892394,4.062918202618962,4.738098570097861,0.0,9.909589879530266
6.766666666666667,203,274.60202356704264,4.714057718731468,59.17336636520989,17.510671480697994,26.817793269611357,28.894023559859853,27.439395236319434,27.10599757662736,23.831756705638778,True,False,1.2421267019545377,0.0,4.118012542346106,0,213.95774408313665,1430.1344197323483,0.0,17.253097828731683,8.448968141885878,17.33478440651373,14.983945048773384,21.451377254515045,22.423140621684116,12.363876502169287,8.254494825721432,17.7923573061586,15.082857195871332,278.27436526121767,11,598.5597857094272,0.6210633509772688,4.012275555458852,4.118012542346106,0.0,7.959816757779665
6.8,204,277.3029181769275,4.765934060816668,57.22111760351462,17.914607103389475,27.59354250534216,30.28078877701678,28.61679423982996,25.728883792251096,25.74770321227081,True,False,40.36068539058738,0.0,3.998746632020151,0,107.87337153529865,592.0910250203053,0.0,17.24398673279176,8.299133053273776,17.57623031452509,15.259843016670413,22.389233215323614,23.373027532341034,12.411093006191672,8.218543943965201,17.118127520502505,16.455718193888416,279.8747314077045,11,598.81434077466,20.18034269529369,3.998746632020151,3.2337316621441743,0.0,6.679042777120342
6.833333333333333,205,279.7756634895662,4.811225213179537,55.84292951802576,18.23630846253927,28.15412469522012,31.906494450455718,29.21522753192048,24.304217009211364,27.190559789292905,True,False,40.360787990151685,0.0,3.987729816231971,0,125.63432372533457,1362.2170313163542,0.0,17.20125059093518,8.105572824005442,17.707186192659925,15.393396051322657,23.431156327385192,23.990956767935256,12.398571453987943,8.145604529382707,16.896267557407153,17.658165862187104,281.75419571002453,11,599.5289949400479,20.180393995075843,3.987729816231971,2.171935254071963,0.0,6.5434091075059335
6.866666666666666,206,282.0346610468199,4.82245384930593,54.724840943690864,18.512773335958286,28.576550262006545,33.64836115137606,29.544405000810293,23.03528371155925,28.078151184280593,True,True,7.766652929815653,0.0,4.05926369153714,0,122.33739544308182,1277.4105975181587,0.0,17.189718168974796,7.92693493896434,17.77686656188067,15.492469677473853,24.620241960390324,24.514281417783764,12.376886833176194,8.111711217328164,16.514495419883055,18.861792795492978,283.9004911538663,11,600.5201180209709,3.8833264649078263,4.05926369153714,1.3712846726191674,0.0,5.799609061919184
6.9,207,284.06397979137,4.8120726915435785,54.06757380149769,18.646825700598928,28.644555282715316,35.66490848739668,29.499130232895745,21.873057081492885,27.541125329075967,True,True,6.378428197351267,73.60649680470527,4.14108483798672,0,85.39723201824023,528.7552648999656,0.0,17.155397262249434,7.848333421534956,17.935348349943396,15.42101393576739,25.725296652776542,24.618362571366887,12.338854573845373,8.098716560713125,16.169702823964275,19.81313822596124,286.4802568402303,11,601.2366227352937,39.99246250102827,4.14108483798672,1.1859103324678222,0.0,4.003421984829576
6.933333333333334,208,285.9286903224889,4.812661418639097,53.77252978612665,18.656122586878663,28.376446714526864,37.62459705793148,29.126224777966108,20.75949077585349,25.99547424635638,True,True,7.272335231226465,92.8601357467044,4.207503301427591,0,60.59590467157275,279.034589460442,0.0,17.118905755832635,7.8465761801348535,18.05264190175066,15.268065481486277,26.821897853131745,24.428224992515368,12.279004065719896,8.099042021291424,15.924431200237379,20.497262492972226,289.4227440088823,11,601.8990344814331,50.066235488965425,4.207503301427591,1.5626997794601245,0.0,4.105529200335757
6.966666666666667,209,287.6515159731563,4.826314626231143,53.53532609622671,18.623925562295348,28.08169794734382,39.485171138366795,28.602981450560222,19.72512158260143,24.51351761784682,True,False,1.7760188322760262,0.0,4.237322795275221,0,61.30317350832107,492.2302276961441,0.0,17.095195838126344,7.818901504677796,18.093531197693373,15.206577190710712,27.66278741443581,24.19255909035172,12.218912029864448,8.086909569784227,15.688213887186622,20.968503922223906,292.55551253074026,11,602.1946630175736,0.8880094161380131,4.237322795275221,2.1492475255598036,0.0,3.677994144653453
7.0,210,289.19176951675183,4.828338151568623,53.32547853067384,18.65572017047726,28.08498989452413,41.271475560385596,28.179463323792604,18.873351154273873,24.015669539644463,True,True,1.678809673380021,0.0,4.253085211312623,0,94.7519051457035,794.7768039531202,0.0,17.088821346993612,7.811100183749617,18.082577301608307,15.133597215285285,28.34323011191963,24.034638934239126,12.164115448206212,8.105360740414659,15.49798435946195,21.234417337184,295.5940256861493,11,602.181795154423,0.8394048366900105,4.253085211312623,2.6580509712398626,0.0,4.574317383555698
7.033333333333333,211,290.6967216343578,4.831255064360818,53.043222527618155,18.751275915266735,28.435271844154137,42.708416128644636,27.85534776583952,18.153771466940405,25.02355201519198,True,True,4.521158554898448,105.25325741768448,4.281108598357541,1,102.93056030265562,1063.9020855731173,0.0,17.066125756375968,7.713762926193992,18.022700679595495,15.19715229197769,28.701455210808057,24.01969495000183,12.1201982650076,8.070552957811909,15.263726292416832,21.35268202219513,298.326304637287,11,601.8855734077264,54.887207986291465,4.281108598357541,2.9603089395181272,0.0074666629651575,5.272531366298963
7.066666666666666,212,292.03100561435417,4.809896343640796,52.48844928927219,18.920973707541123,29.059824928223644,43.84280066556968,27.48336534451691,17.72899748994646,27.18413621286153,True,True,1.5668937406356633,100.36939804756688,4.326366316413481,2,107.42063166778452,610.7159762857727,0.0,17.048751625613455,7.612906580253831,18.00952402343194,15.35675171934073,28.974381908064355,24.055856632725817,12.083063429401582,8.021526190980277,15.188857663391195,21.22368612701907,300.58415652484894,11,601.5869443549362,50.96814589410127,4.326366316413481,3.030283316816934,0.15289472367816306,5.793822813506153
7.1,213,293.22826426379737,4.848744926493942,52.38225475830956,19.029627884983846,29.714957069368637,44.203941446427834,27.407249887370888,17.47271827342349,29.77591867025233,True,True,1.4745527363222537,101.74217269397168,4.379102903079778,2,126.86770862203537,1658.599005469291,0.0,17.037209907509602,7.407146933244441,17.741284725266127,15.484129217971562,29.024475268806466,23.935357553556507,12.035717384480769,7.981617192857959,15.145697317761902,20.791954495827834,302.36686874197466,11,601.5141732448213,51.60836271514696,4.379102903079778,2.8967238875711105,0.18366932019869261,5.166155911366513
7.133333333333334,214,294.2773223976992,4.815873376426783,52.19947078164415,19.088398370557464,30.23882228911079,44.26305014593441,26.976285416136204,17.416626441035373,32.29932715333718,True,True,1.2451575946902362,118.31028025528714,4.4166947737665145,3,167.29606624221714,2356.8104103196956,0.0,17.039029893699,7.182548957752111,17.604594400975564,15.765525029468751,28.85553251161051,23.855086798624857,12.007606568894898,7.9293990436243025,15.178584886541346,19.952778310727464,303.6922453869371,11,601.7035808252283,59.77771892498869,4.4166947737665145,2.593960399084195,0.3135099846552478,3.7260765189346317
7.166666666666667,215,295.14910066254095,4.806687035302081,52.179800465276955,19.04741703260709,30.649825529542447,43.77305402076248,26.951420487334065,17.588840620365477,34.28598698970776,True,True,1.392303988099121,129.06835322059277,4.431707829756352,2,154.03549440503107,1720.7334997401917,0.0,17.037626471880813,6.8938128460089105,17.280421000249174,15.978762276682215,28.543360151521718,23.750847393477173,11.953021905391308,7.852765399294663,15.244025684102565,18.577310242328,304.5149642145895,10,600.8136696405353,65.23032860434596,4.431707829756352,2.1198775855913143,0.15188267538559613,5.296815492715639
7.2,216,295.915611977718,4.816854712994867,52.32134259592179,18.922452541543606,30.761795135643183,42.865894515221896,27.11642152875033,18.014166849301123,35.05069764929937,True,True,1.7756577404618734,59.336200844382226,4.441706290625181,1,93.74275777053145,471.88882081248994,0.0,17.03766985935028,6.642675156226713,17.103227018901425,16.263652611786732,27.885213910244666,23.650120954022423,11.914007767713047,7.795925978804133,15.394441041157968,17.102673282374013,304.8102094034343,9,603.0750091834188,30.55592929242205,4.441706290625181,1.9254273772460246,0.2580464869657964,6.253209681758243
7.233333333333333,217,296.47500681368865,4.838641943229849,51.96771488494067,18.7617290354026,30.548071084543587,41.909732926135746,26.794763723280873,18.786153443810512,34.701634244947215,True,True,2.108427743903354,3.510395315759006,4.454171310611867,1,130.81028626727655,1298.6467201962305,0.0,17.027996440030893,6.37236119520476,16.971018909481167,16.613449276974777,27.258603502430095,23.568559579640013,11.85617996729715,7.786823906444545,15.74446939380761,16.03418902155363,304.91507843612237,10,603.1238738377322,2.8094115298311797,4.454171310611867,2.2605611881873497,0.20132149895217363,5.906661628385411
7.266666666666667,218,296.92692589809286,4.8584925937815715,52.126331625686376,18.47838283314739,29.952637744658983,40.598701941968706,26.080750002761967,19.761070163945806,33.37002886995945,True,False,1.0341125950036598,0.0,4.4708790195093915,2,156.29982731282394,1548.6950066703007,0.0,17.040492794342256,6.17864217670367,16.66741660773588,16.802149293871448,26.537167921569406,23.481882371457186,11.869504386364554,7.734487046212641,16.17902321233388,14.874425707984,305.22386308686026,10,603.2132864053981,0.5170562975018299,4.4708790195093915,2.85401743493759,0.14642312725700307,5.034607157205513
7.3,219,297.2960844127158,4.870012318715478,51.812554207285224,18.35340391044795,29.6971153233316,39.30508169405027,26.344751312001502,21.052036054434826,32.08659223283979,True,False,2.0563682467263953,0.0,4.53844396769337,1,146.03104491797262,865.1087657651415,0.0,17.039310553278586,5.9725546812789885,16.55768940751033,17.139375857076676,25.79299346422529,23.7007079088403,11.827713792844992,7.707939028174889,16.75901395630861,14.01529871385414,305.2038874770585,10,603.1135850036991,1.0281841233631976,4.53844396769337,3.3924262830441343,0.13357914880065114,4.004994363519688
7.333333333333333,220,297.6343127883905,4.872787377063014,51.78953341200773,18.22273083155413,29.488425881424874,37.737710948662745,26.897714966129026,22.52156207639174,30.79671553451599,True,True,15.417486524049052,0.0,4.542581450910365,1,243.76085029092073,2055.050053367395,0.0,17.04621382909234,5.808940562039573,16.39320761117851,17.377952155632133,24.894439824132284,23.79683325779752,11.826706437225067,7.6986764620891535,17.24004040308895,13.30424840533688,304.89262061877184,10,603.2043255767386,7.708743262024526,4.542581450910365,3.903782126707287,0.10961794585490717,7.980249384140599
7.366666666666666,221,297.7879344157846,4.858609025930704,51.077430322989954,18.11158192279332,29.156669150835977,36.31927141850744,26.891871862147703,24.226498044785526,29.18903527790324,True,True,27.343299525674958,10.873668148744194,4.407978902083034,1,143.81487951906703,759.0886298259102,0.0,17.015790579364655,5.619122521544327,16.506913777273788,17.73566146815928,24.13595928396374,23.746582483283234,11.756678442197048,7.755855548303958,17.897276401108684,12.877211733357175,304.504723739851,10,603.2011322103527,19.108483837209576,4.407978902083034,4.227087427978888,0.10498004863166416,8.230096654673101
7.4,222,297.5367793921826,4.903415364545194,50.10084823056042,18.040710562081056,28.93749651980627,34.97392620426974,27.226906803240585,26.294229002807885,27.254924068906895,True,True,54.78495863697103,12.157173917032678,4.335887974330877,1,245.80774811310556,2400.2800578566057,0.0,16.937915971430776,5.560678044016896,16.77617964449032,17.703586720206147,23.871369604923125,23.452761192626607,11.545609388943946,7.863816457900791,19.06741158917705,12.081343738275114,303.998937114322,10,603.2514410143838,33.47106627700185,4.152423907969982,4.335887974330877,0.0967650335471997,8.501696680743581
7.433333333333334,223,297.3595452734975,4.921083370989409,48.02917739099527,18.121163580246094,28.888452192014007,34.086318575141334,27.465049014749237,28.47446904851203,25.52797212965344,True,True,88.98093252429385,14.895279725983176,4.45200326453172,1,269.81682079472824,3419.7565190485793,0.0,16.86316846337923,5.428762455436269,17.217991594505083,18.202811137063694,23.82212592548263,23.773685501981685,11.381599194403734,7.835997058445717,20.574565417548413,11.162938187388914,303.7002437767075,11,603.2725253383578,51.93810612513852,3.6828719216386356,4.45200326453172,0.09364198576555473,6.286983116012794
7.466666666666667,224,296.93536499715725,4.931529582113781,50.10878247383573,17.796483559921374,28.304532587931554,32.74410572283726,26.97250379323269,30.174457311406318,23.32706352424994,False,True,0.0,13.139202280546325,4.542892433302457,1,240.4817583993486,2559.530017696516,0.0,16.88816068098197,5.5468278530253,16.97158917743488,18.05582045736505,23.332977628519945,23.2945149293184,11.611938181487536,7.517605255820838,20.47512858390307,10.034560299237434,303.4528512715219,11,603.1933131273025,6.569601140273162,3.651160728781803,4.542892433302457,0.07784988141577073,8.135760187442413
7.5,225,296.6013172935518,4.926493241251273,54.616612066782565,17.360373729336782,27.36854108907479,30.956158558587376,27.351674106381495,30.444465481972266,20.721866209358016,False,True,0.0,8.716162688941886,4.65598305717392,1,186.82023822769682,1055.9042406706892,0.0,16.961661373330276,5.816838919295861,16.537588889851534,17.560074883672996,22.43931086052676,22.995472982749636,11.962091042424488,7.206332576941726,20.544919135568147,8.907150919391182,303.3099231113678,12,602.8401980496546,4.358081344470943,2.5600169587531902,4.65598305717392,0.07374579415192223,9.798692468668218
7.533333333333333,226,296.2103557364091,4.9227067025572,57.143699496580474,17.024677169466575,26.521531664553766,30.12414349494063,27.102012346563903,30.149092202924916,18.71087861378561,False,True,0.0,6.505090793488706,4.780844796720364,1,197.51099520806102,1857.4012330093096,0.0,17.016717133329678,5.978486431982466,16.252704860000282,17.308168110208108,21.953961031029735,22.65803468803096,12.161589816304447,7.031418288407563,20.961725679795197,7.96122484469519,303.6169903329287,12,603.1266417144187,3.252545396744353,1.699016563381354,4.780844796720364,0.040245252710612286,10.978156671993535
7.566666666666666,227,295.81226019912174,4.912652679063156,58.48983636138983,16.790972325147333,25.90327486886266,29.314615331328397,28.030992229778352,29.146789707864528,17.12070220647936,True,True,0.0,4.34197592805644,4.93011372994204,1,175.10017069717085,2323.2103599143775,0.0,17.03325464942543,5.973595874488447,16.088782620281503,17.32717394260504,21.47378552194589,22.658443883173128,12.250135139778346,6.942779844539978,21.32130769587302,7.182226229648574,304.0587433308288,12,602.9774505659985,2.17098796402822,1.052449066177034,4.93011372994204,0.036638036723446454,9.246821841101315
7.6,228,295.3540647688591,4.917496767519591,59.68895785974408,16.519901696452084,25.225337451610265,28.76885964422391,28.80136340306183,27.628364761544244,15.70276199761107,True,True,141.1480998555029,2.588939796035492,4.963631728919832,2,108.38610316841722,662.0115752350239,0.0,17.03471381496616,5.963095502627232,15.794017097230514,17.203496192297674,21.08096014671531,22.501958138737912,12.30441884703788,6.910546672038141,21.563002062147955,6.540967166541464,304.4032294584897,12,602.9577830362182,71.8685198257692,0.8796149776592276,4.963631728919832,0.031499153435399996,5.8484206799630645
7.633333333333334,229,294.933796070124,4.887715572060303,60.42248570353885,16.32990035998163,24.660734727484094,28.071480400240496,29.87138679336287,26.364779115891434,14.335292600441573,True,True,161.8513933862489,3.9789747880169126,4.949853730635494,4,95.08679495956783,431.7571973941176,0.0,17.055400632746164,5.949508131674535,15.737878754729614,17.365296834796244,20.67812253369695,22.373842183453803,12.338358509154775,6.935959113780886,21.709711516597917,6.161488279157176,304.68193664797394,12,602.9616437130278,82.91518408713291,0.9946253782784891,4.949853730635494,0.418177317161586,3.545076032523216
7.666666666666667,230,294.50064620937184,4.896117956299262,60.81661153684135,16.20172081005057,24.288187258044648,27.900032522254183,30.439395513334215,25.848317118358484,12.965003878231702,True,True,176.6403251406519,5.999652371488569,4.99626045387893,3,63.60711498464308,242.38346052264887,0.0,17.055102945856405,5.955792121948696,15.636602419747353,17.442412235813343,20.578920125592788,22.10556832579515,12.328922265032272,6.959860000310064,21.8282400991568,5.98164257932713,304.8759269052119,12,602.621342434774,91.31998875607023,1.2786908420908318,4.99626045387893,0.5849745716436243,4.438214839658492
7.7,231,294.11808904935606,4.867865348687406,61.04400500372172,16.135611734253416,24.079265791973796,27.82663731933263,30.830745811013326,25.998249234890615,11.661430802658597,True,True,189.72221998247906,4.926144834916971,5.065841071801943,3,105.0293981569386,663.7148775842616,0.0,17.053411436131,5.954576176699368,15.640050369853478,17.60218224063751,20.605047446845116,21.831266071848145,12.348386193611011,6.952488761625503,21.829893280966278,5.899810867688713,304.75733394122284,12,602.6232492846259,97.32418240869802,1.7152116767205234,5.065841071801943,0.6769094719982763,4.382209070605101
7.733333333333333,232,293.7394619803827,4.808188049714679,61.13663156025747,16.12003319389444,24.06867732113441,28.058238774178356,30.936668960134327,26.833755604438835,10.44604594578611,True,True,199.15016277623297,5.522829001635909,5.144465882387652,3,152.08091892085164,1592.568186195315,0.0,17.05273175006633,5.994452650929583,15.653040890311399,17.692281293772503,20.66694624994245,21.528400594715045,12.391078075755365,6.921038716539164,21.697897788810547,5.927920613036538,304.14951453424646,12,603.0173048913683,102.33649588893444,2.1990305941681267,5.144465882387652,0.7861933213404138,5.686456795217587
7.766666666666667,233,293.3045698421378,4.795886034834029,61.18429674271963,16.113610201920096,24.064354707728615,27.64852960488288,30.77650166940169,28.502328247822227,9.330059308807643,True,True,202.31978597878947,4.675173458987893,5.207623383331252,3,109.77455256941778,1015.0521210261197,0.0,17.054253098806708,5.973053423710724,15.63504816208288,17.743158870579894,20.824362960651694,21.237411323684718,12.395463589292763,6.936913869682079,21.529717328420848,6.117351570974685,303.06032634432415,11,601.3719222005014,103.4974797188887,2.5337955816485342,5.207623383331252,0.8488279054710425,7.138059414748956
7.8,234,292.85709148580685,4.801047277024184,61.15932654156771,16.179053205733275,24.385973768876728,27.953210936002026,30.127464726519744,31.04940679348786,8.413812619497275,True,True,189.40212487883244,5.3348904613163475,5.240324613145283,3,145.84364055859538,1225.856714172207,0.0,17.066594588452197,5.94529958930147,15.608682429821878,17.80743864391946,20.74851780339405,20.963688899781204,12.381096188909456,6.990884122408343,21.186772850630838,6.442927893873321,301.6438818068839,11,601.4111468810279,97.3685076700744,2.478931165875971,5.240324613145283,0.7927728657205285,6.4768472399233845
7.833333333333333,235,292.34754478786573,4.786706279083274,61.197677493151694,16.26092748223737,24.7531873021288,27.611081874889788,29.393142020455347,34.24833655655846,7.760188756611608,False,True,0.0,6.789404816697678,5.225315272375601,4,175.99579227313006,2993.0055359999574,0.0,17.081644196255443,5.91025015220459,15.52243742343205,17.783523091438408,20.76342831356213,20.756019302219816,12.351583330163406,7.094974145968526,20.782235346271804,6.8550677235291735,299.8298377795621,11,599.7189083092829,3.394702408348839,1.8776423934052415,5.225315272375601,0.7534458342456517,3.9726415971140163
7.866666666666666,236,291.82031636899416,4.738463510412638,61.39978737512567,16.362420954200317,25.253023461967995,27.85010836900879,28.289103566383183,37.42873337613612,7.444148536343885,False,True,0.0,5.209892354750066,5.204629795068311,3,214.55922789518615,3037.087181914226,0.0,17.103319414689604,5.8615355560518845,15.449004429581034,17.739414706475173,20.501297174962353,20.60956494486306,12.308483592750301,7.315852488649481,20.12893720268725,7.40681095442261,297.9479952659756,10,599.5723556925567,2.604946177375033,0.6823633950540727,5.204629795068311,0.4649352859698458,4.644491981395223
7.9,237,291.13269709423923,4.703871985554708,61.44795500445602,16.516119829958473,25.729991242394036,28.119686000172823,27.072825931307875,39.855409852136326,7.872043185959128,False,True,0.0,4.789661704729864,5.2399286494164325,2,138.94177275551382,1544.3661351899946,0.0,17.130692073911064,5.903800266855159,15.448270990208696,17.47226151074292,20.587811203196758,20.49705017684054,12.2838315076418,7.5087220975541795,19.795570444406003,8.193822208443812,295.979612675004,10,599.8031693206999,2.394830852364932,0.0,5.2399286494164325,0.19219597162310814,6.820123471498152
7.933333333333334,238,290.4151157665672,4.684646887087007,61.470684064996455,16.647290863911632,26.156852171542887,28.75381829349718,25.747832748419004,41.18029060278802,8.945467041467365,True,True,0.0,7.795896009666205,5.32159397923421,1,101.43068286667949,546.5079370865019,0.0,17.15062113529259,5.979023392332525,15.481920014146642,17.18627530611311,20.672878149570813,20.399663019477927,12.264186886478532,7.614997199201612,19.178223655084707,9.154165514804529,294.1955455320436,10,599.9911382488461,3.8979480048331023,0.0,5.32159397923421,0.0029727871100504455,8.513545308668137
7.966666666666667,239,289.6526312151207,4.67497427446939,61.40401620054111,16.723574686626375,26.26958559583525,29.100475017727057,24.834655688689047,40.682472955764695,10.460738721160192,False,True,0.0,5.788505052058104,5.355988413687702,0,194.67460401531875,1977.9172525375673,0.0,17.172341256376804,6.126728187794348,15.592702182665308,16.854943280809092,20.903956191948264,20.363011883297165,12.235341928376318,7.743032528198826,18.662470149135267,10.120750327453203,292.42506093443643,10,598.6353148570987,2.894252526029052,0.0,5.355988413687702,0.0,9.154646786539006
8.0,240,288.9312850563323,4.685527114332189,61.29854079437777,16.742363060009776,26.203592310135182,29.863661395026647,24.185736981530496,38.46314752377138,12.301823340212202,False,True,0.0,4.615040998969733,5.396843532848019,0,143.74494181202775,1865.4522805054626,0.0,17.19714922005384,6.280129744692776,15.670084057626472,16.568384063029367,20.97483418781909,20.378896426581324,12.204433620609711,7.901967169463125,18.178384938221477,10.966813231508718,290.8603746544753,10,598.1856524751039,2.3075204994848666,0.29748556484995536,5.396843532848019,0.0,6.546906280222504
8.033333333333333,241,288.1465965920472,4.641179765664171,61.245395992650614,16.84869669529574,26.33028838736891,30.61897903891832,23.916064834563073,36.45058851111161,14.335521164882644,False,True,0.0,3.1250455985412944,5.427085392566821,0,134.55418907784852,1000.360970759635,0.0,17.23932520319358,6.557710641099939,15.823474415309526,16.181006841323605,21.24661265784876,20.38116535948657,12.291500376319998,7.978932922648077,18.139943504740263,11.569624957990087,289.8222826447535,10,598.3362470326823,1.5625227992706472,1.977359410181832,5.427085392566821,0.0,4.903614976907428
8.066666666666666,242,287.195739078318,4.5817750928170415,61.02739896879444,17.056164338998865,26.662931875876954,31.523305542073604,24.003012023122608,34.472176892862144,16.653233045449454,True,True,0.0,10.095460420271348,5.254983886686365,0,135.410884494579,624.6954261012561,0.0,17.253113785573575,6.949827614994197,16.109264069584007,15.716233543476674,21.698426540915676,20.358299022928232,12.44480734171791,7.895718593963763,18.820479329329647,11.944567738991488,289.3395345599826,10,598.42318359245,5.047730210135674,2.616312620662432,5.254983886686365,0.0,5.867970419838447
8.1,243,286.28260332311675,4.588570816652338,60.48470716014915,17.242348847831654,27.181017939050346,32.51883039618896,24.6418954977832,32.29872320561455,19.264622656614687,True,True,8.469137580613536,41.79843727326951,5.001384080430541,0,103.25367349061199,562.0864736559702,0.0,17.251840222601697,7.198585975052518,16.345572066509476,15.481393206960675,22.13281503467892,20.562138381748838,12.540022883673993,7.8124693936848315,19.20123330963357,11.385090486728872,288.8614333854992,9,598.4901668199115,25.133787426941524,2.787994539369853,5.001384080430541,0.0,5.743104483906648
8.133333333333333,244,285.4518409439482,4.5842450064270235,59.71719979752857,17.425429910809807,27.809058403300078,33.308239351047916,26.04103506765928,30.14295054601516,21.74400864847797,True,True,28.4191773361131,29.554949901621235,4.616738150191039,0,138.01915675210458,646.2626512544446,0.0,17.265852101437595,7.3488501019810855,16.379515559428263,15.357910324564514,22.64364260905374,21.143167796665537,12.636848398352898,7.7349073096295475,18.56629685519348,11.068223992640055,288.19959128132814,9,597.6671335424112,28.98706361886717,2.8377208397897955,4.616738150191039,0.0,5.003706629002009
8.166666666666666,245,284.5268391286007,4.564758758401277,58.44285902445859,17.667903748415313,28.60608999407843,34.39620300671022,27.630415411991077,28.191505683232027,24.20623587438039,True,False,1.439749696772099,0.0,4.030100649234365,0,127.84915479500917,652.0936674319813,0.0,17.265321707783645,7.479356466075711,16.548066148930314,15.429082505424397,22.987094126591114,22.08401182883616,12.733081314790137,7.61293594523072,17.760437405594015,10.694808800659768,287.66666251201116,9,597.4072229737282,0.7198748483860495,2.8246448469951178,4.030100649234365,0.0,4.861096094581367
8.2,246,283.5258651401575,4.577111718263705,57.278449012935106,17.909487849216514,29.139008891673075,35.16162622142516,29.237894174430544,26.42671788782293,25.72979728301366,True,False,1.155750982837491,0.0,3.1586040552643113,0,93.50282074762035,452.7442342452123,0.0,17.240770432792218,7.536073804064444,16.527197204229605,15.461693992561647,23.675329585831726,23.28546586927735,12.784664708665105,7.4486606819327426,17.09199615825833,11.034429733942211,286.7707515932135,8,595.375083035207,0.5778754914187455,2.8199260565116675,3.1586040552643113,0.0,5.291394013799412
8.233333333333333,247,282.5101412707965,4.573210412507789,56.305923907542535,17.998051089931,29.02172546644404,35.865309348611795,30.51595928670198,24.800861051776067,24.904772178686297,True,False,7.435397778008541,0.0,2.8705525738722626,0,102.80613884100784,478.003216839101,0.0,17.202128548218898,7.498850895170274,16.687690789988135,15.703749086112955,24.03224606366149,24.356478425512684,12.774523133514846,7.2878893483783544,16.520956312012867,11.819351880618303,285.10013234231167,9,594.2944201268623,3.7176988890042706,2.8705525738722626,2.106664791468232,0.0,5.13567549578127
8.266666666666667,248,281.39434882259053,4.581927778364914,55.43402483916529,17.939033833715573,28.425759920847582,36.592780221504924,31.33917000979207,23.335451089752805,22.43563836234052,True,True,1.648355244228961,0.0,2.95449959406414,0,79.7543108736072,435.8741135529058,0.0,17.14340522197532,7.44155184807675,16.649930792669494,15.669478354222575,24.51430861174579,25.146796744795825,12.700601831135753,7.168781598761445,15.906729262408362,13.040883556551968,283.13617474701226,9,592.7884442479562,0.8241776221144805,2.95449959406414,1.4000843099595646,0.0,4.385802101410209
8.3,249,280.2432021777492,4.581778766333211,54.685840112777846,17.776377811022897,27.34730176696664,37.1547960898755,31.62423660028177,21.92314777498891,18.687026602720398,True,True,1.49705049711959,130.38613803116155,2.9913871795236595,0,41.770771417798,324.20038670310396,0.0,17.09340403574304,7.34236842948447,16.855630343166876,15.862722405757124,24.808710446769457,25.53096917531727,12.604803046787824,7.132421539244302,15.380216994862645,14.645213680343888,281.1760215161963,9,591.7030079813394,65.94159426414056,2.9913871795236595,1.2649285143438143,0.0,3.553703041520742
8.333333333333334,250,279.01099084656227,4.595129179937696,54.1285979960971,17.493497932007422,25.971942646159885,37.569504781637605,31.4217637003366,20.60837505121728,14.288127051448049,True,True,2.8304871363938435,152.50541950867,2.9643908207606247,0,38.87060761837832,256.16388847425543,0.0,17.04949624215919,7.28428822447366,16.845429096979423,15.769194475232878,25.132357981232424,25.54644687175055,12.503617736850565,7.126396761986467,15.043788126342214,16.213682878464446,278.9510188686903,9,590.6166212032222,77.66795332253193,2.9643908207606247,1.5588693229176578,0.0,3.15628979289634
8.366666666666667,251,277.67994992080605,4.5861784087375295,53.683633278150765,17.235826885966652,24.742738274637617,37.66670968320362,30.739764721822105,19.38219913530873,11.182279558216027,True,True,3.2995529486489747,170.65209872049536,2.925262615382233,0,46.14008883148988,284.7152765196208,0.0,17.012719159150254,7.208326667004562,17.051207247325024,15.912335814632872,25.22323520760879,25.33417399183961,12.420854269164357,7.135604914540673,14.720670862293462,17.547322057389728,276.29658461910924,9,590.0914048985838,86.97582583457216,2.925262615382233,2.062838579472972,0.0,3.9009334971914225
8.4,252,276.1893661495976,4.576167841254852,53.29383306020089,17.18092681211761,24.48702693117607,37.67106976026593,29.73429146083878,18.35260130749124,12.190145196108329,True,True,3.4024377840534457,182.76892654703713,2.9155849808854803,0,82.58572234808781,705.273218266909,0.0,16.988710834218086,7.171212324014029,17.031765979865565,15.797756979241456,25.361675034631865,24.907732496085643,12.355447443803685,7.160864566920101,14.447599702748462,18.54302909553103,273.256254405223,9,589.6571059466842,93.08568216554528,2.9155849808854803,2.5444089222572597,0.0,4.9969522637884785
8.433333333333334,253,274.54036736542264,4.5498183775934065,52.980318301657874,17.335018724001543,25.108242874427567,37.34642824649541,28.41322618024434,17.53824235424464,17.13507471672589,True,True,1.304503157766793,187.53691789307766,2.9395301398933573,0,116.5432414334754,1550.0336185134074,0.0,16.98245853188876,7.0891249681757085,17.19526738482165,15.949166501773036,25.213869625286595,24.29275627081405,12.319187156319668,7.2096121781221605,14.32621602990671,19.01465071520455,269.99848513495556,9,589.7513299082901,94.42071052542224,2.9395301398933573,2.7510287622701064,0.0,6.093366767083349
8.466666666666667,254,272.6944649636422,4.544020220119915,52.672037965029034,17.535788703531217,26.09647966305053,36.76405541945401,26.907706683195382,17.066937348014775,23.647219201537954,True,False,2.674080842685043,0.0,2.969261342539963,0,157.17680838578073,1299.232532167069,0.0,16.98699646491821,7.018182741787883,17.134547983198832,15.906454367520983,25.049071025480995,23.55841397194362,12.291808948438774,7.264320687643246,14.431963399769046,19.009152310064493,266.68291748676114,9,589.9080608772024,1.3370404213425215,2.969261342539963,2.492148203154641,0.0,7.698250696334645
8.5,255,270.6042973492514,4.526257961661773,52.06143410988622,17.78120101712683,27.277451650305544,35.9857012610815,25.63878091806906,17.014288049804474,30.471036372267147,True,False,2.251140998033264,0.0,2.9982441463137737,3,132.1401677313546,1327.7807020769424,0.0,16.99168028679501,6.929024841113825,17.209005662339116,16.096046575975357,24.64925632705554,22.82844801819313,12.272958915949546,7.306040131344169,14.750373632233863,18.575374264680665,263.2831876755325,9,590.3835493673571,1.125570499016632,2.9982441463137737,1.6021620640800853,0.4725042563447283,6.8332249937096305
8.533333333333333,256,268.4182811277392,4.536591020083469,50.92637453145575,18.048156883316786,28.39595820619013,35.063135349731894,24.34341305900659,17.440789850040932,36.736494565981126,True,False,1.9680419356065177,0.0,3.0218750743086513,5,218.48218241515093,3445.8840510813206,0.0,17.022726077255356,6.784796920926881,17.26911963576907,16.4611554222954,24.288721530959183,22.315897779613955,12.266142841902331,7.328593650781386,15.228443933713745,18.17292263177394,260.09247675448285,10,591.2363680757521,0.9840209678032589,3.0218750743086513,0.15557612796631243,1.4748194843265436,4.199944114901193
8.566666666666666,257,266.1459521636992,4.552677401379135,49.11138928835962,18.282930432653824,29.23372449254751,34.235688362614965,23.03977933937826,18.409643297839143,41.24978697035767,True,True,2.1415659982755066,0.0,2.96430259893914,5,252.49426973429235,3661.6908038729202,0.0,17.0805937690924,6.631516743788449,17.254282792232758,16.92661126658881,23.83331263274928,21.98617431790787,12.335785585145985,7.360241803761763,15.838964457071475,18.061575151278518,257.50590417139483,9,591.6758031622998,1.0707829991377533,2.96430259893914,0.0,2.228812841902033,6.511871318628638
8.6,258,263.2433602022786,4.706078488716237,50.86631195204269,17.943263160359393,28.713177372000203,32.50671880230588,21.384422455577436,19.814883103689116,41.146685126428366,True,False,3.7661222914326373,0.0,2.827903312644809,4,201.2337812026863,1876.1037321453455,0.0,17.055571769633858,6.906998966429883,17.150632183275018,16.50738429821349,22.995696597773925,21.25595015274812,12.210780884072685,7.50379682287134,16.72509039122175,15.984335851149996,255.40567117016914,9,597.3631679871309,1.8830611457163187,2.827903312644809,0.0,3.11561504687176,9.164326816654132
8.633333333333333,259,260.14691015239396,4.658199715793554,50.76282258122685,17.855490319269435,28.352113842454084,31.189203349687034,21.5732840843608,21.61857612888439,39.02739180688412,True,False,6.4860636899729665,0.0,2.8199330366902826,4,142.62529549409658,1147.4075189273174,0.0,17.067175219298328,6.999677017651258,17.400059925078484,16.844948424583496,22.248165665998272,20.980076346376517,12.19089322903269,7.529947100412998,17.533745003744443,15.62921148704871,253.73484804459338,10,597.442986854767,3.2430318449864832,2.8199330366902826,0.6864387840670099,3.11906794119738,10.929940254724903
8.666666666666666,260,257.1338932046771,4.604647887288915,50.371959193322546,17.84458836413524,28.214644314481042,29.889971457079263,21.960272240111877,23.611203292956823,37.397130267776205,True,False,13.252279885681762,0.0,2.839330678393084,4,259.361242275363,3255.265337647264,0.0,17.135622881887308,7.078263140465854,17.31519171076037,16.752206826743553,21.68401592286535,21.191037735769843,12.182814002551874,7.662344763257101,18.169787737784905,15.638963482018262,251.85030176235267,10,597.5425031012122,6.626139942840881,2.839330678393084,1.8291532226568592,2.942381480410585,10.982965572910098
8.7,261,254.01259946573683,4.530901430609246,49.70385791514505,17.894852109878617,28.06610287026651,28.638310274395057,22.459658220178728,25.925138087156512,35.241304899335724,True,True,20.18879026062633,0.0,2.756551365066924,4,288.0199109675719,2737.4519433653263,0.0,17.157973362707516,7.106509891441883,17.638370145826595,17.00636597545502,21.06346795506523,21.620420627425762,12.1246008404458,7.845990184614584,18.778183226441918,15.816487957688919,250.0616465755352,10,597.5598892147801,10.094395130313165,2.756551365066924,2.569713969233787,2.6567734881237284,9.11499451695956
8.733333333333333,262,250.8710885290068,4.450161581205125,49.06866213243065,17.922457630533486,27.980068812987717,27.489349124275385,23.25358067473142,28.341266985808538,32.836078467135515,True,True,32.52591615338541,50.77341023547055,2.792485590019809,5,169.99164945255356,1025.8177133617046,0.0,17.15754125683933,7.0636811838689475,17.88703350512867,17.12182812682788,20.729506739331622,21.890669208144082,12.089169128541872,7.976678118724284,19.241196228855166,15.759285709789594,248.1640440401927,9,597.6671210339807,41.64966319442798,2.579607203840074,2.792485590019809,2.338323836565899,9.450779134186154
8.766666666666667,263,247.6687375296291,4.459265806038326,48.55239468758128,17.87645650790192,27.85523818229117,26.892071857022533,23.500366497525306,30.763031949419222,30.265482425197625,True,True,62.32548077400581,29.719765886189652,2.867668697788229,5,195.02593027757845,2148.4494227966065,0.0,17.135136320698223,6.992103799133452,18.146220499391035,16.8972105159338,20.924785941454175,21.952775481897223,12.07109853839432,8.035301339983398,19.558461139780032,15.012801312698446,246.40406952222244,9,598.0157822317549,46.02262333009774,2.250949547455292,2.867668697788229,2.0325546868715625,9.357681379813831
8.8,264,244.40573508772783,4.4725286913513855,47.67060509353398,17.95366923313821,28.069017827458165,26.862759588768736,24.48950178122609,33.248539726940216,27.67527021289761,True,True,116.14614120905449,13.19102218500427,2.9811959407560313,4,258.86787595837376,2918.3445304339853,0.0,17.0825888333579,7.023348538188823,18.715515643671246,16.97888157625734,21.46737141749324,21.931401425839347,12.043263651749198,8.001812477806652,19.87286071399781,13.911922908878967,244.50544971261934,10,598.2657713165511,64.66858169702938,1.6874503336389644,2.9811959407560313,1.200488477699069,8.061954023208965
8.833333333333334,265,241.40454200040415,4.564188770355903,48.70120280791261,17.79055726206233,27.94065112315459,26.989689054559474,24.900184554519182,34.84151629516745,25.03121458837224,True,True,168.04185407041837,8.116424514548326,3.052790019736928,4,233.75748398028563,2035.9824271515445,0.0,17.076519190607485,7.027202336746012,18.96635849278823,16.838816803760235,21.87343352796166,21.425875030768484,12.141876112668148,7.853853261168947,19.081994601524563,12.809825080322812,242.60093801852784,10,598.1454721757761,88.07913929248335,2.0530143737323816,3.052790019736928,1.0017808044648513,9.009040886607615
8.866666666666667,266,238.75994393496686,4.548224967983272,51.75647571977602,17.339629831056005,27.082982492437274,26.960643949713376,24.404750060057477,34.69209639742674,22.2744395625515,False,True,0.0,8.998935315295599,3.1580089719668756,3,139.6807603791802,904.9492826602414,0.0,17.146294719296435,7.060452045946701,18.503367293385438,16.20592265752463,21.758415792680424,21.067149866382007,12.408754285288017,7.689502158505719,18.136508930636452,11.786149746445146,240.5139649618449,11,598.4778870946676,4.499467657647799,1.3515585255272005,3.1580089719668756,0.561634692118236,9.33824999778375
8.9,267,236.28024107378178,4.549254387360224,53.994300220453134,16.97594086481753,26.228932182129217,27.207453011681064,24.993313100617872,32.815398643118,19.89956397309993,True,True,0.0,17.498449385536276,3.370537425318821,2,193.08768573822206,1547.5503891033832,0.0,17.1789843580491,7.055447235176179,18.27394399834425,15.938129368437334,21.537158984641458,20.826615749495485,12.557835104162415,7.610296882547327,17.93077746356965,10.814195099322815,237.69181012286924,11,598.5200799192341,8.749224692768138,0.9040637456893055,3.370537425318821,0.24434986277784074,8.483132805734844
8.933333333333334,268,233.99459383394148,4.533033270867515,55.76828809498476,16.66533350450287,25.29515732289127,27.450189706769667,26.0487988516181,29.866938038226582,17.814702694950725,True,True,144.13232158984303,17.92198079374897,3.621973383501014,1,213.13519291390904,1598.9595601001233,0.0,17.211854358876934,7.038841423183658,18.130391342887883,15.866640180931318,21.194717494177628,20.835666705420667,12.67663287138088,7.6177843405341035,18.24391339002674,9.982931168558121,234.40368557041987,11,598.7064507644059,81.027151191796,0.601892209187145,3.621973383501014,0.04729992584526985,6.565696854151466
8.966666666666667,269,231.96337238571493,4.543039108697133,57.1407971969494,16.34169764459511,24.237997559550706,27.564763943030137,26.914565904740726,26.38825772628568,16.08440266414628,True,True,172.11898437676686,8.376681732536396,3.765215691913056,1,132.60859063456294,885.1992584022737,0.0,17.228599123844386,6.963749868720841,17.801036414857798,15.727028333904034,21.000145510144876,20.63901582393499,12.726347160197744,7.650876380064707,18.945171637384266,9.491504177670272,230.93878936765765,12,598.8283020222927,90.24783305465162,0.15717887946185136,3.765215691913056,0.043476304783669845,7.161764885559967
9.0,270,230.04788382714074,4.569253951427854,58.16995917930579,16.119022446845527,23.32716297249588,27.604563655611493,27.66834175213801,23.544832605033587,14.490913877200443,True,True,194.34688257568337,4.71644339678476,3.80722163340897,1,87.04061564061087,521.4613989881582,0.0,17.227543229899204,6.873200778443456,17.71400399264995,15.85694312974063,20.724585648064835,20.639316464845674,12.71382271615946,7.722496771632124,19.824939769413305,9.179832311850708,227.3830106498123,12,599.0871773806684,99.53166298623405,0.17482543327340766,3.80722163340897,0.038738635951815655,6.940772624906367
9.033333333333333,271,228.20920320072307,4.598784350970564,58.875375098930675,16.05405862020204,22.940911010761734,27.67720030641267,28.356730044224914,22.631017784478605,13.098695907930757,False,True,0.0,4.970371514347468,3.812906260954211,1,177.47810543360333,1200.0365761430412,0.0,17.214406365579464,6.841162604802116,17.532540755665043,15.804536208935962,20.665969533201274,20.67432037020596,12.674430590290383,7.7771158173447565,20.80136768981398,9.061385324144645,223.8284586975726,12,599.0036250670387,2.485185757173734,0.774218183883327,3.812906260954211,0.03273587019385739,4.935172601772435
9.066666666666666,272,226.34083384358138,4.599861945752948,59.43478955364256,16.165762240220698,23.123321413148002,27.73014693059518,28.654042712513906,24.27963528186627,11.829460727616665,True,True,0.0,5.192110664547292,3.842886258802653,1,185.13795449961114,2103.3050986751914,0.0,17.201743728530563,6.8433982828145625,17.549637519919354,15.947000696486297,20.588814777528643,20.679782191188096,12.657579054412748,7.8120283415620895,21.61540105405743,9.097762304218618,220.3305757997935,12,598.8015200600229,2.596055332273646,1.2574873278413865,3.842886258802653,0.024107743973421965,6.614073513199099
9.1,273,224.36107625108468,4.620908350244268,59.80449463602611,16.37545852944384,23.77830106590966,27.718484229059655,28.545095486867496,28.0960208323667,10.75360371534478,True,True,211.33487633844283,4.541855949622908,3.899310827794068,1,112.31000492219673,1014.0027275649219,0.0,17.188688599643363,6.920360988261738,17.50361178105387,15.86066416344477,20.731676409928433,20.367347960850672,12.645823829345563,7.835727653525202,22.194665155448902,9.270107136516472,216.8549067160435,12,598.5070632802448,107.93836614403287,1.4177154859122676,3.899310827794068,0.001870697974150088,7.418716976217367
9.133333333333333,274,222.36879883949481,4.668268870128534,60.195037747684886,16.687094818051758,24.87402550820447,27.78525535091748,28.64855042687317,33.0003462993432,10.061949955684032,False,True,0.0,5.274767516257995,3.938868794787292,0,178.03909482815203,2012.3162876790652,0.0,17.173859017122904,7.0607054877922,17.543355138071302,15.74388415881314,20.67454065825881,20.109777471856425,12.594784357754312,7.8571887943702,22.37105952913519,9.681165624784004,213.4747992303241,11,598.321196482732,2.6373837581289976,1.1546171718163534,3.938868794787292,0.0,6.530703753933419
9.166666666666666,275,220.356838937204,4.704822740856596,60.51844870280826,17.012309773155245,26.001362819892698,27.68588823753365,28.621163946136896,37.835307539123,9.86309155677724,False,True,0.0,5.219301631733003,3.9668674434477786,1,281.99482390579783,4042.205099454377,0.0,17.17089714324653,7.18559724614766,17.588577798602028,15.627402198392392,20.534515152795166,19.879430758827105,12.52874586853534,7.94274604773421,22.45700807282752,10.26427503065,210.24258235045528,11,598.459829032893,2.6096508158665017,0.24649962411549914,3.9668674434477786,0.006801491716148188,4.312090182452014
9.2,276,218.4268536758668,4.677909571294614,60.815850082318185,17.19727467099643,26.79794700367405,27.15589601715217,28.046033221068377,41.65674447447868,10.333114301996961,False,True,0.0,5.318745641147382,4.012222210394055,2,262.2101624974768,3689.605994695964,0.0,17.174950293544445,7.189601289416382,17.407746855558727,15.491412250136602,20.281718706996,19.727530836787654,12.414605498964898,8.136198162889043,21.93619678804935,11.007371367907155,207.36537189690347,10,598.4673895344937,2.659372820573691,0.0,4.012222210394055,0.8050889703492966,8.394983424257775
9.233333333333333,277,216.3298722946712,4.729044316765895,61.00560515161429,17.303366976094896,27.129893854687392,26.72737452887181,27.455378243893907,42.965633515921546,11.371189130062307,True,True,0.0,8.635038755714634,4.058624014387633,2,158.47686396601364,960.8603441889531,0.0,17.17112217268437,7.326971377282813,17.62507446042012,15.524778739646813,19.91692620383849,19.463904149665943,12.306459411122864,8.242846946153515,21.652679295077515,11.800166466781393,205.20450564711757,10,599.0794605594193,4.317519377857317,0.0,4.058624014387633,0.769203401689084,11.353719953865804
9.266666666666667,278,214.16947596680723,4.76905023055213,60.74943171329422,17.284693710233707,27.035350586930157,26.310389580329442,26.783229077394825,42.11985419391259,12.927929496083784,False,True,0.0,24.632923309679573,4.0449650278322125,2,198.33757131378218,2359.470692418849,0.0,17.183718081799604,7.613551857653418,17.590866322781565,15.249293591992597,19.911736690197205,19.280418409502705,12.282385134756334,8.202323466642113,21.241618783275264,12.573090967184145,203.94099065101364,10,599.330237394907,12.316461654839786,0.0,4.0449650278322125,1.0589882117194087,11.622618392005544
9.3,279,212.27223743401044,4.767607724356305,60.284993963877895,17.285483576993812,26.774571152810246,25.983620869818715,26.299899711134074,39.96959927122792,14.845164759060292,False,True,0.0,46.8313128881204,3.949231250272562,2,265.4663319426642,3789.604830348709,0.0,17.24101833037816,7.820892533403755,17.75258183136087,15.46923257105171,19.78237906664638,19.4731976873568,12.369329966494586,8.179474872308882,21.180431344939425,12.915430839725559,203.2223462423856,9,599.1666963273118,23.4156564440602,0.3390656584186201,3.949231250272562,1.4829995602702053,9.270682861382308
9.333333333333334,280,210.49629424240925,4.751406363778477,59.66471954369216,17.331943116218696,26.687501670543423,25.82894455437873,25.903415233449316,38.11904899379798,16.89859790054767,False,True,0.0,55.745527567345285,3.6570568689865794,2,195.12499485655005,1635.6461974315139,0.0,17.310221161282463,8.169699906469297,17.70808676894521,15.51470812239133,19.907153859839504,19.684561316919023,12.575986468044508,7.986976609440317,21.52549669411392,12.846249153661127,202.77317899943316,9,599.0517634283798,27.872763783672642,1.4005818004154038,3.6570568689865794,2.0169970194252356,6.28006142775491
9.366666666666667,281,208.7402173354133,4.7389659441383625,58.917766673132064,17.42085514615008,26.642903057395845,25.967838912288116,25.49333673954321,35.87153488693573,19.238901690816316,True,True,0.0,50.401389656326934,3.2710217165980486,4,154.5910587775274,975.4499737301614,0.0,17.34784992208506,8.527698060714522,17.80340666032812,15.68557982864825,20.147299204690196,19.897412949835427,12.744588400187029,7.711053965403465,21.940336057196298,12.935989913579448,202.64263950237037,9,598.9864287758227,25.200694828163467,1.8153245872972785,3.2710217165980486,2.5205567390566506,7.260160297977499
9.4,282,207.24957182851074,4.689917158604617,58.23193097573508,17.465404989362483,26.707643520582913,26.405637222765055,25.302844661326162,33.46900716142599,21.653085036814456,True,True,29.33586743335385,49.999225259494146,2.882603199890249,4,182.2908890366703,1766.0128281890707,0.0,17.402111129294344,8.554521310293406,17.68592404145503,15.955503589331247,20.273403630031922,20.136662727560076,12.8943358425678,7.530894628954485,21.698142288817742,13.019001569799599,202.62935783843653,9,598.9200244626974,39.667546346424,1.9431171385218524,2.882603199890249,2.4406920314755185,6.2351772800747565
9.433333333333334,283,205.8671364413807,4.5974925239115505,57.59551111518672,17.471875566258483,26.90027414367838,26.857016504973252,25.52576804795982,31.21503785661211,24.00327416516833,True,False,41.204203047231516,0.0,2.368706320626133,4,170.68985421445657,1633.0972260920407,0.0,17.430737745669,8.399165929726337,17.432910971015847,16.160950945429377,20.624329297616644,20.427534127254113,13.017745035423514,7.398332545139656,20.825649861774004,12.759680460115197,202.44380655269077,9,597.8149439158051,20.602101523615758,1.9431792782855482,2.368706320626133,2.1578440301076207,6.972263838927888
9.466666666666667,284,204.5905236438718,4.522728964369282,57.12500716049972,17.43837514884631,27.04580915997162,27.726336339645574,25.623342989765714,28.994965927652288,25.838591382822894,True,False,31.505586056866235,0.0,1.8689182216280815,2,118.78201643915487,704.7134516568867,0.0,17.419976928041596,8.107308970685317,17.20934256190319,16.414614904437197,20.672202587454215,20.67760582825291,13.081244238447045,7.2777251224795405,19.73441186551153,12.79795758559564,202.52000356508705,9,597.5861429014891,15.752793028433118,1.8689182216280815,1.6557643409824931,1.4627980018539286,7.696929116535377
9.5,285,203.3212946863704,4.499839281146278,56.62729214076351,17.433933378254014,26.98978373944523,28.415416418117672,25.94882400648912,27.027275775078845,26.567618758095286,True,False,7.286115422608447,0.0,1.8026539769622127,2,144.92503881696194,1175.7237187550672,0.0,17.38539914510807,7.744780809257225,16.926873319538966,16.607781526413884,21.25436952176607,21.13088877629481,13.08175171006176,7.170362159150508,18.800058255606483,13.447600492831487,202.12278364997482,9,594.7016183351387,3.6430577113042233,1.8026539769622127,0.8346649394630322,0.9236406680628756,7.463809563927422
9.533333333333333,286,201.93260735792308,4.470529497140941,55.925922301877485,17.387583483719922,26.62091295755364,29.36478267697043,26.35542489444668,25.421983218957582,25.341461039839857,True,False,43.03093373994576,0.0,1.8131629992147247,2,130.291142744979,1572.5311306860208,0.0,17.33748194639279,7.483608507324332,16.872983104424463,16.853122307280863,21.719923466539875,21.67114236152388,13.066936356151606,7.030092759761455,17.8545896748089,14.440219941376057,200.99716646687858,9,593.3283575300234,21.51546686997288,1.8131629992147247,0.0,0.3595516311131637,5.7730257177154085
9.566666666666666,287,200.5333799219308,4.412780415218642,55.36375944644967,17.24398612581418,25.922389770068076,30.520255735486902,26.73636310029585,24.00617139344553,22.42676885104402,True,True,25.2025007145325,0.0,1.8807637363856617,0,100.93863667385203,859.8319534700473,0.0,17.290398843564112,7.223451255775188,16.724731538192547,16.890305716274092,22.33249190345076,22.201108371260712,13.048015345400039,6.89868279590993,16.85403709637779,15.507009940735214,199.41930191130814,9,591.766114214241,12.60125035726625,1.8807637363856617,0.0,0.0,5.583490502052734
9.6,288,199.14205182552547,4.3652031197981,55.03952938489762,17.05016709806907,24.97775702882454,31.7278025756192,27.017788242592854,22.597329956333677,18.568107340752437,True,True,0.9915891036878363,131.29375292581472,1.916767182810254,0,73.30676047496219,355.7145498724001,0.0,17.250192367549893,6.938426200341643,16.67617476031985,16.957991330930945,22.859975500649863,22.64029975032356,12.997326194927588,6.862891453028287,16.076175296256398,16.58202550140986,197.4531250848268,9,590.6077315957581,66.14267101475127,1.916767182810254,0.05674484297511452,0.0,6.008085370130155
9.633333333333333,289,197.73105608821865,4.354753608061546,54.80282889166854,16.891907211141827,24.171583468131868,32.866409843481016,27.283439379294748,21.272203215125394,15.264281434626312,True,False,5.55301561821929,0.0,1.927574780349783,0,96.8012473783357,697.5732452311495,0.0,17.213804774197648,6.678352461658305,16.516609406858635,16.920005979314958,23.357871645701355,23.094307999419318,12.92576917329685,6.862318219642464,15.547355672661364,17.575878961849043,195.05055742576914,9,589.420764435181,2.776507809109645,1.927574780349783,0.5649250664585863,0.0,6.806134023062371
9.666666666666666,290,196.22410544856217,4.395448146898062,54.52434828891638,16.902160165031873,23.964016281466254,33.82610002293499,27.473974578687464,20.07190612062139,14.484084403621178,True,True,3.029469273676372,0.0,1.9481869939921095,0,89.83763164739044,519.7673015092387,0.0,17.162650381740995,6.463308127170804,16.45585646306044,16.97390031900003,23.79774011128992,23.60134982349221,12.817492692079032,6.894911842962298,15.147205230020836,18.361922358796537,192.1127226051573,9,588.2325355077885,1.514734636838186,1.9481869939921095,1.0820220132991993,0.0,6.524897113680637
9.7,291,194.61605261509945,4.472322058171363,54.20766104446185,17.12800734588076,24.52486672128087,34.51490145997759,27.55788005285018,18.991245798884837,17.035439573410873,True,True,0.7677575403215487,158.93802423729548,2.0009300448357448,0,162.21207971026354,1568.053564729095,0.0,17.102550601553293,6.325531427503236,16.362743175954826,16.928761598910704,24.4067362916324,24.340770054305366,12.677991470598476,6.964800638709076,14.856508457348957,18.85424958657162,188.72622677536935,9,586.8035400396788,79.85289088880852,2.0009300448357448,1.384871102639695,0.0,7.933985381924167
9.733333333333333,292,192.9118487077705,4.58793806472838,53.652001473654735,17.539987706904665,25.658698025037978,34.75017994764123,27.96039470204707,18.093940854690356,21.830276595773253,True,True,1.101431897435485,158.81093081166802,2.090813450961777,0,149.36620448251745,1202.4457837004936,0.0,17.043490940837145,6.182374441313445,16.337901445476337,17.0629323549714,25.107115678006416,25.398047536733948,12.502018180201265,7.073491205100585,14.664156057657785,19.09349566311974,184.86882093190164,9,585.6832428976243,79.95618135455175,2.090813450961777,1.4054515658823497,0.0,8.857162787030076
9.766666666666667,293,191.06773150996614,4.787810196046671,53.21582535351904,18.00206305928184,26.959117607588016,34.42226296521096,28.42047750598663,17.457407645193687,27.536322313960778,True,False,2.5015360953438677,0.0,2.1909576090964413,0,143.46195956884935,927.7368868337242,0.0,16.99565545826422,6.070961819167266,16.209746484600505,17.179087602492704,26.121531162842405,26.57882958181281,12.297296880911702,7.216368007727934,14.588786997989065,18.936211463067,180.66321135755535,9,585.5728558216576,1.2507680476719338,2.1909576090964413,1.0046077036778258,0.0,8.519261312536422
9.8,294,189.0369283553068,5.021504183470027,52.452167631326596,18.436366420722596,28.137139755196127,33.872127613964594,28.265293677916265,17.12613862330751,33.28499910559614,True,False,3.8312584561517857,0.0,2.2995658430788124,0,237.7247102882991,2884.85868854144,0.0,16.935520886497375,5.953984258952427,16.140137963674814,17.48332966814725,27.184281274009354,27.727151710299243,12.051392573164767,7.369590431210776,14.681980501258272,18.46956802284023,176.66892316276088,9,586.8067494769907,1.9156292280758929,2.2995658430788124,0.20678928358895632,0.0,5.055903150045925
9.833333333333334,295,186.7463421686899,5.30747012113868,51.73474644810781,18.816517717391765,29.032842900676087,32.97108086562422,28.138443956971358,17.20345221233675,37.81839456777203,True,False,4.8694089096231465,0.0,2.370518896984829,1,265.10071575171634,2975.602249659889,0.0,16.902138950268604,5.876310754729741,16.158773621048127,17.765925460059943,28.366281149060875,28.864479134327663,11.779110191561387,7.648425999370534,15.00769951225693,17.74724938548837,172.7674168068725,8,589.9740397778955,2.4347044548115733,2.370518896984829,0.0,0.16525660884731233,5.674698039293481
9.866666666666667,296,184.14524967806483,5.5443526270912535,51.96352813479187,18.870106992726885,29.207241986577536,31.760235487083712,27.618666373250644,17.586217948530088,39.8638481374457,True,True,4.132200800603582,0.0,2.400309377634229,1,198.9408540745441,1414.286522400042,0.0,16.869746590520947,5.835164472115757,15.981504859558576,17.765300265068703,29.058266889304306,29.564252287467635,11.490535075895812,7.842589854377794,15.394510961792296,16.420765688491304,169.54421389865192,9,591.6361945331143,2.066100400301791,2.400309377634229,0.0,0.05705886388464544,8.736476470320689
9.9,297,181.39529559431253,5.68707649641137,51.66107931062662,18.7903037877754,28.70061782650633,30.53388987895587,27.082189055694826,18.233793870768338,38.95259850060628,True,False,0.7760116285563396,0.0,2.3132650064408966,1,99.19664314283155,711.7453028039363,0.0,16.84842077226837,5.560411650897465,15.726296320097175,18.184586125158265,29.499797350584927,30.415868032506655,11.283902443401535,7.908070110459271,15.735046824319918,15.889685880912072,167.4773468121477,9,594.1199204504544,0.3880058142781698,2.3132650064408966,0.0,0.08021940496288141,11.139566240630213
9.933333333333334,298,178.55050286145118,5.764845037035526,51.16378369115382,18.710349515791354,28.135272144316108,29.241148265562263,27.101068425458152,19.294231077691062,36.904640808552955,True,False,6.611688342622954,0.0,2.1848446946928455,1,182.0640703468197,2089.1542846633356,0.0,16.861148616937317,5.336424422332415,15.569996100791805,18.48641101266082,29.839088068438674,31.05913792460943,11.147652301307728,7.990225915036405,16.04504047290602,15.779029324585322,165.41237925358186,9,594.3161235186825,3.305844171311477,2.1848446946928455,0.6271018155389436,0.07640137534501616,10.818581849803273
9.966666666666667,299,175.35255626490422,5.790689021273376,50.91737329047312,18.668235268759975,27.792992325771777,28.441985926579328,26.261444793015205,20.876927134362045,35.591611449130525,True,False,13.036345507687985,0.0,2.140466283182856,1,221.89326602781506,1541.5711878989628,0.0,16.887357820062775,5.229327084281254,15.610621560316556,18.551397236030777,30.092629735827646,31.32681194701923,10.9986899636067,8.201283652497994,16.44802028934536,15.505420439324272,163.29629758549459,9,595.0495068953924,6.518172753843992,2.140466283182856,1.540546354573195,0.0719311463771492,9.719573186435094
10.0,300,171.9424738275039,5.810377161914837,50.52933381069935,18.640093221678786,27.49273001103697,27.647144612141368,25.736183938878927,22.902068333942182,33.68552315918541,True,False,19.02760901631226,0.0,2.337381068036852,1,163.11879634271986,797.0908627425147,0.0,16.871996809789678,5.2258255544122045,15.876746153650096,18.443038116769838,30.357496777182824,31.256773476846632,10.77067599389819,8.482180588215462,16.923261255741203,15.422483554527808,161.05220741391588,9,595.523322738078,9.51380450815613,2.0083421245645794,2.337381068036852,0.07197271882373865,8.724612965877977
10.033333333333333,301,168.53469114646168,5.7757779439948305,49.81284484621848,18.627724488724066,27.263275776563745,27.46637604538231,24.94702490492568,25.056518205111562,31.583183950835412,True,True,38.62347439070289,0.0,2.60512048361589,1,174.46166460581264,1261.706208552659,0.0,16.845033760894694,5.281905809948948,16.195177131080037,18.366463561030773,30.590660383228602,31.166980375169423,10.608837164963617,8.679672155203365,17.316037107315076,15.311996775771513,159.2668303915309,9,595.9349063918816,19.311737195351444,1.8110082106853176,2.60512048361589,0.09139530233523413,8.997149795199215
10.066666666666666,302,165.15856490973,5.740036276371264,48.962902332013655,18.60010715268482,27.1760053358831,27.362578364566186,24.745068340548027,27.20885099860737,29.38752363981084,True,True,79.11214341697307,20.78411293729418,2.788832750853019,1,207.89699799345556,2881.7723429171806,0.0,16.776059285398343,5.371012938260576,16.627637241454526,18.222612711587445,30.84655345936077,30.85927232449694,10.499813183857318,8.745817865561724,17.700444333874795,14.648362602887396,157.26679824896817,9,596.4710128960216,49.94812817713362,1.4840042655789853,2.788832750853019,0.09637111512891669,6.886988688439522
10.1,303,161.9502844432298,5.761223749686096,48.98027878656631,18.46854826868224,27.060763357545614,27.30425173861467,24.576351941634027,29.241913479209003,27.12053627072477,True,True,170.67024096275,10.465107117470586,2.9586860552318446,1,207.79413792572234,2903.5646540817193,0.0,16.710693051914483,5.52819144228527,16.98395584719102,17.909909365751638,30.90270469687987,30.16460876141768,10.488753420661034,8.649194350273595,17.71124146196484,13.735918201711716,155.40192750771752,10,597.0046759491491,90.5676740401103,1.2630233336510321,2.9586860552318446,0.08505518313444096,7.661434827918025
10.133333333333333,304,158.98254863679037,5.7818718701788345,50.67655758210431,18.18558421293365,26.508021174170864,26.890669686962614,24.18850713545788,30.22326432074801,24.729643553514958,True,True,110.3244873299786,6.9715662723603815,3.0617961591293748,1,180.99926660242556,1293.2339011602194,0.0,16.686778041410196,5.780629149027183,17.086059282916622,17.4733067306541,30.676514806910344,29.33339302386644,10.704527499295237,8.399094051492112,17.742887268441688,12.868488643307382,153.5878621250038,10,597.3057858764198,58.648026801169486,2.1192319302033606,3.0617961591293748,0.07441542081777532,7.017772829201603
10.166666666666666,305,156.17697569001032,5.77798336554336,52.94132298342232,17.848620666452305,25.671169006919392,26.475922144877174,23.607428831608797,30.212984738915182,22.38834031227641,False,True,0.0,5.401142408733556,3.164225607120732,1,154.12174237468076,857.2426114660357,0.0,16.656010405277797,6.074228967772661,17.083042627177143,16.92138882251298,30.492675513959256,28.65711863835198,10.96348857988939,8.104133973057655,18.056982833448043,12.035563607660126,151.6869468811914,11,597.6997913727075,2.700571204366778,1.4794129126225464,3.164225607120732,0.05436957278320033,8.084492391958461
10.2,306,153.48035863734276,5.768659398566278,55.04626732998899,17.500829055219512,24.70009910948874,25.904590491743374,23.73083024903444,28.913348835752036,20.251626861425102,True,True,0.0,9.248968367428938,3.318556098445676,1,158.01552501030645,1937.2065934706743,0.0,16.59247693813968,6.356833602676209,17.0936739858964,16.400697137121803,30.232059047552323,28.1988098917364,11.136846528013287,7.850240592401267,18.70981309764481,11.140588569155588,148.89794865988088,11,597.9521197918551,4.624484183714469,1.0785461694007843,3.318556098445676,0.041201889572903536,7.684596574335376
10.233333333333333,307,150.98112229972455,5.725390041922729,56.93629597895177,17.152266452058498,23.667308322114362,25.787012575606333,23.631667871783797,26.861348275702007,18.389204565365315,True,True,128.86487286052045,5.449267538379027,3.482867127744834,1,111.17258698898752,886.5405372647633,0.0,16.540694891746337,6.5928945944214865,17.01541416708318,15.974936262631587,29.80905229089683,27.899844991116556,11.341405100676733,7.598720574282983,19.46604777075974,10.375752848804625,145.99723179281847,11,598.2156604666267,67.15707019944975,0.7572778949887139,3.482867127744834,0.027801536383747875,5.705081065469974
10.266666666666667,308,148.69880327171572,5.69655844655137,58.37349233796411,16.86072439751612,22.741973048760713,25.28966070390724,24.1240851416059,24.708500163130342,16.84564618639937,True,True,153.82628880980883,4.44192434796197,3.5918508426670805,1,44.06920912632224,294.8612244998186,0.0,16.518610918899835,6.743313982920024,16.908258662887704,15.710607891520018,29.278568000103416,27.70603874022829,11.534277962623332,7.385993748634729,20.28405907698533,9.873244782896293,142.46940907365013,12,598.5205408772563,79.1341065788854,0.3552179561065609,3.5918508426670805,0.018529650902036378,4.5745500363162375
10.3,309,146.5217304102103,5.680666950295832,59.43143201891798,16.650705247081174,22.030754520458938,25.11961926904871,24.060533335781024,23.44533453858799,15.497530938418027,True,True,171.38419706893,7.032699304944083,3.6394744747754526,1,57.018054072960375,343.9599006108301,0.0,16.512728119192772,6.865312367512696,16.803683279989,15.548913974587592,28.797262846613236,27.553583144493647,11.669204117341557,7.230742177588311,21.114180952145727,9.54194964491731,139.09947229518215,12,598.734058963267,89.20844818693703,0.0,3.6394744747754526,0.00915728710542867,3.9096408023854754
10.333333333333334,310,144.42272878379185,5.686047205718026,60.170187476806674,16.562705503253838,21.702197537785466,24.416937700819595,24.313870506683838,23.757176834368295,14.32080510927014,False,True,0.0,7.923468825533882,3.6544794347318934,0,87.03438531639797,1072.183101252122,0.0,16.51301005759601,6.9432388924650565,16.73784814398818,15.463785879886306,28.39242200045698,27.46609695848398,11.743572222904284,7.126216094511352,21.88392792024591,9.361674227127745,135.37407001747073,12,599.0032990637873,3.961734412766941,0.5806892826676828,3.6544794347318934,0.0,4.7995280629819845
10.366666666666667,311,142.3685335922168,5.681929545286712,60.7559718429158,16.588830682959184,21.798274309415007,24.196499510479157,24.011196816012966,25.727821912971798,13.25757899819612,True,True,0.0,6.61959343928447,3.6710586200764737,0,167.66313823053474,2328.907804068803,0.0,16.531230608290702,6.996265155418688,16.67386805288032,15.398979717327382,28.06647568174473,27.347019749902383,11.807019280907998,7.0657404623699644,22.490800371070925,9.261963926814596,131.98015170539418,12,599.2397616193916,3.309796719642235,0.9957076287172999,3.6710586200764737,0.0,6.802187956149094
10.4,312,140.33759878001,5.69106362510955,61.20561042079284,16.69418595237363,22.21432536123098,23.603206505002834,23.981035996505305,28.906832855035198,12.366226088380582,True,True,168.43205154208025,3.7017155000995325,3.6984421959951095,0,90.75123601634279,567.5907588132308,0.0,16.562752113904363,7.026608843550088,16.616568104082837,15.35201183010943,27.69553693769906,27.19223505808972,11.823118112260271,7.066957504891282,22.95517940024262,9.264519935850899,128.29659745463871,11,599.4981029355564,86.06688352108989,1.1637307688004566,3.6984421959951095,0.0,6.877449206221804
10.433333333333334,313,138.27452345943695,5.674404938098887,61.494105230190215,16.84108437353423,22.820046884803556,23.506230082899197,23.34246035455229,32.780363008957444,11.651134092805277,True,True,141.0581963928772,2.899054434885114,3.725415572169289,0,186.14176252025743,2640.121426902062,0.0,16.61385677091099,7.033358783754336,16.574115127921406,15.328567976005694,27.195881801110367,27.051077424947984,11.838478276111212,7.119641090209472,23.208907468862712,9.372193343965026,124.97141262314264,11,599.738346826476,71.97862541388116,0.9523476959697085,3.725415572169289,0.0,5.237584896152547
10.466666666666667,314,136.19986010838824,5.655256866711933,61.53115389510663,17.03629230616105,23.523138922874644,23.016228509299015,23.019918844832453,36.85272514969429,11.203683187672828,False,True,0.0,3.5595178487595205,3.7815798272128673,0,247.84836572008558,3952.8864505898496,0.0,16.682779261365415,6.97367885226318,16.574369121237115,15.32654842510435,26.720434277800752,27.045320075990197,11.825071978898267,7.260603141233384,23.41151123701268,9.631512530011904,121.50105026454519,11,599.9946569232891,1.7797589243797602,0.24565769173766167,3.7815798272128673,0.0,3.2504794109976496
10.5,315,134.14855214727532,5.597070744284538,61.28533703714899,17.231522376929163,24.08233751402784,22.773137578591005,22.25982362168358,40.18702847092226,11.10936038491452,False,True,0.0,5.529883684426164,3.889303320815797,0,219.01482879947847,3091.7452653259234,0.0,16.768006019786398,6.696182478178423,16.41161758905183,15.445685446177757,26.772574492549385,27.119039796895578,11.775219861583837,7.573497413584225,23.618457528045575,9.963204971973063,118.4525640151696,10,599.8953049834639,2.764941842213082,0.0,3.889303320815797,0.0,6.922015535466612
10.533333333333333,316,131.87787593654227,5.558167923764524,61.24320846830214,17.32341711070097,24.644831684742044,22.261859689292944,22.471263166524132,42.62109369534991,11.225110187801182,False,True,0.0,7.982891465418575,4.006076286895344,0,121.2106309516159,628.3197325516243,0.0,16.84350550879313,6.807257265784776,16.458722026136993,15.454734682045798,26.023065595072413,27.262579551511344,11.766878746212026,7.6838406549208065,22.439311221056936,10.532034670012179,115.33571095534658,10,600.2444767287375,3.9914457327092876,0.0,4.006076286895344,0.0,9.382966926874918
10.566666666666666,317,129.39218608573864,5.580445808431023,60.90676835441745,17.388960990882847,24.871562698338092,21.474661364296328,22.84820266789618,43.500963923321976,11.662422837837887,True,True,0.0,12.512029678828887,4.095319291808512,0,192.76729595248113,1972.2123098267373,0.0,16.881029378802054,6.932510400421693,16.492956710670757,15.415179671212792,25.924190443251938,27.400717289286213,11.71734438897868,7.7633418926963405,21.700291033063966,11.120602861505931,112.63253911190685,10,600.5542509297351,6.256014839414443,0.0,4.095319291808512,0.0,9.993680015517317
10.6,318,126.72116765641348,5.581755020158252,60.630226615055385,17.366317903279356,24.692201091960182,21.323240398237203,22.683883540186134,42.37734176837689,12.384338661040504,False,True,0.0,22.4705859187574,4.146987741310974,0,168.07489947643828,2565.1337473942976,0.0,16.903543601467202,7.091502737136153,16.630056464353952,15.371212012918853,25.91183479929626,27.524833975730147,11.699077080380055,7.799817529802877,21.218542983725715,11.575542996538402,110.9597273760333,10,600.8869379366447,11.2352929593787,0.0,4.146987741310974,0.0,8.60391149047928
10.633333333333333,319,124.12604257846421,5.586284226593651,60.09943890722664,17.33218701067055,24.534777045776753,21.089264417256047,23.235104156995423,40.36547507411984,13.449264534735702,False,True,0.0,35.02979298124366,4.169100924515868,0,111.92125830004889,908.2147862961533,0.0,16.93768704216651,7.204933460558796,16.73222256795839,15.348528046252271,25.758350148468516,27.706517198823754,11.71961893061075,7.819171690932867,20.695887164052305,11.92078072712704,109.16572906979138,9,601.2006593715515,17.51489649062183,0.0,4.169100924515868,0.0,4.702264175185204
10.666666666666666,320,121.73855440182466,5.556083528907174,59.405296586148516,17.350624915335512,24.666195574392187,21.52588003033783,23.396339439575804,39.061963435509945,14.680599392145178,False,True,0.0,45.901947792323796,4.157448535622412,0,125.04607102498552,800.7923906342991,0.0,17.00731845763215,7.189486751561182,16.77852464251806,15.464922549862777,25.359499520920703,27.89343063323897,11.891787997508537,7.742635169737483,20.254695219115206,12.012290490368866,107.52269907846572,9,601.6732442616079,22.950973896161898,0.2252551027377157,4.157448535622412,0.0,2.972144827188736
10.7,321,119.30915314722002,5.5351909333370415,58.837155574464916,17.41453318363587,24.900439403818037,22.038846080760173,23.8385649158274,37.63266269364639,16.091683925038183,False,True,0.0,37.83532776253828,4.036286770899014,0,120.20493063482041,720.7267795971329,0.0,17.059427420410657,7.19167067486153,16.834778432818805,15.500562308206858,24.874985189588205,27.937026727972363,12.087476624902203,7.537131830682251,20.577623742878366,12.015557186944708,105.95156446624591,9,602.2288460371378,18.91766388126914,1.1014159878748635,4.036286770899014,0.0,3.314276417703263
10.733333333333333,322,116.74044067877738,5.5183757263012945,58.316872328518826,17.47016890401444,24.973104097840906,22.335521412352033,23.683105549158665,36.02048307468519,17.853306355167742,True,True,0.0,32.98322237092318,3.887556362718523,0,87.10551620701321,325.53855088376804,0.0,17.088068281362055,7.19619407681248,16.826326528819642,15.637612476481355,24.480031849758905,28.015638296631025,12.274673092472439,7.245809326747881,21.043247489960937,12.352515749806294,104.74276030463878,9,602.9721528390354,16.49161118546159,1.6361473014897685,3.887556362718523,0.0,5.132959738122772
10.766666666666667,323,114.4162948694483,5.488663470565203,57.58859572737209,17.555694740019266,25.239547870504698,22.574419404282025,24.42011015824513,34.20516210703274,19.758499812458897,True,True,17.26293491281615,34.78855251551262,3.7346110702563733,0,90.86531193044993,454.74735561450507,0.0,17.132344498472758,7.054008045951515,16.737093231552343,15.919869454180734,24.237146941078336,28.199820281413007,12.44545189267432,7.02531449147833,20.787171850820023,12.839008930648871,103.1195298554855,9,603.8204487961177,26.025743714164385,1.888115811609584,3.7346110702563733,0.0,6.165095171913824
10.8,324,112.30104613899607,5.438925547474016,56.911172502569826,17.59541312986166,25.41533489863995,22.750207258331912,24.95499309853909,32.36992449685934,21.586214740829476,True,True,5.996072176340722,33.05517005945675,3.485582235530724,0,107.25914935513171,567.55222044518,0.0,17.180363775571923,6.9012182319861575,16.56211791591193,16.162166802124954,24.213356861847167,28.460743064898576,12.60101510638732,6.909411664129982,20.125542440859487,13.15392148964762,101.67590404788851,9,604.4093545670335,19.525621117898737,2.0175636163693595,3.485582235530724,0.0,6.191251636496117
10.833333333333334,325,110.46208372494537,5.428722453029467,56.21829303358839,17.60565128792835,25.46040518303425,22.50549372524446,25.39858806750013,30.625002492521148,23.312536446871256,True,False,2.252736428387469,0.0,3.074147138685651,0,104.22580623335604,532.6321197691793,0.0,17.225612090087843,6.718979730405819,16.375769466576724,16.53381172779462,24.29004060734329,28.83727623590559,12.66017657671259,6.9062206057298665,19.248836644363095,13.446424901868815,100.45460526869692,9,604.5844613020244,1.1263682141937346,2.0557182208967335,3.074147138685651,0.0,4.3990810515641625
10.866666666666667,326,108.81075438003289,5.480197049555446,55.321608538989445,17.66304302080307,25.519635412700403,22.253585489356915,25.962967541399284,29.046465605390093,24.815523014655312,True,False,8.026134402523551,0.0,2.4663005299520573,0,106.48508278683647,582.9508524767922,0.0,17.247020917047823,6.470179373128042,16.244458614287637,17.001782801051956,24.55748956475741,29.197580018900656,12.623771902983618,6.944848390444523,18.454436402345927,14.125535676296877,99.36773763374087,9,604.979900037438,4.013067201261776,2.028837331948862,2.4663005299520573,0.0,3.4705513515055295
10.9,327,107.16791159559074,5.520247723975514,54.79809984515033,17.668419575294276,25.310584992944552,22.05673176560184,26.122677948351946,27.424150754018882,25.63877950380554,True,False,7.9539577487921145,0.0,1.9756610592938266,0,116.41314997848784,548.0703489234556,0.0,17.258016956262757,6.254680535500746,16.09007290473947,17.352229503891927,25.002119731933064,29.506021499686053,12.558279257618118,7.00116762152902,17.644927179730118,15.11643846674467,98.53553293081654,9,605.3186347466086,3.9769788743960572,1.9756610592938266,1.6682453025122317,0.0,4.231215957187382
10.933333333333334,328,105.35479048323899,5.491325062431363,54.22275677963622,17.578960414626632,24.73320850998283,21.957374791061397,25.77635594426385,25.886548876644632,25.312554427961427,True,False,3.9775427598163513,0.0,2.020307380961237,0,112.78719761784242,698.722024452305,0.0,17.240349097820022,6.101442464254533,16.045630644980132,17.620729912547727,25.444094643373184,29.752865115728756,12.52904056540346,7.006200746383957,16.78136457415532,16.229854414821087,97.50079389727269,9,605.2992163961303,1.9887713799081757,2.020307380961237,0.8350795655055958,0.0,4.6871342274545835
10.966666666666667,329,103.39825343512554,5.333668676678494,53.84490075554333,17.36297659085431,23.8157116865636,21.87730059951155,25.18975098043797,24.485945223797415,23.709849942507454,True,True,6.375189655552729,0.0,2.1955682880276663,0,95.51737827964557,495.63794587965265,0.0,17.2000429835569,6.004863773019239,16.15468647308406,17.677600838767855,25.729619099048424,29.62722594750054,12.585497413883823,6.956514279309194,16.098487102580794,17.147264205809407,95.91985927666545,9,605.2497815542649,3.1875948277763646,2.1955682880276663,0.515377984768003,0.0,5.554268692338992
11.0,330,101.48346208111924,5.140697124170401,53.73785072560212,17.182407675230884,23.09268946691065,23.148164583233406,24.716058331936768,23.243206006995994,21.263328945476427,True,True,6.499423642987126,100.63904817087328,2.399573976674777,0,121.03804575339639,939.2367475750498,0.0,17.148686560187564,5.875413624726425,16.36987163252696,17.4990716489953,26.23490498670907,29.156263563586272,12.679404735948077,6.915364284803613,15.609291159344282,17.877085063993068,94.01057808942032,9,605.6901966731244,53.5692359069302,2.399573976674777,0.7157601881314878,0.0,4.352388907177023
11.033333333333333,331,99.65837756122393,5.031704716443064,53.768473026471035,16.946330288559334,22.147882239004684,23.579097546790255,23.911151026093016,22.106654692974427,18.994625690161037,True,True,3.708335485142774,115.61520690126699,2.548510502540102,0,47.605599445753796,258.94843357716854,0.0,17.0863995192413,5.736792441101245,16.6241307847632,17.276431445060872,26.76744483551322,28.70658798871054,12.693523754581673,6.945271398824253,15.250139331977792,18.516703872597233,91.6107267678469,9,605.7979992058013,59.661771193204885,2.548510502540102,1.1379115526355257,0.0,4.717321726549032
11.066666666666666,332,97.90516785475215,5.017400769474234,53.69276401365656,16.78344195644167,21.443862592652746,23.31386758023953,23.221008136898746,21.081875911909787,18.15869874156292,True,True,1.2351250025642144,124.806949286525,2.6233792173874897,0,78.28980793412599,487.25925858071696,0.0,17.030331235898128,5.617577378549371,16.702561209948207,17.096948320593786,27.255747773444288,28.53049981279258,12.633072116857338,6.995066462289714,14.992335004122081,19.12203966151861,88.77847512579994,9,606.4255742542207,63.021037144544614,2.6233792173874897,1.511900293827886,0.0,4.794238855326171
11.1,333,96.1980797731955,5.051471750277425,53.30982013280934,16.89144097601685,21.571919382827566,23.481776940356237,23.166033697466652,20.182363620624933,19.457503272862454,True,True,0.355256299115942,128.55031633887805,2.6276740058991663,0,92.17274673580023,797.6102856838269,0.0,16.979768875247913,5.533549548822054,16.84100869428956,17.142196022287813,27.799591452205956,28.738541045523323,12.51637765833314,7.067617474627063,14.789079093281973,19.67620724432361,85.75529687745558,9,606.6180129132522,64.45278631899698,2.6276740058991663,1.7241746389410668,0.0,4.008974143617923
11.133333333333333,334,94.37934963369543,5.0957472936218995,53.04647010197413,17.10723258740319,22.2067351808038,23.776090663637444,23.303810856085292,19.44951543878493,22.297523764707545,True,True,0.704367476782789,130.64796419556325,2.6103076607410998,0,133.35476938132865,1346.6577352768304,0.0,16.945369728073743,5.519501726754932,16.918406569478172,17.087145185033602,28.398157867694685,28.747829744282456,12.394653191369624,7.162729703840897,14.71490298140272,19.89285138990184,82.78651413531168,9,606.6535694468945,65.67616583617301,2.6103076607410998,1.7349010132076372,0.0,6.306923308662772
11.166666666666666,335,92.35028392660207,5.119086162485353,52.80118716330816,17.279282692721846,22.82660764850799,23.189033978579328,23.196488831075655,18.836854229292566,26.08405355508441,True,True,1.4338320992492242,129.43828402690974,2.5869647573530203,0,101.81143607763651,625.0736655453446,0.0,16.91748335174539,5.5352686681750285,17.047810496925212,17.0660386118551,28.55255534869628,28.71820962697712,12.29055915908422,7.280983918464698,14.786477800907353,19.687422813965313,79.80280155447144,9,606.9565338995673,65.4360580630795,2.5869647573530203,1.5062647710680732,0.0,6.526218688476051
11.2,336,90.09315113536574,5.095885991035287,52.55365083253767,17.583618153136896,23.983357188367073,23.67846777448718,23.535437881879343,18.453372797034845,30.26615030006692,True,False,1.4375587892647332,0.0,2.5939133887839487,0,140.4038819400713,1477.5345806625166,0.0,16.90030862506461,5.595864978865046,17.217903522667534,17.0151930175679,28.629537766547426,28.749024953973233,12.247342686697268,7.359480138790516,15.034035333186319,19.07215252022526,76.93818327716198,9,606.9636239608825,0.7187793946323666,2.5939133887839487,0.9376804698861926,0.0,5.253254761285666
11.233333333333333,337,87.71011343184114,5.07214644586107,52.08819111010865,17.895177440591493,25.10279682353429,23.8170818871616,23.826493485001677,18.387931998657862,34.37967992331603,True,False,0.9168008192284787,0.0,2.6296425921932114,1,175.51990321652377,2800.836246313856,0.0,16.898949412539544,5.690154135247749,17.375306427555444,16.966212020352955,28.768181042294245,28.918589983155012,12.259093157419155,7.415332499673742,15.384420441976046,18.34023519452128,74.30255756881452,9,607.5785231997565,0.45840040961423933,2.6296425921932114,0.12469635140639436,0.0005094823129507889,2.7022402971196673
11.266666666666667,338,85.11656514791622,5.187893078154282,52.04692260792592,18.238022677830237,26.36548166304219,24.845646097306346,24.30855328083055,18.660952063508496,37.64677521052337,True,False,1.59195683841067,0.0,2.6769614157368244,1,198.03434478155523,2299.6663655389552,0.0,16.882404667653734,5.794709362158071,17.50492548115803,16.942295753865835,29.12196572333759,29.06145356128474,12.172501844033134,7.569939910704125,15.920947474127345,17.13726973696215,72.0418825972393,10,606.4825908593359,0.795978419205335,2.6769614157368244,0.0,0.06559785813527366,4.670014153505471
11.3,339,82.41704827645393,5.210833877380406,52.47153881343605,18.32198755785744,26.885719543546195,24.577145946164745,24.56627317339514,19.102147928058084,39.297311126566804,True,True,1.0616873555676172,0.0,2.745745544167908,1,94.90863414359248,521.7129041866966,0.0,16.88377417840514,5.993691515925906,17.475592426566763,16.79153056143332,28.648791726517352,29.39454542485217,12.119136175141042,7.616173089612377,16.434157367212883,15.929542728009908,70.18601733605607,10,607.1381712676795,0.5308436777838086,2.745745544167908,0.0,0.06727599899614628,7.265804103177809
11.333333333333334,340,79.59070231019673,5.275083661471269,52.41812314998222,18.44022702281385,27.213912440765164,25.268653312729363,24.954351172084163,19.868807402226217,38.763837876020915,True,False,1.5561638299936422,0.0,2.8123956941541346,1,116.25003837764451,1221.4623239972632,0.0,16.88587612672044,6.068114045437245,17.454907359637403,16.890754236703827,28.647699114339787,29.839644048471126,12.035357026187292,7.630017344705668,16.95720467872981,15.338181598214462,68.8027727688465,10,607.3496836154046,0.7780819149968211,2.8123956941541346,0.0,0.06340665724602215,7.616778791376159
11.366666666666667,341,76.51522378624627,5.311599937155087,51.83030801870018,18.4701557047872,27.09530872910049,25.693553122841262,25.13380091012496,21.009042467430987,36.54483841600476,True,False,5.070992581255073,0.0,2.813413290640707,1,116.25003837764505,1221.4623239972595,0.0,16.88649760202833,6.171290765876352,17.465732032872513,16.982025661956,28.761170821166026,30.268998076539333,11.92637347488942,7.640321365623475,17.444387626860767,15.124303227593794,67.80846415536111,10,607.8106518052193,2.5354962906275365,2.813413290640707,0.5686530960557555,0.06132061563259017,7.432478546965806
11.4,342,73.22436506989165,5.345922894213773,51.679595509651215,18.48550006038963,27.122643758357757,26.152807688717743,24.87890146569104,22.566648068353746,34.89221781066848,True,False,13.091406944188478,0.0,2.7133287248738958,1,116.25003837764505,1221.4623239972595,0.0,16.893707695750564,6.451474922848009,17.58548617798287,16.86973433086565,28.823443040133924,30.25575285578277,11.768081216066863,7.7684612010748495,17.854160621939403,14.521623809968535,66.59954750060132,10,608.3791229738547,6.545703472094239,2.7133287248738958,1.5480897004054968,0.05861865749246928,7.673603055566739
11.433333333333334,343,69.92391857555067,5.41853065237955,51.52593765990224,18.55898722643954,27.328192073448715,27.234536035529455,24.609989174391067,24.44208966852338,33.02615341535096,True,False,21.01934154092421,0.0,2.6411044573840106,1,116.25003837764505,1221.4623239972595,0.0,16.894038185137738,6.9108750702524455,17.91460304628313,16.600529836451145,28.936886396649232,29.83864994723591,11.499276039804478,8.04011422194498,18.324325291291032,14.112742067748124,65.1687999036852,10,608.0718151462287,10.509670770462105,2.5267089052581415,2.6411044573840106,0.056257153991653555,9.94121345325377
11.466666666666667,344,66.50205797124748,5.428889671152293,50.630217536728296,18.78664695257971,27.831208462191892,28.86893692986117,24.77185950095416,26.69224665382887,30.991790764123383,True,True,32.30719391079048,0.0,3.224973764231049,1,116.25003837764505,1221.4623239972595,0.0,16.868135653638998,7.4720819978865896,18.406426015514324,16.409397198937835,29.046979979785647,29.52301709662252,11.186054939790866,8.331646488126808,19.003547088078218,14.227583981546266,63.887201128249785,10,607.6377070350779,16.15359695539524,2.2870283292678573,3.224973764231049,0.0639667205580164,13.51738021733452
