Episode_Termination/time_out,Episode_Termination/anchor_ori,Metrics/motion/error_anchor_pos,Policy/mean_std,Loss/learning_rate,Metrics/motion/error_body_rot,Episode_Reward/motion_body_ang_vel,Metrics/motion/error_anchor_ang_vel,Episode_Termination/anchor_pos,Metrics/motion/error_body_lin_vel,Episode_Reward/action_rate_l2,Episode_Reward/motion_body_ori,Loss/value,Episode_Termination/ee_body_pos,Metrics/motion/error_anchor_rot,Loss/entropy,Metrics/motion/error_body_pos,Metrics/motion/error_body_ang_vel,Episode_Reward/motion_body_pos,Episode_Reward/motion_body_lin_vel,Metrics/motion/sampling_top1_prob,Train/mean_reward,Metrics/motion/error_anchor_lin_vel,Episode_Reward/motion_global_root_ori,_step,Train/mean_episode_length,Metrics/motion/sampling_entropy,Episode_Reward/motion_global_root_pos,Episode_Reward/self_collisions,Loss/surrogate,Metrics/motion/error_joint_pos,Episode_Reward/joint_limit,Perf/learning_time,_timestamp,Perf/collection_time,_runtime,Metrics/motion/sampling_top1_bin,video,Metrics/motion/error_joint_vel,Perf/total_fps
8.041666984558105,0.125,0.11787425726652145,0.4152347445487976,1e-05,0.3249225616455078,0.0002359408827032894,2.2631654739379883,0.625,0.844672679901123,-0.03535410761833191,0.004131489433348179,0.1364692110568285,1.875,0.25087690353393555,15.229057264328002,1.982445240020752,3.7746167182922363,0.01675092801451683,0.0032034306786954403,0.15218868851661682,-0.10922243593260646,0.6648927927017212,0.005188915878534317,999,20.1,0.9879550337791443,0.007633750792592764,-0.0044392975978553295,0.04664460408966988,1.0562212467193604,-0.005888146813958883,0.5213000774383545,1784479555.4175951,4.078354358673096,10.158978652,0.3888889253139496,,14.653522491455078,21372
8.416666984558105,0.0416666679084301,0.22639593482017517,0.4151354730129242,5.062500000000001e-05,0.28964224457740784,0.0012479611905291677,1.9617319107055664,0.3333333432674408,0.762299656867981,-0.08371341228485107,0.012334519997239113,0.08278264440596103,1.1666667461395264,0.21758511662483215,15.231019639968872,0.08700146526098251,3.2520549297332764,0.04918833076953888,0.014199985191226006,0.19610828161239624,0.3697173555754125,0.6373056769371033,0.01736815832555294,1000,42.63,0.9557635188102722,0.016508670523762703,-0.005709623917937279,-0.004547073614958208,1.0049638748168945,-0.004864973481744528,0.30153965950012207,1784479557.859041,2.045403242111206,15.030112894,0.6990741491317749,,12.930697441101074,41885
8.208333969116211,0.0,0.31618303060531616,0.41441258788108826,0.00017085937500000006,0.27865803241729736,0.002469522412866354,1.7684849500656128,0.375,0.6894288063049316,-0.1298183649778366,0.02191663533449173,0.10311163738369941,0.875,0.20310673117637634,15.194434022903442,0.0848889946937561,2.9591586589813232,0.08013571053743362,0.028184061869978905,0.19589924812316895,0.399657927621156,0.5951184630393982,0.029919028282165527,1001,64.37,0.9534482955932617,0.0200758408755064,-0.004007244948297739,-0.008239987684646621,0.9102331399917603,-0.006085525266826153,0.31018519401550293,1784479562.7415416,2.4276700019836426,17.473513232,0.7546296119689941,,11.915884017944336,35905
7.625,0.0,0.363697350025177,0.41370296478271484,0.0002562890625000001,0.2497948259115219,0.004358386155217886,1.7147490978240967,0.0416666679084301,0.683627724647522,-0.17428629100322723,0.034473542124032974,0.08146672919392586,0.7916666865348816,0.16631433367729187,15.142782306671142,0.07806558907032013,3.0525426864624023,0.11837305873632431,0.046348415315151215,0.19759297370910645,0.9907648792862892,0.5732649564743042,0.04711811989545822,1002,88.49,0.9493919610977173,0.02376905456185341,-0.008203793317079544,-0.009839068527799099,0.8806657791137695,-0.005913532804697752,0.31818580627441406,1784479565.1918838,2.016637086868286,20.032335969,0.7592593431472778,,12.109535217285156,42103
8.041666984558105,0.0,0.4168282151222229,0.4132749140262604,0.0002562890625000001,0.24126872420310974,0.006040253676474094,1.724562406539917,0.2916666865348816,0.6260395050048828,-0.22313866019248962,0.0465952605009079,0.061532941088080405,0.625,0.1616039127111435,15.10561466217041,0.07385838031768799,2.8845133781433105,0.15310093760490417,0.06316808611154556,0.21358804404735565,1.3549296534620225,0.5373088717460632,0.06035172939300537,1003,112.27,0.93950355052948,0.026965443044900894,-0.005129195284098387,-0.006588057389308233,0.8408389091491699,-0.006399897392839193,0.31086134910583496,1784479567.7421615,2.133089065551758,22.404206133,0.7777778506278992,,11.921358108520508,40223
8.666666984558105,0.0,0.48934707045555115,0.4127660393714905,0.00017085937500000009,0.2660887837409973,0.007374330423772335,1.8083900213241577,0.5,0.724089503288269,-0.26576584577560425,0.055478524416685104,0.04972402900457382,0.9166666865348816,0.18995317816734314,15.071080636978149,0.08073590695858002,3.0488317012786865,0.1820862740278244,0.07641701400279999,0.21994799375534058,1.3326269805245101,0.6402841210365295,0.07064976543188095,1004,132.61,0.9364701509475708,0.026319697499275208,-0.006654408760368824,-0.008069574006367475,0.9010724425315857,-0.00813362281769514,0.28708958625793457,1784479570.102676,1.9786887168884277,24.908807963,0.7777778506278992,,12.308935165405273,43386
8.041666984558105,0.0416666679084301,0.49139174818992615,0.4120829701423645,0.00017085937500000009,0.2682724595069885,0.008793909102678299,1.8583769798278809,0.0833333358168602,0.722403883934021,-0.3044006824493408,0.06458523869514465,0.05111283641308546,1.0833333730697632,0.1984100192785263,15.027605390548706,0.08283495157957077,3.158342123031616,0.21074697375297546,0.09084930270910263,0.2119172066450119,1.6401289154589176,0.580721914768219,0.08337575197219849,1005,154.54,0.9355770945549011,0.029782023280858994,-0.006714362185448408,-0.009827836963813752,0.9352824091911316,-0.008458320051431656,0.31534457206726074,1784479572.6205845,2.094672918319702,27.456712386,0.7546296119689941,,12.49563217163086,40789
8.625,0.0,0.5443571209907532,0.41154590249061584,0.0002562890625000001,0.26340386271476746,0.010017979890108109,1.964900255203247,0.4166666865348816,0.7466835379600525,-0.3559745252132416,0.07634591311216354,0.05095528755337,1.125,0.1861080825328827,14.9826171875,0.0823306143283844,3.1980395317077637,0.2463514804840088,0.10390253365039825,0.21854722499847412,2.01065903827548,0.6289640665054321,0.09908616542816162,1006,178.35,0.9277688264846802,0.03266633301973343,-0.008432852104306221,-0.00953873535618186,0.9212768077850342,-0.01032189279794693,0.31278109550476074,1784479575.1748085,2.1240196228027344,29.974980948,0.6712963581085205,,12.51725959777832,40341
7.1666669845581055,0.0,0.5137621760368347,0.4109497368335724,0.00011390625000000006,0.274580180644989,0.01119746919721365,1.9106944799423218,0.3333333432674408,0.7382003664970398,-0.3989923894405365,0.0880270004272461,0.04115813039243221,0.9583333730697632,0.20015357434749603,14.946423435211182,0.08453407883644104,3.131354331970215,0.2770764231681824,0.11822587251663208,0.22488945722579956,2.4197924126125874,0.6519335508346558,0.1111302375793457,1007,197.59,0.9195337295532227,0.03738204017281532,-0.011158759705722332,-0.008544440722835134,0.9198452830314636,-0.010889681056141853,0.3023703098297119,1784479577.678519,2.1021721363067627,32.375300841,0.6759259700775146,,12.595945358276367,40882
7.75,0.0416666679084301,0.6468316316604614,0.41034355759620667,0.00017085937500000009,0.24261054396629333,0.013856219127774239,1.731241226196289,0.2083333432674408,0.674748420715332,-0.45631158351898193,0.10403621196746826,0.03708353266119957,0.875,0.16871720552444458,14.902122735977173,0.0781642273068428,2.917935848236084,0.3211159110069275,0.13975663483142853,0.23736682534217834,2.799858394563198,0.584023118019104,0.13009749352931976,1008,230.65,0.911649227142334,0.036564625799655914,-0.010099356062710285,-0.009744659427087753,0.8438305854797363,-0.010727055370807648,0.2909557819366455,1784479580.0762005,2.010284662246704,34.959542307,0.7592592239379883,,11.979342460632324,42717
6.958333492279053,0.0416666679084301,0.611465334892273,0.40954405069351196,0.0002562890625000001,0.2633390426635742,0.014471403323113918,1.8134135007858276,0.25,0.6935977339744568,-0.4930405616760254,0.11206015199422836,0.0355003404431045,1.2916667461395264,0.19571885466575623,14.84759726524353,0.0845157727599144,3.110624313354492,0.3436141014099121,0.14850516617298126,0.25237417221069336,3.00358165550977,0.5857357382774353,0.13985130190849304,1009,245.85,0.9030179381370544,0.04068932682275772,-0.00943527091294527,-0.009494962700409814,0.8922731876373291,-0.012301354669034481,0.2994692325592041,1784479582.6675959,2.189082622528076,37.366869513,0.7777778506278992,,12.606745719909668,39502
7.458333492279053,0.0,0.5732461214065552,0.40875348448753357,0.00017085937500000009,0.22882592678070068,0.01742153987288475,1.742873191833496,0.1666666716337204,0.5838285684585571,-0.5427761077880859,0.13236656785011292,0.040489756315946576,0.5416666865348816,0.1599770486354828,14.792064905166626,0.07094653695821762,2.7645511627197266,0.39052343368530273,0.17768089473247528,0.2526516914367676,3.687155377864838,0.49428534507751465,0.16226163506507874,1010,271.25,0.9001312255859375,0.048219017684459686,-0.011135156266391277,-0.00899860047866241,0.8099505305290222,-0.01203105878084898,0.29500603675842285,1784479585.0731049,2.0087759494781494,39.857712053,0.7777778506278992,,11.292686462402344,42670
7.9166669845581055,0.0,0.5475865006446838,0.4080030918121338,0.00017085937500000009,0.2704782485961914,0.018066419288516045,1.8966020345687866,0.25,0.7388104200363159,-0.5891992449760437,0.1397484391927719,0.037802562676370145,0.9166666865348816,0.20619308948516846,14.738333129882813,0.08526848256587982,3.248035430908203,0.41782647371292114,0.1861046552658081,0.2597360610961914,3.6785499554872514,0.6254774332046509,0.16992053389549255,1011,297.89,0.89671790599823,0.051256559789180756,-0.01134692132472992,-0.010091790626756848,0.9160350561141968,-0.01620025373995304,0.30436253547668457,1784479587.5694544,2.0846102237701416,42.25352221,0.7777778506278992,,12.901479721069336,41149
6.833333492279053,0.0,0.5511929392814636,0.40732574462890625,0.00017085937500000009,0.27811598777770996,0.019037656486034393,1.8773219585418701,0.25,0.7540624141693115,-0.6240514516830444,0.1479608565568924,0.04091386515647173,1.2083333730697632,0.2012978196144104,14.691556406021117,0.08670148253440857,3.162353277206421,0.4382944107055664,0.19354650378227234,0.2644454836845398,4.070027507096529,0.6460229158401489,0.17823994159698486,1012,314.62,0.8928526639938354,0.05085272341966629,-0.011006432585418224,-0.010019927471876144,0.9055279493331909,-0.015918992459774017,0.29575061798095703,1784479589.9533622,1.990997314453125,44.863830989,0.7777778506278992,,12.435343742370605,42988
7.5,0.0,0.5495963096618652,0.4062883257865906,0.00017085937500000009,0.26325803995132446,0.021023113280534744,1.8060574531555176,0.375,0.6699206829071045,-0.6697220802307129,0.16051410138607025,0.030540477577596904,1.0833333730697632,0.19915227591991425,14.62385516166687,0.0831952914595604,3.0579662322998047,0.4743027687072754,0.2109747976064682,0.26555129885673523,4.2358980290964245,0.5684818029403687,0.19435358047485352,1013,335.59,0.8919138312339783,0.052177250385284424,-0.013530885800719261,-0.010255582892568782,0.8766293525695801,-0.01582985371351242,0.3102540969848633,1784479592.577424,2.2021710872650146,47.23581852,0.7777778506278992,,12.54336929321289,39127
7.5416669845581055,0.0,0.49569374322891235,0.4057055115699768,0.00011390625000000006,0.27897772192955017,0.022443942725658417,1.8840596675872803,0.4583333432674408,0.7166768908500671,-0.6950976252555847,0.17139604687690735,0.03399200905114412,0.75,0.20783719420433044,14.57388162612915,0.08756106346845627,3.0962963104248047,0.50298672914505,0.2239123433828354,0.27484193444252014,4.66303922265768,0.6308082938194275,0.20706436038017273,1014,345.81,0.8876410722732544,0.05701717361807823,-0.008636368438601494,-0.00961523603182286,0.8925110697746277,-0.01420629397034645,0.2846531867980957,1784479594.9413874,1.975022554397583,49.791306471,0.7777778506278992,,12.447473526000977,43503
7.625,0.0416666679084301,0.4476306438446045,0.40477898716926575,0.00017085937500000009,0.2749253511428833,0.023840811103582382,1.8317878246307373,0.4583333432674408,0.7186141014099121,-0.7318425178527832,0.17970947921276093,0.03405875684693456,1.25,0.20726335048675537,14.50807557106018,0.08846551179885864,3.187424421310425,0.528582751750946,0.2368144690990448,0.28594961762428284,5.02190710991621,0.606847882270813,0.21717610955238342,1015,368.52,0.8830703496932983,0.06039432808756828,-0.014500814490020275,-0.009680414281319827,0.9199053049087524,-0.015941647812724113,0.30448055267333984,1784479597.4940221,2.1494598388671875,52.206478664,0.7777778506278992,,12.579511642456055,40059
7.0,0.0,0.4459378719329834,0.4041444659233093,0.00017085937500000009,0.2963997721672058,0.022663969546556473,2.0519890785217285,0.5,0.8394128084182739,-0.7472288012504578,0.17837409675121307,0.034765295684337616,1.4166667461395264,0.23163001239299774,14.461240291595459,0.09401841461658478,3.3765406608581543,0.5303102135658264,0.23150722682476044,0.29707545042037964,4.4197965663671495,0.6959368586540222,0.2169567197561264,1016,361.21,0.8739628791809082,0.057888977229595184,-0.018312975764274597,-0.010248617886099964,0.9929065704345703,-0.020011456683278084,0.28851318359375,1784479599.9032605,2.0291531085968018,54.578787785,0.7777778506278992,,13.345122337341309,42415
8.333333969116211,0.0416666679084301,0.46359002590179443,0.40333566069602966,0.00017085937500000009,0.277709424495697,0.02648773044347763,1.842726230621338,0.5,0.6889718770980835,-0.8292495608329773,0.20473454892635345,0.033326512202620506,1.1666667461395264,0.2075740545988083,14.400773859024047,0.08641114085912704,3.1247336864471436,0.5943222045898438,0.26689475774765015,0.2977779805660248,5.506721361279488,0.5971382260322571,0.24536952376365662,1017,417.78,0.8718177676200867,0.06441100686788559,-0.017476363107562065,-0.010714947020460386,0.886411190032959,-0.019740132614970207,0.2884509563446045,1784479602.2852292,1.9937660694122314,56.992120883,0.7777778506278992,,12.337869644165039,43073
7.0,0.0416666679084301,0.4458605945110321,0.40286746621131897,0.00017085937500000009,0.3044552803039551,0.02712303400039673,2.0963826179504395,0.6666666865348816,0.855838418006897,-0.8400539755821228,0.20910970866680145,0.030856617074459792,1.2083333730697632,0.23768869042396545,14.358477544784545,0.0980938971042633,3.608482837677002,0.6041920185089111,0.2695883810520172,0.30190178751945496,5.18942255243659,0.7530472278594971,0.24879316985607147,1018,414.67,0.8702672719955444,0.06598538160324097,-0.016897518187761307,-0.010192647093208506,0.993773341178894,-0.021122150123119354,0.28592348098754883,1784479604.6934373,2.024812936782837,60.131601045,0.7777778506278992,,14.343356132507324,42542
6.2916669845581055,0.0833333358168602,0.3822873830795288,0.40200304985046387,0.00017085937500000009,0.28680121898651123,0.02912408486008644,2.0664620399475098,0.4166666865348816,0.7559256553649902,-0.8858069181442261,0.21958230435848236,0.0324467702768743,1.3333333730697632,0.22557121515274048,14.309813451766967,0.08925583213567734,3.4785850048065186,0.6391507387161255,0.28621572256088257,0.30631446838378906,6.040643413960933,0.6028770804405212,0.2644244432449341,1019,455.48,0.8634576797485352,0.0698518455028534,-0.02063232846558094,-0.010855606908444315,1.0090138912200928,-0.021080531179904938,0.3068697452545166,1784479607.9463923,2.735072374343872,62.700678697,0.7777778506278992,"{'sha256': '07567d53d6baa7b2ad9849d3aa8b3dc35118493fbb3830f3c9f2dc4a31d77d06', 'path': 'media/videos/video_1019_07567d53d6baa7b2ad98.mp4', 'size': 1924816.0, '_type': 'video-file'}",13.75732707977295,32316
9.291666984558105,0.0,0.49662917852401733,0.40104106068611145,0.00017085937500000009,0.28427034616470337,0.0293392576277256,2.048492908477783,0.5416666865348816,0.7641558647155762,-0.8937789797782898,0.22397500276565552,0.030070253182202578,1.4166667461395264,0.2158714234828949,14.24128441810608,0.08893494307994843,3.333547353744507,0.6446290016174316,0.28776615858078003,0.3057037591934204,6.484203321635723,0.6472711563110352,0.2681193947792053,1020,462.84,0.8580247163772583,0.07280516624450684,-0.01598748192191124,-0.010800191139423987,0.9678581953048706,-0.02139621041715145,0.296217679977417,1784479610.4024172,2.0703911781311035,65.156465801,0.7777778506278992,,13.365665435791016,41537
7.958333492279053,0.0,0.4244012236595154,0.40047696232795715,0.00017085937500000009,0.28312987089157104,0.029761798679828644,1.9588041305541992,0.4166666865348816,0.7217334508895874,-0.8960061073303223,0.2261078804731369,0.034788493812084195,1.2083333730697632,0.2129756510257721,14.18637981414795,0.08812662214040756,3.181807041168213,0.6478720903396606,0.2915990352630615,0.30438247323036194,6.221220789253712,0.6217890977859497,0.26738715171813965,1021,458.18,0.8551585078239441,0.06989580392837524,-0.01723601296544075,-0.011308997287414968,0.9079098701477051,-0.022350579500198364,0.3136425018310547,1784479612.8679132,2.0460798740386963,67.760018934,0.7777778506278992,,12.538930892944336,41659
7.875,0.0416666679084301,0.43852758407592773,0.39986515045166016,0.00017085937500000009,0.30410322546958923,0.03011384606361389,2.1396732330322266,0.5416666865348816,0.8361433744430542,-0.8896104097366333,0.23109981417655945,0.031046302802860738,1.6666667461395264,0.2230805605649948,14.151495838165284,0.09938319772481918,3.3383595943450928,0.6459957361221313,0.29441362619400024,0.30867424607276917,6.213805332183838,0.7286231517791748,0.26879677176475525,1022,449.5,0.8518581390380859,0.07761537283658981,-0.018584925681352615,-0.010203708650078625,0.9714173078536987,-0.02094593644142151,0.3064262866973877,1784479615.467232,2.1878714561462402,70.163871709,0.7777778506278992,,13.23914909362793,39411
7.833333492279053,0.0,0.43860751390457153,0.3992418348789215,0.00011390625000000006,0.2762235403060913,0.031459957361221313,1.7891987562179565,0.4166666865348816,0.8052849769592285,-0.9191977977752686,0.2374761551618576,0.030519034527242184,1.125,0.19772669672966003,14.105971813201904,0.08527106046676636,3.2972660064697266,0.6696606874465942,0.30219078063964844,0.3103213310241699,6.475248692929744,0.6874820590019226,0.2795060873031616,1023,451.11,0.8494541049003601,0.07537215948104858,-0.019512943923473358,-0.00939966663136147,0.9551342725753784,-0.021092068403959274,0.2870209217071533,1784479617.868079,2.014829635620117,72.760585596,0.7777778506278992,,13.02046012878418,42706
6.958333492279053,0.0416666679084301,0.46166321635246277,0.3982459306716919,0.00017085937500000009,0.3184138834476471,0.03011835180222988,2.028385639190674,0.7083333730697632,0.8442789912223816,-0.8823272585868835,0.2307758331298828,0.029040112160146236,1.5416667461395264,0.25441205501556396,14.039467906951904,0.10189186036586761,3.4578137397766113,0.640028178691864,0.29135918617248535,0.3091393709182739,6.308137376606465,0.7483595609664917,0.27081215381622314,1024,443.74,0.8505163192749023,0.0755644142627716,-0.016532432287931442,-0.01007475503720343,1.0210747718811035,-0.020654667168855667,0.2991464138031006,1784479620.4665828,2.1967949867248535,75.358070868,0.7777778506278992,,13.402872085571289,39385
8.333333969116211,0.0,0.4869045615196228,0.39779627323150635,0.00017085937500000009,0.2794816493988037,0.03216274827718735,1.8413844108581543,0.5416666865348816,0.7583411931991577,-0.8970960974693298,0.24236342310905457,0.02629011860117316,1.2916667461395264,0.21696242690086365,13.996550464630127,0.09243427217006683,3.1283392906188965,0.6621471643447876,0.30510175228118896,0.30674517154693604,6.596645036041736,0.6574151515960693,0.28014418482780457,1025,449.18,0.8503326177597046,0.0745895653963089,-0.01640946976840496,-0.010744832176715135,0.8890422582626343,-0.02060399018228054,0.3106529712677002,1784479623.066667,2.1870453357696533,77.822861849,0.7777778506278992,,12.31213665008545,39357
7.6666669845581055,0.0833333358168602,0.4425450265407562,0.3970700800418854,0.00017085937500000009,0.2572344243526459,0.03219345957040787,1.8025200366973877,0.4583333432674408,0.6813156008720398,-0.895249605178833,0.24173963069915771,0.027958569303154945,0.8333333730697632,0.19782720506191254,13.954493856430053,0.08185063302516937,3.0776710510253906,0.6631232500076294,0.3072803020477295,0.30775654315948486,6.440270226895809,0.5899688005447388,0.2796685993671417,1026,439.93,0.8481975793838501,0.07683059573173523,-0.022525709122419357,-0.009570533444639295,0.8535089492797852,-0.0190664641559124,0.2876243591308594,1784479625.528905,2.070345163345337,80.174076875,0.7777778506278992,,12.15957260131836,41690
8.166666984558105,0.0,0.4571666121482849,0.39619576930999756,0.00017085937500000009,0.2623606324195862,0.03262029588222504,1.7804951667785645,0.4166666865348816,0.7308192253112793,-0.8956045508384705,0.24330346286296844,0.028629478346556426,1.375,0.19555209577083588,13.891847610473633,0.0843433067202568,3.1435585021972656,0.6621037721633911,0.304047167301178,0.3114570379257202,6.2765992616117,0.619098424911499,0.28051668405532837,1027,439.17,0.8459234237670898,0.07295095920562744,-0.018240459263324738,-0.010491674290096852,0.8818076848983765,-0.019310446456074715,0.2933170795440674,1784479627.879439,1.9571967124938965,82.750028817,0.7777778506278992,,12.525650024414062,43680
7.125,0.0,0.43528982996940613,0.3952850103378296,0.00017085937500000009,0.2534283995628357,0.0340191125869751,1.818552017211914,0.5,0.6680247187614441,-0.9082759618759155,0.2516268491744995,0.02887670071795583,0.875,0.17737972736358643,13.82785496711731,0.0815565288066864,3.02183198928833,0.6761075258255005,0.3161255717277527,0.3173571527004242,7.292163963913918,0.5789911150932312,0.2881409823894501,1028,470.69,0.8414608836174011,0.08202845603227615,-0.01933579333126545,-0.011242443122318946,0.8842916488647461,-0.01910148188471794,0.3089101314544678,1784479630.4721818,2.166435480117798,85.171150492,0.7777778506278992,,11.964223861694336,39713
7.583333492279053,0.0,0.4982703626155853,0.3943115770816803,0.00017085937500000009,0.2525068521499634,0.03444739058613777,1.8064360618591309,0.375,0.7154666781425476,-0.8965619802474976,0.25363263487815857,0.027456302382051944,1.0,0.18899933993816376,13.762076044082642,0.0824139416217804,3.0295424461364746,0.679908275604248,0.3195727467536926,0.3184342384338379,7.050329670459032,0.6354576349258423,0.2909478545188904,1029,451.53,0.8399278521537781,0.076869897544384,-0.016777783632278442,-0.010953528192476369,0.8711385726928711,-0.01655094139277935,0.2912616729736328,1784479632.882572,2.0135529041290283,87.757587978,0.7777778506278992,,12.0581693649292,42651
7.2916669845581055,0.0,0.46916359663009644,0.39320236444473267,0.00017085937500000009,0.2646099030971527,0.0327872559428215,1.9012460708618164,0.375,0.694674015045166,-0.8861886858940125,0.24866686761379242,0.026792342867702247,1.2916667461395264,0.2018800973892212,13.682459449768066,0.08531469106674194,3.18379282951355,0.6615016460418701,0.30829328298568726,0.3227861821651459,6.662875294834375,0.5794064998626709,0.2816811203956604,1030,439.04,0.83786940574646,0.07582743465900421,-0.019363833591341972,-0.011758434644434601,0.8764065504074097,-0.019291846081614494,0.3118858337402344,1784479635.4738784,2.1654434204101562,90.18452181,0.7777778506278992,,12.446368217468262,39681
7.375,0.0,0.49898561835289,0.39232656359672546,0.00017085937500000009,0.2653692364692688,0.03424321487545967,1.9585540294647217,0.375,0.7462984919548035,-0.8884559869766235,0.2552458941936493,0.026835340168327095,1.0833333730697632,0.19455969333648682,13.60613694190979,0.08451055735349655,3.1780357360839844,0.6711677312850952,0.3152206838130951,0.3258477449417114,7.41108107753098,0.6260339617729187,0.286867618560791,1031,465.34,0.8345184326171875,0.07462222874164581,-0.02327040210366249,-0.010862087307032198,0.918745756149292,-0.020400039851665497,0.300398588180542,1784479637.8981748,2.012174367904663,92.5840506,0.7777778506278992,,12.529319763183594,42508
7.4166669845581055,0.0,0.4762438237667084,0.391135036945343,0.00011390625000000006,0.2774909436702728,0.03399724140763283,1.9376533031463623,0.4583333432674408,0.772951602935791,-0.880207896232605,0.2586439847946167,0.026702361181378365,1.1666667461395264,0.2092914581298828,13.526156806945801,0.09221373498439789,3.2269625663757324,0.6703624129295349,0.3136387765407562,0.32835111021995544,7.038822337538004,0.6587828397750854,0.2886395752429962,1032,443.13,0.8316500186920166,0.08191464841365814,-0.02287205308675766,-0.011085032396658789,0.9020182490348816,-0.01839425228536129,0.29528307914733887,1784479640.2903006,1.9952309131622314,95.140272744,0.7777778506278992,,12.764612197875977,42917
6.7916669845581055,0.0,0.447104275226593,0.39036357402801514,0.00017085937500000009,0.2603968381881714,0.0349319688975811,2.0216617584228516,0.4583333432674408,0.7264441251754761,-0.8783353567123413,0.25975316762924194,0.02772198459133506,0.8333333730697632,0.18039974570274353,13.457730579376221,0.08340831845998764,3.2083985805511475,0.6729401350021362,0.3183135390281677,0.32911789417266846,7.415359290465712,0.629731297492981,0.2913952171802521,1033,456.5,0.8298805952072144,0.08116214722394943,-0.0198407880961895,-0.009425580751849339,0.867992639541626,-0.01831822656095028,0.30475425720214844,1784479642.8521147,2.1502954959869385,97.616430723,0.7777778506278992,,12.933103561401367,40041
7.125,0.0416666679084301,0.4828593134880066,0.3896409869194031,0.00017085937500000009,0.2575633227825165,0.03549263998866081,1.6963996887207031,0.4583333432674408,0.6833339929580688,-0.8881580829620361,0.26458871364593506,0.028591466695070268,0.625,0.18234238028526306,13.401971626281739,0.08026430010795593,3.0519332885742188,0.678802490234375,0.324489563703537,0.32976794242858887,7.52984756976366,0.5869226455688477,0.2918737530708313,1034,457.92,0.8286866545677185,0.08470259606838226,-0.021532317623496056,-0.010665616049664095,0.8670358061790466,-0.019589029252529144,0.28917431831359863,1784479645.3249714,2.078845262527466,100.181350849,0.7777778506278992,,12.319476127624512,41513
7.583333492279053,0.0,0.4444297254085541,0.38915103673934937,0.00011390625000000006,0.26716697216033936,0.035758163779973984,1.6651256084442139,0.5,0.7224375009536743,-0.8545038104057312,0.26103076338768005,0.029991627391427755,1.25,0.1955074965953827,13.35924801826477,0.08838005363941193,3.0453498363494873,0.6621772050857544,0.3179338276386261,0.3324432075023651,7.615106695592403,0.6351871490478516,0.2861931622028351,1035,453.45,0.828144907951355,0.08373427391052246,-0.019677450880408287,-0.010648879507789389,0.8794519305229187,-0.017729712650179863,0.3002588748931885,1784479647.8924546,2.1607015132904053,102.962464621,0.7777778506278992,,12.249064445495605,39945
7.1666669845581055,0.0,0.3940967917442322,0.3882388472557068,0.00017085937500000009,0.26532435417175293,0.03654640167951584,1.8925321102142334,0.5416666865348816,0.7126866579055786,-0.8731440305709839,0.2674655616283417,0.030336229596287012,1.1666667461395264,0.19078442454338074,13.30590295791626,0.08616453409194946,3.0642411708831787,0.6779329776763916,0.32527968287467957,0.3355891704559326,7.721483387351036,0.6088870167732239,0.296730637550354,1036,462.84,0.8257333636283875,0.07917022705078125,-0.020341455936431885,-0.009942923486232758,0.8975156545639038,-0.017952658236026764,0.3436295986175537,1784479650.6769435,2.3284027576446533,105.649125437,0.7777778506278992,,11.95993709564209,36789
7.333333492279053,0.0,0.46347904205322266,0.3875756859779358,0.00011390625000000006,0.2828502655029297,0.03439563512802124,2.033198833465576,0.625,0.8046048879623413,-0.8480496406555176,0.25809404253959656,0.02812943495810032,1.1666667461395264,0.20590421557426453,13.242249727249146,0.09311240166425705,3.2951571941375732,0.6519724726676941,0.30873674154281616,0.33460935950279236,7.34089784681797,0.689110279083252,0.2838621437549591,1037,444.66,0.8240785598754883,0.07430009543895721,-0.02377162128686905,-0.00882074778783135,0.9504082202911377,-0.018865862861275673,0.3342106342315674,1784479653.3821802,2.2382395267486572,108.538625144,0.7777778506278992,,13.048179626464844,38214
8.375,0.0,0.4307418465614319,0.3866897225379944,0.00011390625000000006,0.26283642649650574,0.034569546580314636,1.8543062210083008,0.5416666865348816,0.704734742641449,-0.8371354937553406,0.25733324885368347,0.029909929260611534,1.375,0.1913066804409027,13.186901235580445,0.08668340742588043,3.1231837272644043,0.6525332927703857,0.3098600506782532,0.33402693271636963,7.082136299610138,0.5957337021827698,0.2839835584163666,1038,420.27,0.8236716985702515,0.08009319007396698,-0.02015768177807331,-0.00980418547114823,0.8577674627304077,-0.016332590952515602,0.34218335151672363,1784479656.2653735,2.412505865097046,111.130778016,0.7777778506278992,,12.208959579467773,35686
6.5,0.0,0.5041553378105164,0.38589391112327576,0.00011390625000000006,0.28923299908638,0.034899111837148666,1.9456175565719604,0.5,0.775516152381897,-0.8383669853210449,0.2603602409362793,0.029320755787193776,1.0833333730697632,0.2169932723045349,13.122306871414185,0.09500112384557724,3.1630210876464844,0.6546125411987305,0.3111785352230072,0.33677586913108826,7.377254643440247,0.6692168116569519,0.2890785336494446,1039,440.32,0.8196138739585876,0.07541516423225403,-0.025417765602469444,-0.008695561956847087,0.9233693480491638,-0.01822853833436966,0.32141780853271484,1784479658.8460426,2.1442654132843018,114.611568958,0.7777778506278992,,12.542928695678711,39868
7.0,0.0,0.45881935954093933,0.38476458191871643,0.00017085937500000009,0.26829126477241516,0.03660082072019577,1.8564822673797607,0.4583333432674408,0.7333952784538269,-0.8414552211761475,0.2657631039619446,0.026351268403232098,1.0833333730697632,0.20456254482269287,13.050186729431152,0.08935964107513428,3.098477840423584,0.6575448513031006,0.31735068559646606,0.33905696868896484,7.6873650550842285,0.6079040765762329,0.2914334535598755,1040,443.79,0.8174151182174683,0.08297480642795563,-0.019598137587308884,-0.009630093428495457,0.902484118938446,-0.01887335255742073,0.340404748916626,1784479662.4224725,3.0267810821533203,117.336648506,0.7777778506278992,"{'path': 'media/videos/video_1040_d0d14d37b180b9626c43.mp4', 'size': 1633975.0, '_type': 'video-file', 'sha256': 'd0d14d37b180b9626c433272bb33f20187f0978268b68f0b9a1ab665f4e45b59'}",11.781328201293945,29194
9.041666984558105,0.0416666679084301,0.4941662549972534,0.3838052451610565,0.00017085937500000009,0.25037604570388794,0.03879551589488983,1.7472929954528809,0.5,0.7000343203544617,-0.8804494738578796,0.28080400824546814,0.026833941321820022,1.0416667461395264,0.17785140872001648,12.965000772476197,0.08178110420703888,2.8645668029785156,0.6900848150253296,0.33447229862213135,0.33942124247550964,8.080227227807045,0.6211358904838562,0.30536606907844543,1041,461.06,0.8166826963424683,0.08114951848983765,-0.019628360867500305,-0.009997272648615763,0.8437131643295288,-0.01825222745537758,0.30945324897766113,1784479665.0524113,2.2184836864471436,120.166785321,0.7777778506278992,,11.349088668823242,38887
7.625,0.0,0.4596089720726013,0.3831018805503845,0.00017085937500000009,0.26703402400016785,0.03729837015271187,1.9413121938705444,0.3333333432674408,0.7471925020217896,-0.8408267498016357,0.2706722021102905,0.02702705478295684,1.2083333730697632,0.19699209928512573,12.909545707702637,0.08806352317333221,3.229012966156006,0.6655578017234802,0.32266169786453247,0.3370320796966553,8.00261668384075,0.6163269877433777,0.295735239982605,1042,442.98,0.8164839148521423,0.07821385562419891,-0.0178363136947155,-0.010340822872240096,0.9017841219902039,-0.018556874245405197,0.3271355628967285,1784479667.8838532,2.3876659870147705,122.816648358,0.7777778506278992,,12.765926361083984,36210
8.125,0.0,0.4363948106765747,0.38241046667099,0.00017085937500000009,0.23087027668952942,0.03949133679270744,1.662643313407898,0.25,0.6190073490142822,-0.8619338870048523,0.2845004200935364,0.030223972257226707,1.0416667461395264,0.16139715909957886,12.852314233779907,0.07340307533740997,2.8811988830566406,0.6908990144729614,0.3375004529953003,0.3354058265686035,8.338534387499093,0.5138047337532043,0.3095293939113617,1043,457.2,0.8168267607688904,0.08583208918571472,-0.023517172783613205,-0.010370141780003905,0.7930679321289062,-0.01603199914097786,0.31513023376464844,1784479670.5331352,2.2203760147094727,125.429230517,0.7777778506278992,,11.801740646362305,38770
8.208333969116211,0.0,0.44496798515319824,0.38153988122940063,0.00011390625000000006,0.27397847175598145,0.038724806159734726,1.9436254501342773,0.8333333730697632,0.723678469657898,-0.8444398641586304,0.27750086784362793,0.027387608122080565,1.125,0.20408901572227478,12.796772909164428,0.08941488713026047,3.2644877433776855,0.6722539663314819,0.3267095685005188,0.33774125576019287,7.854109806641937,0.5958645343780518,0.298819363117218,1044,440.01,0.8159946203231812,0.08021469414234161,-0.018941309303045273,-0.010883590776938946,0.9077839851379395,-0.017459996044635773,0.3092834949493408,1784479673.1401663,2.1912975311279297,128.154070285,0.7777778506278992,,12.519866943359375,39312
7.708333492279053,0.0416666679084301,0.3813627362251282,0.3806959092617035,0.00017085937500000009,0.24781344830989838,0.04002004116773605,1.837552785873413,0.375,0.7048273086547852,-0.8577472567558289,0.2880176603794098,0.025902219861745835,0.75,0.16966818273067474,12.734293985366822,0.08122780919075012,3.018247604370117,0.6892455816268921,0.340745210647583,0.33859097957611084,8.718058407008648,0.6157232522964478,0.3084662854671478,1045,469.06,0.8151133060455322,0.08644388616085052,-0.014345388859510422,-0.009667853108840063,0.8637775778770447,-0.016764484345912933,0.32430219650268555,1784479675.8654373,2.2927675247192383,130.841451588,0.7777778506278992,,11.929658889770508,37562
7.875,0.0,0.4503316581249237,0.37986549735069275,0.00017085937500000009,0.26939234137535095,0.03934849426150322,1.7946555614471436,0.375,0.718657910823822,-0.8404235243797302,0.2826487123966217,0.028399889543652534,1.1666667461395264,0.19381946325302124,12.663894367218017,0.08881106972694397,3.113574743270874,0.6781451106071472,0.33139967918395996,0.33915507793426514,8.288707095980644,0.5966182947158813,0.30406296253204346,1046,446.5,0.8130291700363159,0.08258259296417236,-0.021224476397037506,-0.011203155294060707,0.9043578505516052,-0.015559084713459015,0.3235032558441162,1784479678.5564241,2.2551109790802,133.557297814,0.7777778506278992,,12.531129837036133,38122
8.0,0.0,0.44349807500839233,0.3792284429073334,0.00017085937500000009,0.281141072511673,0.039012376219034195,1.7134418487548828,0.4583333432674408,0.6867429614067078,-0.8090803027153015,0.26922544836997986,0.03253493960946798,1.5416667461395264,0.2037278413772583,12.612178659439087,0.090645931661129,3.0667359828948975,0.6514898538589478,0.3205568194389343,0.3411247730255127,8.11857569038868,0.5965610146522522,0.29080358147621155,1047,430.41,0.8116792440414429,0.07968896627426147,-0.01490938849747181,-0.010431663867348107,0.9031118154525757,-0.01818949542939663,0.32973694801330566,1784479681.2685194,2.2738423347473145,136.131348074,0.7777778506278992,,12.382728576660156,37757
8.125,0.0416666679084301,0.4144653081893921,0.37856525182724,0.00017085937500000009,0.29639148712158203,0.03890461102128029,1.8706026077270508,0.7083333730697632,0.7253679037094116,-0.8089348673820496,0.27559956908226013,0.03230884075164795,1.5,0.21840666234493256,12.556765985488891,0.09406286478042603,3.138101577758789,0.6583437919616699,0.3269228935241699,0.34525638818740845,8.09460617929697,0.6440696716308594,0.29401031136512756,1048,427.28,0.8098587989807129,0.08355452120304108,-0.017340347170829773,-0.009691835870034993,0.8957459926605225,-0.01799115166068077,0.3236839771270752,1784479683.8476262,2.141756296157837,138.726342982,0.7777778506278992,,12.439424514770508,39872
7.458333492279053,0.0,0.4372673034667969,0.3779614269733429,0.00017085937500000009,0.26801884174346924,0.04061983898282051,1.856282114982605,0.625,0.6913319826126099,-0.8135092258453369,0.28105300664901733,0.026731660403311253,1.25,0.1898971050977707,12.50884108543396,0.0865657851099968,3.029038190841675,0.6654013991355896,0.3328705430030823,0.3485414981842041,8.56510119780898,0.6177117228507996,0.2984280586242676,1049,442.11,0.806337296962738,0.08250784873962402,-0.02117793634533882,-0.009832029812969267,0.8692511320114136,-0.01678861305117607,0.3199765682220459,1784479686.4360232,2.1606013774871826,141.461240201,0.7777778506278992,,12.100496292114258,39629
7.4166669845581055,0.0416666679084301,0.43840354681015015,0.37738317251205444,0.00011390625000000006,0.2537301182746887,0.04187176749110222,1.6670507192611694,0.2916666865348816,0.638176679611206,-0.8494164943695068,0.291839063167572,0.031194764748215677,0.8333333730697632,0.16697810590267181,12.460692024230957,0.08008986711502075,2.8839938640594482,0.693458080291748,0.3429614007472992,0.34804531931877136,8.515411829352379,0.571227490901947,0.31275880336761475,1050,464.46,0.8066830635070801,0.08423693478107452,-0.01697137951850891,-0.010013316047843546,0.832618236541748,-0.017267677932977676,0.33149027824401855,1784479689.172315,2.2964181900024414,144.095826787,0.7777778506278992,,11.609724998474121,37407
7.208333492279053,0.0,0.44018858671188354,0.37665635347366333,0.00011390625000000006,0.27133166790008545,0.040829848498106,1.9275898933410645,0.375,0.7386061549186707,-0.807271420955658,0.28175434470176697,0.028172741737216712,1.5,0.2029397189617157,12.414035987854003,0.08814560621976852,3.225876808166504,0.6612754464149475,0.3285476863384247,0.34700214862823486,8.482773735225202,0.6371054649353027,0.3001405596733093,1051,443.37,0.8069543838500977,0.07913412898778915,-0.018392961472272873,-0.00905577893863665,0.8986322283744812,-0.01710999384522438,0.31587910652160645,1784479691.8052313,2.212712287902832,146.88104287,0.7777778506278992,,12.780906677246094,38876
7.25,0.0416666679084301,0.4493275582790375,0.3760443925857544,0.00011390625000000006,0.265906423330307,0.04128946363925934,1.6884067058563232,0.4583333432674408,0.7227694392204285,-0.8150585889816284,0.28216010332107544,0.03169697774574161,1.1666667461395264,0.19518804550170898,12.354963541030884,0.08977016061544418,3.0862197875976562,0.6689509153366089,0.33370646834373474,0.3480720520019531,8.387238305807113,0.6113648414611816,0.30226922035217285,1052,442.22,0.8033806681632996,0.07924211025238037,-0.021494921296834946,-0.009300601767608895,0.8992066383361816,-0.01688041165471077,0.34232544898986816,1784479694.5921564,2.336333990097046,149.443365676,0.7777778506278992,,12.173136711120605,36698
7.1666669845581055,0.0,0.4899333417415619,0.37535497546195984,0.00017085937500000009,0.2877245843410492,0.04164522513747215,1.835374116897583,0.7083333730697632,0.7029744982719421,-0.813298225402832,0.2848900556564331,0.02857578666880727,1.2083333730697632,0.21511869132518768,12.308347368240357,0.09259041398763657,3.059993267059326,0.6682965755462646,0.33641737699508667,0.3494202792644501,8.22910502359271,0.6171327829360962,0.3040774464607239,1053,430.51,0.8020731210708618,0.07962700724601746,-0.021668067201972008,-0.008849940935033374,0.9084121584892273,-0.01821713149547577,0.319016695022583,1784479697.1579475,2.135071277618408,152.248873405,0.7777778506278992,,11.782888412475586,40057
6.5416669845581055,0.0416666679084301,0.49605321884155273,0.3746752142906189,0.00017085937500000009,0.26100191473960876,0.04417186975479126,1.789579153060913,0.2083333432674408,0.7317355871200562,-0.8164525032043457,0.29529210925102234,0.029804112575948238,0.875,0.1868995726108551,12.2536057472229,0.08331884443759918,3.0208518505096436,0.6863995790481567,0.347860187292099,0.34731850028038025,9.427945487499237,0.6348321437835693,0.31240832805633545,1054,467.08,0.8030535578727722,0.08623632788658142,-0.022466963157057762,-0.010425199405290186,0.9023930430412292,-0.01593320444226265,0.3365967273712158,1784479699.9724572,2.3568530082702637,154.888238353,0.7777778506278992,,12.050653457641602,36497
7.208333492279053,0.0,0.39987480640411377,0.37409740686416626,0.00011390625000000006,0.2724405527114868,0.04270866513252258,1.8629711866378784,0.4166666865348816,0.7250081896781921,-0.8048636317253113,0.28649550676345825,0.030476201232522725,1.2083333730697632,0.1958005279302597,12.19768829345703,0.08998718857765198,3.0372977256774902,0.6689581871032715,0.3332981467247009,0.3471456468105316,9.192842953205108,0.6123392581939697,0.3032243251800537,1055,460.35,0.8035811185836792,0.08285173773765564,-0.020484399050474167,-0.011402269138488918,0.8731085658073425,-0.017035339027643204,0.3157227039337158,1784479702.5856154,2.199106454849243,157.475513274,0.7777778506278992,,11.717199325561523,39089
7.958333492279053,0.0,0.46681541204452515,0.3734537661075592,0.00017085937500000009,0.2661686837673187,0.04294256120920181,1.9092729091644287,0.4583333432674408,0.7139508128166199,-0.8054107427597046,0.28668761253356934,0.03261429872363806,1.375,0.19412609934806824,12.156676721572875,0.08725489675998688,3.185962200164795,0.6688418388366699,0.3327939808368683,0.3438090682029724,9.184321843981742,0.5945084691047668,0.30427485704421997,1056,463.61,0.805224597454071,0.0827929675579071,-0.021891053766012192,-0.009188755642389879,0.8992916941642761,-0.017522113397717476,0.32283973693847656,1784479705.1883595,2.1694934368133545,160.234207163,0.7777778506278992,,12.561437606811523,39442
7.125,0.0,0.43410706520080566,0.37296733260154724,0.00017085937500000009,0.27623358368873596,0.04331400990486145,1.7877525091171265,0.6666666865348816,0.7232027053833008,-0.7987726926803589,0.28589725494384766,0.030616399832069874,1.4166667461395264,0.20082512497901917,12.104442262649536,0.09196004271507263,2.9916529655456543,0.6675076484680176,0.3339357376098633,0.34091734886169434,8.856374311000108,0.633699357509613,0.3029782176017761,1057,444.5,0.806064784526825,0.081727996468544,-0.02094310335814953,-0.010089143505319953,0.8890781402587891,-0.016977710649371147,0.33159613609313965,1784479707.9517717,2.317446708679199,162.85638971,0.7777778506278992,,11.980765342712402,37109
7.75,0.0,0.42196154594421387,0.37261322140693665,0.00017085937500000009,0.2904912829399109,0.04211614653468132,1.937410831451416,0.75,0.7766920924186707,-0.7808076739311218,0.28485867381095886,0.030331563390791415,1.125,0.218658447265625,12.074480295181274,0.09342335164546967,3.1916351318359375,0.6582915782928467,0.33157119154930115,0.3428286015987396,9.128677307963372,0.6702452898025513,0.3008199632167816,1058,456.31,0.8031386733055115,0.08219443261623383,-0.01638505421578884,-0.010403092595515773,0.9172829389572144,-0.0160951167345047,0.31128907203674316,1784479710.5674624,2.1965160369873047,165.504810946,0.7777778506278992,,12.509300231933594,39199
8.125,0.0,0.39392852783203125,0.37193623185157776,0.00011390625000000006,0.2647913098335266,0.044258516281843185,1.8332185745239258,0.5,0.6813441514968872,-0.7960904836654663,0.29705649614334106,0.02975384406745434,1.125,0.18946030735969543,12.029280519485473,0.082800954580307,3.0129554271698,0.680760383605957,0.3446825444698334,0.3441513478755951,9.170072152316571,0.5781040191650391,0.3089256286621094,1059,450.39,0.8026900291442871,0.08595206588506699,-0.016675878316164017,-0.01032803933339892,0.8566271066665649,-0.015502738766372204,0.3117482662200928,1784479713.2179441,2.2280311584472656,167.937946857,0.7777778506278992,,11.798017501831055,38705
6.458333492279053,0.0,0.44013357162475586,0.3716261386871338,0.00017085937500000009,0.31967324018478394,0.041469965130090714,1.933032751083374,0.7083333730697632,0.7940211296081543,-0.7453262209892273,0.27394846081733704,0.03248164504766464,1.4583333730697632,0.25225523114204407,11.992920923233033,0.10351642221212387,3.253357410430908,0.6263582706451416,0.3167886435985565,0.3432410955429077,8.152247223630548,0.6809244155883789,0.28443700075149536,1060,400.24,0.8040875792503357,0.08327867835760117,-0.020685216411948204,-0.008832020172849297,0.9883359670639038,-0.017902659252285957,0.29679417610168457,1784479715.6499224,2.028881311416626,171.204726156,0.7777778506278992,,12.417892456054688,42269
7.0,0.0,0.46510347723960876,0.3709449768066406,0.00017085937500000009,0.3050546646118164,0.044371381402015686,2.048163414001465,0.7083333730697632,0.782585620880127,-0.7797924280166626,0.29214316606521606,0.028424481023103,1.125,0.23415832221508026,11.95610613822937,0.09952893108129501,3.1955084800720215,0.6651501655578613,0.33754920959472656,0.34447044134140015,8.787898036539554,0.6936089396476746,0.3042600154876709,1061,433.88,0.8031576871871948,0.08239956200122833,-0.015779543668031693,-0.008314527315087616,0.9478246569633484,-0.01722223311662674,0.31122851371765137,1784479718.9975822,2.84749698638916,173.713765592,0.7777778506278992,"{'path': 'media/videos/video_1061_718a221bdaf8337d6ea5.mp4', 'size': 1602107.0, '_type': 'video-file', 'sha256': '718a221bdaf8337d6ea50083a078249c1d5cb1c32ad3ca10a2dce9462d04582b'}",12.179769515991211,31121
8.458333969116211,0.0,0.4397786855697632,0.37010595202445984,0.00017085937500000009,0.25199705362319946,0.04726807028055191,1.625425100326538,0.5,0.6945509910583496,-0.8277057409286499,0.3065985441207886,0.03016136009246111,0.6666666865348816,0.18848328292369843,11.886028242111205,0.08101945370435715,2.8337345123291016,0.7079672813415527,0.35608670115470886,0.3488907814025879,9.801750564724207,0.6072582006454468,0.3261541724205017,1062,476.86,0.8009448051452637,0.08425994962453842,-0.02057648077607155,-0.009457618946908043,0.8379658460617065,-0.013775298371911049,0.2844054698944092,1784479721.4196863,2.045638084411621,176.186766419,0.7777778506278992,,11.438461303710938,42189
8.0,0.0,0.4614400267601013,0.3693973124027252,0.00017085937500000009,0.28168046474456787,0.0451880618929863,1.8319809436798096,0.5416666865348816,0.7754632830619812,-0.7910858988761902,0.2941928803920746,0.029253996163606643,1.125,0.20312091708183289,11.82900137901306,0.09118302911520004,3.08335018157959,0.6731275916099548,0.33965548872947693,0.35037732124328613,9.18106291130185,0.6589343547821045,0.3072649836540222,1063,456.18,0.7986142039299011,0.0824156105518341,-0.017790265381336212,-0.00946177369914949,0.9201151728630066,-0.01611296273767948,0.29925537109375,1784479723.8930352,2.071277618408203,178.642495767,0.7777778506278992,,12.22082805633545,41469
7.333333492279053,0.0,0.47472628951072693,0.3690306544303894,0.00011390625000000006,0.2852611541748047,0.04618718475103378,1.971182107925415,0.5,0.8178607821464539,-0.7773867845535278,0.2941471338272095,0.03386691659688949,1.0833333730697632,0.2119894027709961,11.787369632720948,0.09288197755813599,3.260526657104492,0.6654363870620728,0.3424796462059021,0.3520128130912781,9.029572211056948,0.7046414613723755,0.3069281578063965,1064,435.89,0.7970556616783142,0.07881353050470352,-0.018867753446102142,-0.008776453102473169,0.9441618919372559,-0.015924036502838135,0.29369306564331055,1784479726.339241,2.0606532096862793,181.100861569,0.7777778506278992,,12.619340896606445,41754
7.75,0.0,0.46179112792015076,0.36835965514183044,0.00017085937500000009,0.26870694756507874,0.04645764082670212,2.011843204498291,0.5416666865348816,0.7422181367874146,-0.783730685710907,0.29768455028533936,0.028131907619535924,1.2916667461395264,0.19711223244667053,11.745528030395509,0.08782230317592621,3.179651975631714,0.6745939254760742,0.3416973054409027,0.352331280708313,9.257679582834244,0.6305701732635498,0.3103787302970886,1065,445.72,0.7969797849655151,0.08025632798671722,-0.0176235418766737,-0.009291074200154981,0.8629428744316101,-0.015503163449466228,0.2921884059906006,1784479728.8060987,2.0748322010040283,183.63780924,0.7777778506278992,,12.24237060546875,41530
7.958333492279053,0.0,0.49508950114250183,0.3675285279750824,0.00011390625000000006,0.24496392905712128,0.04711942374706268,1.6933363676071167,0.5,0.6567568778991699,-0.7814198732376099,0.3015995919704437,0.029024379141628743,1.0833333730697632,0.17052774131298065,11.678393936157226,0.0824505090713501,2.821453809738159,0.6798340678215027,0.3483145236968994,0.3547070622444153,9.307490123808384,0.5760730504989624,0.31576061248779297,1066,443.22,0.7948915362358093,0.08617889136075974,-0.019919946789741516,-0.009691677108639852,0.8066308498382568,-0.013327869586646557,0.29990601539611816,1784479731.332493,2.136198043823242,186.153741185,0.7777778506278992,,11.094474792480469,40352
7.583333492279053,0.0,0.4608505666255951,0.36691126227378845,0.00017085937500000009,0.2513974905014038,0.048457592725753784,1.7617453336715698,0.4166666865348816,0.6776137351989746,-0.8149224519729614,0.31344449520111084,0.030159107502549888,0.7083333730697632,0.1857699155807495,11.622593784332276,0.08356090635061264,2.995420455932617,0.7007375955581665,0.3578212261199951,0.35709771513938904,10.307303332686423,0.5819145441055298,0.3232005834579468,1067,480.87,0.7933882474899292,0.09043817222118378,-0.020183276385068893,-0.008737720357021316,0.8472342491149902,-0.015246858820319176,0.2975914478302002,1784479733.8610046,2.1298651695251465,188.660183571,0.7777778506278992,,11.837722778320312,40496
8.333333969116211,0.0,0.4454463720321655,0.36631476879119873,0.00011390625000000006,0.2665051221847534,0.04869934916496277,1.794377088546753,0.5416666865348816,0.7033063173294067,-0.789720892906189,0.3071516156196594,0.027257750183343886,1.0416667461395264,0.18846580386161804,11.575411081314087,0.0851813554763794,2.9040865898132324,0.6848255395889282,0.3508625030517578,0.3579927384853363,9.876837180554867,0.6323572993278503,0.31580865383148193,1068,455.85,0.7923380732536316,0.08778458833694458,-0.023836687207221985,-0.008859970048069954,0.8886997103691101,-0.01440928690135479,0.3034830093383789,1784479736.3734224,2.099555253982544,191.108432327,0.7777778506278992,,11.501360893249512,40908
8.291666984558105,0.0,0.4463004469871521,0.3658033013343811,0.00011390625000000006,0.254961222410202,0.04855051264166832,1.829908847808838,0.3333333432674408,0.7202509641647339,-0.7941314578056335,0.30909574031829834,0.02957825604826212,1.125,0.18924163281917572,11.523909854888917,0.08492597192525864,2.96164870262146,0.6918732523918152,0.3551666736602783,0.35641807317733765,9.480001459121704,0.6238707900047302,0.3191037178039551,1069,456.99,0.7930415868759155,0.08607429265975952,-0.019117455929517746,-0.008741300192195923,0.889327883720398,-0.01372544001787901,0.2883150577545166,1784479738.819504,2.051193952560425,193.741224197,0.7777778506278992,,11.511274337768555,42019
7.125,0.0416666679084301,0.4296731948852539,0.36541301012039185,7.593750000000004e-05,0.2759802043437958,0.04766353964805603,1.9458892345428467,0.4583333432674408,0.784221887588501,-0.7521798610687256,0.2971343994140625,0.030949184112250804,1.1666667461395264,0.20174866914749146,11.489128637313843,0.08987556397914886,3.2734458446502686,0.6586276292800903,0.3409028947353363,0.35648879408836365,9.291476933509111,0.6816251277923584,0.3059616982936859,1070,430.03,0.7917499542236328,0.08202613890171051,-0.02071000076830387,-0.007727072775014676,0.9289485812187195,-0.013746081851422787,0.3043348789215088,1784479741.4490142,2.219496011734009,196.151487002,0.7777778506278992,,12.954211235046387,38950
7.208333492279053,0.0416666679084301,0.4790235757827759,0.3648005425930023,0.00017085937500000006,0.25279781222343445,0.04978405684232712,1.7613945007324219,0.4583333432674408,0.6939932703971863,-0.7776027917861938,0.3100791275501251,0.031328510586172344,1.0833333730697632,0.18887506425380707,11.444518280029296,0.08331719040870667,2.893138885498047,0.6856217384338379,0.3580548167228699,0.3551348149776459,9.775243713855744,0.6024696826934814,0.31836456060409546,1071,444.26,0.7904800176620483,0.08605626225471497,-0.02057853899896145,-0.01021001918707043,0.8441593050956726,-0.014619572088122368,0.2938103675842285,1784479743.8546839,2.012079954147339,198.557812533,0.7777778506278992,,11.622892379760742,42631
7.208333492279053,0.0,0.452824205160141,0.36424630880355835,0.00017085937500000009,0.26380282640457153,0.050194889307022095,1.863095760345459,0.4583333432674408,0.753052830696106,-0.768519401550293,0.3099067211151123,0.033598375879228114,1.2083333730697632,0.18765370547771454,11.399703884124756,0.0863134115934372,3.0951876640319824,0.680056095123291,0.3539162576198578,0.35652756690979004,10.090458099246025,0.6501774787902832,0.3154290020465851,1072,449.29,0.7882089614868164,0.08360889554023743,-0.01672223210334778,-0.009908153803553432,0.8774055242538452,-0.014128218404948711,0.2931180000305176,1784479746.2600312,2.016253709793091,201.066529919,0.7777778506278992,,12.277544021606445,42567
7.75,0.0,0.41565650701522827,0.3638897240161896,0.00017085937500000009,0.294906347990036,0.04985213279724121,1.738842487335205,0.7083333730697632,0.8055649995803833,-0.7640795707702637,0.31047338247299194,0.03152356510981917,1.4166667461395264,0.21065399050712585,11.363293981552124,0.09875019639730453,3.14027738571167,0.6768719553947449,0.3517419695854187,0.35450756549835205,10.26408716648817,0.7086173295974731,0.31412187218666077,1073,462.25,0.788432776927948,0.08642645925283432,-0.02127794921398163,-0.008843287151830737,0.9540600180625916,-0.013533550314605236,0.2914152145385742,1784479748.770899,2.1189615726470947,203.575465953,0.7777778506278992,,12.216108322143555,40783
6.875,0.0,0.39742761850357056,0.36335352063179016,0.00017085937500000009,0.2675864100456238,0.04900157451629639,1.958106517791748,0.6666666865348816,0.7365864515304565,-0.7405666708946228,0.30160975456237793,0.03066298132762313,1.1666667461395264,0.19207017123699188,11.330910110473633,0.08870204538106918,3.2565886974334717,0.6533321738243103,0.33973798155784607,0.35515570640563965,9.89192779839039,0.608527660369873,0.30324187874794006,1074,440.93,0.7870281934738159,0.08838744461536407,-0.022306939586997032,-0.009245556988753378,0.9021953344345093,-0.013864855282008648,0.291187047958374,1784479751.2830255,2.1172633171081543,206.12252457,0.7777778506278992,,12.675695419311523,40816
6.875,0.0416666679084301,0.38314470648765564,0.3627585470676422,0.00017085937500000009,0.2640458643436432,0.05229949951171875,1.9016318321228027,0.375,0.7151683568954468,-0.7704464197158813,0.3193405270576477,0.030474690720438957,1.1666667461395264,0.1895029991865158,11.280853033065796,0.08343126624822617,3.108320713043213,0.6883136034011841,0.3634816110134125,0.35430222749710083,10.415278763473033,0.6112369298934937,0.3227592408657074,1075,461.49,0.7860177755355835,0.0873514711856842,-0.01953217014670372,-0.008725993591360748,0.876340389251709,-0.012495389208197594,0.3042755126953125,1784479753.8287694,2.1377062797546387,208.536217131,0.7777778506278992,,12.182902336120605,40255
7.0416669845581055,0.0416666679084301,0.4521406590938568,0.3623623549938202,0.00011390625000000006,0.260566771030426,0.05083109065890312,1.800046682357788,0.5416666865348816,0.7161640524864197,-0.7370478510856628,0.3073422312736511,0.03204067824408412,1.2083333730697632,0.1913853883743286,11.23641233444214,0.08647118508815765,3.074218273162842,0.6586542129516602,0.3479686677455902,0.3553149104118347,9.87548967745155,0.5948545932769775,0.3057316541671753,1076,420.62,0.7852982878684998,0.08862876892089844,-0.020186837762594223,-0.008890830230666325,0.8783876299858093,-0.013358104042708874,0.2913663387298584,1784479756.2385154,2.021547555923462,211.124231391,0.7777778506278992,,12.092547416687012,42502
8.25,0.0416666679084301,0.44108545780181885,0.3619471490383148,0.00017085937500000009,0.23461048305034637,0.05412572622299194,1.5860404968261719,0.375,0.6473721861839294,-0.7841416597366333,0.32492631673812866,0.034057917445898055,0.875,0.16240322589874268,11.205995035171508,0.07810069620609283,2.7539119720458984,0.7059621810913086,0.3682803511619568,0.35697051882743835,10.373201333880424,0.5699790120124817,0.3291199803352356,1077,463.09,0.7847278118133545,0.0882970318198204,-0.02513081394135952,-0.00933056635549292,0.7877858877182007,-0.01320408284664154,0.30362415313720703,1784479758.8338275,2.186532974243164,213.69796553,0.7777778506278992,,11.00129508972168,39477
7.833333492279053,0.0416666679084301,0.41327452659606934,0.3613618314266205,0.00017085937500000009,0.2660154700279236,0.05318908393383026,1.9919180870056152,0.625,0.7471894025802612,-0.7746361494064331,0.3246780037879944,0.031127312686294317,1.0416667461395264,0.2021317481994629,11.169395399093627,0.08956485986709595,3.118006467819214,0.694820761680603,0.36594706773757935,0.35919898748397827,10.263070336282253,0.6354569792747498,0.32524019479751587,1078,457.68,0.7822734713554382,0.08953288197517395,-0.020224282518029213,-0.008933008462190629,0.8859354257583618,-0.013613296672701836,0.3168680667877197,1784479761.4174469,2.148719310760498,216.26985149,0.7777778506278992,,12.133674621582031,39870
8.291666984558105,0.0,0.4168841242790222,0.36066338419914246,0.00017085937500000009,0.23472075164318085,0.05359801650047302,1.674043893814087,0.2916666865348816,0.6747837066650391,-0.7767882347106934,0.32809972763061523,0.033379628974944356,1.0833333730697632,0.15881739556789398,11.113460588455201,0.07842379063367844,2.920426368713379,0.6986159682273865,0.36645063757896423,0.35829949378967285,10.439410583674908,0.585273802280426,0.32596153020858765,1079,469.58,0.7814106941223145,0.08928074687719345,-0.020386334508657455,-0.009643216338008642,0.8381443023681641,-0.014291001483798027,0.2986173629760742,1784479763.9722786,2.157247304916382,218.792171647,0.7777778506278992,,11.52418041229248,40028
7.1666669845581055,0.0,0.4280916452407837,0.35996994376182556,0.00011390625000000006,0.25958362221717834,0.05226097255945206,1.9258631467819214,0.6666666865348816,0.6587757468223572,-0.7610606551170349,0.3186359405517578,0.030377037916332485,1.1666667461395264,0.19144922494888306,11.054066944122315,0.08537902683019638,3.01930570602417,0.6846269369125366,0.3585851192474365,0.3587777316570282,10.024171753525733,0.5636463761329651,0.319088876247406,1080,439.67,0.7806276082992554,0.08573774993419647,-0.016797464340925217,-0.010227892373222858,0.8503710627555847,-0.01417812705039978,0.28858137130737305,1784479766.5049815,2.1360597610473633,221.307633082,0.7777778506278992,,11.368988037109375,40543
7.375,0.0,0.4298188090324402,0.3595934510231018,0.00011390625000000006,0.2576538324356079,0.053771764039993286,1.7803034782409668,0.2916666865348816,0.7243174314498901,-0.7685847282409668,0.3240811824798584,0.03352046925574541,1.2916667461395264,0.18811142444610596,11.015106964111329,0.08380760252475739,3.0106282234191895,0.6912937164306641,0.3632861077785492,0.36090707778930664,9.914004895240069,0.6124420762062073,0.3211079239845276,1081,441.1,0.7783381938934326,0.08689269423484802,-0.0227406807243824,-0.008594794070813806,0.8709287047386169,-0.013990054838359356,0.30127668380737305,1784479769.014918,2.1040191650390625,224.261785218,0.7777778506278992,,11.784601211547852,40869
7.458333492279053,0.0,0.3897791802883148,0.3590315878391266,0.00011390625000000006,0.27559995651245117,0.05192841216921806,1.880428671836853,0.5416666865348816,0.6709667444229126,-0.7518900632858276,0.3167765736579895,0.032019618526101114,1.5,0.20157568156719208,10.973946046829223,0.08858898282051086,3.1114501953125,0.6770339012145996,0.35250091552734375,0.3607054650783539,10.115358754992485,0.5769232511520386,0.31518644094467163,1082,448.24,0.7774224281311035,0.084634929895401,-0.0192917138338089,-0.009072920978360344,0.8736236095428467,-0.015810592100024223,0.30122876167297363,1784479772.0624247,2.5501253604888916,226.96938306,0.7777778506278992,"{'path': 'media/videos/video_1082_fbaf07d36de56f9eae77.mp4', 'size': 1495180.0, '_type': 'video-file', 'sha256': 'fbaf07d36de56f9eae771427f43bef6b08283e2ab302cf333f4f23b12c98720e'}",12.171924591064453,34476
7.9166669845581055,0.0,0.4351961314678192,0.35821810364723206,0.00017085937500000009,0.26575982570648193,0.05378294736146927,1.8586877584457397,0.4166666865348816,0.7454585433006287,-0.7534465789794922,0.3198186755180359,0.0320158832706511,1.4166667461395264,0.19234740734100342,10.914392566680908,0.08808372914791107,3.0117359161376953,0.6866371035575867,0.3597334027290344,0.36190447211265564,9.716207648366689,0.644561767578125,0.32209187746047974,1083,430.78,0.7775515913963318,0.08402745425701141,-0.01905461959540844,-0.009660481141327181,0.89992356300354,-0.014437124133110046,0.3004601001739502,1784479774.6718326,2.220611572265625,229.35953661,0.7777778506278992,,11.79928970336914,38992
7.9166669845581055,0.0,0.4543918967247009,0.35771507024765015,0.00017085937500000009,0.27336156368255615,0.05489985644817352,1.6818006038665771,0.625,0.7225121259689331,-0.7599088549613953,0.32301321625709534,0.03171197408810258,0.9583333730697632,0.19251608848571777,10.859707164764405,0.09054902195930481,2.92793345451355,0.6902573108673096,0.360872358083725,0.35998600721359253,10.186565515100956,0.6615278720855713,0.3222014605998993,1084,446.36,0.7789101004600525,0.08811428397893906,-0.02073664963245392,-0.009266390308039264,0.8930572271347046,-0.014666406437754631,0.2943274974822998,1784479777.0631387,1.9984276294708252,231.947211994,0.7777778506278992,,11.659612655639648,42875
7.1666669845581055,0.0,0.43579453229904175,0.3572555482387543,0.00011390625000000006,0.30036234855651855,0.05291825532913208,1.984112024307251,0.5416666865348816,0.7637232542037964,-0.7232136726379395,0.3153998553752899,0.03251783698797226,1.25,0.22841452062129974,10.824822854995727,0.0983322486281395,3.2220263481140137,0.6620347499847412,0.34846293926239014,0.36039769649505615,10.632954841256142,0.6553642749786377,0.3113662004470825,1085,448.45,0.778838038444519,0.08312102407217026,-0.018795229494571686,-0.009260872255617869,0.9314534664154053,-0.015740610659122467,0.3076210021972656,1784479779.6564903,2.1821093559265137,234.388748816,0.7777778506278992,,12.221115112304688,39483
7.5416669845581055,0.0416666679084301,0.4336135983467102,0.3566749393939972,0.00011390625000000006,0.2692926526069641,0.05400098115205765,1.7733032703399658,0.4583333432674408,0.6989989280700684,-0.7381448149681091,0.3141409754753113,0.03301122412085533,1.5416667461395264,0.1978238821029663,10.776958417892455,0.08723044395446777,3.012784957885742,0.6712896227836609,0.3543912172317505,0.36151954531669617,10.411198341846466,0.6124711632728577,0.3133601248264313,1086,456.25,0.7773016691207886,0.08459746837615967,-0.01991753652691841,-0.00897554525108717,0.8724863529205322,-0.014149874448776245,0.2857813835144043,1784479782.0921903,2.049237012863159,236.887167905,0.7777778506278992,,11.795100212097168,42099
7.25,0.0416666679084301,0.4684661626815796,0.35626885294914246,0.00017085937500000009,0.2846178710460663,0.05662734434008598,1.9942569732666016,0.4166666865348816,0.7609699964523315,-0.7587522268295288,0.33091360330581665,0.03459059428423643,1.3333333730697632,0.21481291949748993,10.740612506866455,0.09156249463558197,3.1152617931365967,0.6972619891166687,0.3695521354675293,0.36588770151138306,10.898870939314365,0.6859873533248901,0.32758378982543945,1087,462.27,0.7755202054977417,0.09061281383037567,-0.021746542304754257,-0.008805127778759924,0.9220229387283325,-0.013648128136992455,0.30628252029418945,1784479784.5960717,2.092674970626831,239.36910583,0.7777778506278992,,12.322700500488281,40977
7.583333492279053,0.0416666679084301,0.4330335557460785,0.3558555245399475,0.00017085937500000009,0.28925371170043945,0.05379599332809448,1.859371542930603,0.7083333730697632,0.7083982229232788,-0.7085437178611755,0.31164953112602234,0.03132617948576808,1.2916667461395264,0.2279576063156128,10.712148666381836,0.09275796264410019,3.0507915019989014,0.653141438961029,0.34812673926353455,0.36689186096191406,10.222004607915878,0.6127244234085083,0.30637726187705994,1088,438.33,0.7762584090232849,0.08250740170478821,-0.018552308902144432,-0.009181502086903492,0.9000470042228699,-0.01304728165268898,0.2985086441040039,1784479787.0819054,2.0786752700805664,241.862687162,0.7777778506278992,,11.850948333740234,41353
8.041666984558105,0.0,0.40431198477745056,0.355408251285553,0.00017085937500000009,0.2168666124343872,0.05871225520968437,1.643307089805603,0.3333333432674408,0.6158502101898193,-0.7778700590133667,0.3432675302028656,0.028786342311650514,0.9583333730697632,0.14782077074050903,10.675682830810548,0.07193945348262787,2.739116668701172,0.7198211550712585,0.38155317306518555,0.3694067597389221,10.781763050556183,0.5365637540817261,0.3372128903865814,1089,462.78,0.7755414843559265,0.09746307134628296,-0.02173454686999321,-0.009360886918148025,0.7732340097427368,-0.013572333380579948,0.2871673107147217,1784479789.5652153,2.097079277038574,244.32014106,0.7777778506278992,,10.992045402526855,41230
8.041666984558105,0.0,0.4766421318054199,0.35507258772850037,0.00017085937500000009,0.23476684093475342,0.0583982840180397,1.6627625226974487,0.4166666865348816,0.6557596921920776,-0.7654628753662109,0.3369870185852051,0.03311154469847679,0.7916666865348816,0.16220006346702576,10.640792655944825,0.07795186340808868,2.7633700370788574,0.7108003497123718,0.37725603580474854,0.36975622177124023,11.618695015907287,0.5642925500869751,0.3332620859146118,1090,484.18,0.7738320827484131,0.09223382920026779,-0.018501074984669685,-0.00998207590309903,0.7920165061950684,-0.013670253567397594,0.2996706962585449,1784479792.0237248,2.060910224914551,246.787844602,0.7777778506278992,,11.01431655883789,41643
7.1666669845581055,0.0833333358168602,0.43553978204727173,0.3546057641506195,0.00017085937500000009,0.28009897470474243,0.0551152341067791,1.7857089042663574,0.5833333730697632,0.7562992572784424,-0.7228895425796509,0.3156489133834839,0.03603281620889902,1.0416667461395264,0.20791316032409668,10.61030855178833,0.08872602880001068,3.02630877494812,0.6638827919960022,0.3523070812225342,0.3688676059246063,10.237835987135767,0.6557950973510742,0.31008395552635193,1091,431.2,0.7735582590103149,0.08564494550228119,-0.021572932600975037,-0.009859063829208026,0.9058088660240173,-0.015179182402789593,0.31503772735595703,1784479794.5021107,2.0533101558685303,249.326308392,0.7777778506278992,,12.172216415405273,41507
7.25,0.0,0.3950430750846863,0.3541746139526367,0.00017085937500000009,0.3063511848449707,0.05642878636717796,2.062577486038208,0.7083333730697632,0.854311466217041,-0.7132205963134766,0.32149821519851685,0.034013848006725314,1.6666667461395264,0.23442265391349792,10.569299554824829,0.10045036673545837,3.4536046981811523,0.6661390066146851,0.35714858770370483,0.3693314790725708,10.915890054106713,0.7409204244613647,0.3134954273700714,1092,453.24,0.7718820571899414,0.08700051158666611,-0.021222427487373352,-0.00893772862618789,0.981520414352417,-0.014337523840367794,0.2942819595336914,1784479797.0282142,2.1313350200653076,251.866528187,0.7777778506278992,,13.238847732543945,40527
7.2916669845581055,0.0,0.4184226989746094,0.3540397584438324,0.00017085937500000009,0.2704697251319885,0.055687181651592255,1.8187150955200195,0.5,0.7595639228820801,-0.7186354994773865,0.32209575176239014,0.03400112744420767,1.3333333730697632,0.19803249835968018,10.543837928771973,0.09128388017416,3.1567816734313965,0.6735528707504272,0.35561680793762207,0.36903470754623413,10.910404506288469,0.6259267330169678,0.31722965836524963,1093,448.3,0.7715888023376465,0.08707408607006073,-0.01948072575032711,-0.009826405199419241,0.9024798274040222,-0.013821161352097988,0.350017786026001,1784479799.5886767,2.091306686401367,254.560701187,0.7777778506278992,,12.421239852905273,40266
7.375,0.0,0.4041438698768616,0.3536721467971802,0.00011390625000000006,0.28141260147094727,0.05637366697192192,1.8294100761413574,0.5,0.7219192981719971,-0.7204748392105103,0.319930762052536,0.035688331536948684,1.5,0.2100113481283188,10.523548555374145,0.09303756058216095,3.159799575805664,0.669440507888794,0.3572879433631897,0.36625349521636963,10.115276621729135,0.622015655040741,0.3131590485572815,1094,426.05,0.7734745740890503,0.08598518371582031,-0.02302839607000351,-0.010425892483908683,0.9159220457077026,-0.014667360112071037,0.3089730739593506,1784479802.2752051,2.2641639709472656,256.959439447,0.7777778506278992,,12.278949737548828,38203
6.458333492279053,0.0,0.39569351077079773,0.35297271609306335,0.00011390625000000006,0.269859254360199,0.05893851816654205,1.6716151237487793,0.4583333432674408,0.6902348399162292,-0.7437214851379395,0.3364512324333191,0.0323356881737709,1.125,0.2060229778289795,10.476890373229981,0.08701207488775253,2.9391746520996094,0.6982899904251099,0.3757932186126709,0.3653106689453125,10.985151371955872,0.5995059013366699,0.3287312686443329,1095,454.69,0.7743913531303406,0.09251459687948227,-0.01743980124592781,-0.009745796344941483,0.8593823909759521,-0.014919869601726532,0.2843925952911377,1784479804.6670015,2.0046286582946777,259.369387232,0.7777778506278992,,11.48585033416748,42945
7.0416669845581055,0.0,0.42735156416893005,0.3526739478111267,7.593750000000004e-05,0.2696879506111145,0.05845898389816284,1.8588279485702515,0.6666666865348816,0.7071719169616699,-0.7411254644393921,0.33184194564819336,0.031958062667399645,1.0,0.1925194263458252,10.436336708068847,0.08647137880325317,3.0005526542663574,0.6941403150558472,0.3692983388900757,0.3663513660430908,11.18036706507206,0.6352149248123169,0.3256286084651947,1096,459.23,0.774603009223938,0.08839055895805359,-0.021322932094335556,-0.008043469015319715,0.8592605590820312,-0.015432588756084442,0.2857630252838135,1784479807.0769799,2.0212197303771973,261.968050288,0.7777778506278992,,11.620429039001465,42611
7.833333492279053,0.0416666679084301,0.4266466498374939,0.3521334230899811,0.00017085937500000006,0.24430114030838013,0.05995013937354088,1.7555139064788818,0.375,0.632738471031189,-0.7371796369552612,0.3399137854576111,0.0344735898077488,0.9166666865348816,0.178495854139328,10.401338624954224,0.07946138083934784,2.922192335128784,0.7006003260612488,0.37521883845329285,0.36813896894454956,10.999562376439572,0.5377672910690308,0.329853355884552,1097,446.44,0.7737174034118652,0.0936448872089386,-0.020905151963233948,-0.009646979172248393,0.8321401476860046,-0.014290612190961838,0.30158543586730957,1784479809.6689694,2.193138360977173,264.418180947,0.7777778506278992,,11.33185863494873,39404
7.5416669845581055,0.0416666679084301,0.3841620087623596,0.35162588953971863,0.00017085937500000009,0.27599722146987915,0.05785927176475525,1.9772958755493164,0.5833333730697632,0.7806929349899292,-0.7167465686798096,0.3228343725204468,0.035192908346652986,1.375,0.21193039417266846,10.356902074813842,0.0894118994474411,3.230550527572632,0.6753822565078735,0.36114537715911865,0.3672126233577728,10.957077922783792,0.6769685745239258,0.31601494550704956,1098,451.04,0.7730180025100708,0.09040068835020065,-0.020029574632644653,-0.010017297026934102,0.9209479689598083,-0.015356980264186859,0.29141712188720703,1784479812.126698,2.0617775917053223,266.994766806,0.7777778506278992,,12.450033187866211,41774
7.75,0.0,0.40909838676452637,0.35101670026779175,0.00011390625000000006,0.27906176447868347,0.05811417102813721,1.8422725200653076,0.6666666865348816,0.6984416842460632,-0.7160309553146362,0.3246701955795288,0.03504251940175891,1.0833333730697632,0.21210047602653503,10.303927993774414,0.09224182367324829,3.0757040977478027,0.6750602722167969,0.35987478494644165,0.36762863397598267,10.522927070856094,0.5874794721603394,0.31746047735214233,1099,433.84,0.7723602056503296,0.0850556492805481,-0.01949053630232811,-0.009610489750048145,0.8641762137413025,-0.014419842511415482,0.3094747066497803,1784479814.701822,2.162454605102539,269.473704425,0.7777778506278992,,12.060937881469727,39768
7.875,0.0,0.40639543533325195,0.35054078698158264,0.00011390625000000006,0.25304195284843445,0.058438848704099655,1.8143705129623413,0.4166666865348816,0.6982018351554871,-0.7082595825195312,0.3267475962638855,0.03413192965090275,1.3333333730697632,0.18219153583049774,10.263951873779297,0.08290684968233109,2.9448137283325195,0.6742285490036011,0.3613395690917969,0.3693147301673889,10.52293770968914,0.6089975833892822,0.3189326524734497,1100,433.73,0.7706353068351746,0.08610590547323227,-0.01897444576025009,-0.00913193526066607,0.8239524364471436,-0.01298330258578062,0.28902530670166016,1784479817.1762965,2.087960720062256,272.099622445,0.7777778506278992,,11.631526947021484,41356
7.9166669845581055,0.0,0.474397748708725,0.3502316176891327,7.593750000000004e-05,0.24338984489440918,0.05992218852043152,1.7056583166122437,0.625,0.6419706344604492,-0.7270647287368774,0.33496901392936707,0.03454274069517851,1.0416667461395264,0.16476331651210785,10.225074005126952,0.07988888770341873,2.8582701683044434,0.6924922466278076,0.3690284490585327,0.3671119213104248,11.631355404108763,0.5570245981216431,0.3278149664402008,1101,463.4,0.7711368799209595,0.09193270653486252,-0.023527173325419426,-0.00803554233862087,0.8167159557342529,-0.01466643251478672,0.30805540084838867,1784479819.810889,2.2196764945983887,274.7255622,0.7777778506278992,,11.228938102722168,38890
6.875,0.0,0.4018948972225189,0.34996888041496277,0.00011390625000000003,0.2899172008037567,0.06034162640571594,1.8703607320785522,0.7083333730697632,0.738620936870575,-0.7107967138290405,0.33122050762176514,0.03573436439037323,1.0833333730697632,0.2189817726612091,10.20478630065918,0.09598436206579208,3.1945598125457764,0.6807894706726074,0.36755579710006714,0.3650740087032318,10.867762997150422,0.6487361192703247,0.3203458786010742,1102,438.58,0.7718116044998169,0.08817146718502045,-0.019640691578388214,-0.009903789553209207,0.947525680065155,-0.014317059889435768,0.3287849426269531,1784479822.436871,2.1869404315948486,277.829032666,0.7777778506278992,,12.37339973449707,39075
7.6666669845581055,0.0416666679084301,0.3980276584625244,0.34946492314338684,0.00011390625000000006,0.3132248818874359,0.05500110611319542,2.053370475769043,0.75,0.7852131128311157,-0.6751987338066101,0.30431121587753296,0.036256409250199795,1.5416667461395264,0.22209587693214417,10.16923155784607,0.10031746327877045,3.189934492111206,0.6358891725540161,0.33539578318595886,0.365112841129303,11.121960419313982,0.6877586245536804,0.2990821599960327,1103,456.63,0.7709531784057617,0.0779091939330101,-0.023225029930472374,-0.008835459436522797,0.9434723854064941,-0.014550941996276379,0.28734588623046875,1784479825.6121728,2.7074592113494873,280.305041887,0.7777778506278992,"{'path': 'media/videos/video_1103_9868bfcba11beb56cb88.mp4', 'size': 1675064.0, '_type': 'video-file', 'sha256': '9868bfcba11beb56cb8899c0196b337aac26dcd700bd7f797139dedf2399aa60'}",12.143428802490234,32824
8.083333969116211,0.0416666679084301,0.39729058742523193,0.34911003708839417,0.00017085937500000009,0.25397825241088867,0.06279391050338745,1.7993558645248413,0.7916666865348816,0.6758311986923218,-0.7341547012329102,0.3421824872493744,0.03321081725880504,1.0,0.18265162408351898,10.13097267150879,0.08284193277359009,2.8953447341918945,0.7034713625907898,0.3790969252586365,0.3693464994430542,11.727108424603939,0.6121430993080139,0.33109062910079956,1104,468.76,0.7686138153076172,0.09333496540784836,-0.01956993341445923,-0.009436900215223431,0.8314525485038757,-0.015136145055294037,0.2891998291015625,1784479828.0121753,2.0181260108947754,282.953773454,0.7777778506278992,,11.311137199401855,42605
7.875,0.0416666679084301,0.4195076823234558,0.3489489257335663,0.00011390625000000006,0.256732314825058,0.06141745299100876,1.5956683158874512,0.2916666865348816,0.6706025004386902,-0.7148250937461853,0.33378052711486816,0.037119132466614246,1.2916667461395264,0.18844328820705414,10.111973428726197,0.08267045021057129,2.919588804244995,0.6857103109359741,0.3668177127838135,0.36753329634666443,11.39843819707632,0.5651494860649109,0.32435476779937744,1105,460.26,0.7692996859550476,0.08647441864013672,-0.018713831901550293,-0.009037671401165426,0.838141918182373,-0.013919799588620663,0.3095226287841797,1784479830.6576595,2.234574317932129,285.40739058,0.7777778506278992,,11.416868209838867,38640
7.375,0.0,0.4600822627544403,0.3486131429672241,0.00017085937500000009,0.28219300508499146,0.06083668768405914,1.924557089805603,0.625,0.7392352819442749,-0.7038400173187256,0.3274856209754944,0.03601669874042272,1.1666667461395264,0.20818984508514404,10.088171529769898,0.09288822114467621,3.106405735015869,0.6718672513961792,0.3607349395751953,0.3705829977989197,10.90998845666647,0.6391116380691528,0.31751748919487,1106,439.66,0.7678645849227905,0.08982595801353455,-0.019098009914159775,-0.00947101807105355,0.8851836919784546,-0.015943994745612144,0.30209803581237793,1784479833.1146083,2.04899001121521,288.029262162,0.7777778506278992,,11.522459030151367,41812
8.083333969116211,0.0,0.4246210753917694,0.34832268953323364,7.593750000000004e-05,0.2738901376724243,0.060868021100759506,1.8529932498931885,0.5833333730697632,0.7632842063903809,-0.7132261991500854,0.3329085111618042,0.03032824657857418,1.375,0.2003004550933838,10.065445184707642,0.08978216350078583,3.0993354320526123,0.6802505254745483,0.36673277616500854,0.37034451961517334,10.677590613663197,0.6653900146484375,0.32058027386665344,1107,435.79,0.7678374648094177,0.09133102744817734,-0.01913595385849476,-0.010120937833562493,0.8907932043075562,-0.015299387276172638,0.31232595443725586,1784479835.742317,2.2044904232025146,290.458861717,0.7777778506278992,,12.304588317871094,39058
7.6666669845581055,0.0,0.4449465274810791,0.34780335426330566,0.00011390625000000003,0.24560444056987762,0.06065233796834946,1.6404451131820679,0.4166666865348816,0.6334916353225708,-0.7205619215965271,0.3336561918258667,0.031522411480546,1.0416667461395264,0.17322616279125214,10.03170428276062,0.07900276780128479,2.9115989208221436,0.6912479400634766,0.3687167763710022,0.36993488669395447,11.330220047831535,0.5340830087661743,0.3270176649093628,1108,453.5,0.7685254812240601,0.08690451085567474,-0.016636431217193604,-0.009565498423307872,0.8206313848495483,-0.013754423707723618,0.28673768043518066,1784479838.1657681,2.034351110458374,292.954654772,0.7777778506278992,,11.794523239135742,42352
8.291666984558105,0.0416666679084301,0.4379717707633972,0.34755271673202515,0.00017085937500000006,0.25375989079475403,0.0610920749604702,1.7287628650665283,0.3333333432674408,0.6675612330436707,-0.7030211687088013,0.33219024538993835,0.03703971784561873,1.5,0.18110641837120056,10.000748682022095,0.08546692132949829,2.8795554637908936,0.6772351264953613,0.3634849190711975,0.3704717755317688,11.190403734743596,0.5774010419845581,0.31913238763809204,1109,451.98,0.7680050730705261,0.0875137448310852,-0.016736848279833794,-0.009539853075693827,0.8341531753540039,-0.015476372092962265,0.3030400276184082,1784479840.6584022,2.0901505947113037,295.458069491,0.7777778506278992,,11.425280570983887,41076
7.1666669845581055,0.0833333358168602,0.439453125,0.34742632508277893,0.00011390625000000006,0.29575443267822266,0.060442060232162476,1.981224775314331,0.5416666865348816,0.7767300605773926,-0.7043579816818237,0.32864972949028015,0.03721718974411488,1.3333333730697632,0.22376011312007904,9.985502624511719,0.09457051753997803,3.2818870544433594,0.6726430654525757,0.3590810298919678,0.37325319647789,10.846433950960636,0.6529861688613892,0.3197621703147888,1110,435.35,0.7663204073905945,0.08428029716014862,-0.018830522894859314,-0.009599768416956067,0.9545711874961853,-0.015298513695597649,0.29492688179016113,1784479843.1616108,2.1091232299804688,297.942008147,0.7777778506278992,,12.405168533325195,40890
7.5416669845581055,0.0,0.4113190174102783,0.34690383076667786,0.00011390625000000006,0.27692651748657227,0.06080728396773338,1.9300174713134766,0.5833333730697632,0.752226710319519,-0.6950070261955261,0.3266869783401489,0.03289626967161894,1.4583333730697632,0.20417243242263794,9.955181741714478,0.09064292162656784,3.072932720184326,0.6690219640731812,0.3592921197414398,0.3721882700920105,11.129501948431134,0.6471067070960999,0.3155250549316406,1111,447.9,0.7663402557373047,0.08758272230625153,-0.019895203411579132,-0.009457098483107985,0.8872640132904053,-0.013790130615234375,0.29023289680480957,1784479845.6487327,2.0948750972747803,300.487452148,0.7777778506278992,,12.145055770874023,41215
7.5,0.0416666679084301,0.4539916515350342,0.3464534282684326,0.00017085937500000009,0.2573856711387634,0.06340200453996658,1.9429576396942139,0.5,0.7004618644714355,-0.725654125213623,0.33859050273895264,0.03250741623342037,0.9583333730697632,0.18247413635253906,9.91543526649475,0.08429791778326035,2.9518706798553467,0.6943303942680359,0.3704802989959717,0.3720633387565613,11.58951789110899,0.6303706169128418,0.3302714228630066,1112,466.71,0.766338586807251,0.08657815307378769,-0.017868777737021446,-0.008929471694864332,0.848427951335907,-0.014592604711651802,0.3038492202758789,1784479848.1958234,2.1397156715393066,302.924177817,0.7777778506278992,,11.648210525512695,40229
7.708333492279053,0.0416666679084301,0.4158359467983246,0.34625375270843506,0.00017085937500000009,0.2529696226119995,0.0636415034532547,1.827911615371704,0.375,0.6831924319267273,-0.7079646587371826,0.33844536542892456,0.04187172632664442,1.375,0.18246901035308838,9.884905481338501,0.08297097682952881,3.060939311981201,0.6842515468597412,0.37258419394493103,0.3734908998012543,11.388437159359455,0.5857317447662354,0.3225332200527191,1113,452.09,0.7648873329162598,0.09089551866054535,-0.021746492013335228,-0.009119090938474983,0.8654837012290955,-0.01583903469145298,0.2949545383453369,1784479850.6344328,2.0382816791534424,305.50131092,0.7777778506278992,,12.238703727722168,42132
7.5416669845581055,0.0,0.40260037779808044,0.34623289108276367,0.00017085937500000009,0.28567707538604736,0.06294018030166626,1.839442253112793,0.7916666865348816,0.7534579038619995,-0.6913055181503296,0.3314287066459656,0.03895116690546274,1.3333333730697632,0.203147754073143,9.877054071426391,0.09293162077665329,3.038846731185913,0.6745042204856873,0.3669717013835907,0.3748871684074402,10.862752773165703,0.6555851697921753,0.32075005769729614,1114,433.76,0.762706458568573,0.0841156467795372,-0.02233639918267727,-0.009417299448978156,0.876734733581543,-0.014527491293847561,0.3089313507080078,1784479853.2164848,2.1608307361602783,307.942239672,0.7777778506278992,,11.893514633178711,39803
7.2916669845581055,0.0833333358168602,0.4446244239807129,0.3460155129432678,0.00011390625000000006,0.2580563724040985,0.06463281065225601,1.7845258712768555,0.5416666865348816,0.6742590665817261,-0.7163154482841492,0.34456413984298706,0.03831539824604988,1.1666667461395264,0.19125978648662567,9.86598825454712,0.08591406047344208,2.953824520111084,0.700225830078125,0.37799060344696045,0.3755030035972595,11.217982680611312,0.56546550989151,0.3310452401638031,1115,441.23,0.7627289295196533,0.08620589971542358,-0.018605519086122513,-0.009358380176126956,0.8722400665283203,-0.014384083449840546,0.28507089614868164,1784479855.6401107,2.045640707015991,310.411569544,0.7777778506278992,,11.533313751220703,42177
6.375,0.0,0.42071545124053955,0.3456271290779114,0.00017085937500000009,0.29610157012939453,0.062450628727674484,1.8862857818603516,0.8333333730697632,0.793550968170166,-0.689868688583374,0.3299156129360199,0.03356345538049936,1.25,0.21753589808940887,9.835477924346923,0.09889067709445953,3.1546390056610107,0.6698631048202515,0.3633100688457489,0.37524375319480896,10.453122938275337,0.7075753211975098,0.3161972165107727,1116,429.47,0.7632472515106201,0.08765839040279388,-0.019787456840276718,-0.008407472528051584,0.9392218589782715,-0.016332034021615982,0.2881591320037842,1784479858.1227953,2.087707757949829,312.895679742,0.7777778506278992,,12.194116592407227,41376
7.083333492279053,0.0,0.43810176849365234,0.3454364836215973,0.00017085937500000009,0.2317153811454773,0.06494370102882385,1.631718397140503,0.375,0.6096019744873047,-0.7190194129943848,0.3429640233516693,0.036961421743035315,0.9583333730697632,0.1594083160161972,9.811105155944825,0.07667841017246246,2.6791529655456543,0.7011985778808594,0.3771345615386963,0.376971960067749,10.693129415512084,0.5126718282699585,0.3331223130226135,1117,429.99,0.7618908882141113,0.08544300496578217,-0.019163358956575394,-0.009310197964077815,0.7849273085594177,-0.01401304267346859,0.32083606719970703,1784479860.6157076,2.0565176010131836,315.450793043,0.7777778506278992,,10.753299713134766,41350
7.0,0.0,0.40468084812164307,0.3451274335384369,0.00011390625000000006,0.2843167185783386,0.06194762513041496,2.043166399002075,0.5416666865348816,0.8326985836029053,-0.6737448573112488,0.3274276852607727,0.03531433306634426,1.625,0.20227468013763428,9.793038606643677,0.0940842255949974,3.328958511352539,0.6562454104423523,0.3558991551399231,0.37449800968170166,10.555074790865183,0.7139825820922852,0.31200265884399414,1118,424.14,0.7617305517196655,0.08706991374492645,-0.01737419329583645,-0.009869116160552948,0.9464873671531677,-0.015612615272402763,0.2869248390197754,1784479863.1577415,2.149916648864746,317.943921727,0.7777778506278992,,12.729827880859375,40340
8.166666984558105,0.0,0.42808961868286133,0.3446004390716553,0.00011390625000000006,0.2820502519607544,0.06433431804180145,1.8929589986801147,0.7083333730697632,0.7432622909545898,-0.6944455504417419,0.336896151304245,0.03671264108270407,1.4166667461395264,0.20864033699035645,9.758782434463502,0.09071924537420273,3.059418201446533,0.6795546412467957,0.36756110191345215,0.3745015561580658,10.923828216791152,0.6486672759056091,0.3226279318332672,1119,432.98,0.7608143091201782,0.08683902025222778,-0.015671230852603912,-0.008901020151097328,0.9039324522018433,-0.014432079158723354,0.2898402214050293,1784479865.6507897,2.1000149250030518,320.446348857,0.7777778506278992,,11.918067932128906,41133
7.1666669845581055,0.0,0.4135298430919647,0.34408822655677795,0.00011390625000000006,0.2765417993068695,0.0643308013677597,1.9010975360870361,0.625,0.7411931753158569,-0.6868907809257507,0.3362281918525696,0.03422417901456356,1.3333333730697632,0.20280234515666962,9.707015991210938,0.09455379098653793,3.1301965713500977,0.6752898097038269,0.36615392565727234,0.3755064606666565,10.813198186457157,0.6331886053085327,0.32035115361213684,1120,423.37,0.7600407004356384,0.08253823220729828,-0.017230307683348656,-0.009516547480598093,0.9177885055541992,-0.01491093821823597,0.29331159591674805,1784479868.151998,2.1086645126342773,322.993704587,0.7777778506278992,,12.11269760131836,40926
7.5416669845581055,0.0,0.4458325505256653,0.34359073638916016,0.00011390625000000006,0.2500183582305908,0.06831604987382889,1.707903265953064,0.4583333432674408,0.7345334887504578,-0.7182999849319458,0.35524147748947144,0.03513733483850956,1.0416667461395264,0.17743077874183655,9.668759632110596,0.08175723999738693,3.0016965866088867,0.7108604311943054,0.3887971341609955,0.37581536173820496,11.928249208331108,0.6635792255401611,0.3376021981239319,1121,460.53,0.7594749331474304,0.093143031001091,-0.01932419463992119,-0.009290401090402156,0.8454830050468445,-0.014366386458277702,0.30265116691589355,1784479870.6987374,2.143451690673828,325.451047353,0.7777778506278992,,11.8455228805542,40188
7.2916669845581055,0.0416666679084301,0.4144720435142517,0.34330543875694275,7.593750000000004e-05,0.27918681502342224,0.0631730705499649,1.9699804782867432,0.5,0.7841929197311401,-0.6756644248962402,0.33185774087905884,0.040760088711977005,1.75,0.21904884278774261,9.64072060585022,0.09488026797771454,3.2462525367736816,0.669274091720581,0.3604070544242859,0.37663599848747253,10.917029268592596,0.6651579737663269,0.3182419240474701,1122,427.95,0.7581390142440796,0.08558109402656555,-0.02012474462389946,-0.009125840208434965,0.9287485480308533,-0.013148616068065166,0.2949409484863281,1784479873.155405,2.0626494884490967,328.655062463,0.7777778506278992,,12.431198120117188,41696
7.083333492279053,0.0416666679084301,0.4039352536201477,0.3429926335811615,0.00017085937500000006,0.2785363495349884,0.06591355055570602,2.0559751987457275,0.4166666865348816,0.7539302110671997,-0.6786541938781738,0.338537335395813,0.034223183803260324,1.375,0.19914476573467255,9.620976829528809,0.0896073430776596,3.1207799911499023,0.6770054697990417,0.3726047873497009,0.37530097365379333,11.527223717272282,0.6579705476760864,0.3220665454864502,1123,443.73,0.7585968375205994,0.09331606328487396,-0.021629691123962402,-0.009033653224469163,0.8946652412414551,-0.014120379462838173,0.29439854621887207,1784479876.4408343,2.810332775115967,331.191618678,0.7777778506278992,"{'path': 'media/videos/video_1123_8d13317a6df9e1b58b31.mp4', 'size': 1523137.0, '_type': 'video-file', 'sha256': '8d13317a6df9e1b58b3110042de1580bb2448534deda52cd6ce18ce430e65c3e'}",11.768121719360352,31662
7.75,0.0416666679084301,0.410849928855896,0.3427719473838806,0.00017085937500000009,0.25338202714920044,0.06791388243436813,1.7986900806427002,0.5416666865348816,0.7335920333862305,-0.712999701499939,0.3513973653316498,0.03582341149449349,0.9583333730697632,0.1741885393857956,9.593930006027222,0.08590833842754364,3.0547738075256348,0.7061989307403564,0.3835379481315613,0.373355507850647,12.284304007142783,0.6233212947845459,0.3353971838951111,1124,473.86,0.7598039507865906,0.0902666300535202,-0.022292714565992355,-0.008568278263555839,0.8440008163452148,-0.014897513203322887,0.29049110412597656,1784479878.9020886,2.072878360748291,333.810907266,0.7777778506278992,,12.635457992553711,41594
7.25,0.0416666679084301,0.40298235416412354,0.3421625792980194,0.00017085937500000009,0.26959869265556335,0.06680136919021606,1.8387134075164795,0.6666666865348816,0.7017920017242432,-0.6934236884117126,0.34832632541656494,0.034345895424485205,1.0,0.20478293299674988,9.555930471420288,0.09097214788198471,3.0420145988464355,0.693295955657959,0.3780057430267334,0.3730096220970154,11.75717478722334,0.5955660343170166,0.3314903974533081,1125,443.27,0.7593449950218201,0.09246554970741272,-0.018668703734874725,-0.009177101514069363,0.8684301376342773,-0.012318714521825314,0.3024466037750244,1784479881.5231152,2.2100327014923096,336.227240043,0.7777778506278992,,11.858062744140625,39126
8.166666984558105,0.0,0.39299315214157104,0.3418201506137848,0.00011390625000000006,0.23893770575523376,0.0686611458659172,1.7239272594451904,0.6666666865348816,0.6654170751571655,-0.7053884267807007,0.3527253568172455,0.03560850620269775,0.75,0.1750839650630951,9.512908458709717,0.07982102781534195,2.87634539604187,0.7050056457519531,0.38424837589263916,0.37268131971359253,12.343344141840936,0.5862500667572021,0.3349437713623047,1126,460.32,0.7584664225578308,0.09140296280384064,-0.015380959026515484,-0.008469173673074693,0.8211898803710938,-0.013300224207341671,0.30052757263183594,1784479883.933284,2.007758617401123,338.853540862,0.7777778506278992,,11.247817993164062,42587
7.25,0.0,0.4572077691555023,0.341418594121933,0.00017085937500000009,0.2816328704357147,0.06530832499265671,1.9163755178451538,0.625,0.7350953817367554,-0.6737194061279297,0.3372768759727478,0.036036750115454194,1.1666667461395264,0.20906177163124084,9.484405088424683,0.09433107078075409,3.142476797103882,0.6697611808776855,0.36441588401794434,0.3739475905895233,11.723729268610477,0.6363602876663208,0.31806105375289917,1127,452.01,0.7580223083496094,0.08803355693817139,-0.014181127771735191,-0.009464705093705561,0.8772672414779663,-0.01436555664986372,0.30225157737731934,1784479886.5688806,2.2219152450561523,341.290311163,0.7777778506278992,,11.92547607421875,38945
8.333333969116211,0.0416666679084301,0.44307848811149597,0.341134250164032,0.00017085937500000009,0.2636728286743164,0.0669553279876709,1.7512763738632202,0.6666666865348816,0.6943776607513428,-0.6961106061935425,0.34633931517601013,0.03849686644971371,0.875,0.19249027967453003,9.447470045089721,0.08764362335205078,2.8818955421447754,0.6916307806968689,0.3759917616844177,0.3742361068725586,11.429058932960034,0.6062047481536865,0.3281758725643158,1128,445.03,0.7576446533203125,0.09248398244380951,-0.018393775448203087,-0.010295263130683453,0.8912272453308105,-0.014293062500655651,0.2954552173614502,1784479889.000452,2.0285604000091553,343.910249409,0.7777778506278992,,11.374031066894531,42299
7.708333492279053,0.0416666679084301,0.42676740884780884,0.3408670425415039,0.00017085937500000009,0.28540468215942383,0.06582176685333252,1.9240096807479858,0.5833333730697632,0.7681595087051392,-0.670407772064209,0.3391892910003662,0.03203432923182845,1.2916667461395264,0.2149663269519806,9.42868070602417,0.09307562559843063,3.135789394378662,0.6703763008117676,0.3667381703853607,0.37398219108581543,12.095524145364761,0.6594510078430176,0.31907328963279724,1129,454.53,0.7568232417106628,0.09110679477453232,-0.019073624163866043,-0.008696651892387308,0.9189214706420898,-0.01482198666781187,0.31451940536499023,1784479891.6249578,2.196436643600464,346.5988062,0.7777778506278992,,11.995338439941406,39150
7.75,0.0,0.3741767108440399,0.3406454026699066,0.00011390625000000006,0.25120308995246887,0.06733128428459167,1.791131854057312,0.5833333730697632,0.6874260902404785,-0.6842851638793945,0.34740597009658813,0.04401468951255083,0.9583333730697632,0.17408685386180878,9.404390907287597,0.08286044001579285,2.9805350303649902,0.6874083280563354,0.3769470155239105,0.3734149932861328,11.767008572071791,0.5739201307296753,0.32783621549606323,1130,446.14,0.7562209367752075,0.09110362827777863,-0.018832068890333176,-0.009884247437003068,0.8503578901290894,-0.012209614738821983,0.3222615718841553,1784479894.3127513,2.2538716793060303,349.179177763,0.7777778506278992,,11.78427791595459,38159
7.833333492279053,0.0833333358168602,0.42020130157470703,0.340287446975708,0.00017085937500000009,0.2634199559688568,0.06722742319107056,1.8880207538604736,0.6666666865348816,0.7192310094833374,-0.6849602460861206,0.3484726548194885,0.03657196257263422,1.4166667461395264,0.2038198560476303,9.382568216323852,0.08433514088392258,3.0876424312591553,0.6860346794128418,0.3754158914089203,0.37183111906051636,11.706789647936821,0.6355578303337097,0.32588088512420654,1131,447.02,0.7566735148429871,0.09228851646184921,-0.018602760508656502,-0.009221411703765624,0.8446678519248962,-0.0140812573954463,0.29704761505126953,1784479896.8855884,2.170987129211426,351.849486542,0.7777778506278992,,12.116825103759766,39830
7.5,0.0,0.41498345136642456,0.34003183245658875,7.593750000000004e-05,0.23028963804244995,0.07092292606830597,1.6907739639282227,0.5416666865348816,0.6611754894256592,-0.7055122256278992,0.35987967252731323,0.035801864601671694,0.8333333730697632,0.15865299105644226,9.351842880249023,0.07545337080955505,2.806215286254883,0.7102896571159363,0.3879220187664032,0.3706918954849243,12.035315219312906,0.5832799673080444,0.3374306857585907,1132,458.97,0.7573205828666687,0.08834370225667953,-0.01602426916360855,-0.008155151596292853,0.7848391532897949,-0.014109738171100616,0.31237292289733887,1784479899.569348,2.2529046535491943,354.301267502,0.7777778506278992,,11.299165725708008,38320
7.5416669845581055,0.0,0.3806926906108856,0.3397158682346344,0.00011390625000000003,0.26563745737075806,0.06716101616621017,1.8161087036132812,0.5833333730697632,0.6625293493270874,-0.6710089445114136,0.3414207398891449,0.04041270948946476,1.2083333730697632,0.19840466976165771,9.325464248657227,0.08429604023694992,2.893831253051758,0.6729661226272583,0.3682909607887268,0.37126606702804565,11.115254198852927,0.5749009847640991,0.32047149538993835,1133,426.11,0.7565297484397888,0.08646726608276367,-0.02033066563308239,-0.008520344295538962,0.8299121856689453,-0.013922582380473614,0.29332709312438965,1784479902.0094786,2.0399084091186523,356.930089556,0.7777778506278992,,11.15028190612793,42132
8.041666984558105,0.0,0.4099804759025574,0.3395577669143677,7.593750000000004e-05,0.24956105649471283,0.06825894117355347,1.808204174041748,0.4583333432674408,0.6504430174827576,-0.6866933703422546,0.3469308614730835,0.04059233237057924,1.5,0.18371331691741943,9.310853385925293,0.08170923590660095,2.847454786300659,0.6846376657485962,0.37416815757751465,0.3721713423728943,11.909971784576774,0.5470765829086304,0.32516318559646606,1134,453.8,0.7554088830947876,0.09377901256084442,-0.022340809926390648,-0.008213246968807653,0.8193694353103638,-0.01477561704814434,0.3067481517791748,1784479904.6446157,2.2178595066070557,359.48471229,0.7777778506278992,,10.976668357849121,38938
8.041666984558105,0.0,0.42354652285575867,0.33903810381889343,0.00011390625000000003,0.27355700731277466,0.06764377653598785,1.8317153453826904,0.625,0.7500234842300415,-0.6827260851860046,0.3423600196838379,0.036187634244561194,1.4166667461395264,0.20214366912841797,9.28045072555542,0.09139849990606308,3.0194177627563477,0.6788228750228882,0.3698371350765228,0.37081417441368103,11.092548797428607,0.6637212634086609,0.3218173682689667,1135,429.97,0.754961371421814,0.08722343295812607,-0.01895429752767086,-0.008875322539824992,0.8901674151420593,-0.014826171100139618,0.31626319885253906,1784479907.197601,2.1280786991119385,362.014195923,0.7777778506278992,,11.627367973327637,40216
6.833333492279053,0.0416666679084301,0.43833839893341064,0.338603675365448,0.00011390625000000006,0.2818062901496887,0.06751047819852829,1.761162519454956,0.625,0.6971228122711182,-0.666985273361206,0.345431387424469,0.03615267388522625,1.375,0.21720795333385468,9.235573291778564,0.09247022867202759,2.9869439601898193,0.6768960356712341,0.36974725127220154,0.3705965280532837,11.927331467866898,0.5880603790283203,0.32064467668533325,1136,451.74,0.7561944723129272,0.0871635302901268,-0.021131334826350212,-0.009343175515823532,0.8758782148361206,-0.012941524386405945,0.2926905155181885,1784479909.7231545,2.126224994659424,364.487466204,0.7777778506278992,,11.515697479248047,40639
6.75,0.0,0.40693041682243347,0.3381577730178833,0.00011390625000000006,0.25148263573646545,0.06877138465642929,1.7935326099395752,0.5,0.709868311882019,-0.6901837587356567,0.3488232493400574,0.03321587955579162,0.9583333730697632,0.17839771509170532,9.195767211914063,0.08475208282470703,2.9323787689208984,0.6887792348861694,0.3718263506889343,0.3708884119987488,11.577293568775058,0.6286484003067017,0.3268156349658966,1137,444.54,0.7568049430847168,0.08971106261014938,-0.01625225506722927,-0.008569632086437195,0.8324933052062988,-0.014173979870975018,0.29177403450012207,1784479912.190891,2.076857805252075,366.995189675,0.7777778506278992,,11.303732872009277,41502
6.583333492279053,0.0,0.4559623599052429,0.33756938576698303,0.00011390625000000006,0.26635777950286865,0.06744307279586792,1.7209924459457397,0.625,0.6734945774078369,-0.6690516471862793,0.3394180238246918,0.03469959553331137,1.0,0.19649100303649902,9.155568647384644,0.08865891396999359,2.8452651500701904,0.6731910705566406,0.3643852174282074,0.3712870478630066,11.695215501487255,0.5784925222396851,0.3191412687301636,1138,441.99,0.7568682432174683,0.08447396755218506,-0.02258039079606533,-0.009151206722162897,0.864470899105072,-0.01385189127177,0.29688334465026855,1784479914.7005734,2.111071825027466,369.582492214,0.7777778506278992,,11.1726713180542,40824
7.833333492279053,0.0,0.3893749713897705,0.3370518684387207,7.593750000000004e-05,0.2551465630531311,0.07047408819198608,1.71465003490448,0.2916666865348816,0.7332972288131714,-0.675670325756073,0.3514525294303894,0.03646543230861425,1.0416667461395264,0.1713263988494873,9.098771333694458,0.0837613195180893,2.947482109069824,0.6867145895957947,0.3790590763092041,0.37142348289489746,12.210818016529084,0.6411575078964233,0.32746291160583496,1139,450.19,0.7573778629302979,0.0883408784866333,-0.0192011259496212,-0.00784805248840712,0.8387438654899597,-0.013255524449050426,0.29939842224121094,1784479917.2849085,2.1864819526672363,372.066575416,0.7777778506278992,,11.83036994934082,39544
8.375,0.0,0.39897865056991577,0.3364587426185608,0.00011390625000000003,0.25064122676849365,0.07209876924753189,1.7012336254119873,0.4166666865348816,0.6519476175308228,-0.6879331469535828,0.3590715825557709,0.035166367515921594,1.0833333730697632,0.18542858958244324,9.054767084121703,0.08347596973180771,2.7951316833496094,0.7010928988456726,0.38506948947906494,0.37198972702026367,12.588058207035065,0.5738755464553833,0.33423587679862976,1140,474.0,0.7563382387161255,0.08476605266332626,-0.018335986882448196,-0.007848812919110059,0.7893216013908386,-0.01275656744837761,0.2958507537841797,1784479919.7750359,2.089449882507324,374.646117641,0.7777778506278992,,11.164588928222656,41212
7.708333492279053,0.0,0.3867329955101013,0.3360304832458496,0.00017085937500000006,0.24329757690429688,0.0729314312338829,1.6905126571655273,0.5416666865348816,0.6770519018173218,-0.6880916357040405,0.3596786856651306,0.03302870094776154,1.0,0.17912845313549042,9.007845401763916,0.08194942027330399,2.8071467876434326,0.7023712992668152,0.39003056287765503,0.3756057620048523,12.389006488919257,0.5837310552597046,0.3339535593986511,1141,458.09,0.7540096640586853,0.0926390290260315,-0.020595641806721687,-0.009282879839884118,0.8101100921630859,-0.013062980026006699,0.30240678787231445,1784479922.3544583,2.171532154083252,377.302891128,0.7777778506278992,,10.985124588012695,39735
7.375,0.0,0.43474647402763367,0.3358091413974762,0.00017085937500000009,0.2488815039396286,0.07114960998296738,1.5514545440673828,0.4166666865348816,0.6766655445098877,-0.679439902305603,0.3500823378562927,0.03387719579041004,1.2083333730697632,0.1770254373550415,8.97823724746704,0.08199805021286011,2.9178404808044434,0.6901268362998962,0.37766140699386597,0.3767753541469574,12.195542908012866,0.5980240702629089,0.327337384223938,1142,450.18,0.7531301379203796,0.08840739727020264,-0.021162807941436768,-0.009394223103299737,0.8208717107772827,-0.012404784560203552,0.31616663932800293,1784479925.0219324,2.233877658843994,379.815517769,0.7777778506278992,,11.780108451843262,38549
7.708333492279053,0.0416666679084301,0.39509862661361694,0.3355884850025177,0.00011390625000000006,0.261379212141037,0.07077817618846893,1.7542877197265625,0.5,0.7215088605880737,-0.6787742376327515,0.3512275218963623,0.04287130627781153,1.4583333730697632,0.1901901662349701,8.957343053817748,0.08572410047054291,3.0123515129089355,0.6885324716567993,0.3768722414970398,0.3760613203048706,11.653088504970073,0.6163665056228638,0.32784712314605713,1143,443.68,0.7539478540420532,0.08639731258153915,-0.023594580590724945,-0.00936724649509415,0.8672671318054199,-0.013543134555220604,0.291853666305542,1784479927.5230987,2.1055030822753906,383.138319376,0.7777778506278992,,12.113447189331055,41005
7.125,0.0,0.4262681007385254,0.33514997363090515,0.00011390625000000006,0.27601921558380127,0.06939192116260529,1.8089683055877686,0.875,0.7219225764274597,-0.6681421995162964,0.34418952465057373,0.035337605886161326,1.0833333730697632,0.21666428446769714,8.937508487701416,0.09660378098487854,3.0353775024414062,0.6773828864097595,0.3668754994869232,0.3772270083427429,11.378064581677318,0.635319709777832,0.3215189576148987,1144,425.88,0.7527146339416504,0.08283805102109909,-0.022404735907912254,-0.008948314897133968,0.8918620944023132,-0.013102488592267036,0.32863354682922363,1784479930.939198,2.8920938968658447,385.681919277,0.7777778506278992,"{'_type': 'video-file', 'sha256': '4ebbee46d7f8abdf0402fe7361f4ab5bddd8a1a563fa86f1de5bf567e6903c41', 'path': 'media/videos/video_1144_4ebbee46d7f8abdf0402.mp4', 'size': 1571770.0}",11.923521995544434,30522
8.25,0.0,0.42339274287223816,0.3348301947116852,7.593750000000004e-05,0.29111647605895996,0.0709221363067627,2.021155834197998,0.7916666865348816,0.7886961698532104,-0.6597556471824646,0.3509500026702881,0.037403461150825025,1.375,0.2128547877073288,8.89786524772644,0.09655337035655975,3.220478057861328,0.6756994724273682,0.3736957013607025,0.3798397481441498,12.119088383316994,0.675993800163269,0.32002490758895874,1145,439.85,0.7513850927352905,0.09030468761920929,-0.02238420769572258,-0.008404690446332097,0.9068279266357422,-0.014314569532871246,0.29520606994628906,1784479933.393706,2.0628418922424316,388.299599367,0.7777778506278992,,11.985053062438965,41688
7.083333492279053,0.0,0.40629953145980835,0.33449608087539673,0.00011390625000000003,0.2872615456581116,0.07008740305900574,1.8427050113677979,0.875,0.7740654945373535,-0.6461493968963623,0.34545156359672546,0.03811776246875524,0.9583333730697632,0.2155473530292511,8.87331280708313,0.09398685395717621,3.0420422554016113,0.6643874049186707,0.3676837384700775,0.3830502927303314,11.8694742166996,0.6670645475387573,0.31466126441955566,1146,423.86,0.7497366666793823,0.09266512095928192,-0.020395563915371895,-0.009245558269321918,0.8819507956504822,-0.011808040551841259,0.3171236515045166,1784479936.0124784,2.1905932426452637,390.876071187,0.7777778506278992,,11.82568359375,39200
8.260869979858398,0.043478261679410934,0.4089956283569336,0.3340121805667877,0.00011390625000000003,0.26117873191833496,0.07067184150218964,1.9403482675552368,0.6086956858634949,0.7552950382232666,-0.6632013320922852,0.3483135402202606,0.03584079090505839,1.3043478727340698,0.1951785534620285,8.83697967529297,0.08759649842977524,3.0961191654205322,0.6755485534667969,0.37108945846557617,0.3829941153526306,12.130499754175544,0.6481214165687561,0.32175132632255554,1147,446.63,0.7494157552719116,0.0922836884856224,-0.021909372881054878,-0.00911443549557589,0.8874300122261047,-0.013323690742254257,0.30492711067199707,1784479938.595797,2.1603970527648926,393.508761791,0.7777777910232544,,12.238982200622559,39874
7.583333492279053,0.0,0.408599853515625,0.3338325619697571,0.00017085937500000006,0.24447491765022278,0.07485981285572052,1.7525463104248047,0.5416666865348816,0.6802343130111694,-0.6872469186782837,0.36592990159988403,0.03891371842473745,1.0833333730697632,0.16755501925945282,8.801708841323853,0.07972397655248642,2.898981809616089,0.7024531364440918,0.38911378383636475,0.3828454911708832,12.234417067170144,0.5795177817344666,0.3348522186279297,1148,449.35,0.7488765716552734,0.09174536913633347,-0.022373542189598083,-0.009069929983525071,0.8508684039115906,-0.012576144188642502,0.3092944622039795,1784479941.2240655,2.205395221710205,395.955636895,0.7777778506278992,,11.842890739440918,39091
7.625,0.0,0.38164782524108887,0.333617240190506,0.00017085937500000009,0.24148182570934296,0.07275141775608063,1.7842280864715576,0.2916666865348816,0.7200798988342285,-0.6688053607940674,0.3583337664604187,0.0333378572948277,1.2916667461395264,0.1683262586593628,8.79095516204834,0.08002133667469025,3.033557653427124,0.687955379486084,0.3786531686782837,0.3819844424724579,12.41363197479397,0.6039709448814392,0.32847028970718384,1149,448.31,0.7478961944580078,0.09045973420143127,-0.02195361629128456,-0.009267806576099246,0.8797619342803955,-0.011605462059378624,0.2853856086730957,1784479943.660034,2.0507912635803223,398.606196636,0.7777778506278992,,12.351598739624023,42079
8.416666984558105,0.0416666679084301,0.3800440728664398,0.33332183957099915,0.00011390625000000006,0.23454615473747253,0.07468204200267792,1.7768453359603882,0.5,0.6398398876190186,-0.6818325519561768,0.3651508688926697,0.03907602578401566,1.125,0.16861484944820404,8.765863180160522,0.08015970140695572,2.945146083831787,0.7037825584411621,0.3880850672721863,0.3808295726776123,12.109561098068953,0.5377594828605652,0.33481210470199585,1150,451.11,0.7471776008605957,0.09151169657707214,-0.020018141716718674,-0.009190697490703314,0.8188545107841492,-0.011982699856162071,0.30747485160827637,1784479946.3173056,2.2399702072143555,401.016696292,0.7777778506278992,,11.723994255065918,38589
7.833333492279053,0.0,0.42235690355300903,0.333175927400589,7.593750000000004e-05,0.27067315578460693,0.07416729629039764,1.8307112455368042,0.625,0.7237046957015991,-0.6708769202232361,0.3592497706413269,0.03790933508425951,1.2083333730697632,0.20553764700889587,8.747955942153931,0.08699538558721542,2.9571352005004883,0.6912876963615417,0.38236626982688904,0.3808344304561615,12.2940914863348,0.6237835884094238,0.3298918604850769,1151,452.23,0.7464040517807007,0.08743783086538315,-0.023864086717367172,-0.007794503995683044,0.8735753297805786,-0.012556578032672405,0.28241491317749023,1784479948.7189429,2.0219955444335938,403.441244624,0.7777778506278992,,11.332469940185547,42659
8.041666984558105,0.0,0.4639124572277069,0.33296889066696167,0.00011390625000000003,0.2360910177230835,0.07564374059438705,1.5913293361663818,0.4583333432674408,0.6769815683364868,-0.6903685331344604,0.36812353134155273,0.033060869108885525,0.8333333730697632,0.17181119322776794,8.732681846618652,0.07883334159851074,2.764321804046631,0.7133910059928894,0.39316365122795105,0.38017210364341736,12.80161365866661,0.5914928913116455,0.338969886302948,1152,470.8,0.7472752928733826,0.08696925640106201,-0.02003403566777706,-0.00905684736208059,0.7735618948936462,-0.013018574565649033,0.29384827613830566,1784479951.1384559,2.0327370166778564,405.956599576,0.7777778506278992,,10.812579154968262,42252
6.958333492279053,0.0833333358168602,0.4000428318977356,0.33257347345352173,0.00011390625000000003,0.25987330079078674,0.07289044559001923,1.7536205053329468,0.375,0.6974101066589355,-0.6628543734550476,0.3548735976219177,0.03472247738391161,1.1666667461395264,0.18144094944000244,8.702898693084716,0.08470021188259125,2.8791308403015137,0.6862050890922546,0.37329035997390747,0.3804084062576294,12.040429842621087,0.6024061441421509,0.32805919647216797,1153,436.02,0.7488744258880615,0.0891045331954956,-0.017623646184802055,-0.009671167157648597,0.8455572128295898,-0.010751776397228241,0.29370689392089844,1784479953.6671498,2.1288630962371826,408.539288681,0.7777778506278992,,11.245513916015625,40578
7.5,0.0,0.3708879351615906,0.3323761522769928,7.593750000000004e-05,0.24837619066238403,0.07556715607643127,1.6517080068588257,0.5416666865348816,0.6578398942947388,-0.6662265062332153,0.36464154720306396,0.03359641870483756,1.0,0.17920464277267456,8.676331424713135,0.0804990753531456,2.81817889213562,0.6926683187484741,0.3827584683895111,0.38265261054039,12.60974107593298,0.5712071657180786,0.3311808705329895,1154,456.65,0.7484886050224304,0.09338691085577011,-0.018250752240419388,-0.007498870794370305,0.8315234184265137,-0.01088299136608839,0.3209195137023926,1784479956.2560124,2.1537413597106934,411.158469287,0.7777778506278992,,11.358092308044434,39724
8.416666984558105,0.0,0.42723751068115234,0.3318900167942047,0.00011390625000000003,0.23623493313789368,0.07997442781925201,1.7132996320724487,0.375,0.7080490589141846,-0.6843134760856628,0.3778608739376068,0.03213686188682914,0.9166666865348816,0.15925714373588562,8.640179634094238,0.07827992737293243,2.872009754180908,0.7197906374931335,0.40073370933532715,0.38051414489746094,13.492697102427483,0.6124225854873657,0.34577199816703796,1155,469.1,0.7502514123916626,0.09379565715789795,-0.018708301708102226,-0.008239694219082595,0.813772439956665,-0.010296577587723732,0.2994265556335449,1784479958.8641534,2.2038254737854004,413.693442379,0.7777778506278992,,11.745139122009277,39270
7.9166669845581055,0.0,0.433077335357666,0.33160701394081116,0.00017085937500000009,0.21634578704833984,0.08190003782510757,1.5820043087005615,0.0833333358168602,0.5869772434234619,-0.7033203840255737,0.39118051528930664,0.03144569043070078,0.875,0.1514492779970169,8.610946655273438,0.07073832303285599,2.639012098312378,0.7381793856620789,0.41130727529525757,0.38095352053642273,13.579399505909532,0.5070050954818726,0.35248228907585144,1156,480.25,0.7501277923583984,0.09439333528280258,-0.021387293934822083,-0.008742721151793375,0.7671692371368408,-0.011044541373848915,0.291949987411499,1784479961.3960056,2.142934560775757,416.319701097,0.7777778506278992,,10.93490982055664,40373
7.75,0.0,0.40185683965682983,0.3313382565975189,0.00011390625000000006,0.2498420774936676,0.07737043499946594,1.672956943511963,0.6666666865348816,0.6720929145812988,-0.6631333827972412,0.3707529902458191,0.03632129654288292,1.0833333730697632,0.17633596062660217,8.58512215614319,0.08287195861339569,2.7786364555358887,0.6979982852935791,0.38929829001426697,0.3801947236061096,12.093591740131378,0.5997471809387207,0.3336699903011322,1157,424.35,0.7502154111862183,0.09157290309667587,-0.01855442300438881,-0.008898783155018464,0.8408951759338379,-0.011267241090536118,0.2974238395690918,1784479964.0252962,2.2306363582611084,418.794521171,0.7777778506278992,,11.18131160736084,38885
6.375,0.0,0.46217402815818787,0.33103811740875244,7.593750000000004e-05,0.25828516483306885,0.07615863531827927,1.7881525754928589,0.5416666865348816,0.6622356176376343,-0.6635948419570923,0.3602061867713928,0.03468068204820156,1.125,0.19100162386894226,8.557805490493774,0.08599770069122314,2.9951438903808594,0.6914558410644531,0.3860294818878174,0.3804187774658203,12.647285624444486,0.552329957485199,0.32951971888542175,1158,451.49,0.7492815256118774,0.08802109956741333,-0.019576359540224075,-0.007444068351469468,0.8330245018005371,-0.011880775913596153,0.3015437126159668,1784479966.5023742,2.0691444873809814,421.360160903,0.7777778506278992,,11.728738784790039,41466
6.708333492279053,0.0,0.42161592841148376,0.3308548331260681,7.593750000000002e-05,0.2661744952201843,0.07360772788524628,1.8285373449325562,0.625,0.7211260199546814,-0.6463444828987122,0.3527236878871918,0.037227881886065003,1.375,0.1987193524837494,8.538465356826782,0.08839251846075058,3.0049664974212646,0.6737942695617676,0.36969417333602905,0.3799872398376465,12.578088130354882,0.6211404204368591,0.31891366839408875,1159,455.25,0.7490581274032593,0.08625080436468124,-0.016092680394649506,-0.007731612061616033,0.864839494228363,-0.011887628585100174,0.29947352409362793,1784479969.055916,2.162850856781006,423.78911414,0.7777778506278992,,11.645262718200684,39923
7.9166669845581055,0.0,0.3890988230705261,0.3305705785751343,0.00011390625000000003,0.24530546367168427,0.07805514335632324,1.6689679622650146,0.625,0.6570950150489807,-0.6720473170280457,0.3691210448741913,0.03369971076026559,1.0416667461395264,0.17970460653305054,8.517044830322266,0.08098578453063965,2.786642074584961,0.7022302150726318,0.3880806863307953,0.37987220287323,13.07722039461136,0.5773351788520813,0.3327884078025818,1160,463.12,0.7480103969573975,0.09191447496414185,-0.018829109147191048,-0.008595549760502762,0.7885947227478027,-0.012177652679383755,0.2938051223754883,1784479971.492185,2.0431129932403564,426.465833159,0.7777778506278992,,10.86231803894043,42065
7.708333492279053,0.0,0.42231330275535583,0.33044707775115967,7.593750000000004e-05,0.22082416713237762,0.08012856543064117,1.6277282238006592,0.5,0.6424388885498047,-0.6778501868247986,0.37850940227508545,0.031978084985166785,0.6666666865348816,0.1502498835325241,8.500189208984375,0.0752153992652893,2.715557813644409,0.7174755930900574,0.39629411697387695,0.3815133273601532,12.971537429392338,0.5471212863922119,0.3431325852870941,1161,459.94,0.7467666864395142,0.09666535258293152,-0.02159850113093853,-0.007355201056634541,0.7855152487754822,-0.010900989174842834,0.3043336868286133,1784479974.186606,2.2715208530426025,428.910027006,0.7777778506278992,,10.853660583496094,38163
7.75,0.0416666679084301,0.41078388690948486,0.330178827047348,7.593750000000002e-05,0.24913662672042847,0.07964881509542465,1.7096518278121948,0.6666666865348816,0.6619223952293396,-0.6710118055343628,0.3716880977153778,0.03541349060833454,0.75,0.18215298652648926,8.480995082855225,0.08171215653419495,2.8513007164001465,0.7034119963645935,0.3919897675514221,0.3835611343383789,12.626328782439233,0.585412859916687,0.3352355360984802,1162,449.88,0.7449207305908203,0.09011953324079514,-0.019330892711877823,-0.00886508185940329,0.813374400138855,-0.012284367345273495,0.2896862030029297,1784479976.6125731,2.0378811359405518,431.480996031,0.7777778506278992,,11.605230331420898,42234
7.5,0.0416666679084301,0.4099094569683075,0.33010825514793396,0.00011390625000000003,0.24197636544704437,0.08039590716362,1.7771732807159424,0.5,0.6290398836135864,-0.680689811706543,0.380662202835083,0.03499607741832733,0.7916666865348816,0.1828504055738449,8.464000177383422,0.07771535217761993,2.8021152019500732,0.7201077342033386,0.3986548185348511,0.38240131735801697,13.255704827904701,0.5304763913154602,0.3425869643688202,1163,462.4,0.7443759441375732,0.09321083873510361,-0.020314455032348633,-0.008805087651126087,0.8017354011535645,-0.012136569246649742,0.3213837146759033,1784479979.2017217,2.1502699851989746,433.972163087,0.7777778506278992,,11.20974349975586,39772
7.25,0.0,0.3909398913383484,0.3298979699611664,7.593750000000004e-05,0.22438037395477295,0.08253546059131622,1.6786184310913086,0.4583333432674408,0.6801191568374634,-0.6920650005340576,0.3873017430305481,0.0346118176355958,0.625,0.15368305146694183,8.456632041931153,0.07602327316999435,2.8069217205047607,0.7293003797531128,0.4074629247188568,0.38265174627304077,12.87392198830843,0.592545747756958,0.3450956344604492,1164,455.57,0.7442665100097656,0.09362858533859253,-0.020217714831233025,-0.007115240556049685,0.7755745649337769,-0.012050813063979149,0.29168081283569336,1784479981.6773996,2.0826504230499268,436.906221427,0.7777778506278992,,11.214560508728027,41402
7.333333492279053,0.0416666679084301,0.37745794653892517,0.32947078347206116,7.593750000000002e-05,0.28190988302230835,0.07600309699773788,1.9373021125793457,0.5,0.700006365776062,-0.6426529288291931,0.35435307025909424,0.035404469817876816,1.2083333730697632,0.22096127271652222,8.422311687469483,0.0918755829334259,3.1775565147399902,0.673546314239502,0.3725467622280121,0.3817899227142334,12.533442397117614,0.5726954936981201,0.31923946738243103,1165,445.26,0.7447664141654968,0.08654456585645676,-0.018143024295568466,-0.00932085563254077,0.892967164516449,-0.01354154571890831,0.3055567741394043,1784479984.6909769,2.5287981033325195,439.585133221,0.7777778506278992,"{'sha256': '2e25ce241351c408bba11925b6783744830b0a7dc68bb94b11d1f8d62746d697', 'path': 'media/videos/video_1165_2e25ce241351c408bba1.mp4', 'size': 1397469.0, '_type': 'video-file'}",12.115814208984375,34683
8.291666984558105,0.0,0.34717389941215515,0.3291897773742676,0.00017085937500000006,0.22388796508312225,0.08227303624153137,1.639007568359375,0.4166666865348816,0.6487225294113159,-0.6817935705184937,0.3850952386856079,0.036839558929204944,0.7916666865348816,0.15140393376350403,8.401852178573609,0.07258868217468262,2.7916781902313232,0.7261301279067993,0.4045127332210541,0.38370364904403687,13.421688129901886,0.5532912611961365,0.3458032011985779,1166,466.79,0.743624210357666,0.09493829309940338,-0.02259695529937744,-0.007969397178385407,0.7854096293449402,-0.01080897357314825,0.3056674003601074,1784479987.2894874,2.2025818824768066,442.197683509,0.7777778506278992,,11.14466667175293,39192
7.375,0.0416666679084301,0.4122287631034851,0.32895156741142273,0.00011390625000000006,0.26071104407310486,0.07831913232803345,1.7355413436889648,0.7083333730697632,0.7054917216300964,-0.6512092351913452,0.36653637886047363,0.03808156996965408,1.0416667461395264,0.19225144386291504,8.37905387878418,0.08595987409353256,2.8251404762268066,0.6923925876617432,0.3834604024887085,0.3827725052833557,12.570909542217851,0.6256589889526367,0.3294907510280609,1167,441.39,0.7453482151031494,0.08955218642950058,-0.022927170619368553,-0.008696695525941323,0.8269752264022827,-0.012911222875118256,0.3098750114440918,1784479989.920083,2.200456380844116,444.722855668,0.7777778506278992,,10.849711418151855,39159
8.041666984558105,0.0,0.45136451721191406,0.328799843788147,0.00011390625000000006,0.2952430844306946,0.07595071941614151,1.8173589706420898,0.8333333730697632,0.7640018463134766,-0.6271507740020752,0.3522684574127197,0.04776924401521683,1.25,0.22213685512542725,8.361062479019164,0.09575782716274261,2.961754560470581,0.6660258173942566,0.3728407025337219,0.3810768723487854,12.484852506518363,0.673358678817749,0.3163164258003235,1168,433.97,0.7482566237449646,0.08553211390972137,-0.019425444304943085,-0.008539530479902168,0.8846709132194519,-0.01248563639819622,0.29383158683776855,1784479992.42639,2.112715005874634,447.309522868,0.7777778506278992,,11.393171310424805,40848
7.7916669845581055,0.0833333358168602,0.41204747557640076,0.32883211970329285,7.593750000000004e-05,0.2871076464653015,0.07941319048404694,1.768642783164978,0.7916666865348816,0.7387628555297852,-0.6479053497314453,0.36726900935173035,0.03603877760469913,1.4166667461395264,0.21977245807647705,8.36052074432373,0.09255540370941162,3.053447723388672,0.6886937618255615,0.38789671659469604,0.38357505202293396,13.38178527340293,0.645106315612793,0.3271467685699463,1169,469.57,0.7485146522521973,0.08967047929763794,-0.02050069347023964,-0.006971776590216905,0.8864359259605408,-0.012867516838014126,0.3140740394592285,1784479995.0217247,2.173269033432007,449.824244567,0.7777778506278992,,11.950373649597168,39521
7.833333492279053,0.0416666679084301,0.4056871831417084,0.3287912905216217,0.00011390625000000003,0.22652724385261536,0.08048419654369354,1.619131326675415,0.4166666865348816,0.6452839374542236,-0.6579976081848145,0.37239110469818115,0.038853362761437894,1.1666667461395264,0.16312842071056366,8.36078987121582,0.07481476664543152,2.684516429901123,0.7016870379447937,0.3920360505580902,0.3868635594844818,12.807224638536573,0.5664233565330505,0.3337743282318115,1170,453.43,0.7467867136001587,0.09093012660741806,-0.02253621444106102,-0.007742256491656008,0.7626411318778992,-0.011630143038928509,0.2885251045227051,1784479997.5254397,2.114943265914917,452.354186801,0.7777778506278992,,10.879427909851074,40900
7.875,0.0,0.4059332609176636,0.3285035192966461,0.00011390625000000006,0.27203601598739624,0.07790346443653107,1.809809684753418,0.625,0.7143710851669312,-0.6389920115470886,0.36379337310791016,0.03623366840183735,1.2083333730697632,0.1994832456111908,8.347447729110717,0.0904119461774826,2.9920690059661865,0.6861331462860107,0.3805169463157654,0.3895808160305023,12.59477047175169,0.596727728843689,0.32686761021614075,1171,447.43,0.7453510165214539,0.08861815184354782,-0.02198701724410057,-0.00863700638001319,0.8461064100265503,-0.012001371942460537,0.289400577545166,1784480000.0572739,2.1444761753082275,454.858986535,0.7777778506278992,,11.677607536315918,40389
8.916666984558105,0.0,0.43864235281944275,0.3282849192619324,7.593750000000004e-05,0.22008095681667328,0.08450688421726227,1.6286628246307373,0.3333333432674408,0.6536097526550293,-0.6804813742637634,0.3865865170955658,0.03828048463910818,0.8333333730697632,0.15074951946735382,8.322356700897217,0.07550376653671265,2.786606788635254,0.7286054491996765,0.40632399916648865,0.39237353205680847,12.740153244733811,0.5733194947242737,0.34571540355682373,1172,459.67,0.7441844940185547,0.09292721748352051,-0.02235780656337738,-0.00774614312540507,0.7530162334442139,-0.0112331947311759,0.30927085876464844,1784480002.5635202,2.0969038009643555,457.355254671,0.7777778506278992,,11.304681777954102,40854
6.9166669845581055,0.0416666679084301,0.375480979681015,0.32816603779792786,0.00011390625000000003,0.2559513747692108,0.07832887768745422,1.801343321800232,0.2916666865348816,0.7346870303153992,-0.6530658006668091,0.361869215965271,0.04052150454372168,0.9583333730697632,0.1962815821170807,8.311608934402466,0.08494527637958527,3.0422797203063965,0.688851535320282,0.37982413172721863,0.39228853583335876,12.49238319022581,0.6276311278343201,0.32412081956863403,1173,453.02,0.7447441816329956,0.09091943502426147,-0.02172287367284298,-0.009120108903152868,0.8754053115844727,-0.013042259030044079,0.2894928455352783,1784480005.0624313,2.103925943374634,459.974955694,0.7777778506278992,,11.651304244995117,41072
7.625,0.0,0.44275397062301636,0.32785776257514954,0.00011390625000000003,0.24150562286376953,0.08375202864408493,1.6718153953552246,0.625,0.6746442317962646,-0.6723009943962097,0.3845592439174652,0.036848565191030504,0.9166666865348816,0.17499779164791107,8.292259311676025,0.08136903494596481,2.773902654647827,0.7202720046043396,0.4012812077999115,0.39155349135398865,13.500486498475075,0.5938172340393066,0.3425557613372803,1174,471.91,0.7460731863975525,0.09188364446163177,-0.020927008241415024,-0.008607290564759751,0.7714869379997253,-0.012987904250621796,0.30176854133605957,1784480007.6811373,2.2131707668304443,462.531551821,0.7777778506278992,,11.24554443359375,39088
7.958333492279053,0.0416666679084301,0.40295061469078064,0.32766395807266235,0.00011390625000000003,0.25012728571891785,0.08150747418403625,1.6976722478866577,0.625,0.689677357673645,-0.6645810604095459,0.37986230850219727,0.03912423774600029,1.0833333730697632,0.17863444983959198,8.26865487098694,0.08322110772132874,2.886446952819824,0.7104701399803162,0.39480894804000854,0.39133697748184204,13.28064814299345,0.6176151633262634,0.3393669128417969,1175,462.58,0.7460395693778992,0.09383591264486313,-0.019133957102894783,-0.009468936543271411,0.833746075630188,-0.011371754109859467,0.3134169578552246,1784480010.2645526,2.140812873840332,465.129029745,0.7777778506278992,,11.407336235046387,40054
7.708333492279053,0.0,0.42049455642700195,0.3274400234222412,7.593750000000004e-05,0.26342397928237915,0.08385737985372543,1.8377561569213867,0.5,0.7282277941703796,-0.6625139713287354,0.38425880670547485,0.03761988766491413,1.0416667461395264,0.19332942366600037,8.24830207824707,0.08470743894577026,3.0586535930633545,0.718288779258728,0.399433970451355,0.39271053671836853,13.960939839482307,0.6058658361434937,0.34295305609703064,1176,471.84,0.7444230914115906,0.09342516958713531,-0.017994310706853867,-0.007580405803491885,0.8663579821586609,-0.009786139242351055,0.296356201171875,1784480012.8474863,2.1671555042266846,467.876581767,0.7777778506278992,,12.04261589050293,39904
7.625,0.0,0.43305128812789917,0.3271581828594208,7.593750000000002e-05,0.25055962800979614,0.08002994954586029,1.9444398880004883,0.5416666865348816,0.7505866289138794,-0.65317702293396,0.3717728555202484,0.036054793186485766,1.2083333730697632,0.18188314139842987,8.22016429901123,0.08288681507110596,3.05558180809021,0.6958985328674316,0.3872250020503998,0.39134007692337036,12.744531773030758,0.625436544418335,0.3314048647880554,1177,445.32,0.7438513040542603,0.08870862424373627,-0.019525745883584023,-0.009604483845760115,0.8430465459823608,-0.013482140377163887,0.3133053779602051,1784480015.5926194,2.316680669784546,470.329245957,0.7777778506278992,,11.61366081237793,37378
7.4166669845581055,0.0,0.37383151054382324,0.32687869668006897,7.593750000000002e-05,0.24199828505516052,0.08493456244468689,1.6626561880111694,0.5833333730697632,0.6518347263336182,-0.6632797718048096,0.3874679207801819,0.03627359140664339,0.875,0.1702573299407959,8.198979902267457,0.0799272209405899,2.7493951320648193,0.7194664478302002,0.40570008754730225,0.39075756072998047,13.548927314579487,0.573462963104248,0.34413838386535645,1178,458.7,0.7436559200286865,0.10168548673391342,-0.02039167284965515,-0.008665260228735861,0.782569408416748,-0.012241020798683167,0.29018139839172363,1784480018.0327084,2.0470099449157715,472.856641831,0.7777778506278992,,10.61013412475586,42060
6.625,0.0,0.3595740795135498,0.3266262710094452,0.00011390625000000003,0.27307605743408203,0.08120078593492508,1.8666290044784546,0.5833333730697632,0.7462422251701355,-0.645542323589325,0.36776942014694214,0.04019119776785374,1.0416667461395264,0.1903132051229477,8.172050142288208,0.08780332654714584,3.105550527572632,0.6871557235717773,0.3868193030357361,0.3888648450374603,12.967871485836804,0.6469730138778687,0.32729804515838623,1179,448.8,0.7445568442344666,0.09371200203895569,-0.022439993917942047,-0.008665987831773237,0.9213829040527344,-0.012923009693622589,0.32294797897338867,1784480020.5674489,2.1059741973876953,475.353991598,0.7777778506278992,,12.01658821105957,40472
6.5416669845581055,0.0,0.40916094183921814,0.326457142829895,0.00011390625000000006,0.2633689045906067,0.08125416189432144,1.710996150970459,0.625,0.6820046305656433,-0.6448121070861816,0.37363678216934204,0.04196132197976112,1.1666667461395264,0.1944119930267334,8.15995740890503,0.0859830230474472,2.82232928276062,0.6961086988449097,0.3896941542625427,0.3866826891899109,12.795393051579595,0.6038607954978943,0.3326893448829651,1180,443.47,0.7442671060562134,0.08967383950948715,-0.021245550364255905,-0.008130058017559349,0.8111292719841003,-0.012460112571716309,0.2908799648284912,1784480023.0570004,2.098151445388794,477.955801304,0.7777778506278992,,11.173765182495117,41148
7.6666669845581055,0.0416666679084301,0.3953908383846283,0.32620325684547424,7.593750000000004e-05,0.275679349899292,0.08310221135616302,1.8419631719589233,0.7083333730697632,0.7561365962028503,-0.6538451910018921,0.3784010410308838,0.042685509845614436,1.3333333730697632,0.19608980417251587,8.138480424880981,0.08769595623016357,3.0694327354431152,0.7047600746154785,0.3944825530052185,0.38566023111343384,13.23641918465495,0.66614830493927,0.3372274339199066,1181,458.19,0.7433011531829834,0.09215965121984482,-0.021098826080560684,-0.007329096813919023,0.9073216319084167,-0.012049764394760132,0.31917762756347656,1784480025.6757398,2.183785915374756,480.533088155,0.7777778506278992,,12.165853500366211,39275
8.041666984558105,0.0416666679084301,0.4436732232570648,0.3259168267250061,0.00017085937500000006,0.24560946226119995,0.08234561234712601,1.7542762756347656,0.5416666865348816,0.6831077337265015,-0.6444057822227478,0.3734799325466156,0.03583603426814079,1.0833333730697632,0.17975912988185883,8.110653305053711,0.0829472690820694,2.8625991344451904,0.6941909790039062,0.38971075415611267,0.3866163194179535,12.99016998630017,0.5954792499542236,0.33175066113471985,1182,446.53,0.7434670925140381,0.09156220406293869,-0.021064922213554382,-0.008129385497886688,0.8113372325897217,-0.011483076959848404,0.3256649971008301,1784480028.257518,2.1319854259490967,483.203393405,0.7777778506278992,,11.042213439941406,39999
7.5416669845581055,0.0416666679084301,0.39428919553756714,0.3257577419281006,0.00017085937500000009,0.2507021427154541,0.08561867475509644,1.824386477470398,0.4583333432674408,0.6727825999259949,-0.6569192409515381,0.3863566815853119,0.038132876716554166,0.8333333730697632,0.1781938076019287,8.092040300369263,0.08231447637081146,2.8902907371520996,0.7119876742362976,0.40361320972442627,0.38887685537338257,13.34165827602148,0.5856965184211731,0.3385905921459198,1183,458.16,0.7418006658554077,0.09709839522838593,-0.020291997119784355,-0.009139979735482483,0.8263029456138611,-0.011770032346248627,0.308821439743042,1784480030.9200487,2.2381598949432373,485.715277057,0.7777778506278992,,11.272405624389648,38596
7.333333492279053,0.0,0.4297197759151459,0.3256060481071472,0.00011390625000000006,0.2884415090084076,0.08000741899013519,1.994789958000183,0.5833333730697632,0.758485734462738,-0.6343932151794434,0.3650587499141693,0.03726468216627836,1.4583333730697632,0.21307441592216492,8.076057767868042,0.09549941122531891,3.143108367919922,0.6812992095947266,0.38010284304618835,0.38988110423088074,13.128114973306657,0.6587076187133789,0.3240094780921936,1184,447.23,0.7408754229545593,0.09149333089590073,-0.018605513498187065,-0.008111290467059006,0.9077547788619995,-0.012938378378748894,0.3220703601837158,1784480033.4382312,2.073713541030884,488.266559857,0.7777778506278992,,12.466612815856934,41032
7.4166669845581055,0.0416666679084301,0.42083990573883057,0.32556071877479553,7.593750000000004e-05,0.2440246194601059,0.08554401248693466,1.6346348524093628,0.7083333730697632,0.6698217391967773,-0.6544865965843201,0.3850720524787903,0.040411549620330334,0.8333333730697632,0.17626605927944183,8.069860649108886,0.08350341022014618,2.7272586822509766,0.708358645439148,0.40201422572135925,0.39129623770713806,13.292157557159662,0.5945002436637878,0.3379475474357605,1185,453.65,0.74056476354599,0.10182225704193115,-0.018472857773303986,-0.00897103114402853,0.8062645792961121,-0.012628793716430664,0.2979161739349365,1784480035.97034,2.131880044937134,491.29582055,0.7777778506278992,,11.097891807556152,40457
7.2916669845581055,0.0,0.38494962453842163,0.3254040777683258,0.00011390625000000003,0.24391572177410126,0.08545859158039093,1.900808334350586,0.25,0.7300485968589783,-0.6640259623527527,0.3878626823425293,0.041141390800476074,1.0833333730697632,0.17077407240867615,8.0640465259552,0.08184888958930969,2.9531257152557373,0.7208821177482605,0.40737462043762207,0.3881560266017914,13.59196479022503,0.6329744458198547,0.3440677523612976,1186,465.15,0.7411257028579712,0.09682580083608627,-0.01981646940112114,-0.008386232715565711,0.8566175699234009,-0.011496813967823982,0.2984921932220459,1784480039.0933278,2.6297521591186523,493.91056572,0.7777778506278992,"{'path': 'media/videos/video_1186_25cf230e9eb43ac878c9.mp4', 'size': 1355827.0, '_type': 'video-file', 'sha256': '25cf230e9eb43ac878c95a08ace98317f0f9b533133ca2865ce66a67a1565133'}",12.023913383483887,33570
7.75,0.0,0.4127214848995209,0.3253650963306427,0.00011390625000000006,0.28292080760002136,0.08282095193862915,1.925100564956665,0.75,0.77781081199646,-0.641578733921051,0.37225890159606934,0.04380553402006626,1.2916667461395264,0.22061602771282196,8.054051637649536,0.0927300751209259,3.1527411937713623,0.6890425086021423,0.3899940252304077,0.3840976655483246,12.830922478288413,0.6870284080505371,0.32750403881073,1187,445.79,0.7423996925354004,0.0963277518749237,-0.019686779007315636,-0.008658173144795,0.9024354815483093,-0.012730246409773827,0.2922670841217041,1784480041.6232142,2.13684344291687,496.374824662,0.7777778506278992,,12.133089065551758,40469
7.75,0.0833333358168602,0.3772470951080322,0.3253782093524933,7.593750000000004e-05,0.2759774327278137,0.08317381143569946,1.7283954620361328,0.5833333730697632,0.7616019248962402,-0.6402041912078857,0.3739926815032959,0.035644144378602506,1.125,0.20507189631462097,8.04967222213745,0.09110100567340851,3.0358715057373047,0.690760612487793,0.39045366644859314,0.3839338719844818,13.065051420629025,0.6490417718887329,0.33009204268455505,1188,444.29,0.7420105934143066,0.09471946209669113,-0.020002765581011772,-0.00770516007905826,0.9002036452293396,-0.011410990729928017,0.2934987545013428,1784480044.077238,2.0610709190368652,498.931206791,0.7777778506278992,,12.070907592773438,41750
8.041666984558105,0.0416666679084301,0.42684826254844666,0.3252694010734558,0.00011390625000000003,0.25034600496292114,0.08379258960485458,1.7621738910675049,0.7083333730697632,0.7007067203521729,-0.6548046469688416,0.38010451197624207,0.04311947803944349,1.25,0.17698495090007782,8.04695029258728,0.08243976533412933,2.901822566986084,0.7082154750823975,0.3936268985271454,0.3849041163921356,12.207587653696537,0.604992151260376,0.33898818492889404,1189,431.79,0.7425330877304077,0.08858352154493332,-0.020846670493483543,-0.008501500260899774,0.7959423065185547,-0.011245572939515114,0.31615185737609863,1784480046.6536384,2.1381516456604004,501.453908717,0.7777778506278992,,11.360785484313965,40053
7.958333492279053,0.0,0.38911592960357666,0.3252567946910858,7.593750000000004e-05,0.2687320113182068,0.08222837001085281,1.720110297203064,0.875,0.7313270568847656,-0.6370089054107666,0.36919087171554565,0.043352160789072516,1.5,0.20312409102916718,8.039279556274414,0.08932624757289886,3.0605037212371826,0.6867249011993408,0.38552266359329224,0.38999077677726746,13.315189840197563,0.6308276057243347,0.3275279700756073,1190,452.47,0.7401353716850281,0.09104613959789276,-0.01900346949696541,-0.007466117653530091,0.8377308249473572,-0.012142078951001167,0.287034273147583,1784480049.1593716,2.1137428283691406,503.849403703,0.7777778506278992,,12.163496017456055,40946
8.25,0.0,0.4374438226222992,0.3251378536224365,7.593750000000002e-05,0.2559543251991272,0.08669941127300262,1.723886251449585,0.75,0.7032583951950073,-0.6617127656936646,0.39163678884506226,0.041621583700180056,1.0416667461395264,0.18601839244365692,8.035964632034302,0.08659853041172028,2.8641326427459717,0.719102144241333,0.4060351848602295,0.39153096079826355,13.686810940504074,0.6191200017929077,0.34543418884277344,1191,466.11,0.7397131323814392,0.09508451074361801,-0.0210568904876709,-0.008732210024027154,0.8425673246383667,-0.011266983114182949,0.2849245071411133,1784480051.556527,2.01021671295166,506.420387889,0.7777778506278992,,11.25775146484375,42831
7.25,0.0,0.3899334669113159,0.32497021555900574,0.00011390625000000003,0.301510751247406,0.08190145343542099,1.964341640472412,0.875,0.7858748435974121,-0.6115090847015381,0.36250942945480347,0.03642810359597206,1.125,0.24093744158744812,8.02309808731079,0.09759649634361267,3.193784713745117,0.6684969663619995,0.37789952754974365,0.39005786180496216,12.13575271844864,0.692950427532196,0.318827748298645,1192,415.55,0.7410202026367188,0.08596554398536682,-0.01949981600046158,-0.008051976985552756,0.9111511707305908,-0.012299954891204834,0.31281352043151855,1784480054.1465292,2.1557838916778564,508.911579429,0.7777778506278992,,11.936941146850586,39821
8.583333969116211,0.0,0.4272405803203583,0.324797660112381,0.00011390625000000006,0.25178566575050354,0.08354534953832626,1.7196002006530762,0.5,0.6985771656036377,-0.6425343751907349,0.3745066821575165,0.04148175455629825,1.1666667461395264,0.18620775640010834,8.003918147087097,0.08408566564321518,2.983614683151245,0.6937887668609619,0.38819289207458496,0.392198771238327,12.533767062425614,0.599616527557373,0.3323335647583008,1193,435.72,0.7399557828903198,0.0897572860121727,-0.018018579110503197,-0.008227238507242874,0.8379548788070679,-0.01113525964319706,0.29314231872558594,1784480056.6186934,2.072894334793091,511.299662916,0.7777778506278992,,12.075345993041992,41547
7.1666669845581055,0.0,0.39940476417541504,0.32468166947364807,0.00011390625000000006,0.2661280632019043,0.08456404507160187,1.8675928115844727,0.5833333730697632,0.7576238512992859,-0.6391499042510986,0.3727418780326843,0.038603977859020235,1.125,0.19259795546531677,7.991415810585022,0.08590273559093475,3.018488645553589,0.6932381391525269,0.3890551030635834,0.3928060233592987,13.229680886473506,0.6599093675613403,0.3299771845340729,1194,451.14,0.7391542792320251,0.09008216857910156,-0.01951400563120842,-0.008176571188960225,0.8857139348983765,-0.011474944651126862,0.29503464698791504,1784480059.0020733,1.9907517433166504,513.903794711,0.7777778506278992,,12.22787094116211,43006
7.375,0.0,0.4110388159751892,0.3245548903942108,7.593750000000004e-05,0.23147761821746826,0.08590101450681686,1.6620450019836426,0.4166666865348816,0.6457747220993042,-0.6573928594589233,0.38216632604599,0.03839199412614107,1.0,0.16633978486061096,7.979057455062867,0.07744088768959045,2.781824827194214,0.7120490074157715,0.39947184920310974,0.3927738070487976,13.807695161700249,0.5598472952842712,0.3392641246318817,1195,474.97,0.7376119494438171,0.09068495035171509,-0.018010292202234268,-0.008874229242792353,0.7946564555168152,-0.011466654017567635,0.3093278408050537,1784480061.6175025,2.1970770359039307,516.53086649,0.7777778506278992,,11.395217895507812,39221
7.708333492279053,0.0416666679084301,0.39753851294517517,0.3243557810783386,0.00011390625000000003,0.2539239227771759,0.0867556780576706,1.7405771017074585,0.3333333432674408,0.6875988245010376,-0.6421711444854736,0.3863588273525238,0.04223460163921118,1.3333333730697632,0.18939495086669922,7.95997052192688,0.08198951929807663,2.85015869140625,0.7048020362854004,0.3987386226654053,0.39261943101882935,13.309255332946778,0.5892302393913269,0.3388647437095642,1196,443.59,0.7369917631149292,0.09558277577161789,-0.01766427606344223,-0.008642285550013184,0.8259581327438354,-0.010678338818252087,0.3159019947052002,1784480064.2514446,2.2000162601470947,519.050668698,0.7777778506278992,,11.243505477905273,39072
7.5416669845581055,0.0,0.42075902223587036,0.3242564797401428,7.593750000000004e-05,0.25215911865234375,0.08476879447698593,1.888930320739746,0.5416666865348816,0.7451280951499939,-0.6305752992630005,0.3729150891304016,0.038061834312975405,1.4166667461395264,0.18150931596755981,7.947496223449707,0.08383145183324814,3.0318360328674316,0.6824300289154053,0.38763904571533203,0.3897191882133484,12.773003415465356,0.6339404582977295,0.3253321647644043,1197,434.78,0.737433910369873,0.0933910459280014,-0.020723870024085045,-0.008092558779753744,0.8295860290527344,-0.011293481104075909,0.28906941413879395,1784480066.7566214,2.1142404079437256,521.649107425,0.7777778506278992,,11.955574035644531,40903
7.7916669845581055,0.0,0.38482826948165894,0.32402053475379944,0.00011390625000000003,0.26489752531051636,0.0822673812508583,1.8372182846069336,0.5416666865348816,0.701657235622406,-0.6200329065322876,0.3652610182762146,0.040604228526353835,1.5,0.20026418566703796,7.930098605155945,0.08836855739355087,3.0157384872436523,0.671949565410614,0.3787601590156555,0.386879026889801,12.828182088136673,0.5661171674728394,0.3226717710494995,1198,442.33,0.7369617819786072,0.09007283300161362,-0.019566236063838005,-0.008024144358932972,0.8815653324127197,-0.011470727622509003,0.31228137016296387,1784480069.3718379,2.183863401412964,524.179537794,0.7777778506278992,,12.000563621520996,39382
7.2916669845581055,0.0,0.3967309892177582,0.323917955160141,0.00011390625000000006,0.25418809056282043,0.08692628145217896,1.770012617111206,0.5833333730697632,0.7316745519638062,-0.6411758661270142,0.3842353820800781,0.03896285481750965,1.1666667461395264,0.18193984031677246,7.916185474395752,0.08672736585140228,2.8973827362060547,0.702502965927124,0.39983123540878296,0.3866628408432007,13.353927772417665,0.6343942880630493,0.33578401803970337,1199,453.31,0.7349601984024048,0.09506109356880188,-0.018793253228068352,-0.008564888266846538,0.8388255834579468,-0.01117232721298933,0.29509758949279785,1784480071.8890047,2.1146600246429443,526.738554788,0.7777778506278992,,11.581840515136719,40794
6.583333492279053,0.0416666679084301,0.38615089654922485,0.32369741797447205,0.00011390625000000006,0.24997268617153168,0.0858800932765007,1.80203378200531,0.5416666865348816,0.6959118843078613,-0.63987135887146,0.381649374961853,0.041274276562035084,1.0416667461395264,0.1855451762676239,7.902502202987671,0.08517181128263474,2.874673366546631,0.7021641135215759,0.39586567878723145,0.3888007402420044,12.62344311028719,0.5997182130813599,0.3349040448665619,1200,431.04,0.7330290675163269,0.09134324640035629,-0.02228493243455887,-0.008503368409583345,0.823401153087616,-0.010404465720057487,0.31691932678222656,1784480074.4605312,2.1357076168060303,529.345208701,0.7777778506278992,,11.164607048034668,40081
6.5416669845581055,0.0416666679084301,0.40324875712394714,0.3233678936958313,0.00017085937500000009,0.2537187933921814,0.08517681807279587,1.6477206945419312,0.75,0.6431409120559692,-0.6451316475868225,0.37744662165641785,0.035198969580233094,0.9583333730697632,0.19659565389156342,7.880758881568909,0.0862845703959465,2.6831185817718506,0.699142575263977,0.39064157009124756,0.3908713757991791,12.836716342121363,0.5814664959907532,0.3356761932373047,1201,443.41,0.7335559129714966,0.08436854928731918,-0.021012768149375916,-0.008500696689588949,0.7743029594421387,-0.010831844061613083,0.301222562789917,1784480077.051846,2.185770034790039,531.888219198,0.7777778506278992,,10.855964660644531,39527
7.625,0.0,0.402073472738266,0.3231470286846161,0.00011390625000000006,0.23495528101921082,0.08603142946958542,1.7385777235031128,0.5833333730697632,0.6455346941947937,-0.6490711569786072,0.38134846091270447,0.039805770851671696,1.0,0.1775456666946411,7.854086518287659,0.07878711819648743,2.798330307006836,0.7036619186401367,0.39723414182662964,0.3923961818218231,13.281858219057321,0.520655632019043,0.33679959177970886,1202,455.71,0.7330788373947144,0.09328886866569519,-0.019456185400485992,-0.00687120508227963,0.827059268951416,-0.011671575717628002,0.2845306396484375,1784480079.5948524,2.1561825275421143,534.437231288,0.7777778506278992,,11.305244445800781,40276
7.9166669845581055,0.0416666679084301,0.33910056948661804,0.323065847158432,0.00011390625000000006,0.26322078704833984,0.08648987114429474,1.873615026473999,0.7916666865348816,0.710700511932373,-0.6284706592559814,0.38000985980033875,0.03694017771631479,1.2083333730697632,0.19770511984825134,7.83887734413147,0.08714630454778671,3.0471134185791016,0.6919528841972351,0.39241689443588257,0.3913581371307373,13.416090734452009,0.6007580757141113,0.3309078514575958,1203,442.32,0.7322758436203003,0.09271609783172607,-0.015706829726696014,-0.007253231800859794,0.8840680122375488,-0.010811295360326767,0.29522132873535156,1784480082.140975,2.1504998207092285,537.074325089,0.7777778506278992,,11.87226676940918,40194
7.2916669845581055,0.0,0.3998068571090698,0.3231417238712311,0.00011390625000000006,0.2491046041250229,0.08856933563947678,1.7492058277130127,0.5,0.6793819665908813,-0.6480578184127808,0.3863034248352051,0.03803598545491695,0.875,0.18757468461990356,7.842439460754394,0.08454345166683197,2.8467884063720703,0.7072423696517944,0.40266770124435425,0.390433132648468,13.761005421876908,0.5996543169021606,0.33907800912857056,1204,465.3,0.7318798303604126,0.09382568299770355,-0.022051652893424034,-0.008385633880971,0.8253024816513062,-0.011809317395091057,0.3121829032897949,1784480084.7978814,2.2238895893096924,539.598970202,0.7777778506278992,,11.108638763427734,38762
7.4166669845581055,0.0833333358168602,0.43381381034851074,0.3231601417064667,0.00011390625000000006,0.2642761766910553,0.08544249832630157,1.887599229812622,0.5833333730697632,0.7403131723403931,-0.6329001784324646,0.37772494554519653,0.0411926144734025,1.5416667461395264,0.19485442340373993,7.841726493835449,0.08871017396450043,3.1269311904907227,0.693213164806366,0.3902066648006439,0.3902517557144165,12.690093915555627,0.6307798624038696,0.3315858244895935,1205,434.45,0.7313135862350464,0.09243232011795044,-0.02129461243748665,-0.008047433753381484,0.8881750106811523,-0.01180635578930378,0.2911543846130371,1784480087.3014102,2.1115407943725586,542.136464847,0.7777778506278992,,12.223276138305664,40914
7.708333492279053,0.0,0.3889583349227905,0.32321789860725403,0.00011390625000000006,0.22644534707069397,0.09104837477207184,1.7015972137451172,0.375,0.7100204229354858,-0.655072808265686,0.3957897424697876,0.042251056618988515,1.1666667461395264,0.1551222801208496,7.847731447219848,0.07691839337348938,2.8051459789276123,0.7223412394523621,0.4102081060409546,0.3883816599845886,13.58219710469246,0.5981826186180115,0.3472440242767334,1206,447.22,0.7309590578079224,0.09606726467609406,-0.019495658576488495,-0.00807055035547819,0.8044675588607788,-0.010377420112490654,0.28885746002197266,1784480089.8474762,2.1516225337982178,545.261321463,0.7777778506278992,,11.162973403930664,40280
7.125,0.0,0.44754254817962646,0.3230805993080139,0.00011390625000000006,0.2775211036205292,0.08210274577140808,2.0442609786987305,0.625,0.8054425120353699,-0.6058063507080078,0.3593691289424896,0.041117933206260206,1.5416667461395264,0.19993862509727478,7.842190933227539,0.09483012557029724,3.1932075023651123,0.6597315669059753,0.37230342626571655,0.38694068789482117,13.086478571891785,0.6927261352539062,0.31527450680732727,1207,442.38,0.7306636571884155,0.08889427781105042,-0.022279633209109306,-0.008353759946930949,0.9299442768096924,-0.010601276531815529,0.30417680740356445,1784480093.0810788,2.713209629058838,547.900674021,0.7777778506278992,"{'_type': 'video-file', 'sha256': 'e7313a49c3f544238bdd578914c247e2d7532db29ea1b54bdfc042e765a53528', 'path': 'media/videos/video_1207_e7313a49c3f544238bdd.mp4', 'size': 1563381.0}",12.367560386657715,32579
7.958333492279053,0.0,0.3792194724082947,0.3230394721031189,0.00011390625000000006,0.23843300342559814,0.089159294962883,1.7567399740219116,0.375,0.6408180594444275,-0.646577000617981,0.38941019773483276,0.04191559571772814,1.375,0.1779727190732956,7.8314742088317875,0.08051551878452301,2.799015760421753,0.7118116617202759,0.4044390320777893,0.38704046607017517,13.390969997644424,0.5357650518417358,0.33909520506858826,1208,451.57,0.7297077178955078,0.09240329265594482,-0.016758477315306664,-0.009065670087875333,0.7947325706481934,-0.009982283227145672,0.2883913516998291,1784480095.6046128,2.1447885036468506,550.436489462,0.7777778506278992,,11.140849113464355,40401
8.166666984558105,0.0,0.395130455493927,0.32306426763534546,7.593750000000004e-05,0.25423309206962585,0.08807363361120224,1.802071452140808,0.625,0.7168278694152832,-0.627005934715271,0.37871265411376953,0.04146947301924229,1.4583333730697632,0.18797461688518524,7.833670687675476,0.08456318080425262,2.912719488143921,0.6923033595085144,0.3962356448173523,0.3875308930873871,13.421355779469014,0.6040735244750977,0.3308030962944031,1209,445.96,0.7291923761367798,0.0907488614320755,-0.017958050593733788,-0.007739292678888887,0.8411340713500977,-0.010488352738320827,0.2927975654602051,1784480098.1375287,2.143594980239868,552.931687753,0.7777778506278992,,11.594242095947266,40348
7.375,0.0,0.3692600131034851,0.322968065738678,7.593750000000002e-05,0.2679472863674164,0.08722230046987534,1.7429836988449097,0.5833333730697632,0.7105145454406738,-0.6438256502151489,0.3832293450832367,0.03984102867543697,1.375,0.1956799030303955,7.825696969032288,0.08965839445590973,2.8832545280456543,0.7029623985290527,0.39490604400634766,0.38982540369033813,12.92992382645607,0.6092853546142578,0.3359054923057556,1210,443.71,0.7272891402244568,0.09337302297353745,-0.0157010555267334,-0.007783066085539758,0.8528214693069458,-0.011771660298109055,0.2910447120666504,1784480100.6400301,2.107599973678589,555.485401183,0.7777778506278992,,11.193479537963867,40983
8.458333969116211,0.0416666679084301,0.41313037276268005,0.3230264186859131,0.00011390625000000003,0.2451978623867035,0.09056155383586884,1.7072217464447021,0.4166666865348816,0.7316546440124512,-0.6533255577087402,0.39213475584983826,0.04580636247992516,1.3333333730697632,0.18380342423915863,7.818313574790954,0.0834231823682785,2.833641529083252,0.7129952311515808,0.4034459590911865,0.3888871669769287,13.36448032528162,0.6390419006347656,0.3403334617614746,1211,453.95,0.7264070510864258,0.09472694247961044,-0.019483139738440514,-0.008198046978213825,0.8138902187347412,-0.011593985371291637,0.3053297996520996,1784480103.1927633,2.1436028480529785,557.90899642,0.7777778506278992,,10.991045951843262,40141
7.583333492279053,0.0416666679084301,0.37284529209136963,0.32304227352142334,7.593750000000004e-05,0.2877085208892822,0.08626189827919006,1.859006643295288,0.8333333730697632,0.7976083159446716,-0.6233059763908386,0.37376996874809265,0.04592574127018452,1.4583333730697632,0.21566510200500488,7.825920438766479,0.09621437638998032,3.194113254547119,0.6814475059509277,0.3906545341014862,0.3903118371963501,13.531550190746785,0.6874028444290161,0.32527899742126465,1212,448.35,0.724449098110199,0.09340330213308334,-0.018493957817554474,-0.008654832583852112,0.9294731020927429,-0.012286536395549774,0.29247498512268066,1784480105.6134257,2.029128074645996,560.55099498,0.7777778506278992,,12.71063232421875,42343
7.4166669845581055,0.0,0.39851436018943787,0.3230072557926178,0.00011390625000000003,0.2629650831222534,0.08637802302837372,1.820534110069275,0.7083333730697632,0.7374032735824585,-0.6229652166366577,0.3744279146194458,0.045924409106373784,1.375,0.20119887590408325,7.817476272583008,0.08999073505401611,2.940244197845459,0.6826767325401306,0.3862649202346802,0.38829582929611206,12.886114260088652,0.6210375428199768,0.3273925185203552,1213,429.17,0.7255465388298035,0.09008996188640594,-0.017632953822612762,-0.008883430593414232,0.8757199048995972,-0.010757084004580975,0.3102686405181885,1784480108.264334,2.2302632331848145,562.969999426,0.7777778506278992,,11.637136459350586,38694
7.9166669845581055,0.0,0.40052852034568787,0.32318300008773804,5.0625000000000024e-05,0.2581433057785034,0.08946322649717331,1.811224341392517,0.7083333730697632,0.6810318231582642,-0.6399145126342773,0.3839830756187439,0.0439659159630537,1.4583333730697632,0.19178223609924316,7.832236361503601,0.08411731570959091,2.887512683868408,0.7046397924423218,0.39942073822021484,0.38721963763237,13.36186575241387,0.5824517011642456,0.3384779393672943,1214,453.11,0.7250684499740601,0.09536218643188477,-0.015140331350266933,-0.007216425414662808,0.8224838972091675,-0.011260046623647213,0.2895505428314209,1784480110.6749055,2.0178682804107666,565.522690985,0.7777778506278992,,10.944490432739258,42603
7.0,0.0,0.4244458079338074,0.32289233803749084,0.00011390625000000005,0.23694050312042236,0.09039270877838135,1.7619441747665405,0.5,0.6517921686172485,-0.6452127695083618,0.38769015669822693,0.034732753224670884,0.9166666865348816,0.1735285222530365,7.823555135726929,0.07914616167545319,2.8540523052215576,0.7088162899017334,0.40183576941490173,0.38769447803497314,13.368949919193984,0.5511739253997803,0.3381572663784027,1215,449.59,0.7239135503768921,0.09421678632497787,-0.020671356469392776,-0.00850763746566372,0.7860860228538513,-0.010422946885228157,0.3085336685180664,1784480113.2482176,2.142721176147461,568.040863102,0.7777778506278992,,11.60230827331543,40103
6.75,0.0416666679084301,0.3812505602836609,0.3227275311946869,0.00011390625000000003,0.26706981658935547,0.09042161703109741,1.8318794965744019,0.5416666865348816,0.7650994658470154,-0.6431846618652344,0.3920843005180359,0.041289632022380826,1.0,0.20547306537628174,7.797070145606995,0.08962100744247437,3.092899799346924,0.7112686038017273,0.40542173385620117,0.38695186376571655,12.967071792781352,0.6591839790344238,0.3423473834991455,1216,433.39,0.7246031761169434,0.09531006217002869,-0.019425176084041595,-0.008779582838178613,0.8940318822860718,-0.010805374942719936,0.29512786865234375,1784480115.7484736,2.097787618637085,570.577184443,0.7777778506278992,,11.946088790893555,41081
8.5,0.0,0.39218127727508545,0.32273298501968384,0.00011390625000000003,0.2617206573486328,0.08798877894878387,1.7669166326522827,0.7916666865348816,0.7192713618278503,-0.6392948031425476,0.37996721267700195,0.040907206013798714,1.4166667461395264,0.19360344111919403,7.7985217571258545,0.08656170964241028,2.8698537349700928,0.6979119181632996,0.3935743272304535,0.38553211092948914,12.742697399556636,0.6090837717056274,0.33451852202415466,1217,434.25,0.7242804765701294,0.09148292243480682,-0.019769148901104927,-0.008731412751876633,0.8777591586112976,-0.010965697467327118,0.3182647228240967,1784480118.2942927,2.114642858505249,573.129723231,0.7777778506278992,,11.54661750793457,40405
7.458333492279053,0.0416666679084301,0.44629669189453125,0.3226815164089203,0.00011390625000000003,0.2748469114303589,0.08660067617893219,1.9820432662963867,0.75,0.7267269492149353,-0.624586820602417,0.37422919273376465,0.04677029810845852,1.1666667461395264,0.201381117105484,7.795741176605224,0.09063802659511566,2.986332416534424,0.6861919164657593,0.3891153931617737,0.38684558868408203,13.146578814387322,0.6299240589141846,0.32858049869537354,1218,438.3,0.7242364883422852,0.09042038768529892,-0.016342906281352043,-0.007855325690979954,0.8570210337638855,-0.011338988319039345,0.2949080467224121,1784480120.8316422,2.143068790435791,575.605505054,0.7777778506278992,,11.538215637207031,40321
7.5,0.0,0.4278152883052826,0.3226424753665924,0.00011390625000000003,0.26369819045066833,0.08865885436534882,1.8720754384994507,0.8333333730697632,0.7750763893127441,-0.629065215587616,0.38092848658561707,0.04505134876817465,1.4166667461395264,0.18262585997581482,7.79400486946106,0.08780914545059204,3.0540523529052734,0.6945714950561523,0.39550673961639404,0.38744649291038513,13.115811706036329,0.6653815507888794,0.33351701498031616,1219,445.29,0.7228002548217773,0.09233400225639343,-0.02374434284865856,-0.010221459651074839,0.8934319019317627,-0.010942474007606506,0.2873988151550293,1784480123.3151743,2.08981990814209,578.035324921,0.7777778506278992,,12.179719924926758,41352
6.875,0.0,0.3741973638534546,0.32283899188041687,0.00011390625000000003,0.2710620164871216,0.08540034294128418,1.8296021223068237,0.5,0.7518936991691589,-0.6147925853729248,0.3672371506690979,0.041119825839996335,1.375,0.200600266456604,7.799607992172241,0.08878831565380096,3.0063161849975586,0.6764081716537476,0.38194727897644043,0.38654088973999023,12.624103071764111,0.6629563570022583,0.3242535889148712,1220,427.29,0.7221853137016296,0.08904768526554108,-0.019229570403695107,-0.009077651370898821,0.8671256899833679,-0.010501228272914886,0.29510927200317383,1784480125.7356203,2.030122995376587,580.520363293,0.7777778506278992,,11.968734741210938,42277
6.1666669845581055,0.0416666679084301,0.40341371297836304,0.32283249497413635,7.593750000000004e-05,0.2878122329711914,0.08585815131664276,1.9054169654846191,0.625,0.7590508460998535,-0.6181946992874146,0.3666905164718628,0.040880065970122816,1.1666667461395264,0.22052644193172455,7.813726902008057,0.09654550999403,3.1026415824890137,0.6733411550521851,0.38137897849082947,0.38679039478302,12.645062788398937,0.6589683294296265,0.3224102854728699,1221,432.57,0.7228964567184448,0.08842281997203827,-0.01578240655362606,-0.008388014725642278,0.8989762663841248,-0.011383223347365856,0.3132438659667969,1784480128.2449818,2.0754284858703613,583.247220167,0.7777778506278992,,12.142766952514648,41154
7.0,0.0,0.44465476274490356,0.3225404620170593,0.00011390625000000003,0.23948340117931366,0.09224431961774826,1.726873755455017,0.375,0.6802725791931152,-0.6516415476799011,0.39147472381591797,0.04048640001565218,1.1666667461395264,0.17757025361061096,7.796619582176208,0.08171192556619644,2.8823506832122803,0.7180966138839722,0.41084858775138855,0.38477903604507446,13.814080781936646,0.5896444320678711,0.34457966685295105,1222,465.91,0.724425196647644,0.09236975014209747,-0.01758646033704281,-0.008607574188499712,0.8204894065856934,-0.012111632153391838,0.31009531021118164,1784480130.9634593,2.2896180152893066,585.73108432,0.7777778506278992,,11.315801620483398,37813
6.6666669845581055,0.0,0.3439515233039856,0.32215502858161926,0.00011390625000000003,0.26712650060653687,0.08774413913488388,1.8082857131958008,0.8333333730697632,0.7296692728996277,-0.6297302842140198,0.3766040802001953,0.040820303559303286,1.3333333730697632,0.1909458488225937,7.764722466468811,0.0875820517539978,3.073575973510742,0.6883988380432129,0.38958919048309326,0.3820975720882416,13.064648473262787,0.6020098328590393,0.3324032127857208,1223,437.41,0.7260038256645203,0.0911383181810379,-0.01998295448720455,-0.009122652601217852,0.8818430304527283,-0.011131105944514275,0.2951686382293701,1784480133.4330437,2.076570510864258,588.349433441,0.7777778506278992,,12.2139892578125,41448
8.5,0.0,0.43601641058921814,0.3220241963863373,0.00011390625000000006,0.23976990580558777,0.09224158525466919,1.7110936641693115,0.625,0.6681431531906128,-0.6472156047821045,0.39207881689071655,0.03884948715567589,0.875,0.17702196538448334,7.748018050193787,0.08247201144695282,2.745978832244873,0.7137198448181152,0.40902209281921387,0.3840140700340271,13.377700783908367,0.5826720595359802,0.34324342012405396,1224,444.87,0.7250674962997437,0.09444933384656906,-0.01963072083890438,-0.008384799119085073,0.8133419752120972,-0.010616223327815533,0.3103339672088623,1784480136.0635886,2.2109193801879883,590.818809185,0.7777778506278992,,10.88575267791748,38990
6.708333492279053,0.0,0.3313884735107422,0.3219298720359802,0.00011390625000000006,0.2381693422794342,0.09099655598402023,1.6756752729415894,0.5833333730697632,0.6502147912979126,-0.6362026929855347,0.3881942629814148,0.041863616369664666,0.9583333730697632,0.17222443222999573,7.737909603118896,0.08047069609165192,2.8333606719970703,0.7049496173858643,0.40289434790611267,0.38277989625930786,13.170111268758774,0.5497351884841919,0.33896321058273315,1225,442.89,0.725428581237793,0.09550423920154572,-0.020857974886894226,-0.007700890128035098,0.79576575756073,-0.010312606580555439,0.2959897518157959,1784480138.5231025,2.062994956970215,593.440958799,0.7777778506278992,,10.838480949401855,41672
7.833333492279053,0.0,0.4005415439605713,0.32186055183410645,0.00011390625000000006,0.23219820857048035,0.08965688198804855,1.6781466007232666,0.4583333432674408,0.6996833086013794,-0.6355344653129578,0.3837369680404663,0.041738538444042204,1.2083333730697632,0.1600106656551361,7.729247641563416,0.07966883480548859,2.835629463195801,0.7019237279891968,0.39886927604675293,0.3798031210899353,13.304997096583246,0.6140645146369934,0.3385452628135681,1226,446.55,0.7261897921562195,0.09365161508321762,-0.021454092115163803,-0.009162588429171592,0.8029288649559021,-0.01033901609480381,0.3049590587615967,1784480141.1493113,2.216782331466675,595.985517225,0.7777778506278992,,11.411136627197266,38982
7.5,0.0416666679084301,0.3894023895263672,0.3216414749622345,0.00011390625000000006,0.27007606625556946,0.0891372412443161,1.8836016654968262,0.6666666865348816,0.7455284595489502,-0.6338790655136108,0.3799537420272827,0.03683531545102596,1.2916667461395264,0.20167812705039978,7.716510605812073,0.089288130402565,3.1030166149139404,0.6948755979537964,0.3940694332122803,0.3814963698387146,13.076014674529434,0.6368023157119751,0.33398720622062683,1227,438.16,0.7246347665786743,0.09348025918006897,-0.023329634219408035,-0.0099451151676476,0.8845561742782593,-0.011047203093767166,0.32895350456237793,1784480143.7041354,2.1090493202209473,599.224631741,0.7777778506278992,,12.190542221069336,40321
8.0,0.0833333358168602,0.35566258430480957,0.321766197681427,0.00017085937500000009,0.23393338918685913,0.0925682932138443,1.8668549060821533,0.2916666865348816,0.6381218433380127,-0.6592367887496948,0.3934733271598816,0.03970382008701563,0.8333333730697632,0.16582725942134857,7.7060541152954105,0.07743550837039948,2.8008875846862793,0.7202644348144531,0.4124487340450287,0.3814353942871094,14.339518280178309,0.5670140981674194,0.34624195098876953,1228,477.35,0.723408579826355,0.09821666777133942,-0.021675284951925278,-0.008985366471461021,0.8074405193328857,-0.011685773730278015,0.295881986618042,1784480147.007706,2.8272628784179688,601.828041736,0.7777778506278992,"{'path': 'media/videos/video_1228_04319151f3b55691fc6d.mp4', 'size': 1697737.0, '_type': 'video-file', 'sha256': '04319151f3b55691fc6da683ffc9d29da16e726647c9f0ae437b4dcdf41b333b'}",11.30979061126709,31475
8.0,0.0,0.43468040227890015,0.32162660360336304,0.00017085937500000009,0.23493391275405884,0.09348362684249878,1.672939658164978,0.3333333432674408,0.665562629699707,-0.6633948087692261,0.40004539489746094,0.041296005994081494,1.0416667461395264,0.16506585478782654,7.714184308052063,0.07858965545892715,2.8938536643981934,0.7299568057060242,0.41418755054473877,0.37866029143333435,14.140649732351303,0.5622595548629761,0.3513423800468445,1229,473.54,0.7233793139457703,0.09394054114818573,-0.021020201966166496,-0.007713751663686708,0.8098852038383484,-0.01074022427201271,0.29667234420776367,1784480149.5343072,2.139164924621582,604.3908186,0.7777778506278992,,11.491999626159668,40357
8.041666984558105,0.0,0.3833683431148529,0.32114923000335693,7.593750000000004e-05,0.26237502694129944,0.08850207179784775,1.8122891187667847,0.5,0.6961150169372559,-0.6234089136123657,0.37804168462753296,0.03754681684076786,1.75,0.1910983920097351,7.676280832290649,0.0904507264494896,2.8863027095794678,0.6856696009635925,0.3917195200920105,0.37653177976608276,13.31133317142725,0.5967459678649902,0.33008334040641785,1230,443.21,0.7228590846061707,0.09251423180103302,-0.01583629660308361,-0.009960997570306062,0.8350542783737183,-0.010717302560806274,0.30219507217407227,1784480152.0924177,2.1584603786468506,606.831298221,0.7777778506278992,,11.25153636932373,39950
7.5416669845581055,0.0,0.3324459195137024,0.3210911154747009,0.00011390625000000003,0.24657374620437622,0.09008850157260895,1.6905694007873535,0.2916666865348816,0.6795710325241089,-0.6318680047988892,0.380156934261322,0.039649312384426594,1.2916667461395264,0.1902470886707306,7.653353214263916,0.0808582603931427,2.9462926387786865,0.6909641027450562,0.39608997106552124,0.3763011693954468,13.521633239984512,0.5675938725471497,0.332226037979126,1231,455.43,0.7226099967956543,0.09114812314510345,-0.023359833285212517,-0.008201071550138295,0.8436479568481445,-0.011278398334980011,0.29207396507263184,1784480154.533846,2.0508718490600586,609.50273751,0.7777778506278992,,11.496356010437012,41957
8.416666984558105,0.0,0.41752859950065613,0.32097792625427246,0.00011390625000000003,0.23641519248485565,0.0903133973479271,1.8144543170928955,0.5,0.7054948806762695,-0.63676518201828,0.3854275941848755,0.038580046780407426,1.5416667461395264,0.17153573036193848,7.6428158521652225,0.0819818377494812,2.891173839569092,0.7040189504623413,0.39773473143577576,0.3739107549190521,13.292959569990636,0.6078845262527466,0.339453786611557,1232,448.33,0.7218353152275085,0.08915521204471588,-0.02355697751045227,-0.008549253665842116,0.7962313890457153,-0.010257594287395477,0.30837297439575195,1784480157.1992304,2.2645416259765625,611.905443032,0.7777778506278992,,11.083700180053711,38207
8.041666984558105,0.0416666679084301,0.4147065579891205,0.32090696692466736,0.00017085937500000006,0.250093936920166,0.09091141819953918,1.6689186096191406,0.3333333432674408,0.7075304985046387,-0.6416046619415283,0.3849113881587982,0.04091749079525471,1.2083333730697632,0.1866716742515564,7.636866712570191,0.0841086208820343,2.8501346111297607,0.7052358388900757,0.40017932653427124,0.37276774644851685,13.715987359285355,0.6195387840270996,0.3390544056892395,1233,459.42,0.7221368551254272,0.09341107308864594,-0.020320633426308632,-0.009009588923072442,0.857714056968689,-0.011408871039748192,0.2897360324859619,1784480159.6143994,2.0232388973236084,614.507639431,0.7777778506278992,,11.742693901062012,42501
7.333333492279053,0.0,0.4014298915863037,0.3208076059818268,0.00011390625000000006,0.2551913857460022,0.08743929862976074,1.739736557006836,0.625,0.7139325141906738,-0.616407573223114,0.3731175363063812,0.04027778208255768,1.0,0.18275180459022522,7.632378005981446,0.08681917190551758,2.951063871383667,0.6793860197067261,0.3858632445335388,0.37210196256637573,13.47240992128849,0.6172806024551392,0.325995534658432,1234,442.13,0.7220059633255005,0.08938610553741455,-0.016717437654733658,-0.008733716812639614,0.8204202651977539,-0.010490909218788147,0.317577600479126,1784480162.2146554,2.1801319122314453,616.965811364,0.7777778506278992,,11.652308464050293,39357
7.708333492279053,0.0,0.3937368392944336,0.32069137692451477,0.00011390625000000006,0.24645113945007324,0.09086759388446808,1.7861735820770264,0.2083333432674408,0.7678112983703613,-0.6336223483085632,0.385880708694458,0.04372040573507548,1.5416667461395264,0.171518012881279,7.619236946105957,0.08286702632904053,3.069096326828003,0.7032419443130493,0.3965514898300171,0.3705087900161743,13.16310850441456,0.6535449028015137,0.337367981672287,1235,434.94,0.7213608026504517,0.09682321548461914,-0.018729515373706818,-0.00887686329369899,0.896294116973877,-0.009703794494271278,0.29230427742004395,1784480164.6680052,2.062354803085327,619.582831103,0.7777778506278992,,12.20212173461914,41748
7.1666669845581055,0.0,0.3804318308830261,0.3206859529018402,0.00017085937500000009,0.2535875737667084,0.08941330015659332,1.919346570968628,0.375,0.7278519868850708,-0.6322822570800781,0.3798556327819824,0.0399137644097209,1.375,0.181216299533844,7.615378475189209,0.08420281857252121,3.0442638397216797,0.6926984786987305,0.391718327999115,0.36797457933425903,13.660657613277435,0.6205779314041138,0.33177921175956726,1236,458.69,0.7217780947685242,0.0927128940820694,-0.023346012458205223,-0.008765090544329723,0.8518471121788025,-0.011130138300359249,0.32381582260131836,1784480167.299453,2.1947121620178223,622.059079434,0.7777778506278992,,11.863157272338867,39032
7.125,0.0416666679084301,0.37700948119163513,0.32051318883895874,0.00011390625000000006,0.2414133995771408,0.0908430814743042,1.751544713973999,0.4166666865348816,0.6905809640884399,-0.6358122825622559,0.38657641410827637,0.041996624879539014,1.1666667461395264,0.1732340157032013,7.605453705787658,0.08065273612737656,2.881681442260742,0.7009302377700806,0.39949721097946167,0.36396336555480957,13.496913290023803,0.5707091689109802,0.3381316065788269,1237,451.75,0.7227134108543396,0.0919242724776268,-0.017222044989466667,-0.008641599894326646,0.8336007595062256,-0.01151586975902319,0.29332590103149414,1784480169.7673707,2.071540355682373,624.460359025,0.7777778506278992,,11.412951469421387,41568
8.625,0.0,0.3868609368801117,0.3203761577606201,0.00011390625000000006,0.2574615180492401,0.08984868228435516,1.6968085765838623,0.625,0.7065150141716003,-0.6348201036453247,0.38298314809799194,0.04221185315400362,1.5833333730697632,0.1887158751487732,7.595171475410462,0.08465894311666489,3.010627269744873,0.6975829005241394,0.39574694633483887,0.36416348814964294,13.722340383678675,0.6042571067810059,0.33557963371276855,1238,460.36,0.7225517630577087,0.0926828384399414,-0.01903090812265873,-0.008908150461502373,0.8548067808151245,-0.01212427020072937,0.2890143394470215,1784480172.1646543,2.0077786445617676,627.105905273,0.7777778506278992,,11.990092277526855,42800
7.2916669845581055,0.0416666679084301,0.34810304641723633,0.32033178210258484,7.593750000000004e-05,0.29192495346069336,0.08806557953357697,1.8543637990951538,0.6666666865348816,0.7549738883972168,-0.6076222658157349,0.374309241771698,0.042722609266638754,1.5833333730697632,0.22610275447368622,7.588649845123291,0.09575002640485764,3.115201950073242,0.6760115623474121,0.3849334418773651,0.3662221431732178,12.988982335031032,0.6524083018302917,0.3258146643638611,1239,429.41,0.7208203077316284,0.09166663885116577,-0.023855600506067276,-0.008719425112940372,0.9053478240966797,-0.010998215526342392,0.3146703243255615,1784480174.8135827,2.2297425270080566,629.559442932,0.7777778506278992,,12.01715087890625,38635
7.7916669845581055,0.0416666679084301,0.4123101830482483,0.3203236758708954,0.00011390625000000003,0.23905953764915466,0.08998215198516846,1.7515175342559814,0.625,0.6828126907348633,-0.620765209197998,0.37857556343078613,0.044978998601436615,1.125,0.17271749675273895,7.582532691955566,0.08253687620162964,2.9276299476623535,0.688018798828125,0.3946581482887268,0.3672707676887512,13.065216258913278,0.5698774456977844,0.33038678765296936,1240,436.66,0.7190150022506714,0.08818785846233368,-0.013490504585206509,-0.008982939229463227,0.7916641235351562,-0.01147424802184105,0.30070948600769043,1784480177.2623892,2.04921293258667,632.200921155,0.7777778506278992,,11.503999710083008,41832
6.4166669845581055,0.0416666679084301,0.3582678735256195,0.32043927907943726,0.00011390625000000003,0.270053505897522,0.08944481611251831,1.8602933883666992,0.5833333730697632,0.7146582007408142,-0.6283832788467407,0.3806772828102112,0.042040477693080905,1.2083333730697632,0.20458611845970154,7.590106749534607,0.08955233544111252,2.9622466564178467,0.6910086870193481,0.39206355810165405,0.3685513436794281,12.216777836233378,0.608702540397644,0.3313809633255005,1241,416.0,0.7175126075744629,0.09177142381668091,-0.01684584468603134,-0.009136532223783434,0.8564015626907349,-0.012046124786138535,0.31512928009033203,1784480179.911719,2.2287631034851074,634.659997698,0.7777778506278992,,11.355154037475586,38643
6.958333492279053,0.0,0.3818725347518921,0.32043400406837463,0.00011390625000000003,0.27895212173461914,0.08884072303771973,2.0841894149780273,0.5416666865348816,0.7620714902877808,-0.6107020378112793,0.373663991689682,0.0456262581050396,1.5,0.2113208770751953,7.5956967830657955,0.09028132259845734,3.1040196418762207,0.677810788154602,0.38715657591819763,0.3715423345565796,12.718560476154089,0.6651110649108887,0.3242179751396179,1242,424.48,0.717902421951294,0.09024213254451752,-0.01953893154859543,-0.008820004307199269,0.8803271055221558,-0.0129441162571311,0.29967784881591797,1784480182.3636012,2.051215410232544,637.277402789,0.7777778506278992,,11.982284545898438,41815
6.7916669845581055,0.0,0.39907383918762207,0.32022199034690857,0.00011390625000000003,0.2555544674396515,0.09027394652366638,1.9672257900238037,0.4583333432674408,0.7216957807540894,-0.6318007707595825,0.3857855498790741,0.04489741139113903,1.2916667461395264,0.18371975421905518,7.579833269119263,0.08461730182170868,3.0539493560791016,0.6968097686767578,0.39523038268089294,0.3725193440914154,13.240691942870617,0.6003339290618896,0.33437126874923706,1243,443.21,0.7188941836357117,0.09687294811010361,-0.02350880764424801,-0.009269918577047065,0.853226363658905,-0.011479172855615616,0.31218886375427246,1784480184.9876564,2.2056403160095215,639.821441453,0.7777778506278992,,12.203357696533203,39043
7.4166669845581055,0.0,0.3909168243408203,0.3200358748435974,0.00011390625000000003,0.2627592384815216,0.0894724428653717,1.7614463567733765,0.6666666865348816,0.7346336245536804,-0.6158097982406616,0.37754806876182556,0.03948170319199562,1.2916667461395264,0.20280131697654724,7.556013917922973,0.08910723775625229,3.081940174102783,0.6838397979736328,0.3881670832633972,0.3716484308242798,13.466367734074593,0.6085879802703857,0.3289967179298401,1244,452.09,0.7202873229980469,0.09117333590984344,-0.018415026366710663,-0.00886614011687925,0.879271388053894,-0.010714678093791008,0.306699275970459,1784480187.545413,2.129229784011841,642.355339191,0.7777778506278992,,12.490650177001953,40355
7.625,0.0,0.3470070958137512,0.32002806663513184,0.00011390625000000003,0.247895285487175,0.09106483310461044,1.88309645652771,0.5,0.6826595664024353,-0.6268972158432007,0.38465580344200134,0.03760542944073677,1.1666667461395264,0.16946935653686523,7.546525025367737,0.08330705761909485,2.921743392944336,0.6951135396957397,0.3954332768917084,0.3700960874557495,13.048697913885116,0.568230152130127,0.3343801498413086,1245,427.49,0.7202879786491394,0.0912332534790039,-0.019846683368086815,-0.008823485985340085,0.831853985786438,-0.011044303886592388,0.2999732494354248,1784480190.0593803,2.109553813934326,644.821024175,0.7777778506278992,,11.34581184387207,40798
6.875,0.0,0.35240036249160767,0.31990545988082886,7.593750000000002e-05,0.2400224804878235,0.09401344507932663,1.6988224983215332,0.3333333432674408,0.7024745345115662,-0.639838695526123,0.3945704400539398,0.04420032929629088,1.25,0.1557523012161255,7.539110326766968,0.08046659827232361,2.934034824371338,0.7089871168136597,0.40546005964279175,0.36840927600860596,13.541331586837769,0.5978714227676392,0.340556800365448,1246,447.37,0.7196160554885864,0.09621511399745941,-0.021192368119955063,-0.009935381808827515,0.8415982127189636,-0.011492103338241577,0.2957456111907959,1784480192.5162551,2.071662187576294,647.306007383,0.7777778506278992,,11.623515129089355,41523
7.833333492279053,0.0,0.4336050748825073,0.31975674629211426,0.00011390625000000003,0.26624125242233276,0.0898272842168808,1.823223352432251,0.5416666865348816,0.7428455352783203,-0.6261057257652283,0.3773003816604614,0.03931649774312973,1.6666667461395264,0.19062934815883636,7.52342381477356,0.09046005457639694,2.975152015686035,0.6878188848495483,0.39081382751464844,0.3659532070159912,12.932791536301375,0.6443414688110352,0.32910317182540894,1247,445.06,0.7193772196769714,0.09213511645793915,-0.022666260600090027,-0.008253192089614458,0.8805116415023804,-0.012012943625450134,0.2939639091491699,1784480195.0078228,2.1021921634674072,650.471020838,0.7777778506278992,,11.176565170288086,41025
7.9166669845581055,0.0,0.4135183095932007,0.3198193609714508,7.593750000000004e-05,0.22502145171165466,0.09307476133108139,1.6929430961608887,0.4166666865348816,0.6869403719902039,-0.6370943784713745,0.3886050581932068,0.04322677124291659,1.3333333730697632,0.1475065052509308,7.519499397277832,0.0758204385638237,2.931812286376953,0.7063212394714355,0.3995172679424286,0.36417120695114136,13.527935859560966,0.5861286520957947,0.3394092917442322,1248,456.51,0.7196568250656128,0.09066291898488998,-0.01596239022910595,-0.007026859719189815,0.8111730813980103,-0.01068675797432661,0.32521939277648926,1784480198.286782,2.741868495941162,653.262327354,0.7777778506278992,"{'path': 'media/videos/video_1248_7ec68f760b6d1e1b59d4.mp4', 'size': 1498022.0, '_type': 'video-file', 'sha256': '7ec68f760b6d1e1b59d4f3693be630b10ffe0df61e9eae8b576e45a9bddf10fc'}",12.006808280944824,32051
6.958333492279053,0.0,0.42347925901412964,0.31975871324539185,7.593750000000002e-05,0.2586006820201874,0.0916692242026329,1.8829665184020996,0.4166666865348816,0.7071248888969421,-0.6344340443611145,0.3888412415981293,0.042717515118420125,1.2916667461395264,0.19544240832328796,7.523426246643067,0.08736147731542587,3.0865962505340576,0.7028190493583679,0.3967008590698242,0.3647354543209076,13.385533839613199,0.5928905606269836,0.33839544653892517,1249,446.32,0.7189948558807373,0.09222757816314697,-0.021286804229021072,-0.008573981304652988,0.8395478129386902,-0.010767499916255474,0.3132779598236084,1784480200.9719765,2.2740533351898193,655.691053286,0.7777778506278992,,12.194007873535156,37994
7.9166669845581055,0.0,0.4120909869670868,0.3195125162601471,0.00011390625000000003,0.2421029508113861,0.0927870124578476,1.7896617650985718,0.625,0.7190176248550415,-0.6316729784011841,0.38844573497772217,0.03953637834638357,1.375,0.17642128467559814,7.508068037033081,0.08294915407896042,3.0290725231170654,0.6997109651565552,0.4014098346233368,0.36511409282684326,13.377858440876008,0.5944732427597046,0.33534061908721924,1250,437.9,0.7180737257003784,0.09316300600767136,-0.019020866602659225,-0.009203783773409668,0.8669393062591553,-0.010984024964272976,0.2844672203063965,1784480203.397903,2.037205219268799,658.268427117,0.7777778506278992,,11.870725631713867,42341
8.0,0.0,0.39085716009140015,0.31954413652420044,7.593750000000004e-05,0.23436662554740906,0.09296362847089767,1.6311330795288086,0.5416666865348816,0.637322187423706,-0.6397266387939453,0.39346498250961304,0.04614976104348898,1.0,0.17117111384868622,7.500383901596069,0.08057337254285812,2.7612271308898926,0.7092336416244507,0.4034759998321533,0.36389315128326416,13.496583611667155,0.545825719833374,0.33935946226119995,1251,447.22,0.7184059619903564,0.09437541663646698,-0.01874622143805027,-0.007525915102451109,0.7965697050094604,-0.010829469189047813,0.3136105537414551,1784480205.9786355,2.1586625576019287,660.737602548,0.7777778506278992,,11.04211711883545,39762
8.043478012084961,0.0,0.4027233123779297,0.3195355236530304,7.593750000000002e-05,0.2434900552034378,0.095878466963768,1.7274067401885986,0.52173912525177,0.6669541597366333,-0.6387544274330139,0.40261709690093994,0.040458875335752965,1.2173913717269897,0.1699572205543518,7.499825525283813,0.08137932419776917,2.8939318656921387,0.7171931862831116,0.41097402572631836,0.36565491557121277,14.05045463681221,0.570317804813385,0.3451617360115051,1252,460.48,0.7165302038192749,0.09570320695638657,-0.01952185668051243,-0.008593504421878607,0.8300416469573975,-0.0107191801071167,0.2927889823913574,1784480208.4406521,2.069502592086792,663.127770258,0.7777777910232544,,11.465585708618164,41613
8.791666984558105,0.0,0.4037918448448181,0.3194425106048584,0.00011390625000000003,0.22338709235191345,0.09706500172615051,1.701289415359497,0.375,0.6469783782958984,-0.6562923192977905,0.409360408782959,0.041986586339771745,0.875,0.15181267261505127,7.491945266723633,0.07541759312152863,2.787580966949463,0.7301596403121948,0.41709691286087036,0.3652743697166443,13.905173230171204,0.5544694662094116,0.34935006499290466,1253,456.66,0.7164572477340698,0.10097382962703705,-0.018590442836284637,-0.008101522887591273,0.7752426862716675,-0.01064864732325077,0.2992117404937744,1784480210.8389826,1.99273681640625,665.727943488,0.7777778506278992,,11.31158447265625,42891
7.875,0.0,0.37493643164634705,0.3193756937980652,0.00011390625000000006,0.26324591040611267,0.09064893424510956,1.8586453199386597,0.625,0.7255218029022217,-0.6150888800621033,0.3806438446044922,0.038060322590172294,1.375,0.20647701621055603,7.485349726676941,0.08851692080497742,3.032331943511963,0.6824727058410645,0.3910965621471405,0.3651939630508423,13.257242337465286,0.6118627190589905,0.327457994222641,1254,443.97,0.7176611423492432,0.09065738320350647,-0.014183240942656994,-0.008449755015317351,0.85619056224823,-0.011548159644007683,0.3095226287841797,1784480213.4493494,2.182004928588867,668.181427966,0.7777778506278992,,11.498031616210938,39455
6.958333492279053,0.0,0.4458443522453308,0.3191816508769989,0.00011390625000000006,0.22416166961193085,0.09456402063369751,1.678876280784607,0.2916666865348816,0.6498169898986816,-0.6590678095817566,0.39760708808898926,0.03716199733316898,0.9583333730697632,0.16013771295547485,7.472029376029968,0.07418075203895569,2.7168643474578857,0.7241658568382263,0.40654808282852173,0.3637790381908417,13.922402957081795,0.5663012862205505,0.3479025363922119,1255,468.8,0.7179931998252869,0.09311340749263763,-0.019802339375019073,-0.00854522465961054,0.7887353301048279,-0.011275827884674072,0.28870415687561035,1784480215.8868449,2.046025276184082,670.838613663,0.7777778506278992,,10.791059494018555,42105
7.083333492279053,0.0,0.37767863273620605,0.3191857933998108,0.00011390625000000006,0.26369816064834595,0.09073098748922348,1.8037471771240234,0.5,0.7330902814865112,-0.6169775724411011,0.380733847618103,0.036831644177436826,1.1666667461395264,0.1861291378736496,7.4616774559021,0.08785949647426605,2.910867214202881,0.6810092926025391,0.3871287703514099,0.3632521629333496,12.648836115077138,0.6615003347396851,0.3263038992881775,1256,428.23,0.7189788818359375,0.09234698861837387,-0.020702283829450607,-0.009141768228437286,0.871250331401825,-0.011949935927987099,0.32249021530151367,1784480218.5416596,2.2336013317108154,673.25921071,0.7777778506278992,,11.333422660827637,38458
7.1666669845581055,0.0416666679084301,0.3791082501411438,0.31908610463142395,7.593750000000004e-05,0.2514992952346802,0.09250572323799133,1.550493597984314,0.7083333730697632,0.6905798316001892,-0.6282476186752319,0.3874625563621521,0.035870035737752916,0.9166666865348816,0.18832258880138397,7.4525819540023805,0.08456087112426758,2.943321943283081,0.6968905329704285,0.39468324184417725,0.3642366826534271,13.134629891067743,0.5934827327728271,0.33459192514419556,1257,435.79,0.7191629409790039,0.09050111472606659,-0.020304137840867043,-0.007838539878139272,0.8485684394836426,-0.010498085990548134,0.28552913665771484,1784480220.9695337,2.0377142429351807,675.862210703,0.7777778506278992,,11.768024444580078,42313
8.083333969116211,0.0,0.386668860912323,0.3190211355686188,5.062500000000002e-05,0.22248618304729462,0.09409590810537338,1.571858286857605,0.3333333432674408,0.6286441087722778,-0.6439623236656189,0.39331740140914917,0.03896904997527599,1.125,0.15720614790916443,7.44061119556427,0.07550624758005142,2.6970183849334717,0.7107199430465698,0.4038379192352295,0.36394214630126953,13.410347525179386,0.5457219481468201,0.3429832458496094,1258,453.44,0.7186676859855652,0.09000687301158905,-0.020884228870272636,-0.007745497647556476,0.781950831413269,-0.011307111009955406,0.3131277561187744,1784480223.5793622,2.1833412647247314,678.37082793,0.7777778506278992,,11.267562866210938,39377
8.0,0.0,0.39335381984710693,0.31925496459007263,0.00011390625000000003,0.2441980242729187,0.09287361800670624,1.6813535690307617,0.5833333730697632,0.6711627244949341,-0.6239646673202515,0.39020025730133057,0.042158661782741545,1.3333333730697632,0.18062645196914673,7.451886606216431,0.08498303592205048,2.928809881210327,0.6963655948638916,0.3977789878845215,0.36426910758018494,13.609601236432791,0.5632094144821167,0.3353980481624603,1259,446.31,0.7182043790817261,0.09258150309324265,-0.02208000421524048,-0.008682999049779028,0.8331350088119507,-0.009499245323240757,0.3281362056732178,1784480226.0909448,2.067990779876709,681.035177886,0.7777778506278992,,11.295039176940918,41026
7.583333492279053,0.0,0.37944209575653076,0.3192197382450104,0.00011390625000000003,0.2492445558309555,0.09250795841217041,1.7797927856445312,0.4583333432674408,0.7706589698791504,-0.6300147771835327,0.39040908217430115,0.041937730833888055,1.375,0.17314724624156952,7.467234826087951,0.08451229333877563,3.214512825012207,0.7011370658874512,0.39672669768333435,0.362717866897583,14.146196381151675,0.6550126671791077,0.3367929458618164,1260,460.07,0.7172693610191345,0.09074966609477997,-0.017219625413417816,-0.00871257511607837,0.874753475189209,-0.011807131581008434,0.3116128444671631,1784480228.7433503,2.2348923683166504,683.46741001,0.7777778506278992,,13.1018705368042,38603
7.2916669845581055,0.0,0.3493513762950897,0.31908726692199707,7.593750000000004e-05,0.26827237010002136,0.092078298330307,1.8691496849060059,0.6666666865348816,0.7243790030479431,-0.624822735786438,0.3848433494567871,0.04215896017849445,1.375,0.19180795550346375,7.460737347602844,0.08753468096256256,3.0425822734832764,0.6907548904418945,0.3926876485347748,0.3615637719631195,12.816774029023945,0.6113044023513794,0.33205530047416687,1261,431.44,0.7168619632720947,0.09003042429685593,-0.02501380257308483,-0.0070243165944702925,0.8688257932662964,-0.0116451196372509,0.29941892623901367,1784480231.1721096,2.02767276763916,686.106029751,0.7777778506278992,,11.877669334411621,42243
6.625,0.0,0.3468403220176697,0.31887680292129517,0.00011390625000000003,0.241461381316185,0.09347151219844818,1.8103268146514893,0.5,0.7004000544548035,-0.6256891489028931,0.3914203345775604,0.03289371319115162,1.0,0.17674779891967773,7.437274670600891,0.08319484442472458,3.0443859100341797,0.6978163123130798,0.3973858058452606,0.36271271109580994,13.462245123684406,0.5996047258377075,0.3370032012462616,1262,447.8,0.7160846590995789,0.09259955585002899,-0.02077370136976242,-0.008483772655017674,0.8269175887107849,-0.010170822031795979,0.3052666187286377,1784480233.81641,2.2329294681549072,688.561385903,0.7777778506278992,,12.218709945678711,38729
7.625,0.0,0.4272802770137787,0.3188179135322571,0.00011390625000000006,0.2356112003326416,0.09666039794683456,1.5542821884155273,0.5416666865348816,0.6318511962890625,-0.652863621711731,0.40465959906578064,0.03696717042475939,0.7083333730697632,0.16717147827148438,7.427505970001221,0.07911260426044464,2.7287137508392334,0.7224552631378174,0.41281092166900635,0.36215662956237793,13.766763655543327,0.5678390860557556,0.3472665250301361,1263,453.41,0.715971827507019,0.0964953601360321,-0.019930360838770866,-0.007698536053067073,0.7788211107254028,-0.011673244647681713,0.29927706718444824,1784480236.2649941,2.0479466915130615,691.184415286,0.7777778506278992,,10.904045104980469,41880
6.833333492279053,0.0,0.4090464115142822,0.31865549087524414,0.00011390625000000006,0.2655356526374817,0.09324024617671967,1.850494623184204,0.375,0.7312381267547607,-0.6302111148834229,0.3882237672805786,0.04305978044867516,1.2916667461395264,0.190329909324646,7.413917374610901,0.08963903039693832,3.1425909996032715,0.6975064277648926,0.3967821002006531,0.36202478408813477,13.518339131176472,0.6097875833511353,0.3357306718826294,1264,447.52,0.7163271903991699,0.09251523017883301,-0.017200060188770294,-0.008837572003540118,0.8842850923538208,-0.010996034368872643,0.3101341724395752,1784480238.9001644,2.2120800018310547,693.638431597,0.7777778506278992,,12.098528861999512,38975
7.875,0.0,0.39611682295799255,0.31862005591392517,0.00011390625000000006,0.24425117671489716,0.09212887287139893,1.705057144165039,0.5833333730697632,0.6966793537139893,-0.6207727789878845,0.3837108016014099,0.04114408977329731,1.4583333730697632,0.1702629029750824,7.405323028564453,0.08363588899374008,2.958103895187378,0.6903385519981384,0.39154744148254395,0.36281633377075195,13.553033028542995,0.5811827182769775,0.3324638605117798,1265,448.49,0.7160305976867676,0.09393396228551865,-0.014969485811889172,-0.008331202913541346,0.8108400106430054,-0.01033993624150753,0.2875237464904785,1784480241.3480291,2.0553293228149414,696.262383289,0.7777778506278992,,11.781461715698242,41959
7.6666669845581055,0.0416666679084301,0.36203527450561523,0.3185436725616455,7.593750000000004e-05,0.2626408338546753,0.09027561545372009,1.7176940441131592,0.625,0.7453891038894653,-0.6100507378578186,0.37608158588409424,0.04627632312476635,1.5,0.19038037955760956,7.401079058647156,0.08899793028831482,3.1424098014831543,0.6745325922966003,0.3849872052669525,0.36268338561058044,13.587788972258569,0.6442212462425232,0.32401618361473083,1266,442.9,0.7142356634140015,0.09237004816532135,-0.017412953078746796,-0.008477690699510276,0.903120219707489,-0.010916459374129772,0.3109922409057617,1784480243.9749136,2.2060790061950684,698.814338771,0.7777778506278992,,12.786402702331543,39054
7.375,0.0,0.392594575881958,0.3184906840324402,0.00011390625000000003,0.2687686085700989,0.09320660680532455,1.9982151985168457,0.5,0.7841402888298035,-0.6159758567810059,0.3826061189174652,0.03852024767547846,1.5833333730697632,0.20061996579170227,7.3893582105636595,0.09052790701389313,3.0958447456359863,0.6808786392211914,0.3905600905418396,0.36301955580711365,13.526197087168693,0.6578679084777832,0.3275156021118164,1267,443.18,0.7124837636947632,0.09170982241630554,-0.0247585978358984,-0.008893113670637831,0.895706057548523,-0.011379741132259369,0.3220489025115967,1784480246.5312428,2.1205155849456787,701.508833152,0.7777778506278992,,12.137929916381836,40246
8.0,0.0,0.38328656554222107,0.3183656930923462,0.00011390625000000003,0.24089989066123962,0.09608487784862518,1.7016029357910156,0.625,0.7156016826629639,-0.625041127204895,0.39583665132522583,0.041445682384073736,1.1666667461395264,0.17215439677238464,7.382628583908081,0.08227282017469406,2.9452762603759766,0.7068914175033569,0.40904688835144043,0.36268824338912964,13.524115016460419,0.6186811327934265,0.3402136564254761,1268,435.57,0.7128384113311768,0.09825263917446136,-0.017644356936216354,-0.008556450730247888,0.8242451548576355,-0.01039093267172575,0.3184828758239746,1784480249.2188444,2.2579689025878906,704.578318037,0.7777778506278992,,11.553805351257324,38154
7.9166669845581055,0.0,0.36987730860710144,0.3183755874633789,7.593750000000004e-05,0.22334115207195282,0.09723996371030807,1.507303237915039,0.2083333432674408,0.6526310443878174,-0.650077223777771,0.40361732244491577,0.03702214229851961,1.125,0.14636412262916565,7.375632619857788,0.07435040920972824,2.78412127494812,0.7238438129425049,0.41129088401794434,0.3625628352165222,13.679663587473334,0.5549060106277466,0.3496595621109009,1269,453.96,0.713169276714325,0.09861946105957031,-0.01942422054708004,-0.006661683646962046,0.7852096557617188,-0.011154393665492535,0.2881438732147217,1784480252.3786757,2.6727874279022217,707.323098886,0.7777778506278992,"{'path': 'media/videos/video_1269_c5d18e7c933c02b61634.mp4', 'size': 1680734.0, '_type': 'video-file', 'sha256': 'c5d18e7c933c02b616342fe7750918e3237e30728155819bf60c83d5a793b28c'}",11.312056541442871,33200
7.125,0.0416666679084301,0.3889971971511841,0.31818297505378723,7.593750000000002e-05,0.27544376254081726,0.09442885965108871,2.1347036361694336,0.4166666865348816,0.8040815591812134,-0.6363406181335449,0.393538236618042,0.042540100030601026,1.4166667461395264,0.20672547817230225,7.367691135406494,0.09095718711614609,3.282182455062866,0.7031151652336121,0.4008027911186218,0.3614979684352875,13.943536368161439,0.6791946291923523,0.3385086953639984,1270,456.61,0.7143251299858093,0.09745040535926819,-0.018698014318943024,-0.007284490905294661,0.9482094645500183,-0.01299190055578947,0.29366421699523926,1784480255.0216177,2.2632291316986084,709.749501893,0.7777778506278992,,12.739306449890137,38446
7.7916669845581055,0.0,0.38690465688705444,0.3179079592227936,7.593750000000002e-05,0.23748910427093506,0.09462745487689972,1.8056038618087769,0.4166666865348816,0.6919485926628113,-0.631193220615387,0.39060187339782715,0.038633295148611066,1.1666667461395264,0.17602849006652832,7.33956286907196,0.08134973049163818,2.9141225814819336,0.6977579593658447,0.3993900418281555,0.35914525389671326,13.667255363464356,0.5481722950935364,0.3349180817604065,1271,454.24,0.7146674990653992,0.09772800654172897,-0.01703614741563797,-0.008766680839471519,0.8446423411369324,-0.01311151310801506,0.2961106300354004,1784480257.452272,2.0374414920806885,712.353841658,0.7777778506278992,,11.337504386901855,42126
8.30434799194336,0.0,0.3468547463417053,0.31762218475341797,0.00011390625000000003,0.23736847937107086,0.0953635573387146,1.7423182725906372,0.43478262424468994,0.6916006207466125,-0.6289088129997253,0.3917807340621948,0.03784571122378111,1.60869562625885,0.16933321952819824,7.315049433708191,0.08182820677757263,2.9492499828338623,0.6979607343673706,0.4009932577610016,0.35674673318862915,13.500494309067726,0.5878923535346985,0.334407240152359,1272,445.11,0.7154385447502136,0.09580547362565994,-0.018819842487573624,-0.009091912760777632,0.8055158257484436,-0.01127215288579464,0.3139181137084961,1784480260.0723915,2.1920082569122314,715.137922896,0.7777777910232544,,11.69871711730957,39228
8.416666984558105,0.0,0.38749369978904724,0.3173532783985138,0.00011390625000000006,0.2393484115600586,0.09322281926870346,1.692821979522705,0.4166666865348816,0.6851482391357422,-0.6299633383750916,0.3888874650001526,0.03760422486811876,1.3333333730697632,0.17585119605064392,7.284489798545837,0.08216740190982819,2.850770950317383,0.6937059164047241,0.3942508399486542,0.3569672107696533,13.29610879443586,0.5645701885223389,0.3334154486656189,1273,449.4,0.7158538699150085,0.08913438767194748,-0.02360372245311737,-0.008792020432883874,0.7912347316741943,-0.012114666402339935,0.3178861141204834,1784480262.8582418,2.340070962905884,717.720795668,0.7777778506278992,,11.303194046020508,36984
8.208333969116211,0.0416666679084301,0.4194839894771576,0.31713762879371643,0.00011390625000000006,0.23970262706279755,0.09763240814208984,1.6093294620513916,0.5416666865348816,0.6974624395370483,-0.6443522572517395,0.40150630474090576,0.037560790032148364,1.4166667461395264,0.17746493220329285,7.262729120254517,0.08228759467601776,2.8665084838867188,0.7173754572868347,0.4099653959274292,0.36102160811424255,14.068488443791866,0.6091252565383911,0.3442598283290863,1274,463.55,0.7143316268920898,0.09510159492492676,-0.020871497690677643,-0.008544232527492568,0.8484858870506287,-0.011591330170631409,0.29434680938720703,1784480265.422517,2.1693215370178223,720.283215188,0.7777778506278992,,11.636481285095215,39901
7.333333492279053,0.0416666679084301,0.39174795150756836,0.3169808089733124,0.00011390625000000006,0.23947176337242126,0.09454618394374847,1.7856922149658203,0.375,0.6873955726623535,-0.6165069341659546,0.38992664217948914,0.04025477822870016,1.4166667461395264,0.1766074150800705,7.244075322151184,0.08351880311965942,2.9401636123657227,0.6924179792404175,0.39546841382980347,0.3619081676006317,13.254601198211311,0.5506629347801208,0.33361560106277466,1275,426.2,0.712824821472168,0.0898447185754776,-0.01874784380197525,-0.009275246661854909,0.8434736132621765,-0.011070682667195797,0.30290889739990234,1784480267.9871006,2.162067174911499,722.803827382,0.7777778506278992,,11.662745475769043,39880
7.375,0.0,0.3840005397796631,0.3169787526130676,7.593750000000004e-05,0.22651569545269012,0.09672045707702637,1.6518977880477905,0.2916666865348816,0.6749040484428406,-0.6363126039505005,0.39956265687942505,0.03804573249071837,1.2083333730697632,0.15604478120803833,7.239670181274414,0.07613427937030792,2.939481735229492,0.7133511900901794,0.403996080160141,0.36187124252319336,14.280643557310105,0.574979305267334,0.3443520963191986,1276,464.37,0.7122267484664917,0.09145532548427582,-0.018791407346725464,-0.0070234900602372365,0.8305598497390747,-0.011137673631310463,0.2994527816772461,1784480270.5140777,2.120919704437256,725.238540467,0.7777778506278992,,11.968391418457031,40615
6.5,0.0,0.36190152168273926,0.31699350476264954,7.593750000000002e-05,0.2555118203163147,0.09232916682958603,1.797010898590088,0.3333333432674408,0.7494654655456543,-0.6067072153091431,0.37673187255859375,0.04755533393472433,1.4166667461395264,0.18579918146133423,7.2420000553131105,0.08745861053466797,3.032104015350342,0.6708294749259949,0.38252443075180054,0.3608263432979584,12.879275081008673,0.6445221900939941,0.3203619718551636,1277,422.79,0.7113911509513855,0.09321381896734238,-0.014924845658242702,-0.007724180050718133,0.8822051286697388,-0.010985243134200573,0.29067325592041016,1784480272.9441,2.036764621734619,727.725304084,0.7777778506278992,,12.007017135620117,42237
7.1666669845581055,0.0,0.4184633195400238,0.31689292192459106,0.00011390625000000003,0.26402348279953003,0.09304650872945786,1.8968662023544312,0.5416666865348816,0.7106472849845886,-0.6169398427009583,0.37802085280418396,0.04273122008889914,1.5,0.20050959289073944,7.235717082023621,0.08980509638786316,2.9978175163269043,0.678392767906189,0.38818249106407166,0.3624134957790375,13.755898958593606,0.6019389629364014,0.3241245150566101,1278,452.78,0.7105531692504883,0.09157302230596542,-0.017618775367736816,-0.008045596582815052,0.8456189036369324,-0.013818657957017422,0.28978729248046875,1784480275.428258,2.096526622772217,730.224589683,0.7777778506278992,,11.648052215576172,41194
7.75,0.0,0.4180135428905487,0.3166268765926361,0.00011390625000000003,0.2349434196949005,0.09512981027364731,1.7340760231018066,0.5,0.6809414625167847,-0.6230170130729675,0.388913094997406,0.040590915642678735,1.7083333730697632,0.17354753613471985,7.210179686546326,0.0824236050248146,2.8268179893493652,0.6951022148132324,0.39536261558532715,0.3639242649078369,13.043818798661231,0.5878169536590576,0.3342171609401703,1279,432.77,0.7085474729537964,0.08802308887243271,-0.01864456944167614,-0.008784502348862588,0.7928571105003357,-0.012290838174521923,0.2956538200378418,1784480277.9274635,2.1038129329681396,732.896021048,0.7777778506278992,,11.11999797821045,40969
8.0,0.0416666679084301,0.392389714717865,0.31641027331352234,7.593750000000004e-05,0.24233035743236542,0.09595196694135666,1.6810481548309326,0.5416666865348816,0.6894240379333496,-0.6308819651603699,0.3922956883907318,0.038849448598921296,1.25,0.17861762642860413,7.189562749862671,0.08217328041791916,2.8193557262420654,0.7000910043716431,0.3982979655265808,0.36282476782798767,13.47665487408638,0.5913358926773071,0.335814893245697,1280,449.22,0.7088660001754761,0.09808697551488876,-0.02256776951253414,-0.007870669022668152,0.8176824450492859,-0.010984223335981369,0.3162863254547119,1784480280.6091459,2.2549116611480713,735.34597844,0.7777778506278992,,11.29080581665039,38232
7.708333492279053,0.0416666679084301,0.3933202624320984,0.3162572383880615,0.00011390625000000003,0.22947874665260315,0.09870022535324097,1.7271430492401123,0.25,0.6875473856925964,-0.6495053768157959,0.4060654044151306,0.03727580178529024,1.0,0.1698329746723175,7.169304347038269,0.07789948582649231,2.817190170288086,0.719785213470459,0.41290223598480225,0.3631300628185272,14.173854098916054,0.5915341973304749,0.344707190990448,1281,465.27,0.7091488838195801,0.10023381561040878,-0.022226061671972275,-0.008197786059463396,0.7970824241638184,-0.012071596458554268,0.29061055183410645,1784480283.0474625,2.047694683074951,737.909878953,0.7777778506278992,,11.233946800231934,42040
7.333333492279053,0.0,0.3822341859340668,0.31611430644989014,7.593750000000004e-05,0.23621849715709686,0.10035181045532227,1.647789716720581,0.2083333432674408,0.7216706275939941,-0.6452417373657227,0.4057435393333435,0.03744575306773186,1.0416667461395264,0.17096158862113953,7.157323551177979,0.0828552171587944,2.840264081954956,0.724197268486023,0.4145622253417969,0.3609635829925537,14.338111328557133,0.6151137351989746,0.3478381037712097,1282,464.25,0.7099317312240601,0.0955631360411644,-0.016865720972418785,-0.007827176863793283,0.8467730283737183,-0.012239138595759869,0.3021352291107178,1784480285.6243324,2.164668083190918,740.408760136,0.7777778506278992,,11.686311721801758,39850
6.25,0.0416666679084301,0.39101290702819824,0.315996378660202,0.00011390625000000003,0.2403258979320526,0.09878217428922653,1.6605784893035889,0.2083333432674408,0.6787840127944946,-0.6350808143615723,0.3997534215450287,0.045428005419671534,1.25,0.17534375190734863,7.1383625030517575,0.08172488212585449,2.793609142303467,0.7100216746330261,0.4096391797065735,0.3608244061470032,12.95825427621603,0.5788278579711914,0.34094035625457764,1283,425.68,0.7104697227478027,0.09666679799556732,-0.019383026286959648,-0.008699975360650569,0.8180035352706909,-0.011360889300704002,0.2934436798095703,1784480288.1105776,2.092574119567871,742.814693497,0.7777778506278992,,11.131094932556152,41200
7.375,0.0,0.3780430257320404,0.31598684191703796,0.00011390625000000003,0.28005003929138184,0.09526905417442322,1.8423311710357666,0.7916666865348816,0.7771367430686951,-0.6131671071052551,0.38788527250289917,0.04306903518736362,1.6666667461395264,0.2071666419506073,7.134657216072083,0.09173668920993805,3.04379940032959,0.6873164176940918,0.3969244956970215,0.36177024245262146,12.976195781230926,0.682813286781311,0.3299886882305145,1284,421.2,0.70892733335495,0.09425193071365356,-0.019736316055059433,-0.008972836661268958,0.8825366497039795,-0.012316624633967876,0.28543758392333984,1784480290.5193658,2.023078441619873,745.339847766,0.7777778506278992,,12.359983444213867,42583
6.5416669845581055,0.0,0.33686137199401855,0.3160754144191742,0.00011390625000000006,0.271221399307251,0.09299790114164352,1.8359766006469727,0.5,0.7654604911804199,-0.6134703159332275,0.3825758397579193,0.046258662827312946,1.25,0.20173311233520508,7.1303870439529415,0.08982914686203003,3.085911512374878,0.6799682974815369,0.38464295864105225,0.3647000193595886,13.303722146749497,0.6597446799278259,0.327178955078125,1285,434.76,0.7066329717636108,0.09042070806026459,-0.0183572880923748,-0.007360123295802623,0.9023687839508057,-0.011698144488036633,0.303619384765625,1784480293.045341,2.1212079524993896,747.874031031,0.7777778506278992,,12.108534812927246,40540
8.041666984558105,0.0,0.36810827255249023,0.3161008954048157,7.593750000000004e-05,0.24858491122722626,0.09754393994808197,1.8105473518371582,0.5416666865348816,0.702978789806366,-0.6329709887504578,0.3974246382713318,0.039293641410768035,1.4166667461395264,0.17890098690986633,7.14156391620636,0.08486353605985641,3.0192155838012695,0.7063576579093933,0.403888463973999,0.3641456067562103,14.08596730440855,0.5960977077484131,0.3401052951812744,1286,472.86,0.7059651613235474,0.0933268591761589,-0.022281959652900696,-0.007643273385474459,0.841829240322113,-0.01083691231906414,0.30838799476623535,1784480295.5931242,2.1233534812927246,750.406289402,0.7777778506278992,,12.329931259155273,40425
7.958333492279053,0.0,0.39207765460014343,0.31582173705101013,7.593750000000002e-05,0.24085339903831482,0.09826409816741943,1.8413374423980713,0.5833333730697632,0.7294246554374695,-0.6293990015983582,0.4003220796585083,0.038651383854448794,1.1666667461395264,0.1721334308385849,7.120216631889344,0.08328980207443237,2.942803382873535,0.7067928314208984,0.40532582998275757,0.36643296480178833,13.605877574682236,0.6050487160682678,0.3398180902004242,1287,445.44,0.7040480971336365,0.0954594612121582,-0.02108681946992874,-0.008450863804318942,0.847740650177002,-0.011485433205962181,0.29262351989746094,1784480298.1066782,2.12302303314209,752.929164198,0.7777778506278992,,11.680906295776367,40694
7.708333492279053,0.0,0.34447580575942993,0.3156675100326538,7.593750000000002e-05,0.23789279162883759,0.09843884408473969,1.6863012313842773,0.4166666865348816,0.6704806685447693,-0.6354591846466064,0.4007565677165985,0.03816326726227999,1.125,0.1749267578125,7.100718927383423,0.07956387102603912,2.7862439155578613,0.7104472517967224,0.40855860710144043,0.3668695390224457,13.792158477008343,0.5877483487129211,0.3410890996456146,1288,450.93,0.7027125358581543,0.09201344847679138,-0.019304931163787842,-0.009160784905543552,0.77386873960495,-0.011488296091556549,0.3007621765136719,1784480300.6338081,2.1253910064697266,755.465614579,0.7777778506278992,,10.92377758026123,40518
7.6666669845581055,0.0416666679084301,0.4135279059410095,0.3156098425388336,0.00011390625000000003,0.2666859030723572,0.09472912549972534,1.936286449432373,0.5416666865348816,0.7496174573898315,-0.6125569343566895,0.3851883113384247,0.03975009862333536,1.5416667461395264,0.20190173387527466,7.0965801000595095,0.08994241058826447,3.0253262519836426,0.6841082572937012,0.38995012640953064,0.36814236640930176,12.795940925180911,0.6627155542373657,0.3270648419857025,1289,424.14,0.7017217874526978,0.08881961554288864,-0.018976222723722458,-0.007618806287064217,0.8860464096069336,-0.012082505039870739,0.3165402412414551,1784480303.1900558,2.1186561584472656,758.526293458,0.7777778506278992,,12.05457878112793,40367
7.6666669845581055,0.0416666679084301,0.3764650225639343,0.31551146507263184,0.00011390625000000003,0.26585137844085693,0.10024501383304596,1.701244831085205,0.4166666865348816,0.7116717100143433,-0.6431279182434082,0.40589869022369385,0.04224141873419285,1.125,0.1929873675107956,7.0883992433547975,0.08858998119831085,3.0980277061462402,0.7199589610099792,0.4122597575187683,0.36765533685684204,14.366136669814587,0.5925493240356445,0.3447853922843933,1290,465.38,0.7000247836112976,0.0919971689581871,-0.018103912472724915,-0.008695968426764011,0.888543963432312,-0.01063357200473547,0.29555535316467285,1784480306.3136306,2.640256404876709,761.069818306,0.7777778506278992,"{'sha256': '21e510447a458f6d9329c9a6a13c7cb265ebf4a40a804b18ef67fcbdb37a5586', 'path': 'media/videos/video_1290_21e510447a458f6d9329.mp4', 'size': 1555931.0, '_type': 'video-file'}",12.198646545410156,33484
7.4166669845581055,0.0,0.384099543094635,0.31553030014038086,0.00011390625000000003,0.2558106780052185,0.09870950877666473,1.7839040756225586,0.3333333432674408,0.7159125804901123,-0.6248589754104614,0.39652276039123535,0.04085829984396696,1.3333333730697632,0.19135749340057373,7.084555888175965,0.08382755517959595,2.9120090007781982,0.7013437151908875,0.40148887038230896,0.36817026138305664,13.832348957359791,0.6016852259635925,0.33582577109336853,1291,446.51,0.6988991498947144,0.09146726131439209,-0.016680335626006126,-0.008478767040651291,0.8438960909843445,-0.011238399893045425,0.29376673698425293,1784480308.7785208,2.076505422592163,763.673993951,0.7777778506278992,,11.269315719604492,41473
7.2916669845581055,0.0416666679084301,0.38572394847869873,0.31543171405792236,0.00011390625000000003,0.251437246799469,0.09717901796102524,1.7191877365112305,0.375,0.7053447961807251,-0.6123542785644531,0.38854360580444336,0.04262402970343828,1.1666667461395264,0.18629711866378784,7.081574702262879,0.08464938402175903,2.8527228832244873,0.6892074942588806,0.39415472745895386,0.3684113621711731,13.647309649288655,0.5965770483016968,0.3310319781303406,1292,443.72,0.6981882452964783,0.08930888772010803,-0.017305374145507812,-0.009352779621258378,0.8477444648742676,-0.010563166812062263,0.31391024589538574,1784480311.3893542,2.1850392818450928,766.108016289,0.7777778506278992,,11.495109558105469,39338
7.708333492279053,0.0,0.41146039962768555,0.31532639265060425,0.00011390625000000003,0.2611362040042877,0.09914635866880417,1.7724781036376953,0.25,0.6799939870834351,-0.6357440948486328,0.40204644203186035,0.03959721606224775,1.3333333730697632,0.19696366786956787,7.072882914543152,0.087450310587883,3.0865259170532227,0.7102971076965332,0.40228813886642456,0.3693539500236511,13.582743555605411,0.542897641658783,0.33995914459228516,1293,447.0,0.6985523700714111,0.09522296488285065,-0.01781562902033329,-0.009375532250851392,0.8770021200180054,-0.011860506609082222,0.2856476306915283,1784480313.8096776,2.035574436187744,768.683654865,0.7777778506278992,,12.340155601501465,42350
8.458333969116211,0.0,0.3870067596435547,0.3151477575302124,0.00011390625000000006,0.22564928233623505,0.09766735881567001,1.5932092666625977,0.375,0.6243796348571777,-0.6287719011306763,0.39806175231933594,0.04126438833773136,1.375,0.16397912800312042,7.064641404151916,0.07814568281173706,2.745386838912964,0.7004040479660034,0.39828306436538696,0.36980152130126953,13.696119538396596,0.5369653105735779,0.3356015086174011,1294,441.92,0.6974904537200928,0.09465377032756805,-0.019216373562812805,-0.0082919434964424,0.779708981513977,-0.011645223014056683,0.3034062385559082,1784480316.4001951,2.172873020172119,771.147588836,0.7777778506278992,,10.839075088500977,39698
7.958333492279053,0.0,0.3591175079345703,0.314983993768692,0.00011390625000000006,0.2470378875732422,0.10179074108600616,1.7470550537109375,0.2916666865348816,0.670733630657196,-0.6327138543128967,0.4075271487236023,0.04155643880367279,1.2083333730697632,0.18704676628112793,7.047059154510498,0.08337093889713287,2.8555750846862793,0.711608350276947,0.4127950072288513,0.3717523515224457,13.945038816183805,0.5740966200828552,0.34169095754623413,1295,453.61,0.6955315470695496,0.0980253741145134,-0.0202244333922863,-0.00860615832498297,0.8238204717636108,-0.011232491582632065,0.28513121604919434,1784480318.8525767,2.0638010501861572,773.687192318,0.7777778506278992,,11.295645713806152,41850
7.2916669845581055,0.0416666679084301,0.3635489344596863,0.31469663977622986,7.593750000000004e-05,0.2661598324775696,0.09571965783834457,1.813727855682373,0.4583333432674408,0.7378918528556824,-0.6089732050895691,0.38665342330932617,0.03929612953215837,1.4583333730697632,0.1923520267009735,7.027138185501099,0.09143739938735962,3.0942511558532715,0.6797612905502319,0.391143798828125,0.37311646342277527,13.154510799050332,0.6220635175704956,0.3270978033542633,1296,427.69,0.6944834589958191,0.09543384611606598,-0.01976914331316948,-0.008929804107174278,0.8657364249229431,-0.01135886088013649,0.31432533264160156,1784480321.3981378,2.1249256134033203,776.218215091,0.7777778506278992,,12.223865509033203,40300
7.6666669845581055,0.0833333358168602,0.3446764349937439,0.31449568271636963,0.00011390625000000003,0.25037500262260437,0.10146421194076538,1.676927089691162,0.4166666865348816,0.666944682598114,-0.62394118309021,0.40487247705459595,0.04494994711130858,1.0833333730697632,0.17955522239208221,7.001385426521301,0.08221477270126343,2.7480082511901855,0.7079305648803711,0.4085335433483124,0.37401771545410156,13.734938156157732,0.569573700428009,0.34216925501823425,1297,443.24,0.6945495009422302,0.10002486407756805,-0.018519412726163864,-0.00774307573447004,0.8318713903427124,-0.010434672236442566,0.29964423179626465,1784480323.9245183,2.123642921447754,778.825394709,0.7777778506278992,,11.06982421875,40566
6.625,0.0416666679084301,0.40298065543174744,0.3144228458404541,0.00011390625000000003,0.285083144903183,0.09569385647773743,2.059332847595215,0.7083333730697632,0.7859887480735779,-0.597952663898468,0.37986475229263306,0.04243928324431181,1.5416667461395264,0.21755588054656982,6.985859990119934,0.09800460189580917,3.1463236808776855,0.6697714328765869,0.38616904616355896,0.373907208442688,12.87304375693202,0.6623429656028748,0.32142719626426697,1298,424.23,0.6955676078796387,0.09325790405273438,-0.020808160305023193,-0.008688658621395007,0.9333885908126831,-0.011668046936392784,0.3050360679626465,1784480326.530123,2.1989967823028564,781.348860823,0.7777778506278992,,12.129087448120117,39258
7.75,0.0,0.3738284111022949,0.3144553303718567,0.00011390625000000006,0.22742843627929688,0.10011649131774902,1.706041693687439,0.3333333432674408,0.662621259689331,-0.6325829029083252,0.4017324447631836,0.04482921976596117,1.3333333730697632,0.1603895127773285,6.99065523147583,0.07822105288505554,2.7958884239196777,0.7094284892082214,0.40534889698028564,0.3730931282043457,13.687473454773427,0.5467461347579956,0.3399587571620941,1299,444.14,0.6952799558639526,0.09211216866970062,-0.018862590193748474,-0.00848934836103581,0.7780618071556091,-0.012039519846439362,0.29175853729248047,1784480329.0594513,2.130598783493042,783.731436826,0.7777778506278992,,11.163301467895508,40581
8.458333969116211,0.0,0.38512787222862244,0.3142511248588562,0.00011390625000000006,0.24838468432426453,0.1006648987531662,1.7655357122421265,0.5,0.7004343867301941,-0.623826801776886,0.40157514810562134,0.04477040097117424,1.4166667461395264,0.1765638291835785,6.97962338924408,0.08451007306575775,2.999537944793701,0.7054275274276733,0.4054306447505951,0.3721649646759033,14.475601942539216,0.5881152749061584,0.3404940068721771,1300,469.11,0.69390869140625,0.09163783490657806,-0.01991456188261509,-0.008284344314597547,0.8609026670455933,-0.010551574639976025,0.28967976570129395,1784480331.441368,1.9884569644927979,786.192387434,0.7777778506278992,,12.167854309082031,43151
7.6666669845581055,0.0416666679084301,0.35822877287864685,0.3144570589065552,0.00011390625000000006,0.2592087388038635,0.09874638170003891,1.840013861656189,0.4166666865348816,0.7278100848197937,-0.6154844760894775,0.39710813760757446,0.045619643107056615,1.5416667461395264,0.18452119827270508,6.97816948890686,0.08597340434789658,3.06300687789917,0.6944064497947693,0.3991197347640991,0.372166246175766,13.416621361002326,0.6004680395126343,0.33435115218162537,1301,432.62,0.6941556930541992,0.08912317454814911,-0.01740065962076187,-0.0084979282997665,0.894655704498291,-0.011575218290090561,0.3022937774658203,1784480333.897534,2.053222894668579,788.764398643,0.7777778506278992,,12.69007396697998,41733
7.458333492279053,0.0,0.3916403651237488,0.3145606815814972,7.593750000000004e-05,0.2613278031349182,0.09813462942838669,1.8712692260742188,0.5833333730697632,0.7792219519615173,-0.6096358299255371,0.3933098316192627,0.04427507072687149,1.9166667461395264,0.18968257308006287,6.994796562194824,0.0889267846941948,3.1138970851898193,0.6878093481063843,0.3981279730796814,0.3708597421646118,13.756109375953674,0.6623040437698364,0.3299272656440735,1302,439.85,0.6938318610191345,0.09333774447441101,-0.023242853581905365,-0.00846372791856993,0.8892582654953003,-0.01183661725372076,0.29931020736694336,1784480336.462959,2.172111749649048,791.309239827,0.7777778506278992,,12.560110092163086,39776
6.9166669845581055,0.0416666679084301,0.32596296072006226,0.31455832719802856,0.00011390625000000003,0.2653891444206238,0.100131556391716,1.852941870689392,0.5416666865348816,0.7178356647491455,-0.6113894581794739,0.3978467583656311,0.040853799879550935,1.375,0.1949426829814911,6.993198823928833,0.0907895490527153,2.966637372970581,0.6931732892990112,0.39979785680770874,0.3696988523006439,14.059384422898292,0.6187317371368408,0.33457398414611816,1303,451.58,0.6928521394729614,0.09123724699020386,-0.017428331077098846,-0.0073612467385828495,0.8542560338973999,-0.011406335979700089,0.2909972667694092,1784480339.011676,2.1615262031555176,793.887415478,0.7777778506278992,,11.456748962402344,40082
6.25,0.0,0.3789401948451996,0.3143601417541504,0.00011390625000000003,0.23268964886665344,0.09929903596639633,1.8050906658172607,0.4583333432674408,0.6670647859573364,-0.6235983371734619,0.40152713656425476,0.037543995678424834,1.0833333730697632,0.1766323745250702,6.979806590080261,0.07953710854053497,2.8835158348083496,0.7014319896697998,0.4000927805900574,0.36909183859825134,13.607455483227968,0.5583520531654358,0.33585652709007263,1304,438.98,0.6924952864646912,0.09468638896942139,-0.01943470537662506,-0.00944894361527986,0.8386054039001465,-0.012111155316233635,0.2965884208679199,1784480341.5818815,2.1838810443878174,796.377049222,0.7777778506278992,,11.525019645690918,39631
7.125,0.0,0.43596571683883667,0.31439265608787537,0.00017085937500000006,0.2370077669620514,0.10338380187749863,1.7005313634872437,0.625,0.679725170135498,-0.6334037184715271,0.41089385747909546,0.04348352197557688,0.875,0.1751137673854828,6.9678960084915165,0.08037916570901871,2.81528639793396,0.7197169065475464,0.41257986426353455,0.3651692867279053,14.183090974390506,0.5781306028366089,0.3461242914199829,1305,461.31,0.6936640739440918,0.09315621852874756,-0.019788315519690514,-0.009243561152834446,0.8276242613792419,-0.011693337932229042,0.2874412536621094,1784480344.084151,2.1140992641448975,798.942470115,0.7777778506278992,,11.452818870544434,40933
6.958333492279053,0.0,0.40597817301750183,0.31440863013267517,7.593750000000004e-05,0.2404932975769043,0.1009160503745079,1.6479400396347046,0.4166666865348816,0.6758174300193787,-0.6310369372367859,0.4043816328048706,0.04415944404900074,1.1666667461395264,0.17542855441570282,6.9767937660217285,0.08312170207500458,2.848097324371338,0.7092608213424683,0.40380001068115234,0.3640826344490051,13.717521950304508,0.5807067155838013,0.3427271544933319,1306,455.89,0.693268895149231,0.0971028059720993,-0.021651271730661392,-0.00796690535498783,0.8414264917373657,-0.011853789910674095,0.3139660358428955,1784480346.6429107,2.147578239440918,801.354339764,0.7777778506278992,,11.58496379852295,39935
7.833333492279053,0.0,0.3487878739833832,0.31427013874053955,0.00011390625000000003,0.2580445408821106,0.09781807661056519,1.7379789352416992,0.6666666865348816,0.6989535093307495,-0.6048758029937744,0.3906812369823456,0.03826927337795496,1.75,0.1821756660938263,6.964602255821228,0.08662115037441254,3.053577423095703,0.6833275556564331,0.38930559158325195,0.3659573495388031,13.505708759129048,0.5717788934707642,0.3294900059700012,1307,441.25,0.6923084259033203,0.09130342304706573,-0.019597038626670837,-0.00873219610657543,0.85045325756073,-0.011203966103494167,0.3029019832611084,1784480349.0556993,2.0139129161834717,803.970173451,0.7777778506278992,,12.336763381958008,42430
7.7916669845581055,0.0416666679084301,0.43984735012054443,0.3142060339450836,0.00011390625000000003,0.2221658080816269,0.10283206403255463,1.7477277517318726,0.3333333432674408,0.6725775003433228,-0.6201236248016357,0.40570467710494995,0.035304443538188936,1.2083333730697632,0.16075275838375092,6.95661232471466,0.07692939043045044,2.86719012260437,0.707446813583374,0.409505695104599,0.3666946589946747,13.282316007465123,0.5767213106155396,0.3416573405265808,1308,430.34,0.6917799711227417,0.0922447070479393,-0.01723465695977211,-0.008086893465224421,0.7992451190948486,-0.0109645314514637,0.31414127349853516,1784480351.6800692,2.205016851425171,806.393426952,0.7777778506278992,,11.60885238647461,39022
7.583333492279053,0.0,0.4318273067474365,0.3143738806247711,0.00011390625000000003,0.22290638089179993,0.10438217967748642,1.6076009273529053,0.375,0.6472861766815186,-0.6320420503616333,0.41133829951286316,0.04179505687206984,1.125,0.15906082093715668,6.96004285812378,0.07675235718488693,2.638657331466675,0.7162725329399109,0.41510385274887085,0.36606085300445557,14.099683505892754,0.5540368556976318,0.34268420934677124,1309,452.88,0.6910090446472168,0.1011347696185112,-0.02046423777937889,-0.008583121129777282,0.8083517551422119,-0.010738253593444824,0.28522586822509766,1784480354.1016707,2.029301166534424,808.985518813,0.7777778506278992,,10.765390396118164,42472
7.583333492279053,0.0,0.3619571626186371,0.3142490088939667,7.593750000000002e-05,0.2346523255109787,0.10440625995397568,1.797672986984253,0.4583333432674408,0.6989320516586304,-0.63994300365448,0.4176470935344696,0.0411391606554389,1.25,0.16800570487976074,6.9616947889328005,0.07975921034812927,2.9074974060058594,0.7254183292388916,0.41395649313926697,0.3654479384422302,14.103947443366051,0.6006877422332764,0.34918829798698425,1310,455.55,0.6915084719657898,0.0963994562625885,-0.02273239754140377,-0.009503109107026831,0.8063591718673706,-0.01143364142626524,0.3114638328552246,1784480356.7002814,2.1739516258239746,812.007298396,0.7777778506278992,,11.641172409057617,39552
7.458333492279053,0.0416666679084301,0.38324183225631714,0.3140481114387512,0.00011390625000000003,0.2264617681503296,0.10405944287776947,1.476722002029419,0.25,0.6071698069572449,-0.6303128004074097,0.41387200355529785,0.0364216223359108,1.25,0.1607988476753235,6.941258978843689,0.07595330476760864,2.719919204711914,0.7175473570823669,0.4114786982536316,0.3655867576599121,14.207103954553604,0.5199066400527954,0.34719085693359375,1311,458.48,0.691339373588562,0.10081271827220917,-0.024575233459472656,-0.008691859419923276,0.8121894598007202,-0.011156503111124039,0.2940711975097656,1784480359.7953627,2.6146225929260254,814.775310737,0.7777778506278992,"{'_type': 'video-file', 'sha256': '8a942c7139dc6ea579e197b4697ed381c22cfe2bf7be1082cf07815000ea501a', 'path': 'media/videos/video_1311_8a942c7139dc6ea579e1.mp4', 'size': 1552798.0}",11.037959098815918,33796
7.708333492279053,0.0,0.36992496252059937,0.31403905153274536,0.00011390625000000006,0.21775786578655243,0.10484632104635239,1.5410150289535522,0.2083333432674408,0.5758832693099976,-0.6392225623130798,0.4162680506706238,0.04368778131902218,0.7916666865348816,0.15578395128250122,6.92599127292633,0.07312845438718796,2.538050651550293,0.7282462120056152,0.41603779792785645,0.3663320541381836,14.354374766498804,0.4851142168045044,0.35246580839157104,1312,462.21,0.6910998225212097,0.09629403799772263,-0.017704244703054428,-0.008160024185781368,0.7470523118972778,-0.011719400994479656,0.3201620578765869,1784480362.487773,2.2732229232788086,817.222842824,0.7777778506278992,,10.328418731689453,37905
7.75,0.0,0.3408309817314148,0.3140524625778198,7.593750000000004e-05,0.264900803565979,0.10200777649879456,1.8339314460754395,0.5416666865348816,0.7493202090263367,-0.6231039762496948,0.4075356423854828,0.042051822133362296,1.4166667461395264,0.1999674290418625,6.934966969490051,0.09110941737890244,3.0927772521972656,0.7089623212814331,0.40471500158309937,0.3675536811351776,13.900404157489538,0.6281595826148987,0.34239357709884644,1313,446.3,0.6905592679977417,0.09554239362478256,-0.02081887237727642,-0.007887921135261423,0.895388126373291,-0.011794177815318108,0.2857210636138916,1784480364.9193656,2.050684928894043,819.660159188,0.7777778506278992,,11.878082275390625,42074
7.0,0.0,0.33538979291915894,0.3138715922832489,0.00011390625000000003,0.2732712924480438,0.09860754013061523,1.880644679069519,0.5416666865348816,0.7531532049179077,-0.5987628698348999,0.3910125494003296,0.03935734108090401,1.125,0.21014568209648132,6.9227351427078245,0.09437867254018784,3.100600004196167,0.6778072714805603,0.3894473910331726,0.3657357394695282,13.556989082992077,0.6571561098098755,0.3262789249420166,1314,433.23,0.6919257044792175,0.09134314954280853,-0.018352972343564034,-0.008252223022282124,0.8901447057723999,-0.012105368077754974,0.2884953022003174,1784480367.370207,2.0584685802459717,822.314062493,0.7777778506278992,,11.734861373901367,41885
7.75,0.0416666679084301,0.3729369640350342,0.3136841058731079,0.00011390625000000006,0.22209016978740692,0.10443591326475143,1.5877552032470703,0.375,0.6617326736450195,-0.637635350227356,0.41511866450309753,0.03947310037910938,1.0416667461395264,0.1520596146583557,6.902092099189758,0.07532402127981186,2.7997512817382812,0.723360538482666,0.4129204750061035,0.3634709119796753,14.634564666748046,0.5370835661888123,0.34847569465637207,1315,465.89,0.6925171613693237,0.09791910648345947,-0.019112329930067062,-0.007632624833422597,0.8183345794677734,-0.011303437873721123,0.3000907897949219,1784480370.0167482,2.247777223587036,824.831019792,0.7777778506278992,,11.617706298828125,38582
7.75,0.0,0.38220593333244324,0.31370294094085693,0.00011390625000000006,0.2517763376235962,0.10131078958511353,1.710805892944336,0.5833333730697632,0.721208930015564,-0.6144933700561523,0.4022634029388428,0.04356396198272705,1.0,0.18783122301101685,6.889293551445007,0.08696378767490387,2.9300858974456787,0.6950539350509644,0.40071427822113037,0.3617710471153259,14.184605012685061,0.608495831489563,0.33486223220825195,1316,446.09,0.6929686069488525,0.09754236787557602,-0.018347242847085,-0.008072762113442877,0.852381706237793,-0.011282801628112793,0.30151867866516113,1784480372.5374455,2.117621421813965,827.400601506,0.7777778506278992,,11.832880973815918,40635
6.875,0.0,0.355627179145813,0.3137052655220032,7.593750000000004e-05,0.233107328414917,0.10347333550453186,1.638319730758667,0.3333333432674408,0.6777253150939941,-0.6209510564804077,0.4107566475868225,0.04045343622565269,1.25,0.16401521861553192,6.89511992931366,0.07783617079257965,2.889103651046753,0.7080330848693848,0.4073844850063324,0.36182355880737305,13.965253527686,0.5763049125671387,0.3410717844963074,1317,451.73,0.6927689909934998,0.09505109488964081,-0.017254700884222984,-0.007083541963947937,0.826009213924408,-0.010816594585776329,0.3072798252105713,1784480375.1033444,2.160038948059082,829.857517412,0.7777778506278992,,11.870927810668945,39842
7.5416669845581055,0.0,0.38305234909057617,0.31367772817611694,0.00011390625000000003,0.2324521541595459,0.1032947525382042,1.6938952207565308,0.4166666865348816,0.6363465785980225,-0.6233139634132385,0.41046807169914246,0.03962911032140255,1.0833333730697632,0.16507762670516968,6.888252091407776,0.07742416113615036,2.8036725521087646,0.7107803225517273,0.4075641334056854,0.3600426912307739,13.687256280183792,0.5391778945922852,0.34400472044944763,1318,442.22,0.6931220889091492,0.09144698083400726,-0.022268880158662796,-0.008775584612158127,0.7926626205444336,-0.01108778640627861,0.2919423580169678,1784480377.5617468,2.0634632110595703,832.489263292,0.7777778506278992,,11.164039611816406,41735
7.333333492279053,0.0,0.3617994785308838,0.31354764103889465,0.00011390625000000003,0.2567340135574341,0.10236112773418427,1.766251802444458,0.7916666865348816,0.7241870760917664,-0.6172233819961548,0.4044885039329529,0.040992734208703044,1.0833333730697632,0.19005388021469116,6.888789701461792,0.08728682994842529,3.0811047554016113,0.6992964744567871,0.40277549624443054,0.3613453507423401,13.602510155439377,0.6151126623153687,0.3355735242366791,1319,441.84,0.691344141960144,0.09643062949180603,-0.022753698751330376,-0.008003797291894443,0.8519101142883301,-0.012516501359641552,0.3178696632385254,1784480380.2016947,2.2144083976745605,835.119360693,0.7777778506278992,,12.338123321533203,38820
7.833333492279053,0.0,0.40284037590026855,0.3133378326892853,0.00011390625000000003,0.24066007137298584,0.10252132266759872,1.774958848953247,0.4583333432674408,0.683429479598999,-0.622509241104126,0.40850114822387695,0.0418323989957571,1.125,0.1767309606075287,6.865841794013977,0.08339105546474457,2.9065608978271484,0.7082440257072449,0.40554845333099365,0.3634699285030365,14.453181748688221,0.5755021572113037,0.34031885862350464,1320,462.26,0.690988302230835,0.0990409404039383,-0.022457201033830643,-0.009186916246835607,0.8288957476615906,-0.011472998186945915,0.3202688694000244,1784480382.836982,2.197026491165161,837.740648004,0.7777778506278992,,11.422225952148438,39051
9.291666984558105,0.0833333358168602,0.3946439027786255,0.3133275806903839,7.593750000000002e-05,0.2286815345287323,0.10437851399183273,1.6876599788665771,0.7083333730697632,0.6510764956474304,-0.6324531435966492,0.41425976157188416,0.04481255896389484,1.0,0.16335511207580566,6.857918930053711,0.0776137262582779,2.741611957550049,0.7188897132873535,0.411922425031662,0.36328837275505066,14.239892979562283,0.5571014285087585,0.3462955951690674,1321,458.07,0.6905686259269714,0.09716270864009857,-0.021546117961406708,-0.008982917189132422,0.7870938777923584,-0.012532427906990051,0.29625535011291504,1784480385.4438243,2.206821918487549,840.29670775,0.7777778506278992,,11.008079528808594,39273
7.4166669845581055,0.125,0.38007852435112,0.31331968307495117,0.00011390625000000003,0.276858925819397,0.09564065933227539,1.9762463569641113,0.5833333730697632,0.788562536239624,-0.5816348791122437,0.38239091634750366,0.04182327352464199,1.7083333730697632,0.2208637297153473,6.858230066299439,0.09395754337310791,3.1587166786193848,0.6581311225891113,0.3802039623260498,0.3637278974056244,13.197046314030885,0.6549897193908691,0.3186444938182831,1322,422.93,0.6888893842697144,0.09165576100349426,-0.022322483360767365,-0.008673443488078192,0.925266444683075,-0.011326476000249386,0.2858593463897705,1784480388.0019255,2.170374631881714,842.815407203,0.7777778506278992,,12.412109375,40022
8.166666984558105,0.0,0.38198885321617126,0.3132942318916321,7.593750000000004e-05,0.22864830493927002,0.10462334752082825,1.6066007614135742,0.4583333432674408,0.6746634244918823,-0.6230315566062927,0.41360554099082947,0.042112760804593564,1.0416667461395264,0.15800262987613678,6.853607654571533,0.07880482077598572,2.7011563777923584,0.7131434679031372,0.41223663091659546,0.36395812034606934,14.488875646293163,0.5818728804588318,0.3440958857536316,1323,466.82,0.6880616545677185,0.09771567583084106,-0.020826810970902443,-0.008732779042475158,0.7651619911193848,-0.012115614488720894,0.29769444465637207,1784480390.5304914,2.1195716857910156,845.335810528,0.7777778506278992,,10.777823448181152,40667
7.0416669845581055,0.0416666679084301,0.4121241271495819,0.31301349401474,0.00011390625000000003,0.2580145597457886,0.10443371534347534,1.7698583602905273,0.5833333730697632,0.7396844625473022,-0.6183979511260986,0.41012680530548096,0.03681916277855635,1.4583333730697632,0.1829519122838974,6.841589498519897,0.08608639240264893,2.9028868675231934,0.7057347297668457,0.408858060836792,0.3666660189628601,14.435658807754516,0.6357004046440125,0.33934086561203003,1324,456.9,0.6872215270996094,0.0952250212430954,-0.020538529381155968,-0.008878264091617894,0.8759254813194275,-0.011738469824194908,0.2849135398864746,1784480393.043062,2.1233699321746826,847.950059029,0.7777778506278992,,11.266032218933105,40819
6.2916669845581055,0.0416666679084301,0.40737271308898926,0.3128780424594879,7.593750000000004e-05,0.25128602981567383,0.10155542939901352,1.8550200462341309,0.625,0.6854386329650879,-0.6098385453224182,0.401722252368927,0.04298838246613741,1.2083333730697632,0.18508970737457275,6.814747428894043,0.08519664406776428,2.908013105392456,0.6930098533630371,0.3989865183830261,0.3679753243923187,13.28319260314107,0.5900891423225403,0.33188700675964355,1325,431.08,0.6875828504562378,0.09600486606359482,-0.018018126487731934,-0.008346349740168079,0.8135257959365845,-0.012302987277507782,0.3032550811767578,1784480395.6558979,2.2042782306671143,850.500049936,0.7777778506278992,,11.499982833862305,39203
7.458333492279053,0.0416666679084301,0.39353615045547485,0.3130258619785309,7.593750000000002e-05,0.22717677056789398,0.10652212798595428,1.5683488845825195,0.4583333432674408,0.6887533068656921,-0.6383185982704163,0.42026716470718384,0.043859349377453324,0.7083333730697632,0.15991085767745972,6.819057273864746,0.07749255001544952,2.6695990562438965,0.7287155985832214,0.41651129722595215,0.37075304985046387,14.060971922874451,0.6051837205886841,0.3520016670227051,1326,456.38,0.6856399774551392,0.09137129783630371,-0.02104203775525093,-0.007713080573012121,0.8025192618370056,-0.011448727920651436,0.28762006759643555,1784480398.2110336,2.1619644165039062,852.948731968,0.7777778506278992,,10.803625106811523,40130
7.25,0.0416666679084301,0.37426280975341797,0.31298694014549255,7.593750000000002e-05,0.26888254284858704,0.10078674554824829,1.8198719024658203,0.7916666865348816,0.7539018392562866,-0.6096067428588867,0.3975658416748047,0.03944054655730724,1.2916667461395264,0.19641375541687012,6.826637816429138,0.09111595153808594,3.0850625038146973,0.692123532295227,0.3956599831581116,0.3714631497859955,13.391665108203888,0.6481287479400635,0.33366483449935913,1327,434.88,0.6850175261497498,0.0919509083032608,-0.023476507514715195,-0.008901331551533076,0.8924484252929688,-0.012034161016345024,0.2886185646057129,1784480400.6512127,2.052755355834961,855.407041946,0.7777778506278992,,12.080259323120117,41985
8.25,0.0416666679084301,0.40017080307006836,0.3128756284713745,0.00011390625000000003,0.22513580322265625,0.10136862099170685,1.6400856971740723,0.375,0.6554664373397827,-0.6170222759246826,0.40342462062835693,0.03808338288217783,1.2083333730697632,0.1585513800382614,6.82111690044403,0.07703196257352829,2.7994651794433594,0.7032732963562012,0.39918336272239685,0.36864858865737915,14.432661789655686,0.5423151254653931,0.34025561809539795,1328,463.28,0.6865136027336121,0.09090155363082886,-0.019621653482317924,-0.008315439929720014,0.7833222150802612,-0.011240644380450249,0.28542447090148926,1784480403.1136167,2.0761876106262207,857.813075983,0.7777778506278992,,10.928287506103516,41625
7.375,0.0416666679084301,0.38022613525390625,0.31278470158576965,0.00011390625000000003,0.2405189573764801,0.09944331645965576,1.6388721466064453,0.5416666865348816,0.6960791349411011,-0.5946628451347351,0.3879142999649048,0.039247398264706135,1.125,0.1842515915632248,6.8076999425888065,0.08492012321949005,2.8442163467407227,0.6755088567733765,0.3848132789134979,0.3688550889492035,13.920308329761028,0.5852481722831726,0.3258090615272522,1329,444.74,0.6863991022109985,0.09386247396469116,-0.021598346531391144,-0.009185167879331857,0.8213887214660645,-0.011837116442620754,0.2891216278076172,1784480405.5194027,2.0151894092559814,860.424355523,0.7777778506278992,,11.478888511657715,42660
8.083333969116211,0.0416666679084301,0.38143548369407654,0.3127712905406952,7.593750000000004e-05,0.2375643253326416,0.10326506197452545,1.640755534172058,0.3333333432674408,0.6771895885467529,-0.6324077844619751,0.4130285680294037,0.04175906665623188,1.125,0.16469073295593262,6.805201077461243,0.07993065565824509,2.761683940887451,0.7165221571922302,0.40764713287353516,0.36937451362609863,14.186314471960067,0.6101135611534119,0.34578758478164673,1330,452.6,0.6865667104721069,0.09459545463323593,-0.021797485649585724,-0.007023862597998231,0.8183929920196533,-0.012639190070331097,0.2993147373199463,1784480408.133039,2.20935320854187,862.866505616,0.7777778506278992,,11.515636444091797,39185
7.25,0.0416666679084301,0.35553616285324097,0.3126715421676636,7.593750000000002e-05,0.23979370296001434,0.10613855719566345,1.625584602355957,0.5833333730697632,0.6652887463569641,-0.6406304836273193,0.42138344049453735,0.035267733968794346,0.7916666865348816,0.1761319637298584,6.798837924003601,0.08040668815374374,2.7622299194335938,0.727914035320282,0.41708502173423767,0.37123674154281616,14.203201380074024,0.5705623030662537,0.35052943229675293,1331,455.67,0.6860002279281616,0.0981515496969223,-0.02045026235282421,-0.00881238850997761,0.8154143691062927,-0.012010261416435242,0.2928957939147949,1784480410.5704224,2.043264627456665,866.059499324,0.7777778506278992,,10.81654167175293,42079
7.625,0.0,0.3531641960144043,0.3125510513782501,7.593750000000002e-05,0.2307005226612091,0.10276493430137634,1.7624820470809937,0.3333333432674408,0.6606926321983337,-0.607730507850647,0.4015128016471863,0.04073433745652437,1.2083333730697632,0.161251962184906,6.78780620098114,0.07744728028774261,2.8795766830444336,0.6926409602165222,0.3980172574520111,0.37150463461875916,13.760374844800682,0.554446816444397,0.33481836318969727,1332,442.12,0.6858314275741577,0.09520258754491806,-0.020743586122989655,-0.007650707414723001,0.7925004959106445,-0.011517676524817944,0.3082919120788574,1784480413.8526287,2.7850217819213867,868.710360398,0.7777778506278992,"{'_type': 'video-file', 'sha256': '811c857bb2cb78284e78852c4319de8bbdab2e239218e07e4a456e79eec85817', 'path': 'media/videos/video_1332_811c857bb2cb78284e78.mp4', 'size': 1530508.0}",11.530601501464844,31779
7.458333492279053,0.0,0.40460777282714844,0.3123610317707062,0.00011390625000000003,0.2397887408733368,0.10355239361524582,1.7638095617294312,0.4166666865348816,0.6961231231689453,-0.634794294834137,0.40822017192840576,0.04926692731678486,1.2916667461395264,0.1679704636335373,6.771636223793029,0.0788489505648613,2.9007461071014404,0.7129344940185547,0.40525978803634644,0.37081652879714966,13.836960334330797,0.5923413038253784,0.34297749400138855,1333,458.42,0.6860313415527344,0.09118249267339706,-0.01895505003631115,-0.00787253929884173,0.8224884867668152,-0.01368575356900692,0.32707881927490234,1784480416.4129686,2.1446168422698975,871.253787127,0.7777778506278992,,12.017698287963867,39771
7.625,0.0416666679084301,0.38736552000045776,0.3123726546764374,0.00011390625000000006,0.2832126021385193,0.10268968343734741,1.8781230449676514,0.8333333730697632,0.7638252973556519,-0.6076029539108276,0.4004318118095398,0.04568924345076084,1.5,0.22466778755187988,6.768601632118225,0.09696858376264572,3.0997767448425293,0.6904702186584473,0.3992273509502411,0.3702477812767029,13.936510162949562,0.6639982461929321,0.3323316276073456,1334,447.63,0.6855656504631042,0.09183667600154877,-0.01977652683854103,-0.007674960406075115,0.9337551593780518,-0.011236939579248428,0.29703354835510254,1784480418.9620178,2.1465938091278076,873.837470244,0.7777778506278992,,11.814964294433594,40228
6.6666669845581055,0.0416666679084301,0.3643816113471985,0.3122953772544861,7.593750000000004e-05,0.25726765394210815,0.10481655597686768,1.9800872802734375,0.2916666865348816,0.755725085735321,-0.6230694055557251,0.40935489535331726,0.03884391244500875,1.0416667461395264,0.19369839131832123,6.763721251487732,0.0863296389579773,3.181260824203491,0.7060271501541138,0.4084152579307556,0.3711521029472351,14.116387423872947,0.6325392127037048,0.340833842754364,1335,449.33,0.6826561689376831,0.09999104589223862,-0.02165377140045166,-0.009626212287366797,0.9093732833862305,-0.012789132073521614,0.324221134185791,1784480421.565603,2.1547844409942627,876.369706813,0.7777778506278992,,12.308189392089844,39654
7.958333492279053,0.0416666679084301,0.4388884902000427,0.3123862147331238,0.00011390625000000003,0.24488238990306854,0.10432447493076324,1.6808323860168457,0.4583333432674408,0.6553993821144104,-0.6279053688049316,0.41149038076400757,0.045229075476527214,1.0833333730697632,0.1847771406173706,6.760612940788269,0.0831044539809227,2.779684066772461,0.7141029834747314,0.40774449706077576,0.37119096517562866,13.218671551942826,0.5818703174591064,0.34418487548828125,1336,435.61,0.6822851896286011,0.09239654242992401,-0.016130615025758743,-0.008653846092784079,0.8032288551330566,-0.013107230886816978,0.2991607189178467,1784480424.0755816,2.105508804321289,878.846465839,0.7777778506278992,,11.155912399291992,40880
8.0,0.0,0.37718403339385986,0.3125222325325012,7.593750000000002e-05,0.25287261605262756,0.10459457337856293,1.8235406875610352,0.5,0.711145281791687,-0.6171823740005493,0.4082375168800354,0.04565182235091925,1.5416667461395264,0.19638848304748535,6.77724015712738,0.08814176172018051,3.020428419113159,0.7016171813011169,0.40586429834365845,0.3720174729824066,13.811213679909706,0.6017330884933472,0.33770236372947693,1337,441.68,0.6823141574859619,0.10073554515838623,-0.024876132607460022,-0.0077667708275839685,0.8501929640769958,-0.012582688592374325,0.311093807220459,1784480426.5605695,2.0636487007141113,881.510051291,0.7777778506278992,,11.9395170211792,41395
6.5416669845581055,0.0416666679084301,0.35725319385528564,0.31242507696151733,7.593750000000002e-05,0.26661568880081177,0.10392343252897263,1.9637160301208496,0.5,0.8218731880187988,-0.6125739812850952,0.40471017360687256,0.0433446604758501,1.25,0.1924939602613449,6.773493671417237,0.09009041637182236,3.2175071239471436,0.7010223865509033,0.40374165773391724,0.3725071847438812,13.848451730310916,0.6867834329605103,0.3406641185283661,1338,439.68,0.6818597316741943,0.09464332461357117,-0.02019669860601425,-0.008424111257772893,0.9089841842651367,-0.01208575814962387,0.30629444122314453,1784480429.2205677,2.244513988494873,883.977437815,0.7777778506278992,,12.473773956298828,38538
7.6666669845581055,0.0,0.36741161346435547,0.31237879395484924,7.593750000000002e-05,0.23854804039001465,0.10474308580160141,1.6869467496871948,0.2916666865348816,0.6889227628707886,-0.6238957047462463,0.4090356230735779,0.039704155549407004,1.25,0.15669412910938263,6.76340000629425,0.08053326606750488,2.841693878173828,0.709500253200531,0.409423291683197,0.3711715638637543,13.818573071062564,0.5944023132324219,0.3418081998825073,1339,443.65,0.682953953742981,0.09717756509780884,-0.018571849912405014,-0.008658040575392078,0.8220251798629761,-0.01170774083584547,0.28638792037963867,1784480431.6820433,2.0754058361053467,886.621625837,0.7777778506278992,,11.566229820251465,41622
7.333333492279053,0.0833333358168602,0.40500229597091675,0.3124624788761139,7.593750000000002e-05,0.2298438400030136,0.10608480870723724,1.71017587184906,0.375,0.6771272420883179,-0.6360390782356262,0.4123053550720215,0.038447975367307666,1.0,0.16122755408287048,6.769015192985535,0.07572298496961594,2.947848320007324,0.7193371653556824,0.4112822711467743,0.37076276540756226,14.489885103404522,0.5595450401306152,0.3472982347011566,1340,461.04,0.6826269030570984,0.09304188936948776,-0.019167177379131317,-0.008410293306224049,0.8252899050712585,-0.011983300559222698,0.30638718605041504,1784480434.3390002,2.236510992050171,889.077412698,0.7777778506278992,,12.06364631652832,38658
7.75,0.0,0.36241602897644043,0.31242111325263977,0.00011390625000000003,0.2331857532262802,0.1036190539598465,1.7098125219345093,0.5,0.6744973063468933,-0.6162557005882263,0.40197205543518066,0.044966230913996694,1.2083333730697632,0.16572290658950806,6.768359446525574,0.0794541984796524,2.791682720184326,0.7001389265060425,0.40302759408950806,0.3695994019508362,13.80107451736927,0.5645613670349121,0.33819326758384705,1341,443.55,0.6840133666992188,0.0909447968006134,-0.019794728606939316,-0.0081631322769681,0.802598237991333,-0.011844269931316376,0.30713343620300293,1784480436.7817943,2.0354902744293213,891.6550107,0.7777778506278992,,11.314349174499512,41963
8.791666984558105,0.0833333358168602,0.36600345373153687,0.31248241662979126,0.00011390625000000003,0.24514758586883545,0.10546696186065674,1.7492296695709229,0.4583333432674408,0.6912958025932312,-0.6290668249130249,0.41118472814559937,0.04344943128526211,1.3333333730697632,0.18077600002288818,6.766149306297303,0.08127450197935104,2.9675326347351074,0.716354250907898,0.41088515520095825,0.3713265359401703,13.883772014975548,0.5830824375152588,0.3454030454158783,1342,451.05,0.6830660700798035,0.09314540028572083,-0.01951253041625023,-0.00895702779525891,0.8351103067398071,-0.012652590870857239,0.3067286014556885,1784480439.3750308,2.170029640197754,894.112927809,0.7777778506278992,,11.338956832885742,39690
7.583333492279053,0.0,0.3455774486064911,0.31250742077827454,0.00011390625000000003,0.23858658969402313,0.10389521718025208,1.6837241649627686,0.5416666865348816,0.6755239963531494,-0.61997389793396,0.40480560064315796,0.040338592045009135,1.125,0.17359456419944763,6.776002335548401,0.07828952372074127,2.935298442840576,0.7042737007141113,0.4026604890823364,0.372062623500824,14.052119949311018,0.5572879314422607,0.3405376672744751,1343,441.44,0.6821061968803406,0.09380277246236801,-0.020308740437030792,-0.008829569700174034,0.8282469511032104,-0.01219649612903595,0.2902069091796875,1784480441.8197622,2.052034616470337,896.559517558,0.7777778506278992,,11.879894256591797,41970
7.75,0.0,0.3787247836589813,0.3126232624053955,7.593750000000002e-05,0.2376561462879181,0.10605514049530029,1.676481008529663,0.3333333432674408,0.6637859344482422,-0.6250144839286804,0.4132680892944336,0.04204011429101229,1.2083333730697632,0.16628172993659973,6.780057907104492,0.07981829345226288,2.859253406524658,0.7148202657699585,0.41292604804039,0.37003087997436523,14.712081370055676,0.5480142831802368,0.34484395384788513,1344,465.96,0.68256676197052,0.10073407739400864,-0.019891250878572464,-0.009006600621796678,0.817589521408081,-0.011491341516375542,0.29860496520996094,1784480444.2632098,2.0450026988983154,899.148970027,0.7777778506278992,,11.206605911254883,41945
6.708333492279053,0.0416666679084301,0.3205186724662781,0.3126237690448761,0.00011390625000000003,0.2645798325538635,0.10370512306690216,1.8184452056884766,0.4166666865348816,0.7365455031394958,-0.6218902468681335,0.4035763144493103,0.04015340972691774,1.25,0.18222209811210632,6.786653852462768,0.08446437120437622,3.1180360317230225,0.6975106596946716,0.4011108875274658,0.36923736333847046,13.534174620248377,0.6040637493133545,0.33477580547332764,1345,433.02,0.6834608912467957,0.09720787405967712,-0.021741732954978943,-0.008850380044896156,0.9097265601158142,-0.013672023080289364,0.30033087730407715,1784480446.8561578,2.190020799636841,901.607275606,0.7777778506278992,,13.155058860778809,39473
7.0,0.0,0.3905007243156433,0.31245091557502747,7.593750000000002e-05,0.24098628759384155,0.10578987002372742,1.713699221611023,0.4166666865348816,0.7271613478660583,-0.625086784362793,0.40967291593551636,0.03995092213153839,1.2083333730697632,0.18208956718444824,6.775152564048767,0.08118003606796265,2.9663586616516113,0.7087736129760742,0.4075803756713867,0.3673945367336273,13.819646419063211,0.6014268398284912,0.3423230051994324,1346,445.29,0.6845378279685974,0.09270744025707245,-0.015254318714141846,-0.009031004912685603,0.831810474395752,-0.012697103433310986,0.30125856399536133,1784480449.3117068,2.0544588565826416,904.246577945,0.7777778506278992,,12.077468872070312,41729
7.333333492279053,0.0416666679084301,0.3783213496208191,0.3124904930591583,7.593750000000002e-05,0.24856755137443542,0.10062886774539948,1.8961970806121826,0.7083333730697632,0.7210854291915894,-0.6012697219848633,0.39243003726005554,0.044314872846007346,1.375,0.1899304986000061,6.768642711639404,0.08338241279125214,3.001657485961914,0.680377185344696,0.3910845220088959,0.3668784499168396,12.818049813807011,0.591030478477478,0.32712969183921814,1347,416.37,0.6835188865661621,0.089075967669487,-0.021178124472498894,-0.007926594316086267,0.8686314821243286,-0.011883373372256756,0.3086206912994385,1784480451.9636896,2.2265610694885254,906.671863695,0.7777778506278992,,11.98579216003418,38775
7.4166669845581055,0.0,0.3811332583427429,0.3124874532222748,0.00011390625000000003,0.27272510528564453,0.10020860284566879,1.7957589626312256,0.625,0.7574509978294373,-0.5968970060348511,0.3892297148704529,0.04159602299332619,1.2916667461395264,0.2037421464920044,6.771293354034424,0.08843376487493515,3.0618598461151123,0.6756372451782227,0.38780319690704346,0.36484968662261963,13.718603556603194,0.6351841688156128,0.32563942670822144,1348,439.37,0.6822206974029541,0.09100504964590073,-0.01795719377696514,-0.008070846542250366,0.909138560295105,-0.01201844122260809,0.2877960205078125,1784480454.3764539,2.0252530574798584,909.261276931,0.6944445371627808,,12.541654586791992,42499
8.125,0.0,0.3997494578361511,0.312556654214859,0.00011390625000000003,0.2336326539516449,0.10205376148223877,1.6636275053024292,0.4166666865348816,0.6657041907310486,-0.6090190410614014,0.39784950017929077,0.040654314868152144,1.4166667461395264,0.17015789449214935,6.774098443984985,0.08020627498626709,2.874319553375244,0.6884381175041199,0.3952161967754364,0.36581262946128845,13.20799796961248,0.553613007068634,0.33120331168174744,1349,422.41,0.6824034452438354,0.09373775124549866,-0.021584555506706238,-0.008232110616518185,0.8325164318084717,-0.01267215982079506,0.32586121559143066,1784480456.9781888,2.1626675128936768,911.760482796,0.7777778506278992,,11.130304336547852,39502
7.375,0.0,0.4167453646659851,0.3126574158668518,0.00011390625000000006,0.2508672773838043,0.10317361354827881,1.793738603591919,0.5416666865348816,0.6734054088592529,-0.6008816957473755,0.3968135714530945,0.042413748241961,1.4166667461395264,0.17976002395153046,6.777525115013122,0.08260373771190643,2.8769450187683105,0.6870372295379639,0.39409494400024414,0.3645976483821869,13.759586108624935,0.5833302736282349,0.330792635679245,1350,438.91,0.68274986743927,0.08905358612537384,-0.01768413372337818,-0.008585160993970931,0.8234901428222656,-0.011599777266383171,0.2945263385772705,1784480459.46777,2.0902936458587646,914.191338403,0.7685186266899109,,11.186869621276855,41220
8.083333969116211,0.0416666679084301,0.37402868270874023,0.31261521577835083,0.00011390625000000006,0.2159297913312912,0.10630625486373901,1.5678677558898926,0.25,0.6458944082260132,-0.6256090998649597,0.41523146629333496,0.037918787263333795,1.0,0.14616063237190247,6.7782433271408085,0.0697237029671669,2.741220235824585,0.7214967012405396,0.4139227271080017,0.36428770422935486,14.106203905940056,0.5455651879310608,0.3469231128692627,1351,447.03,0.6832585334777832,0.10300932824611664,-0.02001083269715309,-0.007287284192352672,0.7908763289451599,-0.011442378163337708,0.29874420166015625,1784480461.899567,2.030874013900757,916.809840123,0.6898149251937866,,11.301097869873047,42197
7.583333492279053,0.0416666679084301,0.37863844633102417,0.31258782744407654,0.00011390625000000006,0.24657446146011353,0.10487625002861023,1.7371251583099365,0.375,0.684893012046814,-0.6213638186454773,0.40494245290756226,0.044703134521842006,1.375,0.1833808422088623,6.769714665412903,0.08107224106788635,2.9165663719177246,0.7055884599685669,0.40265679359436035,0.36504387855529785,13.266178575344384,0.5753411650657654,0.33864733576774597,1352,432.7,0.6833982467651367,0.08889268338680267,-0.019665552303195,-0.009474126272834837,0.8247126936912537,-0.012188415974378586,0.3108084201812744,1784480464.5224648,2.202706813812256,919.822276737,0.6851853132247925,,11.876289367675781,39110
7.208333492279053,0.0833333358168602,0.3811761140823364,0.3124629259109497,7.593750000000004e-05,0.24543873965740204,0.1061415895819664,1.7235592603683472,0.4166666865348816,0.7240304946899414,-0.6114664673805237,0.4043979048728943,0.043835879676043986,1.2083333730697632,0.18326394259929657,6.761382269859314,0.0804949551820755,2.9956650733947754,0.6999308466911316,0.40137895941734314,0.3667217493057251,14.014588085561991,0.5908913612365723,0.33776363730430603,1353,449.8,0.6824223399162292,0.09015563130378723,-0.019030431285500526,-0.008140621916390955,0.8414348363876343,-0.012495921924710274,0.28658342361450195,1784480467.6223128,2.6160120964050293,922.519562331,0.6666667461395264,"{'path': 'media/videos/video_1353_e0b8f63cacf0f34228b2.mp4', 'size': 1607057.0, '_type': 'video-file', 'sha256': 'e0b8f63cacf0f34228b2b71427299c8ec00cd3d532586765239cb05acb2aa823'}",12.040571212768555,33867
8.083333969116211,0.0416666679084301,0.3785392940044403,0.3123714029788971,0.00011390625000000003,0.27493011951446533,0.0985872745513916,1.88131844997406,0.5,0.7611905932426453,-0.5923481583595276,0.38615092635154724,0.04289536103606224,1.5833333730697632,0.21498529613018036,6.745793747901916,0.0897706151008606,3.0114858150482178,0.6701692342758179,0.38266462087631226,0.366736501455307,13.95917181968689,0.6568167209625244,0.3210650682449341,1354,438.81,0.6818093061447144,0.09318608045578003,-0.02023164927959442,-0.009142026389599777,0.869404673576355,-0.012914938852190971,0.30459165573120117,1784480470.2277877,2.204937696456909,924.948389391,0.6712963581085205,,11.836851119995117,39172
8.041666984558105,0.0,0.40247511863708496,0.31239840388298035,0.00011390625000000003,0.2109563797712326,0.10796412080526352,1.6357626914978027,0.2916666865348816,0.5919509530067444,-0.633134126663208,0.4199331998825073,0.04454578142613173,1.0833333730697632,0.15011541545391083,6.74840214252472,0.07181708514690399,2.6229310035705566,0.7253884077072144,0.419605553150177,0.3658941984176636,14.56349264293909,0.4846293330192566,0.3478022813796997,1355,456.41,0.6818876266479492,0.09875081479549408,-0.0214933343231678,-0.009181675559375435,0.744403600692749,-0.011044280603528023,0.2880077362060547,1784480472.6559434,2.037445068359375,927.373354113,0.7175926566123962,,10.610116004943848,42273
6.708333492279053,0.0416666679084301,0.3351614475250244,0.3121427297592163,7.593750000000004e-05,0.2948417365550995,0.09511526674032211,1.977503776550293,0.5833333730697632,0.7863423228263855,-0.5794212222099304,0.37122368812561035,0.04185566641390324,1.5,0.2348487824201584,6.735998940467835,0.09732453525066376,3.2365403175354004,0.6497241258621216,0.36789220571517944,0.3669092655181885,13.54584836281836,0.6598902940750122,0.3098084628582001,1356,432.72,0.681296706199646,0.08725970983505249,-0.016470298171043396,-0.008494499698281288,0.9320350885391235,-0.013927034102380276,0.28769946098327637,1784480475.0860772,2.035505533218384,929.947472674,0.75,,12.418281555175781,42313
7.875,0.0,0.34234875440597534,0.31203195452690125,7.593750000000002e-05,0.23558470606803894,0.10499351471662521,1.5980665683746338,0.3333333432674408,0.6527169942855835,-0.6161965131759644,0.4040181040763855,0.04538252484053373,1.2083333730697632,0.17325347661972046,6.719955539703369,0.07875710725784302,2.840118408203125,0.7018420100212097,0.4070117473602295,0.3669464588165283,14.032610589414835,0.5434533357620239,0.336770236492157,1357,458.55,0.6817952990531921,0.09383636713027954,-0.02287766896188259,-0.008051363563572523,0.7886177897453308,-0.01299335714429617,0.30121922492980957,1784480477.6560104,2.161853551864624,932.427368747,0.75,,11.650676727294922,39911
7.875,0.0,0.4165142774581909,0.3121109902858734,0.00011390625000000003,0.25576019287109375,0.10412953794002533,2.009644031524658,0.5,0.7800959944725037,-0.6100273132324219,0.4006115794181824,0.04481562245637179,1.375,0.18895182013511658,6.721079254150391,0.0855587050318718,3.108687400817871,0.694146990776062,0.39983487129211426,0.36824750900268555,13.81312594100833,0.6683270931243896,0.3323794901371002,1358,435.37,0.6815463900566101,0.09520672261714935,-0.020506396889686584,-0.008691617710428545,0.8619037866592407,-0.013568457216024399,0.2931036949157715,1784480480.1401794,2.0815186500549316,935.008940786,0.6759259700775146,,12.424421310424805,41397
6.833333492279053,0.0416666679084301,0.41663670539855957,0.31220000982284546,7.593750000000002e-05,0.22745780646800995,0.10620146989822388,1.584892988204956,0.5416666865348816,0.6135736107826233,-0.6388455629348755,0.4137509763240814,0.04493139646947384,0.9583333730697632,0.16799937188625336,6.736461496353149,0.07708171010017395,2.723128080368042,0.7238659858703613,0.41171395778656006,0.3702079951763153,14.458365070968867,0.5247958898544312,0.3485163152217865,1359,460.78,0.6808373928070068,0.0945073664188385,-0.021397359669208527,-0.008405932586174458,0.7679738402366638,-0.013047194108366966,0.31096768379211426,1784480482.7195864,2.1607682704925537,937.64569128,0.6666667461395264,,10.8566312789917,39771
7.7916669845581055,0.0,0.3520286977291107,0.31201276183128357,7.593750000000002e-05,0.24027800559997559,0.10748553276062012,1.5779457092285156,0.5416666865348816,0.6844774484634399,-0.6314545273780823,0.4132858216762543,0.04327298551797867,1.0833333730697632,0.16772286593914032,6.721908855438232,0.07853206992149353,2.8476455211639404,0.7204388380050659,0.410465806722641,0.36913642287254333,14.29626841932535,0.5840386152267456,0.34572678804397583,1360,456.75,0.6823084354400635,0.098199263215065,-0.022540031000971794,-0.009179788315668702,0.815447211265564,-0.012988913804292679,0.31999993324279785,1784480485.3680537,2.2063379287719727,940.209349322,0.6666667461395264,,11.480426788330078,38911
7.25,0.125,0.4022913873195648,0.31200355291366577,7.593750000000002e-05,0.2719429135322571,0.10154001414775848,1.8839850425720215,0.5,0.7289561033248901,-0.6070782542228699,0.3946008086204529,0.0470511520281434,1.4583333730697632,0.19574487209320068,6.7185767650604244,0.08956994861364365,3.2197606563568115,0.685919463634491,0.39172470569610596,0.3682187795639038,13.083941605240106,0.5880797505378723,0.3269323706626892,1361,423.76,0.6830503344535828,0.09401824325323105,-0.02148127183318138,-0.007876454351935536,0.9025362730026245,-0.013836337253451347,0.2851231098175049,1784480487.9183354,2.1599225997924805,942.805842304,0.6666667461395264,,13.338287353515625,40205
7.9166669845581055,0.0416666679084301,0.3678503632545471,0.3119320273399353,0.00011390625000000003,0.2403530776500702,0.10492783039808273,1.722611427307129,0.5416666865348816,0.7006540298461914,-0.6145542860031128,0.40367621183395386,0.044416535459458825,1.4166667461395264,0.174047589302063,6.711034893989563,0.07952480763196945,2.9288368225097656,0.700268030166626,0.4007248878479004,0.3689150810241699,13.908404600918294,0.5906713008880615,0.33566707372665405,1362,442.07,0.6808249950408936,0.09456898272037506,-0.019873283803462982,-0.008559211768442765,0.8112238645553589,-0.013914195820689201,0.3187587261199951,1784480490.5308175,2.169421672821045,945.399512629,0.6666667461395264,,12.094439506530762,39508
8.375,0.0416666679084301,0.35680755972862244,0.3119775056838989,7.593750000000004e-05,0.2382304072380066,0.10847900807857513,1.7127134799957275,0.3333333432674408,0.6922411322593689,-0.6295896768569946,0.4161592125892639,0.040292011201381685,1.2083333730697632,0.17072618007659912,6.71216459274292,0.0780198723077774,2.8381876945495605,0.716769814491272,0.41274046897888184,0.3721594512462616,14.665847891420126,0.5892016291618347,0.34456801414489746,1363,464.94,0.6793537139892578,0.09454584121704102,-0.01906268484890461,-0.00795614329399541,0.8056496977806091,-0.013068713247776031,0.2929043769836426,1784480493.1043177,2.1760852336883545,947.870513724,0.6666667461395264,,11.068575859069824,39815
7.75,0.0416666679084301,0.35349082946777344,0.31192919611930847,7.593750000000002e-05,0.2267352044582367,0.10731710493564606,1.6988940238952637,0.25,0.6802040934562683,-0.6256541013717651,0.41311901807785034,0.04689099434763193,1.125,0.15496696531772614,6.70809907913208,0.07619095593690872,2.9156951904296875,0.7114903330802917,0.4079577624797821,0.37330493330955505,14.353336539566516,0.5610235929489136,0.3407399356365204,1364,458.65,0.6805722713470459,0.09940753877162933,-0.01942760869860649,-0.009190085850423201,0.7806245684623718,-0.013375017791986465,0.29395008087158203,1784480495.5766354,2.0765345096588135,950.481939158,0.6666667461395264,,11.886728286743164,41470
7.375,0.0416666679084301,0.35053694248199463,0.3119771480560303,0.00011390625000000003,0.2765974998474121,0.10254508256912231,1.9780925512313843,0.5833333730697632,0.7755863070487976,-0.5951765775680542,0.39327889680862427,0.04784939903765917,1.9166667461395264,0.19581881165504456,6.710344290733337,0.09020428359508514,3.2363505363464355,0.6788203120231628,0.3939085006713867,0.37384316325187683,13.106251845061779,0.6279423236846924,0.32558906078338623,1365,420.01,0.6798168420791626,0.09494730830192566,-0.018267465755343437,-0.007843375054653734,0.9033832550048828,-0.013945788145065308,0.3098926544189453,1784480498.188652,2.2002506256103516,952.916916549,0.6666667461395264,,12.966456413269043,39162
6.5416669845581055,0.1666666716337204,0.3501647412776947,0.31190288066864014,0.00011390625000000003,0.276802122592926,0.10453148186206818,1.8716938495635986,0.5416666865348816,0.7459381818771362,-0.6024900674819946,0.3999698758125305,0.04156660083681345,1.125,0.21723435819149017,6.710931587219238,0.08987545967102051,3.1164824962615967,0.6910635828971863,0.39893290400505066,0.37480637431144714,13.675468647778034,0.6091644763946533,0.3316619396209717,1366,435.63,0.6793851256370544,0.09195240586996078,-0.024643514305353165,-0.008298483633552678,0.896937370300293,-0.011936252936720848,0.2968428134918213,1784480500.619431,2.0376150608062744,955.569484106,0.6666667461395264,,12.494771957397461,42109
6.875,0.0,0.40878814458847046,0.31195926666259766,0.00011390625000000003,0.26764965057373047,0.10079449415206909,1.7627527713775635,0.625,0.7528870105743408,-0.5983147621154785,0.39158087968826294,0.04283680878579617,1.2916667461395264,0.2033812701702118,6.704201650619507,0.09019031375646591,3.0372893810272217,0.679824709892273,0.3860556483268738,0.3753114640712738,13.249322429001332,0.653493344783783,0.32572734355926514,1367,426.15,0.6786930561065674,0.08961832523345947,-0.019993148744106293,-0.00901799697894603,0.8518407344818115,-0.012622534297406673,0.31240415573120117,1784480503.2831964,2.2423813343048096,958.130131325,0.6666667461395264,,12.015365600585938,38478
7.0,0.0,0.3434326648712158,0.3119460642337799,7.593750000000002e-05,0.24751178920269012,0.10444089025259018,1.8471977710723877,0.5,0.7400091886520386,-0.6154395937919617,0.404318630695343,0.041708892397582534,1.375,0.19203494489192963,6.708160352706909,0.08316414803266525,3.019155502319336,0.7032145857810974,0.40236085653305054,0.375898540019989,13.955392749123275,0.6371535062789917,0.3360690474510193,1368,449.25,0.6782164573669434,0.09219203889369965,-0.01950676552951336,-0.009283210174908163,0.8408490419387817,-0.012775889597833157,0.31945061683654785,1784480505.8501587,2.128347635269165,960.678841076,0.6666667461395264,,12.062782287597656,40160
7.9166669845581055,0.0,0.38261041045188904,0.3119637072086334,7.593750000000002e-05,0.243910551071167,0.10572510957717896,1.7939410209655762,0.4166666865348816,0.6903362274169922,-0.6127110719680786,0.4036529064178467,0.04659097883850336,1.4166667461395264,0.16936326026916504,6.708043885231018,0.08141660690307617,2.9689605236053467,0.6992177963256836,0.40196332335472107,0.37727171182632446,14.340107722878455,0.5733407735824585,0.334833562374115,1369,452.8,0.6764324903488159,0.09545537829399109,-0.018619462847709656,-0.007925692421849817,0.8224577903747559,-0.013104185461997986,0.29885363578796387,1784480508.385582,2.130843162536621,963.091285819,0.6666667461395264,,12.048060417175293,40459
7.5,0.0416666679084301,0.35014140605926514,0.31183940172195435,0.00011390625000000003,0.2410200834274292,0.10633280128240585,1.6826732158660889,0.625,0.6582010984420776,-0.6119294166564941,0.41043996810913086,0.049666771106421946,1.2916667461395264,0.1782159060239792,6.705124044418335,0.08286106586456299,2.779860019683838,0.7041301727294922,0.4064887464046478,0.37718015909194946,13.697831173688174,0.5468763113021851,0.336975634098053,1370,428.08,0.6745611429214478,0.09741227328777313,-0.01750238984823227,-0.008569408426410519,0.7481979727745056,-0.012745077721774578,0.2982032299041748,1784480510.801965,2.0115268230438232,965.610693937,0.6666667461395264,,10.864898681640625,42560
7.6666669845581055,0.0,0.36904963850975037,0.3119891583919525,0.00011390625000000003,0.23262378573417664,0.10683725774288177,1.8189973831176758,0.4583333432674408,0.6948060989379883,-0.6298308372497559,0.4120900630950928,0.04196905046701431,1.2916667461395264,0.16204319894313812,6.705580306053162,0.07767336815595627,2.890347480773926,0.7134900093078613,0.40532588958740234,0.3789486885070801,13.900226758122445,0.5894390940666199,0.3418731093406677,1371,450.96,0.6716498136520386,0.09572011232376099,-0.022573798894882202,-0.008862109505571425,0.8094930648803711,-0.01471544336527586,0.2973604202270508,1784480513.3145132,2.1170928478240967,968.217633248,0.6666667461395264,,11.32898998260498,40714
7.6666669845581055,0.0416666679084301,0.3520863950252533,0.3119100034236908,0.00011390625000000006,0.22213095426559448,0.10882475227117538,1.712538480758667,0.375,0.64923495054245,-0.6365230083465576,0.4174649715423584,0.0421005867421627,1.3333333730697632,0.15218636393547058,6.71260027885437,0.07528427243232727,2.8373770713806152,0.722073495388031,0.41312146186828613,0.3815072476863861,14.03445737719536,0.558261513710022,0.3468480706214905,1372,447.09,0.6709865927696228,0.09541182965040207,-0.01969495415687561,-0.008369771312572993,0.7628946304321289,-0.013221755623817444,0.30827951431274414,1784480515.9260178,2.2003581523895264,971.507980988,0.6666667461395264,,11.285868644714355,39186
7.625,0.0,0.39589017629623413,0.31186655163764954,7.593750000000004e-05,0.22535590827465057,0.10671012103557587,1.6597533226013184,0.5,0.6748166084289551,-0.6176620721817017,0.40688222646713257,0.04312500152736902,1.2916667461395264,0.1606898456811905,6.70333240032196,0.07484471052885056,2.8787879943847656,0.7046157121658325,0.4020894169807434,0.3819582164287567,14.107507059425116,0.5637456178665161,0.33788245916366577,1373,451.06,0.6718732714653015,0.09295140951871872,-0.024947576224803925,-0.007834419037681072,0.8034865260124207,-0.012408532202243805,0.3193705081939697,1784480519.3101635,2.8649911880493164,974.21981899,0.6666667461395264,"{'size': 1419330.0, '_type': 'video-file', 'sha256': '8b791f140dfbb0d4e1bcec0c0269d8a1e5f903a01c256d9919cd355ec3c20bb5', 'path': 'media/videos/video_1373_8b791f140dfbb0d4e1bc.mp4'}",11.513051986694336,30870
6.833333492279053,0.0416666679084301,0.3851356506347656,0.311899870634079,7.593750000000002e-05,0.25509965419769287,0.10355132818222046,1.8481016159057617,0.4166666865348816,0.7310380339622498,-0.6110738515853882,0.39823076128959656,0.04554354157298803,1.25,0.19443528354167938,6.703637027740479,0.08528974652290344,3.0216293334960938,0.6915768980979919,0.39325153827667236,0.38380059599876404,13.400106998682022,0.5904253721237183,0.33052805066108704,1374,437.35,0.6702160835266113,0.09396077692508698,-0.02086534909904003,-0.008767965890001506,0.8463179469108582,-0.01397667359560728,0.32806396484375,1784480521.933784,2.194350242614746,976.783358128,0.6666667461395264,,11.962359428405762,38972
8.041666984558105,0.0,0.3897371292114258,0.3119300603866577,5.062500000000002e-05,0.25914663076400757,0.10197663307189941,1.8233503103256226,0.5416666865348816,0.7445154190063477,-0.6014708876609802,0.3962148129940033,0.04697618093341589,1.4583333730697632,0.18821679055690765,6.708758521080017,0.08567015826702118,3.0484492778778076,0.6819109916687012,0.3904010057449341,0.38461217284202576,13.549439285919071,0.6304516196250916,0.3263799846172333,1375,436.9,0.669062077999115,0.09085749089717865,-0.01994985155761242,-0.008161267016839701,0.872169017791748,-0.013956843875348568,0.28333258628845215,1784480524.4871411,2.1681833267211914,979.329289293,0.6666667461395264,,12.185145378112793,40099
7.208333492279053,0.0,0.3512107729911804,0.3119356036186218,0.00011390625000000003,0.2582774758338928,0.1044914722442627,1.9005687236785889,0.3333333432674408,0.743033766746521,-0.6039626598358154,0.4012471139431,0.04829730559140444,1.4166667461395264,0.1876358836889267,6.708461403846741,0.08588528633117676,3.0356767177581787,0.6871081590652466,0.39351052045822144,0.3892781436443329,13.93300712977536,0.6342567801475525,0.3304542601108551,1376,444.22,0.667285144329071,0.0885612815618515,-0.01997648924589157,-0.008765893999952822,0.9005287885665894,-0.01355401985347271,0.3225529193878174,1784480527.045568,2.1203019618988037,981.980821352,0.6666667461395264,,11.650459289550781,40241
6.833333492279053,0.0833333358168602,0.37483060359954834,0.31209972500801086,0.00011390625000000003,0.29636117815971375,0.10199405997991562,1.9735792875289917,0.4166666865348816,0.7777687907218933,-0.6044625639915466,0.3904447555541992,0.04108020383864641,1.375,0.2359715700149536,6.717921495437622,0.09456752985715866,3.2145516872406006,0.6773422956466675,0.38893187046051025,0.3895890414714813,13.567988239228725,0.6362041234970093,0.32465940713882446,1377,440.87,0.6668637990951538,0.08584117889404297,-0.021706780418753624,-0.009054781828308479,0.9158231019973755,-0.015394004993140697,0.3077719211578369,1784480529.6899996,2.226334810256958,984.493821032,0.6666667461395264,,12.466041564941406,38792
8.041666984558105,0.0416666679084301,0.38260698318481445,0.31223264336586,7.593750000000002e-05,0.25790005922317505,0.10646664351224899,1.6003341674804688,0.6666666865348816,0.6641443967819214,-0.6197174191474915,0.40772533416748047,0.044902232475578785,1.2083333730697632,0.19357013702392578,6.733213281631469,0.08593860268592834,2.8256568908691406,0.7051190733909607,0.4035975933074951,0.38787853717803955,14.249635986685753,0.5379823446273804,0.3386527895927429,1378,455.77,0.6666011214256287,0.09273716807365417,-0.017682131379842758,-0.008936547639314086,0.8282124996185303,-0.013371664099395275,0.29514169692993164,1784480532.1993654,2.113460063934326,987.110668019,0.6666667461395264,,11.14718246459961,40813
7.6666669845581055,0.0416666679084301,0.41665220260620117,0.3121925890445709,0.00011390625000000003,0.26217120885849,0.10448142886161804,1.7418817281723022,0.5416666865348816,0.7026442885398865,-0.6034954786300659,0.4019206166267395,0.04075603503733873,1.3333333730697632,0.1992257684469223,6.740399980545044,0.08550288528203964,2.974318504333496,0.6897072792053223,0.3959988057613373,0.386331170797348,14.158478037118911,0.603891134262085,0.33142462372779846,1379,453.14,0.6658523082733154,0.0940651148557663,-0.01911790296435356,-0.008617289183894173,0.8454251289367676,-0.0136024858802557,0.301530122756958,1784480534.8192255,2.2142038345336914,989.764366634,0.6666667461395264,,11.779867172241211,39075
7.208333492279053,0.0,0.34059637784957886,0.31205153465270996,7.593750000000004e-05,0.2505117654800415,0.10751532763242722,1.703431487083435,0.5,0.6734360456466675,-0.6275395750999451,0.4136120080947876,0.03957031369209289,1.0833333730697632,0.17380067706108093,6.730315375328064,0.08255515992641449,2.8263463973999023,0.7097353935241699,0.4071837365627289,0.3840610980987549,13.563687762320042,0.5859246850013733,0.3403345048427582,1380,438.92,0.6667194366455078,0.09811612218618393,-0.021868890151381493,-0.007661426527192816,0.8073775172233582,-0.015068395994603634,0.320645809173584,1784480537.4896314,2.2272372245788574,992.327975014,0.6666667461395264,,11.471400260925293,38582
7.7916669845581055,0.0833333358168602,0.4095378816127777,0.312059611082077,7.593750000000002e-05,0.22172418236732483,0.10925237834453583,1.626367449760437,0.3333333432674408,0.6442028880119324,-0.6336820125579834,0.42212313413619995,0.04941942077130079,1.0416667461395264,0.16090306639671326,6.7262938737869264,0.07419121265411377,2.7843589782714844,0.7226710319519043,0.4142807424068451,0.383674681186676,14.48267441201955,0.533596932888031,0.34576472640037537,1381,456.47,0.6663770079612732,0.09874802082777023,-0.018976550549268723,-0.008750339300604537,0.7457031011581421,-0.01406543143093586,0.2953197956085205,1784480540.0333545,2.1434900760650635,994.888189,0.6666667461395264,,11.47076416015625,40308
7.4166669845581055,0.0416666679084301,0.3733043670654297,0.31201601028442383,0.00011390625000000003,0.28255701065063477,0.10111498832702637,1.9097347259521484,0.625,0.7317758798599243,-0.60523521900177,0.392681360244751,0.047156887128949165,1.6666667461395264,0.20466074347496033,6.726447629928589,0.09023706614971161,3.2107701301574707,0.6794252395629883,0.38586944341659546,0.384225457906723,13.09146678030491,0.5988079905509949,0.32490235567092896,1382,420.4,0.6658530831336975,0.08776988834142685,-0.02041679248213768,-0.00848947698250413,0.8999670743942261,-0.015598030760884285,0.32169342041015625,1784480542.5992208,2.1374030113220215,997.416289824,0.6666667461395264,,12.806915283203125,39975
8.166666984558105,0.0,0.3638055920600891,0.31189996004104614,0.00011390625000000003,0.23134355247020721,0.10910767316818237,1.6960214376449585,0.4166666865348816,0.6841791868209839,-0.6294708251953125,0.420304536819458,0.03599231857806444,0.9583333730697632,0.1630556732416153,6.719443464279175,0.078453928232193,2.8531341552734375,0.7171780467033386,0.4124717712402344,0.3826254606246948,14.483959390223026,0.5738277435302734,0.34604641795158386,1383,459.3,0.6653338670730591,0.09633901715278625,-0.018427278846502304,-0.008842314407229424,0.8130613565444946,-0.01305670291185379,0.2959744930267334,1784480545.1209483,2.1215550899505615,999.893967766,0.6666667461395264,,11.002337455749512,40662
8.375,0.0,0.360078901052475,0.31172165274620056,0.00011390625000000006,0.23084580898284912,0.10838966816663742,1.659559965133667,0.5,0.6590930819511414,-0.6280006170272827,0.4153268337249756,0.03987359683960676,1.1666667461395264,0.1693381518125534,6.704646039009094,0.07801128923892975,2.8655269145965576,0.7119756937026978,0.408726304769516,0.3813217580318451,13.973232991844416,0.5551048517227173,0.34232521057128906,1384,448.82,0.665447473526001,0.0977245569229126,-0.021747902035713196,-0.007817935082130134,0.7698945999145508,-0.012561614625155926,0.3076441287994385,1784480547.6161737,2.0695931911468506,1002.551048106,0.6666667461395264,,11.410685539245605,41352
7.333333492279053,0.0,0.3508835434913635,0.31162214279174805,0.00011390625000000006,0.23861734569072723,0.10767310112714767,1.797889232635498,0.3333333432674408,0.6939879655838013,-0.6238560676574707,0.41457247734069824,0.039329574443399906,1.2083333730697632,0.16775313019752502,6.692031931877136,0.078803151845932,2.9774692058563232,0.7042272090911865,0.4047834873199463,0.38270503282546997,14.128455095291137,0.5928357839584351,0.3403559625148773,1385,449.15,0.6652225852012634,0.09320589154958725,-0.021881794556975365,-0.008161872759228573,0.8094778060913086,-0.013624556362628937,0.3110172748565674,1784480550.2606618,2.2239015102386475,1004.98170529,0.6666667461395264,,11.525331497192383,38779
8.375,0.0416666679084301,0.39664220809936523,0.3116641640663147,5.0625000000000024e-05,0.233443021774292,0.10691501945257187,1.6997284889221191,0.25,0.7235937118530273,-0.6304965019226074,0.4157277047634125,0.04418965820223093,1.2916667461395264,0.1520768404006958,6.692605066299438,0.07504917681217194,3.0064845085144043,0.715838611125946,0.4077931344509125,0.3850437104701996,13.816565679907798,0.6003673076629639,0.3450411558151245,1386,443.96,0.6631422638893127,0.092030368745327,-0.023915423080325127,-0.007468654858530499,0.8265775442123413,-0.012881348840892315,0.30947160720825195,1784480552.6908636,2.0133438110351562,1007.640402981,0.6666667461395264,,12.177099227905273,42321
6.625,0.0416666679084301,0.34545809030532837,0.3116348087787628,0.00011390625000000005,0.2614904046058655,0.10526163876056671,1.8161077499389648,0.4583333432674408,0.758955180644989,-0.6124306917190552,0.4059867560863495,0.04428543485701084,1.3333333730697632,0.19209349155426025,6.695991826057434,0.08637021481990814,3.002110242843628,0.6954721808433533,0.3996598720550537,0.38902735710144043,13.127165069580078,0.6462723612785339,0.332783043384552,1387,422.15,0.6610313653945923,0.09366758167743683,-0.018235281109809875,-0.009010693873278797,0.8729361295700073,-0.014061354100704193,0.317033052444458,1784480555.3539884,2.237032651901245,1010.133928203,0.6666667461395264,,11.623929977416992,38489
6.958333492279053,0.0,0.3698965013027191,0.3115301728248596,7.593750000000004e-05,0.2812281847000122,0.10324712097644806,1.6858930587768555,0.9166666865348816,0.7912325859069824,-0.6072051525115967,0.40055355429649353,0.05215040147304535,1.4166667461395264,0.2023223638534546,6.685038590431214,0.09379108995199203,3.110105037689209,0.689213216304779,0.3939262628555298,0.38769418001174927,13.290071700811387,0.677252471446991,0.33110108971595764,1388,431.37,0.6603200435638428,0.0881413146853447,-0.02179276943206787,-0.007290514674969018,0.9034719467163086,-0.01376363541930914,0.29486703872680664,1784480557.8451128,2.088388442993164,1012.800558078,0.6666667461395264,,12.64674186706543,41247
7.0416669845581055,0.0,0.3427940011024475,0.31157922744750977,0.00011390625000000003,0.28070494532585144,0.10352279990911484,1.9805524349212646,0.625,0.7521843910217285,-0.6088067293167114,0.4040243327617645,0.047215205058455466,1.1666667461395264,0.2119160294532776,6.691603064537048,0.09305938333272934,3.1728808879852295,0.6854207515716553,0.393467515707016,0.38542526960372925,14.196784234642983,0.6216537952423096,0.3297218084335327,1389,448.31,0.6594247817993164,0.09228648990392685,-0.021938754245638847,-0.008248438336886465,0.8776704668998718,-0.01337176002562046,0.33499741554260254,1784480560.5176232,2.2233543395996094,1015.270942332,0.6666667461395264,,12.006991386413574,38424
8.291666984558105,0.0,0.42025983333587646,0.31145012378692627,7.593750000000004e-05,0.25739848613739014,0.1057303249835968,1.811685562133789,0.5416666865348816,0.7290171384811401,-0.608954906463623,0.40302690863609314,0.04698498323559761,1.5,0.19136705994606018,6.681346654891968,0.08601224422454834,2.96362566947937,0.6911999583244324,0.3990839421749115,0.3851158320903778,13.11516523823142,0.607245683670044,0.331990122795105,1390,424.34,0.6584404706954956,0.09075768291950226,-0.01703619584441185,-0.007868275418877602,0.8249573707580566,-0.013897343538701534,0.2947702407836914,1784480562.977902,2.057216167449951,1017.702384678,0.6666667461395264,,11.980573654174805,41796
7.7916669845581055,0.0416666679084301,0.38397759199142456,0.31140559911727905,5.062500000000002e-05,0.2702982723712921,0.10864098370075226,1.7910856008529663,0.8333333730697632,0.7362910509109497,-0.6215380430221558,0.412996381521225,0.04464147388935089,1.5416667461395264,0.2082703560590744,6.671328496932984,0.08961266279220581,3.1008758544921875,0.7014047503471375,0.4072730541229248,0.3838309645652771,13.869453615248203,0.609331488609314,0.3365400731563568,1391,442.54,0.6575495004653931,0.09804104268550873,-0.02014746703207493,-0.008479630462034038,0.8662430644035339,-0.01325175166130066,0.2969532012939453,1784480565.4127777,2.031737804412842,1020.302279063,0.6898149251937866,,12.356902122497559,42214
7.333333492279053,0.0,0.40032243728637695,0.31143343448638916,0.00011390625000000003,0.20392177999019623,0.11123800277709961,1.5417455434799194,0.4583333432674408,0.5780260562896729,-0.6282612085342407,0.42503464221954346,0.045510786958038806,0.7916666865348816,0.14836975932121277,6.670650315284729,0.072079598903656,2.569490671157837,0.7191684246063232,0.4180859923362732,0.3825100064277649,14.572606174647808,0.4991203248500824,0.3446688652038574,1392,450.04,0.6580737233161926,0.0984388217329979,-0.016992053017020226,-0.008751122947433031,0.7034374475479126,-0.011756811290979385,0.3064730167388916,1784480568.0171642,2.183678150177002,1022.767524492,0.6944445371627808,,10.144144058227539,39477
7.458333492279053,0.0416666679084301,0.40469133853912354,0.3114509582519531,0.00011390625000000003,0.267034113407135,0.1047150120139122,1.7772226333618164,0.5,0.7235872149467468,-0.6054849624633789,0.40404361486434937,0.041649853624403474,1.375,0.2021457552909851,6.67424578666687,0.08705644309520721,2.993175983428955,0.6873833537101746,0.39861762523651123,0.3821386992931366,13.954171535968781,0.58866286277771,0.3302214741706848,1393,447.02,0.6580826044082642,0.09639724344015121,-0.023662855848670006,-0.008696910105936696,0.8710395097732544,-0.01317790150642395,0.300356388092041,1784480570.4771512,2.0536582469940186,1025.951640361,0.75,,11.553274154663086,41760
7.083333492279053,0.0,0.3786914348602295,0.3113328814506531,7.593750000000004e-05,0.25404495000839233,0.10716874897480011,1.7761147022247314,0.4166666865348816,0.7087408900260925,-0.6179556250572205,0.4106699824333191,0.04134831372648477,1.3333333730697632,0.18386396765708923,6.666384768486023,0.08485636115074158,2.9782118797302246,0.7014389038085938,0.405083030462265,0.38290935754776,14.051279485374689,0.5804135203361511,0.33728286623954773,1394,443.37,0.6579052209854126,0.09525774419307709,-0.01890762895345688,-0.007919726538239047,0.8186808824539185,-0.012876539491117,0.3074517250061035,1784480573.7358403,2.771080493927002,1028.451173165,0.6759259700775146,"{'path': 'media/videos/video_1394_7e5817a35e6baea60fc4.mp4', 'size': 1329837.0, '_type': 'video-file', 'sha256': '7e5817a35e6baea60fc47626386fb7783ae3ff169b6eba241cda65da7115087f'}",11.506401062011719,31932
6.708333492279053,0.0,0.399920791387558,0.3111892342567444,7.593750000000002e-05,0.2553877830505371,0.10935214161872864,1.7334167957305908,0.4583333432674408,0.6766721606254578,-0.6195451617240906,0.41234201192855835,0.04281708784401417,0.9166666865348816,0.17771995067596436,6.65559606552124,0.08400293439626694,2.9573988914489746,0.7048825025558472,0.40947699546813965,0.3831218183040619,14.949272027015686,0.5881438255310059,0.33932405710220337,1395,465.95,0.6575389504432678,0.09633208811283112,-0.01780204102396965,-0.008595129524474032,0.8320440649986267,-0.013202419504523277,0.2924034595489502,1784480576.1592195,2.0374350547790527,1031.066383618,0.6805557012557983,,11.729182243347168,42193
8.291666984558105,0.0,0.39731425046920776,0.3111688792705536,0.00011390625000000003,0.2368071973323822,0.10801666229963303,1.6264879703521729,0.375,0.6775836944580078,-0.6210314035415649,0.4132075905799866,0.048593775182962415,1.5,0.17192432284355164,6.647329211235046,0.0808563232421875,2.8960118293762207,0.7034707069396973,0.40769994258880615,0.3844672441482544,14.650787649154664,0.5654593706130981,0.34012287855148315,1396,456.02,0.6573590636253357,0.09527578204870224,-0.016352474689483643,-0.007874839616124518,0.8089558482170105,-0.012329723685979843,0.32381224632263184,1784480578.7734149,2.1864891052246094,1033.555846077,0.6805557012557983,,11.684778213500977,39160
7.5,0.0,0.35399961471557617,0.3111366927623749,0.00011390625000000003,0.2864626348018646,0.10386478155851364,1.8904789686203003,0.5,0.7394184470176697,-0.5975938439369202,0.39548492431640625,0.04375920463353396,1.625,0.21795444190502167,6.645702219009399,0.09462299197912216,3.0674960613250732,0.6741317510604858,0.39061611890792847,0.38434919714927673,14.093082801625133,0.6345141530036926,0.32568562030792236,1397,442.48,0.6560086011886597,0.09131573140621185,-0.015468176454305649,-0.008166407118551433,0.8924745917320251,-0.012295227497816086,0.28910136222839355,1784480581.2562647,2.0957202911376953,1036.170516641,0.6759260892868042,,11.886823654174805,41220
7.0,0.0,0.38875889778137207,0.31121644377708435,0.00011390625000000003,0.2301175594329834,0.10904750227928162,1.6144921779632568,0.4166666865348816,0.6682639122009277,-0.6257928609848022,0.4147162437438965,0.043129647709429265,1.0,0.16795353591442108,6.6485671043396,0.08027977496385574,2.778912305831909,0.7059161067008972,0.40971922874450684,0.384457528591156,14.385044487118721,0.5698812007904053,0.33833035826683044,1398,456.4,0.6551854014396667,0.09451141208410263,-0.018414417281746864,-0.008680120075587184,0.7775617837905884,-0.012436285614967346,0.3118574619293213,1784480583.88169,2.2056055068969727,1038.721197121,0.7222222685813904,,11.117849349975586,39048
8.083333969116211,0.0833333358168602,0.37707337737083435,0.31117892265319824,7.593750000000004e-05,0.2409692108631134,0.10935832560062408,1.7074835300445557,0.25,0.704082190990448,-0.6292489767074585,0.41966328024864197,0.03803335297852754,1.125,0.17606762051582336,6.653677868843078,0.08120385557413101,2.9980783462524414,0.7124502658843994,0.4140307903289795,0.38618335127830505,15.158491916656494,0.5921920537948608,0.34309154748916626,1399,477.6,0.6566694378852844,0.09372131526470184,-0.0157683826982975,-0.006549842710956,0.8402004241943359,-0.012607445940375328,0.30409693717956543,1784480586.4113781,2.1399710178375244,1041.103133652,0.6666667461395264,,12.219594955444336,40221
7.9166669845581055,0.0,0.42317432165145874,0.31103867292404175,7.593750000000002e-05,0.23056094348430634,0.10932360589504242,1.5848344564437866,0.4166666865348816,0.6527801156044006,-0.6179465055465698,0.41820019483566284,0.0430515157058835,1.0,0.1739523857831955,6.642580580711365,0.07940603792667389,2.7047126293182373,0.7069944143295288,0.41023510694503784,0.38636529445648193,13.63832710042596,0.5534788966178894,0.3421085476875305,1400,431.69,0.655813455581665,0.09760241955518723,-0.018442301079630852,-0.008235780766699462,0.7586274147033691,-0.011436688713729382,0.28701281547546387,1784480588.8074236,2.0090417861938477,1043.766418207,0.6666667461395264,,11.169990539550781,42814
7.25,0.0833333358168602,0.4093177020549774,0.31102100014686584,0.00011390625000000003,0.24857613444328308,0.10697770118713379,1.77566659450531,0.375,0.705294132232666,-0.6163728833198547,0.4080544710159302,0.045873109437525275,1.25,0.18690073490142822,6.632202672958374,0.08485336601734161,2.9142813682556152,0.6884405016899109,0.4009783864021301,0.38549456000328064,13.87176612779498,0.5814270377159119,0.3315834701061249,1401,442.41,0.6552280187606812,0.09520630538463593,-0.017780667170882225,-0.008660932884231443,0.7996375560760498,-0.013579187914729118,0.30106520652770996,1784480591.4677591,2.260983467102051,1046.260203946,0.6666667461395264,,11.622871398925781,38369
6.625,0.0833333358168602,0.3471372127532959,0.31111961603164673,7.593750000000002e-05,0.25110572576522827,0.10951855033636093,1.9966081380844116,0.375,0.728670060634613,-0.620963454246521,0.41394150257110596,0.045088689960539344,1.375,0.18424837291240692,6.641199278831482,0.08262789249420166,3.178257942199707,0.7017507553100586,0.40688377618789673,0.3881535530090332,14.126802238225936,0.5879413485527039,0.33628374338150024,1402,448.4,0.6536250114440918,0.09898655861616135,-0.016613833606243134,-0.008669845097756479,0.8862168192863464,-0.013368862681090832,0.3020174503326416,1784480593.9687116,2.0921905040740967,1048.890581147,0.6666667461395264,,12.870149612426758,41059
8.25,0.0833333358168602,0.38782382011413574,0.3112140893936157,0.00011390625000000003,0.24972471594810486,0.10811303555965424,1.7543214559555054,0.4166666865348816,0.7154537439346313,-0.6214065551757812,0.4150393605232239,0.04742759875953197,1.3333333730697632,0.1911705583333969,6.650001645088196,0.08460354059934616,2.9666175842285156,0.7058485746383667,0.40813148021698,0.3898281753063202,14.237840543985367,0.5886502265930176,0.33902305364608765,1403,451.71,0.653526246547699,0.09758943319320679,-0.01923476532101631,-0.00782650678884238,0.8192234039306641,-0.012433258816599846,0.320706844329834,1784480596.6229117,2.202922821044922,1051.423825112,0.6666667461395264,,12.104179382324219,38953
7.75,0.125,0.36665794253349304,0.31124335527420044,7.593750000000002e-05,0.27900999784469604,0.10691481083631516,1.8825774192810059,0.4166666865348816,0.7776565551757812,-0.6054688692092896,0.4064870774745941,0.04541329331696033,1.5833333730697632,0.2246236801147461,6.653515958786011,0.09316349029541016,2.975837230682373,0.6863726377487183,0.40017521381378174,0.38822612166404724,13.229294516742229,0.6600939035415649,0.330601304769516,1404,425.78,0.6537328362464905,0.09369184821844101,-0.01925189420580864,-0.009022216159792151,0.8842126727104187,-0.012723146006464958,0.2887759208679199,1784480599.1279554,2.1157240867614746,1054.067193387,0.6666667461395264,,11.20759105682373,40883
8.083333969116211,0.0833333358168602,0.35904937982559204,0.3113231956958771,7.593750000000002e-05,0.25145575404167175,0.11042966693639755,1.6386865377426147,0.7083333730697632,0.6630967855453491,-0.6266148090362549,0.4198720455169678,0.048125512339174746,0.9166666865348816,0.1797785609960556,6.660829496383667,0.08389033377170563,2.7267227172851562,0.7110880613327026,0.4146139621734619,0.38624632358551025,14.639247896671295,0.5946832895278931,0.3442332148551941,1405,463.44,0.6531598567962646,0.09625165164470673,-0.018331078812479973,-0.0076561874331673605,0.820443332195282,-0.012921832501888275,0.299105167388916,1784480601.7955153,2.244636058807373,1056.601657892,0.7546296119689941,,11.018939018249512,38645
7.0,0.0416666679084301,0.3606615960597992,0.3113056719303131,7.593750000000002e-05,0.27126139402389526,0.1057596206665039,1.9609458446502686,0.5833333730697632,0.7447367906570435,-0.6211292743682861,0.40990352630615234,0.04289949685335159,1.2083333730697632,0.2059188187122345,6.663030982017517,0.08872407674789429,3.151048421859741,0.698401153087616,0.40025681257247925,0.38605666160583496,14.732353868484497,0.6163690090179443,0.33652937412261963,1406,468.86,0.6527759432792664,0.09507622569799423,-0.022622188553214073,-0.007085327092863736,0.8782925009727478,-0.013177952729165554,0.29470038414001465,1784480604.3024044,2.1137733459472656,1059.069630992,0.7777778506278992,,12.42831039428711,40815
7.958333492279053,0.0,0.3466256558895111,0.31111711263656616,0.00011390625000000003,0.24292080104351044,0.10853610932826996,1.8140363693237305,0.4166666865348816,0.6910713911056519,-0.6246316432952881,0.4145359396934509,0.04398273378610611,1.3333333730697632,0.173183411359787,6.6509757995605465,0.08028365671634674,2.926053047180176,0.7039569616317749,0.41004106402397156,0.38640159368515015,13.666403395831585,0.5856369733810425,0.33888015151023865,1407,433.14,0.6530662775039673,0.09311068058013916,-0.01830325648188591,-0.007725844666128978,0.8326031565666199,-0.01206720620393753,0.3307974338531494,1784480606.781834,2.040769338607788,1061.632779984,0.7777778506278992,,11.870676040649414,41451
6.5,0.0833333358168602,0.35928380489349365,0.3110179305076599,0.00011390625000000003,0.24557051062583923,0.1080062985420227,1.8044216632843018,0.3333333432674408,0.7339913845062256,-0.6148849725723267,0.4142342507839203,0.041241697408258914,1.2083333730697632,0.17911390960216522,6.632173156738281,0.08254723250865936,3.064302444458008,0.6973881721496582,0.40885671973228455,0.38525301218032837,13.965426145792007,0.6162630915641785,0.3350859582424164,1408,442.54,0.6532931923866272,0.0992501899600029,-0.02080940455198288,-0.008296192454872653,0.8137955665588379,-0.01252984069287777,0.284273624420166,1784480609.3386776,2.1712005138397217,1064.077854905,0.6851851940155029,,12.310175895690918,40034
7.875,0.0416666679084301,0.37784647941589355,0.3109630346298218,7.593750000000002e-05,0.2351217269897461,0.10980391502380371,1.6192350387573242,0.25,0.6865867376327515,-0.619591474533081,0.4176872670650482,0.05084997694939375,1.2916667461395264,0.1758745312690735,6.624058699607849,0.0806163102388382,2.8501715660095215,0.703698992729187,0.4101741313934326,0.38573741912841797,14.453321611881256,0.5626752376556396,0.3392797112464905,1409,459.74,0.6510946154594421,0.09248244762420654,-0.017942918464541435,-0.009092164039611817,0.8052637577056885,-0.011941100470721722,0.2864811420440674,1784480611.7765417,2.056619167327881,1066.461198929,0.6990741491317749,,11.25666332244873,41954
7.083333492279053,0.0416666679084301,0.39247915148735046,0.3110165297985077,0.00011390625000000003,0.27935922145843506,0.10497358441352844,1.9240583181381226,0.625,0.7671172022819519,-0.6018578410148621,0.40151339769363403,0.047965146228671075,1.7916667461395264,0.21730145812034607,6.621520829200745,0.09350478649139404,3.124511241912842,0.6763129234313965,0.3919975459575653,0.3866915702819824,13.426518279612065,0.6482740044593811,0.32486099004745483,1410,427.46,0.6495506167411804,0.09203702211380005,-0.020223967730998993,-0.008302529584034346,0.8888950347900391,-0.013399289920926094,0.2966189384460449,1784480614.1657534,1.992579460144043,1069.137421761,0.7222222685813904,,12.114916801452637,42942
7.833333492279053,0.0,0.3184562921524048,0.31099939346313477,0.00011390625000000003,0.24367767572402954,0.1117757186293602,1.7800228595733643,0.375,0.7029204368591309,-0.6346361637115479,0.4259396493434906,0.04038237296044826,1.375,0.17660003900527954,6.628511548042297,0.08283591270446777,2.9351863861083984,0.7195265293121338,0.4155440330505371,0.3872646689414978,14.056277965307236,0.5820306539535522,0.3479290008544922,1411,442.18,0.6480202078819275,0.09947928041219711,-0.019607622176408768,-0.008699586740112864,0.8230153322219849,-0.011854080483317375,0.31299352645874023,1784480616.8423183,2.2631583213806152,1071.725633373,0.703703761100769,,11.485359191894531,38159
8.458333969116211,0.0,0.40582379698753357,0.3110259771347046,0.00011390625000000003,0.2648319602012634,0.1133141741156578,1.6733827590942383,0.5,0.7161849737167358,-0.626867413520813,0.4292229115962982,0.04349990170449018,1.0416667461395264,0.19212877750396729,6.629204440116882,0.08491235971450806,2.910979986190796,0.719084620475769,0.41987869143486023,0.38792991638183594,14.770618581771851,0.6067628264427185,0.34751981496810913,1412,461.86,0.646950900554657,0.10204242169857025,-0.02269565686583519,-0.009274208615534008,0.8733881711959839,-0.01214536838233471,0.3042757511138916,1784480619.4458497,2.182058811187744,1074.334849468,0.6666667461395264,,11.848899841308594,39537
6.75,0.0833333358168602,0.4254441261291504,0.3111116588115692,0.00011390625000000003,0.2908087372779846,0.10482901334762573,1.8999385833740234,0.8333333730697632,0.7669665217399597,-0.5979375839233398,0.39972615242004395,0.04601115193217993,1.25,0.22817367315292358,6.636455869674682,0.09610246866941452,3.0723330974578857,0.675169825553894,0.3916396498680115,0.3881760537624359,13.498683458566665,0.6314206719398499,0.32436513900756836,1413,428.17,0.6483259201049805,0.09377958625555038,-0.018715308979153633,-0.007932286064897199,0.8934778571128845,-0.01215184386819601,0.29343414306640625,1784480622.0374207,2.1954550743103027,1076.817183536,0.7592593431472778,,11.936851501464844,39497
7.125,0.0,0.3810414671897888,0.31114035844802856,7.593750000000002e-05,0.24248000979423523,0.10812656581401825,1.6702020168304443,0.5416666865348816,0.6879478693008423,-0.6219212412834167,0.41410768032073975,0.04579449072480202,1.2916667461395264,0.18137428164482117,6.645167899131775,0.08283884823322296,2.8767781257629395,0.7045034766197205,0.40569978952407837,0.390219509601593,13.937732046097517,0.5722146034240723,0.33838629722595215,1414,442.68,0.648345947265625,0.0888654813170433,-0.019707676023244858,-0.008616895187878981,0.7973337173461914,-0.01265027280896902,0.289837121963501,1784480624.527291,2.0925686359405518,1080.049611227,0.7777778506278992,,11.18995189666748,41262
7.2916669845581055,0.0416666679084301,0.38214319944381714,0.31123000383377075,7.593750000000002e-05,0.2650749087333679,0.10746163129806519,1.8477014303207397,0.6666666865348816,0.7441226243972778,-0.6108117699623108,0.41028857231140137,0.045128039084374905,1.625,0.20666173100471497,6.653697085380554,0.08939588069915771,3.1642158031463623,0.6904782652854919,0.40151259303092957,0.3920571208000183,13.913772341385483,0.6261295676231384,0.33283358812332153,1415,437.2,0.6469374299049377,0.09397082775831223,-0.018604997545480728,-0.007701575173996389,0.8691979646682739,-0.012861392460763454,0.3017904758453369,1784480627.8349016,2.824033737182617,1082.618783826,0.7777778506278992,"{'_type': 'video-file', 'sha256': '914873821d6d5a97a93de31fca8c98e68d6744590e0132442971d40b33412a29', 'path': 'media/videos/video_1415_914873821d6d5a97a93d.mp4', 'size': 1773213.0}",12.3371000289917,31448
7.125,0.0,0.37730270624160767,0.3113289773464203,7.593750000000002e-05,0.22972476482391357,0.11069607734680176,1.5910247564315796,0.2916666865348816,0.6831046342849731,-0.620230495929718,0.4213258922100067,0.04367075581103563,1.0,0.16147518157958984,6.66387906074524,0.07629556953907013,2.8549914360046387,0.7092699408531189,0.41177672147750854,0.39101189374923706,14.642260093688964,0.5678462386131287,0.3411790728569031,1416,463.39,0.6461012363433838,0.0967044085264206,-0.02133970521390438,-0.008723687101155519,0.7948295474052429,-0.01071722712367773,0.286360502243042,1784480630.3286092,2.1126999855041504,1085.220575279,0.7777778506278992,,11.346748352050781,40976
8.25,0.0,0.4023672044277191,0.31127381324768066,0.00011390625000000003,0.2550716996192932,0.11205713450908661,1.6486153602600098,0.5416666865348816,0.6930973529815674,-0.622838020324707,0.42699822783470154,0.04016316886991263,1.125,0.19093219935894012,6.664622712135315,0.08479078859090805,2.8289923667907715,0.715374231338501,0.41879183053970337,0.3886767625808716,15.010836198329926,0.6100946664810181,0.34472522139549255,1417,463.96,0.6481124758720398,0.09847980737686157,-0.01938590779900551,-0.00783226941130124,0.8434426784515381,-0.011414190754294395,0.30048680305480957,1784480632.9382062,2.195061206817627,1087.720107045,0.7777778506278992,,11.341493606567383,39391
7.375,0.0416666679084301,0.3944435119628906,0.31099820137023926,0.00011390625000000003,0.25986456871032715,0.1118980273604393,1.6293048858642578,0.5416666865348816,0.7106100916862488,-0.6189250946044922,0.424009770154953,0.041927891597151754,1.0416667461395264,0.19245946407318115,6.649373459815979,0.0867295190691948,2.8892264366149902,0.7095953822135925,0.41594910621643066,0.3869441747665405,14.383593885600567,0.6275338530540466,0.3429666757583618,1418,443.51,0.649377167224884,0.09896187484264374,-0.01925181970000267,-0.0093943590472918,0.8379536867141724,-0.010513665154576302,0.2964944839477539,1784480635.42333,2.088479995727539,1090.319166871,0.763888955116272,,11.620699882507324,41218
7.2916669845581055,0.0,0.3396921157836914,0.310940146446228,0.00011390625000000006,0.24568235874176025,0.10760180652141571,1.749546766281128,0.375,0.7252706289291382,-0.6062762141227722,0.41367244720458984,0.04076588228344917,1.2083333730697632,0.18386851251125336,6.634861159324646,0.08271152526140213,2.916003704071045,0.6921002864837646,0.4003461003303528,0.38706421852111816,14.386439462006091,0.6213637590408325,0.334783673286438,1419,451.3,0.6492884159088135,0.09753862023353577,-0.019335178658366203,-0.007507367129437626,0.8279478549957275,-0.012356480583548546,0.30750536918640137,1784480638.0258737,2.19281005859375,1092.795460325,0.773148238658905,,11.598628044128418,39316
7.75,0.0416666679084301,0.3834541440010071,0.31091874837875366,0.00011390625000000006,0.22260360419750214,0.1143939346075058,1.7687184810638428,0.25,0.6687924861907959,-0.6372362375259399,0.4305662512779236,0.04049471151083708,1.0,0.15742722153663635,6.6397467136383055,0.07541827857494354,2.7866227626800537,0.7254278063774109,0.4232305884361267,0.3877062201499939,14.710777898728848,0.5625554323196411,0.34961292147636414,1420,459.7,0.6487204432487488,0.09902658313512802,-0.0183141827583313,-0.008742591706686653,0.7972285151481628,-0.011609114706516266,0.28697991371154785,1784480640.500266,2.084639310836792,1095.435373582,0.6666667461395264,,11.19196605682373,41450
7.375,0.0,0.3903197646141052,0.31097280979156494,7.593750000000004e-05,0.2513868510723114,0.10862100124359131,1.794217824935913,0.2916666865348816,0.7155088186264038,-0.6183702349662781,0.4118897616863251,0.045909110084176065,1.375,0.17852655053138733,6.635014963150025,0.08233648538589478,3.042490005493164,0.6935633420944214,0.40385186672210693,0.39079996943473816,13.89370315939188,0.5840482711791992,0.33239278197288513,1421,445.8,0.6477023959159851,0.09388071298599243,-0.01664353534579277,-0.00860404716222547,0.8320527076721191,-0.012557822279632092,0.3067643642425537,1784480643.1462111,2.2318711280822754,1097.935802184,0.6666667461395264,,12.382034301757812,38723
7.25,0.0,0.3752513825893402,0.3110191822052002,0.00011390625000000003,0.24262374639511108,0.10845585912466049,1.759100317955017,0.4166666865348816,0.7250159978866577,-0.6039572358131409,0.40885114669799805,0.052819444611668584,1.75,0.17580565810203552,6.642289566993713,0.08118545264005661,3.0013809204101562,0.6866602897644043,0.4001261591911316,0.3928763270378113,13.528854736611247,0.6053110361099243,0.3293607831001282,1422,425.14,0.6450945734977722,0.09831269830465317,-0.019204124808311462,-0.0080537075875327,0.8381466865539551,-0.011723826639354229,0.29566264152526855,1784480645.640625,2.093634843826294,1100.555392193,0.6666667461395264,,12.14301872253418,41143
7.375,0.0416666679084301,0.37110060453414917,0.31098926067352295,0.00011390625000000006,0.27213841676712036,0.1106627807021141,1.7386215925216675,0.6666666865348816,0.7320114970207214,-0.6185007095336914,0.4164300858974457,0.04735878743231296,1.5416667461395264,0.20393817126750946,6.637872886657715,0.0901976078748703,3.0698957443237305,0.6996292471885681,0.409170925617218,0.39328789710998535,14.520538821518421,0.6202807426452637,0.336761474609375,1423,458.69,0.6422915458679199,0.09874280542135239,-0.021403908729553223,-0.008853348499906133,0.8609657287597656,-0.011849119327962399,0.30510616302490234,1784480648.267953,2.2134201526641846,1102.986464421,0.6666667461395264,,12.515108108520508,39032
8.291666984558105,0.0,0.43454474210739136,0.31092649698257446,7.593750000000004e-05,0.2602944076061249,0.10811900347471237,1.8348908424377441,0.5833333730697632,0.6892026662826538,-0.6124737858772278,0.4111345708370209,0.040309440717101096,1.25,0.187819242477417,6.632503700256348,0.0859704464673996,2.9939804077148438,0.6953176259994507,0.4005711078643799,0.39260947704315186,14.167653376758098,0.5756749510765076,0.33375176787376404,1424,445.61,0.6438652276992798,0.09555411338806152,-0.019413147121667862,-0.00849918409367092,0.8621886968612671,-0.011741973459720612,0.2885158061981201,1784480650.6783392,2.0346810817718506,1105.424992702,0.6666667461395264,,11.698995590209961,42314
8.0,0.0,0.398284912109375,0.31087231636047363,0.00011390625000000003,0.22504356503486633,0.1138564795255661,1.471088171005249,0.625,0.5880217552185059,-0.6254162788391113,0.4294916093349457,0.045429974980652335,1.125,0.16794894635677338,6.626750779151917,0.07745493203401566,2.573697090148926,0.7149803042411804,0.4204045534133911,0.39003247022628784,14.306175342909992,0.5196952819824219,0.345099538564682,1425,447.74,0.6470402479171753,0.1048409566283226,-0.021645357832312584,-0.007806859188713133,0.7329716086387634,-0.01234802883118391,0.2892310619354248,1784480653.1337674,2.0626041889190674,1107.989656408,0.6666667461395264,,10.370080947875977,41798
7.75,0.0416666679084301,0.32952916622161865,0.3109264075756073,0.00011390625000000003,0.23281028866767883,0.11180546134710312,1.7330231666564941,0.1666666716337204,0.646843433380127,-0.6272773146629333,0.42444276809692383,0.04549699537456035,1.25,0.16202102601528168,6.626299214363098,0.07723670452833176,2.8911666870117188,0.7116167545318604,0.41325050592422485,0.3887488842010498,14.038046832978726,0.542760968208313,0.3429642915725708,1426,443.03,0.64823979139328,0.09840943664312363,-0.02127179130911827,-0.008697089954512193,0.7930037975311279,-0.012414741329848766,0.30588746070861816,1784480655.6969802,2.1530067920684814,1110.429098719,0.6666667461395264,,11.638628005981445,39978
6.625,0.0416666679084301,0.3897942900657654,0.31095027923583984,0.00011390625000000006,0.2653771936893463,0.11112909018993378,1.7895058393478394,0.4166666865348816,0.7164300680160522,-0.6204071044921875,0.42092984914779663,0.041108303144574164,1.0833333730697632,0.19530396163463593,6.636277461051941,0.08839653432369232,3.072740316390991,0.7078351974487305,0.4144916534423828,0.3895985782146454,14.808111575096845,0.5844959020614624,0.33959266543388367,1427,455.59,0.649111270904541,0.09963729232549667,-0.020145468413829803,-0.008371719979913905,0.8706194758415222,-0.01249566301703453,0.28527283668518066,1784480658.1353908,2.0505311489105225,1113.101778259,0.6666667461395264,,11.639430046081543,42085
7.75,0.0,0.3607975244522095,0.3108729422092438,0.00011390625000000006,0.24832820892333984,0.11187082529067993,1.7480435371398926,0.4583333432674408,0.7046045064926147,-0.6294929385185242,0.4249677062034607,0.04340838398784399,1.2083333730697632,0.18349091708660126,6.62703800201416,0.08492821455001831,2.917490005493164,0.7189809679985046,0.41509461402893066,0.38835665583610535,14.842787106633187,0.5953295230865479,0.34630560874938965,1428,466.88,0.6495241522789001,0.09551844000816345,-0.019931610673666,-0.00958818668150343,0.7902272939682007,-0.012114333920180798,0.30615663528442383,1784480660.8218324,2.2636704444885254,1115.521641786,0.6666667461395264,,11.613729476928711,38253
6.458333492279053,0.0833333358168602,0.34067484736442566,0.3109845221042633,0.00011390625000000006,0.2578829228878021,0.10787855833768845,1.7628291845321655,0.4583333432674408,0.7262260317802429,-0.5984861254692078,0.40804633498191833,0.03969656843692064,1.0833333730697632,0.18807467818260193,6.631180953979492,0.08425746858119965,3.0077083110809326,0.6855656504631042,0.39910149574279785,0.38883161544799805,13.983105889111757,0.601215124130249,0.3298874795436859,1429,438.78,0.6476154327392578,0.09386330842971802,-0.019329270347952843,-0.00790364293316088,0.8888344168663025,-0.010776231065392494,0.29169201850891113,1784480663.228904,2.0112929344177246,1118.094911359,0.6666667461395264,,12.335147857666016,42685
6.958333492279053,0.0,0.3484640121459961,0.31082385778427124,7.593750000000004e-05,0.26761406660079956,0.10677316039800644,1.8737353086471558,0.5,0.787799060344696,-0.6071476340293884,0.40393316745758057,0.04341542162001133,1.25,0.19551533460617065,6.625353670120239,0.08923866599798203,3.156283140182495,0.6857396364212036,0.3967248797416687,0.3903883397579193,13.739881268739701,0.6521252393722534,0.3288556933403015,1430,441.06,0.6478762626647949,0.0931636318564415,-0.019907407462596893,-0.008758026085706661,0.8885205984115601,-0.012479156255722046,0.31748008728027344,1784480665.8192015,2.1517229080200195,1120.620125763,0.6666667461395264,,12.568130493164062,39812
8.208333969116211,0.0,0.3834017515182495,0.31082093715667725,5.062500000000002e-05,0.24742275476455688,0.10948039591312408,1.8448593616485596,0.4583333432674408,0.7129119634628296,-0.6193004846572876,0.41630738973617554,0.049455982819199565,1.625,0.18049034476280212,6.617318487167358,0.08412279933691025,2.989999771118164,0.7046000361442566,0.4041556715965271,0.3922278583049774,13.524493244588376,0.5881953835487366,0.3380051851272583,1431,433.32,0.6473896503448486,0.09198793768882751,-0.01988629810512066,-0.008480494329705834,0.8006474375724792,-0.01207518856972456,0.293320894241333,1784480668.324716,2.1042308807373047,1123.241918783,0.6666667461395264,,12.041911125183105,41001
7.958333492279053,0.0416666679084301,0.36948394775390625,0.31080153584480286,0.00011390625000000003,0.23660793900489807,0.1150263175368309,1.63275146484375,0.5416666865348816,0.6476885080337524,-0.6302083730697632,0.42853134870529175,0.04558300618082285,1.0416667461395264,0.17279237508773804,6.619050693511963,0.07837541401386261,2.8068222999572754,0.7213696837425232,0.42328548431396484,0.3914473056793213,14.557698967009783,0.5436911582946777,0.3469843566417694,1432,448.19,0.6469285488128662,0.10153778642416,-0.018270082771778107,-0.00834444627762423,0.7971438765525818,-0.0123062152415514,0.3217887878417969,1784480670.9547527,2.199411392211914,1125.768714093,0.6666667461395264,,11.237129211425781,38990
7.625,0.0833333358168602,0.4226153492927551,0.3109457492828369,7.593750000000002e-05,0.2535225749015808,0.10754482448101044,1.7921037673950195,0.2083333432674408,0.756016731262207,-0.6049375534057617,0.40442463755607605,0.0465070815756917,1.375,0.1863439679145813,6.626383638381958,0.08359222114086151,3.1460375785827637,0.6897209882736206,0.3964155614376068,0.3901270627975464,14.123205746114254,0.6283254623413086,0.3309086263179779,1433,447.47,0.6487851142883301,0.08883639425039291,-0.01745152473449707,-0.008605751589493593,0.8789994716644287,-0.011186662130057812,0.29068875312805176,1784480673.486133,2.125868797302246,1128.509425643,0.6666667461395264,,12.564762115478516,40679
7.375,0.0,0.3450077474117279,0.3108100891113281,0.00011390625000000003,0.24714712798595428,0.11261133849620819,1.7139225006103516,0.2916666865348816,0.7194535732269287,-0.6272717714309692,0.42444849014282227,0.04486181158572435,1.3333333730697632,0.17803522944450378,6.625201940536499,0.08004705607891083,3.0875051021575928,0.7164375185966492,0.41990363597869873,0.39190658926963806,14.607998686768115,0.5859113931655884,0.34337902069091797,1434,452.16,0.6491045355796814,0.10082175582647324,-0.020256033167243004,-0.008297839964507147,0.8520757555961609,-0.011408764868974686,0.3063313961029053,1784480676.2238598,2.317446231842041,1131.193080996,0.6666667461395264,,12.820945739746094,37466
7.4166669845581055,0.0416666679084301,0.350918173789978,0.3108341693878174,0.00011390625000000006,0.2097271978855133,0.11422865092754364,1.55743408203125,0.3333333432674408,0.5739030838012695,-0.6369833946228027,0.43691501021385193,0.04190138429403305,0.9583333730697632,0.14616507291793823,6.61665449142456,0.07088188827037811,2.6281862258911133,0.7303891181945801,0.4276682734489441,0.3945602774620056,15.304713425338269,0.46554940938949585,0.34881407022476196,1435,471.48,0.649734377861023,0.10597392171621323,-0.018924470990896225,-0.0086030172300525,0.7272493243217468,-0.012654113583266735,0.3172144889831543,1784480678.923723,2.253584146499634,1134.34501656,0.6666667461395264,,10.702277183532715,38238
7.0,0.0,0.36799466609954834,0.31082814931869507,7.593750000000004e-05,0.23341868817806244,0.1139819324016571,1.8437907695770264,0.4166666865348816,0.7391270995140076,-0.627893328666687,0.4264456629753113,0.044106579199433324,1.25,0.1601964831352234,6.617347836494446,0.07837963104248047,2.9864673614501953,0.7149467468261719,0.4174494743347168,0.39479416608810425,14.991233413219453,0.65256667137146,0.34168800711631775,1436,465.84,0.6522221565246582,0.1015399694442749,-0.018102074041962624,-0.006767680413759081,0.8355259895324707,-0.012249752879142761,0.310361385345459,1784480682.1480396,2.7089478969573975,1136.967825026,0.6666667461395264,"{'sha256': '8b345b26fb4878c6e28a203f39d31f88067e4f7ec0d8ac47923cb40cb3856faa', 'path': 'media/videos/video_1436_8b345b26fb4878c6e28a.mp4', 'size': 1327573.0, '_type': 'video-file'}",11.929878234863281,32558
7.208333492279053,0.0,0.37469714879989624,0.3108137845993042,0.00011390625000000003,0.2716388404369354,0.10659494251012802,1.798717975616455,0.4166666865348816,0.7835664749145508,-0.6013723611831665,0.3979175090789795,0.04270211085677147,1.1666667461395264,0.19820940494537354,6.613001370429993,0.09146495908498764,3.147223949432373,0.6773761510848999,0.3899376392364502,0.39584478735923767,13.643989556133747,0.6530923247337341,0.3228393793106079,1437,431.03,0.6536192893981934,0.09162472188472748,-0.01789260283112526,-0.008617647053324618,0.906201958656311,-0.013168957084417343,0.2999730110168457,1784480684.6764786,2.1339316368103027,1139.499841406,0.6666667461395264,,12.53901481628418,40389
8.125,0.0416666679084301,0.351246178150177,0.31060659885406494,0.00011390625000000003,0.23913519084453583,0.11130224168300629,1.6709703207015991,0.3333333432674408,0.6939687728881836,-0.6240350008010864,0.4189402461051941,0.03949952069669962,1.2916667461395264,0.17672857642173767,6.600168395042419,0.07809609174728394,2.836714267730713,0.7078967094421387,0.4115360975265503,0.39557668566703796,14.443006942905486,0.6038565635681152,0.33907777070999146,1438,450.48,0.6537364721298218,0.09497277438640594,-0.020211443305015564,-0.008564788312651218,0.811965823173523,-0.01210795622318983,0.29731059074401855,1784480687.2112412,2.128188371658325,1142.060083884,0.6666667461395264,,11.168262481689453,40529
7.375,0.0,0.36940187215805054,0.31070810556411743,7.593750000000002e-05,0.22550460696220398,0.11485189199447632,1.685712218284607,0.2916666865348816,0.6022829413414001,-0.6290551424026489,0.42854589223861694,0.045597846433520314,1.125,0.16199982166290283,6.590457415580749,0.07561329007148743,2.7409465312957764,0.7189520597457886,0.4224706292152405,0.3982769846916199,14.692912270426751,0.5070924162864685,0.3463125228881836,1439,456.12,0.6513346433639526,0.1080089658498764,-0.016023900359869003,-0.008738356397952885,0.7565609812736511,-0.011390965431928635,0.2852342128753662,1784480689.7704551,2.1665802001953125,1144.643087589,0.6666667461395264,,10.89167594909668,40094
7.708333492279053,0.0416666679084301,0.3797413110733032,0.3108651041984558,0.00011390625000000003,0.2556154429912567,0.10961060225963593,1.733750343322754,0.4583333432674408,0.7600581049919128,-0.6193094253540039,0.41134482622146606,0.04049400482326746,1.4166667461395264,0.19540457427501678,6.609207177162171,0.0832177996635437,3.0722815990448,0.6980690360069275,0.4044973850250244,0.3992288112640381,14.620724862515926,0.6487925052642822,0.3325313925743103,1440,452.75,0.6488548517227173,0.0963442474603653,-0.020370077341794968,-0.007202704553492367,0.8602286577224731,-0.01279441174119711,0.294391393661499,1784480692.3504927,2.183187484741211,1147.138285743,0.6666667461395264,,12.361852645874023,39677
7.833333492279053,0.0,0.3348751962184906,0.3108915090560913,7.593750000000002e-05,0.2285843938589096,0.11222249269485474,1.7321460247039795,0.3333333432674408,0.6606462001800537,-0.6163773536682129,0.4191247224807739,0.043105970695614816,1.4583333730697632,0.15284667909145355,6.615311217308045,0.07659260928630829,2.907773494720459,0.7045365571975708,0.41342875361442566,0.4003773331642151,14.173075075745583,0.5635535717010498,0.3370440900325775,1441,436.8,0.6485695242881775,0.10100434720516205,-0.01945483684539795,-0.00789482286600105,0.7995902895927429,-0.012391641736030579,0.29290175437927246,1784480694.8440955,2.0999820232391357,1149.720015812,0.6666667461395264,,11.622697830200195,41081
7.083333492279053,0.0833333358168602,0.35062655806541443,0.31087827682495117,7.593750000000002e-05,0.27187034487724304,0.10753115266561508,1.7447471618652344,0.5,0.7578338384628296,-0.617845892906189,0.40872740745544434,0.04318735990673304,1.1666667461395264,0.21119384467601776,6.618343949317932,0.08964645862579346,2.9538581371307373,0.693529486656189,0.3982848525047302,0.40015897154808044,14.041235015131534,0.6651419401168823,0.3331625163555145,1442,445.16,0.6488680839538574,0.09544645994901657,-0.022460145875811577,-0.007055569198564626,0.8716640472412109,-0.01408135425299406,0.30186891555786133,1784480697.427406,2.179288625717163,1152.283213742,0.6666667461395264,,12.12269401550293,39620
7.6666669845581055,0.0,0.3548423647880554,0.3107633888721466,0.00011390625000000003,0.2606038749217987,0.10876165330410004,1.720884084701538,0.375,0.7013567686080933,-0.6144453287124634,0.40445300936698914,0.04573505651205778,1.375,0.1886555403470993,6.608317732810974,0.08476724475622177,3.028549909591675,0.6878560781478882,0.3952626883983612,0.4007226824760437,14.369456975162029,0.5696079134941101,0.3308630883693695,1443,454.6,0.6472001075744629,0.08871035277843475,-0.02021026611328125,-0.007619425970915472,0.8670889139175415,-0.012990623712539673,0.3255040645599365,1784480699.9994931,2.1349008083343506,1154.916923228,0.6666667461395264,,11.677999496459961,39954
7.7916669845581055,0.0,0.379591166973114,0.310721218585968,7.593750000000002e-05,0.23753057420253754,0.11082498729228973,1.6396477222442627,0.4166666865348816,0.6946234703063965,-0.6296578049659729,0.41741666197776794,0.04319942742586136,1.0416667461395264,0.17580577731132507,6.598516058921814,0.07927855104207993,2.871570587158203,0.7089587450027466,0.40821170806884766,0.40206965804100037,14.392125286012888,0.5820232629776001,0.3410565257072449,1444,460.12,0.6452422142028809,0.0946301743388176,-0.021307017654180527,-0.009005969489226117,0.7997937202453613,-0.011967435479164124,0.29866862297058105,1784480702.620296,2.2178051471710205,1157.409643865,0.6666667461395264,,11.89255428314209,39064
8.291666984558105,0.0416666679084301,0.36654728651046753,0.3107323944568634,0.00011390625000000003,0.23522791266441345,0.11005651950836182,1.631150484085083,0.4583333432674408,0.670458197593689,-0.622513473033905,0.4149506986141205,0.04613052364438772,1.2083333730697632,0.1635492444038391,6.603040385246277,0.0788668841123581,2.805870771408081,0.7063092589378357,0.40750357508659363,0.40381214022636414,14.248736527860165,0.5742455720901489,0.3396095633506775,1445,454.29,0.6437333822250366,0.09524232149124146,-0.02288755774497986,-0.008870635845232755,0.8142787218093872,-0.012574370950460434,0.28771209716796875,1784480705.1118577,2.1071829795837402,1159.933212676,0.6666667461395264,,11.438199996948242,41047
7.875,0.0,0.36124497652053833,0.31071388721466064,7.593750000000002e-05,0.2640521824359894,0.10933996737003326,1.7917070388793945,0.4166666865348816,0.7298669815063477,-0.6162916421890259,0.4128546714782715,0.0471650006249547,1.5833333730697632,0.19995805621147156,6.598801183700561,0.08770488202571869,3.0496010780334473,0.6963242292404175,0.4064602553844452,0.40316781401634216,14.222571506053209,0.6138083934783936,0.33217307925224304,1446,456.85,0.6454257369041443,0.09518802165985107,-0.021107852458953857,-0.007657243305584416,0.8403374552726746,-0.013186360709369183,0.2941765785217285,1784480707.639462,2.1306216716766357,1162.355454812,0.6666667461395264,,12.356879234313965,40541
7.2916669845581055,0.0,0.3340950906276703,0.3107207417488098,7.593750000000002e-05,0.2541537880897522,0.1086101233959198,1.827406883239746,0.375,0.7444128394126892,-0.6156408190727234,0.4119170308113098,0.04847976844757795,1.625,0.18454739451408386,6.602898645401001,0.08344002068042755,3.1768317222595215,0.6952033042907715,0.40218275785446167,0.404940664768219,14.078305366635323,0.6267474293708801,0.33252206444740295,1447,452.87,0.644446074962616,0.09878893941640854,-0.022243980318307877,-0.00742661600233987,0.8766719698905945,-0.014274938963353634,0.2940981388092041,1784480710.064201,2.0283377170562744,1164.809631363,0.6666667461395264,,12.776866912841797,42327
6.9166669845581055,0.0,0.37020063400268555,0.31071603298187256,7.593750000000002e-05,0.26350730657577515,0.10853332281112671,1.7734229564666748,0.4583333432674408,0.701163649559021,-0.6166208982467651,0.4075586497783661,0.04610903523862362,1.2916667461395264,0.19102905690670013,6.597625756263733,0.0838620588183403,3.018373966217041,0.6954042911529541,0.4020524024963379,0.40719008445739746,14.030932489037514,0.5911376476287842,0.33296114206314087,1448,445.28,0.6429015398025513,0.09338928759098053,-0.021483248099684715,-0.007847628055606038,0.8467777967453003,-0.013035692274570465,0.2955667972564697,1784480712.5122364,2.0550787448883057,1167.420817099,0.6666667461395264,,12.440061569213867,41820
7.5416669845581055,0.0,0.34791386127471924,0.31067711114883423,0.00011390625000000003,0.24947789311408997,0.113705575466156,1.8123410940170288,0.5,0.7249252796173096,-0.6285121440887451,0.42134708166122437,0.04355077371001244,1.2083333730697632,0.1867837756872177,6.594335532188415,0.0817294642329216,3.025852680206299,0.7126626372337341,0.4183082580566406,0.4079000651836395,14.173271889090538,0.5963753461837769,0.3421909809112549,1449,448.52,0.6420581340789795,0.09548912942409515,-0.02559713087975979,-0.007630105793941766,0.8557571172714233,-0.01320017408579588,0.30432629585266113,1784480715.129027,2.209160089492798,1170.046971474,0.6666667461395264,,12.043880462646484,39110
6.7916669845581055,0.0,0.45497485995292664,0.31078317761421204,0.00011390625000000003,0.25352567434310913,0.11168889701366425,1.7729610204696655,0.5416666865348816,0.6704548597335815,-0.6233053207397461,0.4160386025905609,0.03971922770142555,1.0,0.17783223092556,6.593884015083313,0.08606528490781784,2.826932907104492,0.7053009867668152,0.4112117886543274,0.40716180205345154,14.464626946747304,0.5445883274078369,0.339237779378891,1450,459.9,0.6419332027435303,0.09702202677726746,-0.02130587212741375,-0.009225740458350628,0.8320059776306152,-0.014326165430247784,0.3316054344177246,1784480717.7610328,2.1907734870910645,1172.602489687,0.6666667461395264,,10.907569885253906,38972
6.833333492279053,0.0,0.3386053442955017,0.3107573091983795,0.00011390625000000003,0.24557767808437347,0.11092537641525269,1.7918164730072021,0.625,0.7331892848014832,-0.6207168102264404,0.41573023796081543,0.03745548911392689,0.9583333730697632,0.18250028789043427,6.602771639823914,0.08164627850055695,2.948289394378662,0.703948974609375,0.4094354510307312,0.4054928719997406,14.128161236345768,0.6165833473205566,0.3368037939071655,1451,445.74,0.6414287090301514,0.09838485717773438,-0.020302563905715942,-0.008638008404523135,0.8123859167098999,-0.012310626916587353,0.2939951419830322,1784480720.3090274,2.149794101715088,1175.041047768,0.6666667461395264,,11.65726375579834,40226
8.291666984558105,0.0,0.35584336519241333,0.31054142117500305,0.00011390625000000003,0.22510585188865662,0.11402487754821777,1.4754952192306519,0.25,0.5916587114334106,-0.6440120935440063,0.42912134528160095,0.03676099255681038,0.9583333730697632,0.1576566994190216,6.587345361709595,0.0723692774772644,2.7278029918670654,0.7306281924247742,0.4203222393989563,0.4069044589996338,14.884227450191975,0.4929056167602539,0.35090065002441406,1452,467.85,0.6409115195274353,0.09916210174560547,-0.019882891327142715,-0.0089916788667324,0.7753698825836182,-0.012880487367510796,0.30526089668273926,1784480722.7490087,2.0312209129333496,1177.650212781,0.6666667461395264,,10.847846984863281,42073
7.9166669845581055,0.0,0.35693222284317017,0.3104461431503296,0.00011390625000000003,0.21013042330741882,0.11681895703077316,1.6434482336044312,0.3333333432674408,0.6793097257614136,-0.6419093608856201,0.43451499938964844,0.04242860767990351,0.875,0.14146758615970612,6.567885899543763,0.07347983866930008,2.779789447784424,0.7312172651290894,0.42603594064712524,0.40853485465049744,14.397621573507786,0.5917439460754395,0.35420846939086914,1453,452.61,0.6408736109733582,0.10090499371290207,-0.022280378267169,-0.008196927979588509,0.7371169924736023,-0.012170661240816116,0.31725168228149414,1784480725.367213,2.1877870559692383,1180.119541969,0.6666667461395264,,11.325065612792969,39242
7.7916669845581055,0.0,0.355461061000824,0.31032273173332214,0.00011390625000000003,0.278303861618042,0.10672008991241455,1.7892783880233765,0.875,0.7751330733299255,-0.6008193492889404,0.40129923820495605,0.04222033768892288,1.5833333730697632,0.20598042011260986,6.557970261573791,0.09396223723888397,3.0846049785614014,0.6760007739067078,0.39179491996765137,0.4076732099056244,13.57556787878275,0.6555737853050232,0.324958860874176,1454,431.32,0.6415656805038452,0.09479274600744247,-0.018340878188610077,-0.008100800105603411,0.9063349962234497,-0.012714560143649578,0.29000139236450195,1784480727.8166907,2.0634753704071045,1182.713399855,0.6666667461395264,,12.388118743896484,41769
7.625,0.0,0.35491499304771423,0.3102291524410248,7.593750000000002e-05,0.2372094690799713,0.11632834374904633,1.5817880630493164,0.4166666865348816,0.6670615077018738,-0.6375775337219238,0.4332215189933777,0.040556405670940876,1.125,0.17180278897285461,6.543570828437805,0.08048319071531296,2.8300552368164062,0.7260863184928894,0.4272753596305847,0.40566763281822205,15.458968939781188,0.561617374420166,0.3505321443080902,1455,479.73,0.6415555477142334,0.09916826337575912,-0.019315972924232483,-0.00831238619866781,0.7998933792114258,-0.011981908231973648,0.3252096176147461,1784480730.4291248,2.1761977672576904,1185.253646937,0.6666667461395264,,11.563112258911133,39299
7.0,0.0416666679084301,0.3580593466758728,0.31014901399612427,7.593750000000002e-05,0.26550135016441345,0.10960102081298828,1.8238332271575928,0.6666666865348816,0.7237531542778015,-0.6137629747390747,0.411604106426239,0.0408151488751173,1.3333333730697632,0.19798706471920013,6.537023973464966,0.08904147148132324,3.0599355697631836,0.6923341751098633,0.4035691022872925,0.404693067073822,13.821351579725743,0.6151089072227478,0.33463001251220703,1456,433.66,0.6405825614929199,0.09605248272418976,-0.02080000564455986,-0.008105529370368458,0.8547159433364868,-0.013306796550750732,0.2968270778656006,1784480732.979823,2.127782106399536,1188.366125926,0.6666667461395264,,12.44376277923584,40544
7.1666669845581055,0.0,0.33455556631088257,0.31014710664749146,7.593750000000002e-05,0.22621536254882812,0.11715837568044662,1.5595529079437256,0.2916666865348816,0.6395390033721924,-0.6330150365829468,0.4297811985015869,0.042704655416309835,1.125,0.15967221558094025,6.5344470024108885,0.07562094926834106,2.8265018463134766,0.7249631285667419,0.42836952209472656,0.4021551012992859,14.724490861594678,0.5443474054336548,0.3501932621002197,1457,455.24,0.6428185105323792,0.09877549111843109,-0.018035558983683586,-0.007392617812729441,0.8050030469894409,-0.011711164377629757,0.29317140579223633,1784480736.1527784,2.693085193634033,1190.985062868,0.6666667461395264,"{'size': 1543457.0, '_type': 'video-file', 'sha256': '82ef88f6f3cfaba8f1059df5c9c5dd9dfceb06baecfcb9c53540d42020b0f993', 'path': 'media/videos/video_1457_82ef88f6f3cfaba8f105.mp4'}",11.572868347167969,32918
7.833333492279053,0.0,0.33460721373558044,0.31025800108909607,7.593750000000002e-05,0.2320443093776703,0.11381947994232178,1.6514918804168701,0.5833333730697632,0.6679067611694336,-0.621899425983429,0.41959720849990845,0.04931550286710262,1.0416667461395264,0.16683661937713623,6.542973923683166,0.07918328046798706,2.902160167694092,0.7083556652069092,0.41278719902038574,0.4016159474849701,14.73045624256134,0.5675236582756042,0.34071362018585205,1458,460.85,0.6439841985702515,0.09489530324935913,-0.021805142983794212,-0.008673619909677655,0.7979428172111511,-0.012500527314841747,0.2896709442138672,1784480738.683064,2.155508279800415,1193.525486238,0.6666667461395264,,11.773486137390137,40203
7.7916669845581055,0.0416666679084301,0.43965578079223633,0.3103763163089752,7.593750000000002e-05,0.27376362681388855,0.11044842004776001,1.7647218704223633,1.0833333730697632,0.7447165250778198,-0.6087777614593506,0.41264230012893677,0.05345390979200602,1.125,0.2082839012145996,6.555412530899048,0.0938718318939209,3.014779567718506,0.6941439509391785,0.40415486693382263,0.40060219168663025,14.24173980474472,0.6525754332542419,0.33537039160728455,1459,446.7,0.6460250616073608,0.09674619883298874,-0.022387763485312462,-0.0072420418378897015,0.8506431579589844,-0.01253623515367508,0.28492212295532227,1784480741.231784,2.1634433269500732,1196.00477072,0.6666667461395264,,11.540057182312012,40150
6.7916669845581055,0.0,0.3567245900630951,0.31027331948280334,0.00011390625000000003,0.27855509519577026,0.11105683445930481,1.9428361654281616,0.75,0.7351295351982117,-0.6178151965141296,0.41627854108810425,0.0400009861215949,0.9583333730697632,0.21182569861412048,6.557810807228089,0.09181371331214905,3.087405204772949,0.696161150932312,0.40688356757164,0.3964175879955292,14.538779431283475,0.6107742786407471,0.33514440059661865,1460,460.26,0.6474899053573608,0.09232361614704132,-0.023406650871038437,-0.008071193555952049,0.8809241056442261,-0.013936568051576614,0.2961137294769287,1784480743.7140782,2.081273317337036,1198.56972981,0.6666667461395264,,11.760932922363281,41349
7.833333492279053,0.0,0.3541916608810425,0.3102474808692932,7.593750000000004e-05,0.2480238676071167,0.1106795072555542,1.8020328283309937,0.5416666865348816,0.7124232649803162,-0.6205905675888062,0.41528671979904175,0.046592163294553755,1.2083333730697632,0.1852206438779831,6.547764253616333,0.08400854468345642,3.0460681915283203,0.6964868903160095,0.4051930904388428,0.3955932557582855,13.687241423726082,0.6063141226768494,0.33605730533599854,1461,441.18,0.6469844579696655,0.09454916417598724,-0.019671626389026642,-0.006863739501568489,0.8443123698234558,-0.013460565358400345,0.30077481269836426,1784480746.2861435,2.1566002368927,1201.116171058,0.6666667461395264,,11.671117782592773,40003
8.375,0.0,0.4011673331260681,0.3102947175502777,7.593750000000002e-05,0.24057039618492126,0.11138719320297241,1.7522786855697632,0.7083333730697632,0.6750795245170593,-0.616403341293335,0.41517865657806396,0.04768647756427526,1.125,0.17254924774169922,6.549746823310852,0.08160077035427094,2.9835071563720703,0.7017990350723267,0.40981125831604004,0.396461546421051,14.327118141055108,0.575901985168457,0.3384910821914673,1462,439.96,0.6461185812950134,0.10055136680603027,-0.016123831272125244,-0.008225497431703843,0.8185431361198425,-0.01200099941343069,0.28353404998779297,1784480748.8274677,2.149946928024292,1203.707199564,0.6666667461395264,,11.78842544555664,40396
6.875,0.0416666679084301,0.37736231088638306,0.3103630840778351,0.00011390625000000003,0.2672961950302124,0.10774829238653183,1.9158352613449097,0.4583333432674408,0.7837957143783569,-0.5998115539550781,0.40293949842453003,0.047849536687135694,1.4166667461395264,0.1973259150981903,6.555778193473816,0.08807961642742157,3.164482831954956,0.6792030334472656,0.39680713415145874,0.39700847864151,14.035176074057818,0.671387791633606,0.3276205062866211,1463,436.01,0.6465551853179932,0.09435942023992538,-0.023481883108615875,-0.007359583041397855,0.8779747486114502,-0.012269474565982819,0.32285308837890625,1784480751.429048,2.155996084213257,1206.363479983,0.6666667461395264,,12.561331748962402,39657
7.9166669845581055,0.0,0.32536348700523376,0.31037700176239014,0.00011390625000000006,0.2681899666786194,0.10952534526586533,1.838790774345398,0.7083333730697632,0.7348877787590027,-0.600715160369873,0.40653809905052185,0.050495911948382856,1.5833333730697632,0.19638857245445251,6.55576856136322,0.08794957399368286,3.075402021408081,0.6843980550765991,0.39994025230407715,0.39923280477523804,13.964069636464119,0.6376160979270935,0.33060529828071594,1464,434.42,0.644865870475769,0.09561324119567871,-0.017903288826346397,-0.008039515803102405,0.8595196604728699,-0.012997718527913094,0.3040471076965332,1784480754.071772,2.2314298152923584,1208.785208666,0.6666667461395264,,11.801299095153809,38771
7.4166669845581055,0.0,0.35442671179771423,0.3103194832801819,0.00011390625000000006,0.27441930770874023,0.11068066954612732,1.715898871421814,0.875,0.7433180809020996,-0.6086706519126892,0.41321444511413574,0.051021724753081796,1.3333333730697632,0.21021489799022675,6.5478811979293825,0.09327422082424164,3.008188009262085,0.6910173296928406,0.4041372239589691,0.39784616231918335,14.125861445069313,0.6496071815490723,0.33091604709625244,1465,437.69,0.6437944173812866,0.09576678276062012,-0.023044949397444725,-0.00807449803687632,0.8652942180633545,-0.01332139503210783,0.28720664978027344,1784480756.4930537,2.028602123260498,1211.387556947,0.6666667461395264,,11.734244346618652,42449
8.083333969116211,0.0416666679084301,0.3477160334587097,0.31029587984085083,7.593750000000004e-05,0.25658005475997925,0.10987623780965805,1.7632124423980713,0.5833333730697632,0.7133216857910156,-0.6152740716934204,0.4109285771846771,0.04645697493106127,1.625,0.18973378837108612,6.542851758003235,0.08501468598842621,3.0447375774383545,0.6930245757102966,0.40354275703430176,0.39669156074523926,14.363732100874186,0.5711483359336853,0.3355010449886322,1466,450.98,0.6430848836898804,0.09295304119586945,-0.019365953281521797,-0.00843578551284736,0.8776692152023315,-0.012954211793839931,0.3140687942504883,1784480759.0947573,2.1810736656188965,1213.845392011,0.6666667461395264,,11.93049430847168,39398
8.0,0.0,0.34300440549850464,0.3103206157684326,7.593750000000002e-05,0.23469004034996033,0.11832525581121445,1.587608814239502,0.4583333432674408,0.6849862337112427,-0.6431862711906433,0.4401775002479553,0.04618931207805872,1.0416667461395264,0.1692596971988678,6.540924096107483,0.08206918835639954,2.8116254806518555,0.7308385372161865,0.4324662685394287,0.39427170157432556,15.584397638440132,0.5886370539665222,0.35399994254112244,1467,478.6,0.6438209414482117,0.10380446165800095,-0.020029308274388313,-0.0075266550411470234,0.8011883497238159,-0.012631280347704887,0.29165172576904297,1784480761.5452404,2.064208507537842,1216.421749991,0.6666667461395264,,11.294683456420898,41727
7.0416669845581055,0.0,0.32752931118011475,0.3103877007961273,5.062500000000002e-05,0.254194438457489,0.1098833680152893,1.8086352348327637,0.5416666865348816,0.6939634680747986,-0.615026593208313,0.4153432846069336,0.04605241790413857,1.4583333730697632,0.18805336952209473,6.54723801612854,0.08623544871807098,2.889744520187378,0.6926280856132507,0.4026997983455658,0.3930574059486389,13.654877338781953,0.6055358648300171,0.33542853593826294,1468,430.78,0.6463301181793213,0.0931643694639206,-0.01906207762658596,-0.009244218957610429,0.8365172743797302,-0.012802176177501678,0.3163304328918457,1784480764.1294606,2.165269136428833,1218.992955524,0.6666667461395264,,11.296112060546875,39613
7.583333492279053,0.0,0.3538397252559662,0.31044939160346985,0.00011390625000000003,0.25105810165405273,0.11129256337881088,1.7883319854736328,0.5,0.7217685580253601,-0.6233118772506714,0.41536587476730347,0.042402800917625424,1.375,0.17954111099243164,6.553386521339417,0.08444826304912567,3.034100294113159,0.7018346786499023,0.40986520051956177,0.39427095651626587,14.090266307592392,0.6154375076293945,0.33747372031211853,1469,445.17,0.6474834084510803,0.09680543839931488,-0.015299598686397076,-0.009115041195764206,0.853790283203125,-0.012134872376918793,0.3252568244934082,1784480766.7062612,2.1383347511291504,1221.718968317,0.6666667461395264,,12.327831268310547,39902
7.583333492279053,0.0,0.3606409728527069,0.31051719188690186,5.0625000000000024e-05,0.24792592227458954,0.11177702993154526,1.698425054550171,0.625,0.7028937339782715,-0.6283822655677795,0.41330498456954956,0.0479863615706563,1.0416667461395264,0.1790480613708496,6.5635065793991085,0.08480014652013779,2.8761773109436035,0.6974445581436157,0.4081011414527893,0.3930509090423584,13.26908883959055,0.5915807485580444,0.3349389433860779,1470,433.41,0.6496551632881165,0.09715341031551361,-0.015662861987948418,-0.006591656066302676,0.8455146551132202,-0.013943802565336227,0.3090240955352783,1784480769.4260302,2.303072452545166,1224.173884417,0.6666667461395264,,11.036663055419922,37634
6.4166669845581055,0.0,0.373246431350708,0.31029024720191956,0.00011390625000000005,0.2535763382911682,0.10874851793050766,1.7728750705718994,0.5416666865348816,0.6827327013015747,-0.5976356267929077,0.4040217399597168,0.041344767063856126,1.4583333730697632,0.18309704959392548,6.554093813896179,0.08610319346189499,2.922075033187866,0.6770803928375244,0.3957395553588867,0.3924870491027832,13.892389161363244,0.5650594234466553,0.32681265473365784,1471,434.4,0.6519327163696289,0.09457266330718994,-0.016886061057448387,-0.009371229179669172,0.8511971235275269,-0.0116896852850914,0.2917487621307373,1784480771.8784935,2.0613157749176025,1226.834341341,0.6666667461395264,,11.555567741394043,41777
7.125,0.0,0.32935866713523865,0.31013423204421997,7.593750000000004e-05,0.25396764278411865,0.11535272002220154,1.6610593795776367,0.5,0.6621347069740295,-0.6402332186698914,0.43117648363113403,0.04710931181907654,1.0833333730697632,0.18687653541564941,6.532080769538879,0.08359943330287933,2.8726892471313477,0.7215391993522644,0.42411312460899353,0.39119526743888855,14.972464489340782,0.5807129740715027,0.34731316566467285,1472,469.68,0.6541786193847656,0.1000792384147644,-0.022254033014178276,-0.006958045298233628,0.8364562392234802,-0.012955902144312859,0.31590938568115234,1784480774.5383015,2.242802381515503,1229.254092261,0.6666667461395264,,11.455438613891602,38419
7.125,0.0,0.37274378538131714,0.31003549695014954,7.593750000000002e-05,0.23093120753765106,0.11414538323879242,1.6717166900634766,0.4166666865348816,0.6876884698867798,-0.615984320640564,0.41973060369491577,0.044091366976499555,1.125,0.15873578190803528,6.523467469215393,0.07930430769920349,2.8140628337860107,0.702803373336792,0.412269651889801,0.38981422781944275,14.328846596702933,0.5906186699867249,0.339580774307251,1473,443.0,0.6538949012756348,0.09859579801559448,-0.021438676863908768,-0.008197872668097262,0.8280720710754395,-0.011973494663834572,0.2943282127380371,1784480776.9635482,2.026916265487671,1231.715101284,0.6666667461395264,,11.555014610290527,42349
8.083333969116211,0.0,0.3926393389701843,0.30991119146347046,0.00011390625000000003,0.22402113676071167,0.11591391265392303,1.7065991163253784,0.5,0.6448396444320679,-0.6387844085693359,0.43395906686782837,0.0452559994533658,0.9166666865348816,0.16422158479690552,6.512494516372681,0.07651101797819138,2.7312607765197754,0.7246004939079285,0.4222211241722107,0.3894627094268799,14.395502856969834,0.5510656237602234,0.3514629304409027,1474,454.95,0.6524749994277954,0.09860394895076752,-0.020448245108127594,-0.007642927119741216,0.7614493370056152,-0.011602918617427349,0.297243595123291,1784480779.414885,2.057857036590576,1234.289074628,0.6666667461395264,,10.848380088806152,41740
7.625,0.0,0.42892956733703613,0.3096746802330017,0.00011390625000000003,0.24678072333335876,0.11580194532871246,1.7089459896087646,0.7083333730697632,0.7057985067367554,-0.6362924575805664,0.4284977912902832,0.035177217610180375,0.875,0.18698827922344208,6.496174025535583,0.08656047284603119,2.698606252670288,0.7185326814651489,0.4185211658477783,0.3896426558494568,14.474206519126891,0.6243623495101929,0.3481435775756836,1475,461.11,0.6521599888801575,0.09860166162252426,-0.021705856546759605,-0.008732320870331023,0.8118436336517334,-0.011338043957948685,0.31078624725341797,1784480781.9951952,2.1678996086120605,1236.769578637,0.6666667461395264,,10.478697776794434,39659
7.4166669845581055,0.0416666679084301,0.39238399267196655,0.30950927734375,7.593750000000002e-05,0.2494097352027893,0.1120162308216095,1.7743310928344727,0.4166666865348816,0.6675398349761963,-0.6132763624191284,0.41735172271728516,0.04695452526211739,1.375,0.18226021528244019,6.476730012893677,0.08122382313013077,2.8903656005859375,0.6964852809906006,0.40784355998039246,0.38691574335098267,13.855372619330883,0.5765446424484253,0.3375798463821411,1476,433.73,0.6536694169044495,0.09383848309516907,-0.016298480331897736,-0.008992427129123825,0.8087290525436401,-0.01242681872099638,0.290280818939209,1784480784.47457,2.08798885345459,1239.397986181,0.6666667461395264,,11.578271865844727,41334
7.5416669845581055,0.0416666679084301,0.3873668611049652,0.3095012605190277,0.00011390625000000003,0.23992685973644257,0.11440535634756088,1.5960863828659058,0.4166666865348816,0.6642512679100037,-0.6275308132171631,0.4234643876552582,0.045046613365411756,1.1666667461395264,0.18024151027202606,6.4685959815979,0.08286178857088089,2.7292184829711914,0.7118527293205261,0.41628241539001465,0.38733285665512085,14.274820305965841,0.5933390259742737,0.3469999432563782,1477,450.22,0.6546015739440918,0.09947632998228073,-0.015641769394278526,-0.007612782181240618,0.7865360975265503,-0.01100572757422924,0.3099024295806885,1784480787.1088388,2.2187702655792236,1242.349586423,0.6666667461395264,,10.837825775146484,38875
6.708333492279053,0.0416666679084301,0.37769123911857605,0.30946484208106995,7.593750000000002e-05,0.23407107591629028,0.1174149364233017,1.7936300039291382,0.3333333432674408,0.661990761756897,-0.628869354724884,0.42680883407592773,0.0465677285566926,1.0833333730697632,0.17440275847911835,6.470218801498413,0.07926306128501892,2.809788227081299,0.7139261960983276,0.4230475425720215,0.38903579115867615,14.641673643887042,0.5648298263549805,0.3465171754360199,1478,455.27,0.6540563702583313,0.09990210831165314,-0.021128669381141663,-0.008676569393719547,0.8017703890800476,-0.011409192346036434,0.302074670791626,1784480790.1182513,2.543867588043213,1245.031677432,0.6666667461395264,"{'sha256': '20bead301268a0af5b29e9ce2808e032e3d4aeab67cd2572fa11bbfb1ff8eef3', 'path': 'media/videos/video_1478_20bead301268a0af5b29.mp4', 'size': 1303195.0, '_type': 'video-file'}",10.925104141235352,34541
8.125,0.0416666679084301,0.3338952660560608,0.3093613088130951,0.00011390625000000003,0.23597276210784912,0.11463965475559235,1.6701552867889404,0.2916666865348816,0.6423353552818298,-0.6234400272369385,0.4186639189720154,0.04385363031178713,1.25,0.1663263440132141,6.462287878990173,0.07871370017528534,2.757479667663574,0.707611083984375,0.4140856862068176,0.38948559761047363,14.443593460917473,0.5599155426025391,0.3445647358894348,1479,457.05,0.6554333567619324,0.09530293941497803,-0.0207293089479208,-0.009146033654178608,0.7958947420120239,-0.011825616471469402,0.31241297721862793,1784480792.7471216,2.215181589126587,1247.622408593,0.6666667461395264,,11.044966697692871,38892
7.875,0.0,0.35587114095687866,0.3093888461589813,0.00011390625000000003,0.23945371806621552,0.11628957837820053,1.7712163925170898,0.375,0.6940517425537109,-0.6165452003479004,0.42175814509391785,0.0492622883990407,1.375,0.16993999481201172,6.4594992876052855,0.08171075582504272,2.9353978633880615,0.7022056579589844,0.41486701369285583,0.38970255851745605,15.214065282940865,0.5953004360198975,0.3407663106918335,1480,465.46,0.6569936275482178,0.09978576749563217,-0.022329960018396378,-0.009260696770070354,0.8059315085411072,-0.012174319475889206,0.31491518020629883,1784480795.336545,2.1613779067993164,1250.283070729,0.6666667461395264,,11.761907577514648,39698
7.125,0.0,0.4000391662120819,0.3093263506889343,0.00011390625000000003,0.27499014139175415,0.1113554835319519,1.9341230392456055,0.5,0.7182811498641968,-0.6189563274383545,0.4090813100337982,0.04742458779364824,1.5416667461395264,0.211770698428154,6.4562102317810055,0.09184567630290985,3.0639376640319824,0.689954400062561,0.40429115295410156,0.39014387130737305,14.095579233467578,0.6014581918716431,0.33346837759017944,1481,448.82,0.6570661067962646,0.09220157563686371,-0.016907712444663048,-0.008996641439807718,0.8766505718231201,-0.013437926769256592,0.3008432388305664,1784480797.9838266,2.248364210128784,1252.746948621,0.6666667461395264,,12.304058074951172,38562
7.958333492279053,0.0416666679084301,0.38843902945518494,0.30934908986091614,0.00011390625000000003,0.2536669373512268,0.11409346759319305,1.8347843885421753,0.3333333432674408,0.6888999342918396,-0.6257561445236206,0.4248630404472351,0.046044062450528146,1.4583333730697632,0.19373154640197754,6.451744079589844,0.08602829277515411,2.8998775482177734,0.7102063894271851,0.4150654673576355,0.38910573720932007,15.232107079923153,0.5682628154754639,0.34498509764671326,1482,469.68,0.6581251621246338,0.09572456777095795,-0.01711391843855381,-0.008685399306705222,0.855712890625,-0.011277260258793831,0.2944324016571045,1784480800.4479496,2.0732667446136475,1255.384669016,0.6666667461395264,,11.380210876464844,41518
7.625,0.0416666679084301,0.3827224373817444,0.30923381447792053,0.00011390625000000003,0.2614542841911316,0.11243953555822372,1.6911921501159668,0.4166666865348816,0.7326323390007019,-0.6198652386665344,0.41638314723968506,0.03867614790797234,0.9583333730697632,0.19265863299369812,6.448984217643738,0.09101800620555878,2.9945030212402344,0.6982352137565613,0.40910542011260986,0.39158520102500916,13.978456359282136,0.6286939382553101,0.33767980337142944,1483,442.16,0.657978892326355,0.09419910609722137,-0.020224083214998245,-0.008562384771357756,0.8765976428985596,-0.012464096769690514,0.3127892017364502,1784480803.096904,2.227842092514038,1257.847670468,0.6666667461395264,,11.543814659118652,38692
7.208333492279053,0.0,0.39093002676963806,0.3092011511325836,7.593750000000004e-05,0.23029093444347382,0.11272238194942474,1.715214490890503,0.2083333432674408,0.6906418204307556,-0.6247278451919556,0.4215371012687683,0.04701720345765352,1.2083333730697632,0.15121212601661682,6.432071661949157,0.07809439301490784,2.9364891052246094,0.7061805725097656,0.4100610911846161,0.39082297682762146,13.999398239254951,0.5786600112915039,0.3437645435333252,1484,443.98,0.6586605310440063,0.09398603439331055,-0.023572487756609917,-0.007300112978555262,0.8291451930999756,-0.011291871778666973,0.29622960090637207,1784480805.5536456,2.057558536529541,1260.458700402,0.6666667461395264,,12.009448051452637,41764
8.083333969116211,0.0,0.36805328726768494,0.30921444296836853,7.593750000000002e-05,0.22669899463653564,0.11325252056121826,1.7602986097335815,0.2916666865348816,0.6670272350311279,-0.6068164110183716,0.4205692708492279,0.045385833643376824,1.4166667461395264,0.16413046419620514,6.432505178451538,0.07835621386766434,2.7391109466552734,0.6996614336967468,0.4130764901638031,0.39463305473327637,14.034838770926,0.5724542140960693,0.340437114238739,1485,437.49,0.6570125222206116,0.09570322930812836,-0.017873648554086685,-0.007407893874915317,0.7839521765708923,-0.01041392982006073,0.3057842254638672,1784480808.1759448,2.20308256149292,1263.080384838,0.6666667461395264,,11.103182792663574,39182
7.208333492279053,0.0,0.33670228719711304,0.30932363867759705,7.593750000000002e-05,0.24658732116222382,0.11369141191244125,1.7547283172607422,0.4166666865348816,0.6728419661521912,-0.621187150478363,0.42062944173812866,0.04052837621420622,1.3333333730697632,0.18043836951255798,6.43378849029541,0.08453740924596786,2.9839725494384766,0.6992096900939941,0.4125744700431824,0.3978739380836487,13.829256618618965,0.5509483814239502,0.3388136327266693,1486,429.5,0.6563988327980042,0.09530355781316757,-0.018930120393633842,-0.008125955768628046,0.8234376311302185,-0.012237561866641045,0.32900547981262207,1784480810.793392,2.1776485443115234,1265.625166496,0.6666667461395264,,11.48933219909668,39217
8.208333969116211,0.0,0.37955066561698914,0.30945053696632385,7.593750000000002e-05,0.23109136521816254,0.11871634423732758,1.5936851501464844,0.5,0.6128098368644714,-0.6267890930175781,0.43416962027549744,0.04137469436973333,1.0416667461395264,0.17148229479789734,6.448622870445251,0.07896452397108078,2.6554298400878906,0.7190741896629333,0.42776936292648315,0.3966987729072571,14.430137936919927,0.5259220004081726,0.35004371404647827,1487,441.61,0.6576858162879944,0.10224810242652893,-0.021120553836226463,-0.008463526202831417,0.7680890560150146,-0.012102930806577206,0.28577756881713867,1784480813.3305287,2.150696277618408,1268.191354475,0.6666667461395264,,10.686594009399414,40346
8.5,0.0,0.3729209899902344,0.3093282878398895,7.593750000000002e-05,0.2617845833301544,0.11507539451122284,1.8293060064315796,0.5833333730697632,0.737641453742981,-0.6252143979072571,0.4274180829524994,0.04364686906337738,1.25,0.1946515142917633,6.446433472633362,0.08590832352638245,3.0830438137054443,0.7096762657165527,0.4168816804885864,0.39568138122558594,14.850291926860809,0.6042424440383911,0.3459492325782776,1488,463.7,0.6587165594100952,0.09764121472835541,-0.02059507556259632,-0.007107605530472938,0.8644925951957703,-0.011735698208212852,0.30887889862060547,1784480815.9102762,2.1548373699188232,1270.848932817,0.6666667461395264,,11.662604331970215,39900
7.0416669845581055,0.0,0.4005383849143982,0.30920737981796265,0.00011390625000000003,0.21705083549022675,0.11620604246854782,1.6874396800994873,0.2083333432674408,0.6543185710906982,-0.6356435418128967,0.4300163686275482,0.036353505402803424,1.1666667461395264,0.14527548849582672,6.433829808235169,0.07468841969966888,2.9000697135925293,0.723798930644989,0.4226096570491791,0.3973775804042816,14.676548525840044,0.5323188900947571,0.3531458377838135,1489,459.62,0.6583779454231262,0.09501253813505173,-0.02094058319926262,-0.00755533411502256,0.7751519083976746,-0.0110755804926157,0.30681371688842773,1784480818.5564787,2.2353241443634033,1273.326122999,0.6666667461395264,,11.334872245788574,38669
7.708333492279053,0.0416666679084301,0.34655842185020447,0.30934205651283264,0.00011390625000000006,0.23679879307746887,0.1146259531378746,1.6270192861557007,0.2916666865348816,0.7087913751602173,-0.6269447803497314,0.4251095652580261,0.04503741748631,1.0416667461395264,0.15697786211967468,6.436082196235657,0.07810229063034058,2.925802707672119,0.7104133367538452,0.41832563281059265,0.399453341960907,14.624178596958519,0.5801928043365479,0.3459406793117523,1490,455.2,0.6591419577598572,0.09547728300094604,-0.02121947705745697,-0.007100430654827505,0.8469811677932739,-0.011807484552264214,0.2958230972290039,1784480821.0358682,2.074864149093628,1275.959759907,0.6666667461395264,,11.837158203125,41466
7.1666669845581055,0.0,0.42345237731933594,0.3093903064727783,7.593750000000004e-05,0.21498078107833862,0.11970613896846771,1.620728850364685,0.0833333358168602,0.7015604972839355,-0.6471571326255798,0.43845924735069275,0.03787330742925406,1.0416667461395264,0.13577142357826233,6.446518111228943,0.07455660402774811,2.8737332820892334,0.7376030683517456,0.43306049704551697,0.4026363790035248,15.166875912249088,0.5881425738334656,0.36033207178115845,1491,465.38,0.6581554412841797,0.1033274382352829,-0.019834883511066437,-0.009692585899028928,0.8009928464889526,-0.011567957699298859,0.3073735237121582,1784480823.6757739,2.2197017669677734,1278.414059903,0.6666667461395264,,11.677592277526855,38900
7.25,0.0,0.4329223334789276,0.30924370884895325,0.00011390625000000003,0.211212158203125,0.11871447414159775,1.5953657627105713,0.3333333432674408,0.693602442741394,-0.6374567747116089,0.4328354299068451,0.03838352859020233,0.875,0.1534072458744049,6.441402411460876,0.07435175776481628,2.8352832794189453,0.722747802734375,0.42495548725128174,0.4047248065471649,14.498871043771505,0.592288076877594,0.35218724608421326,1492,461.35,0.6584901809692383,0.09254217147827148,-0.023275062441825867,-0.00835028003930347,0.7536588907241821,-0.011486935429275036,0.29412174224853516,1784480826.1258266,2.0483455657958984,1281.071993295,0.6666667461395264,,11.591617584228516,41966
7.0,0.0416666679084301,0.37939023971557617,0.3091920018196106,7.593750000000004e-05,0.2786273956298828,0.11117260158061981,1.955253005027771,0.5,0.7564303278923035,-0.6037391424179077,0.40692204236984253,0.04697391614317894,1.375,0.20205245912075043,6.430290865898132,0.09203298389911652,3.1998438835144043,0.6803556680679321,0.40159791707992554,0.4056781232357025,13.90675678499043,0.6305275559425354,0.3298686146736145,1493,437.8,0.6595520973205566,0.09220188111066818,-0.01578672043979168,-0.007968602498294786,0.9145464897155762,-0.011697804555296898,0.31766772270202637,1784480828.7849257,2.229844808578491,1283.536473106,0.6666667461395264,,12.163909912109375,38588
7.2916669845581055,0.0416666679084301,0.4118931293487549,0.3091980516910553,7.593750000000002e-05,0.2342158406972885,0.11705674976110458,1.679080843925476,0.3333333432674408,0.6529344320297241,-0.6237513422966003,0.4250272214412689,0.04271761495620012,1.2083333730697632,0.16985231637954712,6.428928780555725,0.08015845715999603,2.7633368968963623,0.7076134085655212,0.41831064224243164,0.4062594771385193,14.412986766546965,0.564947247505188,0.3452974259853363,1494,448.5,0.6589819192886353,0.09880782663822174,-0.023370882496237755,-0.008672067974111996,0.7917478084564209,-0.012209977954626083,0.2898099422454834,1784480831.2342966,2.0626344680786133,1285.940263949,0.6666667461395264,,10.925924301147461,41788
7.833333492279053,0.0,0.3918382525444031,0.3091241121292114,0.00011390625000000003,0.23890821635723114,0.11506396532058716,1.752089262008667,0.3333333432674408,0.667060375213623,-0.6258267760276794,0.4272221326828003,0.042919811047613624,1.2916667461395264,0.17333635687828064,6.425147652626038,0.08152550458908081,2.817173957824707,0.7113721370697021,0.4158676564693451,0.4060235023498535,14.661124444678427,0.5851868391036987,0.3473796844482422,1495,454.95,0.6591806411743164,0.09784044325351715,-0.01800590381026268,-0.007981423166347668,0.7828010320663452,-0.012218832969665527,0.2850964069366455,1784480833.6449444,2.0257644653320312,1288.526735863,0.6666667461395264,,10.975454330444336,42539
7.4166669845581055,0.0,0.368959903717041,0.3092023432254791,7.593750000000002e-05,0.250675767660141,0.1144556850194931,1.8418965339660645,0.3333333432674408,0.7761968374252319,-0.618376612663269,0.4233540892601013,0.045647738873958586,1.4166667461395264,0.18219205737113953,6.424352025985717,0.08445927500724792,3.133100986480713,0.70069420337677,0.41353878378868103,0.40686333179473877,14.157350827604532,0.6464940905570984,0.34277188777923584,1496,443.89,0.6586708426475525,0.10032930970191956,-0.020071078091859818,-0.008439703244948759,0.8753846883773804,-0.011953888460993767,0.30434465408325195,1784480836.2340024,2.181166410446167,1291.016235332,0.6666667461395264,,12.590899467468262,39550
7.5,0.0,0.3554868698120117,0.3091690242290497,0.00011390625000000003,0.2512022852897644,0.11345648765563965,1.8867387771606445,0.3333333432674408,0.7409404516220093,-0.617725133895874,0.42090529203414917,0.040371380560100076,1.3333333730697632,0.18586531281471252,6.42794623374939,0.08198581635951996,3.0275447368621826,0.7007989287376404,0.4120461344718933,0.4085511863231659,14.208684071302415,0.6199619770050049,0.34176966547966003,1497,444.66,0.6576009392738342,0.09548337757587433,-0.020529218018054962,-0.007668927952181548,0.8587628602981567,-0.011227276176214218,0.2983400821685791,1784480838.7201114,2.0876388549804688,1294.270199034,0.6666667461395264,,11.936470031738281,41200
7.1666669845581055,0.0,0.4014088809490204,0.3091357946395874,5.0625000000000024e-05,0.22582995891571045,0.1164863109588623,1.7030595541000366,0.3333333432674408,0.6316239237785339,-0.6279106736183167,0.4269428849220276,0.04334225989878178,1.25,0.15637503564357758,6.42333071231842,0.07509397715330124,2.6537203788757324,0.7143130302429199,0.4204530417919159,0.41002020239830017,14.338501119464636,0.5193252563476562,0.3482602834701538,1498,445.07,0.6565181016921997,0.09729419648647308,-0.015385176986455917,-0.0070457712979987265,0.7778441309928894,-0.011585162952542305,0.32596492767333984,1784480842.0609329,2.827349901199341,1296.879373068,0.6666667461395264,"{'_type': 'video-file', 'sha256': 'e807fcf8a507efab3b7510317e6188cd0f47cf159743acfb6f447b8560a28fd8', 'path': 'media/videos/video_1498_e807fcf8a507efab3b75.mp4', 'size': 1675495.0}",10.809024810791016,31174
6.9166669845581055,0.0,0.36885595321655273,0.30911877751350403,0.00011390625000000005,0.22710204124450684,0.1191653311252594,1.5129125118255615,0.4166666865348816,0.6655312180519104,-0.6329602599143982,0.4365571141242981,0.04518673177808523,1.25,0.15445859730243683,6.416808271408081,0.08115829527378082,2.7411856651306152,0.7209335565567017,0.4280048608779907,0.41016602516174316,15.165962808132171,0.5911433100700378,0.3526324927806854,1499,466.15,0.6555073261260986,0.09972226619720459,-0.017881108447909355,-0.008748668954285676,0.765584409236908,-0.012180211953818798,0.2915618419647217,1784480844.5810397,2.141693115234375,1299.382616657,0.6666666865348816,,11.002771377563477,40400
8.0,0.0,0.3933121860027313,0.30909231305122375,0.00011390625000000006,0.2426217645406723,0.11763365566730499,1.6812471151351929,0.5,0.7012211680412292,-0.618505597114563,0.4308842420578003,0.03997137825936079,1.375,0.17513003945350647,6.4162636518478395,0.08113884180784225,2.892177104949951,0.7104263305664062,0.4226071238517761,0.41167110204696655,15.223027435094117,0.6091666221618652,0.34836751222610474,1500,469.62,0.65516597032547,0.09884822368621826,-0.018199115991592407,-0.007660236264928244,0.8240150213241577,-0.011439995840191841,0.2907075881958008,1784480847.0911345,2.1155717372894287,1301.951379491,0.6666667461395264,,12.024145126342773,40853
8.125,0.0,0.3961024880409241,0.3090969920158386,7.593750000000004e-05,0.23517857491970062,0.11968223750591278,1.642659068107605,0.5,0.6574229598045349,-0.6287358999252319,0.43655699491500854,0.046331305801868436,1.0833333730697632,0.16195672750473022,6.414797854423523,0.080850750207901,2.700275421142578,0.7213587164878845,0.43032917380332947,0.4108860492706299,15.44586626470089,0.5671922564506531,0.35373449325561523,1501,470.51,0.6586881875991821,0.0990125983953476,-0.018792441114783287,-0.008421287529927213,0.796576976776123,-0.011618407443165779,0.28708744049072266,1784480849.65475,2.0447263717651367,1304.59833428,0.6666667461395264,,11.151068687438965,42157
7.1666669845581055,0.0,0.3808448910713196,0.3089081645011902,7.593750000000002e-05,0.28042346239089966,0.11004661023616791,1.9280898571014404,0.4166666865348816,0.7839629650115967,-0.589327871799469,0.4063670039176941,0.04096667151898146,1.8333333730697632,0.2150658816099167,6.4068503141403195,0.09500080347061157,3.1703524589538574,0.668268620967865,0.3965011239051819,0.4123251438140869,13.818914411962032,0.6638328433036804,0.32694101333618164,1502,430.49,0.6586681604385376,0.09508305788040161,-0.019082430750131607,-0.0075561128789559005,0.8666958808898926,-0.012439008802175522,0.316256046295166,1784480852.3159213,2.230835199356079,1307.150976397,0.6666667461395264,,12.03388786315918,38594
8.583333969116211,0.0416666679084301,0.37077492475509644,0.30884456634521484,7.593750000000002e-05,0.23044559359550476,0.11523167788982391,1.6573841571807861,0.2916666865348816,0.6932534575462341,-0.6267645359039307,0.42449328303337097,0.051084743440151216,1.1666667461395264,0.15980598330497742,6.388383889198304,0.07880349457263947,2.878760814666748,0.7095788717269897,0.4160577058792114,0.4125683307647705,15.059085131287574,0.5865033864974976,0.34827929735183716,1503,475.65,0.6577205657958984,0.09418526291847229,-0.016630657017230988,-0.006585894866657327,0.8127455115318298,-0.011469158343970776,0.3068349361419678,1784480854.879299,2.12719988822937,1309.830172291,0.6666667461395264,,11.695718765258789,40387
7.25,0.0,0.3973475396633148,0.308724969625473,0.00011390625000000003,0.2603277862071991,0.11129751056432724,1.8914504051208496,0.6666666865348816,0.8228772878646851,-0.6125791668891907,0.41755449771881104,0.03977429699152708,1.75,0.18148910999298096,6.384977102279663,0.08812638372182846,3.203097343444824,0.6912456750869751,0.4059447944164276,0.412065714597702,14.867666606009006,0.6992300748825073,0.3388126790523529,1504,461.92,0.6576289534568787,0.0960913747549057,-0.01731177791953087,-0.007197585672838613,0.9077526926994324,-0.012883996590971947,0.3154122829437256,1784480857.5475454,2.2353832721710205,1312.269405837,0.6666667461395264,,12.560580253601074,38538
7.125,0.0,0.375326007604599,0.30867496132850647,5.0625000000000024e-05,0.2523110508918762,0.10933244228363037,1.783913493156433,0.5,0.6898550987243652,-0.5947303771972656,0.4049379527568817,0.04048559237271547,1.3333333730697632,0.18672995269298553,6.374729442596435,0.08479069173336029,3.026648998260498,0.6726850271224976,0.3952154517173767,0.4095968008041382,14.220511595830322,0.5518712997436523,0.3290107846260071,1505,443.01,0.6584056615829468,0.09069400280714035,-0.02329479157924652,-0.006705246213823557,0.8265093564987183,-0.012377534061670303,0.28605008125305176,1784480859.9741452,2.036425828933716,1314.850552862,0.6666667461395264,,11.464269638061523,42327
7.125,0.0,0.39715632796287537,0.3086194396018982,0.00011390625000000005,0.2199188470840454,0.11433800309896469,1.7622742652893066,0.4166666865348816,0.6452670097351074,-0.6124393939971924,0.4214898347854614,0.043089686147868636,0.9166666865348816,0.15203812718391418,6.3716733932495115,0.0777796059846878,2.705892324447632,0.7001596689224243,0.41432446241378784,0.40861964225769043,14.950246433019638,0.5431931018829346,0.34304869174957275,1506,464.66,0.6582598090171814,0.09285694360733032,-0.02286386489868164,-0.00834787447238341,0.7870440483093262,-0.009848495945334435,0.3071744441986084,1784480862.5687003,2.1722545623779297,1317.41271111,0.6666667461395264,,10.621711730957031,39647
7.5416669845581055,0.0416666679084301,0.3358277678489685,0.3085345923900604,0.00011390625000000003,0.25069159269332886,0.1136714369058609,1.7600688934326172,0.4583333432674408,0.6839439868927002,-0.6154234409332275,0.42174023389816284,0.0420153109356761,1.375,0.18239930272102356,6.3633301734924315,0.0836065411567688,2.890641689300537,0.6955015063285828,0.409349650144577,0.4087458550930023,14.103129412904382,0.5477093458175659,0.3415355086326599,1507,439.43,0.6583335399627686,0.09234794974327087,-0.023963790386915207,-0.008173657741281204,0.8596941828727722,-0.010844900272786617,0.29026055335998535,1784480865.1208415,2.154226779937744,1320.048273378,0.6666667461395264,,11.212438583374023,40214
8.666666984558105,0.0,0.3590817451477051,0.3084782063961029,0.00011390625000000003,0.2172337770462036,0.11685870587825775,1.6250932216644287,0.125,0.6464431285858154,-0.6154317259788513,0.43091756105422974,0.04121946524828672,1.4583333730697632,0.14618518948554993,6.356042838096618,0.07726674526929855,2.71360182762146,0.7069286704063416,0.423164427280426,0.4096163213253021,14.749305182360112,0.554643988609314,0.34536489844322205,1508,449.14,0.6585623025894165,0.09944581985473633,-0.014382774010300636,-0.008023577131098136,0.7803876399993896,-0.010703975334763527,0.3239328861236572,1784480867.7676413,2.206373929977417,1322.573761098,0.6666667461395264,,10.809326171875,38850
8.666666984558105,0.0,0.4003889560699463,0.3085770905017853,7.593750000000002e-05,0.2232789844274521,0.1155472993850708,1.5361837148666382,0.5,0.6287117004394531,-0.6192922592163086,0.4258047938346863,0.036621368303894994,1.0833333730697632,0.1588154137134552,6.35899772644043,0.07727101445198059,2.7300872802734375,0.7076674699783325,0.4150959849357605,0.4097679555416107,14.780552027523518,0.4999299943447113,0.3477131724357605,1509,462.25,0.6591809988021851,0.09179912507534027,-0.02070184424519539,-0.008331027733947848,0.7802519798278809,-0.009502035565674305,0.29284238815307617,1784480870.2822323,2.1171133518218994,1325.137138966,0.6666667461395264,,11.06268310546875,40790
7.0,0.0,0.3751268982887268,0.30865803360939026,0.00011390625000000003,0.225867360830307,0.11639326065778732,1.7563108205795288,0.0833333358168602,0.6800963878631592,-0.6253693699836731,0.4306657910346985,0.039783903025090696,1.1666667461395264,0.14706046879291534,6.3681741714477536,0.0745118111371994,3.0240821838378906,0.7092666625976562,0.42260560393333435,0.4114978313446045,14.589633735120296,0.5485825538635254,0.3483375906944275,1510,455.06,0.6579393744468689,0.09706634283065796,-0.01810668781399727,-0.0069209903085720725,0.8201701045036316,-0.011218847706913948,0.3187885284423828,1784480872.858875,2.1408193111419678,1327.673165113,0.6666667461395264,,12.201502799987793,39967
7.333333492279053,0.0,0.39295706152915955,0.30851930379867554,0.00017085937500000006,0.24863092601299286,0.11782117933034897,1.7333120107650757,0.4583333432674408,0.7207993268966675,-0.6275016069412231,0.4344159960746765,0.03605805989354849,1.125,0.17792710661888123,6.364358711242676,0.08380307257175446,2.940056562423706,0.7180495262145996,0.4241476058959961,0.41552120447158813,14.971521466076375,0.6124480962753296,0.35226839780807495,1511,468.19,0.6557371020317078,0.09417837113142014,-0.028764814138412476,-0.008230068799457512,0.8264908194541931,-0.011338948272168636,0.2848668098449707,1784480875.381449,2.13214373588562,1330.244594464,0.6666667461395264,,11.945727348327637,40671
7.4166669845581055,0.0416666679084301,0.3782901465892792,0.3083021938800812,0.00011390625000000006,0.23341697454452515,0.11672252416610718,1.7423503398895264,0.25,0.6752195358276367,-0.6189512610435486,0.426306813955307,0.04275951348245144,1.25,0.16743187606334686,6.347395753860473,0.07572976499795914,2.924589157104492,0.7085460424423218,0.4175804555416107,0.4142478108406067,14.487535260617733,0.5469211935997009,0.3454810082912445,1512,447.62,0.6565648317337036,0.09369998425245285,-0.02120424620807171,-0.007937578140990808,0.8118695616722107,-0.01068825088441372,0.3267970085144043,1784480877.961444,2.1403703689575195,1332.794811776,0.6666667461395264,,11.532163619995117,39844
7.25,0.0,0.3786401152610779,0.30816560983657837,7.593750000000004e-05,0.23586270213127136,0.1119202971458435,1.6823139190673828,0.2083333432674408,0.7058355212211609,-0.6111869812011719,0.41281089186668396,0.036846433952450755,1.3333333730697632,0.16252581775188446,6.328320860862732,0.08021518588066101,2.912874937057495,0.6907380819320679,0.4065200686454773,0.41730666160583496,14.063598512336611,0.5980490446090698,0.3368086814880371,1513,432.7,0.6552242636680603,0.08966296911239624,-0.018522944301366806,-0.008593725215177983,0.8184434771537781,-0.011471709236502647,0.3043520450592041,1784480880.5060985,2.130063056945801,1335.366796533,0.6666667461395264,,11.209152221679688,40380
7.625,0.0,0.3817375898361206,0.3081101179122925,0.00011390625000000003,0.22039107978343964,0.11546109616756439,1.6467550992965698,0.1666666716337204,0.6319930553436279,-0.6229775547981262,0.4272201657295227,0.04197394624352455,1.2083333730697632,0.14600355923175812,6.323093700408935,0.07380208373069763,2.7833900451660156,0.7115905284881592,0.41739338636398315,0.4169759750366211,14.239820392876863,0.5307899117469788,0.346511572599411,1514,444.2,0.6559164524078369,0.09625612944364548,-0.02165379375219345,-0.007612938818056136,0.7567188739776611,-0.010985346511006355,0.32245445251464844,1784480883.0923054,2.1399171352386475,1338.051097701,0.6666667461395264,,11.502635955810547,39922
7.833333492279053,0.0416666679084301,0.3613729178905487,0.30807748436927795,7.593750000000002e-05,0.22333228588104248,0.11915542930364609,1.812774658203125,0.3333333432674408,0.666286051273346,-0.6292568445205688,0.4330497682094574,0.0413276307284832,1.2083333730697632,0.15789657831192017,6.317898273468018,0.07473593205213547,2.8070008754730225,0.7173854112625122,0.4259684681892395,0.41790521144866943,15.13379168510437,0.58753502368927,0.35279524326324463,1515,463.11,0.6551077365875244,0.10026409476995468,-0.02236943505704403,-0.007671688939444721,0.7658290863037109,-0.011207873933017254,0.30744314193725586,1784480885.759314,2.2485225200653076,1340.548571533,0.6666667461395264,,11.123324394226074,38460
8.5,0.0,0.38239455223083496,0.30807411670684814,7.593750000000002e-05,0.2279675304889679,0.11308997869491577,1.5230268239974976,0.4583333432674408,0.6561581492424011,-0.6065478324890137,0.41143399477005005,0.0384259294718504,1.4166667461395264,0.16264627873897552,6.3157203674316404,0.07753482460975647,2.709746837615967,0.6876558661460876,0.4060952663421631,0.4184924066066742,14.098746247291565,0.5515985488891602,0.3353170156478882,1516,439.21,0.6553944945335388,0.0903618335723877,-0.020678427070379257,-0.008702579082455485,0.8252434730529785,-0.01092684455215931,0.2868521213531494,1784480888.2579596,2.1043965816497803,1343.203547817,0.6666667461395264,,10.986193656921387,41109
7.25,0.0,0.37797340750694275,0.3081277012825012,0.00011390625000000003,0.21047429740428925,0.11722949147224426,1.6557306051254272,0.1666666716337204,0.6475211381912231,-0.620948076248169,0.42854785919189453,0.039431669004261496,1.0833333730697632,0.14343130588531494,6.317146635055542,0.07161303609609604,2.7941250801086426,0.7126495838165283,0.4218377470970154,0.42083901166915894,14.706001880094409,0.5296356081962585,0.34869128465652466,1517,451.54,0.654782235622406,0.09648275375366211,-0.018943212926387787,-0.008278276170312893,0.7901320457458496,-0.009449988603591919,0.30329227447509766,1784480890.9186134,2.2445826530456543,1345.664991372,0.6666667461395264,,10.718230247497559,38582
7.25,0.0,0.4133651852607727,0.30800777673721313,0.00011390625000000006,0.19506940245628357,0.12071603536605835,1.4865831136703491,0.25,0.6099741458892822,-0.6382436752319336,0.4413057267665863,0.04208458624780178,0.9583333730697632,0.12872326374053955,6.316657495498657,0.06682543456554413,2.6240696907043457,0.7329315543174744,0.43631941080093384,0.42212241888046265,14.981239703595639,0.5138925313949585,0.35688087344169617,1518,464.36,0.655356228351593,0.09723921865224838,-0.021723922342061996,-0.008160151133779436,0.7190312743186951,-0.010785922408103943,0.3002314567565918,1784480893.3746018,2.0525569915771484,1348.910848294,0.6666667461395264,,10.912809371948242,41781
6.833333492279053,0.0416666679084301,0.4262735843658447,0.3077695667743683,0.00011390625000000006,0.233333557844162,0.11741765588521957,1.8020652532577515,0.25,0.6965934634208679,-0.6240053176879883,0.4295179843902588,0.04076377507299185,1.125,0.16344431042671204,6.29601411819458,0.0787540078163147,2.8730340003967285,0.7137872576713562,0.4220101237297058,0.42276060581207275,14.426576047688723,0.6022809743881226,0.3505096435546875,1519,447.5,0.653618574142456,0.09488215297460556,-0.029532406479120255,-0.009418365119199735,0.8218722343444824,-0.010092504322528839,0.3032670021057129,1784480896.699213,2.837567090988159,1351.426846468,0.6666667461395264,"{'sha256': '63734c5a7d31c0efb7717ca94f09090688cd01d314f6bd820f522d6920068d45', 'path': 'media/videos/video_1519_63734c5a7d31c0efb771.mp4', 'size': 1716932.0, '_type': 'video-file'}",11.440020561218262,31298
6.9166669845581055,0.0833333358168602,0.35298141837120056,0.30775898694992065,7.593750000000004e-05,0.2410418838262558,0.115415558218956,1.7904319763183594,0.3333333432674408,0.6905789375305176,-0.6200696229934692,0.42312949895858765,0.04174141753464937,1.125,0.16981106996536255,6.291650867462158,0.0815897062420845,3.073986053466797,0.7059621810913086,0.41501474380493164,0.42254477739334106,14.927501844726503,0.5555164217948914,0.34402284026145935,1520,461.96,0.6530816555023193,0.09538374841213226,-0.019612133502960205,-0.008970822545234115,0.8324432373046875,-0.01054331287741661,0.2892568111419678,1784480899.1354446,2.052278757095337,1354.064569759,0.6666667461395264,,12.102213859558105,41982
8.333333969116211,0.0,0.3604542911052704,0.3076491355895996,7.593750000000002e-05,0.2340419739484787,0.11442969739437103,1.7905731201171875,0.2083333432674408,0.7148046493530273,-0.6199313402175903,0.42134541273117065,0.038573484495282175,1.625,0.16354462504386902,6.286538767814636,0.07716255635023117,2.9677810668945312,0.7000360488891602,0.4107312858104706,0.4239150881767273,14.265382661372422,0.5960506200790405,0.3406473994255066,1521,444.34,0.652556300163269,0.09386910498142242,-0.021149884909391403,-0.008480257184055517,0.8470304012298584,-0.012072782032191753,0.31391167640686035,1784480901.7741084,2.2191922664642334,1356.501145765,0.6666667461395264,,11.70221996307373,38807
7.958333492279053,0.0,0.39759236574172974,0.307619571685791,0.00011390625000000003,0.22294315695762634,0.11754583567380905,1.722883939743042,0.1666666716337204,0.669808566570282,-0.6341286301612854,0.4295752942562103,0.03758412655442953,1.375,0.16255226731300354,6.28014612197876,0.07784929126501083,2.8421316146850586,0.7191154956817627,0.4182865023612976,0.4279066026210785,14.194635686278342,0.5552921295166016,0.34871459007263184,1522,449.73,0.6517128348350525,0.09335993230342865,-0.02574990503489971,-0.008086419390747324,0.7663146257400513,-0.011032785288989544,0.2885892391204834,1784480904.2122092,2.039140462875366,1359.08247479,0.6666667461395264,,11.102663040161133,42231
7.375,0.0416666679084301,0.34556493163108826,0.3074893653392792,0.00011390625000000003,0.24335579574108124,0.11752639710903168,1.6826438903808594,0.5,0.6957609057426453,-0.6260661482810974,0.433283269405365,0.0388749098405242,1.0833333730697632,0.17317599058151245,6.276919651031494,0.08249081671237946,2.7839887142181396,0.7210618853569031,0.42233335971832275,0.42750129103660583,14.704113679919391,0.6031864881515503,0.3520749509334564,1523,456.14,0.6504570841789246,0.0916796624660492,-0.017889168113470078,-0.008300075051374733,0.8181953430175781,-0.009715396910905838,0.3113691806793213,1784480906.8054383,2.163576364517212,1361.609870111,0.6666667461395264,,10.803380966186523,39719
8.041666984558105,0.0416666679084301,0.3764423727989197,0.3072041869163513,0.00011390625000000006,0.25030383467674255,0.11259293556213379,1.7700088024139404,0.2916666865348816,0.6762115955352783,-0.6156490445137024,0.4189491271972656,0.03760322239249945,1.125,0.1859300583600998,6.2526630640029905,0.08365710079669952,2.857421398162842,0.7003258466720581,0.4078472852706909,0.42596960067749023,15.071429805755615,0.5593235492706299,0.3412296772003174,1524,469.42,0.6500250101089478,0.0945332795381546,-0.016292087733745575,-0.008262423546693754,0.8176969885826111,-0.010656624101102352,0.2979269027709961,1784480909.3305697,2.105686902999878,1364.29713083,0.6666667461395264,,10.909422874450684,40898
7.708333492279053,0.0,0.328029066324234,0.30694544315338135,0.00011390625000000006,0.21598467230796814,0.11876124143600464,1.5905961990356445,0.4583333432674408,0.6082322001457214,-0.6334881782531738,0.43621885776519775,0.034119718335568906,0.75,0.15655222535133362,6.2262866497039795,0.07104586064815521,2.6198654174804688,0.7256345748901367,0.42755746841430664,0.4234156310558319,15.04857651501894,0.5343942046165466,0.352053701877594,1525,462.53,0.6502158045768738,0.09730955213308334,-0.020221861079335213,-0.009068324821419083,0.7238452434539795,-0.011410715989768505,0.30420613288879395,1784480912.0091615,2.263024091720581,1366.77252179,0.6666667461395264,,10.219425201416016,38291
7.625,0.0,0.37689894437789917,0.3068857192993164,0.00011390625000000006,0.21701470017433167,0.11586202681064606,1.6461317539215088,0.2916666865348816,0.6953359842300415,-0.6176834106445312,0.4278416037559509,0.04097576010972261,1.0416667461395264,0.1587211787700653,6.208695411682129,0.07769107818603516,2.876016139984131,0.7075767517089844,0.41520828008651733,0.4222263693809509,14.545254986584187,0.5721401572227478,0.34424108266830444,1526,452.23,0.649794340133667,0.09539931267499924,-0.016676107421517372,-0.008365301101002842,0.7935785055160522,-0.010757921263575554,0.308377742767334,1784480914.4760127,2.0587005615234375,1369.286034362,0.6666667461395264,,11.460447311401367,41529
6.958333492279053,0.0,0.4020611047744751,0.30685824155807495,0.00011390625000000006,0.24426433444023132,0.1148422360420227,1.7356656789779663,0.2083333432674408,0.6867243647575378,-0.6071367263793945,0.4200149476528168,0.03907572254538536,1.25,0.17748956382274628,6.212337708473205,0.08194839954376221,2.960695266723633,0.6952006816864014,0.4084014296531677,0.42154979705810547,14.693096382766962,0.571079432964325,0.33713340759277344,1527,455.49,0.6513240337371826,0.09116995334625244,-0.01717275194823742,-0.008384144323645159,0.8014623522758484,-0.012453582137823105,0.3184487819671631,1784480916.9955647,2.0960187911987305,1371.79193992,0.6666667461395264,,11.997454643249512,40714
7.708333492279053,0.0416666679084301,0.38213229179382324,0.30699047446250916,0.00011390625000000006,0.23156897723674774,0.11931802332401276,1.7426866292953491,0.5,0.6555237174034119,-0.6347677707672119,0.4388431906700134,0.03784679584205151,0.875,0.1707008332014084,6.213656306266785,0.07805832475423813,2.7964019775390625,0.7269362211227417,0.4284389913082123,0.41843950748443604,14.414274675548077,0.5218429565429688,0.35342609882354736,1528,454.18,0.6539148092269897,0.09725527465343475,-0.020031079649925232,-0.008436030999291688,0.7745027542114258,-0.011312353424727917,0.2941410541534424,1784480919.5008657,2.10559344291687,1374.422663202,0.6666667461395264,,11.151123046875,40964
8.791666984558105,0.0,0.35860735177993774,0.307081937789917,7.593750000000004e-05,0.21004411578178406,0.12173846364021301,1.558218240737915,0.0833333358168602,0.5967806577682495,-0.6578565835952759,0.450946182012558,0.0409813629463315,0.7916666865348816,0.1405450701713562,6.231059670448303,0.06826858222484589,2.6283459663391113,0.7521631717681885,0.43684113025665283,0.4182226061820984,14.858953188657761,0.5030776262283325,0.36788302659988403,1529,466.99,0.6529313325881958,0.0966421365737915,-0.021890779957175255,-0.008872877780231648,0.7337185740470886,-0.011122534051537514,0.3208768367767334,1784480922.1484706,2.205315589904785,1376.954015158,0.6666667461395264,,10.443403244018555,38913
8.625,0.0,0.3844106197357178,0.3069168031215668,7.593750000000002e-05,0.2139609158039093,0.11721909046173096,1.6597239971160889,0.375,0.6283035278320312,-0.6233545541763306,0.4292250871658325,0.040837190859019754,1.0833333730697632,0.1503954827785492,6.224886131286621,0.07181850075721741,2.718944549560547,0.7153346538543701,0.418569415807724,0.4197874963283539,15.125758327655495,0.529298722743988,0.34901297092437744,1530,469.65,0.6520406007766724,0.09465279430150986,-0.022471508011221886,-0.008021520418697036,0.7503174543380737,-0.011174134910106659,0.2969093322753906,1784480924.6576812,2.1066224575042725,1379.484236444,0.6666667461395264,,10.77967357635498,40899
7.0416669845581055,0.0,0.3911213278770447,0.30662089586257935,0.00011390625000000003,0.23990368843078613,0.11875879764556885,1.8088315725326538,0.2083333432674408,0.6839922666549683,-0.6289768815040588,0.43452638387680054,0.03956202752888203,1.2083333730697632,0.16226431727409363,6.20289306640625,0.07914002239704132,2.933750867843628,0.7191497087478638,0.4221329689025879,0.42315882444381714,14.312257843129338,0.5607184767723083,0.34927940368652344,1531,443.34,0.6499147415161133,0.10128435492515564,-0.022929053753614426,-0.008977753482759,0.8263152837753296,-0.012885134667158127,0.3274252414703369,1784480927.1943367,2.1006312370300293,1382.052112356,0.6666667461395264,,11.55657958984375,40486
7.625,0.0,0.35803651809692383,0.3065008521080017,7.593750000000004e-05,0.21586164832115173,0.12181441485881805,1.697009801864624,0.2916666865348816,0.6587426066398621,-0.6389094591140747,0.44903796911239624,0.04020074773579836,0.9166666865348816,0.14231012761592865,6.1803874492645265,0.07279835641384125,2.8487937450408936,0.7350586652755737,0.43390387296676636,0.4237656593322754,15.11141805768013,0.5372939109802246,0.3592122793197632,1532,463.09,0.6496200561523438,0.10480266809463501,-0.022553494200110435,-0.0076600902946665885,0.7922345995903015,-0.010197767987847328,0.2984123229980469,1784480929.760492,2.1636624336242676,1384.616665394,0.6666667461395264,,11.413124084472656,39927
6.9166669845581055,0.0416666679084301,0.3758012652397156,0.3064105808734894,7.593750000000002e-05,0.2165498584508896,0.12200504541397095,1.591570258140564,0.2916666865348816,0.6379939317703247,-0.6454497575759888,0.44790443778038025,0.04027999434620142,0.75,0.14347276091575623,6.171794438362122,0.07312622666358948,2.7098169326782227,0.740776538848877,0.43494081497192383,0.42624279856681824,15.125068472921848,0.5344721674919128,0.3616657257080078,1533,465.61,0.6498962640762329,0.09628584235906601,-0.02508501335978508,-0.006763383236830123,0.7577832937240601,-0.01267241220921278,0.3122551441192627,1784480932.3348947,2.148343563079834,1387.266512044,0.6666667461395264,,11.152728080749512,39951
7.25,0.0,0.3662481904029846,0.30638766288757324,7.593750000000002e-05,0.24732881784439087,0.11375769227743149,1.7987502813339233,0.2083333432674408,0.7055796980857849,-0.6149786710739136,0.4175989627838135,0.040319835767149925,1.25,0.1713503897190094,6.168343448638916,0.08188310265541077,3.007328987121582,0.6967594623565674,0.4064379632472992,0.4286124110221863,14.860854744315148,0.5845495462417603,0.3365616202354431,1534,461.71,0.6487186551094055,0.0912201851606369,-0.023547258228063583,-0.008590434829238802,0.8186435699462891,-0.011396529152989388,0.29721927642822266,1784480934.9685245,2.23484468460083,1389.787342151,0.6666667461395264,,11.998409271240234,38823
8.333333969116211,0.0,0.384674608707428,0.3060591220855713,0.00011390625000000003,0.2198297679424286,0.11798664182424545,1.7882426977157593,0.3333333432674408,0.6494388580322266,-0.6199344396591187,0.4309714734554291,0.037076258659362794,1.2916667461395264,0.15686553716659546,6.151745462417603,0.07314909994602203,2.805756092071533,0.7133345603942871,0.42016157507896423,0.4306707978248596,14.888394701182841,0.5378736257553101,0.34709715843200684,1535,455.14,0.6488441228866577,0.09090447425842285,-0.022866789251565933,-0.0076662198087433355,0.7631189227104187,-0.011923308484256268,0.2995901107788086,1784480937.4896579,2.1254351139068604,1392.26093878,0.6666667461395264,,10.733205795288086,40537
7.5,0.0416666679084301,0.42637237906455994,0.3058352470397949,0.00011390625000000003,0.16812893748283386,0.12526406347751617,1.310114860534668,0.125,0.5135968923568726,-0.649396538734436,0.45422205328941345,0.038473183289170265,0.5,0.10787131637334824,6.116581106185913,0.05839522182941437,2.2769060134887695,0.7506966590881348,0.44302457571029663,0.4299708604812622,15.999759768247605,0.43108534812927246,0.365227073431015,1536,486.04,0.650256872177124,0.09706121683120728,-0.028426317498087883,-0.008998746384168043,0.6474275588989258,-0.010779591277241707,0.296344518661499,1784480939.9696414,2.0791659355163574,1394.745172748,0.6666667461395264,,9.7474365234375,41382
8.208333969116211,0.0,0.39944443106651306,0.3058490455150604,0.00011390625000000003,0.22020477056503296,0.11567314714193344,1.7225797176361084,0.2916666865348816,0.6680389642715454,-0.6165871620178223,0.42646917700767517,0.03614876065403223,1.0833333730697632,0.15024197101593018,6.110303497314453,0.07576033473014832,2.785194158554077,0.7052921652793884,0.41091546416282654,0.43120917677879333,14.71029354006052,0.5580254793167114,0.3444039821624756,1537,455.39,0.6507523655891418,0.09108384698629379,-0.01907164976000786,-0.008090446126880124,0.756560206413269,-0.010711846873164177,0.32353782653808594,1784480942.465989,2.0553038120269775,1397.324436724,0.6666667461395264,,11.07263469696045,41324
7.7916669845581055,0.0,0.3539368510246277,0.3057728707790375,7.593750000000004e-05,0.21925799548625946,0.12207212299108505,1.6349148750305176,0.375,0.6280941367149353,-0.6308697462081909,0.44349759817123413,0.04109048880636692,0.9166666865348816,0.15561914443969727,6.102556967735291,0.07525895535945892,2.6325759887695312,0.7317690849304199,0.42920106649398804,0.4317185878753662,15.040871072411537,0.5591139793395996,0.3551592230796814,1538,458.52,0.6522222757339478,0.09927355498075485,-0.020880235359072685,-0.007192552974447608,0.749138355255127,-0.011212101206183434,0.2964334487915039,1784480945.0286784,2.1622681617736816,1399.845438533,0.6666667461395264,,10.546662330627441,39982
6.458333492279053,0.0,0.35464709997177124,0.30569931864738464,0.00011390625000000003,0.23816733062267303,0.11905810236930847,1.8167495727539062,0.25,0.7203109264373779,-0.6328198909759521,0.43398964405059814,0.04361072108149529,1.1666667461395264,0.1698078215122223,6.090254020690918,0.08200705051422119,2.942842960357666,0.7196172475814819,0.41957128047943115,0.43267902731895447,14.122201048582792,0.6103343367576599,0.3504371643066406,1539,446.92,0.6515353918075562,0.0891086608171463,-0.024362077936530113,-0.008640215576451737,0.8330294489860535,-0.012980706989765167,0.2935631275177002,1784480947.5457537,2.128476619720459,1402.953969934,0.6666667461395264,,11.665773391723633,40587
7.458333492279053,0.0,0.3558717668056488,0.3054443597793579,0.00011390625000000003,0.23766963183879852,0.11450960487127304,1.7842624187469482,0.25,0.6729297041893005,-0.608993411064148,0.4197697341442108,0.0435219319537282,1.25,0.16411206126213074,6.079955053329468,0.07909219712018967,2.9896326065063477,0.6940613985061646,0.4063171148300171,0.4340483546257019,13.583904557228088,0.532370924949646,0.3368072509765625,1540,427.06,0.6528721451759338,0.08903567492961884,-0.018516119569540024,-0.008298398065380751,0.8113449811935425,-0.012333247810602188,0.2991914749145508,1784480950.7391088,2.713526487350464,1405.563534399,0.6666667461395264,"{'path': 'media/videos/video_1540_61a43f8cd50b864eda84.mp4', 'size': 1410881.0, '_type': 'video-file', 'sha256': '61a43f8cd50b864eda8489d962e46ec55e9b5eb85ccf509795e22de085e5b344'}",12.126887321472168,32629
7.458333492279053,0.0,0.35641610622406006,0.3052052855491638,5.0625000000000024e-05,0.2322346419095993,0.11672556400299072,1.6512975692749023,0.375,0.6605979204177856,-0.6242856979370117,0.428905725479126,0.04185256268829107,1.1666667461395264,0.17594102025032043,6.050351572036743,0.08167481422424316,2.802706480026245,0.7110190391540527,0.412018358707428,0.43330296874046326,15.016072621941566,0.5769462585449219,0.3450254797935486,1541,466.19,0.6545416712760925,0.08993204683065414,-0.026846520602703094,-0.006602215985185467,0.7330349683761597,-0.012497488409280777,0.3059821128845215,1784480953.283649,2.130999803543091,1408.299714794,0.6666667461395264,,10.877367973327637,40338
8.25,0.0416666679084301,0.37224793434143066,0.3049471080303192,0.00011390625000000005,0.22814413905143738,0.11968261003494263,1.5174955129623413,0.5,0.6233621835708618,-0.6344538331031799,0.4339037835597992,0.03535233736038208,0.75,0.16335418820381165,6.027568078041076,0.07596015930175781,2.7244606018066406,0.7238044738769531,0.4216957092285156,0.43095216155052185,14.44215233683586,0.51616370677948,0.35130882263183594,1542,454.05,0.6560312509536743,0.09459805488586426,-0.02083299309015274,-0.009078280115500093,0.7574021220207214,-0.011739077977836132,0.30776333808898926,1784480956.0129883,2.3088977336883545,1410.858673867,0.6666667461395264,,10.880067825317383,37568
7.75,0.0833333358168602,0.3650864064693451,0.30501988530158997,0.00017085937500000006,0.24140481650829315,0.12163752317428589,1.6388671398162842,0.2916666865348816,0.6655346155166626,-0.6269098520278931,0.4393976926803589,0.044669068232178685,1.2083333730697632,0.17270247638225555,6.016174054145813,0.07988037168979645,2.721681594848633,0.7219735980033875,0.4246879816055298,0.42568692564964294,14.754669196903706,0.5839786529541016,0.35255980491638184,1543,451.18,0.6579042673110962,0.0958661437034607,-0.02260938100516796,-0.007850831039831974,0.8053562045097351,-0.012964118272066116,0.3251643180847168,1784480958.5663857,2.123389959335327,1413.500021044,0.6666667461395264,,10.54991626739502,40147
8.083333969116211,0.0,0.40008610486984253,0.30483800172805786,0.00011390625000000006,0.25561708211898804,0.11684267967939377,1.8456616401672363,0.25,0.7098400592803955,-0.6134483814239502,0.42415571212768555,0.04095068946480751,1.2083333730697632,0.18780766427516937,6.0167255163192745,0.08396993577480316,2.965454578399658,0.7037469744682312,0.41014739871025085,0.4259183406829834,15.0614599943161,0.6265459060668945,0.3426985442638397,1544,461.6,0.6589821577072144,0.09312399476766586,-0.024134725332260132,-0.008096670161467045,0.8240248560905457,-0.012700880877673626,0.2994565963745117,1784480961.1983244,2.2372684478759766,1415.981814202,0.6666667461395264,,11.606707572937012,38752
7.7916669845581055,0.0,0.3693597912788391,0.3046814501285553,0.00011390625000000006,0.22061395645141602,0.12170563638210297,1.565808653831482,0.2916666865348816,0.6663590669631958,-0.631707489490509,0.4404045045375824,0.04501069448888302,1.0416667461395264,0.14770519733428955,5.994732236862182,0.07381555438041687,2.7601261138916016,0.7284561395645142,0.42636752128601074,0.42662549018859863,14.994330428242684,0.5604451894760132,0.3541337847709656,1545,466.53,0.6600958704948425,0.09443788230419159,-0.02543296478688717,-0.008336275699548423,0.7702100276947021,-0.011355484835803509,0.2912769317626953,1784480963.6887887,2.096644639968872,1418.547674825,0.6666667461395264,,11.424079895019531,41167
7.0416669845581055,0.0,0.4011007249355316,0.3043862581253052,0.00011390625000000006,0.22058063745498657,0.12033390253782272,1.6863296031951904,0.2083333432674408,0.6637533903121948,-0.6272518634796143,0.4366165101528168,0.03728914894163608,0.9166666865348816,0.15030859410762787,5.968818712234497,0.07578666508197784,2.8697280883789062,0.7230784296989441,0.4240868091583252,0.42949867248535156,15.01926378890872,0.5594188570976257,0.35041460394859314,1546,466.09,0.6603385210037231,0.0912739634513855,-0.025495082139968872,-0.009218676842283457,0.7825565338134766,-0.01222928985953331,0.30648183822631836,1784480966.2526572,2.1560349464416504,1420.968767718,0.6666667461395264,,11.344027519226074,39920
7.958333492279053,0.0416666679084301,0.4297497868537903,0.30435964465141296,0.00011390625000000006,0.21447217464447021,0.1209484338760376,1.5962718725204468,0.1666666716337204,0.6306843757629395,-0.6253862380981445,0.4374868869781494,0.03773170579224825,0.9166666865348816,0.14481288194656372,5.957819318771362,0.07126918435096741,2.6033318042755127,0.7214433550834656,0.42496776580810547,0.42997559905052185,15.353424599766731,0.5438134670257568,0.34888195991516113,1547,472.34,0.6615502238273621,0.09698748588562012,-0.02438952587544918,-0.00773603723209817,0.7682026624679565,-0.012049209326505661,0.2850806713104248,1784480968.6738033,2.0331244468688965,1423.538463816,0.6666667461395264,,10.938209533691406,42405
7.458333492279053,0.0,0.3715530335903168,0.30420610308647156,7.593750000000004e-05,0.21934479475021362,0.1221172958612442,1.6485109329223633,0.2083333432674408,0.6289606094360352,-0.6264809370040894,0.43852269649505615,0.04302587918937206,0.8333333730697632,0.152861088514328,5.950554418563843,0.07354549318552017,2.635850429534912,0.7235729098320007,0.42735999822616577,0.4279709458351135,15.07822015196085,0.5350980162620544,0.3511136770248413,1548,458.42,0.6627846360206604,0.09670905768871307,-0.0250825397670269,-0.007863553345669062,0.7585041522979736,-0.011078186333179474,0.3094973564147949,1784480971.255641,2.158493995666504,1426.043032537,0.6666667461395264,,10.754724502563477,39831
8.0,0.0,0.33536577224731445,0.30427736043930054,0.00011390625000000003,0.2526492774486542,0.11609828472137451,1.988146185874939,0.3333333432674408,0.7023637294769287,-0.6071929931640625,0.42185354232788086,0.04499092921614647,1.4166667461395264,0.18807820975780487,5.942431163787842,0.08315485715866089,3.09382963180542,0.6977285146713257,0.4075685143470764,0.43069320917129517,14.47321334823966,0.5787688493728638,0.3398852050304413,1549,448.34,0.6628336906433105,0.0907115563750267,-0.023288017138838768,-0.00854439859976992,0.839586615562439,-0.012273564003407955,0.28647422790527344,1784480973.7486882,2.1015260219573975,1428.613484263,0.6666667461395264,,12.009099960327148,41165
8.625,0.0,0.4326218068599701,0.3043012320995331,7.593750000000002e-05,0.22539222240447998,0.12200143933296204,1.555525779724121,0.25,0.6616486310958862,-0.6261863708496094,0.43755286931991577,0.04415103513747454,1.0833333730697632,0.16149216890335083,5.956418204307556,0.07595828920602798,2.6861696243286133,0.7241169810295105,0.4275255799293518,0.43226808309555054,15.955548486113548,0.5498115420341492,0.35179099440574646,1550,481.83,0.662319540977478,0.0988527163863182,-0.021850934252142906,-0.008557316969381645,0.763147234916687,-0.011242333799600601,0.3142273426055908,1784480976.322752,2.1546051502227783,1431.15760211,0.6666667461395264,,10.884475708007812,39818
8.166666984558105,0.0,0.38758528232574463,0.30405884981155396,0.00011390625000000003,0.2356422394514084,0.11779018491506577,1.720245361328125,0.4583333432674408,0.6835474967956543,-0.6008225679397583,0.42271336913108826,0.03851794004440308,1.5416667461395264,0.17403189837932587,5.946574449539185,0.08113260567188263,2.8659915924072266,0.6947180032730103,0.4103490710258484,0.4309028387069702,14.919685990214347,0.5690638422966003,0.3389452397823334,1551,453.58,0.6652835011482239,0.091178759932518,-0.02365851029753685,-0.008382562297629192,0.78206467628479,-0.011895659379661083,0.2968282699584961,1784480978.863917,2.141577959060669,1433.767077569,0.6666667461395264,,11.370428085327148,40314
6.875,0.0,0.3597584664821625,0.30389145016670227,0.00011390625000000003,0.2223605364561081,0.11997336149215698,1.5641381740570068,0.25,0.6784164905548096,-0.6277389526367188,0.4335498809814453,0.03843047618865967,0.7916666865348816,0.16143837571144104,5.925232625007629,0.07885415852069855,2.732415199279785,0.7213873863220215,0.42211267352104187,0.4311008155345917,15.524041392803191,0.59511399269104,0.34842437505722046,1552,475.44,0.6665676236152649,0.09449371695518494,-0.021827755495905876,-0.009145906585035845,0.7779969573020935,-0.013278166763484478,0.3223590850830078,1784480981.4863367,2.1851346492767334,1436.291931869,0.6666666865348816,,11.118551254272461,39204
7.583333492279053,0.0416666679084301,0.3684934377670288,0.30384963750839233,7.593750000000002e-05,0.22886231541633606,0.12012892216444016,1.5973243713378906,0.2916666865348816,0.6323040723800659,-0.6022776365280151,0.4275989234447479,0.045077715441584586,0.9583333730697632,0.16444259881973267,5.921692299842834,0.08044876903295517,2.60626220703125,0.7018813490867615,0.416663259267807,0.42796820402145386,14.648633242845536,0.5588791370391846,0.340919554233551,1553,440.16,0.6683697700500488,0.09717558324337006,-0.023147456347942352,-0.008673091939999721,0.7535619735717773,-0.011622354388237,0.292421817779541,1784480984.003697,2.1165931224823,1438.861049413,0.6666667461395264,,10.731372833251953,40806
7.083333492279053,0.0833333358168602,0.3935885429382324,0.303649365901947,0.00011390625000000003,0.23455855250358582,0.12061518430709839,1.7484854459762573,0.2916666865348816,0.653808057308197,-0.6086776256561279,0.43095582723617554,0.040531519800424576,1.0833333730697632,0.17307326197624207,5.913189220428467,0.08068057894706726,2.7700133323669434,0.7085658311843872,0.4166495203971863,0.4271804690361023,14.338804164063186,0.5519976019859314,0.34487029910087585,1554,438.31,0.668615460395813,0.09483446925878525,-0.01921975426375866,-0.008277690261093085,0.8057032823562622,-0.011773994192481041,0.3265798091888428,1784480986.5687292,2.1325201988220215,1441.39006582,0.6666667461395264,,10.846308708190918,39975
7.5416669845581055,0.0,0.38924938440322876,0.30358850955963135,7.593750000000002e-05,0.22971364855766296,0.1217058002948761,1.7899316549301147,0.2916666865348816,0.698056161403656,-0.614450991153717,0.4341777265071869,0.045117069594562055,1.375,0.16437150537967682,5.899705386161804,0.0780443549156189,2.884542465209961,0.7106875777244568,0.4203401207923889,0.42757558822631836,14.004607649296522,0.6015915274620056,0.3441738784313202,1555,436.53,0.6685745120048523,0.09284444898366928,-0.025202687829732895,-0.008867064025253057,0.7799572348594666,-0.012757008895277977,0.2982513904571533,1784480989.0956926,2.124767303466797,1443.965354952,0.6666667461395264,,11.543214797973633,40570
8.25,0.0,0.38140103220939636,0.3036510944366455,5.062500000000002e-05,0.23666095733642578,0.11971022933721542,1.7124379873275757,0.375,0.6957356333732605,-0.6158537268638611,0.42896324396133423,0.045389107428491116,1.3333333730697632,0.17516440153121948,5.904166269302368,0.08306066691875458,2.9143543243408203,0.7074699401855469,0.4142196774482727,0.42839083075523376,14.300818219073117,0.5838370323181152,0.34285420179367065,1556,444.36,0.6661990880966187,0.09178262203931808,-0.022981807589530945,-0.007477252319222316,0.8113197088241577,-0.01283297874033451,0.3325459957122803,1784480991.674172,2.141369104385376,1446.603488441,0.6666667461395264,,11.949335098266602,39736
7.5,0.0,0.4269583225250244,0.30357280373573303,0.00011390625000000003,0.216758593916893,0.1207771897315979,1.6234076023101807,0.1666666716337204,0.644623875617981,-0.6177598834037781,0.4315565526485443,0.03798917196691036,1.2083333730697632,0.13636603951454163,5.902739548683167,0.07335704565048218,2.7304017543792725,0.7167794108390808,0.4179456830024719,0.4295833706855774,15.339117857217788,0.5242269039154053,0.34833860397338867,1557,477.84,0.6648502349853516,0.08849014341831207,-0.023647338151931763,-0.008529171592090278,0.780509352684021,-0.012958901934325695,0.29940342903137207,1784480994.3128395,2.231567859649658,1449.167167637,0.6666667461395264,,11.488123893737793,38840
8.125,0.0,0.4338145852088928,0.30347082018852234,0.00011390625000000003,0.22334438562393188,0.12433256208896637,1.4977444410324097,0.5,0.6435568332672119,-0.6247341632843018,0.44284960627555847,0.044116368517279625,1.1666667461395264,0.16161060333251953,5.890456867218018,0.07445886731147766,2.642407178878784,0.7289685606956482,0.42922115325927734,0.428729385137558,14.950576640963554,0.5336129665374756,0.35312575101852417,1558,462.79,0.6651668548583984,0.09397707879543304,-0.02258899435400963,-0.008972560346592218,0.7722656726837158,-0.011849097907543182,0.29233670234680176,1784480996.881509,2.164456367492676,1451.720699271,0.6666667461395264,,10.73206615447998,40013
7.708333492279053,0.0416666679084301,0.40834105014801025,0.3034864068031311,0.00011390625000000003,0.25678229331970215,0.12207522243261337,1.8229615688323975,0.4583333432674408,0.7089098691940308,-0.6076256036758423,0.43028688430786133,0.04966356493532657,1.2083333730697632,0.20257747173309326,5.889456057548523,0.0853821262717247,2.892580032348633,0.7085496187210083,0.4174637794494629,0.4280944764614105,14.458053067326546,0.6123828291893005,0.34437331557273865,1559,444.33,0.6652114391326904,0.08969564735889435,-0.024674616754055023,-0.007815867947647348,0.8302788138389587,-0.01236132811754942,0.30110883712768555,1784480999.4263935,2.1420159339904785,1454.274928755,0.6666667461395264,,11.061785697937012,40236
6.6666669845581055,0.0,0.378876656293869,0.30331191420555115,7.593750000000002e-05,0.24823443591594696,0.12094567716121674,1.7680795192718506,0.5,0.7206090688705444,-0.6039050817489624,0.4280235469341278,0.043655102327466014,1.2916667461395264,0.1864115595817566,5.8828648090362545,0.08381529897451401,2.970712184906006,0.7028458118438721,0.4176822602748871,0.428064227104187,15.010594641417265,0.6258440017700195,0.34159165620803833,1560,453.66,0.6641497611999512,0.09774166345596313,-0.022169943898916245,-0.008757768664509058,0.8447312116622925,-0.011966248974204063,0.3082847595214844,1784481001.9919138,2.1426360607147217,1457.493985311,0.6666667461395264,,11.750167846679688,40109
7.583333492279053,0.0416666679084301,0.3859350383281708,0.30326375365257263,7.593750000000002e-05,0.24758778512477875,0.11789989471435547,1.8381904363632202,0.2916666865348816,0.6991719603538513,-0.6088800430297852,0.4226702153682709,0.05070830099284649,1.625,0.18668679893016815,5.873087930679321,0.08514849841594696,2.9556288719177246,0.7004760503768921,0.4095047414302826,0.4276491403579712,14.454067048206925,0.5986425280570984,0.34008437395095825,1561,446.4,0.6630833148956299,0.09094725549221039,-0.01947454735636711,-0.008039555521099829,0.8090078234672546,-0.012227609753608704,0.29364609718322754,1784481005.298379,2.8106584548950195,1460.309781397,0.6666667461395264,"{'size': 1617669.0, '_type': 'video-file', 'sha256': '6750846c91c85576a875b348ba851c76fffae073448177f20b2d7553e2ae1875', 'path': 'media/videos/video_1561_6750846c91c85576a875.mp4'}",11.681883811950684,31666
7.1666669845581055,0.0,0.3996843695640564,0.3032090663909912,7.593750000000002e-05,0.257379412651062,0.11788656562566757,1.8854683637619019,0.2916666865348816,0.7107177972793579,-0.6074672937393188,0.41993600130081177,0.04167844709008932,1.5416667461395264,0.19509129226207733,5.871999478340149,0.08604846894741058,2.9513282775878906,0.6938060522079468,0.4061386287212372,0.42893072962760925,14.496073818653821,0.5955197811126709,0.33543169498443604,1562,447.28,0.664118766784668,0.08958759158849716,-0.020747434347867966,-0.007661014993209392,0.8548942804336548,-0.013704195618629456,0.3166933059692383,1784481008.0177228,2.3075714111328125,1462.773608866,0.6666667461395264,,11.649092674255371,37459
8.166666984558105,0.0,0.403350293636322,0.30298951268196106,0.00011390625000000003,0.2135985791683197,0.1268300712108612,1.4899858236312866,0.2916666865348816,0.5598406791687012,-0.6286806464195251,0.44969210028648376,0.03731922004371881,1.0833333730697632,0.16125443577766418,5.852882051467896,0.07322297245264053,2.4617648124694824,0.7363480925559998,0.4369731843471527,0.4284750819206238,15.64309379607439,0.4733138084411621,0.3588550090789795,1563,472.55,0.6626067161560059,0.09928564727306366,-0.020641865208745003,-0.007909443342941812,0.7034472227096558,-0.011610477231442928,0.2852661609649658,1784481010.4790597,2.0729479789733887,1465.481846523,0.6666667461395264,,10.052523612976074,41685
7.5416669845581055,0.0,0.38981005549430847,0.3029995262622833,7.593750000000002e-05,0.21764028072357178,0.12472294270992279,1.718559980392456,0.2916666865348816,0.641242504119873,-0.6217305660247803,0.4427371919155121,0.04429670087993145,1.0833333730697632,0.1546938121318817,5.843486309051514,0.07427913695573807,2.7637534141540527,0.7255434989929199,0.42887574434280396,0.4266587197780609,15.364913134276867,0.5409747362136841,0.3538318872451782,1564,463.31,0.6614640951156616,0.09615139663219452,-0.02488761767745018,-0.007851334498263895,0.7879640460014343,-0.011304031126201153,0.31493067741394043,1784481013.1928177,2.2910678386688232,1468.023950157,0.6666667461395264,,11.038610458374023,37722
8.083333969116211,0.0,0.41172143816947937,0.3030967712402344,0.00011390625000000003,0.2410576194524765,0.12200182676315308,1.6829780340194702,0.375,0.6738612055778503,-0.6118255853652954,0.4317983090877533,0.04620189294219017,1.0833333730697632,0.17829327285289764,5.849726581573487,0.08071644604206085,2.8247172832489014,0.7130718231201172,0.4185115694999695,0.4276842474937439,14.43748629257083,0.5930200815200806,0.34543055295944214,1565,442.93,0.6617963314056396,0.08980950713157654,-0.019740214571356773,-0.007683163392357528,0.7992913722991943,-0.011230486445128918,0.32550978660583496,1784481015.732134,2.107103109359741,1470.554035386,0.6666667461395264,,11.528783798217773,40410
7.75,0.0416666679084301,0.40635228157043457,0.3031662106513977,7.593750000000004e-05,0.2261824607849121,0.11998631805181503,1.7206940650939941,0.4583333432674408,0.6479314565658569,-0.6183363795280457,0.4301489293575287,0.03803452625870705,1.125,0.1638680398464203,5.855441927909851,0.07692191004753113,2.7611758708953857,0.7111325263977051,0.4124206006526947,0.4270399212837219,14.407904765605927,0.5377599000930786,0.34560441970825195,1566,446.17,0.6626951694488525,0.09181119501590729,-0.02217651903629303,-0.007579944052849896,0.7735022902488708,-0.01203908585011959,0.2970147132873535,1784481018.257838,2.1263225078582764,1473.146103392,0.6666667461395264,,10.825488090515137,40565
6.125,0.0,0.39624592661857605,0.303110271692276,0.00011390625000000003,0.24421805143356323,0.11641313880681992,1.9421777725219727,0.25,0.6919379234313965,-0.5884236097335815,0.4166962504386902,0.04332261495292187,1.4583333730697632,0.1807834953069687,5.85525221824646,0.08423622697591782,2.9857306480407715,0.6798911094665527,0.4008261561393738,0.4246908128261566,13.531771616488696,0.5530151128768921,0.330779492855072,1567,417.39,0.6640413999557495,0.09101396054029465,-0.020454544574022293,-0.008042247730190865,0.8332657217979431,-0.010866677388548851,0.32726168632507324,1784481020.8539906,2.1629812717437744,1475.728140152,0.6666667461395264,,11.517611503601074,39475
7.9166669845581055,0.0,0.4209228456020355,0.3030273914337158,0.00011390625000000003,0.22571168839931488,0.1243799477815628,1.6094592809677124,0.375,0.6289737224578857,-0.6169301867485046,0.4392643868923187,0.03968637771904469,1.3333333730697632,0.16189509630203247,5.849035167694092,0.07740877568721771,2.681628704071045,0.7208983302116394,0.42196235060691833,0.4243277907371521,14.971457891464233,0.5530879497528076,0.35166144371032715,1568,455.2,0.6652165055274963,0.09286707639694214,-0.019385289400815964,-0.007776143273804337,0.7432502508163452,-0.010663041844964027,0.2937650680541992,1784481023.4290423,2.182603597640991,1478.348521248,0.6666667461395264,,10.779242515563965,39696
6.5,0.0,0.3988725543022156,0.30303287506103516,0.00011390625000000006,0.2329372614622116,0.12566225230693817,1.7957514524459839,0.0833333358168602,0.7119585275650024,-0.6121523380279541,0.43891140818595886,0.04966950435191393,1.2083333730697632,0.1643262356519699,5.84520742893219,0.07975632697343826,2.8675222396850586,0.7194560766220093,0.4250434339046478,0.425004243850708,14.976962931752205,0.59336256980896,0.35137566924095154,1569,456.41,0.6670011281967163,0.09237504005432129,-0.022240860387682915,-0.007589934866700787,0.816835880279541,-0.01023771334439516,0.31902647018432617,1784481026.0691984,2.2048799991607666,1480.973392791,0.6666667461395264,,11.083818435668945,38949
8.416666984558105,0.0,0.34475797414779663,0.30302178859710693,0.00011390625000000006,0.2354903519153595,0.12298573553562164,1.6666101217269897,0.1666666716337204,0.6443859338760376,-0.6082242727279663,0.43538498878479004,0.04635323993861675,1.3333333730697632,0.17798535525798798,5.847849106788635,0.0792379304766655,2.755096197128296,0.7128881812095642,0.42116719484329224,0.42492032051086426,15.108932800590992,0.5483040809631348,0.34739241003990173,1570,459.99,0.6681854128837585,0.09466837346553802,-0.020313596352934837,-0.009127926047949587,0.7815601825714111,-0.010212590917944908,0.2913384437561035,1784481028.678321,2.2128701210021973,1483.627956919,0.6666667461395264,,11.140054702758789,39255
8.75,0.0,0.3885950446128845,0.3029584288597107,0.00011390625000000006,0.23245279490947723,0.12368559837341309,1.6665247678756714,0.4583333432674408,0.6830954551696777,-0.6208280920982361,0.43863755464553833,0.03949553109705448,1.0,0.16718637943267822,5.842996716499329,0.0784594714641571,2.782722234725952,0.7224929332733154,0.42500656843185425,0.4231674075126648,15.217221179008483,0.5849554538726807,0.35133087635040283,1571,468.96,0.6700355410575867,0.09125278890132904,-0.019666429609060287,-0.009281380187167088,0.8210784792900085,-0.011793863028287888,0.3130793571472168,1784481031.341536,2.2409963607788086,1486.104229208,0.6666667461395264,,10.890935897827148,38489
7.583333492279053,0.0,0.4178110957145691,0.3030170500278473,7.593750000000004e-05,0.20751850306987762,0.12627318501472473,1.5518630743026733,0.2083333432674408,0.6547027230262756,-0.6186292171478271,0.44231197237968445,0.04061036575585604,1.0416667461395264,0.14493690431118011,5.84820408821106,0.07147431373596191,2.674821376800537,0.72683185338974,0.4278513789176941,0.423093318939209,14.613530273884535,0.5664923787117004,0.3529336452484131,1572,447.42,0.6715726256370544,0.08788782358169556,-0.01979893259704113,-0.007611491534044034,0.7656189203262329,-0.010557880625128746,0.2920408248901367,1784481033.8117146,2.0711424350738525,1488.648320396,0.6666667461395264,,11.08850383758545,41598
6.875,0.0833333358168602,0.4243900775909424,0.30283287167549133,7.593750000000002e-05,0.21795853972434998,0.12576834857463837,1.6623153686523438,0.1666666716337204,0.6681839823722839,-0.6336460113525391,0.44425392150878906,0.03959463573992252,0.8333333730697632,0.1527498960494995,5.841963076591492,0.072506844997406,2.7815780639648438,0.7335984706878662,0.43257206678390503,0.4252725839614868,15.415648775100708,0.5602163672447205,0.3556078374385834,1573,475.94,0.671241044998169,0.09372084587812424,-0.02287779562175274,-0.006744057519244962,0.7880806922912598,-0.01112800370901823,0.3191652297973633,1784481036.3504536,2.1209521293640137,1491.170646832,0.6666667461395264,,11.303327560424805,40286
7.4166669845581055,0.0833333358168602,0.4052986800670624,0.30268099904060364,0.00011390625000000003,0.23850636184215546,0.12094694375991821,1.6535146236419678,0.2916666865348816,0.6777870059013367,-0.6019307374954224,0.42075785994529724,0.036791380122303964,0.8333333730697632,0.17405395209789276,5.817677426338196,0.07867474853992462,2.8465938568115234,0.6983474493026733,0.4102048873901367,0.4244653582572937,15.432821619510651,0.5593092441558838,0.33940815925598145,1574,470.13,0.6728638410568237,0.08968444913625717,-0.020726580172777176,-0.008026044132566312,0.8045753240585327,-0.01165709551423788,0.2983236312866211,1784481038.8753946,2.1251561641693115,1493.759544123,0.6666667461395264,,11.386576652526855,40563
7.458333492279053,0.0,0.37548011541366577,0.3027867376804352,0.00011390625000000003,0.2548663020133972,0.12153571844100952,1.7434934377670288,0.4583333432674408,0.6911846995353699,-0.6015279293060303,0.4286929965019226,0.04293262138962746,0.875,0.19523267447948456,5.825245833396911,0.08288180828094482,2.8774490356445312,0.7047567367553711,0.4151500165462494,0.42178618907928467,14.925265606045723,0.5925905108451843,0.3435225486755371,1575,451.84,0.6730486750602722,0.09210813045501709,-0.0208844356238842,-0.00839469515485689,0.8181262016296387,-0.011322887614369392,0.31935763359069824,1784481041.4639897,2.1683833599090576,1496.267570089,0.6666667461395264,,11.188421249389648,39515
7.2916669845581055,0.0416666679084301,0.34533438086509705,0.30279141664505005,0.00011390625000000006,0.23091033101081848,0.12447255849838257,1.6915326118469238,0.4166666865348816,0.6218905448913574,-0.6080582141876221,0.4403190612792969,0.03811962306499481,1.0416667461395264,0.1730247437953949,5.829072141647339,0.08043649792671204,2.6913962364196777,0.7192882895469666,0.4272025227546692,0.4202974736690521,15.319562204778194,0.5134798884391785,0.3501882553100586,1576,469.07,0.6729596853256226,0.09710057079792023,-0.026299437507987022,-0.008305764633405488,0.7822036147117615,-0.01021492201834917,0.2897815704345703,1784481043.971949,2.115443706512451,1498.757853809,0.6666667461395264,,10.198798179626465,40871
8.333333969116211,0.0416666679084301,0.40186214447021484,0.3026297688484192,7.593750000000004e-05,0.25111350417137146,0.1246667429804802,1.7610321044921875,0.625,0.6742968559265137,-0.6139477491378784,0.4365271329879761,0.03879008460789919,1.0416667461395264,0.18493829667568207,5.823928952217102,0.08323585242033005,2.9439523220062256,0.720608651638031,0.42388057708740234,0.4187966287136078,15.099778007566929,0.5368407368659973,0.3507356345653534,1577,463.55,0.6724227666854858,0.09107570350170135,-0.022853415459394455,-0.008587711291329469,0.8301183581352234,-0.011289338581264019,0.31511998176574707,1784481046.470443,2.0747694969177246,1501.24753115,0.6666667461395264,,11.335256576538086,41133
8.208333969116211,0.0,0.3996087908744812,0.3022732436656952,0.00011390625000000003,0.22521984577178955,0.12549833953380585,1.5609462261199951,0.25,0.6025938987731934,-0.6253952383995056,0.44167909026145935,0.03956762589514255,0.8333333730697632,0.16404733061790466,5.791028261184692,0.07353495061397552,2.645850896835327,0.7335099577903748,0.42995762825012207,0.4152131974697113,14.981287759244442,0.5134214162826538,0.3569774627685547,1578,470.11,0.6727181673049927,0.09092633426189423,-0.02180081233382225,-0.008565557791735045,0.7686049938201904,-0.010889432393014431,0.2881772518157959,1784481048.9488184,2.092536449432373,1503.703130351,0.6666667461395264,,10.708170890808105,41291
7.625,0.0,0.37044844031333923,0.3023295998573303,0.00011390625000000003,0.24509146809577942,0.12264102697372437,1.5969862937927246,0.4166666865348816,0.6562582850456238,-0.6032335758209229,0.4292372167110443,0.04411968495696783,1.2916667461395264,0.1781524419784546,5.775586867332459,0.07857394218444824,2.824864149093628,0.7103516459465027,0.4176085889339447,0.4137078523635864,14.696480760760606,0.5660370588302612,0.34480389952659607,1579,448.25,0.6718157529830933,0.08926218748092651,-0.016660846769809723,-0.007372584368567914,0.7965680360794067,-0.010051658377051353,0.2918424606323242,1784481051.412871,2.0659596920013428,1506.303193972,0.6666667461395264,,11.402347564697266,41693
7.708333492279053,0.0,0.40016743540763855,0.3021049499511719,0.00011390625000000003,0.23185011744499207,0.12271825969219208,1.527814269065857,0.4583333432674408,0.6451442241668701,-0.6235937476158142,0.4364384114742279,0.042338468879461286,1.125,0.16705845296382904,5.7726970434188845,0.07967959344387054,2.6359879970550537,0.7239073514938354,0.4200828969478607,0.4136262834072113,14.554641526043415,0.5525387525558472,0.3493235111236572,1580,446.98,0.6717972755432129,0.09656400978565216,-0.019732452929019928,-0.007657766476040706,0.7932690382003784,-0.011245513334870338,0.31612515449523926,1784481054.0191824,2.177537679672241,1508.771494144,0.6666667461395264,,10.843732833862305,39421
7.0416669845581055,0.0,0.32878220081329346,0.30213144421577454,0.00011390625000000003,0.27626273036003113,0.12424521148204803,1.7712682485580444,0.3333333432674408,0.7014164924621582,-0.622389554977417,0.43596673011779785,0.04506400022655725,1.2083333730697632,0.2052002251148224,5.758996558189392,0.0854451060295105,2.9847140312194824,0.720142126083374,0.42421481013298035,0.4102817177772522,14.79295514844358,0.5735094547271729,0.34743595123291016,1581,457.11,0.6739286780357361,0.09307839721441269,-0.02250351570546627,-0.00847818428883329,0.8894090056419373,-0.010922234505414963,0.2909235954284668,1784481056.4746675,2.063981294631958,1511.758412022,0.6666667461395264,,12.121707916259766,41744
7.625,0.0,0.39221155643463135,0.30227044224739075,0.00011390625000000003,0.22650544345378876,0.12626460194587708,1.5905961990356445,0.3333333432674408,0.6633331775665283,-0.6208293437957764,0.443095862865448,0.04084076322615147,1.0416667461395264,0.15626408159732819,5.7691477060317995,0.07591886818408966,2.7198052406311035,0.730739951133728,0.43061432242393494,0.4090592861175537,15.010606920719146,0.5806703567504883,0.35381823778152466,1582,465.53,0.6741792559623718,0.09517140686511993,-0.020123401656746864,-0.009120831298059785,0.7824420928955078,-0.010735119692981243,0.30660510063171387,1784481059.5550234,2.5818121433258057,1514.453184301,0.6666667461395264,"{'path': 'media/videos/video_1582_b784df1c108c044cac81.mp4', 'size': 1581644.0, '_type': 'video-file', 'sha256': 'b784df1c108c044cac811c6277618c45d06a7f80df977f59743e64ede3edb553'}",11.210176467895508,34033
7.6666669845581055,0.0416666679084301,0.4026115834712982,0.30223268270492554,0.00011390625000000003,0.21371176838874817,0.1245773658156395,1.5261033773422241,0.25,0.6114568114280701,-0.6210333704948425,0.43958577513694763,0.03696985319256783,0.9166666865348816,0.15455760061740875,5.780303430557251,0.07636643201112747,2.5113320350646973,0.7272907495498657,0.42345261573791504,0.40966448187828064,15.81932201385498,0.5097349882125854,0.3518894612789154,1583,485.19,0.6736289262771606,0.09159688651561737,-0.01518722902983427,-0.008548852716921828,0.7193818092346191,-0.011040939949452877,0.30371880531311035,1784481062.154176,2.2067675590515137,1517.123618117,0.6666667461395264,,10.137665748596191,39157
7.75,0.0,0.3905339241027832,0.30202123522758484,0.00011390625000000003,0.23122429847717285,0.12494661659002304,1.6647636890411377,0.4583333432674408,0.666228711605072,-0.605247437953949,0.4329732358455658,0.036127560399472715,1.0416667461395264,0.16616499423980713,5.763293433189392,0.07919518649578094,2.768284320831299,0.7102882266044617,0.4233350157737732,0.40728187561035156,15.466983824372292,0.5735438466072083,0.3435438871383667,1584,465.03,0.6734083890914917,0.0924125462770462,-0.018809616565704346,-0.008601167655433528,0.7816959619522095,-0.01042191218584776,0.31256937980651855,1784481064.835992,2.259669303894043,1519.617840283,0.6666667461395264,,11.013982772827148,38217
7.25,0.0416666679084301,0.41516441106796265,0.30208250880241394,7.593750000000002e-05,0.25138503313064575,0.12172981351613998,1.8308557271957397,0.25,0.717725396156311,-0.5949804782867432,0.42511019110679626,0.04283736739307642,1.2916667461395264,0.1878305971622467,5.754579877853393,0.08196094632148743,3.038466453552246,0.7014560103416443,0.4122881293296814,0.4083203673362732,14.243194261044264,0.6047179698944092,0.34110721945762634,1585,433.41,0.6727147102355957,0.08842302858829498,-0.019151505082845688,-0.00868942991946824,0.8967610597610474,-0.011477561667561531,0.2922978401184082,1784481067.3194284,2.0926835536956787,1522.22330904,0.6666667461395264,,11.991244316101074,41217
8.125,0.0,0.36331602931022644,0.302068829536438,0.00011390625000000003,0.24070076644420624,0.12197895348072052,1.8196945190429688,0.4583333432674408,0.70437091588974,-0.602867066860199,0.42673319578170776,0.041761998645961286,1.125,0.17243531346321106,5.756926560401917,0.07961128652095795,2.9887959957122803,0.7055246233940125,0.41481706500053406,0.4097134470939636,14.225624413490296,0.5817259550094604,0.34084612131118774,1586,437.26,0.6734437942504883,0.08922615647315979,-0.019537044689059258,-0.008843111403984949,0.8242729902267456,-0.011217131279408932,0.30872464179992676,1784481069.9474704,2.197366237640381,1524.703522508,0.6666667461395264,,11.941500663757324,39226
7.958333492279053,0.0,0.404956191778183,0.3020203411579132,0.00011390625000000003,0.24866650998592377,0.11889171600341797,1.7600915431976318,0.4166666865348816,0.7068440318107605,-0.5953526496887207,0.42062902450561523,0.04200930614024401,0.875,0.17431902885437012,5.751321077346802,0.08147449046373367,2.779951810836792,0.6942035555839539,0.40698105096817017,0.4088151454925537,14.94361153960228,0.6413753032684326,0.3365849256515503,1587,461.82,0.6745192408561707,0.09127448499202728,-0.01952420547604561,-0.0083333634538576,0.8432375192642212,-0.010991407558321953,0.2908902168273926,1784481072.4115484,2.0687079429626465,1527.127751545,0.6666667461395264,,11.204276084899902,41661
6.208333492279053,0.0416666679084301,0.4026798903942108,0.3019813001155853,0.00011390625000000006,0.28592631220817566,0.11818348616361618,1.8954265117645264,0.4166666865348816,0.755660891532898,-0.5874375104904175,0.41827160120010376,0.04272218439728022,1.5,0.22081097960472107,5.747172904014588,0.09288506954908371,3.0527782440185547,0.6877622008323669,0.40517979860305786,0.40654510259628296,13.739252765476703,0.6200356483459473,0.33332592248916626,1588,422.74,0.6766637563705444,0.09102605283260345,-0.02244683727622032,-0.0072652474496862855,0.9034438133239746,-0.012114860117435455,0.2946460247039795,1784481074.8400636,2.0255014896392822,1529.77214619,0.6666667461395264,,11.850375175476074,42369
7.75,0.0416666679084301,0.3583720624446869,0.30208250880241394,0.00011390625000000006,0.24627012014389038,0.12468194961547852,1.6831401586532593,0.25,0.6604741811752319,-0.600613534450531,0.4321594834327698,0.044265974685549735,1.1666667461395264,0.18270348012447357,5.752480411529541,0.08120550215244293,2.758120059967041,0.7111417651176453,0.4220660626888275,0.40573549270629883,14.889313966929912,0.5627347230911255,0.3451271653175354,1589,448.87,0.6761133074760437,0.09263899177312851,-0.01875384896993637,-0.008847607774077915,0.8223522901535034,-0.010712245479226112,0.29913783073425293,1784481077.4793673,2.233405590057373,1532.415559625,0.6666667461395264,,11.447527885437012,38816
7.208333492279053,0.0,0.4228309094905853,0.30228951573371887,7.593750000000004e-05,0.2722722291946411,0.11945229023694992,1.8373870849609375,0.4583333432674408,0.7283362150192261,-0.5954515933990479,0.4188354015350342,0.04255689810961485,1.5416667461395264,0.2046898603439331,5.7745589971542355,0.08905737102031708,2.9828553199768066,0.6958160400390625,0.4075811803340912,0.4037940204143524,14.342720214352012,0.6303240656852722,0.33621057868003845,1590,441.96,0.6759306788444519,0.09004352986812592,-0.02144833654165268,-0.007824061306564545,0.8904285430908203,-0.012386485934257507,0.315201997756958,1784481080.130129,2.2254650592803955,1534.95166059,0.6666667461395264,,11.430914878845215,38692
8.583333969116211,0.0,0.3683900833129883,0.3024378716945648,0.00011390625000000003,0.22586119174957275,0.12382572144269943,1.486525297164917,0.3333333432674408,0.6158908605575562,-0.6225852370262146,0.43841075897216797,0.046028364449739456,1.2916667461395264,0.1612069010734558,5.7925400018692015,0.07462185621261597,2.6212377548217773,0.7300519943237305,0.4229859709739685,0.40121525526046753,15.647634840607644,0.5284600257873535,0.3545384407043457,1591,469.69,0.6770992279052734,0.09301342815160751,-0.02298121154308319,-0.008260821070871316,0.7554141283035278,-0.011463252827525139,0.2962477207183838,1784481082.6654496,2.1271872520446777,1537.517833018,0.6666667461395264,,10.58603286743164,40563
8.416666984558105,0.0416666679084301,0.360244482755661,0.3024638295173645,0.00011390625000000003,0.22257983684539795,0.12475325167179108,1.7234411239624023,0.125,0.6574739217758179,-0.6196972131729126,0.4410499036312103,0.043507030978798863,1.25,0.14910435676574707,5.801209473609925,0.07442930340766907,2.804600477218628,0.7266332507133484,0.4267694354057312,0.40152591466903687,14.981876325160265,0.5577641725540161,0.35114654898643494,1592,450.11,0.6774088740348816,0.0959402471780777,-0.01902604103088379,-0.008608495508087798,0.7721623182296753,-0.010782836005091667,0.29160618782043457,1784481085.2201335,2.161494255065918,1540.074018767,0.6666667461395264,,11.066505432128906,40073
7.130434989929199,0.0,0.4380948543548584,0.3023688793182373,0.00011390625000000003,0.2303459346294403,0.12407736480236053,1.5211507081985474,0.6086956858634949,0.6614904403686523,-0.6077065467834473,0.43272674083709717,0.03856944646686315,0.9130434989929199,0.1660619080066681,5.800559782981873,0.07879099249839783,2.6920433044433594,0.7172864079475403,0.41888999938964844,0.40256813168525696,14.987052046954632,0.5645776987075806,0.3489203453063965,1593,455.81,0.6773610711097717,0.088957279920578,-0.022197283804416656,-0.008342660995549523,0.7551739811897278,-0.010746899992227554,0.3021669387817383,1784481087.7782772,2.1566696166992188,1542.650895039,0.6666667461395264,,10.77269458770752,39979
6.958333492279053,0.0416666679084301,0.4389892518520355,0.3022402226924896,7.593750000000002e-05,0.24935714900493622,0.12327809631824493,1.7906303405761719,0.2083333432674408,0.6807764768600464,-0.6101812720298767,0.43198680877685547,0.044267755933105946,1.0416667461395264,0.18926817178726196,5.785179972648621,0.0836067944765091,2.9199695587158203,0.7174090147018433,0.4174456000328064,0.40157246589660645,14.390011000931263,0.5612401366233826,0.3488752543926239,1594,440.4,0.6782163381576538,0.09455972909927368,-0.02092873305082321,-0.008728309464640916,0.7988113164901733,-0.011079898104071617,0.3148045539855957,1784481090.3669832,2.1615424156188965,1545.142852231,0.6666667461395264,,11.089012145996094,39697
7.583333492279053,0.0416666679084301,0.4334082007408142,0.30226263403892517,0.00011390625000000003,0.22111867368221283,0.12581193447113037,1.6003754138946533,0.375,0.6520904898643494,-0.6152856945991516,0.4374661147594452,0.0392102463170886,0.9583333730697632,0.15774735808372498,5.783317518234253,0.07757356017827988,2.6215450763702393,0.724041223526001,0.4243577718734741,0.40307557582855225,15.057108465731144,0.5629717707633972,0.35096055269241333,1595,455.94,0.679145336151123,0.09217433631420135,-0.022574853152036667,-0.007468088772566261,0.7600414752960205,-0.011254939250648022,0.28508830070495605,1784481092.8503854,2.091716766357422,1547.728582134,0.6666667461395264,,10.547106742858887,41359
7.0,0.0,0.3817560076713562,0.3024199604988098,7.593750000000002e-05,0.21637623012065887,0.12564092874526978,1.4860260486602783,0.4166666865348816,0.6076096892356873,-0.6319829821586609,0.44353437423706055,0.03704427480697632,0.9166666865348816,0.15046457946300507,5.796166038513183,0.07387793809175491,2.59073543548584,0.7333450317382812,0.42739900946617126,0.4038727283477783,15.647016400694847,0.518304169178009,0.3532443642616272,1596,478.35,0.679175078868866,0.09946828335523605,-0.02296777069568634,-0.008140751399332657,0.738949179649353,-0.012097284197807312,0.31274986267089844,1784481095.4503355,2.169149398803711,1550.346764756,0.6666667461395264,,10.590537071228027,39608
7.583333492279053,0.0,0.34922266006469727,0.3024762272834778,7.593750000000002e-05,0.2473241090774536,0.12338028848171234,1.8477728366851807,0.5,0.7060825228691101,-0.6128262877464294,0.4353563189506531,0.0416523328050971,0.9583333730697632,0.17723175883293152,5.8100110530853275,0.08436314761638641,2.9210305213928223,0.7170308828353882,0.41833505034446716,0.40247029066085815,15.093621659874916,0.600378692150116,0.3462197184562683,1597,461.02,0.6806076765060425,0.0920826643705368,-0.02415618859231472,-0.008190327773627359,0.7975720763206482,-0.0112224742770195,0.2931787967681885,1784481098.049466,2.206256628036499,1552.788607533,0.6666667461395264,,11.459146499633789,39330
8.166666984558105,0.0416666679084301,0.38777220249176025,0.3024674654006958,0.00011390625000000003,0.2448635995388031,0.12223836034536362,1.6162866353988647,0.75,0.662696123123169,-0.5948445796966553,0.42734450101852417,0.042762714065611364,0.8333333730697632,0.18311288952827454,5.807437920570374,0.08348800241947174,2.7985153198242188,0.7027175426483154,0.41314834356307983,0.39978283643722534,14.86041928946972,0.5370214581489563,0.3424689769744873,1598,448.39,0.6815989017486572,0.09358476102352142,-0.02237742766737938,-0.008470112629584036,0.7803465127944946,-0.01090717501938343,0.29114413261413574,1784481100.5015264,2.0506439208984375,1555.247604597,0.6666667461395264,,11.078940391540527,41978
7.9166669845581055,0.0,0.4357709288597107,0.30234530568122864,7.593750000000004e-05,0.23187701404094696,0.12385672330856323,1.6291812658309937,0.4583333432674408,0.6487165093421936,-0.6062588691711426,0.4341420829296112,0.03712656199932098,1.0833333730697632,0.17059962451457977,5.803129029273987,0.07768771052360535,2.7495620250701904,0.7166991233825684,0.4212923049926758,0.39722102880477905,15.302159285545349,0.5465602278709412,0.3490138053894043,1599,459.68,0.68085116147995,0.09552827477455139,-0.023174572736024857,-0.00794798496644944,0.7809352874755859,-0.011564838699996471,0.2903172969818115,1784481102.9544227,2.0605764389038086,1557.785239268,0.6666667461395264,,11.088892936706543,41815
7.875,0.0,0.3581428527832031,0.3023317754268646,0.00011390625000000003,0.21304278075695038,0.12740591168403625,1.574507236480713,0.3333333432674408,0.6050471663475037,-0.6205648183822632,0.44293105602264404,0.039455419033765794,1.0,0.15233895182609558,5.791150951385498,0.07259111106395721,2.6313228607177734,0.7288122177124023,0.4288031756877899,0.3986586034297943,15.716807483434676,0.5409766435623169,0.351785272359848,1600,473.61,0.6809346675872803,0.09396293014287949,-0.018738266080617905,-0.007455811422551051,0.7389819025993347,-0.010611551813781261,0.29340219497680664,1784481105.4908354,2.141838312149048,1560.348544404,0.6666667461395264,,10.724386215209961,40367
7.625,0.0416666679084301,0.41186949610710144,0.3023218512535095,7.593750000000004e-05,0.21630007028579712,0.12684831023216248,1.6616098880767822,0.3333333432674408,0.642919659614563,-0.6157069802284241,0.43949756026268005,0.04402425829321146,1.0,0.14741739630699158,5.797945165634156,0.074289470911026,2.7267940044403076,0.7284612059593201,0.4289679527282715,0.3996444642543793,14.555504888743162,0.5328259468078613,0.35372135043144226,1601,446.43,0.6814793348312378,0.09112654626369476,-0.021545900031924248,-0.007529544142016675,0.7757427096366882,-0.011139247566461563,0.3009166717529297,1784481108.052943,2.157545566558838,1562.898801221,0.6666667461395264,,10.772119522094727,39985
7.958333492279053,0.0,0.38099855184555054,0.30211445689201355,5.062500000000002e-05,0.23730677366256714,0.12391436100006104,1.675264596939087,0.2916666865348816,0.6690734624862671,-0.6193130016326904,0.4350232481956482,0.0329725899733603,1.1666667461395264,0.1713472306728363,5.7834786653518675,0.07946628332138062,2.72896146774292,0.7235782146453857,0.41728004813194275,0.40109920501708984,15.357521602511406,0.5691224336624146,0.35128235816955566,1602,475.9,0.6815385818481445,0.09090141952037811,-0.020370228216052055,-0.0066478906577685844,0.8059622049331665,-0.011849626898765564,0.3038921356201172,1784481110.6061325,2.1465976238250732,1566.174413103,0.6666667461395264,,10.794889450073242,40116
7.375,0.0,0.41888150572776794,0.3018393814563751,0.00011390625000000003,0.20315468311309814,0.1279306262731552,1.4966561794281006,0.25,0.5811808705329895,-0.6324161291122437,0.44916006922721863,0.03829881493002176,0.8333333730697632,0.13721859455108643,5.75597779750824,0.06595012545585632,2.555490016937256,0.7432312369346619,0.43497031927108765,0.39937537908554077,15.115461646020412,0.4856984615325928,0.3606716990470886,1603,460.78,0.682059645652771,0.09360124915838242,-0.0201021209359169,-0.008417762645331095,0.7337379455566406,-0.011065445840358734,0.3046231269836426,1784481113.9630802,2.8677895069122314,1568.762238346,0.6666667461395264,"{'path': 'media/videos/video_1603_fff37f7e08d68b947c0e.mp4', 'size': 1438009.0, '_type': 'video-file', 'sha256': 'fff37f7e08d68b947c0e901d843f5a1a8858b86a5bfba1335c17d3dabf727acf'}",10.353752136230469,30987
7.375,0.0,0.3885226845741272,0.30192938446998596,0.00011390625000000006,0.23342585563659668,0.12698522210121155,1.65408456325531,0.2083333432674408,0.6895880103111267,-0.6216687560081482,0.44399020075798035,0.04310770705342293,1.0,0.1679740846157074,5.749850797653198,0.07785382866859436,2.855665683746338,0.7330225706100464,0.4293674826622009,0.3995168209075928,14.917144365608692,0.5765424966812134,0.35767433047294617,1604,454.2,0.6818296313285828,0.09385071694850922,-0.020520683377981186,-0.007907472847728058,0.8406254649162292,-0.011264998465776443,0.31618523597717285,1784481116.4796138,2.094884157180786,1571.411467397,0.6666667461395264,,11.720470428466797,40771
7.5,0.0,0.3945469558238983,0.30189400911331177,7.593750000000004e-05,0.23399561643600464,0.12770897150039673,1.7389596700668335,0.3333333432674408,0.7149667739868164,-0.6114081740379333,0.44558054208755493,0.04003677759319544,1.0,0.1665157675743103,5.75659761428833,0.08096399903297424,2.881568431854248,0.7307488322257996,0.4288310408592224,0.40241217613220215,15.039993342757224,0.6199565529823303,0.3548268675804138,1605,453.07,0.6811884641647339,0.09972792863845825,-0.02124912664294243,-0.008179656590800732,0.8231600522994995,-0.010970625095069408,0.30865931510925293,1784481119.1229537,2.224647283554077,1573.971942461,0.6666667461395264,,11.44577693939209,38804
7.708333492279053,0.0,0.3565022647380829,0.30185118317604065,5.062500000000002e-05,0.22635623812675476,0.12578199803829193,1.6723178625106812,0.2083333432674408,0.6721832752227783,-0.6087519526481628,0.44088929891586304,0.03580391202121973,1.0,0.15909640491008759,5.747912049293518,0.07553612440824509,2.8147408962249756,0.7217941284179688,0.42456501722335815,0.40464887022972107,14.908179696947336,0.5639507174491882,0.3506790101528168,1606,447.69,0.6802718639373779,0.09634271264076233,-0.0215560644865036,-0.008259536186233162,0.8096696734428406,-0.011643124744296074,0.3066592216491699,1784481121.682369,2.1424672603607178,1576.498312853,0.6666667461395264,,11.10760498046875,40138
8.291666984558105,0.0,0.3995360732078552,0.30193400382995605,0.00011390625000000003,0.22085219621658325,0.12243981659412384,1.6125667095184326,0.5833333730697632,0.6552252173423767,-0.605039656162262,0.42867061495780945,0.04452570676803589,0.7916666865348816,0.15360797941684723,5.750373220443725,0.07839009165763855,2.707642078399658,0.7130815386772156,0.4142327308654785,0.4038170278072357,14.942146336138249,0.5647327899932861,0.346944659948349,1607,456.07,0.6803905367851257,0.09077145904302597,-0.019319884479045868,-0.008045797198428772,0.7979233264923096,-0.011751527898013592,0.28772878646850586,1784481124.2029443,2.1291301250457764,1578.903664203,0.6666667461395264,,10.839910507202148,40674
7.458333492279053,0.0,0.41805434226989746,0.30211079120635986,0.00011390625000000006,0.23839598894119263,0.12440551817417145,1.6456102132797241,0.4583333432674408,0.6648468971252441,-0.6064793467521667,0.4335017800331116,0.04195054080337286,1.25,0.17143331468105316,5.770340871810913,0.0806884914636612,2.867112636566162,0.7120093107223511,0.42202115058898926,0.4025901257991791,15.500855465903879,0.554773211479187,0.3453459143638611,1608,462.14,0.682223916053772,0.09609532356262207,-0.018357587978243828,-0.007273884296591859,0.8280113935470581,-0.013086277060210705,0.2873814105987549,1784481126.607375,2.018141746520996,1581.469081614,0.6666667461395264,,11.686690330505371,42638
7.0,0.0,0.40413719415664673,0.3019418716430664,7.593750000000004e-05,0.2150420844554901,0.12682276964187622,1.679998755455017,0.375,0.6645247936248779,-0.6199552416801453,0.4440845847129822,0.041715200245380404,0.8333333730697632,0.14800885319709778,5.766758298873901,0.07421769201755524,2.7981135845184326,0.7315255403518677,0.42904114723205566,0.40376386046409607,15.88103453040123,0.5501885414123535,0.3551124036312103,1609,472.89,0.6825491786003113,0.09311330318450928,-0.017991062253713608,-0.007649515673983842,0.7747018337249756,-0.011228935793042183,0.3203608989715576,1784481129.194247,2.1451826095581055,1584.041539893,0.6666667461395264,,10.928459167480469,39871
7.375,0.0,0.3863537311553955,0.30183878540992737,0.00011390625000000003,0.20818555355072021,0.13134336471557617,1.639582633972168,0.2916666865348816,0.5943664908409119,-0.6234205961227417,0.45276975631713867,0.04524205308407545,0.9583333730697632,0.1443914771080017,5.752114605903626,0.07223401963710785,2.593013286590576,0.747898280620575,0.44329118728637695,0.4044014811515808,15.645749892890453,0.5127770900726318,0.3643171489238739,1610,471.62,0.6830897331237793,0.09760528057813644,-0.01486338209360838,-0.0073586966987932104,0.6987203359603882,-0.011473587714135647,0.3054366111755371,1784481131.7660053,2.1350362300872803,1586.614236985,0.6666667461395264,,10.857516288757324,40280
7.708333492279053,0.0,0.44199416041374207,0.3017090857028961,0.00011390625000000003,0.25924187898635864,0.12399514764547348,1.7768361568450928,0.4583333432674408,0.6988053321838379,-0.6032464504241943,0.42627355456352234,0.04171675331890583,1.5833333730697632,0.19238543510437012,5.7432808637619015,0.08568461984395981,2.915844678878784,0.7099925875663757,0.4171268343925476,0.40647372603416443,14.754533154964447,0.5853747129440308,0.3429390788078308,1611,451.37,0.68376624584198,0.09188102930784225,-0.01954745501279831,-0.008151708205696195,0.8517216444015503,-0.012681901454925537,0.28675389289855957,1784481134.3285716,2.160754442214966,1589.187149393,0.6666667461395264,,11.263761520385742,40164
8.416666984558105,0.0,0.37203091382980347,0.30159610509872437,7.593750000000004e-05,0.2324664294719696,0.12201564013957977,1.6983261108398438,0.3333333432674408,0.6809196472167969,-0.6069182753562927,0.4288458824157715,0.038572794385254384,1.2083333730697632,0.16903731226921082,5.729183077812195,0.07728669047355652,2.836301326751709,0.7108771204948425,0.41375064849853516,0.40876054763793945,14.880560889393092,0.5730048418045044,0.3443925976753235,1612,458.59,0.684604823589325,0.0891093909740448,-0.02146727964282036,-0.0072225618743686935,0.8137348890304565,-0.01169539149850607,0.3028266429901123,1784481136.9119153,2.1576762199401855,1591.736055438,0.6666667461395264,,11.367349624633789,39952
8.416666984558105,0.0,0.407869815826416,0.30143293738365173,0.00011390625000000003,0.2287890762090683,0.12534300982952118,1.538374900817871,0.25,0.6740927696228027,-0.6091883182525635,0.4347258508205414,0.03645117972046137,1.1666667461395264,0.16199156641960144,5.7136489152908325,0.07879744470119476,2.7074928283691406,0.7175843119621277,0.4228203296661377,0.4089885652065277,15.120128997564315,0.5833072662353516,0.3495710492134094,1613,459.69,0.6841241717338562,0.09166552126407623,-0.016112077981233597,-0.008436437300406396,0.7782008051872253,-0.011736983433365822,0.2960684299468994,1784481139.4439607,2.1267504692077637,1594.274491322,0.6666667461395264,,11.206779479980469,40574
6.958333492279053,0.0,0.4029701352119446,0.30168962478637695,7.593750000000002e-05,0.2518213987350464,0.1200597882270813,1.7869765758514404,0.4166666865348816,0.7305964827537537,-0.5984421372413635,0.42062970995903015,0.043834376335144046,0.8333333730697632,0.17846989631652832,5.7213067531585695,0.08209136128425598,2.9858908653259277,0.6990666389465332,0.4053332209587097,0.40984582901000977,14.200913644190878,0.6136617660522461,0.3401055932044983,1614,436.93,0.6831469535827637,0.08674227446317673,-0.01677827350795269,-0.008059771956504846,0.8198132514953613,-0.012394726276397705,0.29660749435424805,1784481141.9919844,2.1382274627685547,1596.853250989,0.6666667461395264,,11.911044120788574,40373
7.25,0.0,0.4146456718444824,0.3016098141670227,0.00011390625000000003,0.23427605628967285,0.1254192292690277,1.6776628494262695,0.25,0.6916934847831726,-0.5971435308456421,0.4322752356529236,0.041493885777890684,0.9583333730697632,0.1684330552816391,5.728410768508911,0.07826732844114304,2.9292244911193848,0.7111364603042603,0.4220530688762665,0.408981055021286,15.680347955822945,0.5959031581878662,0.34718841314315796,1615,473.02,0.6831573843955994,0.08837978541851044,-0.01875784620642662,-0.008162799093406647,0.8392153978347778,-0.010395050048828125,0.2950150966644287,1784481144.5655398,2.167311191558838,1599.378427911,0.6666667461395264,,11.96539306640625,39923
7.25,0.0,0.3692644238471985,0.3015427887439728,0.00011390625000000003,0.26484453678131104,0.11981591582298279,1.7785460948944092,0.5416666865348816,0.725895345211029,-0.5838066339492798,0.4125239849090576,0.04583034422248602,1.5,0.19431796669960022,5.718886661529541,0.08677506446838379,2.9130399227142334,0.6843444108963013,0.4006838798522949,0.4070216119289398,14.127702968418598,0.6213361024856567,0.3322402834892273,1616,435.08,0.6854445338249207,0.09660621732473373,-0.019943414255976677,-0.007876782142557204,0.8322516679763794,-0.012111696414649487,0.2919352054595947,1784481147.0838623,2.1241278648376465,1601.777540062,0.6666667461395264,,11.704267501831055,40687
6.958333492279053,0.0,0.36595842242240906,0.3014150559902191,7.593750000000002e-05,0.24437616765499115,0.12261869758367538,1.675779104232788,0.5416666865348816,0.7098283767700195,-0.5953069925308228,0.4209955334663391,0.040817248262465,1.2083333730697632,0.1820710003376007,5.711255812644959,0.08143031597137451,2.7909553050994873,0.6994113922119141,0.4125475287437439,0.4068187475204468,13.93862462759018,0.6205973029136658,0.33916574716567993,1617,425.83,0.6846269369125366,0.09057434648275375,-0.015950549393892288,-0.008567253334331327,0.8031147718429565,-0.012671878561377525,0.2915527820587158,1784481149.4863837,2.0075128078460693,1604.410701303,0.6666667461395264,,11.233683586120605,42758
8.125,0.0,0.41757771372795105,0.3013850748538971,7.593750000000002e-05,0.24561797082424164,0.12532204389572144,1.713007926940918,0.4583333432674408,0.7172111868858337,-0.6043888330459595,0.43304771184921265,0.04334617294371128,1.3333333730697632,0.17632173001766205,5.702484178543091,0.08189529180526733,2.904750347137451,0.713483452796936,0.42056816816329956,0.40830811858177185,14.913231736719608,0.5934008955955505,0.34529757499694824,1618,447.24,0.6814212203025818,0.09590291231870651,-0.023589981719851494,-0.007226422667736187,0.8570894002914429,-0.01139544602483511,0.30687904357910156,1784481152.121099,2.219170570373535,1606.884341408,0.6666667461395264,,11.712778091430664,38916
8.375,0.0416666679084301,0.3824823498725891,0.30135205388069153,7.593750000000002e-05,0.2227523922920227,0.12851488590240479,1.5466111898422241,0.5,0.6211543083190918,-0.6127845048904419,0.4415450096130371,0.03897949196398258,0.7916666865348816,0.15744012594223022,5.701677584648133,0.07510125637054443,2.7228333950042725,0.7254981994628906,0.4304361939430237,0.40869972109794617,15.47760548889637,0.512669026851654,0.3536284863948822,1619,464.55,0.679956316947937,0.09425278007984161,-0.01649465039372444,-0.0073277187999337915,0.7807342410087585,-0.01118544489145279,0.2845728397369385,1784481154.5881464,2.081345796585083,1609.421292924,0.6666667461395264,,10.98057746887207,41550
7.958333492279053,0.0,0.375988245010376,0.3012218773365021,7.593750000000002e-05,0.2114877998828888,0.12789271771907806,1.5355064868927002,0.375,0.6038923859596252,-0.6219242811203003,0.4431557059288025,0.03838127832859754,0.8333333730697632,0.14692793786525726,5.692869734764099,0.07252740859985352,2.5590617656707764,0.7326698303222656,0.4308759868144989,0.4070802927017212,15.1650211378932,0.5215029120445251,0.35671085119247437,1620,464.11,0.6798137426376343,0.09294325113296509,-0.019357671961188316,-0.007580502460768912,0.7479008436203003,-0.01138526201248169,0.31299257278442383,1784481157.1377273,2.1227567195892334,1611.935557376,0.6666667461395264,,10.430071830749512,40358
7.1666669845581055,0.0,0.41677147150039673,0.3011467158794403,7.593750000000002e-05,0.2547841966152191,0.1251843273639679,1.696684718132019,0.5833333730697632,0.6947922706604004,-0.600469172000885,0.43106383085250854,0.03886993229389191,1.0416667461395264,0.18610285222530365,5.680487585067749,0.08633291721343994,2.771836757659912,0.7158347368240356,0.4206218123435974,0.407221257686615,15.404099232256412,0.6097668409347534,0.34983450174331665,1621,458.64,0.6810868978500366,0.09315644204616547,-0.01754283905029297,-0.007846718595828861,0.8217524290084839,-0.011665153317153454,0.286069393157959,1784481159.641596,2.116933584213257,1614.493812846,0.6666667461395264,,10.856414794921875,40908
8.25,0.0,0.4152070879936218,0.30123206973075867,7.593750000000002e-05,0.21953409910202026,0.12532596290111542,1.5960137844085693,0.5416666865348816,0.6395336389541626,-0.6047656536102295,0.4351240396499634,0.03668420445173979,1.125,0.14476758241653442,5.682642936706543,0.07638169825077057,2.761800765991211,0.7173681259155273,0.4213671088218689,0.4075106084346771,14.546288493722678,0.541588544845581,0.3493654131889343,1622,444.76,0.6815313696861267,0.09191359579563141,-0.016802780330181122,-0.008197534491773694,0.7418782114982605,-0.010553080588579178,0.3042593002319336,1784481162.2019973,2.1509032249450684,1617.60071848,0.6666667461395264,,11.425219535827637,40039
7.6666669845581055,0.0,0.39251455664634705,0.3010610044002533,0.00011390625000000003,0.2133481353521347,0.13003182411193848,1.6902673244476318,0.1666666716337204,0.6788429021835327,-0.6242197751998901,0.447695255279541,0.039047301188111304,0.875,0.1500607430934906,5.681611323356629,0.07323148846626282,2.825608015060425,0.7409334182739258,0.43376848101615906,0.4075689911842346,15.05997027453035,0.5670093297958374,0.36104831099510193,1623,459.75,0.6834747791290283,0.0975155457854271,-0.017018314450979233,-0.007746846412192099,0.7740796804428101,-0.011157135479152203,0.2894017696380615,1784481165.3882492,2.7116539478302,1620.239717431,0.6666667461395264,"{'path': 'media/videos/video_1623_25b4fe36b6d3bc0fd922.mp4', 'size': 1601650.0, '_type': 'video-file', 'sha256': '25b4fe36b6d3bc0fd92229f90cafce421504fd0fafb96bdeb5abd06402929061'}",11.519854545593262,32756
7.0416669845581055,0.0,0.37350642681121826,0.3009645342826843,5.0625000000000024e-05,0.23011505603790283,0.12441520392894745,1.7070653438568115,0.3333333432674408,0.7020702362060547,-0.6029329895973206,0.4280059337615967,0.04101515151560307,1.125,0.16791805624961853,5.665255188941956,0.07757668197154999,2.8525476455688477,0.7092575430870056,0.4172167181968689,0.4070705771446228,14.710271264836193,0.5802509784698486,0.344564288854599,1624,440.61,0.6851305961608887,0.09512946009635925,-0.020238593220710754,-0.007054739200975746,0.7895407676696777,-0.011843967251479626,0.3254075050354004,1784481167.9586287,2.1391773223876953,1622.873178471,0.6666667461395264,,11.848373413085938,39886
7.9166669845581055,0.125,0.44698673486709595,0.30078989267349243,0.00011390625000000005,0.24454450607299805,0.12586307525634766,1.724372386932373,0.5833333730697632,0.6938568353652954,-0.6019870042800903,0.4311704635620117,0.03879088796675205,1.0,0.18537074327468872,5.658559536933899,0.08035007864236832,2.7547290325164795,0.7113339304924011,0.4196227788925171,0.40774092078208923,14.61938110858202,0.6025197505950928,0.3468014597892761,1625,441.94,0.6868197321891785,0.09263187646865845,-0.019076045602560043,-0.008325817110016943,0.8061339259147644,-0.012454884126782417,0.29801058769226074,1784481170.5755453,2.21724009513855,1625.38697556,0.6666667461395264,,10.754598617553711,39083
7.4166669845581055,0.0,0.4208405017852783,0.3006887435913086,7.593750000000002e-05,0.2196740359067917,0.13024242222309113,1.6182804107666016,0.3333333432674408,0.6547268629074097,-0.6130185723304749,0.44525155425071716,0.041331072337925434,0.7916666865348816,0.15522518754005432,5.639655566215515,0.07557167112827301,2.6696715354919434,0.731208086013794,0.43094635009765625,0.40613919496536255,15.03694807767868,0.550218939781189,0.3559417724609375,1626,454.33,0.6868553161621094,0.09865187108516693,-0.016848333179950714,-0.008428019539860544,0.7867193222045898,-0.009810042567551136,0.28809285163879395,1784481173.0987067,2.126702308654785,1627.910085346,0.6666667461395264,,10.815017700195312,40709
6.9166669845581055,0.0,0.39143961668014526,0.3007218837738037,0.00011390625000000003,0.23104533553123474,0.126162588596344,1.720367431640625,0.375,0.6676236987113953,-0.6000888347625732,0.4307062029838562,0.040379445813596246,1.1666667461395264,0.16934850811958313,5.6424154281616214,0.07798169553279877,2.8179264068603516,0.7154636383056641,0.4202394485473633,0.4064757823944092,14.129623800367117,0.5746252536773682,0.34907960891723633,1627,431.18,0.6888083219528198,0.08909422159194946,-0.018162012100219727,-0.0072722696553682905,0.7995777130126953,-0.011081005446612835,0.3002152442932129,1784481175.6127264,2.114832639694214,1630.499917279,0.6666667461395264,,11.369548797607422,40704
8.958333969116211,0.0,0.3931752145290375,0.30070969462394714,7.593750000000002e-05,0.22015754878520966,0.12830042839050293,1.5625286102294922,0.4583333432674408,0.6469913721084595,-0.6111119985580444,0.43968233466148376,0.041160447895526885,1.125,0.1496572494506836,5.641362714767456,0.07496827840805054,2.658259153366089,0.7231082916259766,0.42667150497436523,0.40670478343963623,14.816614593863488,0.5627738237380981,0.35208529233932495,1628,453.97,0.6905686259269714,0.09268339723348618,-0.019840937107801437,-0.008845191675936804,0.7520873546600342,-0.010276710614562035,0.31678032875061035,1784481178.2183056,2.174887180328369,1633.146585736,0.6666667461395264,,10.658397674560547,39453
7.333333492279053,0.0,0.4214341640472412,0.3006170690059662,7.593750000000002e-05,0.20489799976348877,0.12576594948768616,1.4572725296020508,0.2916666865348816,0.613284707069397,-0.6044337749481201,0.43725520372390747,0.03133885301649571,0.9583333730697632,0.15211166441440582,5.639354038238525,0.07241569459438324,2.5643324851989746,0.7181069254875183,0.4215169847011566,0.40686362981796265,15.36020821928978,0.5274761319160461,0.35115736722946167,1629,456.73,0.6922792196273804,0.09080138057470322,-0.016411250457167625,-0.0067230398068204526,0.743861198425293,-0.010519556701183319,0.3007814884185791,1784481180.8505733,2.227339506149292,1635.632520413,0.6666667461395264,,10.575458526611328,38884
7.208333492279053,0.0,0.3428966999053955,0.30045098066329956,7.593750000000002e-05,0.24464774131774902,0.12704934179782867,1.8742191791534424,0.2083333432674408,0.7081910371780396,-0.5934765338897705,0.43464869260787964,0.039033963531255725,1.0833333730697632,0.17263451218605042,5.622369503974914,0.07950052618980408,3.0625109672546387,0.7104381322860718,0.4234732985496521,0.4082121253013611,15.412474901974202,0.5898489952087402,0.3460361957550049,1630,456.55,0.6925897598266602,0.09449081122875214,-0.017924439162015915,-0.007684559441986494,0.8263841867446899,-0.010125888511538506,0.2895975112915039,1784481183.3354304,2.098128080368042,1638.241037675,0.6666667461395264,,12.702733993530273,41170
6.875,0.0416666679084301,0.37680482864379883,0.3005412817001343,7.593750000000002e-05,0.20644527673721313,0.12859515845775604,1.6379865407943726,0.125,0.5865435004234314,-0.6129745244979858,0.44173312187194824,0.04169013202190399,0.7916666865348816,0.15030743181705475,5.619994950294495,0.07081401348114014,2.6226024627685547,0.7248020172119141,0.4253884255886078,0.4095862805843353,15.540656206607819,0.4693940281867981,0.3543567359447479,1631,464.73,0.692018449306488,0.09716460108757019,-0.017720237374305725,-0.006588148698210716,0.7565502524375916,-0.010037601925432682,0.2977137565612793,1784481185.9503646,2.2122387886047363,1640.748040187,0.6666667461395264,,10.263045310974121,39165
8.541666984558105,0.0416666679084301,0.37253865599632263,0.30062705278396606,0.00011390625000000003,0.22593629360198975,0.12467899918556213,1.6155942678451538,0.4583333432674408,0.646949052810669,-0.5969957113265991,0.42811280488967896,0.04215397760272026,1.0416667461395264,0.1736082285642624,5.629148769378662,0.07832762598991394,2.7414462566375732,0.7029439806938171,0.41562092304229736,0.4117720127105713,14.267507709302008,0.5447432994842529,0.33972129225730896,1632,439.24,0.6913803815841675,0.09276643395423889,-0.016516324132680893,-0.007212513289414346,0.7737653255462646,-0.011256316676735878,0.30813074111938477,1784481188.4580438,2.093388795852661,1643.378286412,0.6666667461395264,,10.766570091247559,40934
8.541666984558105,0.0,0.42596468329429626,0.30065324902534485,7.593750000000002e-05,0.19419074058532715,0.12938588857650757,1.4768028259277344,0.2083333432674408,0.5916982293128967,-0.6168100237846375,0.44251665472984314,0.041388468258082865,1.0833333730697632,0.13154582679271698,5.635798096656799,0.06895853579044342,2.532524585723877,0.7308866381645203,0.4310133457183838,0.41062065958976746,15.401729103475809,0.508056640625,0.3565695285797119,1633,464.8,0.6907488703727722,0.09301923960447311,-0.020254433155059814,-0.00776376994617749,0.7065147161483765,-0.010383328422904015,0.30941176414489746,1784481191.0852432,2.21346378326416,1645.807180635,0.6666667461395264,,10.053278923034668,38965
8.291666984558105,0.0416666679084301,0.3376788794994354,0.300593763589859,0.00011390625000000003,0.19884607195854187,0.12996724247932434,1.3569539785385132,0.3333333432674408,0.5554399490356445,-0.6183701753616333,0.44838815927505493,0.039584514871239665,0.7083333730697632,0.143856018781662,5.631250023841858,0.07005741447210312,2.4091317653656006,0.736346423625946,0.4312678575515747,0.41034597158432007,15.683642494678498,0.4641103744506836,0.3600626587867737,1634,464.54,0.6911661028862,0.09401828050613403,-0.01611429825425148,-0.008453230597660876,0.7030231356620789,-0.009518776088953018,0.30083537101745605,1784481193.5188131,2.022549867630005,1648.4234877,0.6666667461395264,,9.705223083496094,42310
6.958333492279053,0.0416666679084301,0.3705533742904663,0.3005618453025818,0.00011390625000000003,0.23364168405532837,0.13015097379684448,1.7561830282211304,0.2916666865348816,0.6508575677871704,-0.6153639554977417,0.44611138105392456,0.04171462655067444,0.8333333730697632,0.18166908621788025,5.620994448661804,0.07718733698129654,2.752340316772461,0.7310630679130554,0.4331040382385254,0.41042327880859375,16.094870053827762,0.5522481799125671,0.35599780082702637,1635,480.34,0.6920633316040039,0.09917384386062622,-0.02135666087269783,-0.008479100727709011,0.8080387115478516,-0.01088140718638897,0.3057584762573242,1784481196.1366277,2.201822519302368,1650.878588851,0.6666667461395264,,10.664443969726562,39202
6.875,0.0,0.41862618923187256,0.3006627857685089,7.593750000000004e-05,0.23131802678108215,0.12845733761787415,1.7287009954452515,0.3333333432674408,0.6474030017852783,-0.6065113544464111,0.4388507008552551,0.041238820552825926,1.0416667461395264,0.16906878352165222,5.6236296653747555,0.07945269346237183,2.797985792160034,0.7194592952728271,0.4269227981567383,0.40967854857444763,15.597605165839195,0.522566020488739,0.3523946702480316,1636,467.67,0.6926657557487488,0.09290264546871185,-0.016566812992095947,-0.007775058888364583,0.8041183352470398,-0.010816363617777824,0.2911665439605713,1784481198.5825825,2.053327798843384,1653.35975318,0.6666667461395264,,11.235713005065918,41929
7.875,0.0,0.4088824689388275,0.3005944788455963,7.593750000000002e-05,0.23532097041606903,0.12544648349285126,1.6013882160186768,0.5833333730697632,0.6724691390991211,-0.5978185534477234,0.4293869435787201,0.04167483560740948,1.2916667461395264,0.17084287106990814,5.6246764183044435,0.08037525415420532,2.762897491455078,0.7061935663223267,0.41447514295578003,0.40985339879989624,14.638583741784096,0.5747071504592896,0.3450814187526703,1637,450.63,0.6923860311508179,0.09103129804134369,-0.017378609627485275,-0.008238027352490462,0.793950080871582,-0.010092253796756268,0.30768465995788574,1784481201.066123,2.0755903720855713,1655.784422535,0.6666667461395264,,10.83960247039795,41247
7.333333492279053,0.0,0.4134862422943115,0.30054858326911926,7.593750000000002e-05,0.22726386785507202,0.12801200151443481,1.6708958148956299,0.5,0.6747194528579712,-0.6058169603347778,0.437384694814682,0.03682688474655151,1.0416667461395264,0.16485744714736938,5.6178007364273075,0.07981278002262115,2.5515637397766113,0.7187144160270691,0.4239935874938965,0.40850263833999634,15.912822510898113,0.5972968339920044,0.34986671805381775,1638,473.41,0.6930162310600281,0.0908951461315155,-0.018082179129123688,-0.005946759846619898,0.7677402496337891,-0.010260194540023804,0.2927134037017822,1784481203.4898705,2.028264284133911,1658.245664151,0.6666667461395264,,10.126620292663574,42354
7.7916669845581055,0.0,0.4331798553466797,0.30054131150245667,7.593750000000002e-05,0.22298532724380493,0.13166144490242004,1.5526994466781616,0.2916666865348816,0.6748541593551636,-0.6116136312484741,0.4515469968318939,0.0411806246265769,0.9583333730697632,0.16525977849960327,5.616932678222656,0.076848104596138,2.7064504623413086,0.7366520762443542,0.4361095428466797,0.405867338180542,15.263760438859462,0.575120210647583,0.35978350043296814,1639,452.72,0.6949154138565063,0.09366341680288315,-0.019215716049075127,-0.0069891208775516135,0.7789279222488403,-0.00963553972542286,0.30022120475769043,1784481205.953597,2.0599212646484375,1660.6803733,0.6666667461395264,,10.946601867675781,41651
7.958333492279053,0.0,0.44054722785949707,0.3003745675086975,7.593750000000002e-05,0.20119689404964447,0.13145557045936584,1.4813792705535889,0.375,0.5821422934532166,-0.6122774481773376,0.4488469064235687,0.03272604513913393,0.75,0.14147326350212097,5.607962894439697,0.06990106403827667,2.4585273265838623,0.7362833023071289,0.4340866208076477,0.4053138494491577,15.43101812824607,0.5095099806785583,0.3615366816520691,1640,458.62,0.694972038269043,0.09437110275030136,-0.01846180483698845,-0.007339216869149822,0.6990925669670105,-0.008703506551682949,0.30104970932006836,1784481208.3857276,2.0286619663238525,1663.173642716,0.6666667461395264,,10.033411026000977,42195
7.583333492279053,0.0,0.3714911639690399,0.30022886395454407,7.593750000000002e-05,0.2309626191854477,0.13080349564552307,1.669473648071289,0.4166666865348816,0.6185262799263,-0.6094813942909241,0.44380053877830505,0.04176704213023186,1.125,0.17604121565818787,5.588594651222229,0.07670062780380249,2.7813286781311035,0.7247642278671265,0.4324788451194763,0.40391191840171814,15.647414655685425,0.5045201182365417,0.35320207476615906,1641,465.05,0.6956915855407715,0.09613822400569916,-0.016460096463561058,-0.007327148076728918,0.7930201292037964,-0.010266042314469814,0.3204371929168701,1784481210.8779685,2.071493625640869,1665.644388371,0.6666667461395264,,11.010165214538574,41098
7.708333492279053,0.0,0.3563302159309387,0.3002065420150757,7.593750000000002e-05,0.2234647274017334,0.12919771671295166,1.6104568243026733,0.25,0.6669062376022339,-0.613808810710907,0.4435529410839081,0.037645943090319635,1.0416667461395264,0.15542900562286377,5.5847372770309445,0.07509388774633408,2.8055877685546875,0.7232460379600525,0.42693865299224854,0.4048207402229309,15.268673689067363,0.5618692636489868,0.3534538447856903,1642,461.19,0.6952521204948425,0.09525835514068604,-0.02151668444275856,-0.008145442748627829,0.776736855506897,-0.0101969875395298,0.29976344108581543,1784481213.3494544,2.0702269077301025,1668.223537332,0.6666667461395264,,11.366168022155762,41478
8.083333969116211,0.0,0.4154545068740845,0.3001457750797272,7.593750000000002e-05,0.1990034431219101,0.13230036199092865,1.4377152919769287,0.2916666865348816,0.6331081390380859,-0.6278238296508789,0.4526997208595276,0.035538052394986155,0.7916666865348816,0.12336838245391846,5.579778027534485,0.06631650030612946,2.6450870037078857,0.7432277202606201,0.43632829189300537,0.4038306176662445,15.739512267187237,0.5350066423416138,0.3617730140686035,1643,476.18,0.6943060755729675,0.09925238788127899,-0.01885955035686493,-0.00820295926532708,0.7319900393486023,-0.010763062164187431,0.3185904026031494,1784481215.9340417,2.159196376800537,1671.296429812,0.6666666865348816,,11.254453659057617,39674
7.25,0.0,0.3701549172401428,0.30015403032302856,7.593750000000002e-05,0.2224595993757248,0.13218653202056885,1.6475814580917358,0.4166666865348816,0.6146538257598877,-0.6121637225151062,0.4532031714916229,0.04438892994076014,0.8333333730697632,0.1645941436290741,5.578204774856568,0.07615438848733902,2.6529345512390137,0.7335154414176941,0.43439507484436035,0.40349000692367554,15.39557430267334,0.5169696807861328,0.35826095938682556,1644,464.06,0.6934289932250977,0.09453582018613815,-0.022652117535471916,-0.0075832773232832554,0.7658073306083679,-0.00927775539457798,0.2983694076538086,1784481219.098836,2.667567253112793,1673.892025408,0.6666667461395264,"{'path': 'media/videos/video_1644_8ca11380ca24b4a9ce99.mp4', 'size': 1629715.0, '_type': 'video-file', 'sha256': '8ca11380ca24b4a9ce99759574a9c7f48b4343b83e9b6a9960bc6fb9ce0ac7ac'}",10.506420135498047,33144
7.333333492279053,0.0,0.39095863699913025,0.3001660108566284,0.00011390625000000003,0.24974289536476135,0.12607884407043457,1.7724260091781616,0.4583333432674408,0.6979758143424988,-0.6007962226867676,0.4346460700035095,0.03923951592296362,1.2083333730697632,0.18989527225494385,5.577795481681823,0.08376868814229965,2.843381404876709,0.7144793272018433,0.42023366689682007,0.4033399224281311,15.216282935589552,0.5942281484603882,0.34871894121170044,1645,463.9,0.6934922933578491,0.09375578165054321,-0.020313989371061325,-0.007966753210348542,0.8104482889175415,-0.010378768667578697,0.28388190269470215,1784481221.595259,2.123699903488159,1676.466919935,0.6666667461395264,,10.8158597946167,40831
8.208333969116211,0.0,0.40884697437286377,0.3001053035259247,0.00011390625000000003,0.21330825984477997,0.13433179259300232,1.5451058149337769,0.375,0.64317786693573,-0.6260954141616821,0.45859140157699585,0.03782984539866448,0.7083333730697632,0.14469721913337708,5.57278995513916,0.07227003574371338,2.553622245788574,0.7510014772415161,0.4430025517940521,0.4022533595561981,15.917202968597412,0.5682353377342224,0.36671242117881775,1646,471.72,0.6946811676025391,0.09647214412689209,-0.02091115713119507,-0.007969122708891519,0.7499501705169678,-0.008581181988120079,0.301053524017334,1784481224.16871,2.1741528511047363,1678.958954524,0.6666667461395264,,10.036409378051758,39715
7.25,0.0416666679084301,0.35112032294273376,0.2999730706214905,0.00011390625000000003,0.23679128289222717,0.12772005796432495,1.7229077816009521,0.3333333432674408,0.6675326228141785,-0.5897619128227234,0.43365511298179626,0.037586523406207564,1.2083333730697632,0.17430409789085388,5.564767217636108,0.07753878831863403,2.840240001678467,0.7050392627716064,0.42094311118125916,0.40409526228904724,15.86360807850957,0.5521947741508484,0.34393173456192017,1647,472.64,0.6931405067443848,0.09568272531032562,-0.021158067509531975,-0.0078084747365210205,0.8290619254112244,-0.009246740490198135,0.3052027225494385,1784481226.672022,2.0887022018432617,1681.489248536,0.6666667461395264,,11.136942863464355,41064
7.25,0.0,0.42275792360305786,0.29977333545684814,0.00011390625000000003,0.20652350783348083,0.13126876950263977,1.3982644081115723,0.2916666865348816,0.5799509286880493,-0.6173120737075806,0.4523749053478241,0.04240213762968779,0.75,0.1371939778327942,5.548153400421143,0.06819261610507965,2.50692081451416,0.7386998534202576,0.4347527027130127,0.40453338623046875,16.311451376378535,0.49714192748069763,0.361796110868454,1648,484.37,0.6920595169067383,0.09384309500455856,-0.026989296078681946,-0.008566694217734039,0.7182712554931641,-0.008911674842238426,0.2877218723297119,1784481229.1915882,2.133573293685913,1683.941922031,0.6666667461395264,,10.599393844604492,40599
8.708333969116211,0.0,0.3923335075378418,0.299655944108963,7.593750000000004e-05,0.22706177830696106,0.1240229532122612,1.616442084312439,0.125,0.663343071937561,-0.5957155227661133,0.42678141593933105,0.043221603333950046,1.4583333730697632,0.15875503420829773,5.533366942405701,0.07586096227169037,2.7165684700012207,0.7019669413566589,0.40909287333488464,0.40651342272758484,14.60904397830367,0.5664989948272705,0.3416818082332611,1649,445.6,0.6902337074279785,0.08974625915288925,-0.020383238792419434,-0.007372898128232918,0.8014876246452332,-0.010549953207373619,0.2971518039703369,1784481231.645461,2.057760000228882,1686.5605768,0.6666667461395264,,10.88551139831543,41744
7.333333492279053,0.0416666679084301,0.4195702075958252,0.2997485101222992,7.593750000000002e-05,0.23297040164470673,0.12932917475700378,1.6792478561401367,0.375,0.6914379000663757,-0.6072821617126465,0.44118398427963257,0.0377286147326231,1.0833333730697632,0.17962078750133514,5.532403516769409,0.08144014328718185,2.752648115158081,0.7202625274658203,0.4258805513381958,0.40868982672691345,15.471931101977825,0.5782716274261475,0.35156744718551636,1650,467.85,0.6883031725883484,0.09061583131551743,-0.019354701042175293,-0.0071424533241952306,0.8162662982940674,-0.009458379819989204,0.30488061904907227,1784481234.2736354,2.2148425579071045,1689.17773874,0.6666667461395264,,10.9232177734375,39013
7.0416669845581055,0.0,0.35521095991134644,0.29970988631248474,0.00011390625000000003,0.235306978225708,0.12596651911735535,1.7094401121139526,0.3333333432674408,0.7040728330612183,-0.5881881713867188,0.4293500781059265,0.0415381783619523,0.9166666865348816,0.16525492072105408,5.535569477081299,0.0794857069849968,2.9020888805389404,0.7035858035087585,0.4131907820701599,0.407802939414978,15.93304192841053,0.601556658744812,0.34442204236984253,1651,477.1,0.6873466968536377,0.08615219593048096,-0.022072330117225647,-0.007942794717382639,0.8012595176696777,-0.008463644422590733,0.3187892436981201,1784481236.8933303,2.18591046333313,1691.729764157,0.6666667461395264,,11.517333984375,39247
6.875,0.0,0.4594360291957855,0.29959219694137573,7.593750000000004e-05,0.2571992576122284,0.12991924583911896,1.7535183429718018,0.2916666865348816,0.7180368900299072,-0.6090474128723145,0.44296127557754517,0.04005138073116541,1.125,0.20110881328582764,5.522702407836914,0.08615855872631073,2.8144683837890625,0.7263657450675964,0.4290703535079956,0.4057648777961731,15.837516523897648,0.6257832646369934,0.3535216748714447,1652,466.77,0.6883708834648132,0.09154223650693893,-0.018386034294962883,-0.007486978429369628,0.796393871307373,-0.010699829086661339,0.28899145126342773,1784481239.4346917,2.1495940685272217,1694.368482646,0.6666667461395264,,10.99521255493164,40311
8.541666984558105,0.0416666679084301,0.39221394062042236,0.29956239461898804,0.00011390625000000003,0.23980939388275146,0.1286948323249817,1.7259321212768555,0.3333333432674408,0.661466121673584,-0.6021183729171753,0.433404803276062,0.043375059776008126,1.4166667461395264,0.1718602031469345,5.518451857566833,0.07969415187835693,2.8329386711120605,0.709719181060791,0.4233744144439697,0.40589815378189087,15.196785876452923,0.5556677579879761,0.3447893559932709,1653,458.29,0.6877281069755554,0.0915946364402771,-0.018856167793273926,-0.007812076233676635,0.8446557521820068,-0.009886984713375568,0.318286657333374,1784481242.091479,2.217052698135376,1696.971426464,0.6666667461395264,,11.501387596130371,38773
8.291666984558105,0.0,0.3922123312950134,0.29947996139526367,0.00011390625000000003,0.23142987489700317,0.13034988939762115,1.7527148723602295,0.375,0.6791200637817383,-0.6097387075424194,0.4475399851799011,0.04236271008849144,1.2083333730697632,0.16680288314819336,5.511794328689575,0.07882451266050339,2.9132933616638184,0.7256607413291931,0.42976850271224976,0.4075091481208801,15.58433063417673,0.5606222748756409,0.3537578582763672,1654,467.9,0.6864764094352722,0.09904598444700241,-0.021236680448055267,-0.007396940951002762,0.795674741268158,-0.0091689582914114,0.29883408546447754,1784481244.6740308,2.180447816848755,1699.435760896,0.6666667461395264,,12.146998405456543,39650
7.625,0.0833333358168602,0.3946789503097534,0.2993506193161011,0.00011390625000000003,0.2537345290184021,0.1298057734966278,1.6919348239898682,0.375,0.665428638458252,-0.6072567701339722,0.4429643154144287,0.03690084554255009,1.25,0.18488672375679016,5.504116582870483,0.08034317940473557,2.8591628074645996,0.7273644804954529,0.4284408688545227,0.4072091579437256,15.330321474969388,0.5596530437469482,0.355292409658432,1655,460.2,0.6847480535507202,0.09170842170715332,-0.01811269484460354,-0.007822070381371305,0.8311647176742554,-0.008956817910075188,0.29656481742858887,1784481247.1384988,2.0673110485076904,1702.073014467,0.6666667461395264,,11.530817031860352,41585
6.875,0.0,0.4215327203273773,0.2992977797985077,0.00011390625000000003,0.2031208872795105,0.12812155485153198,1.4280532598495483,0.2916666865348816,0.5804344415664673,-0.6181045770645142,0.43859177827835083,0.040782253816723825,0.9166666865348816,0.14431196451187134,5.493885731697082,0.07006492465734482,2.478668689727783,0.729036808013916,0.42364296317100525,0.40475448966026306,14.79593490153551,0.4995042681694031,0.3560439944267273,1656,454.44,0.6832861304283142,0.0877765640616417,-0.021860655397176743,-0.0072369588262517935,0.7193477153778076,-0.00969737023115158,0.3036670684814453,1784481249.7790782,2.236011028289795,1704.534024092,0.6666667461395264,,10.109962463378906,38707
7.5416669845581055,0.0,0.40055856108665466,0.2991997301578522,0.00011390625000000003,0.23280322551727295,0.13268154859542847,1.6144533157348633,0.5833333730697632,0.6593976020812988,-0.6160988807678223,0.45269787311553955,0.037762881442904475,0.7916666865348816,0.16635489463806152,5.492585635185241,0.07734289765357971,2.7229228019714355,0.7364293932914734,0.4356628358364105,0.4049135148525238,15.703939814269543,0.5615139007568359,0.35921621322631836,1657,464.3,0.6831795573234558,0.09152030199766159,-0.02619408816099167,-0.00846649861196056,0.7848488688468933,-0.009922275319695473,0.29671549797058105,1784481252.236465,2.0614657402038574,1707.184441604,0.6666667461395264,,10.545940399169922,41686
7.9166669845581055,0.0416666679084301,0.383714497089386,0.2991597354412079,0.00011390625000000003,0.2602531909942627,0.12511372566223145,1.6591172218322754,0.625,0.6901768445968628,-0.597348153591156,0.4320799708366394,0.03659525867551565,0.9166666865348816,0.19435402750968933,5.480538868904114,0.08570662140846252,2.722355604171753,0.7094022631645203,0.4151338040828705,0.4010901153087616,15.035014155805111,0.587826132774353,0.3467426300048828,1658,456.25,0.6835815906524658,0.08799546957015991,-0.018156839534640312,-0.008182261309411843,0.8250993490219116,-0.009513109922409058,0.3160972595214844,1784481254.8932388,2.23577880859375,1709.655433829,0.6666667461395264,,10.904757499694824,38522
7.708333492279053,0.0,0.3887912631034851,0.29917222261428833,7.593750000000002e-05,0.22014093399047852,0.13101878762245178,1.6453359127044678,0.2916666865348816,0.7169936895370483,-0.6181832551956177,0.4484131336212158,0.038949172012507915,0.9166666865348816,0.1503698080778122,5.487690353393555,0.07323873043060303,2.814256429672241,0.7343427538871765,0.4339587688446045,0.40023505687713623,15.456008420586587,0.5968089699745178,0.35706624388694763,1659,462.09,0.6834856867790222,0.0940873846411705,-0.021590888500213623,-0.009462382394121959,0.8301072120666504,-0.009810732677578926,0.2934882640838623,1784481257.3631847,2.0693399906158447,1712.26797083,0.6666667461395264,,11.703627586364746,41604
7.833333492279053,0.0,0.3669339418411255,0.2988787591457367,0.00011390625000000003,0.23775236308574677,0.13256476819515228,1.509859323501587,0.4166666865348816,0.6675318479537964,-0.6087626814842224,0.4501115679740906,0.04444392006844282,1.0833333730697632,0.1658841222524643,5.4710722208023075,0.07917498052120209,2.6707425117492676,0.7322614192962646,0.4343508183956146,0.39988216757774353,15.567621594965457,0.587925136089325,0.3574009835720062,1660,461.68,0.684879720211029,0.10145241022109985,-0.019405372440814972,-0.0071743179927580055,0.792862594127655,-0.009281562641263008,0.31343746185302734,1784481259.9809866,2.192258358001709,1714.734693367,0.6666667461395264,,10.79503059387207,39232
7.625,0.0416666679084301,0.4185022711753845,0.29861703515052795,7.593750000000004e-05,0.22569012641906738,0.12941130995750427,1.5486536026000977,0.4166666865348816,0.6407829523086548,-0.5955840945243835,0.4350605607032776,0.032646287232637405,0.875,0.16664381325244904,5.4418981075286865,0.07661575078964233,2.5772476196289062,0.7137820720672607,0.42532235383987427,0.39915651082992554,15.113208388388157,0.5542968511581421,0.3471411466598511,1661,456.59,0.6844374537467957,0.09002231061458588,-0.02220257744193077,-0.005899370342376642,0.7514199614524841,-0.009351208806037903,0.28833627700805664,1784481262.4366636,2.067688465118408,1717.154618433,0.6666667461395264,,10.409700393676758,41724
7.833333492279053,0.0,0.36568209528923035,0.29852285981178284,7.593750000000002e-05,0.19289040565490723,0.13477490842342377,1.444618582725525,0.125,0.5997774600982666,-0.6261537075042725,0.4562915563583374,0.039428400062024596,0.625,0.11074768751859665,5.421730041503906,0.062480710446834564,2.6363749504089355,0.7522492408752441,0.4439944922924042,0.3981000781059265,16.144248021245,0.5252537131309509,0.36713433265686035,1662,481.0,0.6869282126426697,0.09197207540273666,-0.022150492295622826,-0.007805923745036125,0.7393306493759155,-0.009140217676758766,0.29729342460632324,1784481264.8614576,2.0256924629211426,1719.619426849,0.6666667461395264,,11.24383544921875,42317
7.7916669845581055,0.0,0.3644695281982422,0.298526793718338,0.00011390625000000003,0.24335110187530518,0.1291361004114151,1.6322009563446045,0.6666666865348816,0.651159405708313,-0.5972855687141418,0.43694430589675903,0.03777772933244705,1.0416667461395264,0.18425409495830536,5.42367901802063,0.08171987533569336,2.670454978942871,0.7147938013076782,0.42281097173690796,0.3995530605316162,15.677862856388092,0.574123740196228,0.3479127585887909,1663,468.34,0.6859118938446045,0.0961095541715622,-0.020657384768128395,-0.008422179512126603,0.8018201589584351,-0.009545057080686092,0.2879965305328369,1784481267.3194337,2.0739223957061768,1722.082100105,0.6666667461395264,,10.236720085144043,41620
7.5416669845581055,0.0416666679084301,0.39265915751457214,0.2983893156051636,0.00011390625000000003,0.24039864540100098,0.13041488826274872,1.5173767805099487,0.4166666865348816,0.630492627620697,-0.6151927709579468,0.44208940863609314,0.04181467909365892,0.9166666865348816,0.17781531810760498,5.414475893974304,0.07907892763614655,2.6550052165985107,0.728359580039978,0.42862778902053833,0.397448867559433,14.917819671481848,0.534199059009552,0.3524472713470459,1664,452.16,0.6874197721481323,0.0915444940328598,-0.02037048153579235,-0.007981042584287935,0.7896859049797058,-0.009758229367434978,0.29120659828186035,1784481269.7917569,2.076357364654541,1725.301870903,0.6666667461395264,,10.578612327575684,41521
7.5,0.0833333358168602,0.34429463744163513,0.298343688249588,7.593750000000002e-05,0.2315603792667389,0.13011454045772552,1.666971206665039,0.375,0.6582310795783997,-0.5995583534240723,0.440224289894104,0.04318736381828785,0.9583333730697632,0.16259972751140594,5.400830078125,0.07979315519332886,2.774397373199463,0.7202644348144531,0.42573511600494385,0.3960857093334198,15.061243618130684,0.5644348859786987,0.3509365916252136,1665,453.17,0.6888672709465027,0.09596425294876099,-0.023472916334867477,-0.008214471826795489,0.7888932228088379,-0.009580581448972225,0.31665873527526855,1784481273.1066926,2.7955679893493652,1727.899650937,0.6666667461395264,"{'path': 'media/videos/video_1665_dc303666986975b019b9.mp4', 'size': 1471071.0, '_type': 'video-file', 'sha256': 'dc303666986975b019b99b642a728b2c4c055aede8dcf65194f3e18098a405b6'}",11.14685344696045,31586
6.833333492279053,0.0,0.3348636031150818,0.2984318137168884,0.00011390625000000003,0.2585127353668213,0.1294364333152771,1.7450542449951172,0.4166666865348816,0.6664511561393738,-0.5874830484390259,0.43205341696739197,0.04190529305487871,0.9583333730697632,0.1973518431186676,5.410490393638611,0.08369076251983643,2.841703176498413,0.706580638885498,0.42054009437561035,0.3932644724845886,15.290378837585449,0.565335214138031,0.3454170227050781,1666,454.05,0.6909925937652588,0.08942877501249313,-0.02255719155073166,-0.0068913711176719515,0.8221027255058289,-0.009349988773465157,0.3025050163269043,1784481275.6052623,2.1050782203674316,1730.354010621,0.6666667461395264,,11.557449340820312,40830
8.208333969116211,0.0,0.4173540472984314,0.2982334792613983,7.593750000000002e-05,0.20362436771392822,0.1310802400112152,1.5414438247680664,0.4583333432674408,0.6205112934112549,-0.6061928868293762,0.44228267669677734,0.03890220653265715,0.875,0.1434842050075531,5.406744718551636,0.07090258598327637,2.5580549240112305,0.7281146049499512,0.4283921420574188,0.3913702964782715,15.648836821317673,0.545217752456665,0.35389289259910583,1667,465.45,0.6926142573356628,0.09208264946937561,-0.021061649546027184,-0.008265318162739278,0.7282974123954773,-0.009281877428293228,0.30826497077941895,1784481278.0681918,2.043919563293457,1732.891694074,0.6666667461395264,,10.590696334838867,41792
7.25,0.0416666679084301,0.3518553674221039,0.2980307638645172,0.00011390625000000003,0.22509483993053436,0.13212883472442627,1.7143924236297607,0.375,0.6426893472671509,-0.607971727848053,0.4452001452445984,0.041070671379566194,0.9583333730697632,0.162901371717453,5.381676697731018,0.07567044347524643,2.7067012786865234,0.7273973822593689,0.4312781095504761,0.3919660449028015,14.94070474356413,0.5548373460769653,0.35513508319854736,1668,447.13,0.6925525665283203,0.09343773126602173,-0.017643189057707787,-0.00811161840101704,0.7767404317855835,-0.00941774994134903,0.29592251777648926,1784481280.6023064,2.129638195037842,1735.41091011,0.6666666865348816,,10.935884475708008,40528
7.125,0.0,0.385738730430603,0.29789304733276367,0.00011390625000000003,0.23369744420051575,0.13179168105125427,1.7300300598144531,0.5,0.630495011806488,-0.6042321920394897,0.44090986251831055,0.038008805550634864,0.7916666865348816,0.1730276346206665,5.36719319820404,0.07923352718353271,2.606267213821411,0.7230105400085449,0.4285516142845154,0.3924104869365692,15.041869612634182,0.548295259475708,0.352578341960907,1669,454.66,0.6909300684928894,0.09232909977436066,-0.022071389481425285,-0.008320858988736291,0.7616004943847656,-0.009960106573998928,0.30664968490600586,1784481283.133771,2.105025291442871,1738.096132467,0.6666667461395264,,10.565261840820312,40761
8.875,0.0416666679084301,0.41219258308410645,0.2978581488132477,7.593750000000002e-05,0.2166121006011963,0.13217565417289734,1.6196540594100952,0.3333333432674408,0.6249186992645264,-0.6076264381408691,0.4464219808578491,0.037992322072386744,1.0,0.15197615325450897,5.357905673980713,0.07415655255317688,2.6578078269958496,0.7309461832046509,0.4337165951728821,0.39221951365470886,15.797215296030044,0.5218770503997803,0.35797423124313354,1670,468.04,0.6919258832931519,0.09379775822162628,-0.021597817540168762,-0.008247010852210223,0.7632580995559692,-0.009877758100628853,0.30896806716918945,1784481285.8091831,2.2535979747772217,1740.579702891,0.6666667461395264,,11.058328628540039,38361
7.125,0.0,0.4007866084575653,0.29790186882019043,7.593750000000002e-05,0.20409385859966278,0.13873505592346191,1.352724552154541,0.3333333432674408,0.6225175261497498,-0.6115154027938843,0.4570007920265198,0.03698029164224863,0.625,0.14085200428962708,5.359771370887756,0.07329213619232178,2.4044435024261475,0.7410880923271179,0.44902318716049194,0.3926977813243866,15.782868356704713,0.5505474209785461,0.36178988218307495,1671,466.03,0.6918710470199585,0.09704989194869995,-0.019342223182320595,-0.00752824149094522,0.7116959095001221,-0.00820728950202465,0.2982828617095947,1784481288.295555,2.0748445987701416,1743.243922504,0.6666667461395264,,10.149030685424805,41423
7.625,0.0416666679084301,0.4051940441131592,0.29794394969940186,7.593750000000002e-05,0.27774444222450256,0.12213695049285889,1.7502907514572144,0.5416666865348816,0.7612510919570923,-0.571902871131897,0.41457682847976685,0.04114167522639036,1.2916667461395264,0.2037181705236435,5.363027954101563,0.08891024440526962,3.1065731048583984,0.6786097288131714,0.39917653799057007,0.39207470417022705,14.746722454428673,0.6414486169815063,0.32901531457901,1672,442.78,0.6910912394523621,0.09146681427955627,-0.016179699450731277,-0.006821360920730513,0.8855562210083008,-0.009295845404267311,0.3106873035430908,1784481290.9589622,2.24018931388855,1745.720264934,0.6666667461395264,,12.586596488952637,38537
7.25,0.0416666679084301,0.39796459674835205,0.2977670133113861,7.593750000000002e-05,0.22051696479320526,0.13558176159858704,1.5289524793624878,0.375,0.6099008917808533,-0.6042284369468689,0.4491093158721924,0.04300636537373066,0.875,0.1618025153875351,5.3582347393035885,0.07504281401634216,2.549227714538574,0.7347326278686523,0.43867671489715576,0.3914735019207001,15.61101991713047,0.5257484316825867,0.35754936933517456,1673,460.52,0.6882233619689941,0.09764152765274048,-0.016731228679418564,-0.006764579172340746,0.7279403209686279,-0.009464118629693985,0.29063844680786133,1784481293.4266992,2.0720789432525635,1748.288206889,0.6666667461395264,,10.139750480651855,41606
8.833333969116211,0.0,0.38456135988235474,0.297557532787323,7.593750000000002e-05,0.22177624702453613,0.1309681236743927,1.617032527923584,0.4166666865348816,0.6723978519439697,-0.5984001159667969,0.43778687715530396,0.04708054345101118,1.2916667461395264,0.15365728735923767,5.33298237323761,0.07286746799945831,2.773744583129883,0.72174471616745,0.4266260862350464,0.3917098939418793,15.884829118549824,0.5535150766372681,0.3522690236568451,1674,467.35,0.6869925260543823,0.09111570566892624,-0.0216949712485075,-0.007683541829464957,0.8003973364830017,-0.0096969585865736,0.31998705863952637,1784481296.012573,2.146068811416626,1750.843084749,0.6666667461395264,,11.232386589050293,39862
8.791666984558105,0.0,0.4163803458213806,0.29755139350891113,0.00011390625000000003,0.2319878190755844,0.13422217965126038,1.493477702140808,0.5,0.5803980827331543,-0.6075401306152344,0.4512485861778259,0.03670075479894876,0.8333333730697632,0.18181566894054413,5.322310590744019,0.08073270320892334,2.5017714500427246,0.7364362478256226,0.43556851148605347,0.3907787799835205,15.139899527579546,0.5047339200973511,0.3607202470302582,1675,450.89,0.687964141368866,0.09393182396888733,-0.019957860931754112,-0.00879359048558399,0.7019101977348328,-0.00857300590723753,0.2930128574371338,1784481298.5433486,2.1375207901000977,1753.299481334,0.6666667461395264,,9.792160034179688,40445
7.25,0.0416666679084301,0.4105603098869324,0.297497421503067,0.00011390625000000003,0.20582464337348938,0.13655932247638702,1.4128144979476929,0.3333333432674408,0.5929825305938721,-0.6106475591659546,0.4582098424434662,0.036927366815507415,0.5833333730697632,0.13956612348556519,5.316926574707031,0.06927038729190826,2.4841182231903076,0.7451661825180054,0.443305104970932,0.3870095908641815,15.681148025840521,0.5049793720245361,0.3650088310241699,1676,455.66,0.6891034841537476,0.09327776730060577,-0.01936057023704052,-0.0075331496191211045,0.743571937084198,-0.007480732165277004,0.3018980026245117,1784481301.0071738,2.0582244396209717,1755.916880334,0.6666667461395264,,10.410699844360352,41652
6.583333492279053,0.0833333358168602,0.4003508985042572,0.29739370942115784,0.00011390625000000003,0.26150503754615784,0.1300939917564392,1.5981178283691406,0.375,0.6711410284042358,-0.5852136015892029,0.43233513832092285,0.03767972681671381,0.75,0.19343659281730652,5.308225822448731,0.08494962751865387,2.764612913131714,0.7099541425704956,0.4224562644958496,0.385977566242218,15.3669476044178,0.5745910406112671,0.34765857458114624,1677,454.8,0.6899828314781189,0.09019219875335693,-0.018678633496165276,-0.008429039352631663,0.8633949160575867,-0.0082437414675951,0.3046388626098633,1784481303.627159,2.208303451538086,1758.522918539,0.6666667461395264,,10.99044418334961,39119
8.375,0.0,0.3943515717983246,0.29727494716644287,0.00011390625000000003,0.22529682517051697,0.13251027464866638,1.618074893951416,0.5416666865348816,0.6723877191543579,-0.5905503034591675,0.44024011492729187,0.03497126828879118,1.0416667461395264,0.15871867537498474,5.295728850364685,0.07765086740255356,2.685614585876465,0.7173423171043396,0.4285367429256439,0.3847796320915222,15.67615042373538,0.5857961177825928,0.34949299693107605,1678,466.43,0.6915764212608337,0.09591027349233627,-0.021485958248376846,-0.00873145775985904,0.755293071269989,-0.00895686261355877,0.32117557525634766,1784481306.2565556,2.1769869327545166,1761.065028312,0.6666667461395264,,11.176681518554688,39350
7.375,0.0416666679084301,0.394629567861557,0.2972033619880676,0.00011390625000000003,0.21983742713928223,0.13533106446266174,1.6684383153915405,0.2916666865348816,0.6402290463447571,-0.6081821918487549,0.44953104853630066,0.04262926876544952,0.8333333730697632,0.1456691473722458,5.287455773353576,0.0722554549574852,2.7581088542938232,0.7331758737564087,0.43677422404289246,0.3850134611129761,15.66490722835064,0.5420136451721191,0.35850995779037476,1679,460.05,0.6921591758728027,0.09464852511882782,-0.024270301684737206,-0.007646975395618938,0.7640905380249023,-0.009765196591615677,0.29554271697998047,1784481308.777888,2.112982988357544,1763.672469398,0.6666667461395264,,11.192543029785156,40815
7.208333492279053,0.0833333358168602,0.3957480192184448,0.2972774803638458,0.00011390625000000003,0.239884614944458,0.13057172298431396,1.566328763961792,0.4583333432674408,0.7078930139541626,-0.5910296440124512,0.4337213933467865,0.04279180429875851,1.0833333730697632,0.17809908092021942,5.290935277938843,0.08322901278734207,2.8003063201904297,0.7089583277702332,0.4224604070186615,0.3840583264827728,15.095479324758053,0.6053614020347595,0.3468107581138611,1680,449.55,0.6919328570365906,0.09214501082897186,-0.01880435273051262,-0.00863515652017668,0.7784180641174316,-0.009096484631299973,0.3263435363769531,1784481311.3946998,2.1704347133636475,1766.291394271,0.6666667461395264,,11.107236862182617,39372
8.5,0.0833333358168602,0.4281218945980072,0.2971454858779907,0.00011390625000000003,0.24359624087810516,0.1360519826412201,1.648317813873291,0.3333333432674408,0.6889673471450806,-0.5993235111236572,0.4479304254055023,0.03970244936645031,1.25,0.17190814018249512,5.2850332975387575,0.07933852076530457,2.7863903045654297,0.7289350032806396,0.43736252188682556,0.38547515869140625,15.761412350460887,0.587614893913269,0.3570452332496643,1681,460.81,0.6907229423522949,0.09570678323507309,-0.024651039391756058,-0.008343677899392787,0.8381412029266357,-0.008854709565639496,0.2977616786956787,1784481313.9975476,2.1999573707580566,1768.827740619,0.6666667461395264,,11.470603942871094,39357
7.583333492279053,0.0,0.3635868430137634,0.2971665859222412,0.00011390625000000003,0.23572298884391785,0.13291724026203156,1.6021718978881836,0.4583333432674408,0.6653738021850586,-0.5949597358703613,0.44466662406921387,0.040337196364998815,1.0416667461395264,0.1668231338262558,5.278021883964539,0.07615597546100616,2.782086133956909,0.720291793346405,0.4286976754665375,0.38519105315208435,15.349234972894191,0.5610606670379639,0.3525506854057312,1682,453.05,0.6909699440002441,0.09490476548671722,-0.02192535623908043,-0.007904910369688878,0.780510663986206,-0.008631658740341663,0.2871434688568115,1784481316.5332236,2.1483497619628906,1771.395063917,0.6666667461395264,,11.645164489746094,40363
7.5416669845581055,0.0,0.39240989089012146,0.2971917390823364,0.00011390625000000003,0.22878795862197876,0.1334313154220581,1.6011356115341187,0.3333333432674408,0.6619781255722046,-0.5884400010108948,0.44372257590293884,0.042807694710791114,0.8333333730697632,0.1601702868938446,5.284571266174316,0.07708645612001419,2.7463912963867188,0.7193425893783569,0.43083199858665466,0.3867829740047455,15.237708940394223,0.5731239318847656,0.3525761067867279,1683,441.6,0.6885265111923218,0.0930594727396965,-0.02122366428375244,-0.007661553518846631,0.7829595804214478,-0.008337399922311306,0.2994368076324463,1784481319.1036775,2.1665475368499756,1774.01164345,0.6666667461395264,,10.83247184753418,39864
7.7916669845581055,0.0416666679084301,0.37577807903289795,0.2970762848854065,7.593750000000002e-05,0.23961010575294495,0.13113413751125336,1.609743595123291,0.5,0.6760374903678894,-0.5956014394760132,0.43687278032302856,0.04052972737699747,1.1666667461395264,0.16832280158996582,5.2808819055557255,0.0801224634051323,2.785778045654297,0.7142288684844971,0.42325544357299805,0.38673967123031616,15.143858531862497,0.5702596306800842,0.34817826747894287,1684,450.11,0.6860893964767456,0.09905624389648438,-0.017706219106912613,-0.007958514022175223,0.795128345489502,-0.009532159194350243,0.3173332214355469,1784481321.7228124,2.19472336769104,1776.674357207,0.6666667461395264,,11.23728084564209,39132
7.75,0.0,0.40034914016723633,0.2971181869506836,0.00011390625000000003,0.19735276699066162,0.13692310452461243,1.4649250507354736,0.3333333432674408,0.5503658056259155,-0.6106666326522827,0.4578777253627777,0.036608309298753736,0.8333333730697632,0.14013135433197021,5.274762296676636,0.06957291066646576,2.3820290565490723,0.7409547567367554,0.442056268453598,0.3853100538253784,15.758809025883675,0.4698949456214905,0.36344844102859497,1685,463.15,0.6861613988876343,0.09424203634262085,-0.022334273904561996,-0.008595098010846413,0.6905755400657654,-0.008116266690194607,0.3187234401702881,1784481324.4102688,2.234463691711426,1779.788188953,0.6666667461395264,,9.470489501953125,38502
7.5416669845581055,0.0,0.39996302127838135,0.29713353514671326,0.00011390625000000006,0.20471325516700745,0.13536351919174194,1.6445716619491577,0.4583333432674408,0.6362006068229675,-0.6073733568191528,0.45099958777427673,0.042794492840766904,0.9583333730697632,0.14432071149349213,5.282909202575683,0.07221923768520355,2.68940806388855,0.7333294153213501,0.4384151101112366,0.38595375418663025,15.754059151411056,0.5521997213363647,0.35871824622154236,1686,467.92,0.6879929304122925,0.09562969207763672,-0.022346412762999535,-0.007317634360515512,0.7377594709396362,-0.009410131722688675,0.2874338626861572,1784481327.5836847,2.689821243286133,1782.486755815,0.6666667461395264,"{'_type': 'video-file', 'sha256': '5c383c92b2bc892b544d5299e1454fbf2611d0cf59a1cf204b1ebad48a2a0445', 'path': 'media/videos/video_1686_5c383c92b2bc892b544d.mp4', 'size': 1529654.0}",10.986135482788086,33018
7.375,0.0,0.3737572133541107,0.2970925569534302,7.593750000000004e-05,0.2299022674560547,0.13447056710720062,1.5253456830978394,0.2916666865348816,0.6284629106521606,-0.6026055812835693,0.446112722158432,0.03402392733842134,0.75,0.16408851742744446,5.28450870513916,0.07800063490867615,2.6418886184692383,0.7277647256851196,0.43262752890586853,0.38852113485336304,16.167180024683475,0.5525849461555481,0.35600703954696655,1687,475.65,0.6866101622581482,0.09392178058624268,-0.020976915955543518,-0.00791937874746509,0.7862662076950073,-0.008624888025224209,0.32092761993408203,1784481330.2094681,2.193709373474121,1785.131443839,0.6666667461395264,,11.146617889404297,39092
8.083333969116211,0.0416666679084301,0.3475395143032074,0.2970474660396576,7.593750000000002e-05,0.20875713229179382,0.1352117955684662,1.5229486227035522,0.4166666865348816,0.5889780521392822,-0.6134465932846069,0.45145735144615173,0.043623173423111436,0.7916666865348816,0.14359915256500244,5.275613617897034,0.07100853323936462,2.574702024459839,0.7381040453910828,0.4357376992702484,0.38723206520080566,15.711379029750823,0.4968183934688568,0.3596940040588379,1688,471.85,0.6861857175827026,0.09573511779308319,-0.021038156002759933,-0.007752494007581845,0.7213257551193237,-0.008370996452867985,0.30100321769714355,1784481332.834954,2.2202539443969727,1787.680542473,0.6666667461395264,,10.539995193481445,38990
7.4166669845581055,0.0416666679084301,0.3804452121257782,0.29709264636039734,7.593750000000002e-05,0.22566430270671844,0.13557124137878418,1.4483249187469482,0.25,0.5899608135223389,-0.6049615740776062,0.453384131193161,0.040585731714963914,0.75,0.1666426658630371,5.276789808273316,0.0737813413143158,2.4264721870422363,0.7396410703659058,0.4386025369167328,0.3850504159927368,15.911043221652507,0.4956248700618744,0.3627743721008301,1689,470.11,0.6859111785888672,0.09670908749103546,-0.020010676234960556,-0.007632703268245678,0.731662929058075,-0.00844528153538704,0.2899668216705322,1784481335.3860838,2.1603846549987793,1790.279548528,0.6666667461395264,,9.718620300292969,40118
7.5,0.0416666679084301,0.40973445773124695,0.2970374822616577,0.00011390625000000003,0.25280463695526123,0.13463178277015686,1.5757216215133667,0.5833333730697632,0.6988719701766968,-0.5959012508392334,0.44391942024230957,0.04134853202849627,0.9583333730697632,0.18271192908287048,5.274340367317199,0.08168011903762817,2.894937038421631,0.7205616235733032,0.4297468066215515,0.3845459818840027,15.522240811288357,0.6007198095321655,0.35274237394332886,1690,458.13,0.6854642629623413,0.09873796999454498,-0.01860763691365719,-0.006831191794481129,0.8290149569511414,-0.009663883596658707,0.29700231552124023,1784481337.9850533,2.2000985145568848,1792.7908268,0.6666667461395264,,12.084990501403809,39367
8.291666984558105,0.0,0.345594584941864,0.2969909608364105,0.00011390625000000003,0.2134445607662201,0.1362580507993698,1.5245217084884644,0.25,0.6548652648925781,-0.6024885177612305,0.45142054557800293,0.04626376274973154,1.0416667461395264,0.15199291706085205,5.264732432365418,0.07378517091274261,2.6814727783203125,0.73455810546875,0.4382443428039551,0.3860359191894531,15.52878672540188,0.5495259761810303,0.3581543564796448,1691,460.89,0.684523344039917,0.09289507567882538,-0.02176341414451599,-0.008441413294349331,0.7692157030105591,-0.008676815778017044,0.2973928451538086,1784481340.501134,2.111212968826294,1795.379731521,0.6666667461395264,,11.09164047241211,40813
6.208333492279053,0.0,0.3870006501674652,0.29688313603401184,0.00011390625000000003,0.28372669219970703,0.13072070479393005,1.9609187841415405,0.625,0.8012872934341431,-0.5782723426818848,0.4333372116088867,0.04413382839411497,1.2916667461395264,0.2131616473197937,5.261550235748291,0.08907242864370346,3.2384161949157715,0.7045148611068726,0.42040592432022095,0.3837459683418274,14.942993939369916,0.6786107420921326,0.3437318801879883,1692,439.98,0.6858688592910767,0.09788480401039124,-0.024076230823993683,-0.009008487153914757,0.9297016859054565,-0.009699588641524315,0.3082098960876465,1784481343.0899625,2.173250913619995,1797.839693735,0.6666667461395264,,12.815302848815918,39615
8.083333969116211,0.0,0.40548786520957947,0.29678764939308167,0.00011390625000000003,0.2684420645236969,0.13176970183849335,1.7745816707611084,0.5,0.7288278341293335,-0.5862645506858826,0.43917685747146606,0.04348627962172032,1.5416667461395264,0.2023899257183075,5.2523096084594725,0.08935578912496567,2.9288406372070312,0.7123786807060242,0.4249541163444519,0.3815480172634125,15.628202431201935,0.6287810206413269,0.3480091094970703,1693,456.43,0.6863675117492676,0.09385210275650024,-0.01800157129764557,-0.00788009397801943,0.8629850149154663,-0.010003688745200634,0.2920379638671875,1784481345.5452106,2.059624195098877,1800.474793413,0.6666667461395264,,11.535178184509277,41801
7.125,0.0,0.413251131772995,0.2969019114971161,0.00011390625000000003,0.2215460240840912,0.13432972133159637,1.5783765316009521,0.375,0.6244876384735107,-0.597320556640625,0.4457363784313202,0.037423665449023244,0.875,0.16218000650405884,5.24740686416626,0.07895541191101074,2.597278118133545,0.7233485579490662,0.4303079843521118,0.37897783517837524,15.849611976444722,0.5265084505081177,0.35212379693984985,1694,468.68,0.6886927485466003,0.09564029425382614,-0.0194868054240942,-0.007634416437940672,0.7381584048271179,-0.009838666766881943,0.31371474266052246,1784481348.1793077,2.2183878421783447,1802.947688383,0.6666667461395264,,10.504886627197266,38823
9.25,0.0,0.36948955059051514,0.296876460313797,0.00011390625000000003,0.1981082558631897,0.13794025778770447,1.4648523330688477,0.375,0.5735346078872681,-0.6145184636116028,0.4620841443538666,0.04044328313320875,0.7916666865348816,0.13474904000759125,5.258863496780395,0.0689249038696289,2.507643222808838,0.7507213354110718,0.44596657156944275,0.37787312269210815,16.007292417585848,0.5025341510772705,0.3661572337150574,1695,466.82,0.6890518665313721,0.10068278759717941,-0.020192740485072136,-0.00845846755837556,0.719282329082489,-0.008500443771481514,0.2901904582977295,1784481350.650335,2.0820577144622803,1805.500374919,0.6666667461395264,,10.334644317626953,41439
8.083333969116211,0.0416666679084301,0.41434282064437866,0.29669150710105896,7.593750000000004e-05,0.23653189837932587,0.13300754129886627,1.5947027206420898,0.375,0.6249508857727051,-0.590458869934082,0.4420238733291626,0.03361386880278587,0.875,0.18025311827659607,5.24278199672699,0.08045478165149689,2.599486827850342,0.7155117392539978,0.4321722388267517,0.37630385160446167,15.213990423381329,0.5094513893127441,0.3478423058986664,1696,448.33,0.6899492740631104,0.09856069087982178,-0.024404004216194153,-0.008193204994313419,0.7530452609062195,-0.01003191526979208,0.3120408058166504,1784481353.221825,2.1413991451263428,1808.016233608,0.6666667461395264,,10.259355545043945,40067
6.5416669845581055,0.0,0.3836348056793213,0.2966857850551605,7.593750000000002e-05,0.21930484473705292,0.13343888521194458,1.448030948638916,0.2916666865348816,0.6378613710403442,-0.60037761926651,0.44486138224601746,0.04479923211038113,0.875,0.161951944231987,5.234099245071411,0.07569167762994766,2.609459400177002,0.7257291078567505,0.42979201674461365,0.37381911277770996,15.347631228715182,0.5305399298667908,0.3541843891143799,1697,456.27,0.6903455257415771,0.0936441719532013,-0.02064814791083336,-0.00898659759113798,0.7884609699249268,-0.01022553164511919,0.2943155765533447,1784481355.7097254,2.1010966300964355,1810.535244942,0.6666667461395264,,10.661294937133789,41038
7.083333492279053,0.0416666679084301,0.3772922456264496,0.2966005206108093,0.00011390625000000003,0.2608477473258972,0.1335550993680954,1.6763110160827637,0.5833333730697632,0.6465936899185181,-0.586129903793335,0.4421080946922302,0.037158744595944884,0.8333333730697632,0.20609287917613983,5.232057857513428,0.08532469719648361,2.7376365661621094,0.7169491648674011,0.43277597427368164,0.37122124433517456,15.895779522955417,0.535423755645752,0.3500964045524597,1698,460.85,0.6900733709335327,0.09508602321147919,-0.019800685346126556,-0.00814546411857009,0.8042129874229431,-0.010098394937813282,0.3054616451263428,1784481358.2419035,2.1252737045288086,1813.105614794,0.6666667461395264,,10.71951961517334,40442
8.166666984558105,0.0416666679084301,0.39961713552474976,0.29644542932510376,0.00011390625000000006,0.2301337718963623,0.1358821988105774,1.6268905401229858,0.4166666865348816,0.641485333442688,-0.5939107537269592,0.4478141665458679,0.03794275652617216,1.0833333730697632,0.16385029256343842,5.2104987621307375,0.07704635709524155,2.6147940158843994,0.7271761298179626,0.4364170432090759,0.3690824508666992,15.68748568713665,0.5749157071113586,0.3550930917263031,1699,456.88,0.6912395358085632,0.0979824885725975,-0.021944865584373474,-0.007836160957958782,0.7853843569755554,-0.00900690071284771,0.29891252517700195,1784481360.814676,2.1684482097625732,1815.626050645,0.6666667461395264,,10.672266006469727,39841
7.5416669845581055,0.0,0.3908020257949829,0.296385258436203,0.00011390625000000006,0.23234456777572632,0.13466176390647888,1.4880702495574951,0.4166666865348816,0.6385981440544128,-0.6019382476806641,0.44948551058769226,0.04185937792062759,0.75,0.16268114745616913,5.203676104545593,0.07878824323415756,2.637963056564331,0.7324334979057312,0.4334401488304138,0.3689296245574951,15.549773592948913,0.5483719706535339,0.3567793369293213,1700,456.52,0.6917712688446045,0.09915092587471008,-0.023040514439344406,-0.00794718794641085,0.7804708480834961,-0.0089664775878191,0.2874419689178467,1784481363.331298,2.127450942993164,1818.138504595,0.6666667461395264,,10.668712615966797,40707
7.583333492279053,0.0,0.39918094873428345,0.29638218879699707,7.593750000000004e-05,0.20858904719352722,0.13735555112361908,1.5724972486495972,0.2916666865348816,0.6411846280097961,-0.6087198257446289,0.45507973432540894,0.044093288108706476,0.875,0.13807523250579834,5.200516414642334,0.06837698072195053,2.642740249633789,0.7373985052108765,0.44229674339294434,0.36751359701156616,15.696122761070729,0.5369539260864258,0.3604263663291931,1701,456.25,0.6918230056762695,0.0989963635802269,-0.019932841882109642,-0.008448975341161713,0.7608110904693604,-0.010691056959331036,0.2977907657623291,1784481365.8426,2.112879514694214,1820.67683958,0.7268518805503845,,10.698144912719727,40778
8.916666984558105,0.0,0.36894750595092773,0.29627740383148193,0.00011390625000000003,0.22390902042388916,0.13824209570884705,1.5921239852905273,0.5,0.613122820854187,-0.6078106760978699,0.45389145612716675,0.04166010525077581,1.0416667461395264,0.16218653321266174,5.194365286827088,0.07277221977710724,2.5808985233306885,0.738033652305603,0.4417073428630829,0.3674566447734833,15.90125133395195,0.5389350652694702,0.35864219069480896,1702,466.21,0.6917256116867065,0.0975058302283287,-0.025273997336626053,-0.008254110219422729,0.7428501844406128,-0.011127512902021408,0.31435275077819824,1784481368.3902762,2.1229913234710693,1823.271889133,0.7222222685813904,,10.334708213806152,40332
7.083333492279053,0.0416666679084301,0.3812412917613983,0.2962649464607239,0.00011390625000000003,0.20070254802703857,0.13831010460853577,1.4030895233154297,0.25,0.5271691679954529,-0.6130765676498413,0.455331414937973,0.0383811054751277,0.7083333730697632,0.1578194499015808,5.187426948547364,0.06927616894245148,2.4181699752807617,0.7417582273483276,0.4430469870567322,0.3687214255332947,15.97386899093166,0.45115435123443604,0.36057013273239136,1703,468.87,0.6916031837463379,0.0959092229604721,-0.023294296115636826,-0.008480815950315445,0.6618127822875977,-0.011002260260283947,0.28180456161499023,1784481370.9738224,2.2000982761383057,1825.855641537,0.7777778506278992,,9.989459991455078,39608
8.125,0.0,0.4011063575744629,0.29621049761772156,7.593750000000002e-05,0.20176076889038086,0.13981662690639496,1.5268958806991577,0.1666666716337204,0.5817211270332336,-0.6139055490493774,0.461270809173584,0.04446790423244238,0.8333333730697632,0.14234647154808044,5.18396532535553,0.07035116851329803,2.564011573791504,0.7493483424186707,0.44969820976257324,0.3685813844203949,16.62405515193939,0.4849659204483032,0.3635501265525818,1704,486.48,0.6911417841911316,0.10097098350524902,-0.02405698597431183,-0.00803022874169983,0.7159554362297058,-0.010321764275431633,0.30771684646606445,1784481373.5809648,2.1769700050354004,1828.524064128,0.7777778506278992,,10.280952453613281,39563
8.041666984558105,0.0,0.3819558620452881,0.2961559593677521,0.00011390625000000003,0.239571213722229,0.1328699290752411,1.6962770223617554,0.4583333432674408,0.6800214648246765,-0.5865366458892822,0.4406650960445404,0.036303847283124926,0.875,0.17541056871414185,5.1757365465164185,0.07988706231117249,2.7333579063415527,0.7142782211303711,0.42453059554100037,0.3680792450904846,16.412455362975596,0.583486020565033,0.3483130931854248,1705,479.14,0.6920549273490906,0.09654706716537476,-0.022041862830519676,-0.00751923190546222,0.7927774786949158,-0.009009068831801414,0.2946505546569824,1784481376.235517,2.2497401237487793,1831.066354741,0.7777778506278992,,10.859350204467773,38635
7.4166669845581055,0.0,0.3474538326263428,0.2962053418159485,0.00011390625000000003,0.21571099758148193,0.1343534290790558,1.6932405233383179,0.2916666865348816,0.6386010050773621,-0.5960257053375244,0.44734451174736023,0.04155555237084627,1.1666667461395264,0.15061944723129272,5.177635622024536,0.0737946480512619,2.6709823608398438,0.7246822118759155,0.432623952627182,0.3674887418746948,15.571888002753258,0.5533021688461304,0.3514682948589325,1706,454.48,0.6925058364868164,0.09714369475841522,-0.024113118648529053,-0.00871737892884994,0.7861596345901489,-0.009609682485461235,0.2907583713531494,1784481378.7701821,2.1431336402893066,1834.280721406,0.7592593431472778,,10.743494987487793,40389
7.7916669845581055,0.0,0.34809404611587524,0.2962770462036133,7.593750000000004e-05,0.1959356665611267,0.13808724284172058,1.5197925567626953,0.25,0.5928224921226501,-0.6124288439750671,0.45532116293907166,0.045198419317603114,0.9583333730697632,0.1331048607826233,5.185131621360779,0.06759589165449142,2.552084445953369,0.744653582572937,0.44287651777267456,0.3672480583190918,15.331758049428464,0.5085044503211975,0.3603043258190155,1707,458.49,0.6922306418418884,0.10052783787250519,-0.021248212084174156,-0.008009041340847034,0.716162383556366,-0.009650550782680511,0.3017289638519287,1784481382.0579267,2.812736988067627,1836.847384844,0.6666667461395264,"{'sha256': '45c109fba68f4b6421b50864a7d21586e70c64087d3a802615b8d60ce92cffa0', 'path': 'media/videos/video_1707_45c109fba68f4b6421b5.mp4', 'size': 1450583.0, '_type': 'video-file'}",10.578857421875,31563
7.208333492279053,0.0,0.3972282111644745,0.2962149381637573,7.593750000000002e-05,0.23231154680252075,0.13300549983978271,1.698502779006958,0.2916666865348816,0.6754447817802429,-0.5849395990371704,0.4389116168022156,0.04023677837103605,1.2916667461395264,0.1654173880815506,5.183467864990234,0.07980398088693619,2.8328957557678223,0.7121461629867554,0.4258769750595093,0.370067834854126,15.288912231624126,0.5739341378211975,0.3457324504852295,1708,440.35,0.6915072798728943,0.09590532630681992,-0.01835717260837555,-0.007011248957132921,0.7949113845825195,-0.010146508924663067,0.2938070297241211,1784481384.5520782,2.1087374687194824,1839.433655439,0.6666667461395264,,11.40772819519043,40916
7.625,0.0,0.42628198862075806,0.29611292481422424,0.00011390625000000003,0.21199285984039307,0.1362150013446808,1.3633359670639038,0.2916666865348816,0.5792409777641296,-0.6005183458328247,0.44552549719810486,0.041727499663829805,1.0416667461395264,0.14478713274002075,5.1700968742370605,0.07303328812122345,2.5045700073242188,0.7298507690429688,0.4329776465892792,0.3730294108390808,15.547996452450752,0.49791616201400757,0.35520869493484497,1709,462.33,0.6887354850769043,0.09677468240261078,-0.02367444708943367,-0.008604274927347434,0.7210184931755066,-0.009247665293514729,0.30303049087524414,1784481387.1426468,2.182751178741455,1841.895584298,0.6666667461395264,,10.791498184204102,39546
7.333333492279053,0.0,0.39427363872528076,0.2961328327655792,7.593750000000002e-05,0.19871662557125092,0.1387941688299179,1.4958713054656982,0.3333333432674408,0.5831133723258972,-0.6150301694869995,0.4591237008571625,0.04084509219974279,0.7916666865348816,0.13411864638328552,5.168943643569946,0.06950563192367554,2.4835009574890137,0.7478439211845398,0.4426208734512329,0.3723844289779663,16.366338247060774,0.5099952220916748,0.3651922941207886,1710,477.15,0.686907172203064,0.10382209718227386,-0.022897064685821533,-0.00773990279994905,0.6985162496566772,-0.009495788253843784,0.2838308811187744,1784481389.6039402,2.072256088256836,1844.589445038,0.6666667461395264,,10.908452987670898,41723
7.7916669845581055,0.0,0.38318175077438354,0.2962697744369507,0.00011390625000000003,0.23525893688201904,0.13713786005973816,1.656014323234558,0.5,0.6804161071777344,-0.5978336334228516,0.449379026889801,0.03933643642812967,1.0,0.17160438001155853,5.18266007900238,0.08003585040569305,2.714276075363159,0.7280532717704773,0.4358518719673157,0.3722348213195801,15.384605262875557,0.598018229007721,0.3558243215084076,1711,451.09,0.6873172521591187,0.10096490383148193,-0.01901274174451828,-0.007511382637312635,0.7493907809257507,-0.010224889032542706,0.31331753730773926,1784481392.3024,2.273388624191284,1847.08532698,0.6666667461395264,,10.97822380065918,38003
8.208333969116211,0.0,0.3526240289211273,0.2963877320289612,7.593750000000002e-05,0.21031920611858368,0.14073050022125244,1.527026891708374,0.25,0.6483069062232971,-0.6126518249511719,0.46053406596183777,0.0394211832433939,1.0416667461395264,0.14168229699134827,5.196462082862854,0.07235050201416016,2.672426223754883,0.7500858306884766,0.44741424918174744,0.3719266355037689,16.10025307714939,0.559959888458252,0.36444637179374695,1712,468.04,0.6878406405448914,0.09957796335220337,-0.02186529152095318,-0.008647743464098311,0.7596083879470825,-0.008884275332093239,0.30059337615966797,1784481394.7980022,2.0833427906036377,1849.681887997,0.6666667461395264,,11.032256126403809,41236
6.833333492279053,0.0,0.4130980372428894,0.29642051458358765,0.00011390625000000003,0.24789518117904663,0.1339152604341507,1.6961686611175537,0.2916666865348816,0.7213138937950134,-0.5962132215499878,0.44305264949798584,0.03596182819455862,1.0416667461395264,0.1726769208908081,5.203725409507752,0.08246220648288727,2.938387870788574,0.7232482433319092,0.4318118989467621,0.37133365869522095,15.465637352243066,0.6298446655273438,0.3525037169456482,1713,452.72,0.6902869939804077,0.0990394577383995,-0.019634898751974106,-0.00879824981384445,0.8556550741195679,-0.010581168346107006,0.3101048469543457,1784481397.3951733,2.1767385005950928,1852.314662698,0.6666667461395264,,11.979357719421387,39529
7.7916669845581055,0.0416666679084301,0.41668975353240967,0.2962321639060974,0.00011390625000000003,0.19733190536499023,0.13989537954330444,1.4608521461486816,0.1666666716337204,0.5652823448181152,-0.6056391596794128,0.458671897649765,0.03905586209148169,0.7916666865348816,0.1272793412208557,5.195784687995911,0.06573154032230377,2.4936420917510986,0.742024302482605,0.4445911645889282,0.37204766273498535,15.403385486006737,0.4700284004211426,0.362427294254303,1714,448.69,0.6916326284408569,0.09839671850204468,-0.025371557101607323,-0.008119204097602051,0.7057287693023682,-0.009320562705397606,0.3213067054748535,1784481400.0317233,2.200147867202759,1854.859887073,0.6666667461395264,,10.357216835021973,38987
7.5416669845581055,0.0,0.3345482349395752,0.29613497853279114,0.00011390625000000003,0.2195497751235962,0.13656164705753326,1.5863069295883179,0.1666666716337204,0.6315200328826904,-0.6052646636962891,0.4511645436286926,0.04287064354866743,1.0416667461395264,0.1540410816669464,5.178382635116577,0.07487479597330093,2.6755950450897217,0.7337860465049744,0.43544691801071167,0.3738296926021576,16.624626329243185,0.535044252872467,0.35585182905197144,1715,475.38,0.6906437277793884,0.09960215538740158,-0.020198900252580643,-0.007840369428231497,0.7641212344169617,-0.010239671915769577,0.2848174571990967,1784481402.5662398,2.141014814376831,1857.44769761,0.6666667461395264,,10.934161186218262,40523
8.75,0.0416666679084301,0.3412890136241913,0.29623815417289734,0.00011390625000000003,0.21250085532665253,0.13855761289596558,1.591894507408142,0.375,0.6384055614471436,-0.6025105714797974,0.4561654031276703,0.04967292305082083,0.9166666865348816,0.15001416206359863,5.180139279365539,0.07395578920841217,2.705718517303467,0.7351739406585693,0.44200533628463745,0.37392622232437134,15.853339145630597,0.5367652773857117,0.3589876890182495,1716,454.92,0.6904928684234619,0.10175395011901855,-0.022303413599729538,-0.0082312491373159,0.7497877478599548,-0.00964218657463789,0.322620153427124,1784481405.1653285,2.1621415615081787,1860.063305966,0.6666667461395264,,11.148193359375,39562
8.1304349899292,0.0,0.3840256929397583,0.2962937653064728,0.00011390625000000003,0.23603738844394684,0.1385214626789093,1.6076550483703613,0.52173912525177,0.668753981590271,-0.5976400971412659,0.45272696018218994,0.03652089778333902,1.08695650100708,0.16887213289737701,5.196053862571716,0.08019818365573883,2.7651450634002686,0.7333618998527527,0.4404136538505554,0.37418174743652344,16.136185430288315,0.57209312915802,0.3562230169773102,1717,470.94,0.691619336605072,0.09670084714889526,-0.02342555858194828,-0.008233176724752411,0.7738533020019531,-0.009657974354922771,0.3039553165435791,1784481407.7750309,2.194849729537964,1862.738635541,0.6666667461395264,,10.764938354492188,39340
6.5,0.0,0.39074844121932983,0.2964036762714386,0.00011390625000000006,0.2534445524215698,0.12988954782485962,1.7117189168930054,0.5416666865348816,0.6818694472312927,-0.571049153804779,0.42452487349510193,0.0378172654658556,1.125,0.18220850825309753,5.201778602600098,0.0844191312789917,2.8044557571411133,0.6940398216247559,0.4126245379447937,0.3736079931259155,14.736290026158095,0.6036900877952576,0.3372209072113037,1718,438.1,0.6943764686584473,0.0905606672167778,-0.023810183629393578,-0.008799800742417574,0.8016165494918823,-0.010128337889909744,0.31074953079223633,1784481410.4499516,2.2551989555358887,1865.292824143,0.6666667461395264,,11.252080917358398,38310
7.5416669845581055,0.0,0.37182924151420593,0.29661864042282104,7.593750000000004e-05,0.2350511997938156,0.13333508372306824,1.6697639226913452,0.2916666865348816,0.7026674151420593,-0.5818725228309631,0.43676576018333435,0.04167420417070389,1.2083333730697632,0.16776558756828308,5.2223182916641235,0.08024007081985474,2.9754371643066406,0.711040198802948,0.42793184518814087,0.37390685081481934,15.351026037931442,0.5881877541542053,0.3447342813014984,1719,445.74,0.6965219974517822,0.09411575645208359,-0.019108986482024193,-0.008005685568787158,0.838595986366272,-0.01010938361287117,0.2929377555847168,1784481412.9889452,2.1525261402130127,1867.838510825,0.6666667461395264,,12.069662094116211,40198
8.208333969116211,0.0833333358168602,0.37460917234420776,0.2967780828475952,0.00011390625000000003,0.21465542912483215,0.13833755254745483,1.5308817625045776,0.4583333432674408,0.5911591053009033,-0.6059173345565796,0.45334768295288086,0.03956368286162615,0.9166666865348816,0.15442070364952087,5.240057396888733,0.07457941770553589,2.5129647254943848,0.7336747050285339,0.44012582302093506,0.3735385835170746,15.82866947248578,0.5079654455184937,0.3555489480495453,1720,465.7,0.697210431098938,0.10112755745649338,-0.020793050527572632,-0.007795222668210045,0.7146750688552856,-0.010170414112508297,0.2913517951965332,1784481415.542829,2.16357684135437,1870.281224242,0.6666667461395264,,10.48591136932373,40043
7.4166669845581055,0.0,0.4068760275840759,0.29661664366722107,7.593750000000002e-05,0.2067805975675583,0.13919498026371002,1.6480149030685425,0.5416666865348816,0.5912904739379883,-0.6021482944488525,0.45540088415145874,0.04239543359726668,0.8333333730697632,0.143767848610878,5.2378445863723755,0.0715845599770546,2.6648781299591064,0.7393594980239868,0.4390520453453064,0.3721902072429657,15.838585622608662,0.49719154834747314,0.3610471189022064,1721,462.55,0.6965769529342651,0.10069378465414047,-0.019563209265470505,-0.007925100697320886,0.7327078580856323,-0.00984988920390606,0.28592491149902344,1784481417.9872465,2.056586742401123,1872.897598632,0.6666667461395264,,10.470907211303711,41965
7.833333492279053,0.0,0.4081049859523773,0.29662710428237915,5.062500000000002e-05,0.20219150185585022,0.13700099289417267,1.5011171102523804,0.375,0.5784298181533813,-0.6025611162185669,0.4533644914627075,0.03762602228671312,1.0,0.1412407010793686,5.232395100593567,0.07103945314884186,2.527594566345215,0.7370420694351196,0.43828198313713074,0.3743523359298706,16.50399553284049,0.4912647008895874,0.3568722605705261,1722,474.42,0.6959921717643738,0.0989680141210556,-0.021794011816382408,-0.007657402224140242,0.7254378795623779,-0.009527234360575676,0.3214106559753418,1784481420.6072614,2.1926164627075195,1875.448921572,0.6666667461395264,,10.102678298950195,39102
8.666666984558105,0.0416666679084301,0.391215056180954,0.29658886790275574,0.00011390625000000003,0.21852317452430725,0.1407787948846817,1.6088597774505615,0.375,0.599918007850647,-0.6003921627998352,0.4589789807796478,0.0341192165389657,0.75,0.15930423140525818,5.229384183883667,0.07443448901176453,2.4994263648986816,0.7383739352226257,0.44764411449432373,0.372974157333374,16.229499413371087,0.4990667998790741,0.36139464378356934,1723,466.57,0.6962115168571472,0.09977443516254425,-0.019151687622070312,-0.007785436220001429,0.7403484582901001,-0.009660515934228897,0.29822468757629395,1784481423.1536343,2.1457862854003906,1878.000545556,0.6666667461395264,,9.663241386413574,40222
6.7916669845581055,0.0416666679084301,0.37338119745254517,0.2966402769088745,0.00011390625000000006,0.21175023913383484,0.14158490300178528,1.6145572662353516,0.3333333432674408,0.6472083330154419,-0.6048650741577148,0.4610689878463745,0.039669784158468245,0.5416666865348816,0.15182803571224213,5.230753755569458,0.070655457675457,2.581460952758789,0.7417756915092468,0.44829651713371277,0.372203528881073,15.97555188447237,0.5517926216125488,0.3628500699996948,1724,464.38,0.6972624063491821,0.0976528748869896,-0.01923731341958046,-0.00800163856074505,0.7462128400802612,-0.009863128885626793,0.3131134510040283,1784481425.7230403,2.137425422668457,1880.559785034,0.6666667461395264,,10.134414672851562,40115
7.7916669845581055,0.0,0.3973623216152191,0.29654425382614136,0.00011390625000000006,0.20425888895988464,0.14058664441108704,1.4672726392745972,0.5,0.6021272540092468,-0.6054790019989014,0.4615567922592163,0.03630788195878267,0.7916666865348816,0.14885061979293823,5.225713920593262,0.07334154099225998,2.450467348098755,0.7438832521438599,0.4464375376701355,0.37159833312034607,15.516581637859344,0.5376843810081482,0.36246156692504883,1725,454.65,0.6975398063659668,0.10003094375133514,-0.019969847053289413,-0.008641279232688249,0.7007088661193848,-0.009900470264256,0.29947757720947266,1784481428.2659051,2.1386525630950928,1883.117742734,0.6666667461395264,,9.962757110595703,40319
7.7916669845581055,0.0416666679084301,0.40441834926605225,0.29632413387298584,0.00011390625000000006,0.21794959902763367,0.13826067745685577,1.555141806602478,0.4583333432674408,0.590825080871582,-0.5992881059646606,0.4559175372123718,0.03902048598974943,0.9166666865348816,0.16748425364494324,5.20850932598114,0.07631327211856842,2.6490697860717773,0.7359701991081238,0.4406527280807495,0.3696959912776947,15.381623684540392,0.4953743815422058,0.3584595322608948,1726,453.51,0.6973098516464233,0.09563197195529938,-0.018677400425076485,-0.00759299963247031,0.7415193319320679,-0.009393837302923203,0.31329846382141113,1784481430.8342676,2.141836643218994,1885.832817794,0.6666667461395264,,10.777621269226074,40040
8.291666984558105,0.0416666679084301,0.427417516708374,0.2963413894176483,0.00011390625000000006,0.21093648672103882,0.1388038694858551,1.4212977886199951,0.625,0.537993311882019,-0.6063496470451355,0.45883405208587646,0.03388171587139368,0.5416666865348816,0.15583252906799316,5.192949485778809,0.07267122715711594,2.3305697441101074,0.7419790029525757,0.44412124156951904,0.3664822578430176,16.41204339712858,0.48698705434799194,0.36196693778038025,1727,474.91,0.697887122631073,0.0976029634475708,-0.02194283902645111,-0.008905829915602227,0.6666438579559326,-0.009751291945576668,0.31024980545043945,1784481433.5441518,2.2862839698791504,1888.857874368,0.6666667461395264,,9.416084289550781,37859
7.1666669845581055,0.0,0.38537222146987915,0.2962855398654938,0.00011390625000000006,0.2097707837820053,0.14026571810245514,1.5606286525726318,0.2083333432674408,0.6133966445922852,-0.6065288782119751,0.45778512954711914,0.041230601631104945,0.9166666865348816,0.1448417603969574,5.200416398048401,0.07369208335876465,2.59954833984375,0.7380982637405396,0.4452844560146332,0.3632130026817322,16.18642680853605,0.5281980633735657,0.3601560592651367,1728,470.95,0.6982488632202148,0.09744247049093246,-0.02248881570994854,-0.007992440310772508,0.7240866422653198,-0.010410932824015617,0.29503679275512695,1784481436.6484125,2.622983455657959,1891.602661534,0.6805557012557983,"{'path': 'media/videos/video_1728_77ee8e41020cb0b1c39d.mp4', 'size': 1604542.0, '_type': 'video-file', 'sha256': '77ee8e41020cb0b1c39dd392317923fcc8d60283ec7fc69565644a62947d98a7'}",10.736502647399902,33688
7.9166669845581055,0.0,0.39796850085258484,0.29623910784721375,7.593750000000004e-05,0.2248106598854065,0.13824832439422607,1.5320972204208374,0.4166666865348816,0.6324067115783691,-0.6078519821166992,0.4544472098350525,0.03634719848632813,0.8333333730697632,0.15765216946601868,5.193545150756836,0.07568138092756271,2.6212706565856934,0.7377268075942993,0.44086143374443054,0.3632112145423889,16.04330246448517,0.5347057580947876,0.3596305251121521,1729,472.13,0.6981644630432129,0.0976300984621048,-0.020713794976472855,-0.006674568785092561,0.7537630796432495,-0.010681692510843277,0.3021085262298584,1784481439.3048348,2.265606164932251,1894.029144095,0.7546296119689941,,10.511293411254883,38284
7.6666669845581055,0.0,0.396786630153656,0.2961701452732086,0.00011390625000000003,0.21093368530273438,0.13688768446445465,1.6552780866622925,0.3333333432674408,0.6469095945358276,-0.5988631248474121,0.4531186521053314,0.03564052227884531,1.0,0.14998257160186768,5.189334154129028,0.07206512242555618,2.672426223754883,0.7304092645645142,0.43693360686302185,0.3631579577922821,15.34513208180666,0.5510936975479126,0.3559494614601135,1730,449.72,0.6993445158004761,0.09798979014158249,-0.02104492112994194,-0.00824017790146172,0.7655117511749268,-0.009573685936629772,0.3000764846801758,1784481441.7435515,2.0284855365753174,1896.698069167,0.7314815521240234,,10.559722900390625,42216
7.208333492279053,0.0,0.3915373980998993,0.2962414622306824,0.00011390625000000003,0.21448306739330292,0.13863369822502136,1.475805640220642,0.375,0.5830312371253967,-0.6030758619308472,0.45659083127975464,0.042480871081352234,0.8333333730697632,0.15350353717803955,5.187503123283387,0.07110238075256348,2.5541152954101562,0.741172194480896,0.4414783716201782,0.36402153968811035,16.32339434042573,0.4955478310585022,0.3622429370880127,1731,476.26,0.6997747421264648,0.09905960410833359,-0.021144717931747437,-0.00804698931169696,0.756706714630127,-0.009219430387020111,0.30686473846435547,1784481444.4140322,2.2510900497436523,1899.155438621,0.6666667461395264,,10.514074325561523,38430
8.833333969116211,0.0,0.3758787512779236,0.2964898347854614,0.00011390625000000003,0.2456631064414978,0.13440681993961334,1.7175960540771484,0.5416666865348816,0.7074321508407593,-0.5836397409439087,0.44037342071533203,0.04528000652790069,1.125,0.17518465220928192,5.2062973260879515,0.08075056225061417,2.9279658794403076,0.7120529413223267,0.42539483308792114,0.3647504448890686,15.006161867380142,0.5778536200523376,0.3485296666622162,1732,452.13,0.6981844902038574,0.09394203126430511,-0.024495579302310944,-0.008537633571540937,0.8269655108451843,-0.009316695854067802,0.2922232151031494,1784481446.8666458,2.0533995628356934,1901.591798231,0.6666667461395264,,11.745338439941406,41909
7.6666669845581055,0.0,0.40803778171539307,0.29644855856895447,7.593750000000004e-05,0.23426926136016846,0.13285355269908905,1.6089673042297363,0.5833333730697632,0.6219414472579956,-0.5825526118278503,0.43940362334251404,0.03828941751271486,1.2083333730697632,0.16941890120506287,5.213450384140015,0.08156042546033859,2.6236753463745117,0.7085665464401245,0.4227505624294281,0.367215096950531,15.633456161022186,0.5526372194290161,0.34582751989364624,1733,456.37,0.6977345943450928,0.09694405645132065,-0.019762516021728516,-0.008372060935653281,0.7563549876213074,-0.010752986185252666,0.29245615005493164,1784481449.2981572,2.0356087684631348,1904.11783841,0.6666667461395264,,10.049421310424805,42225
7.4782609939575195,0.0,0.37108713388442993,0.2964731454849243,7.593750000000002e-05,0.1998206526041031,0.13876083493232727,1.655587077140808,0.21739131212234497,0.5897155404090881,-0.6034862995147705,0.4568863809108734,0.03997991923242807,0.8695652484893799,0.13507695496082306,5.208994388580322,0.06702063977718353,2.5952610969543457,0.7432400584220886,0.44677096605300903,0.3685978353023529,15.871268594264984,0.4965074956417084,0.36148321628570557,1734,461.68,0.6973181962966919,0.10110785067081451,-0.019699659198522568,-0.008225152769591659,0.7338296175003052,-0.00962281133979559,0.2902243137359619,1784481451.8281689,2.132512331008911,1906.59747131,0.6666666865348816,,10.079943656921387,40575
6.958333492279053,0.0,0.38719236850738525,0.29662930965423584,7.593750000000002e-05,0.2613646388053894,0.13173402845859528,1.863025426864624,0.5833333730697632,0.7181898951530457,-0.5613968372344971,0.4298158586025238,0.04423426780849695,1.0,0.20142865180969238,5.224602580070496,0.08728962391614914,2.9247825145721436,0.6895022392272949,0.4141028821468353,0.36904487013816833,14.991429868340493,0.6119260787963867,0.33752211928367615,1735,434.63,0.6987330317497253,0.08987762033939362,-0.02089560590684414,-0.006793002353515476,0.8355269432067871,-0.009597018361091614,0.3247506618499756,1784481454.3190951,2.0480613708496094,1909.177539178,0.6666667461395264,,11.098718643188477,41429
7.708333492279053,0.0,0.37166500091552734,0.2968117594718933,7.593750000000002e-05,0.24992641806602478,0.13576769828796387,1.73526132106781,0.4166666865348816,0.6939235925674438,-0.5827808380126953,0.4414539933204651,0.04149533566087484,1.2083333730697632,0.17348067462444305,5.245255184173584,0.08472301810979843,2.94952654838562,0.7129504680633545,0.429885596036911,0.36925387382507324,15.273587022423744,0.5770675539970398,0.3469686508178711,1736,449.44,0.6967599391937256,0.0983525961637497,-0.019009113311767578,-0.00674454040126875,0.8698006868362427,-0.010644951835274696,0.2892615795135498,1784481456.8845448,2.1694188117980957,1911.750582861,0.6666667461395264,,11.83830451965332,39982
8.875,0.0,0.363726943731308,0.29681992530822754,0.00011390625000000003,0.21532176434993744,0.13988745212554932,1.4539711475372314,0.375,0.5817031264305115,-0.5990167260169983,0.4636960029602051,0.041046572662889955,0.75,0.14982295036315918,5.255099415779114,0.07206815481185913,2.5131783485412598,0.7386808395385742,0.4478681981563568,0.3707605302333832,16.06819887638092,0.4808506667613983,0.35976895689964294,1737,465.59,0.6951123476028442,0.10655266046524048,-0.025173421949148178,-0.008348980790469796,0.7452490329742432,-0.009564269334077835,0.30266714096069336,1784481459.4745843,2.1657121181488037,1914.335367167,0.6666667461395264,,10.154190063476562,39825
8.041666984558105,0.0,0.3883190155029297,0.29668179154396057,0.00011390625000000003,0.25308558344841003,0.12982916831970215,1.7690013647079468,0.625,0.7269594073295593,-0.5693938136100769,0.42755192518234253,0.04062644969671965,1.1666667461395264,0.19228731095790863,5.24149067401886,0.08738403767347336,3.0471434593200684,0.691881537437439,0.4134504199028015,0.3696843981742859,15.829836620390415,0.5832511782646179,0.3375263810157776,1738,457.73,0.695858359336853,0.08909907191991806,-0.018616661429405212,-0.008105868418351748,0.8467380404472351,-0.01088785007596016,0.2906777858734131,1784481462.0441234,2.17222261428833,1916.910109126,0.6666667461395264,,11.577644348144531,39913
6.625,0.0416666679084301,0.4191698729991913,0.2967647910118103,7.593750000000002e-05,0.2295278012752533,0.1338426172733307,1.4951903820037842,0.375,0.6133872270584106,-0.5868427157402039,0.44212764501571655,0.0436449671164155,0.875,0.1671464443206787,5.239472150802612,0.07549946010112762,2.5509278774261475,0.7156776785850525,0.4292566180229187,0.3704769015312195,15.681316171735524,0.5278603434562683,0.34882092475891113,1739,457.61,0.6953514814376831,0.09286355972290039,-0.0222698412835598,-0.008761853070609504,0.7617985606193542,-0.01010953076183796,0.3225557804107666,1784481464.6269274,2.146498918533325,1919.601377613,0.6666667461395264,,10.415032386779785,39814
7.875,0.0,0.39827877283096313,0.2968119978904724,7.593750000000002e-05,0.24733757972717285,0.13707353174686432,1.7231566905975342,0.7083333730697632,0.7000648379325867,-0.587524950504303,0.45206984877586365,0.04066112227737904,0.9583333730697632,0.17918947339057922,5.244849467277527,0.08233065158128738,2.8296756744384766,0.7253658771514893,0.44067034125328064,0.36740607023239136,15.659819149971009,0.6048123836517334,0.35475611686706543,1740,453.13,0.6952471137046814,0.09817775338888168,-0.024968286976218224,-0.008057402929989622,0.8190600275993347,-0.010211341083049774,0.3075737953186035,1784481467.3168454,2.26879620552063,1922.106868065,0.6666667461395264,,11.122225761413574,38156
8.0,0.0,0.3769654929637909,0.2968288064002991,7.593750000000002e-05,0.22056573629379272,0.13550451397895813,1.495477557182312,0.5,0.6074681282043457,-0.5956481695175171,0.4474709928035736,0.038882842473685744,0.875,0.15915876626968384,5.245355391502381,0.07631509006023407,2.5584990978240967,0.7253125905990601,0.4295365810394287,0.36727815866470337,15.523963922709227,0.5359587669372559,0.3546907305717468,1741,455.52,0.695048451423645,0.0915890783071518,-0.024607740342617035,-0.008745579700917005,0.7539641261100769,-0.010182318277657032,0.28604841232299805,1784481469.8151205,2.1074347496032715,1924.807298009,0.6666667461395264,,10.410781860351562,41071
7.083333492279053,0.0416666679084301,0.37653040885925293,0.29666298627853394,0.00011390625000000003,0.22549574077129364,0.13829362392425537,1.5682010650634766,0.375,0.6835908889770508,-0.5937852263450623,0.4550362527370453,0.04482035469263792,0.75,0.16111856698989868,5.2356596946716305,0.0773313045501709,2.689271926879883,0.7284902930259705,0.43937796354293823,0.3671080470085144,16.150142562389373,0.5784834623336792,0.35675543546676636,1742,463.09,0.6947832107543945,0.09589644521474838,-0.0182747021317482,-0.008236092139850371,0.7847559452056885,-0.009511549025774002,0.30526065826416016,1784481472.5154297,2.2900454998016357,1927.493593007,0.6666667461395264,,10.801042556762695,37877
8.25,0.0,0.3923761248588562,0.29669514298439026,5.0625000000000024e-05,0.24152986705303192,0.1336996853351593,1.7035362720489502,0.5,0.6774077415466309,-0.583495020866394,0.43965333700180054,0.04453882481902838,1.2916667461395264,0.1765456646680832,5.224486303329468,0.07985656708478928,2.741140842437744,0.7107316851615906,0.42732393741607666,0.3668496012687683,14.958512669801712,0.5855475664138794,0.34445279836654663,1743,439.78,0.6951543688774109,0.09659125655889511,-0.023729868233203888,-0.006508466178638627,0.7777570486068726,-0.011379401199519634,0.3212149143218994,1784481475.2078085,2.2614362239837646,1930.051363203,0.6666667461395264,,10.651082992553711,38063
8.25,0.0,0.4188624322414398,0.296819269657135,0.00011390625000000005,0.1963939666748047,0.1425798535346985,1.4898666143417358,0.2916666865348816,0.6170997619628906,-0.6042608022689819,0.46073970198631287,0.042554307356476785,0.8333333730697632,0.13018503785133362,5.2373486995697025,0.06699992716312408,2.5224781036376953,0.742548406124115,0.4462461471557617,0.36982259154319763,15.697082270681857,0.5268358588218689,0.36469483375549316,1744,456.03,0.6943283081054688,0.09502750635147095,-0.019519057124853134,-0.007662058278219775,0.7367444038391113,-0.00945533998310566,0.3089768886566162,1784481477.7751594,2.1372175216674805,1932.596513769,0.6666667461395264,,10.353124618530273,40186
6.875,0.0,0.37274307012557983,0.296700119972229,0.00011390625000000003,0.2385462373495102,0.13469195365905762,1.8203929662704468,0.3333333432674408,0.7345620393753052,-0.5862635970115662,0.4438924789428711,0.04329769797623158,1.125,0.17753800749778748,5.235947918891907,0.08086070418357849,2.950904369354248,0.7156488299369812,0.42754754424095154,0.37396240234375,15.334295703470707,0.6311923265457153,0.3485657572746277,1745,445.94,0.6932422518730164,0.09415736794471741,-0.021710187196731567,-0.008970312374003697,0.8270542621612549,-0.010801916942000389,0.2965505123138428,1784481480.3083663,2.1252081394195557,1935.169972279,0.6666667461395264,,11.822993278503418,40591
7.458333492279053,0.0,0.4080413579940796,0.2966841757297516,7.593750000000002e-05,0.24450469017028809,0.13507148623466492,1.6296113729476929,0.375,0.6715519428253174,-0.596923291683197,0.44755348563194275,0.04269433934241533,1.0416667461395264,0.17679163813591003,5.233983588218689,0.08121389150619507,2.7471377849578857,0.724852442741394,0.4286819100379944,0.37689635157585144,15.775119239389896,0.5710968971252441,0.3540285527706146,1746,462.33,0.6920170783996582,0.09530633687973022,-0.01823614165186882,-0.00852906082291156,0.8037287592887878,-0.011409586295485497,0.294147253036499,1784481482.8727229,2.1710007190704346,1937.754693454,0.6666667461395264,,11.239246368408203,39877
7.9166669845581055,0.0,0.3645802438259125,0.2966386675834656,0.00011390625000000003,0.22381624579429626,0.13663123548030853,1.5937135219573975,0.3333333432674408,0.6403847336769104,-0.5899227857589722,0.4516189694404602,0.04253651592880488,0.75,0.16120123863220215,5.230185866355896,0.07542595267295837,2.7093541622161865,0.724313497543335,0.4329124391078949,0.3781436085700989,15.843640079498291,0.5514101982116699,0.35349807143211365,1747,460.66,0.6918544769287109,0.09642352908849716,-0.01878887042403221,-0.00791348934872076,0.7541178464889526,-0.01003552507609129,0.29071784019470215,1784481485.4590209,2.1970651149749756,1940.902725997,0.6666667461395264,,10.695562362670898,39514
7.625,0.0416666679084301,0.35827478766441345,0.2966085970401764,7.593750000000002e-05,0.2332446426153183,0.1366969347000122,1.6884974241256714,0.4166666865348816,0.6850234270095825,-0.6027074456214905,0.45414870977401733,0.04436853229999542,0.8333333730697632,0.17209747433662415,5.227722930908203,0.0772385522723198,2.698026180267334,0.732600212097168,0.4354885518550873,0.3784599304199219,15.974172944426536,0.5953113436698914,0.35843557119369507,1748,461.79,0.6919188499450684,0.09861229360103607,-0.01938660442829132,-0.008576923084910959,0.7907601594924927,-0.010423916392028332,0.31142616271972656,1784481488.708992,2.7355356216430664,1943.634821563,0.6666667461395264,"{'path': 'media/videos/video_1748_91b8385b505b49d48312.mp4', 'size': 1628950.0, '_type': 'video-file', 'sha256': '91b8385b505b49d483120c23d11bfda9f62118ee5d5611efc7ee3308e257a1ba'}",10.793909072875977,32262
7.5416669845581055,0.0416666679084301,0.3885839581489563,0.29660701751708984,7.593750000000002e-05,0.24735872447490692,0.13291367888450623,1.555088758468628,0.375,0.7288196086883545,-0.5891215205192566,0.44003045558929443,0.036849367804825305,0.875,0.17630724608898163,5.226209092140198,0.08363650739192963,2.8514304161071777,0.7161295413970947,0.4243588447570801,0.37704548239707947,15.220026627928018,0.6124843955039978,0.3496251106262207,1749,448.53,0.6936666369438171,0.09407658874988556,-0.0176563560962677,-0.006731415906688199,0.8293462991714478,-0.011831453070044518,0.30679774284362793,1784481491.3436356,2.2308743000030518,1946.104066012,0.6666667461395264,,11.647928237915039,38737
7.9166669845581055,0.0833333358168602,0.3529435098171234,0.29662060737609863,0.00011390625000000003,0.22140821814537048,0.13982224464416504,1.6311795711517334,0.2083333432674408,0.6274882555007935,-0.6027435064315796,0.4614912271499634,0.042546697147190574,1.0,0.16026774048805237,5.227645540237427,0.07443239539861679,2.622370719909668,0.7390810251235962,0.44490012526512146,0.3761637210845947,16.140424871146678,0.5347618460655212,0.359560489654541,1750,466.71,0.6951471567153931,0.10274504125118256,-0.02085011824965477,-0.008003359951544553,0.7536512613296509,-0.011281786486506462,0.29163575172424316,1784481493.8047097,2.0706450939178467,1948.704389093,0.6666667461395264,,10.399598121643066,41614
7.5416669845581055,0.0,0.36536213755607605,0.2965441346168518,0.00011390625000000003,0.23347990214824677,0.13933105766773224,1.6007388830184937,0.5416666865348816,0.649347722530365,-0.5928338766098022,0.45246967673301697,0.04001972153782844,0.9166666865348816,0.16627690196037292,5.223832702636718,0.08264201134443283,2.685866117477417,0.7260597944259644,0.43853968381881714,0.37755221128463745,15.283567270338535,0.5799536108970642,0.3551270663738251,1751,447.74,0.6936346888542175,0.09796931594610214,-0.020316284149885178,-0.008099771186243743,0.7736386060714722,-0.010117907077074051,0.30609655380249023,1784481496.422167,2.1959543228149414,1951.206929686,0.6666667461395264,,10.736837387084961,39289
6.833333492279053,0.0416666679084301,0.3876458406448364,0.29631176590919495,7.593750000000002e-05,0.2503892779350281,0.13656198978424072,1.789145827293396,0.375,0.6874879598617554,-0.5889178514480591,0.44592761993408203,0.040802119113504884,1.0,0.1873161792755127,5.20517897605896,0.08490896224975586,2.9413604736328125,0.7197749018669128,0.43322890996932983,0.37661492824554443,15.659998976588248,0.55153489112854,0.3516702353954315,1752,453.85,0.6946679353713989,0.09429872035980225,-0.01677248626947403,-0.008771080512087793,0.8351132869720459,-0.011828644201159477,0.29332709312438965,1784481498.911316,2.0923523902893066,1953.623702823,0.6666667461395264,,11.322635650634766,41205
8.583333969116211,0.0,0.36332887411117554,0.2962478995323181,0.00011390625000000003,0.2283399999141693,0.14054273068904877,1.6261234283447266,0.375,0.6515291929244995,-0.5959112644195557,0.45790883898735046,0.04484047181904316,1.0,0.1664428412914276,5.191007781028747,0.07565426826477051,2.834615707397461,0.7345844507217407,0.44555410742759705,0.37894052267074585,16.119422210603954,0.5383074879646301,0.36053404211997986,1753,462.59,0.6941781044006348,0.09945087134838104,-0.021521147340536118,-0.008067692228360101,0.7900775671005249,-0.009939119219779968,0.2956554889678955,1784481501.326626,2.0202701091766357,1956.30407384,0.6666667461395264,,11.60827922821045,42446
7.375,0.0416666679084301,0.3808307349681854,0.29623904824256897,0.00011390625000000003,0.2670205235481262,0.13304363191127777,1.814432144165039,0.5,0.7360314726829529,-0.5731332898139954,0.4334532618522644,0.04616267941892147,1.1666667461395264,0.21152183413505554,5.188787364959717,0.08849167078733444,2.9436585903167725,0.6978229284286499,0.42103028297424316,0.38212287425994873,15.211107389628888,0.6405304670333862,0.3408007025718689,1754,442.1,0.6925206184387207,0.09731167554855347,-0.021307822316884995,-0.00831793649122119,0.8613893389701843,-0.010788783431053162,0.3122529983520508,1784481504.012426,2.2693064212799072,1958.939670162,0.6666667461395264,,11.214620590209961,38079
6.875,0.0416666679084301,0.3642790913581848,0.2961744964122772,7.593750000000004e-05,0.26724377274513245,0.1295970231294632,1.9034433364868164,0.4166666865348816,0.678413987159729,-0.5668157339096069,0.4285704493522644,0.03629239536821842,0.8333333730697632,0.20852766931056976,5.186218786239624,0.0858253762125969,3.0635223388671875,0.6916710138320923,0.41333210468292236,0.3809978663921356,15.618513748645782,0.5446744561195374,0.3390704393386841,1755,455.98,0.6911361217498779,0.0929204449057579,-0.02401525340974331,-0.007329467666568235,0.8691632151603699,-0.0103329848498106,0.3235816955566406,1784481506.649973,2.2058534622192383,1961.476353912,0.6666667461395264,,11.72659969329834,38864
6.7916669845581055,0.0,0.38588517904281616,0.29611971974372864,0.00011390625000000003,0.22653383016586304,0.13850127160549164,1.522533655166626,0.4166666865348816,0.6176669597625732,-0.5949815511703491,0.4522944390773773,0.044481256417930125,0.75,0.16074302792549133,5.178913187980652,0.07700740545988083,2.596402168273926,0.7264426946640015,0.43644654750823975,0.3818933963775635,15.311682124435901,0.5194398164749146,0.35493987798690796,1756,446.01,0.6898937225341797,0.102223239839077,-0.021619047969579697,-0.00906024355936097,0.734187126159668,-0.01123102754354477,0.2911865711212158,1784481509.1777866,2.1364264488220215,1964.07546882,0.6666667461395264,,10.416364669799805,40494
8.5,0.0,0.39678794145584106,0.2960878908634186,7.593750000000004e-05,0.19415555894374847,0.14093434810638428,1.4636447429656982,0.2916666865348816,0.588736891746521,-0.6129342913627625,0.4633271098136902,0.04538890086114407,1.0,0.13171102106571198,5.1775401592254635,0.06815612316131592,2.5038437843322754,0.7456452250480652,0.44761133193969727,0.37972164154052734,15.898267181366682,0.5028199553489685,0.36428695917129517,1757,462.22,0.6920208930969238,0.10301968455314636,-0.020740943029522896,-0.0074916481564287095,0.7186940908432007,-0.010659685358405113,0.31201863288879395,1784481511.7988324,2.1880245208740234,1966.702630119,0.6666667461395264,,10.416393280029297,39320
8.458333969116211,0.125,0.3784099817276001,0.29608452320098877,0.00011390625000000003,0.22237703204154968,0.13837695121765137,1.6286295652389526,0.5416666865348816,0.6394279599189758,-0.5920063257217407,0.45329904556274414,0.04005293771624565,0.7916666865348816,0.16493724286556244,5.169966411590576,0.07718212157487869,2.7441844940185547,0.7273640036582947,0.43630480766296387,0.3805931508541107,15.559425596296787,0.5261673927307129,0.3564703166484833,1758,443.11,0.6926236152648926,0.0993187353014946,-0.0213292445987463,-0.008221981071983464,0.7626891136169434,-0.010200140997767448,0.29666662216186523,1784481514.4078016,2.206223249435425,1969.359555012,0.6666667461395264,,10.796409606933594,39276
7.958333492279053,0.0,0.3742145895957947,0.29604849219322205,7.593750000000004e-05,0.22388654947280884,0.14263302087783813,1.5234909057617188,0.4166666865348816,0.619845449924469,-0.6109378337860107,0.4666373133659363,0.04265900272876024,0.7916666865348816,0.16270315647125244,5.168195915222168,0.07746060937643051,2.692866802215576,0.7460263967514038,0.45203742384910583,0.37881869077682495,16.291651411652566,0.5334806442260742,0.36356687545776367,1759,468.73,0.6945413947105408,0.09784191846847534,-0.018373269587755203,-0.00698432520730421,0.7488560080528259,-0.011804996058344841,0.31711411476135254,1784481517.082105,2.2381656169891357,1971.843074957,0.6666667461395264,,11.061332702636719,38470
7.0,0.0416666679084301,0.4263172149658203,0.2960304915904999,0.00011390625000000003,0.21083927154541016,0.13916708528995514,1.5553019046783447,0.5833333730697632,0.6208064556121826,-0.6028206944465637,0.45539411902427673,0.03647485412657261,0.5,0.15339508652687073,5.165031266212464,0.07267643511295319,2.615478515625,0.7378616333007812,0.44190138578414917,0.37811407446861267,16.266181332468985,0.5228427648544312,0.3600931167602539,1760,468.9,0.6934258341789246,0.09733404964208603,-0.021870514377951622,-0.007550332462415099,0.6987501978874207,-0.012648483738303185,0.294116735458374,1784481519.5469992,2.069394826889038,1974.45762226,0.6666667461395264,,10.374303817749023,41592
7.875,0.0,0.45973044633865356,0.2960205376148224,0.00011390625000000003,0.2018604278564453,0.13968771696090698,1.3940967321395874,0.4166666865348816,0.5486116409301758,-0.6130977869033813,0.45720165967941284,0.03728864602744579,0.625,0.14188307523727417,5.165436911582947,0.0697566568851471,2.394634962081909,0.7426290512084961,0.4413045048713684,0.3772909641265869,15.882170887291432,0.4738219678401947,0.3619726598262787,1761,469.65,0.6924502849578857,0.09316788613796234,-0.022139012813568115,-0.008869040980789578,0.6824182271957397,-0.013069553300738335,0.3235163688659668,1784481522.1748455,2.1912124156951904,1977.059491538,0.6666667461395264,,9.758971214294434,39091
8.166666984558105,0.0,0.35533377528190613,0.29615840315818787,0.00011390625000000003,0.18941156566143036,0.14737705886363983,1.36810302734375,0.4166666865348816,0.5395507216453552,-0.6183280348777771,0.4794690012931824,0.03776006512343884,0.375,0.12228702008724213,5.173158407211304,0.065566286444664,2.4207029342651367,0.7661058306694031,0.4600517153739929,0.3759651184082031,16.21779887020588,0.46578729152679443,0.3756093978881836,1762,473.44,0.6935257911682129,0.10082076489925385,-0.025930872187018394,-0.009096968204539735,0.7058429718017578,-0.009776579216122627,0.2928740978240967,1784481524.7565627,2.1947832107543945,1979.594751783,0.6666667461395264,,9.894024848937988,39516
7.875,0.0,0.39263567328453064,0.29609033465385437,7.593750000000002e-05,0.2340676188468933,0.13548797369003296,1.6269586086273193,0.5,0.6368564963340759,-0.5890890955924988,0.4455488920211792,0.03966763690114021,1.0416667461395264,0.16386055946350098,5.176215124130249,0.07629016041755676,2.7662513256073,0.7184277772903442,0.4269756078720093,0.3743896484375,15.442047189474106,0.5443980693817139,0.35059845447540283,1763,453.7,0.694422721862793,0.09333741664886475,-0.02187172695994377,-0.007749788992805406,0.7695596218109131,-0.01232289057224989,0.2923595905303955,1784481527.2951906,2.1525301933288574,1982.169597941,0.6666667461395264,,11.589091300964355,40207
8.25,0.0,0.33737024664878845,0.29597368836402893,7.593750000000002e-05,0.23200957477092743,0.13940131664276123,1.4769198894500732,0.2916666865348816,0.5971819162368774,-0.6000369787216187,0.451582133769989,0.03577643781900406,0.7083333730697632,0.1671648919582367,5.168826460838318,0.07565924525260925,2.664125442504883,0.7298903465270996,0.43972277641296387,0.3734329342842102,16.250928830504417,0.49024268984794617,0.3554074764251709,1764,476.47,0.694890022277832,0.09860493242740631,-0.02014118619263172,-0.007359389122575522,0.7850369215011597,-0.012498254887759686,0.3082852363586426,1784481529.8752296,2.170046329498291,1984.677661622,0.6666667461395264,,10.841238975524902,39665
8.0,0.0416666679084301,0.3965809941291809,0.29586344957351685,7.593750000000002e-05,0.18667714297771454,0.1473059058189392,1.3668146133422852,0.3333333432674408,0.5380162000656128,-0.6222836971282959,0.48147052526474,0.0364251334220171,0.4583333432674408,0.1259348839521408,5.153152871131897,0.06764686107635498,2.332321882247925,0.7713612914085388,0.46110066771507263,0.3717913031578064,16.732504489421846,0.46171826124191284,0.37999385595321655,1765,479.06,0.6960026621818542,0.10082720965147018,-0.023744087666273117,-0.007563965742883738,0.6705131530761719,-0.01043865829706192,0.2952699661254883,1784481532.3817804,2.1128134727478027,1987.30132117,0.6666667461395264,,9.226661682128906,40822
7.25,0.0416666679084301,0.3772002160549164,0.29595237970352173,0.00011390625000000003,0.2471078634262085,0.13884404301643372,1.6490345001220703,0.375,0.6726740598678589,-0.594978392124176,0.4532502591609955,0.044962361268699166,1.0833333730697632,0.17694789171218872,5.149629068374634,0.0815974622964859,2.8353488445281982,0.7284473180770874,0.43634337186813354,0.3706633448600769,15.724180795848369,0.5583392977714539,0.3563429117202759,1766,455.8,0.6974657773971558,0.09733174741268158,-0.020689327269792557,-0.007997148473441485,0.8033725619316101,-0.011509053409099579,0.3012237548828125,1784481535.0020595,2.218517541885376,1989.779197034,0.6666667461395264,,11.34004020690918,39013
7.25,0.0,0.3535575270652771,0.296090692281723,7.593750000000002e-05,0.24156956374645233,0.14440612494945526,1.5939671993255615,0.5,0.6787905097007751,-0.6116840839385986,0.4690706133842468,0.04369480274617672,0.7083333730697632,0.17427287995815277,5.168425822257996,0.08301932364702225,2.667952537536621,0.7551550269126892,0.4507865905761719,0.3697928190231323,16.24786207795143,0.5692550539970398,0.3700268268585205,1767,469.79,0.6963447332382202,0.0975184440612793,-0.027797307819128036,-0.008435315001406707,0.7771708369255066,-0.010835433378815651,0.28594207763671875,1784481537.4883509,2.0931384563446045,1992.436336337,0.6666667461395264,,10.702556610107422,41320
7.583333492279053,0.0416666679084301,0.36131787300109863,0.29614129662513733,0.00011390625000000003,0.25128501653671265,0.13657991588115692,1.7120113372802734,0.5,0.7274438142776489,-0.5864518284797668,0.4461379945278168,0.04139723591506481,1.0,0.17977556586265564,5.173149132728577,0.08326468616724014,2.853912115097046,0.7185808420181274,0.4317835569381714,0.37001901865005493,15.602163417749107,0.634415864944458,0.3504771590232849,1768,451.45,0.6965247988700867,0.09666423499584198,-0.021557115018367767,-0.008633615908911452,0.8464498519897461,-0.011673036962747574,0.30325889587402344,1784481540.1424031,2.2480735778808594,1995.446273376,0.6666667461395264,,11.204572677612305,38530
7.2916669845581055,0.0,0.3646892011165619,0.2959066331386566,7.593750000000002e-05,0.19314274191856384,0.14636659622192383,1.5036706924438477,0.2916666865348816,0.5697251558303833,-0.6164311766624451,0.47470852732658386,0.038664954155683516,0.5833333730697632,0.1301661729812622,5.169139194488525,0.06627202033996582,2.4865176677703857,0.7595590353012085,0.4577203392982483,0.37063682079315186,16.269481244683266,0.4953538179397583,0.3709426820278168,1769,470.23,0.6974201202392578,0.10771484673023224,-0.02202903851866722,-0.009238621674012393,0.6845385432243347,-0.01068084966391325,0.29442620277404785,1784481543.2402675,2.613560676574707,1998.209629242,0.6666667461395264,"{'path': 'media/videos/video_1769_9afa034dd597b49eb1e2.mp4', 'size': 1463158.0, '_type': 'video-file', 'sha256': '9afa034dd597b49eb1e23458b526b8684ed349810ca765654c4c0ecb77bd3cd7'}",10.07869815826416,33804
7.708333492279053,0.0,0.3750154376029968,0.29566478729248047,7.593750000000002e-05,0.23394295573234558,0.14093486964702606,1.6511564254760742,0.4583333432674408,0.6513851881027222,-0.6011959314346313,0.4609830975532532,0.03807805087417364,0.6666666865348816,0.1725439727306366,5.147555541992188,0.07928936183452606,2.693626880645752,0.7395094633102417,0.44326481223106384,0.3725689649581909,16.341840515732766,0.545268177986145,0.3633422255516052,1770,470.1,0.6973576545715332,0.09773717820644379,-0.018776001408696175,-0.007215494979755021,0.7955178022384644,-0.010857149958610535,0.30183863639831543,1784481545.9149883,2.280337333679199,2000.722167117,0.6666667461395264,,11.158899307250977,38070
7.833333492279053,0.0,0.3965364694595337,0.29563426971435547,0.00011390625000000003,0.21823708713054657,0.13984465599060059,1.6308859586715698,0.3333333432674408,0.6340686678886414,-0.5994908213615417,0.45610398054122925,0.03607873674482107,0.75,0.1529305875301361,5.128595542907715,0.07520296424627304,2.7506022453308105,0.7344545125961304,0.4420113265514374,0.3735381066799164,16.097890953719617,0.5398492813110352,0.35879892110824585,1771,467.9,0.6982408761978149,0.09688903391361237,-0.023143848404288292,-0.008356177384848706,0.731704592704773,-0.01218613050878048,0.2840287685394287,1784481548.4259937,2.1281657218933105,2003.239747739,0.6666667461395264,,11.241361618041992,40752
7.708333492279053,0.0,0.398573100566864,0.2956141233444214,0.00011390625000000003,0.18754220008850098,0.14480610191822052,1.3591625690460205,0.3333333432674408,0.5095158815383911,-0.6212362051010132,0.474888414144516,0.04014822170138359,0.5416666865348816,0.13213884830474854,5.131455063819885,0.0649418979883194,2.31546688079834,0.7626921534538269,0.45464247465133667,0.37195152044296265,16.94734394043684,0.44302088022232056,0.37308502197265625,1772,487.92,0.6988887786865234,0.1014854907989502,-0.024717440828680992,-0.0088968479030882,0.6487953662872314,-0.011310365051031113,0.29447340965270996,1784481550.9436579,2.1230216026306152,2005.763595629,0.6666667461395264,,9.539676666259766,40663
6.833333492279053,0.0,0.39623135328292847,0.2957369387149811,0.00011390625000000003,0.23092477023601532,0.14007970690727234,1.682926058769226,0.4166666865348816,0.660204291343689,-0.6063250303268433,0.4544219970703125,0.04408604521304369,0.5833333730697632,0.17250820994377136,5.131506299972534,0.07681858539581299,2.6977148056030273,0.733130931854248,0.43753039836883545,0.37187692523002625,15.785272213816643,0.5474111437797546,0.35891029238700867,1773,463.05,0.6990780234336853,0.09735529124736786,-0.021381523460149765,-0.00870235733455047,0.7684592008590698,-0.012670355848968029,0.3404273986816406,1784481553.485422,2.082895040512085,2008.482817159,0.6666667461395264,,10.656501770019531,40565
8.541666984558105,0.0416666679084301,0.3646687865257263,0.29578298330307007,7.593750000000002e-05,0.22360634803771973,0.1369730830192566,1.624420166015625,0.6666666865348816,0.6260080933570862,-0.5923113226890564,0.44838935136795044,0.03858325034379959,0.8333333730697632,0.16049183905124664,5.141859722137451,0.07453253865242004,2.722994565963745,0.7216948866844177,0.4304588735103607,0.37305593490600586,15.067195545956492,0.5289102792739868,0.35127919912338257,1774,449.29,0.6986808776855469,0.09612306207418442,-0.025299010798335075,-0.009263082029065117,0.7693952322006226,-0.011859534308314323,0.30317091941833496,1784481556.1906207,2.2934279441833496,2010.953514076,0.6666667461395264,,10.925565719604492,37858
7.708333492279053,0.0833333358168602,0.3820192217826843,0.29565152525901794,0.00011390625000000003,0.22972562909126282,0.13796943426132202,1.6267175674438477,0.5,0.6385059356689453,-0.590172290802002,0.45218390226364136,0.03751497324556112,0.4583333432674408,0.16015343368053436,5.132507538795471,0.07685649394989014,2.7002954483032227,0.7270407676696777,0.434299111366272,0.3719463348388672,15.94537924528122,0.5412167906761169,0.35520705580711365,1775,460.63,0.6979169845581055,0.09507560729980469,-0.018401719629764557,-0.008341176909743809,0.7808568477630615,-0.011034384369850159,0.2988271713256836,1784481558.6532884,2.0665836334228516,2013.633784095,0.6666667461395264,,10.928764343261719,41558
7.458333492279053,0.0416666679084301,0.3746722638607025,0.2954951226711273,7.593750000000002e-05,0.253211110830307,0.13926182687282562,1.7124295234680176,0.4583333432674408,0.6627845168113708,-0.5939297080039978,0.4569857120513916,0.03879126887768507,0.8333333730697632,0.18218886852264404,5.120616698265076,0.08508104085922241,2.7921767234802246,0.7297648191452026,0.438885897397995,0.3700132369995117,16.52836178332567,0.5623053908348083,0.35689491033554077,1776,469.75,0.6993280649185181,0.10194196552038193,-0.021933486685156822,-0.00800752065188135,0.8154537081718445,-0.011175552383065224,0.31183481216430664,1784481561.3536103,2.27559232711792,2016.088792529,0.6666667461395264,,10.816287994384766,37992
7.208333492279053,0.0,0.4002700448036194,0.29533666372299194,0.00011390625000000003,0.20916041731834412,0.14517119526863098,1.4631452560424805,0.4583333432674408,0.6099069118499756,-0.6167547702789307,0.4710328280925751,0.03423657529056072,0.5416666865348816,0.14862576127052307,5.102528214454651,0.07216482609510422,2.583569049835205,0.754959225654602,0.45455825328826904,0.3680199980735779,16.655993227511644,0.5184251070022583,0.36909398436546326,1777,477.98,0.6990160346031189,0.09903904050588608,-0.023537037894129753,-0.008749518982949667,0.7230795621871948,-0.010858464054763317,0.2870919704437256,1784481563.7949953,2.0516769886016846,2018.69345087,0.6666667461395264,,10.81320858001709,42032
8.5,0.0416666679084301,0.3543352782726288,0.29521849751472473,0.00011390625000000003,0.19524723291397095,0.1453314870595932,1.5207765102386475,0.25,0.595738410949707,-0.617464005947113,0.47322791814804077,0.04020180944353342,0.5416666865348816,0.12987607717514038,5.088936471939087,0.06756314635276794,2.567239761352539,0.7588273882865906,0.4568713903427124,0.36706507205963135,16.418835594654084,0.5131916999816895,0.37045323848724365,1778,471.66,0.6999170184135437,0.10336361825466156,-0.02019059658050537,-0.008528372901491822,0.7035560607910156,-0.011234432458877563,0.31026649475097656,1784481566.4086897,2.1895790100097656,2021.258116985,0.6666667461395264,,10.414388656616211,39324
8.458333969116211,0.0,0.4045554995536804,0.2950938940048218,7.593750000000002e-05,0.22727152705192566,0.13929378986358643,1.6352143287658691,0.5416666865348816,0.6166085004806519,-0.5877466201782227,0.4549533724784851,0.040631103329360485,1.0,0.16540402173995972,5.079597306251526,0.07568088173866272,2.564999580383301,0.7278157472610474,0.4399572014808655,0.36822909116744995,15.743606558144092,0.5116459727287292,0.35524487495422363,1779,454.07,0.699698805809021,0.1014220342040062,-0.021779214963316917,-0.00797442606271943,0.7407967448234558,-0.011270727030932903,0.32968878746032715,1784481568.975708,2.1206612586975098,2023.806290551,0.6666667461395264,,10.094467163085938,40118
7.708333492279053,0.0,0.3901616036891937,0.295113742351532,7.593750000000002e-05,0.24189072847366333,0.1382266879081726,1.6764962673187256,0.5,0.6425215005874634,-0.5925679206848145,0.4522220492362976,0.041729609668254855,0.9583333730697632,0.1801590919494629,5.069536924362183,0.07845935225486755,2.6898765563964844,0.7257183790206909,0.43544358015060425,0.36676377058029175,15.050108058303595,0.5454591512680054,0.3554478585720062,1780,440.72,0.6990684866905212,0.09843951463699341,-0.02345728874206543,-0.0075153632293222476,0.7861763834953308,-0.011425289325416088,0.28919196128845215,1784481571.5143933,2.144085168838501,2026.316183327,0.6666666865348816,,10.783500671386719,40399
6.75,0.0416666679084301,0.3370301127433777,0.29520538449287415,7.593750000000002e-05,0.24194882810115814,0.13668891787528992,1.6506093740463257,0.4583333432674408,0.6786858439445496,-0.5853434801101685,0.44440072774887085,0.04464913625270128,0.6666666865348816,0.1829652488231659,5.07673716545105,0.07945480197668076,2.7682647705078125,0.7134307622909546,0.43001148104667664,0.3636809289455414,15.243523215651512,0.5845723748207092,0.348960816860199,1781,437.93,0.7003462314605713,0.09875635802745819,-0.019728491082787514,-0.008126769281807356,0.7805138826370239,-0.011547854170203209,0.29191088676452637,1784481574.0109003,2.113635778427124,2028.82204306,0.6666667461395264,,11.314146995544434,40865
7.9166669845581055,0.0,0.36609339714050293,0.29532289505004883,7.593750000000002e-05,0.21135306358337402,0.14076097309589386,1.5371787548065186,0.25,0.5815069675445557,-0.5974427461624146,0.46026501059532166,0.04053689353168011,0.5833333730697632,0.14522391557693481,5.081301546096801,0.07033048570156097,2.5022382736206055,0.7387997508049011,0.44209593534469604,0.36408287286758423,16.26559368789196,0.49854159355163574,0.36099860072135925,1782,468.31,0.6999611854553223,0.09243552386760712,-0.019925720989704132,-0.00756726780673489,0.7423505783081055,-0.010876073502004147,0.29442501068115234,1784481576.5290933,2.118403434753418,2031.36216858,0.7083333730697632,,10.336100578308105,40742
7.958333492279053,0.0833333358168602,0.3613911271095276,0.2955668568611145,7.593750000000002e-05,0.21752016246318817,0.14229938387870789,1.5302085876464844,0.4166666865348816,0.6080820560455322,-0.6052417755126953,0.46577319502830505,0.038933000341057775,0.9583333730697632,0.15755361318588257,5.105079436302185,0.0717553198337555,2.5752148628234863,0.74609375,0.4452192485332489,0.36500680446624756,16.077656522095204,0.5167807340621948,0.36539316177368164,1783,465.35,0.6991710662841797,0.09959642589092255,-0.022413115948438644,-0.008063977475103457,0.751497209072113,-0.01109367422759533,0.3003997802734375,1784481579.0728378,2.1373445987701416,2034.036135376,0.7777778506278992,,10.64851188659668,40325
8.041666984558105,0.0,0.386331170797348,0.2953289747238159,7.593750000000002e-05,0.21844333410263062,0.14109265804290771,1.3990590572357178,0.5833333730697632,0.5735605955123901,-0.6016858816146851,0.4630241096019745,0.042880878783762455,0.625,0.15721940994262695,5.102132844924927,0.07486671954393387,2.4465491771698,0.7457866668701172,0.44767463207244873,0.3659432828426361,16.072203617990017,0.4729345738887787,0.3645057678222656,1784,460.74,0.6994950175285339,0.09628696739673615,-0.021136563271284103,-0.00701659317346639,0.7146925926208496,-0.010809607803821564,0.3268911838531494,1784481581.7538908,2.239212989807129,2036.570197517,0.7777778506278992,,9.973748207092285,38308
8.666666984558105,0.0416666679084301,0.3932046890258789,0.2951802611351013,0.00011390625000000003,0.2063373327255249,0.14130225777626038,1.474989891052246,0.5,0.6046201586723328,-0.5945229530334473,0.45862290263175964,0.041225144453346727,0.875,0.14044108986854553,5.080084800720215,0.07041983306407928,2.5506021976470947,0.7335038185119629,0.4422072768211365,0.36733919382095337,15.38687825858593,0.5315098762512207,0.35931986570358276,1785,441.83,0.7002896070480347,0.09745673835277557,-0.01968335174024105,-0.007228431093972176,0.7050631046295166,-0.010992631316184998,0.29311394691467285,1784481584.2702372,2.125028610229492,2039.128761223,0.7777778506278992,,10.640448570251465,40652
7.4166669845581055,0.0,0.38580521941185,0.29515329003334045,7.593750000000004e-05,0.23676656186580658,0.1435018628835678,1.5678367614746094,0.5833333730697632,0.6323063373565674,-0.5960127711296082,0.4648290276527405,0.038126372173428534,0.75,0.17145727574825287,5.084765219688416,0.0775422751903534,2.7012276649475098,0.7403795123100281,0.4496910572052002,0.36829495429992676,16.226808461397887,0.5353643298149109,0.36300620436668396,1786,465.25,0.6991848945617676,0.10571711510419846,-0.022492816671729088,-0.0071674254606477915,0.7726497054100037,-0.010414442978799343,0.28598546981811523,1784481586.8323913,2.178022623062134,2041.702189848,0.7777778506278992,,11.040064811706543,39895
7.4166669845581055,0.0,0.3333275616168976,0.295085072517395,0.00011390625000000003,0.21570050716400146,0.1433119922876358,1.397291898727417,0.4583333432674408,0.6140382289886475,-0.6084616184234619,0.4689174294471741,0.04154986273497343,0.625,0.14848244190216064,5.074837040901184,0.07217104732990265,2.5663366317749023,0.7475452423095703,0.448663592338562,0.367652028799057,16.35655475229025,0.5274689197540283,0.3634931445121765,1787,464.48,0.6992058753967285,0.11013029515743256,-0.022431185469031334,-0.007451248417783063,0.7527911067008972,-0.010707843117415905,0.2882661819458008,1784481589.4093628,2.186668634414673,2044.240695794,0.7777778506278992,,10.703577995300293,39719
7.7916669845581055,0.125,0.3560389280319214,0.29507043957710266,0.00011390625000000003,0.2467605173587799,0.14063265919685364,1.692209243774414,0.4166666865348816,0.6924279928207397,-0.59918612241745,0.45853370428085327,0.043452234007418156,0.75,0.17705540359020233,5.073736214637757,0.08230911195278168,2.7706096172332764,0.738493800163269,0.44034647941589355,0.3677454888820648,16.23323457069695,0.5900311470031738,0.3603236675262451,1788,466.29,0.699835479259491,0.09753718972206116,-0.017246795818209648,-0.007917316025123,0.8241927027702332,-0.011427016928792,0.301114559173584,1784481591.946254,2.13305926322937,2046.820574211,0.7777778506278992,,11.165999412536621,40384
8.041666984558105,0.0,0.3701421916484833,0.2949296236038208,0.00011390625000000003,0.24152305722236633,0.13829323649406433,1.6029884815216064,0.5416666865348816,0.6311101913452148,-0.5897808074951172,0.44819241762161255,0.04165318384766579,1.0416667461395264,0.1745055913925171,5.070140361785889,0.08083852380514145,2.6856448650360107,0.7214241027832031,0.43121060729026794,0.36840686202049255,16.540405747815967,0.5382359027862549,0.3519974648952484,1789,477.13,0.6998388171195984,0.09634070098400116,-0.01810193806886673,-0.008501989248907193,0.7894608378410339,-0.011715535074472427,0.29958176612854004,1784481594.528247,2.1780734062194824,2049.924863751,0.7777778506278992,,10.858034133911133,39676
7.5,0.0416666679084301,0.37694287300109863,0.29488667845726013,7.593750000000004e-05,0.19879156351089478,0.14556610584259033,1.4597715139389038,0.375,0.5720968246459961,-0.6101759672164917,0.47698426246643066,0.03965991884469986,0.4166666865348816,0.1319204866886139,5.054120326042176,0.06846243143081665,2.489330768585205,0.7611070871353149,0.4588853120803833,0.36975693702697754,16.410066129565237,0.5011882781982422,0.37160834670066833,1790,467.36,0.700624942779541,0.10445253551006317,-0.025521855801343918,-0.007348505215486511,0.7131304740905762,-0.011008071713149548,0.3179469108581543,1784481597.7186117,2.682347536087036,2052.521442413,0.7777778506278992,"{'path': 'media/videos/video_1790_df847bae07d23d01b213.mp4', 'size': 1367748.0, '_type': 'video-file', 'sha256': 'df847bae07d23d01b213d57e520461d9ebaf8cb65c5e45d0c6bfd89412bc4458'}",10.237909317016602,32764
7.375,0.0416666679084301,0.388053834438324,0.29496318101882935,5.062500000000002e-05,0.2258124202489853,0.13789992034435272,1.548842191696167,0.3333333432674408,0.6505149006843567,-0.5880837440490723,0.4469165503978729,0.04356427825987339,0.875,0.1553434431552887,5.062068915367126,0.07362720370292664,2.630317449569702,0.7199105024337769,0.4306229054927826,0.3694457411766052,15.500952509343625,0.560573935508728,0.3503786027431488,1791,455.29,0.7006934881210327,0.09536395967006683,-0.015750285238027573,-0.007319849007762969,0.759405791759491,-0.01122862659394741,0.2957496643066406,1784481600.2349417,2.1189451217651367,2054.927758673,0.7777778506278992,,11.313498497009277,40710
7.958333492279053,0.0416666679084301,0.4209063947200775,0.29498642683029175,0.00011390625000000003,0.23600362241268158,0.1406373828649521,1.6920280456542969,0.375,0.6409079432487488,-0.5923383235931396,0.4553576111793518,0.03989167381078005,0.8333333730697632,0.170419380068779,5.06391294002533,0.0773778110742569,2.753796100616455,0.7267148494720459,0.438346266746521,0.3735996186733246,15.310087637752295,0.561860978603363,0.3542248606681824,1792,441.51,0.6982865333557129,0.09826299548149109,-0.020319534465670586,-0.008250838716048748,0.776467502117157,-0.013802388682961464,0.29546236991882324,1784481602.639637,2.000444173812866,2057.56353273,0.7777778506278992,,11.147703170776367,42817
7.125,0.0,0.4339713454246521,0.29487305879592896,5.0625000000000024e-05,0.24148856103420258,0.139896422624588,1.6534075736999512,0.4166666865348816,0.6726646423339844,-0.5921059250831604,0.4514371156692505,0.03616548106074333,0.75,0.18018758296966553,5.062866044044495,0.07947450876235962,2.6604108810424805,0.7277915477752686,0.43616974353790283,0.3776913583278656,15.86911979585886,0.5935885310173035,0.3546355962753296,1793,459.33,0.6957855224609375,0.09074010699987411,-0.02097839117050171,-0.005884112005878706,0.7455422282218933,-0.011452465318143368,0.31055545806884766,1784481605.28125,2.2176923751831055,2060.036675562,0.7777778506278992,,10.741881370544434,38882
6.625,0.0,0.36682599782943726,0.29466429352760315,0.00011390625000000005,0.19587838649749756,0.14304475486278534,1.344143271446228,0.125,0.5881766080856323,-0.608483612537384,0.46450209617614746,0.03529680613428354,0.375,0.12760597467422485,5.037781691551208,0.06969717890024185,2.423135280609131,0.7493813037872314,0.44878968596458435,0.37897050380706787,16.929854538440704,0.5220457315444946,0.3659486770629883,1794,491.06,0.6946942210197449,0.09705376625061035,-0.021487433463335037,-0.007943972665816545,0.7285131812095642,-0.010993996635079384,0.2874577045440674,1784481607.7428374,2.0698904991149902,2062.625879924,0.7777778506278992,,10.002939224243164,41701
8.958333969116211,0.0,0.3595092296600342,0.29452627897262573,0.00011390625000000003,0.19887050986289978,0.147062286734581,1.413029432296753,0.3333333432674408,0.5601872801780701,-0.6052218675613403,0.47312361001968384,0.03794519118964672,0.625,0.13715022802352905,5.027969813346862,0.06969061493873596,2.4758572578430176,0.752002477645874,0.4575071334838867,0.3772774934768677,16.124599989652634,0.474762886762619,0.3686891496181488,1795,459.07,0.6960288286209106,0.10148221254348755,-0.023286890238523483,-0.008239619433879852,0.7017874717712402,-0.011057841591536999,0.31154441833496094,1784481610.340706,2.174961805343628,2065.134867741,0.7777778506278992,,10.408493041992188,39534
7.4166669845581055,0.0,0.3707745671272278,0.2944996654987335,0.00011390625000000003,0.2237316071987152,0.14224404096603394,1.6060059070587158,0.25,0.6299609541893005,-0.5880313515663147,0.45881637930870056,0.04052079003304243,0.875,0.16356998682022095,5.011816763877869,0.07357338070869446,2.6478819847106934,0.7290287017822266,0.4445754885673523,0.3775654435157776,15.488361082673073,0.5275757312774658,0.35572129487991333,1796,445.34,0.6961448192596436,0.09602686762809753,-0.020459506660699844,-0.00880129883880727,0.7099053263664246,-0.011529684066772461,0.2948737144470215,1784481612.841253,2.10040545463562,2067.716783908,0.7777778506278992,,10.89157485961914,41040
7.75,0.0,0.3929005265235901,0.2945675253868103,0.00011390625000000003,0.22919128835201263,0.1440768986940384,1.4942377805709839,0.2916666865348816,0.6147916316986084,-0.6002373099327087,0.4641980528831482,0.04499326217919588,0.875,0.16831183433532715,5.0160643577575685,0.07574978470802307,2.580946683883667,0.7427417635917664,0.44978785514831543,0.3791610598564148,16.21653104275465,0.5016556978225708,0.363719642162323,1797,455.57,0.6950172185897827,0.10565438121557236,-0.01929437182843685,-0.007884198048850521,0.7484655380249023,-0.011356564238667488,0.31511926651000977,1784481615.435001,2.1640143394470215,2070.258152694,0.7777778506278992,,10.380987167358398,39652
7.75,0.0416666679084301,0.3462491035461426,0.2945123314857483,7.593750000000004e-05,0.22716902196407318,0.14529570937156677,1.5941327810287476,0.2916666865348816,0.6335540413856506,-0.6005188226699829,0.46582597494125366,0.03517672084271908,0.7083333730697632,0.1620309054851532,5.01646614074707,0.07635053247213364,2.6757142543792725,0.7444402575492859,0.4500204920768738,0.37859010696411133,17.019917703270913,0.5298412442207336,0.3638107478618622,1798,481.88,0.693618893623352,0.10054630041122437,-0.021718908101320267,-0.005746569003167679,0.7572852969169617,-0.010636113584041595,0.30047059059143066,1784481617.9674509,2.1253104209899902,2072.860978092,0.7777778506278992,,10.803024291992188,40524
8.333333969116211,0.0416666679084301,0.41196784377098083,0.2943173050880432,7.593750000000002e-05,0.17728471755981445,0.14945462346076965,1.2967523336410522,0.2083333432674408,0.49319928884506226,-0.6173819899559021,0.47982484102249146,0.03919179551303387,0.4166666865348816,0.12128417938947678,4.999371957778931,0.0622832290828228,2.2215912342071533,0.7707036733627319,0.46243786811828613,0.3796932101249695,17.586003046035767,0.42050713300704956,0.37931308150291443,1799,494.89,0.6935901641845703,0.10014629364013672,-0.018719159066677094,-0.007992517505772411,0.6226600408554077,-0.009980728849768639,0.31446051597595215,1784481620.5851834,2.183448076248169,2075.394991802,0.7777778506278992,,9.341548919677734,39354
8.541666984558105,0.0,0.4067063331604004,0.29437217116355896,7.593750000000002e-05,0.2197875678539276,0.1411377191543579,1.4718717336654663,0.375,0.6226045489311218,-0.5920265913009644,0.45976728200912476,0.042658483050763606,0.9166666865348816,0.1552988588809967,4.996157622337341,0.07447070628404617,2.6196517944335938,0.7328898310661316,0.44188016653060913,0.3782143294811249,15.849272699058055,0.5115829706192017,0.3582540452480316,1800,453.41,0.6950269937515259,0.09942831099033356,-0.020937908440828323,-0.006917367444839328,0.7251275777816772,-0.011169306933879852,0.28670263290405273,1784481623.099859,2.1237423419952393,2078.000037406,0.7777778506278992,,11.125865936279297,40782
7.5,0.0416666679084301,0.4123094975948334,0.2943236827850342,7.593750000000002e-05,0.22898134589195251,0.14039556682109833,1.476271629333496,0.5416666865348816,0.6218047738075256,-0.6016135215759277,0.45442232489585876,0.03560098577290773,0.5416666865348816,0.16905377805233002,5.00111575126648,0.07702922075986862,2.5430965423583984,0.7383162379264832,0.4380079209804535,0.37904247641563416,16.471067840456964,0.5284623503684998,0.3613467216491699,1801,473.99,0.6967859268188477,0.09604692459106445,-0.019901523366570473,-0.006876836804440245,0.7418613433837891,-0.01133116614073515,0.3117222785949707,1784481625.7230282,2.191073179244995,2080.617050825,0.7777778506278992,,10.424137115478516,39277
6.708333492279053,0.0,0.3672359883785248,0.29425621032714844,7.593750000000002e-05,0.21584513783454895,0.14480912685394287,1.5154471397399902,0.125,0.6717718839645386,-0.6191160082817078,0.47013020515441895,0.04414524361491203,0.625,0.15078552067279816,4.990577054023743,0.0750073790550232,2.7033801078796387,0.759361743927002,0.4464467465877533,0.3782671391963959,16.10133314341307,0.5677981376647949,0.37109124660491943,1802,464.23,0.6997673511505127,0.0967799574136734,-0.024009287357330322,-0.00698873883811757,0.7622284889221191,-0.011649488471448421,0.3123161792755127,1784481628.341891,2.1819207668304443,2083.190875497,0.7777778506278992,,11.199762344360352,39412
8.041666984558105,0.0,0.36612457036972046,0.29425010085105896,5.062500000000002e-05,0.2197302281856537,0.1453682780265808,1.4741203784942627,0.625,0.6211320757865906,-0.6039050817489624,0.4684637784957886,0.043503282591700554,0.5833333730697632,0.1626584827899933,4.986071753501892,0.07621094584465027,2.5315699577331543,0.7449735999107361,0.4503406882286072,0.3805210590362549,15.972405230998993,0.5403005480766296,0.3639480471611023,1803,461.08,0.6995047330856323,0.10202734172344208,-0.02303239330649376,-0.006621979060582817,0.7235268354415894,-0.012284866534173489,0.29331207275390625,1784481630.8958464,2.155677556991577,2085.696204537,0.7777778506278992,,10.203597068786621,40140
7.625,0.0416666679084301,0.38239991664886475,0.2942630350589752,0.00011390625000000003,0.216339573264122,0.14357000589370728,1.504490613937378,0.2916666865348816,0.5859691500663757,-0.6002746224403381,0.46614909172058105,0.04175252504646778,1.0416667461395264,0.1480201780796051,4.9812166929245,0.0723315179347992,2.48953914642334,0.747797429561615,0.44469913840293884,0.38474249839782715,16.30097027301788,0.5100706219673157,0.3664703965187073,1804,468.51,0.6983373165130615,0.09306987375020981,-0.023708557710051537,-0.008213119517313317,0.6936516165733337,-0.010717379860579967,0.29360318183898926,1784481633.4034007,2.1126315593719482,2088.321756397,0.7777778506278992,,10.139471054077148,40853
7.7916669845581055,0.0416666679084301,0.40467798709869385,0.29436570405960083,7.593750000000002e-05,0.2483815848827362,0.14049626886844635,1.5850943326950073,0.375,0.6530014276504517,-0.5896055102348328,0.44900259375572205,0.05232798717916012,1.0416667461395264,0.1965222954750061,4.988355827331543,0.082426518201828,2.747415065765381,0.7210664749145508,0.4337960183620453,0.3864869475364685,15.562020554542542,0.5628120303153992,0.35202670097351074,1805,453.5,0.6975089907646179,0.0966574102640152,-0.023431427776813507,-0.008247447351459413,0.7999788522720337,-0.013559503480792046,0.32291150093078613,1784481636.0398273,2.1990320682525635,2090.864896821,0.7777778506278992,,10.921895980834961,38979
9.291666984558105,0.0,0.35925060510635376,0.2944202721118927,7.593750000000002e-05,0.2400197684764862,0.14086046814918518,1.6023247241973877,0.8333333730697632,0.6353698968887329,-0.5854787826538086,0.45166951417922974,0.04410587586462498,0.9166666865348816,0.18079277873039246,4.997614955902099,0.0806039571762085,2.693953275680542,0.7219592928886414,0.434007465839386,0.38828229904174805,16.277488644719124,0.5389722585678101,0.35183998942375183,1806,463.13,0.6980640292167664,0.09873057901859283,-0.022355658933520317,-0.007000305439578369,0.7607549428939819,-0.01110904198139906,0.2947723865509033,1784481638.575193,2.133988380432129,2093.469829671,0.7777778506278992,,11.018644332885742,40474
7.0,0.0,0.36156052350997925,0.2944076359272003,0.00011390625000000003,0.2151513695716858,0.14368395507335663,1.557875394821167,0.4166666865348816,0.555099606513977,-0.5911227464675903,0.46180495619773865,0.04336537476629019,0.75,0.1629377007484436,4.998509883880615,0.0761442631483078,2.4057674407958984,0.7327347993850708,0.445607990026474,0.3884703814983368,16.43766835898161,0.4815370738506317,0.357099711894989,1807,461.31,0.6980342864990234,0.10336049646139145,-0.019613968208432198,-0.007660979102365672,0.7080993056297302,-0.011025200597941875,0.31095433235168457,1784481641.1681342,2.1881959438323975,2095.995418435,0.7777778506278992,,9.669910430908203,39334
7.5,0.0,0.38799864053726196,0.29424092173576355,7.593750000000004e-05,0.23233312368392944,0.14597514271736145,1.5980644226074219,0.5,0.6372372508049011,-0.5979652404785156,0.47156381607055664,0.03827746082097292,0.75,0.16535064578056335,4.990128087997436,0.07774046063423157,2.696335554122925,0.744401216506958,0.4492660462856293,0.3888382315635681,16.43342769920826,0.5394079685211182,0.36615121364593506,1808,465.57,0.6988948583602905,0.0985681414604187,-0.020677242428064346,-0.007426562346518039,0.7707656621932983,-0.010972952470183372,0.2864224910736084,1784481643.7064958,2.146515369415283,2098.62522891,0.7777778506278992,,11.093913078308105,40405
7.9166669845581055,0.0,0.3851730227470398,0.2941097915172577,5.062500000000002e-05,0.20902606844902039,0.14725010097026825,1.4878499507904053,0.5,0.5400992631912231,-0.6097423434257507,0.47112083435058594,0.04147136658430099,0.5416666865348816,0.15016208589076996,4.970198106765747,0.07143919914960861,2.446101427078247,0.7516766786575317,0.45217904448509216,0.39033985137939453,16.3091508564353,0.4563256502151489,0.36537855863571167,1809,466.51,0.7008975744247437,0.10138699412345886,-0.023390453308820724,-0.006889774362934986,0.6862172484397888,-0.011626786552369595,0.3349127769470215,1784481646.341496,2.187918186187744,2101.188309658,0.7777778506278992,,10.126413345336914,38965
8.125,0.0,0.37001949548721313,0.2940930426120758,0.00011390625000000003,0.21640680730342865,0.14368703961372375,1.565192461013794,0.5416666865348816,0.5960022807121277,-0.5938631296157837,0.4668552279472351,0.04198140520602465,0.6666666865348816,0.1535256952047348,4.964766001701355,0.07302220165729523,2.5936279296875,0.7389122843742371,0.44595059752464294,0.3918835520744324,16.658456845209002,0.5013514161109924,0.3631677031517029,1810,470.08,0.7006477117538452,0.1025436744093895,-0.022147100418806076,-0.008624386377050541,0.697363555431366,-0.011539938859641552,0.29779696464538574,1784481648.8928092,2.1510491371154785,2104.289005484,0.7777778506278992,,10.308173179626465,40142
7.125,0.0,0.37761181592941284,0.2941601574420929,0.00011390625000000006,0.2177237719297409,0.14322449266910553,1.5158718824386597,0.5,0.6032694578170776,-0.5943812131881714,0.46288928389549255,0.03713209591805935,0.625,0.16262173652648926,4.969502425193786,0.07584911584854126,2.5759027004241943,0.7379738688468933,0.44418442249298096,0.3924364745616913,16.12841221705079,0.515397310256958,0.36091265082359314,1811,457.52,0.6991609930992126,0.10034680366516113,-0.01802424155175686,-0.007719602571160067,0.7384564876556396,-0.012101748958230019,0.32282304763793945,1784481652.0765631,2.676004409790039,2106.89564374,0.7777778506278992,"{'path': 'media/videos/video_1811_3adc0aade0e2bfc4f53f.mp4', 'size': 1417532.0, '_type': 'video-file', 'sha256': '3adc0aade0e2bfc4f53fb26d4e1d574a8738ee60a2950d30ff1abf8e3131bf94'}",10.259551048278809,32780
7.6666669845581055,0.0,0.4048912525177002,0.2940147817134857,7.593750000000004e-05,0.21595311164855957,0.14470404386520386,1.629764437675476,0.375,0.6483291983604431,-0.6123332977294922,0.468211829662323,0.0418250035494566,0.875,0.1504371464252472,4.964809155464172,0.07207532227039337,2.7075040340423584,0.7543981075286865,0.44847163558006287,0.39236611127853394,15.861700206696987,0.5571262836456299,0.36927247047424316,1812,460.87,0.6981493830680847,0.09834590554237366,-0.02368127554655075,-0.008899423194816337,0.7845653295516968,-0.012470281682908535,0.28919076919555664,1784481654.601166,2.1424403190612793,2109.343515025,0.7777778506278992,,11.060562133789062,40427
8.0,0.0,0.40031349658966064,0.29402121901512146,7.593750000000002e-05,0.21799258887767792,0.1474325954914093,1.3597588539123535,0.4583333432674408,0.5191407203674316,-0.5986995100975037,0.4745982587337494,0.046219651214778425,0.5833333730697632,0.1629164218902588,4.953682827949524,0.07291792333126068,2.4250917434692383,0.7498253583908081,0.4547670781612396,0.39258405566215515,16.454646503925325,0.43064436316490173,0.3664394021034241,1813,469.1,0.697943389415741,0.10599440336227417,-0.02278568409383297,-0.006868441702681594,0.7025758624076843,-0.011565721593797207,0.28893494606018066,1784481657.0574117,2.0572142601013184,2111.99644565,0.7777778506278992,,9.746768951416016,41900
6.708333492279053,0.0,0.38219374418258667,0.29402339458465576,0.00011390625000000003,0.2424486130475998,0.14154459536075592,1.6556622982025146,0.6666666865348816,0.6260808706283569,-0.5856602787971497,0.45717906951904297,0.04008202962577343,0.9583333730697632,0.17900118231773376,4.952914667129517,0.07885684072971344,2.696758985519409,0.7261835336685181,0.4405844211578369,0.39687132835388184,16.191700615286827,0.5325016379356384,0.3552793860435486,1814,458.3,0.6977506875991821,0.09881871193647385,-0.021663393825292587,-0.008013011963339523,0.7600295543670654,-0.013060210272669792,0.3128941059112549,1784481659.7132459,2.228116512298584,2114.46665265,0.7777778506278992,,11.06049919128418,38686
7.0,0.0,0.41465461254119873,0.29407891631126404,0.00011390625000000003,0.2261659950017929,0.14501893520355225,1.5676363706588745,0.3333333432674408,0.6020878553390503,-0.5893559455871582,0.46580082178115845,0.03988007698208094,0.5833333730697632,0.1637248694896698,4.951879954338073,0.07740253210067749,2.6349337100982666,0.7368367910385132,0.4458499550819397,0.3987296521663666,16.079151543676854,0.505624532699585,0.36321181058883667,1815,457.76,0.6974264979362488,0.10010330379009247,-0.02201560139656067,-0.008606309548486023,0.7477561235427856,-0.011443163268268108,0.29114246368408203,1784481662.170751,2.0652377605438232,2116.878353795,0.7777778506278992,,10.232563018798828,41718
8.166666984558105,0.0,0.3938920199871063,0.29384759068489075,7.593750000000002e-05,0.21888677775859833,0.14751499891281128,1.55240797996521,0.5,0.6091644167900085,-0.6062033176422119,0.47438114881515503,0.03783775977790356,0.5833333730697632,0.15611553192138672,4.9436540603637695,0.07345634698867798,2.6226186752319336,0.7540627717971802,0.4555746912956238,0.40060847997665405,16.379688724577427,0.5160619020462036,0.36873525381088257,1816,467.91,0.6965492963790894,0.10426302999258041,-0.02247612550854683,-0.008217604600031337,0.7296556830406189,-0.011807767674326897,0.2933952808380127,1784481664.583362,2.019930362701416,2119.509531112,0.7777778506278992,,10.526058197021484,42494
7.333333492279053,0.0,0.4019206166267395,0.293702095746994,7.593750000000002e-05,0.18261152505874634,0.14508703351020813,1.3256869316101074,0.4583333432674408,0.5366659164428711,-0.6056381464004517,0.4703063666820526,0.03949615471065045,0.5416666865348816,0.12449474632740021,4.917360949516296,0.06672404706478119,2.3018648624420166,0.749739408493042,0.4489670693874359,0.4024627208709717,15.861893983781338,0.46554192900657654,0.36627817153930664,1817,458.14,0.6954642534255981,0.1015106588602066,-0.01967378705739975,-0.007692202885391452,0.6455448865890503,-0.010921932756900787,0.30785298347473145,1784481667.2264876,2.222052812576294,2121.972264994,0.7777778506278992,,9.358184814453125,38856
8.375,0.0416666679084301,0.34267324209213257,0.2936848998069763,0.00011390625000000003,0.2069913148880005,0.14737683534622192,1.4256032705307007,0.25,0.5583864450454712,-0.5985826253890991,0.47187668085098267,0.04321543145924807,0.7916666865348816,0.14855097234249115,4.905009365081787,0.06965073943138123,2.4793543815612793,0.7497427463531494,0.4531652629375458,0.40262648463249207,16.524761708080767,0.48258984088897705,0.3661641776561737,1818,467.49,0.6952344179153442,0.09944802522659302,-0.025133024901151657,-0.008426964250975288,0.7178923487663269,-0.01059719454497099,0.2992393970489502,1784481669.6820176,2.0481505393981934,2124.586904434,0.7777778506278992,,10.321023941040039,41878
8.208333969116211,0.0,0.40020471811294556,0.29364073276519775,0.00011390625000000003,0.20440582931041718,0.14707325398921967,1.454756736755371,0.375,0.5766248106956482,-0.5934507250785828,0.4701298177242279,0.038756424374878404,0.7916666865348816,0.14751438796520233,4.904011583328247,0.06965166330337524,2.4990177154541016,0.7429991960525513,0.4528498649597168,0.4044273793697357,16.963538310527802,0.49775585532188416,0.3634800314903259,1819,473.78,0.694535493850708,0.10275302827358246,-0.021319469437003136,-0.008858131075248821,0.7062394618988037,-0.011388937011361122,0.31157851219177246,1784481672.300584,2.1968915462493896,2127.207932767,0.7777778506278992,,10.494483947753906,39188
8.416666984558105,0.0,0.378389835357666,0.29360291361808777,7.593750000000002e-05,0.2160279005765915,0.14576809108257294,1.4724421501159668,0.4583333432674408,0.6334236860275269,-0.5956994295120239,0.4686102867126465,0.040325486287474635,0.6666666865348816,0.15458643436431885,4.896894025802612,0.07356211543083191,2.5577285289764404,0.7458938360214233,0.4499281644821167,0.4026358127593994,16.206467853188514,0.5614044666290283,0.3645435571670532,1820,465.28,0.6969274878501892,0.0999019593000412,-0.024957850575447083,-0.008851950976531953,0.7332751154899597,-0.011374394409358501,0.32489991188049316,1784481674.924008,2.1835227012634277,2129.832308538,0.7777778506278992,,10.266633987426758,39189
8.375,0.0,0.3795495927333832,0.2936379015445709,7.593750000000002e-05,0.22144731879234314,0.14449402689933777,1.4708937406539917,0.5416666865348816,0.597443699836731,-0.5957653522491455,0.4686458706855774,0.048094846308231354,0.7916666865348816,0.15968918800354004,4.9015604734420775,0.07248587906360626,2.497922897338867,0.7414814829826355,0.4491581320762634,0.40160882472991943,15.971502330899238,0.5243687629699707,0.3627827763557434,1821,453.65,0.6991511583328247,0.10039487481117249,-0.02107670158147812,-0.007884538684447762,0.7333716750144958,-0.011648024432361126,0.30249953269958496,1784481677.5370703,2.20900559425354,2132.270866556,0.7777778506278992,,10.202226638793945,39141
6.7916669845581055,0.0,0.3754885196685791,0.2934945225715637,0.00011390625000000003,0.22310927510261536,0.149950310587883,1.591921329498291,0.4583333432674408,0.6049261093139648,-0.6126025915145874,0.480304479598999,0.035821620374917984,0.6666666865348816,0.16326862573623657,4.899050784111023,0.07433205842971802,2.5761494636535645,0.7623509168624878,0.46042537689208984,0.40337416529655457,16.744302113056182,0.5190179347991943,0.37267300486564636,1822,474.63,0.7005901336669922,0.1034885048866272,-0.021510429680347443,-0.007679839662887389,0.7124496698379517,-0.012334279716014862,0.2949960231781006,1784481679.9842556,2.0439343452453613,2134.747341006,0.7777778506278992,,10.243827819824219,42029
6.833333492279053,0.0,0.370209664106369,0.29324012994766235,7.593750000000002e-05,0.21225371956825256,0.14168459177017212,1.4009819030761719,0.25,0.5984460115432739,-0.5852997899055481,0.4581831693649292,0.038222775980830195,0.5833333730697632,0.1599130928516388,4.877812433242798,0.07203105837106705,2.5029022693634033,0.7275180816650391,0.43798014521598816,0.4009200930595398,16.153455113768576,0.5175269842147827,0.3547254204750061,1823,459.7,0.7030856013298035,0.09874169528484344,-0.024185186251997948,-0.008177005672405358,0.7329235076904297,-0.011847974732518196,0.29012513160705566,1784481682.452149,2.076270818710327,2137.326871088,0.7777778506278992,,10.106795310974121,41541
7.833333492279053,0.0,0.3620719313621521,0.29317715764045715,7.593750000000002e-05,0.19156619906425476,0.1488860547542572,1.3768739700317383,0.25,0.5383104085922241,-0.6068945527076721,0.48044902086257935,0.042617274634540084,0.625,0.1208343431353569,4.862167882919311,0.06284861266613007,2.3987815380096436,0.7597143650054932,0.4569975733757019,0.3984251022338867,16.653713673651218,0.4636709690093994,0.3723716139793396,1824,471.56,0.704003095626831,0.1018664687871933,-0.022430110722780228,-0.008147198322694749,0.6861873865127563,-0.01116908248513937,0.2954261302947998,1784481685.0323033,2.183587074279785,2139.784332336,0.7777778506278992,,9.916095733642578,39654
7.958333492279053,0.0833333358168602,0.36085623502731323,0.293142169713974,7.593750000000002e-05,0.2526737451553345,0.13933812081813812,1.6464719772338867,0.5416666865348816,0.6596535444259644,-0.57612144947052,0.4507945477962494,0.043896626494824884,1.0416667461395264,0.19042955338954926,4.8611215353012085,0.08325383067131042,2.748518466949463,0.7139569520950317,0.4286884665489197,0.39857029914855957,16.260994542241097,0.5620071887969971,0.347148597240448,1825,455.24,0.7020516395568848,0.10428221523761749,-0.022653846070170403,-0.0069643330272811,0.8058164119720459,-0.012432072311639786,0.2943084239959717,1784481687.492969,2.0616087913513184,2142.404577288,0.7777778506278992,,10.940276145935059,41726
7.958333492279053,0.0,0.35909613966941833,0.29289066791534424,0.00011390625000000003,0.24961483478546143,0.13986968994140625,1.5915086269378662,0.625,0.6674275398254395,-0.5801435708999634,0.4526205062866211,0.039115623012185095,0.8333333730697632,0.19100086390972137,4.83621985912323,0.0838550329208374,2.781221389770508,0.7216472625732422,0.4324102997779846,0.397577166557312,15.846696206144989,0.5659418702125549,0.3512897193431854,1826,456.32,0.7017706632614136,0.09616883844137192,-0.023089684545993805,-0.007536842922854703,0.8035693168640137,-0.01081700250506401,0.302478551864624,1784481690.1170797,2.212831735610962,2144.98701512,0.7777778506278992,,11.35290813446045,39082
9.208333969116211,0.0,0.4077081084251404,0.29295748472213745,0.00011390625000000003,0.20576906204223633,0.14430800080299377,1.5156339406967163,0.3333333432674408,0.5955638885498047,-0.591759204864502,0.46136075258255005,0.038682637922465804,1.0416667461395264,0.14379212260246277,4.827435946464538,0.0698373019695282,2.5529634952545166,0.7351502776145935,0.44406113028526306,0.39786380529403687,15.88388627409935,0.5147766470909119,0.3597898483276367,1827,456.59,0.7013806104660034,0.09704668819904327,-0.021373149007558823,-0.008393520829849876,0.715328574180603,-0.011841023340821266,0.31706809997558594,1784481692.7086349,2.154963493347168,2147.548717814,0.7777778506278992,,10.912272453308105,39766
6.208333492279053,0.0,0.40901094675064087,0.29309481382369995,0.00011390625000000003,0.23803871870040894,0.1453976184129715,1.6486819982528687,0.4166666865348816,0.6573774218559265,-0.5962713360786438,0.4673907458782196,0.03996317945420742,0.7916666865348816,0.17857615649700165,4.841859269142151,0.07842718064785004,2.750412702560425,0.7443887591362,0.44759422540664673,0.3958171606063843,15.677064569890499,0.5470956563949585,0.3643913269042969,1828,451.45,0.7017474174499512,0.0964069664478302,-0.022535113617777824,-0.008058685545529442,0.7766250371932983,-0.011638524010777473,0.2866523265838623,1784481695.2542906,2.1541671752929688,2150.13749614,0.7777778506278992,,10.75025749206543,40274
7.958333492279053,0.0,0.3918117880821228,0.29319319128990173,7.593750000000002e-05,0.19904224574565887,0.14857560396194458,1.4719469547271729,0.2083333432674408,0.5364253520965576,-0.5969266891479492,0.47651931643486023,0.03939117062836885,0.6666666865348816,0.1428997814655304,4.850586891174316,0.06677848100662231,2.3833351135253906,0.7513567805290222,0.4548933506011963,0.39429235458374023,16.56379162877798,0.4540044069290161,0.3661772608757019,1829,462.58,0.7017659544944763,0.10678304731845856,-0.021211475133895874,-0.009047779999673367,0.6869496703147888,-0.010660326108336449,0.3108839988708496,1784481697.8561318,2.175806760787964,2152.796511628,0.7777778506278992,,9.644437789916992,39532
8.291666984558105,0.0,0.34851473569869995,0.2932474911212921,0.00011390625000000003,0.21468022465705872,0.14690528810024261,1.5715516805648804,0.375,0.6365659236907959,-0.5946897268295288,0.46927404403686523,0.04228038378059864,0.9166666865348816,0.14551347494125366,4.856411504745483,0.07169298082590103,2.6896941661834717,0.7444326281547546,0.44866031408309937,0.39235615730285645,16.664083243012428,0.5335015654563904,0.363605260848999,1830,465.83,0.7009581923484802,0.10389789193868637,-0.022878985852003098,-0.007355478651879821,0.7483064532279968,-0.011568206362426281,0.30232930183410645,1784481700.5002687,2.237335681915283,2155.252269563,0.7777778506278992,,11.084239959716797,38707
7.75,0.0,0.3828980326652527,0.29320889711380005,7.593750000000002e-05,0.20081102848052979,0.14822255074977875,1.6318867206573486,0.25,0.6169335246086121,-0.6034257411956787,0.47517356276512146,0.04598905872553587,0.8333333730697632,0.13722562789916992,4.857303476333618,0.06903539597988129,2.599379062652588,0.7555930018424988,0.4547119140625,0.3901825547218323,16.78113272190094,0.5228672623634338,0.3695704936981201,1831,474.85,0.7008830308914185,0.10033601522445679,-0.02419426292181015,-0.0081357787392335,0.7282484769821167,-0.011418642476201057,0.28603029251098633,1784481702.9627435,2.069761276245117,2158.425045189,0.7777778506278992,,10.460283279418945,41728
7.7916669845581055,0.0,0.40496939420700073,0.29334205389022827,0.00011390625000000003,0.24708335101604462,0.1431732475757599,1.6278893947601318,0.4166666865348816,0.6641259789466858,-0.5866402983665466,0.4603184163570404,0.04298688154667616,0.8333333730697632,0.17731806635856628,4.862848591804505,0.08124597370624542,2.8600664138793945,0.7283433675765991,0.44074174761772156,0.39048469066619873,16.206840106993912,0.5273981094360352,0.3558366894721985,1832,466.31,0.6988314390182495,0.09822595119476318,-0.019655650481581688,-0.00773213634674903,0.8386265635490417,-0.012393942102789879,0.3025681972503662,1784481706.1981387,2.761789560317993,2160.920935929,0.7777778506278992,"{'path': 'media/videos/video_1832_1d25dff9c4dffce2c1f9.mp4', 'size': 1282915.0, '_type': 'video-file', 'sha256': '1d25dff9c4dffce2c1f9fc18bed4a40d45c1d6b22217a66c1627eada2b185bca'}",11.505901336669922,32079
7.25,0.0833333358168602,0.3764839172363281,0.29352179169654846,5.062500000000002e-05,0.23337946832180023,0.14860284328460693,1.5724859237670898,0.2916666865348816,0.640265941619873,-0.596336841583252,0.47302231192588806,0.049193155579268934,0.7916666865348816,0.167086660861969,4.882739734649658,0.07686717808246613,2.655684471130371,0.7428860664367676,0.45353615283966064,0.39253920316696167,16.97142241716385,0.5336923599243164,0.36279821395874023,1833,474.12,0.6971783638000488,0.10442358255386353,-0.02261992357671261,-0.008214092522393912,0.7530080080032349,-0.011942076496779919,0.2867295742034912,1784481708.626091,2.051614284515381,2163.589986083,0.7777778506278992,,10.890615463256836,42040
7.833333492279053,0.0833333358168602,0.3773096799850464,0.2934247553348541,0.00011390625000000003,0.2415768802165985,0.14099282026290894,1.480600357055664,0.375,0.6276150941848755,-0.5850921273231506,0.45481330156326294,0.04321649633347988,1.0416667461395264,0.18074868619441986,4.888420510292053,0.08174064755439758,2.71425199508667,0.7268006205558777,0.4338284432888031,0.39094671607017517,15.87518952548504,0.512580931186676,0.35422199964523315,1834,449.54,0.6964470744132996,0.09740576148033142,-0.020665284246206284,-0.007875221862923354,0.7916933298110962,-0.011372637003660202,0.30815744400024414,1784481711.296053,2.259671688079834,2166.069301321,0.7777778506278992,,10.915491104125977,38282
7.375,0.0,0.35285085439682007,0.2933061420917511,0.00011390625000000003,0.23637959361076355,0.144908607006073,1.621988296508789,0.625,0.6737222075462341,-0.5895054936408997,0.4632926881313324,0.04059237446635962,0.8333333730697632,0.17370498180389404,4.8708068370819095,0.07838776707649231,2.791961193084717,0.7365066409111023,0.44258373975753784,0.3922851085662842,16.008857171535492,0.567829966545105,0.35930371284484863,1835,455.09,0.6962242126464844,0.1000349149107933,-0.02746453881263733,-0.008148886170238257,0.8339211344718933,-0.011075956746935844,0.29093217849731445,1784481713.77911,2.0870940685272217,2168.670727419,0.7777778506278992,,11.186344146728516,41338
7.1666669845581055,0.0,0.3727269768714905,0.29312849044799805,0.00011390625000000006,0.19995805621147156,0.15128259360790253,1.357375144958496,0.1666666716337204,0.5530785322189331,-0.608535647392273,0.4812609553337097,0.0390750851482153,0.5,0.13162413239479065,4.862326645851136,0.06602378189563751,2.4766767024993896,0.7618348002433777,0.4632273316383362,0.3909200131893158,17.089476085249334,0.47787952423095703,0.37320584058761597,1836,482.08,0.6970822215080261,0.10724163055419922,-0.02045678161084652,-0.007033727259840816,0.7096483111381531,-0.011743787676095963,0.30558109283447266,1784481716.3953018,2.1896557807922363,2171.207842646,0.7777778506278992,,10.522401809692383,39396
7.7916669845581055,0.0,0.38432079553604126,0.29301515221595764,7.593750000000004e-05,0.22257515788078308,0.14940696954727173,1.5180586576461792,0.4166666865348816,0.580769956111908,-0.5833791494369507,0.4725186824798584,0.04088337477296591,1.0,0.1617368757724762,4.839086270332336,0.07267968356609344,2.489474058151245,0.7389339208602905,0.45510029792785645,0.3932180404663086,16.110875257849692,0.501583456993103,0.361105740070343,1837,442.35,0.6963648796081543,0.11086597293615341,-0.023217052221298218,-0.008358209047582933,0.7282328009605408,-0.011159135960042477,0.3073117733001709,1784481718.9294574,2.105013132095337,2173.804197997,0.7777778506278992,,10.458768844604492,40750
7.625,0.0,0.4185991883277893,0.29300540685653687,7.593750000000002e-05,0.18872207403182983,0.15271788835525513,1.4023345708847046,0.375,0.5668201446533203,-0.5977634191513062,0.4836380183696747,0.03374454053118825,0.5416666865348816,0.12600421905517578,4.837292885780334,0.06543318927288055,2.382054328918457,0.7614409327507019,0.4668097496032715,0.39297133684158325,17.607070641517637,0.4880032539367676,0.37216389179229736,1838,487.04,0.6976110339164734,0.11154334992170334,-0.018549012020230293,-0.007213882717769593,0.6970025897026062,-0.009496163576841354,0.2926211357116699,1784481721.510529,2.1832773685455322,2176.412262086,0.7777778506278992,,9.976527214050293,39704
8.333333969116211,0.0,0.385032594203949,0.29289689660072327,7.593750000000002e-05,0.20628921687602997,0.14995014667510986,1.4236644506454468,0.3333333432674408,0.5386426448822021,-0.5928370356559753,0.47519540786743164,0.03440272286534309,0.875,0.14869388937950134,4.826018857955932,0.07001220434904099,2.4050045013427734,0.7484246492385864,0.4564192295074463,0.3935685157775879,16.71782994925976,0.4613848924636841,0.36683496832847595,1839,472.24,0.6977736353874207,0.10761019587516785,-0.024603044614195824,-0.008224195387447253,0.7121118903160095,-0.010029016993939877,0.3264329433441162,1784481724.1272078,2.176413059234619,2178.985958092,0.7777778506278992,,10.070631980895996,39276
7.708333492279053,0.0,0.37904009222984314,0.2928154468536377,0.00011390625000000003,0.1853151172399521,0.15305237472057343,1.2898887395858765,0.125,0.5061510801315308,-0.6080682277679443,0.486726850271225,0.03666740171611309,0.5833333730697632,0.12443417310714722,4.814553046226502,0.06326976418495178,2.290513038635254,0.7641248106956482,0.46671542525291443,0.39418935775756836,16.512429513931274,0.43888795375823975,0.37380582094192505,1840,467.7,0.6991426348686218,0.1146366149187088,-0.02364286035299301,-0.008696035189495887,0.6448151469230652,-0.01139035727828741,0.2953510284423828,1784481726.6902845,2.167264938354492,2181.488989306,0.7777778506278992,,9.555584907531738,39918
8.666666984558105,0.0,0.38382917642593384,0.2930675446987152,0.00011390625000000003,0.2219841182231903,0.14510414004325867,1.4782094955444336,0.4166666865348816,0.6221768856048584,-0.5867053270339966,0.46268558502197266,0.040866274200379846,0.875,0.1649446189403534,4.824409341812133,0.07616332173347473,2.623206615447998,0.7356614470481873,0.4429897964000702,0.39718395471572876,16.815240281224252,0.5276908874511719,0.35922926664352417,1841,471.25,0.6988681554794312,0.10080002248287201,-0.019010987132787704,-0.007884829357499257,0.7562497854232788,-0.010688062757253647,0.2906150817871094,1784481729.1920142,2.112438678741455,2184.059355655,0.7777778506278992,,10.757346153259277,40907
8.208333969116211,0.0,0.3870909810066223,0.29324787855148315,0.00011390625000000003,0.2236291617155075,0.14323583245277405,1.5169967412948608,0.375,0.6095366477966309,-0.5797387361526489,0.457841157913208,0.04280417878180742,1.25,0.1556578427553177,4.849073076248169,0.07508722692728043,2.658273696899414,0.7254986763000488,0.4379744529724121,0.3992043435573578,16.295160015076398,0.4981177747249603,0.35480797290802,1842,457.92,0.6970441341400146,0.1020851582288742,-0.021979328244924545,-0.008391752559691667,0.7816940546035767,-0.010750968009233475,0.2940390110015869,1784481731.763047,2.178565740585327,2186.625018125,0.7777778506278992,,11.251051902770996,39757
6.125,0.0,0.4239978790283203,0.29323557019233704,0.00011390625000000003,0.23261308670043945,0.14751166105270386,1.472299575805664,0.25,0.5990972518920898,-0.5847181677818298,0.4627544581890106,0.04165588896721602,0.75,0.1606217920780182,4.853757739067078,0.07667504251003265,2.605485677719116,0.7346731424331665,0.4477714002132416,0.40154704451560974,16.112883384227754,0.5119959712028503,0.3598557412624359,1843,453.91,0.6962372660636902,0.1049964651465416,-0.022545352578163147,-0.007842583366436885,0.7757816314697266,-0.010879244655370712,0.29596614837646484,1784481734.3279111,2.170466184616089,2189.123699023,0.7777778506278992,,10.485750198364258,39856
7.2916669845581055,0.0,0.3658692240715027,0.29320746660232544,7.593750000000004e-05,0.24542781710624695,0.14527671039104462,1.6005209684371948,0.7083333730697632,0.6675083637237549,-0.5867352485656738,0.46306586265563965,0.045698702335357666,0.6666666865348816,0.17634764313697815,4.850987148284912,0.08141448348760605,2.5833358764648438,0.7364439964294434,0.4431488513946533,0.40405136346817017,15.64172404659912,0.5893881320953369,0.3593593239784241,1844,452.78,0.6961621642112732,0.09999692440032959,-0.022677158936858177,-0.007163813023362308,0.7650477290153503,-0.012011988088488579,0.3006594181060791,1784481736.8274744,2.099813222885132,2191.728908573,0.7777778506278992,,10.259695053100586,40951
7.82608699798584,0.08695652335882187,0.3696805238723755,0.2932094931602478,7.593750000000002e-05,0.24638359248638153,0.14740222692489624,1.5139917135238647,0.52173912525177,0.6426756381988525,-0.5807576775550842,0.46143919229507446,0.04631199911236763,0.695652186870575,0.18567031621932983,4.851652431488037,0.0821748822927475,2.585798740386963,0.7303648591041565,0.44546306133270264,0.408527135848999,17.12026493757963,0.5602914690971375,0.35858818888664246,1845,467.6,0.6945483684539795,0.09743607044219971,-0.019832266494631767,-0.006579902533849236,0.7889318466186523,-0.010952376760542393,0.30425238609313965,1784481739.4376566,2.201470136642456,2194.188751378,0.7777777910232544,,10.594253540039062,39231
8.375,0.0,0.37038159370422363,0.29316410422325134,5.062500000000002e-05,0.21959471702575684,0.14866776764392853,1.5567268133163452,0.4166666865348816,0.5835613012313843,-0.5911874771118164,0.4724971652030945,0.04092723187059164,0.8333333730697632,0.16088935732841492,4.852224254608155,0.07251108437776566,2.4994795322418213,0.7471083998680115,0.4527164101600647,0.4089512228965759,17.00438861489296,0.49197918176651,0.3642945885658264,1846,474.42,0.6943640112876892,0.10971858352422714,-0.02138405665755272,-0.007119942273129709,0.7086688280105591,-0.010943755507469177,0.2885112762451172,1784481741.8973634,2.066570997238159,2196.698608109,0.7777778506278992,,9.985052108764648,41741
8.583333969116211,0.0,0.38546591997146606,0.29313817620277405,0.00011390625000000003,0.22424116730690002,0.1441916674375534,1.5501551628112793,0.375,0.5873688459396362,-0.5811359286308289,0.46090781688690186,0.04384300634264946,1.125,0.15735776722431183,4.848426485061646,0.0743580237030983,2.6241586208343506,0.731266975402832,0.44137048721313477,0.4087664484977722,16.075549902319906,0.5042445659637451,0.35680198669433594,1847,451.03,0.6944693922996521,0.10114883631467819,-0.02071416936814785,-0.007702334920031717,0.7559887766838074,-0.010600922629237175,0.29352283477783203,1784481744.4061875,2.1092841625213623,2199.229815591,0.7777778506278992,,10.90198040008545,40912
8.666666984558105,0.0,0.4359383285045624,0.2931435704231262,7.593750000000002e-05,0.21060143411159515,0.14611241221427917,1.4538946151733398,0.375,0.5950449705123901,-0.5865699648857117,0.46378982067108154,0.045850413106381896,1.0,0.14557817578315735,4.848886466026306,0.07280274480581284,2.501986503601074,0.7376648187637329,0.4438207149505615,0.40780919790267944,16.360967611819504,0.5268376469612122,0.36340993642807007,1848,460.48,0.6945568323135376,0.1012732982635498,-0.019988972693681717,-0.008443672338034957,0.7077243328094482,-0.01044684648513794,0.29365062713623047,1784481746.934221,2.132362127304077,2201.73864586,0.7777778506278992,,10.288684844970703,40520
6.625,0.0,0.3737829923629761,0.29304781556129456,0.00011390625000000003,0.2140001356601715,0.148320734500885,1.456547737121582,0.3333333432674408,0.6038083434104919,-0.59963458776474,0.47100186347961426,0.04140561781823635,0.6666666865348816,0.15325108170509338,4.84331591129303,0.07167495787143707,2.6073060035705566,0.7493246793746948,0.4514029026031494,0.40804776549339294,16.559126979112627,0.5129588842391968,0.3657699525356293,1849,468.04,0.6934412717819214,0.10406094789505005,-0.023688804358243942,-0.007535266112245154,0.7537668943405151,-0.010534072294831276,0.2859201431274414,1784481749.4432125,2.12296986579895,2204.34099899,0.7777778506278992,,10.772845268249512,40808
7.5416669845581055,0.0,0.3879818618297577,0.293138712644577,5.062500000000002e-05,0.19517362117767334,0.15067926049232483,1.3273253440856934,0.5416666865348816,0.539815366268158,-0.6043340563774109,0.47769519686698914,0.0485261183232069,0.5833333730697632,0.14036637544631958,4.846253085136413,0.0683874562382698,2.290665626525879,0.7586581110954285,0.45647940039634705,0.40737518668174744,16.01545025780797,0.4735930562019348,0.37261971831321716,1850,454.71,0.6928007006645203,0.10329574346542358,-0.021585877984762192,-0.007695076102390885,0.6880266666412354,-0.010250408202409744,0.29691362380981445,1784481752.0440207,2.2032546997070312,2206.874843419,0.7777778506278992,,9.46884536743164,39318
8.208333969116211,0.0,0.35981640219688416,0.29300063848495483,0.00011390625000000003,0.2237374484539032,0.14953380823135376,1.5167793035507202,0.5,0.6348590850830078,-0.5920363068580627,0.47199738025665283,0.04060949105769396,0.5416666865348816,0.15769392251968384,4.844315719604492,0.0771096721291542,2.653285026550293,0.746259868144989,0.4512988328933716,0.4085298478603363,16.819278355240822,0.5509054064750671,0.3653815686702728,1851,475.27,0.6924262046813965,0.10153432935476303,-0.02202868089079857,-0.008374236439703964,0.7389315366744995,-0.010034809820353985,0.2896904945373535,1784481754.5843925,2.143585681915283,2209.472260545,0.7777778506278992,,10.519091606140137,40399
7.375,0.0,0.38663026690483093,0.29304397106170654,0.00011390625000000003,0.2318379133939743,0.14367187023162842,1.5644454956054688,0.375,0.635371208190918,-0.5797779560089111,0.4573594331741333,0.0405313216149807,1.0833333730697632,0.16546569764614105,4.8337483406066895,0.07757388800382614,2.765373945236206,0.7231870889663696,0.43642687797546387,0.4058806896209717,15.866227891892194,0.5227677226066589,0.3522152304649353,1852,451.24,0.6942645311355591,0.10322336852550507,-0.0235629640519619,-0.008895682397997007,0.7986536026000977,-0.009976247325539589,0.3112027645111084,1784481757.180943,2.1794376373291016,2212.530074556,0.7777778506278992,,11.243858337402344,39469
7.9166669845581055,0.0,0.37207502126693726,0.2931337356567383,7.593750000000004e-05,0.1952742040157318,0.15291105210781097,1.4157180786132812,0.2916666865348816,0.5342929363250732,-0.6040573120117188,0.48368823528289795,0.04065409954637289,0.75,0.13510195910930634,4.839990162849427,0.06942795217037201,2.2881579399108887,0.7633723616600037,0.4653688371181488,0.40343332290649414,17.404023990631103,0.46295166015625,0.3733775019645691,1853,486.06,0.6958863139152527,0.10855098813772202,-0.017522010952234268,-0.007637767679989338,0.6759806871414185,-0.010773107409477234,0.3020973205566406,1784481760.3383656,2.6508920192718506,2215.19270547,0.7777778506278992,"{'path': 'media/videos/video_1853_c84f17686f5d02f686d7.mp4', 'size': 1587684.0, '_type': 'video-file', 'sha256': 'c84f17686f5d02f686d7e9443f9f96999c75cafe816589d308fb0a70eacc2a97'}",9.257522583007812,33289
7.1666669845581055,0.0,0.41779452562332153,0.29306530952453613,7.593750000000002e-05,0.23178724944591522,0.14444226026535034,1.6349749565124512,0.25,0.6194866895675659,-0.5933253169059753,0.45896899700164795,0.04485376589000225,1.125,0.16300271451473236,4.840458631515503,0.0734735056757927,2.765231132507324,0.732093095779419,0.4403859078884125,0.401406466960907,15.472899062260986,0.5351071357727051,0.35728105902671814,1854,450.9,0.6975458860397339,0.0919022187590599,-0.023282650858163834,-0.007865604700054974,0.8056178092956543,-0.011705982498824596,0.29673314094543457,1784481762.894076,2.170257091522217,2217.631522021,0.7777778506278992,,11.533076286315918,39847
8.041666984558105,0.0,0.3315938711166382,0.29301518201828003,5.062500000000002e-05,0.2043168991804123,0.14850369095802307,1.4249528646469116,0.4166666865348816,0.5729055404663086,-0.5974372625350952,0.471761554479599,0.04066138975322246,0.625,0.140484020113945,4.83236837387085,0.06846886873245239,2.492949962615967,0.7430657744407654,0.45014554262161255,0.3972422778606415,16.14421643331647,0.4890613257884979,0.36220583319664,1855,460.66,0.6983593702316284,0.1064252257347107,-0.025032978504896164,-0.005657844059169292,0.7134665250778198,-0.010517965070903301,0.2928657531738281,1784481765.331997,2.048945188522339,2220.205521234,0.7777778506278992,,10.23769760131836,41977
7.125,0.0,0.39104145765304565,0.2929677963256836,0.00011390625000000003,0.23425894975662231,0.14437463879585266,1.5819988250732422,0.5,0.6634552478790283,-0.5797943472862244,0.45959657430648804,0.041901584900915625,0.5,0.17208687961101532,4.825939321517945,0.07653699070215225,2.721231460571289,0.7273054122924805,0.4392310380935669,0.3974270224571228,16.13994805678725,0.5729274749755859,0.354013055562973,1856,458.39,0.6981194019317627,0.10095485299825668,-0.023422908037900925,-0.008512877573957666,0.7591836452484131,-0.010151737369596958,0.28752899169921875,1784481767.9096713,2.1900129318237305,2222.702979782,0.7777778506278992,,11.030746459960938,39678
7.333333492279053,0.0,0.37790971994400024,0.29297059774398804,5.0625000000000024e-05,0.2232704609632492,0.14696402847766876,1.4974168539047241,0.5,0.6654658317565918,-0.5817559361457825,0.4618539810180664,0.04205983504652977,0.625,0.14456626772880554,4.828623199462891,0.07747481763362885,2.7008705139160156,0.7307214736938477,0.4440721273422241,0.398210346698761,16.32773537144065,0.5626921057701111,0.35700783133506775,1857,461.83,0.6970335841178894,0.10226111114025116,-0.023578783497214317,-0.006409091691602952,0.7619199156761169,-0.010043816640973091,0.2926452159881592,1784481770.4065394,2.1048388481140137,2225.219723778,0.7777778506278992,,11.098760604858398,41002
7.833333492279053,0.0,0.4077529311180115,0.2928033769130707,0.00011390625000000005,0.236548513174057,0.14472271502017975,1.5077645778656006,0.7916666865348816,0.6815484762191772,-0.5791029930114746,0.4535452723503113,0.040393763594329356,0.8333333730697632,0.1719714105129242,4.816681337356568,0.08143331110477448,2.632882833480835,0.7221266627311707,0.437422513961792,0.3961818218231201,15.637048765122891,0.5829013586044312,0.35263729095458984,1858,444.83,0.6971542835235596,0.09954400360584259,-0.021243467926979065,-0.00897852869820781,0.81761634349823,-0.01142159104347229,0.31496405601501465,1784481772.940493,2.1005489826202393,2227.770004877,0.7777778506278992,,10.769506454467773,40696
7.458333492279053,0.0,0.3684800863265991,0.2927617132663727,0.00011390625000000003,0.2113560140132904,0.15131892263889313,1.5433324575424194,0.1666666716337204,0.6060622930526733,-0.5975876450538635,0.47583064436912537,0.04281314630061388,0.7916666865348816,0.14881907403469086,4.80767331123352,0.07251905649900436,2.635075569152832,0.7513598203659058,0.4578709006309509,0.3948896825313568,16.989738600850107,0.4952692985534668,0.3666454255580902,1859,475.43,0.6986953616142273,0.11060070991516113,-0.02235446870326996,-0.008262456953525543,0.740839421749115,-0.00975856464356184,0.28687047958374023,1784481775.4805098,2.143841505050659,2230.40376061,0.7777778506278992,,10.922416687011719,40442
7.7916669845581055,0.0,0.39827871322631836,0.2927273213863373,7.593750000000002e-05,0.19209901988506317,0.15318416059017181,1.3626904487609863,0.25,0.5600436329841614,-0.6054343581199646,0.4823818802833557,0.03801581654697657,0.5833333730697632,0.1318490356206894,4.812052798271179,0.06603323668241501,2.4347856044769287,0.7604235410690308,0.46514615416526794,0.39465540647506714,17.046406239271164,0.4769101142883301,0.3730628490447998,1860,477.18,0.6983798742294312,0.10901567339897156,-0.023313749581575394,-0.008622093498706818,0.7265684604644775,-0.010196074843406677,0.32142043113708496,1784481778.1247272,2.203390598297119,2232.967733794,0.7777778506278992,,10.303035736083984,38935
7.375,0.0,0.37639307975769043,0.2924191355705261,7.593750000000002e-05,0.20620988309383392,0.15016642212867737,1.474865198135376,0.4166666865348816,0.5631083250045776,-0.58830326795578,0.4683995246887207,0.03375119064003229,0.6666666865348816,0.14747273921966553,4.790919589996338,0.07191544771194458,2.4356770515441895,0.7393355369567871,0.451953649520874,0.39395296573638916,16.442010285556318,0.4828571677207947,0.3627434968948364,1861,460.0,0.6991814970970154,0.09923838078975677,-0.02162855491042137,-0.00806942469898786,0.715192973613739,-0.009879058226943016,0.29952573776245117,1784481780.6717765,2.1476693153381348,2235.533755934,0.7777778506278992,,9.876620292663574,40170
8.666666984558105,0.0,0.3994961977005005,0.29236164689064026,7.593750000000002e-05,0.20174454152584076,0.1519014537334442,1.4193236827850342,0.25,0.5786241888999939,-0.5946133136749268,0.47715282440185547,0.044767070934176444,0.7083333730697632,0.13320967555046082,4.774793720245361,0.06850637495517731,2.441619634628296,0.7533060908317566,0.4616948366165161,0.39336103200912476,16.513076166957617,0.49002325534820557,0.36838507652282715,1862,462.73,0.6980714201927185,0.10673489421606064,-0.02230110764503479,-0.007842326926765963,0.7074242830276489,-0.009110098704695702,0.3188207149505615,1784481783.257947,2.1465630531311035,2238.196658894,0.7777778506278992,,10.05157470703125,39873
8.583333969116211,0.0416666679084301,0.3811611831188202,0.29248592257499695,5.062500000000002e-05,0.22831736505031586,0.14881613850593567,1.5918869972229004,0.5416666865348816,0.5947619676589966,-0.5892573595046997,0.46886008977890015,0.044562348537147044,0.7083333730697632,0.16487687826156616,4.782583689689636,0.07536632567644119,2.5671682357788086,0.7412000894546509,0.4492000341415405,0.39255404472351074,16.06125051135197,0.513429582118988,0.3625341057777405,1863,451.97,0.6964740753173828,0.10340367257595062,-0.024187292903661728,-0.00656148495618254,0.7686210870742798,-0.01113785058259964,0.3084409236907959,1784481785.9070344,2.232072353363037,2240.665365161,0.7777778506278992,,10.27932357788086,38694
6.083333492279053,0.0,0.3416425585746765,0.29239940643310547,0.00011390625000000003,0.2662973999977112,0.14361900091171265,1.7925012111663818,0.5,0.7466624975204468,-0.5652498602867126,0.4475572109222412,0.04580592978745699,1.125,0.19791901111602783,4.788320302963257,0.08852597326040268,3.0067667961120605,0.7067661285400391,0.4339051842689514,0.3929179608821869,16.02717911168933,0.6308691501617432,0.3449110686779022,1864,445.01,0.6952387690544128,0.1068754717707634,-0.021057751029729843,-0.008611045237921644,0.855826735496521,-0.009302344173192978,0.2912132740020752,1784481788.3686562,2.0715625286102295,2243.331869676,0.7777778506278992,,12.558286666870117,41605
7.7916669845581055,0.0,0.33933591842651367,0.29233574867248535,0.00011390625000000003,0.24229121208190918,0.14610610902309418,1.5163954496383667,0.5416666865348816,0.6314727663993835,-0.5768904685974121,0.4615449905395508,0.044967930763959885,0.9583333730697632,0.17441540956497192,4.775576853752137,0.07898455858230591,2.615509510040283,0.7248095273971558,0.44261300563812256,0.39092764258384705,16.4098260730505,0.5416353940963745,0.353704571723938,1865,457.2,0.6949863433837891,0.10748916119337082,-0.020175203680992126,-0.007684591568249743,0.788775622844696,-0.010717379860579967,0.3098487854003906,1784481791.0453963,2.257533073425293,2245.78500312,0.7777778506278992,,10.658039093017578,38289
7.4166669845581055,0.0,0.384052574634552,0.29242420196533203,0.00011390625000000003,0.25496524572372437,0.14453068375587463,1.6978363990783691,0.5,0.6234142184257507,-0.5852009057998657,0.4582678973674774,0.04143606666475534,0.875,0.20091676712036133,4.778923654556275,0.08715035766363144,2.7872982025146484,0.7246782779693604,0.4386311173439026,0.39025992155075073,16.68906440883875,0.5228404998779297,0.35423970222473145,1866,468.41,0.696034848690033,0.10348159074783325,-0.02926018461585045,-0.008305831381585449,0.8188701868057251,-0.011920618824660778,0.29088664054870605,1784481793.5000093,2.052197217941284,2248.398609205,0.7777778506278992,,10.910116195678711,41954
8.041666984558105,0.0416666679084301,0.35212188959121704,0.29252028465270996,7.593750000000002e-05,0.2056717872619629,0.14967548847198486,1.5911064147949219,0.4583333432674408,0.6108071208000183,-0.5919021368026733,0.47089362144470215,0.0416584761813283,0.7083333730697632,0.1404384970664978,4.787750864028931,0.06897357106208801,2.588643789291382,0.7451249957084656,0.4533054828643799,0.38987013697624207,16.841563449203967,0.51649010181427,0.3641882836818695,1867,472.39,0.6969623565673828,0.10162602365016937,-0.02300131320953369,-0.008776540090912022,0.7288529276847839,-0.010579954832792282,0.31641292572021484,1784481796.1075132,2.183601140975952,2250.898520663,0.7777778506278992,,10.993792533874512,39321
8.875,0.0833333358168602,0.37890109419822693,0.2923851013183594,7.593750000000002e-05,0.19853219389915466,0.1484534740447998,1.3670518398284912,0.4583333432674408,0.5714164972305298,-0.5956824421882629,0.46872854232788086,0.040108186192810535,0.6666666865348816,0.13986556231975555,4.788240575790406,0.06952109187841415,2.406581401824951,0.7458030581474304,0.44962117075920105,0.38850587606430054,16.856731500029564,0.4882570207118988,0.3640168607234955,1868,475.01,0.6955873370170593,0.09972026199102402,-0.02103613317012787,-0.006889623410825152,0.7042236328125,-0.011153114959597588,0.2885727882385254,1784481798.604941,2.1040663719177246,2253.510428445,0.7777778506278992,,10.181796073913574,41086
8.833333969116211,0.0,0.36564597487449646,0.2921949028968811,7.593750000000002e-05,0.2116769552230835,0.15225081145763397,1.5011646747589111,0.4583333432674408,0.5968496203422546,-0.5885671973228455,0.47231048345565796,0.03811970092356205,0.7916666865348816,0.15219885110855103,4.766970801353454,0.07302320748567581,2.4453125,0.7439196109771729,0.4574168622493744,0.3869263529777527,16.31041594944894,0.5150463581085205,0.3638420104980469,1869,456.68,0.6984151601791382,0.102537140250206,-0.02472294494509697,-0.00786364661034895,0.7175700068473816,-0.009803554974496365,0.31527018547058105,1784481801.218744,2.1976592540740967,2256.100512984,0.7777778506278992,,10.102256774902344,39119
6.375,0.0,0.38119059801101685,0.29207074642181396,0.00011390625000000003,0.2120051383972168,0.1499631255865097,1.428684115409851,0.375,0.5534863471984863,-0.5908944010734558,0.4700799882411957,0.03560170587152243,0.5833333730697632,0.15971776843070984,4.751413011550904,0.0737859308719635,2.4253129959106445,0.7432569265365601,0.45032328367233276,0.3874139189720154,16.15511787354946,0.49128255248069763,0.36376726627349854,1870,461.44,0.7005653381347656,0.0996791422367096,-0.021895473822951317,-0.008408966267597861,0.7037327289581299,-0.01083616353571415,0.33115124702453613,1784481803.8187258,2.1519036293029785,2258.63758942,0.7777778506278992,,9.793485641479492,39589
8.0,0.0,0.3868866562843323,0.29226741194725037,7.593750000000002e-05,0.22793523967266083,0.14826816320419312,1.5313374996185303,0.4583333432674408,0.6242992877960205,-0.6022500395774841,0.46642303466796875,0.04381539337337017,0.6666666865348816,0.1539926379919052,4.761187124252319,0.0762518048286438,2.6630191802978516,0.7454352378845215,0.449049711227417,0.3870271146297455,16.727438563704492,0.5218082070350647,0.3635525107383728,1871,469.53,0.7023448944091797,0.09731485694646835,-0.020820122212171555,-0.007873624085914344,0.7702474594116211,-0.011658528819680214,0.300748348236084,1784481806.3435223,2.117098569869995,2261.179518687,0.7777778506278992,,10.935548782348633,40657
8.208333969116211,0.0,0.3438127934932709,0.29228654503822327,7.593750000000002e-05,0.21530954539775848,0.1500777006149292,1.4370644092559814,0.5,0.5730360746383667,-0.5868545770645142,0.46700558066368103,0.041893347166478634,0.875,0.154281347990036,4.7724426746368405,0.07316205650568008,2.4760122299194336,0.7377290725708008,0.45240306854248047,0.3855181336402893,16.376834872066976,0.47161123156547546,0.36081311106681824,1872,460.51,0.7033178210258484,0.1078062355518341,-0.02362668514251709,-0.006376946077216417,0.7514047622680664,-0.01087659876793623,0.29329371452331543,1784481808.8854043,2.1469852924346924,2264.224579292,0.7777778506278992,,10.407926559448242,40283
7.333333492279053,0.0,0.35273826122283936,0.29222503304481506,7.593750000000002e-05,0.22225956618785858,0.1491570919752121,1.6018750667572021,0.4166666865348816,0.6406779289245605,-0.5975677967071533,0.47155770659446716,0.04417081754654646,0.7083333730697632,0.16228823363780975,4.770944714546204,0.0737488716840744,2.683818817138672,0.747734010219574,0.4521143436431885,0.3847622275352478,16.421978020370005,0.5478110909461975,0.36373913288116455,1873,464.53,0.7064032554626465,0.10837061703205109,-0.023963218554854393,-0.00704115878615994,0.7665324211120605,-0.01028414722532034,0.3023407459259033,1784481812.0206647,2.6412007808685303,2266.88774409,0.7777778506278992,"{'sha256': 'a8aa5d0a5a06755abad2864a0e28721212e1722a250c59eae69842861c6dadf2', 'path': 'media/videos/video_1873_a8aa5d0a5a06755abad2.mp4', 'size': 1406781.0, '_type': 'video-file'}",11.045797348022461,33396
8.083333969116211,0.0,0.42125019431114197,0.29202625155448914,0.00011390625000000003,0.1831236332654953,0.15364962816238403,1.3913763761520386,0.4166666865348816,0.5329993963241577,-0.5986062288284302,0.4779808521270752,0.03515531569719314,0.5,0.12423330545425415,4.755072355270386,0.06637988239526749,2.368730068206787,0.759502649307251,0.46292656660079956,0.3824335038661957,17.661795362830162,0.4521406590938568,0.37210988998413086,1874,487.09,0.7066879272460938,0.1030544564127922,-0.02188928984105587,-0.0076891031087143345,0.6683151125907898,-0.009730841964483261,0.29187703132629395,1784481814.5875518,2.1890408992767334,2269.43586026,0.7777778506278992,,9.73373794555664,39624
7.9166669845581055,0.0,0.3892664313316345,0.2920934855937958,0.00011390625000000003,0.21958240866661072,0.14767712354660034,1.5057826042175293,0.5,0.5846296548843384,-0.590547502040863,0.4657069444656372,0.03950834106653929,0.7083333730697632,0.16450178623199463,4.7459397315979,0.07264509052038193,2.584878444671631,0.7385978698730469,0.447992742061615,0.38341236114501953,16.709975185841323,0.4777608811855316,0.3607117533683777,1875,472.25,0.7064270973205566,0.10381501913070679,-0.02295127883553505,-0.008637345215538517,0.7329148650169373,-0.010700397193431854,0.2962160110473633,1784481817.1430411,2.1577367782592773,2271.985555385,0.7777778506278992,,10.71491813659668,40059
7.4166669845581055,0.0,0.3739054203033447,0.29194915294647217,5.0625000000000024e-05,0.20141348242759705,0.15091854333877563,1.5630245208740234,0.375,0.5902459025382996,-0.5862439870834351,0.47072356939315796,0.04371038693934679,0.75,0.13346324861049652,4.746423053741455,0.06984015554189682,2.561465263366699,0.7430061101913452,0.45558270812034607,0.3819315433502197,16.60932908952236,0.5008816123008728,0.3631686568260193,1876,460.06,0.7078191041946411,0.09850016236305237,-0.022789349779486656,-0.007153827633010224,0.7014116048812866,-0.010166529566049576,0.30471372604370117,1784481819.6975696,2.141240358352661,2274.481600728,0.7777778506278992,,10.743684768676758,40190
6.708333492279053,0.0,0.3309725522994995,0.2917519211769104,0.00011390625000000005,0.2410908341407776,0.14846393465995789,1.596779227256775,0.3333333432674408,0.6412569284439087,-0.588528037071228,0.46887367963790894,0.03866196814924479,0.6666666865348816,0.17433468997478485,4.7284663438797,0.0785282775759697,2.793130874633789,0.7374070882797241,0.45052599906921387,0.3799089789390564,17.22295821428299,0.5484561324119568,0.35883790254592896,1877,480.21,0.7094159126281738,0.1045255959033966,-0.019555553793907166,-0.008339097358475555,0.7903246283531189,-0.011208618059754372,0.28583812713623047,1784481822.1852202,2.102247476577759,2277.145942515,0.7777778506278992,,10.996611595153809,41164
8.083333969116211,0.0,0.38894587755203247,0.2917541563510895,7.593750000000004e-05,0.21912597119808197,0.15138256549835205,1.5869388580322266,0.5833333730697632,0.6073819994926453,-0.5928518772125244,0.47163718938827515,0.0439690425992012,0.7083333730697632,0.1536429524421692,4.721249318122863,0.07724893093109131,2.5123143196105957,0.7491983771324158,0.4567564129829407,0.378917396068573,16.768432479947805,0.5360409617424011,0.3634626269340515,1878,468.23,0.7111067771911621,0.10147719085216522,-0.023189976811408997,-0.007414590497501194,0.7349975109100342,-0.011407604441046715,0.30074572563171387,1784481824.8500242,2.2619481086730957,2279.633925362,0.7777778506278992,,10.533138275146484,38359
7.875,0.0,0.4202232360839844,0.2916628420352936,0.00011390625000000003,0.19626101851463318,0.15421180427074432,1.3940198421478271,0.375,0.5297710299491882,-0.5975880026817322,0.47922882437705994,0.03763314988464117,0.5416666865348816,0.14051362872123718,4.714447569847107,0.06765629351139069,2.350745916366577,0.7559577226638794,0.4604623019695282,0.3754771649837494,17.785640501379966,0.4459766745567322,0.36996811628341675,1879,492.02,0.7128011584281921,0.10733078420162201,-0.024854648858308792,-0.007249939294342767,0.6905945539474487,-0.00967773050069809,0.2909979820251465,1784481827.344369,2.0962421894073486,2282.249340517,0.7777778506278992,,9.969017028808594,41178
7.5,0.0,0.38926658034324646,0.29147207736968994,7.593750000000004e-05,0.2198524922132492,0.14653722941875458,1.5353835821151733,0.4583333432674408,0.624255895614624,-0.5745487213134766,0.4588280916213989,0.036762284487485884,0.5833333730697632,0.15751414000988007,4.697904181480408,0.07630734890699387,2.6413373947143555,0.7257734537124634,0.4422237277030945,0.3735690712928772,16.487769934535027,0.5322049260139465,0.3538300693035126,1880,461.75,0.7147080302238464,0.10295965522527695,-0.024286851286888123,-0.007815034978557378,0.7389620542526245,-0.009855077601969242,0.3148989677429199,1784481829.9649758,2.192850351333618,2284.935722231,0.7777778506278992,,10.85871696472168,39200
7.208333492279053,0.0,0.39485645294189453,0.2914731800556183,7.593750000000002e-05,0.19755685329437256,0.15044215321540833,1.3083771467208862,0.2916666865348816,0.5772221088409424,-0.5923682451248169,0.47078976035118103,0.04077816400676966,0.7083333730697632,0.13660399615764618,4.684108591079712,0.06811854243278503,2.3903398513793945,0.7451044917106628,0.45221400260925293,0.37116527557373047,16.13734506100416,0.49452877044677734,0.3626052737236023,1881,458.94,0.7172470092773438,0.0979844257235527,-0.02079855278134346,-0.007907720998628066,0.708675742149353,-0.010272325947880745,0.3166928291320801,1784481832.6500626,2.2557363510131836,2287.500660508,0.7777778506278992,,10.186799049377441,38214
7.7916669845581055,0.0,0.3949666917324066,0.29138097167015076,0.00011390625000000003,0.2089851200580597,0.15165768563747406,1.5419777631759644,0.4166666865348816,0.6370452642440796,-0.5917607545852661,0.4711071848869324,0.041996910609304904,0.9166666865348816,0.14313742518424988,4.6902234077453615,0.07206335663795471,2.5903708934783936,0.7472793459892273,0.45372915267944336,0.3704180121421814,16.51192500114441,0.5388982892036438,0.36413392424583435,1882,464.22,0.7185572981834412,0.10405009984970093,-0.02428375743329525,-0.007313926200731657,0.7468599081039429,-0.010506218299269676,0.2963418960571289,1784481835.1985683,2.1577510833740234,2290.075582526,0.7777778506278992,,10.805350303649902,40057
8.75,0.0,0.37183451652526855,0.2914162874221802,0.00011390625000000003,0.23080286383628845,0.14845678210258484,1.5169665813446045,0.5416666865348816,0.6225733160972595,-0.5811946988105774,0.46137890219688416,0.04863404668867588,1.0,0.16521573066711426,4.6792946577072145,0.0740746483206749,2.7144038677215576,0.7293369174003601,0.44478607177734375,0.3703581690788269,15.707323979688809,0.5160092115402222,0.3551349639892578,1883,442.46,0.719176173210144,0.10459117591381073,-0.024454429745674133,-0.007466704902617494,0.8003032207489014,-0.010772614739835262,0.2865920066833496,1784481837.779553,2.1963601112365723,2292.649425156,0.7777778506278992,,11.306716918945312,39591
8.125,0.0,0.3297640085220337,0.29149699211120605,7.593750000000004e-05,0.20936505496501923,0.15053033828735352,1.6286015510559082,0.3333333432674408,0.6406772136688232,-0.5875105857849121,0.47128480672836304,0.04513482861220837,0.8333333730697632,0.138960063457489,4.6929809093475345,0.0690707340836525,2.6983542442321777,0.7426604628562927,0.4532915949821472,0.36988967657089233,16.533216561675072,0.5495455265045166,0.36260879039764404,1884,465.0,0.7174739837646484,0.10303434729576111,-0.02507852576673031,-0.007378914032597095,0.7788190245628357,-0.01120700966566801,0.2978386878967285,1784481840.3659706,2.176807403564453,2295.415912543,0.7777778506278992,,11.55408763885498,39724
6.625,0.0,0.36691880226135254,0.29132649302482605,7.593750000000002e-05,0.25174224376678467,0.14813333749771118,1.5812406539916992,0.625,0.6326642036437988,-0.5810508728027344,0.4620857834815979,0.040448378399014474,0.75,0.1862795203924179,4.683917713165283,0.08418309688568115,2.70139479637146,0.7305951118469238,0.4446778893470764,0.36829495429992676,16.504249948561192,0.5475708246231079,0.35565727949142456,1885,463.27,0.7178702354431152,0.09991972148418427,-0.020103763788938522,-0.0071024371463863645,0.784716010093689,-0.010763747617602348,0.3152499198913574,1784481843.130609,2.333977699279785,2297.888397231,0.7777778506278992,,10.59278392791748,37106
7.083333492279053,0.0,0.3905542492866516,0.2912716865539551,5.062500000000002e-05,0.24006013572216034,0.1490793377161026,1.6059367656707764,0.5833333730697632,0.6176915168762207,-0.5845775008201599,0.46601948142051697,0.03826120216399431,0.5833333730697632,0.18296924233436584,4.665702819824219,0.08077435940504074,2.690234661102295,0.7361120581626892,0.4478398263454437,0.3688933253288269,15.976506657004357,0.5266491770744324,0.3587046265602112,1886,453.68,0.7178513407707214,0.09631651639938354,-0.019315553829073906,-0.006748803889786359,0.7841078639030457,-0.010167202912271023,0.2889139652252197,1784481845.5989676,2.0695078372955322,2300.4994872,0.7777778506278992,,10.883590698242188,41682
8.5,0.0833333358168602,0.41325539350509644,0.29149892926216125,0.00011390625000000003,0.23131142556667328,0.152741938829422,1.5974278450012207,0.4166666865348816,0.6173865795135498,-0.6005287170410156,0.4760819673538208,0.043810917623341085,0.625,0.17123377323150635,4.677477288246155,0.07787361741065979,2.529372453689575,0.7520602941513062,0.45743417739868164,0.371635377407074,16.853205936551095,0.5323190689086914,0.36806124448776245,1887,472.71,0.7164983749389648,0.10026030242443085,-0.01813332736492157,-0.007918124433490447,0.7509814500808716,-0.010827779769897461,0.3120994567871094,1784481848.2172794,2.1903200149536133,2302.987049976,0.7777778506278992,,10.27735424041748,39283
7.875,0.0,0.39001521468162537,0.29156994819641113,0.00011390625000000003,0.2193237841129303,0.14996297657489777,1.4908044338226318,0.5416666865348816,0.627959132194519,-0.5920336246490479,0.4702889919281006,0.0407787024974823,0.7916666865348816,0.1590699404478073,4.693870329856873,0.0753512904047966,2.6021995544433594,0.7451730966567993,0.4516507089138031,0.3713979125022888,16.27207691010088,0.5311285257339478,0.3620457649230957,1888,458.59,0.7168356776237488,0.09917640686035156,-0.02813548967242241,-0.008290442149154842,0.7453424334526062,-0.01009481493383646,0.29145073890686035,1784481850.690116,2.0788004398345947,2305.589157099,0.7777778506278992,,10.90914535522461,41474
8.333333969116211,0.0416666679084301,0.3492458760738373,0.29155677556991577,7.593750000000002e-05,0.19089888036251068,0.15297046303749084,1.486782431602478,0.25,0.5958108305931091,-0.598788857460022,0.4791542887687683,0.035296451300382614,0.75,0.12878848612308502,4.699208307266235,0.06779098510742188,2.4797489643096924,0.7540706396102905,0.45985931158065796,0.36761099100112915,16.964401653409006,0.5120835900306702,0.3668859004974365,1889,473.49,0.7175079584121704,0.10504168272018433,-0.01860242709517479,-0.008760226028971373,0.7200456857681274,-0.010300653986632824,0.3223388195037842,1784481853.3424392,2.1808853149414062,2308.179661197,0.7777778506278992,,10.222902297973633,39270
8.375,0.0,0.3346385955810547,0.2915920913219452,7.593750000000002e-05,0.19526754319667816,0.15447072684764862,1.4347622394561768,0.2916666865348816,0.5507388710975647,-0.6024448871612549,0.4823406934738159,0.043763972260057925,0.625,0.13417743146419525,4.699791812896729,0.06861989945173264,2.4246599674224854,0.7594327926635742,0.4640977382659912,0.3642162084579468,17.059348690211774,0.4713214635848999,0.3693259656429291,1890,468.45,0.717812716960907,0.10682552307844162,-0.019813131541013718,-0.007193946916959249,0.6834344863891602,-0.010355362668633461,0.3023214340209961,1784481855.908851,2.135329246520996,2310.912008057,0.7777778506278992,,10.046775817871094,40327
7.125,0.0,0.38667505979537964,0.2914758324623108,7.593750000000002e-05,0.24112991988658905,0.14648567140102386,1.6329563856124878,0.25,0.6851426959037781,-0.5704233050346375,0.46011126041412354,0.04554625749588013,1.0416667461395264,0.16033008694648743,4.69707555770874,0.07855008542537689,2.750215530395508,0.7211284637451172,0.4408632218837738,0.36259159445762634,16.560784661769866,0.5996710658073425,0.35275524854660034,1891,463.39,0.716951847076416,0.09889702498912811,-0.022741906344890594,-0.007551904121646658,0.8497933745384216,-0.010373842902481556,0.31459760665893555,1784481858.6265976,2.286165952682495,2313.392368813,0.7777778506278992,,11.285318374633789,37798
8.166666984558105,0.0,0.352541446685791,0.29140549898147583,7.593750000000002e-05,0.2241177260875702,0.15011334419250488,1.5157034397125244,0.4583333432674408,0.6191668510437012,-0.5776216983795166,0.4662521481513977,0.044223285652697085,1.0416667461395264,0.1558058261871338,4.690669298171997,0.07631757110357285,2.6160902976989746,0.7287735939025879,0.44781845808029175,0.3612571358680725,16.605467511713506,0.5439916849136353,0.3547351360321045,1892,462.8,0.7168331146240234,0.10195108503103256,-0.021552247926592827,-0.007699876336846501,0.7408488988876343,-0.011531546711921692,0.28458499908447266,1784481861.0994315,2.086028575897217,2316.005792206,0.7777778506278992,,10.864508628845215,41467
7.7916669845581055,0.0,0.379910409450531,0.2911995053291321,7.593750000000002e-05,0.20589229464530945,0.15127207338809967,1.4795854091644287,0.5,0.6056314706802368,-0.5972838997840881,0.46941253542900085,0.0349190479144454,0.625,0.13845661282539368,4.677762651443482,0.07099571824073792,2.4558329582214355,0.7453576326370239,0.45211881399154663,0.36180341243743896,16.55290358826518,0.5305027365684509,0.3632037341594696,1893,471.41,0.7153185606002808,0.10327257961034775,-0.02323448657989502,-0.008188534256623825,0.744279146194458,-0.011388367973268032,0.30844736099243164,1784481863.723061,2.201333999633789,2319.24339037,0.7777778506278992,,9.902031898498535,39168
7.375,0.0,0.384166419506073,0.29097339510917664,5.062500000000002e-05,0.1962166726589203,0.15212854743003845,1.501787543296814,0.2916666865348816,0.6157566905021667,-0.5995892882347107,0.47916698455810547,0.0343294981867075,0.5416666865348816,0.12977002561092377,4.656478500366211,0.06843484938144684,2.6194608211517334,0.7567476034164429,0.4579887390136719,0.3624363839626312,17.22369317114353,0.5297808051109314,0.3683212697505951,1894,476.01,0.7160590887069702,0.10673161596059799,-0.021091271191835403,-0.007132844012812711,0.7251919507980347,-0.009547451511025429,0.3139915466308594,1784481867.0516696,2.806020736694336,2321.858906901,0.7777778506278992,"{'path': 'media/videos/video_1894_a518d100d5f72523069f.mp4', 'size': 1524907.0, '_type': 'video-file', 'sha256': 'a518d100d5f72523069f1dbb0269ae2a767e5e7bbda1a8361b0b04d5ea1fc2ea'}",10.80958080291748,31507
8.166666984558105,0.0,0.41578409075737,0.2908604145050049,0.00011390625000000003,0.19452664256095886,0.15084180235862732,1.4686832427978516,0.375,0.5614627599716187,-0.5853742957115173,0.4711926579475403,0.045284350775182246,0.6666666865348816,0.1286017894744873,4.63308355808258,0.06523304432630539,2.397623300552368,0.7436801791191101,0.45144009590148926,0.35948261618614197,16.420370222330092,0.4930720031261444,0.36299335956573486,1895,458.15,0.7171952128410339,0.09874149411916733,-0.01975306123495102,-0.00842994348204229,0.7173652052879333,-0.008986557833850384,0.2879033088684082,1784481869.567866,2.1334071159362793,2324.448207734,0.7777778506278992,,10.279061317443848,40599
7.708333492279053,0.0,0.38610872626304626,0.2909494638442993,7.593750000000004e-05,0.21059899032115936,0.14919926226139069,1.4704244136810303,0.2916666865348816,0.6093453168869019,-0.5901861190795898,0.4675261378288269,0.03965710885822773,0.9583333730697632,0.14172375202178955,4.6386962890625,0.07230260968208313,2.5436911582946777,0.7431716918945312,0.45025819540023804,0.357979953289032,17.055922425538302,0.5301851630210876,0.36066290736198425,1896,478.08,0.7173103094100952,0.10023864358663559,-0.019700195640325546,-0.00711734368960606,0.7394613027572632,-0.009721939451992512,0.3211972713470459,1784481872.1561553,2.161606550216675,2326.999814085,0.7777778506278992,,10.812337875366211,39593
7.5,0.0,0.37928804755210876,0.2910902202129364,0.00011390625000000003,0.24615857005119324,0.14761634171009064,1.7204240560531616,0.5,0.6809400320053101,-0.5817261338233948,0.4625083804130554,0.04218994081020355,1.0416667461395264,0.17709796130657196,4.645883870124817,0.08017520606517792,2.7401177883148193,0.7301918864250183,0.4444335401058197,0.3588581085205078,16.42024437725544,0.5668670535087585,0.3559262752532959,1897,460.23,0.7173923850059509,0.10149189084768295,-0.021953647956252098,-0.007954285951564088,0.796323299407959,-0.011155208572745323,0.2974534034729004,1784481874.6961563,2.1487605571746826,2329.420010408,0.7777778506278992,,11.219709396362305,40186
6.625,0.0,0.3572346866130829,0.29107776284217834,7.593750000000002e-05,0.22822624444961548,0.14643511176109314,1.5422892570495605,0.5833333730697632,0.6004430055618286,-0.5798615217208862,0.4601752460002899,0.042053116299211976,0.7916666865348816,0.17288434505462646,4.65269718170166,0.0779602974653244,2.604865074157715,0.7254053950309753,0.44204768538475037,0.3578261733055115,15.688899685740472,0.512060821056366,0.3518308103084564,1898,443.29,0.7184909582138062,0.09849049896001816,-0.019142691045999527,-0.008545191699522548,0.7448904514312744,-0.010358547791838646,0.2920262813568115,1784481877.1152472,2.0355913639068604,2331.846033742,0.7777778506278992,,10.857431411743164,42233
8.125,0.0,0.3702399730682373,0.29113656282424927,0.00011390625000000003,0.19954797625541687,0.1560058444738388,1.312076210975647,0.5,0.5421383380889893,-0.6049578189849854,0.4878849387168884,0.04282539132982492,0.4583333432674408,0.14567027986049652,4.650739979743958,0.07042868435382843,2.2777602672576904,0.7662603259086609,0.4669027030467987,0.35843414068222046,16.84259405106306,0.4774762988090515,0.37372443079948425,1899,467.37,0.7203627824783325,0.10263137519359589,-0.02354464679956436,-0.0073495392309268935,0.6804382801055908,-0.010859858244657516,0.30753397941589355,1784481879.5545352,2.0289487838745117,2334.475962107,0.7777778506278992,,9.430177688598633,42073
7.958333492279053,0.0,0.3934561014175415,0.29127076268196106,0.00011390625000000003,0.21572422981262207,0.1492956578731537,1.4416402578353882,0.4166666865348816,0.602961540222168,-0.5906506776809692,0.46750038862228394,0.04413165096193552,0.9166666865348816,0.15002179145812988,4.6626365184783936,0.07312363386154175,2.535489559173584,0.7413700819015503,0.44801458716392517,0.3593080937862396,16.560183613598348,0.5159742832183838,0.36207515001296997,1900,466.65,0.7209593653678894,0.10305450856685638,-0.023434123024344444,-0.008288355992408469,0.7230221629142761,-0.010290194302797318,0.3038794994354248,1784481882.1875,2.2218005657196045,2336.964336984,0.7777778506278992,,10.481678009033203,38921
7.5,0.0,0.3942911624908447,0.2913336455821991,0.00011390625000000003,0.24405072629451752,0.1472257822751999,1.7681465148925781,0.5,0.6552289128303528,-0.5743230581283569,0.4620988368988037,0.03949132803827524,0.75,0.18035344779491425,4.665725922584533,0.08092008531093597,2.753143310546875,0.7251707911491394,0.442037433385849,0.35893750190734863,17.083449023067953,0.5627484321594238,0.35345780849456787,1901,470.56,0.7206932902336121,0.10214640945196152,-0.020678136497735977,-0.008249960960529278,0.8078855276107788,-0.009436242282390594,0.2990126609802246,1784481884.6691535,2.082401752471924,2339.63419892,0.7777778506278992,,10.918399810791016,41279
6.875,0.0,0.3700777292251587,0.29140496253967285,0.00011390625000000003,0.23178261518478394,0.15363460779190063,1.423476219177246,0.4583333432674408,0.6135861873626709,-0.59256911277771,0.4787413477897644,0.0389597250148654,0.4583333432674408,0.17431557178497314,4.671346735954285,0.07777323573827744,2.467658519744873,0.7462071180343628,0.45911940932273865,0.35807549953460693,16.482643314898013,0.5291668772697449,0.36423060297966003,1902,461.05,0.7212182879447937,0.10429085791110992,-0.020692117512226105,-0.008051917841657995,0.7491672039031982,-0.010870009660720825,0.3107764720916748,1784481887.3481941,2.2570958137512207,2342.110943979,0.7777778506278992,,10.196480751037598,38282
8.041666984558105,0.0,0.41714462637901306,0.29143932461738586,0.00011390625000000003,0.1818121373653412,0.1557295173406601,1.410506248474121,0.3333333432674408,0.5583421587944031,-0.606278657913208,0.48585081100463867,0.03964513037353754,0.875,0.11809574067592621,4.678929805755615,0.06683600693941116,2.363237142562866,0.764731764793396,0.46403926610946655,0.3599095940589905,16.497863994538783,0.4958450198173523,0.37379711866378784,1903,461.25,0.7203669548034668,0.10121431201696396,-0.02167123183608055,-0.008388967695645988,0.6661427021026611,-0.010055950842797756,0.28449535369873047,1784481889.8177729,2.0829765796661377,2344.556695854,0.7777778506278992,,9.728324890136719,41522
8.708333969116211,0.0,0.4074007272720337,0.29138877987861633,0.00011390625000000003,0.19767042994499207,0.15392112731933594,1.355116844177246,0.4583333432674408,0.548327624797821,-0.5977557897567749,0.4846457839012146,0.045502502098679544,0.5416666865348816,0.13776518404483795,4.670307540893555,0.0680692046880722,2.3091342449188232,0.7620806694030762,0.46335169672966003,0.36187195777893066,16.55550758242607,0.4834275245666504,0.37475770711898804,1904,468.23,0.7191576957702637,0.1016957089304924,-0.023547857999801636,-0.007738388725556433,0.6921133995056152,-0.008970718830823898,0.28955984115600586,1784481892.26464,2.052525758743286,2347.0462542,0.7777778506278992,,9.483586311340332,41972
7.7916669845581055,0.0,0.36843645572662354,0.29133617877960205,0.00011390625000000003,0.24585476517677307,0.1492721438407898,1.6849613189697266,0.5833333730697632,0.6603854894638062,-0.5820032954216003,0.4666615128517151,0.04150769542902708,0.8333333730697632,0.1843421310186386,4.668297791481018,0.08331111073493958,2.711915969848633,0.7311696410179138,0.4443199336528778,0.36186179518699646,16.240161974430084,0.5572432279586792,0.35792940855026245,1905,449.21,0.7199333906173706,0.10044758021831512,-0.022519787773489952,-0.00818935497882194,0.8206154704093933,-0.010405849665403366,0.2986125946044922,1784481894.7523303,2.0863306522369385,2349.549245047,0.7777778506278992,,10.945063591003418,41218
6.875,0.0,0.4416012763977051,0.291281521320343,7.593750000000002e-05,0.22324012219905853,0.14939475059509277,1.5692243576049805,0.4166666865348816,0.5968955755233765,-0.5932409763336182,0.4701322317123413,0.03520229421555996,0.875,0.1620398610830307,4.665653967857361,0.07843171060085297,2.61763072013855,0.7407245635986328,0.4496164321899414,0.36400407552719116,16.742324746847153,0.5026642084121704,0.36253583431243896,1906,470.06,0.7201281785964966,0.10078661888837814,-0.021767474710941315,-0.008634176351188216,0.7214567065238953,-0.010788818821310997,0.3263065814971924,1784481897.271469,2.0747034549713135,2352.223732942,0.7777778506278992,,10.668800354003906,40942
6.958333492279053,0.0,0.3928549289703369,0.29119378328323364,7.593750000000002e-05,0.22924122214317322,0.14842966198921204,1.486772894859314,0.5,0.5848010778427124,-0.58741295337677,0.46419721841812134,0.042305325344204905,0.5416666865348816,0.15699917078018188,4.65618748664856,0.0776018500328064,2.4895577430725098,0.7368420958518982,0.44432199001312256,0.36405569314956665,16.89745641425252,0.5054260492324829,0.359137624502182,1907,473.31,0.7208504676818848,0.10038041323423386,-0.02191224694252014,-0.007142972038127482,0.7698720693588257,-0.01015580166131258,0.30602073669433594,1784481899.9334304,2.246190309524536,2354.685133744,0.7777778506278992,,10.306056022644043,38517
8.416666984558105,0.0,0.4367251992225647,0.2910431921482086,7.593750000000002e-05,0.21277737617492676,0.1512937843799591,1.4124011993408203,0.375,0.5933852195739746,-0.5941054821014404,0.4722537398338318,0.03629960995167494,0.6666666865348816,0.15505602955818176,4.6416394233703615,0.0730191320180893,2.469986915588379,0.7459707260131836,0.4531465470790863,0.3643820285797119,16.743640558123587,0.5081307888031006,0.3657963275909424,1908,466.22,0.7223657369613647,0.0998147577047348,-0.02146000787615776,-0.006598602863959968,0.7290166616439819,-0.00949711911380291,0.2881615161895752,1784481902.390956,2.0685336589813232,2357.385876568,0.7777778506278992,,10.050601959228516,41712
7.958333492279053,0.0,0.39321446418762207,0.29097500443458557,7.593750000000002e-05,0.20392100512981415,0.1498713195323944,1.4739186763763428,0.2083333432674408,0.588257908821106,-0.5891563892364502,0.46958252787590027,0.04709522519260645,1.0416667461395264,0.14164237678050995,4.627446961402893,0.07084941118955612,2.533273220062256,0.7400028705596924,0.44967979192733765,0.3637283742427826,16.88533985644579,0.5016849040985107,0.3618844151496887,1909,474.94,0.7225494384765625,0.09616415947675705,-0.022351335734128952,-0.007396123418584466,0.7386293411254883,-0.010116545483469963,0.3017294406890869,1784481905.097697,2.296060085296631,2359.836928742,0.7777778506278992,,10.29473876953125,37841
8.416666984558105,0.0,0.38791176676750183,0.29097792506217957,7.593750000000002e-05,0.21086466312408447,0.1512271612882614,1.4882168769836426,0.4583333432674408,0.6068304777145386,-0.5972038507461548,0.4691268801689148,0.044648779556155205,0.9166666865348816,0.14774006605148315,4.620106792449951,0.07243621349334717,2.5180230140686035,0.7399110794067383,0.44868406653404236,0.3637542724609375,16.20468053415418,0.5182543396949768,0.36162516474723816,1910,459.43,0.7215522527694702,0.10090416669845581,-0.02143464982509613,-0.007759165301104076,0.7388085126876831,-0.01037683431059122,0.2935800552368164,1784481907.5416791,2.0494494438171387,2362.284812559,0.7777778506278992,,10.134990692138672,41955
7.6666669845581055,0.0416666679084301,0.3845532536506653,0.290955126285553,5.062500000000002e-05,0.24399636685848236,0.1492031216621399,1.584450602531433,0.25,0.6623458862304688,-0.5781923532485962,0.4583290219306946,0.03933293223381042,1.125,0.181278795003891,4.620338034629822,0.08070722222328186,2.77785587310791,0.7227055430412292,0.440166711807251,0.3629826307296753,15.859531729817391,0.5635576248168945,0.3529530465602875,1911,448.74,0.7205011248588562,0.09574359655380249,-0.02238059788942337,-0.005790358192462009,0.7914528250694275,-0.011135583743453026,0.28618597984313965,1784481909.9948938,2.061208486557007,2364.908488501,0.7777778506278992,,11.3268461227417,41877
7.2916669845581055,0.0,0.37537258863449097,0.2909967601299286,0.00011390625000000003,0.1930890679359436,0.15406739711761475,1.4314725399017334,0.5416666865348816,0.5544546842575073,-0.5971301794052124,0.47948628664016724,0.04640654176473617,0.5833333730697632,0.1427949070930481,4.613147592544555,0.0695352777838707,2.372051239013672,0.7540591955184937,0.4604578912258148,0.36225831508636475,16.826688345223666,0.47511419653892517,0.36858007311820984,1912,469.62,0.7193908095359802,0.10652583092451096,-0.021423613652586937,-0.0073307333281263706,0.6589891910552979,-0.008656433783471584,0.2970740795135498,1784481912.6211731,2.2206952571868896,2367.610131424,0.7777778506278992,,9.70154094696045,39044
8.625,0.0,0.37343138456344604,0.2910398542881012,7.593750000000004e-05,0.2279036045074463,0.14585402607917786,1.4422612190246582,0.75,0.5998432040214539,-0.577936589717865,0.4569351077079773,0.04350029602646828,0.875,0.16999563574790955,4.6290912389755245,0.07685583084821701,2.5895256996154785,0.722979724407196,0.43525779247283936,0.3674699664115906,16.660828788876533,0.5085892677307129,0.3524337708950043,1913,470.95,0.7179980278015137,0.09315283596515656,-0.021798521280288696,-0.006948124823975377,0.7667967081069946,-0.009142493829131126,0.30969691276550293,1784481915.324226,2.282839298248291,2370.20696553,0.7777778506278992,,10.572558403015137,37918
7.75,0.0,0.4013770520687103,0.29106560349464417,5.062500000000002e-05,0.22223925590515137,0.15297625958919525,1.4963926076889038,0.4583333432674408,0.6090409159660339,-0.5926744937896729,0.4719773530960083,0.03862435203045607,0.7916666865348816,0.14963284134864807,4.628160810470581,0.07270592451095581,2.6504158973693848,0.7423046827316284,0.45267385244369507,0.3688175082206726,16.66261830359697,0.5037280321121216,0.3630511164665222,1914,467.93,0.7178596258163452,0.09970119595527649,-0.020822029560804367,-0.006940525374375284,0.7927474975585938,-0.009087322279810905,0.31493115425109863,1784481917.9319978,2.1651451587677,2373.320789939,0.7777778506278992,,10.748281478881836,39637
7.4166669845581055,0.0416666679084301,0.3815651535987854,0.29111066460609436,0.00011390625000000003,0.21950536966323853,0.1517026275396347,1.548331618309021,0.4166666865348816,0.6145183444023132,-0.5966606140136719,0.4765518605709076,0.03483152538537979,0.625,0.15800277888774872,4.635677623748779,0.07436995953321457,2.5525271892547607,0.7490083575248718,0.45302313566207886,0.36784905195236206,16.225048155486583,0.5377950668334961,0.3667322099208832,1915,457.56,0.7184638381004333,0.10457047075033188,-0.021599238738417625,-0.0073122039866575506,0.7404409646987915,-0.009594352915883064,0.2878894805908203,1784481921.0984626,2.701023578643799,2375.986039613,0.7777778506278992,"{'path': 'media/videos/video_1915_31862c658215fdd00332.mp4', 'size': 1433045.0, '_type': 'video-file', 'sha256': '31862c658215fdd003323b6a78caa97e130ad1dbc2762f7d6a4be198eb7c809b'}",10.545668601989746,32889
7.4166669845581055,0.0,0.3677077889442444,0.29102271795272827,5.062500000000002e-05,0.22594615817070007,0.1535346806049347,1.5993154048919678,0.2083333432674408,0.654021680355072,-0.5870237350463867,0.47284626960754395,0.03419285174459219,0.8333333730697632,0.1655532717704773,4.635489344596863,0.07768885791301727,2.6744384765625,0.7410103678703308,0.4550585150718689,0.36754608154296875,16.32440570652485,0.546407163143158,0.3620385527610779,1916,455.39,0.7180385589599609,0.10348767042160034,-0.02200729213654995,-0.007847538295391133,0.7738643884658813,-0.00948157999664545,0.33573341369628906,1784481923.7079988,2.1649839878082275,2378.514060981,0.7777778506278992,,10.578551292419434,39310
7.9166669845581055,0.0,0.37506788969039917,0.29115232825279236,0.00011390625000000003,0.186628520488739,0.15774273872375488,1.4538869857788086,0.2916666865348816,0.5803765058517456,-0.6054348945617676,0.4917702078819275,0.04022031202912331,0.5416666865348816,0.1263771951198578,4.6360039710998535,0.0666206106543541,2.451364278793335,0.7651915550231934,0.46997079253196716,0.36730512976646423,17.218288020193576,0.4879835247993469,0.3736383616924286,1917,473.02,0.7170944213867188,0.10568748414516449,-0.021722804754972458,-0.007134465010312852,0.6583589911460876,-0.009136466309428215,0.2859914302825928,1784481926.2191825,2.1228623390197754,2381.086743384,0.7777778506278992,,10.009627342224121,40809
7.75,0.0,0.34858667850494385,0.2914227545261383,0.00011390625000000003,0.21456322073936462,0.15533524751663208,1.5284719467163086,0.2083333432674408,0.6101568937301636,-0.5910419225692749,0.4826086461544037,0.039928235486149787,0.875,0.15856361389160156,4.662824630737305,0.07251283526420593,2.5136992931365967,0.7485033869743347,0.46274447441101074,0.36872443556785583,16.92349269680679,0.5334054827690125,0.36536335945129395,1918,463.17,0.7164568901062012,0.11239045858383179,-0.021585524082183838,-0.0086761954400572,0.7240485548973083,-0.009811334311962128,0.3125424385070801,1784481928.8078876,2.159227132797241,2383.741229961,0.7777778506278992,,10.145502090454102,39770
6.708333492279053,0.0,0.33953857421875,0.29136139154434204,5.0625000000000024e-05,0.24989783763885498,0.15246760845184326,1.7449535131454468,0.5,0.6720020771026611,-0.5933811068534851,0.47442230582237244,0.04519341997802258,0.625,0.18433040380477905,4.6665737390518185,0.08030982315540314,2.892151355743408,0.7451820373535156,0.45445144176483154,0.36865609884262085,16.484387231841684,0.5514335632324219,0.36370861530303955,1919,462.52,0.7171328067779541,0.09807181358337402,-0.022114958614110947,-0.00691160763381049,0.8341514468193054,-0.010780161246657372,0.3021821975708008,1784481931.4507968,2.233722448348999,2386.152626069,0.7777778506278992,,11.883395195007324,38764
7.833333492279053,0.0,0.3966286778450012,0.29132983088493347,0.00011390625000000005,0.23155932128429413,0.15013045072555542,1.7198948860168457,0.4583333432674408,0.6451824903488159,-0.5850673913955688,0.4618247151374817,0.04015284888446331,0.75,0.16642573475837708,4.664131140708923,0.07883826643228531,2.7376792430877686,0.7312914729118347,0.4435049295425415,0.3731424808502197,16.43884008079767,0.5489622354507446,0.3579331338405609,1920,462.64,0.7141671180725098,0.09950193017721176,-0.01825699582695961,-0.008313372195698322,0.7875683307647705,-0.010246126912534237,0.2905464172363281,1784481933.8607428,2.013388156890869,2388.7509457,0.7777778506278992,,10.656363487243652,42667
8.083333969116211,0.0,0.3704904019832611,0.2911682724952698,7.593750000000004e-05,0.21521031856536865,0.157157301902771,1.4036391973495483,0.4166666865348816,0.5910435914993286,-0.6014829874038696,0.48601335287094116,0.036057796236127614,0.625,0.1586124747991562,4.657652497291565,0.07664890587329865,2.4193053245544434,0.7580641508102417,0.4643307328224182,0.3729766607284546,17.015675801858308,0.4934252202510834,0.3704342544078827,1921,469.11,0.7154046893119812,0.10879122465848923,-0.01875034160912037,-0.007070883375126869,0.739176869392395,-0.00970761850476265,0.3150491714477539,1784481936.461262,2.177936553955078,2391.332658235,0.7777778506278992,,9.582240104675293,39432
7.5416669845581055,0.0,0.37747323513031006,0.29087767004966736,7.593750000000002e-05,0.17655333876609802,0.16055873036384583,1.2880181074142456,0.25,0.4955957531929016,-0.6062135696411133,0.4956333339214325,0.03329173885285854,0.4166666865348816,0.11426655948162079,4.632028436660766,0.06463108211755753,2.220381021499634,0.774580717086792,0.4754355549812317,0.37524133920669556,17.088842465281488,0.43139785528182983,0.37996387481689453,1922,470.43,0.7150607109069824,0.10808505862951279,-0.019301190972328186,-0.007006509111124615,0.6439517140388489,-0.00833223294466734,0.32280921936035156,1784481939.053173,2.1504294872283936,2393.97451824,0.7777778506278992,,9.384221076965332,39747
7.25,0.0,0.3857758045196533,0.29066792130470276,7.593750000000002e-05,0.19746696949005127,0.15597867965698242,1.3878663778305054,0.3333333432674408,0.5557373762130737,-0.5931930541992188,0.48180848360061646,0.03880809023976326,0.625,0.13798856735229492,4.604146957397461,0.0700177401304245,2.402287006378174,0.7494916319847107,0.4594052731990814,0.3756130635738373,17.155602727234363,0.47877389192581177,0.36690768599510193,1923,469.35,0.7144173383712769,0.10567581653594971,-0.023503627628087997,-0.007376486888824729,0.67933189868927,-0.009833339601755142,0.30512094497680664,1784481941.682415,2.217303991317749,2396.570719762,0.7777778506278992,,9.8914213180542,38972
8.083333969116211,0.0,0.39365023374557495,0.2905231714248657,7.593750000000002e-05,0.20801298320293427,0.15564554929733276,1.5684874057769775,0.4583333432674408,0.6175215244293213,-0.5936439037322998,0.4782436788082123,0.033511215262115,0.625,0.14526332914829254,4.590018892288208,0.07317839562892914,2.539710521697998,0.7513304948806763,0.45685428380966187,0.37313970923423767,16.507999979555606,0.5366700887680054,0.36884909868240356,1924,462.25,0.7159861326217651,0.10491346567869186,-0.020057423040270805,-0.00746364402002655,0.7195677757263184,-0.008703529834747314,0.32495617866516113,1784481944.2870603,2.165733575820923,2399.113931606,0.7777778506278992,,10.596495628356934,39468
8.5,0.0,0.412571519613266,0.2905009388923645,7.593750000000002e-05,0.18192419409751892,0.15831051766872406,1.4273170232772827,0.2083333432674408,0.558488130569458,-0.6019065380096436,0.4861801564693451,0.04121994040906429,0.5,0.12924766540527344,4.577607774734497,0.063280388712883,2.3296730518341064,0.761993408203125,0.46883004903793335,0.37228116393089294,17.2344402846694,0.4948744773864746,0.3730860650539398,1925,478.44,0.7175447344779968,0.10042604058980942,-0.018357088789343834,-0.006851504168662359,0.6719955801963806,-0.009287997148931026,0.3009216785430908,1784481946.8176885,2.125972270965576,2401.655624648,0.7777778506278992,,9.501361846923828,40506
7.6666669845581055,0.0,0.36880525946617126,0.29051318764686584,7.593750000000002e-05,0.21800991892814636,0.1531984657049179,1.5773398876190186,0.5416666865348816,0.6442899107933044,-0.5781907439231873,0.4728434085845947,0.03838960118591785,0.7083333730697632,0.15007178485393524,4.577781009674072,0.07355392724275589,2.60029935836792,0.7384421229362488,0.4522780776023865,0.3717706799507141,16.659035858809947,0.5440771579742432,0.36146414279937744,1926,452.86,0.7172989249229431,0.1039513573050499,-0.02272629365324974,-0.007966690577450208,0.7485772371292114,-0.008414668031036854,0.28771495819091797,1784481949.3667214,2.1528828144073486,2404.242197012,0.7777778506278992,,11.151931762695312,40278
6.6666669845581055,0.0,0.3477866053581238,0.2904563844203949,0.00011390625000000003,0.22997811436653137,0.1499980390071869,1.6152032613754272,0.375,0.6700217127799988,-0.579311728477478,0.4633662700653076,0.04280705489218235,1.0416667461395264,0.15330281853675842,4.574855399131775,0.07532250881195068,2.8566455841064453,0.7289189696311951,0.44321367144584656,0.36877700686454773,16.76531643718481,0.5434327125549316,0.3554457128047943,1927,471.13,0.7191675901412964,0.10113149136304855,-0.021912220865488052,-0.008206260619544992,0.8300502300262451,-0.009766602888703346,0.30959010124206543,1784481951.953724,2.1686275005340576,2406.704205971,0.7777778506278992,,12.196551322937012,39667
7.75,0.0,0.37807175517082214,0.2903219163417816,0.00011390625000000003,0.20816150307655334,0.15443073213100433,1.5036280155181885,0.3333333432674408,0.5795613527297974,-0.5857874155044556,0.47342151403427124,0.04170817695558071,0.75,0.14600376784801483,4.5644052743911745,0.07351438701152802,2.430802345275879,0.7436229586601257,0.45201748609542847,0.36644870042800903,16.73030862480402,0.5049239993095398,0.3635828495025635,1928,465.2,0.719979465007782,0.09911409020423889,-0.024134475737810135,-0.007867157229338773,0.7137476801872253,-0.008584676310420036,0.2872123718261719,1784481954.4088218,2.067564010620117,2409.37600861,0.7777778506278992,,10.066505432128906,41746
8.0,0.0,0.41383227705955505,0.2901020646095276,5.062500000000002e-05,0.2365403175354004,0.1551302969455719,1.4899682998657227,0.5416666865348816,0.617027759552002,-0.5940922498703003,0.4767257869243622,0.03806924298405647,0.75,0.17839746177196503,4.542691278457641,0.07959175109863281,2.502730369567871,0.7459980249404907,0.4572863280773163,0.36692699790000916,16.91206204622984,0.548029363155365,0.36358875036239624,1929,474.17,0.720162570476532,0.10338707268238068,-0.02636522799730301,-0.008212857111357153,0.7541975975036621,-0.009652948006987572,0.31523776054382324,1784481957.0840197,2.2538466453552246,2411.837375571,0.7777778506278992,,9.889540672302246,38264
8.416666984558105,0.0,0.4263933300971985,0.28990739583969116,0.00011390625000000003,0.20511749386787415,0.1561209261417389,1.434029459953308,0.375,0.6022502779960632,-0.6032347083091736,0.48290175199508667,0.03938392754644156,0.7083333730697632,0.14884017407894135,4.5236639976501465,0.0722101703286171,2.4200854301452637,0.7589573264122009,0.46050363779067993,0.367101788520813,17.160481224656106,0.525672435760498,0.3701097369194031,1930,481.59,0.7214668989181519,0.10408920049667358,-0.019634155556559563,-0.007957032937974872,0.7110418081283569,-0.009634014219045639,0.2986774444580078,1784481959.5401719,2.056960105895996,2414.502450126,0.7777778506278992,,10.021162033081055,41731
8.75,0.0,0.37440037727355957,0.289774626493454,0.00011390625000000003,0.23175367712974548,0.1530364453792572,1.5394632816314697,0.5416666865348816,0.652173638343811,-0.5873057246208191,0.4743827283382416,0.040325325541198255,0.8333333730697632,0.16835317015647888,4.507103848457336,0.07961029559373856,2.618445873260498,0.7420958280563354,0.4492398202419281,0.3678438663482666,16.798182578086852,0.5552319288253784,0.3642234206199646,1931,468.65,0.7206367254257202,0.10097144544124603,-0.022841867059469223,-0.007891505331872394,0.7933109998703003,-0.009758375585079193,0.30524539947509766,1784481962.2119565,2.2615885734558105,2417.128658685,0.7777778506278992,,10.50433349609375,38297
7.208333492279053,0.0,0.4042033553123474,0.2897580564022064,7.593750000000002e-05,0.1886785328388214,0.15816283226013184,1.5119760036468506,0.125,0.6055334806442261,-0.5948216915130615,0.48770245909690857,0.03765055760741234,0.7083333730697632,0.11934925615787506,4.5043152332305905,0.06638544797897339,2.5729775428771973,0.7575609087944031,0.46542584896087646,0.36708706617355347,17.12685669362545,0.5089346766471863,0.3706849217414856,1932,469.21,0.7202060222625732,0.1040046438574791,-0.0245536919683218,-0.007313598596374505,0.7237367630004883,-0.008719905279576778,0.3180267810821533,1784481964.8537242,2.1995441913604736,2419.687235367,0.7777778506278992,,11.099665641784668,39047
7.5,0.0,0.3970954418182373,0.28961068391799927,0.00011390625000000003,0.1876961588859558,0.15742552280426025,1.4833492040634155,0.2083333432674408,0.6139588356018066,-0.5996313095092773,0.4837805926799774,0.036321271769702436,0.625,0.12337251007556915,4.494702267646789,0.0663994699716568,2.45320463180542,0.7571843862533569,0.46199139952659607,0.36367154121398926,16.877993805706502,0.5413006544113159,0.37031376361846924,1933,473.91,0.7198432683944702,0.09965813159942627,-0.022273195907473564,-0.007742693582258653,0.7281181812286377,-0.009801572188735008,0.28389549255371094,1784481967.3937337,2.150585889816284,2422.107229057,0.7777778506278992,,10.201824188232422,40379
8.875,0.0,0.3671985864639282,0.2896866500377655,0.00011390625000000003,0.19301337003707886,0.15662485361099243,1.5207901000976562,0.25,0.579747200012207,-0.594110906124115,0.48148271441459656,0.04538321364670992,0.75,0.13268795609474182,4.490837979316711,0.06626613438129425,2.462188243865967,0.7527081370353699,0.45688915252685547,0.36176419258117676,16.514468261897562,0.5082259178161621,0.36685776710510254,1934,458.84,0.7199761867523193,0.10074742883443832,-0.027248114347457886,-0.00807185934681911,0.7041749954223633,-0.009325825609266758,0.2970259189605713,1784481969.8119297,2.020704507827759,2424.693702301,0.7777778506278992,,10.279848098754883,42413
7.708333492279053,0.0,0.38453230261802673,0.28951820731163025,7.593750000000002e-05,0.20011644065380096,0.15766489505767822,1.4373092651367188,0.375,0.5670933127403259,-0.595463752746582,0.480230450630188,0.04109182618558407,0.875,0.14277547597885132,4.489177417755127,0.06989151239395142,2.473083734512329,0.7490922212600708,0.459881067276001,0.35789257287979126,16.669485665857792,0.4803018569946289,0.3661273419857025,1935,466.18,0.7208382487297058,0.10340504348278046,-0.022375835105776787,-0.008088143495842814,0.7116913795471191,-0.010063816793262959,0.30833005905151367,1784481972.4031088,2.1770706176757812,2427.840819343,0.7777778506278992,,9.757020950317383,39552
7.9166669845581055,0.0,0.4253036677837372,0.28950953483581543,7.593750000000002e-05,0.22317540645599365,0.15459305047988892,1.5837267637252808,0.3333333432674408,0.6368303894996643,-0.5928645133972168,0.47556227445602417,0.037131188064813615,0.625,0.16312268376350403,4.47305006980896,0.07388852536678314,2.5548255443573,0.7469452619552612,0.4532669484615326,0.3556026816368103,17.5011458414793,0.5344409942626953,0.36383044719696045,1936,479.84,0.7213881015777588,0.10184356570243835,-0.022893909364938736,-0.008123622450511903,0.7756606936454773,-0.009571660310029984,0.3173027038574219,1784481975.6446772,2.7215356826782227,2430.558953839,0.7777778506278992,"{'sha256': '45e0fc8611f23cbf0d5ad4a4cd031ad78da128e52305fcdd4a8d281ed9c0ae92', 'path': 'media/videos/video_1936_45e0fc8611f23cbf0d5a.mp4', 'size': 1581127.0, '_type': 'video-file'}",10.447269439697266,32349
7.2916669845581055,0.0,0.41583746671676636,0.2894769310951233,7.593750000000002e-05,0.18626460433006287,0.15442059934139252,1.4335410594940186,0.3333333432674408,0.5710546970367432,-0.6003761291503906,0.4738466739654541,0.03172671142965555,0.5416666865348816,0.12807336449623108,4.47498574256897,0.06808542460203171,2.452683925628662,0.7445061206817627,0.4506785273551941,0.3544146716594696,17.01659953057766,0.4788739085197449,0.36303091049194336,1937,477.69,0.7206134796142578,0.09880442917346954,-0.02214856818318367,-0.007353451196104288,0.7066661715507507,-0.010282176546752453,0.28725337982177734,1784481978.2733862,2.239626407623291,2433.079801222,0.7777778506278992,,10.311891555786133,38903
7.5,0.0,0.4031539857387543,0.2891903817653656,0.00011390625000000003,0.2016173005104065,0.1540411412715912,1.38485848903656,0.3333333432674408,0.585460901260376,-0.5926958918571472,0.47588050365448,0.042618661932647225,0.7083333730697632,0.143504798412323,4.453166675567627,0.07003935426473618,2.4661574363708496,0.7438713908195496,0.4506528377532959,0.3541942238807678,16.338889638334514,0.4989098310470581,0.3619324564933777,1938,454.34,0.7207452654838562,0.10321471095085144,-0.027518516406416893,-0.007878548582084477,0.7308444380760193,-0.00946132093667984,0.2898397445678711,1784481980.7847526,2.119933605194092,2435.601485584,0.7777778506278992,,10.092498779296875,40793
7.5,0.0,0.4023520350456238,0.2891468405723572,7.593750000000002e-05,0.2252991646528244,0.15304356813430786,1.5672273635864258,0.375,0.657963216304779,-0.58759605884552,0.47001123428344727,0.03324115928262472,0.8333333730697632,0.15191476047039032,4.433792090415954,0.0737849771976471,2.6648106575012207,0.7386306524276733,0.4485641121864319,0.3548840284347534,16.85838013380766,0.5783809423446655,0.3592716157436371,1939,468.46,0.719815194606781,0.09420248866081238,-0.022558612748980522,-0.008554735366487876,0.7685620188713074,-0.00955401360988617,0.294356107711792,1784481983.308086,2.1272590160369873,2438.119005037,0.7777778506278992,,11.21701717376709,40594
7.0,0.0,0.40405917167663574,0.28909212350845337,0.00011390625000000003,0.18135952949523926,0.15938125550746918,1.3485382795333862,0.1666666716337204,0.548041582107544,-0.6067324876785278,0.4875715672969818,0.04176521729677916,0.5416666865348816,0.12239383906126022,4.432334566116333,0.06481330096721649,2.3677985668182373,0.7618944048881531,0.4639625549316406,0.35320374369621277,17.23000645875931,0.4523085057735443,0.3728540539741516,1940,472.57,0.720678448677063,0.10464820265769958,-0.020001893863081932,-0.00858222956303507,0.6612176895141602,-0.01027669943869114,0.3047034740447998,1784481985.8377047,2.1098082065582275,2440.782608553,0.7777778506278992,,9.965826034545898,40713
7.875,0.0,0.39729779958724976,0.28900447487831116,0.00011390625000000003,0.21637527644634247,0.15403959155082703,1.5070827007293701,0.4583333432674408,0.5999603867530823,-0.587893009185791,0.4733114242553711,0.0362181955948472,0.8333333730697632,0.14875881373882294,4.42407922744751,0.07218852639198303,2.668435573577881,0.7418464422225952,0.4499290883541107,0.3525715470314026,15.857953425645828,0.5141130685806274,0.3625877797603607,1941,447.01,0.7208251953125,0.09831273555755615,-0.022104568779468536,-0.007930650225898717,0.7233033180236816,-0.010737640783190727,0.29433250427246094,1784481988.4981155,2.2529706954956055,2443.271838386,0.7777778506278992,,11.174755096435547,38591
7.9166669845581055,0.0,0.4286367893218994,0.28896045684814453,0.00011390625000000003,0.18423382937908173,0.1583358496427536,1.394840121269226,0.2916666865348816,0.5897101163864136,-0.6007012128829956,0.48762381076812744,0.04411087743937969,0.5,0.12275218963623047,4.414151239395141,0.06361469626426697,2.3879637718200684,0.7645769119262695,0.4631052017211914,0.35144323110580444,16.715847015827894,0.4957081079483032,0.3736291825771332,1942,463.15,0.7226885557174683,0.10163091868162155,-0.02460591122508049,-0.007511705858632922,0.7052559852600098,-0.009417984634637833,0.2862720489501953,1784481990.9765007,2.0876336097717285,2445.952363973,0.7777778506278992,,10.335060119628906,41410
8.083333969116211,0.0,0.4091528356075287,0.28896066546440125,7.593750000000002e-05,0.24388985335826874,0.1509515643119812,1.6127790212631226,0.625,0.649071216583252,-0.576206386089325,0.4631730914115906,0.03703846223652363,1.0,0.17836567759513855,4.413081622123718,0.08340772986412048,2.7771098613739014,0.7254525423049927,0.4376092851161957,0.3513340950012207,15.909030129015445,0.5379704833030701,0.3554704189300537,1943,442.24,0.7221947908401489,0.0969124436378479,-0.022341832518577576,-0.007133265314041637,0.8257784843444824,-0.009098423644900322,0.31334447860717773,1784481993.6592517,2.2629706859588623,2448.395208484,0.7777778506278992,,11.241243362426758,38156
7.125,0.0,0.3791577219963074,0.2889394462108612,7.593750000000002e-05,0.20379146933555603,0.16021472215652466,1.5022443532943726,0.375,0.6288242936134338,-0.5980789661407471,0.48442429304122925,0.04550586920231581,0.75,0.12996765971183777,4.413846635818482,0.07111980766057968,2.6378540992736816,0.7539138197898865,0.4630526304244995,0.3512786626815796,16.933134878575803,0.5240894556045532,0.36688634753227234,1944,466.85,0.7197663187980652,0.10301923006772995,-0.022546647116541862,-0.006797850571456365,0.7613484859466553,-0.010604478418827057,0.2897946834564209,1784481996.0963445,2.051266670227051,2450.83427878,0.7777778506278992,,11.335603713989258,41991
8.541666984558105,0.0,0.37685513496398926,0.28890660405158997,0.00011390625000000003,0.20805653929710388,0.1571986973285675,1.4522383213043213,0.5,0.6273882389068604,-0.5835949182510376,0.47853970527648926,0.035535959899425505,0.6666666865348816,0.14476726949214935,4.401794862747193,0.07077080011367798,2.559084415435791,0.7441841959953308,0.45908623933792114,0.3506052494049072,16.230006053447724,0.5479320883750916,0.3642493486404419,1945,452.13,0.717166543006897,0.1042090505361557,-0.024033552035689354,-0.007793418224900961,0.7256490588188171,-0.009007342159748077,0.2844667434692383,1784481998.5476592,2.0574731826782227,2453.447202624,0.7777778506278992,,10.61130142211914,41975
8.125,0.0416666679084301,0.40070459246635437,0.2888655364513397,7.593750000000002e-05,0.19013914465904236,0.16174587607383728,1.370422124862671,0.25,0.5579651594161987,-0.6153703927993774,0.4957676827907562,0.034748233295977114,0.4583333432674408,0.12986741960048676,4.400026512145996,0.06453730165958405,2.2267093658447266,0.775229811668396,0.47005796432495117,0.3508806824684143,17.07939618498087,0.4895520806312561,0.38102149963378906,1946,474.29,0.7166568636894226,0.10307107865810394,-0.025697266682982445,-0.008136108226608485,0.7001041769981384,-0.0105200856924057,0.29402875900268555,1784482001.1519892,2.208869695663452,2455.923665414,0.7777778506278992,,9.395626068115234,39276
7.2916669845581055,0.0,0.3777047395706177,0.2888215482234955,7.593750000000002e-05,0.18731281161308289,0.16080054640769958,1.4965113401412964,0.25,0.5274780988693237,-0.5989917516708374,0.4891397953033447,0.04019887335598469,0.625,0.1170622706413269,4.393526554107666,0.06532657146453857,2.4169201850891113,0.7625765800476074,0.4667128026485443,0.3515844941139221,17.32676068663597,0.44268184900283813,0.3736264407634735,1947,477.37,0.717155933380127,0.10617946088314056,-0.025431757792830467,-0.0076325900357915085,0.6893550753593445,-0.009072566404938698,0.2986431121826172,1784482003.6266944,2.076192855834961,2458.539726018,0.7777778506278992,,9.89887809753418,41394
7.208333492279053,0.0,0.39617180824279785,0.2888832092285156,7.593750000000002e-05,0.24562141299247742,0.15302717685699463,1.7115782499313354,0.4166666865348816,0.7113440036773682,-0.5859156847000122,0.4669789969921112,0.038002724573016164,0.7916666865348816,0.18042270839214325,4.397886657714844,0.0788029134273529,2.925030469894409,0.7333139181137085,0.44530099630355835,0.347658634185791,16.59821632027626,0.6035387516021729,0.35970383882522583,1948,463.72,0.7183448672294617,0.09535899013280869,-0.023888587951660156,-0.007242172860424034,0.8201589584350586,-0.010682785883545876,0.3065035343170166,1784482006.2450597,2.211305856704712,2460.983971449,0.7777778506278992,,11.9859619140625,39043
7.5,0.0,0.38809800148010254,0.28876763582229614,0.00011390625000000003,0.20796847343444824,0.15367324650287628,1.4026273488998413,0.375,0.5917953848838806,-0.5933306217193604,0.4735310971736908,0.0397457467392087,0.7083333730697632,0.14512252807617188,4.397120141983033,0.06991878896951675,2.575322151184082,0.7451302409172058,0.44920748472213745,0.34869226813316345,16.581805346310137,0.5097520351409912,0.36543959379196167,1949,463.94,0.718520998954773,0.09813514351844788,-0.017580611631274223,-0.007115126625285484,0.7258257865905762,-0.009790493175387383,0.297654390335083,1784482008.6909044,2.045945644378662,2463.449785997,0.7777778506278992,,10.675444602966309,41945
8.583333969116211,0.0,0.3695877492427826,0.2888028919696808,0.00011390625000000003,0.20146363973617554,0.15601356327533722,1.5356101989746094,0.4583333432674408,0.6155011057853699,-0.5837761163711548,0.47563451528549194,0.04304349888116121,0.875,0.13517969846725464,4.3885976552963255,0.07046697288751602,2.5314412117004395,0.7404682040214539,0.45111116766929626,0.3481081426143646,16.74757604703307,0.5311586260795593,0.36113759875297546,1950,456.94,0.7177877426147461,0.10172387212514877,-0.02259070798754692,-0.007362339360406622,0.7244887351989746,-0.009971065446734428,0.30126118659973145,1784482011.1592171,2.06046462059021,2466.007885592,0.75,,10.56952953338623,41623
8.375,0.0416666679084301,0.3667715787887573,0.28899040818214417,0.00011390625000000003,0.22785192728042603,0.15291213989257812,1.6061675548553467,0.375,0.6250739097595215,-0.5794888734817505,0.4678431451320648,0.05226098578423262,0.875,0.1661919355392456,4.401548385620117,0.07511105388402939,2.620905876159668,0.7339890003204346,0.44572338461875916,0.34890806674957275,16.66807628214359,0.5142849683761597,0.3589977025985718,1951,464.29,0.715673565864563,0.10091613978147507,-0.01947454735636711,-0.007870502350851894,0.7803289890289307,-0.009527498856186867,0.2952103614807129,1784482013.7078846,2.158306360244751,2468.535636836,0.7314815521240234,,10.672796249389648,40066
8.666666984558105,0.0,0.4219437837600708,0.2891424298286438,0.00011390625000000003,0.24542944133281708,0.15280978381633759,1.648153305053711,0.8333333730697632,0.6557908058166504,-0.579119861125946,0.4646991193294525,0.04771724604070186,0.9166666865348816,0.18897901475429535,4.419902396202088,0.08246828615665436,2.6804938316345215,0.7300431728363037,0.44114622473716736,0.35089486837387085,16.026806344911456,0.5577447414398193,0.35764002799987793,1952,442.54,0.714568555355072,0.09427124261856079,-0.02077699452638626,-0.007904680038336664,0.7852497100830078,-0.009320508688688278,0.29018521308898926,1784482016.2393003,2.1404547691345215,2471.143821092,0.7777778506278992,,10.844541549682617,40443
6.75,0.0,0.38829144835472107,0.289060115814209,0.00011390625000000003,0.23621515929698944,0.15116705000400543,1.6625802516937256,0.4166666865348816,0.7062135934829712,-0.5735911130905151,0.45859941840171814,0.03918819073587656,1.125,0.16791407763957977,4.421433758735657,0.07965336740016937,2.994941473007202,0.7186664938926697,0.4339655637741089,0.3525959253311157,15.72966834962368,0.5786597728729248,0.34987276792526245,1953,447.91,0.711654543876648,0.09788045287132263,-0.022632017731666565,-0.007300981212029001,0.807431697845459,-0.009874175302684307,0.2930891513824463,1784482018.8441932,2.2159314155578613,2473.572364291,0.7777778506278992,,12.927091598510742,39180
7.6666669845581055,0.0,0.3704994320869446,0.28902751207351685,7.593750000000002e-05,0.20364491641521454,0.15707972645759583,1.6445977687835693,0.25,0.5930486917495728,-0.5931372046470642,0.47935622930526733,0.03974241130053997,0.5416666865348816,0.14067333936691284,4.414099907875061,0.07157788425683975,2.67280912399292,0.7502078413963318,0.4569105803966522,0.3531447649002075,16.588105118870736,0.4759836196899414,0.3685401380062103,1954,464.22,0.7091803550720215,0.10179571807384491,-0.025981998071074486,-0.007879097247496247,0.7542936205863953,-0.009562436491250992,0.29535603523254395,1784482021.2806096,2.0394606590270996,2476.202585886,0.6666667461395264,,10.30785846710205,42103
8.666666984558105,0.0,0.36974239349365234,0.2888278663158417,7.593750000000002e-05,0.19222967326641083,0.15811017155647278,1.4661099910736084,0.375,0.5795540809631348,-0.5921720266342163,0.48095354437828064,0.03946790583431721,0.7916666865348816,0.12499231100082397,4.399429988861084,0.06546805053949356,2.528372049331665,0.7524386644363403,0.45666182041168213,0.35563069581985474,16.74070323050022,0.48377132415771484,0.36709773540496826,1955,462.07,0.7093204259872437,0.10204876959323883,-0.020279832184314728,-0.007514765142695978,0.7059895396232605,-0.009479116648435593,0.31226539611816406,1784482023.9187279,2.212822198867798,2478.663469456,0.6666667461395264,,10.651299476623535,38930
8.083333969116211,0.0,0.39894962310791016,0.2888387441635132,7.593750000000002e-05,0.20159678161144257,0.15582776069641113,1.465318202972412,0.2916666865348816,0.5934224724769592,-0.5903959274291992,0.47391432523727417,0.04300256799906492,0.7916666865348816,0.13022977113723755,4.385131621360779,0.06769932806491852,2.560009002685547,0.7453076243400574,0.45037907361984253,0.35721009969711304,16.869309936836363,0.5107345581054688,0.36608728766441345,1956,473.51,0.7110557556152344,0.0966043621301651,-0.023027896881103516,-0.007658171525690705,0.7380906939506531,-0.00936279445886612,0.2878696918487549,1784482026.368098,2.060727596282959,2481.920326009,0.6666667461395264,,10.578391075134277,41856
7.6666669845581055,0.0,0.3779242932796478,0.288855642080307,0.00011390625000000003,0.21667379140853882,0.1541229486465454,1.5287740230560303,0.5,0.6156906485557556,-0.5815430879592896,0.4700959324836731,0.03758799508213997,0.6666666865348816,0.1508042961359024,4.390106749534607,0.0745106190443039,2.5656325817108154,0.7328959703445435,0.44419097900390625,0.35777604579925537,17.096599694490433,0.5238847732543945,0.3585459589958191,1957,465.41,0.710307776927948,0.09959813207387924,-0.026750361546874046,-0.007679116807412356,0.7313671112060547,-0.010231928899884224,0.3142375946044922,1784482029.710194,2.8415441513061523,2484.445102953,0.6666667461395264,"{'sha256': '2303024fb5b0935ff5fcd344462d6e8e0593762a286788bab3020cc45e62a45c', 'path': 'media/videos/video_1957_2303024fb5b0935ff5fc.mp4', 'size': 1616189.0, '_type': 'video-file'}",10.534473419189453,31150
6.875,0.0,0.39173978567123413,0.2888611853122711,7.593750000000004e-05,0.23302893340587616,0.15486805140972137,1.599730372428894,0.4166666865348816,0.6777060031890869,-0.5709585547447205,0.46474528312683105,0.040590996854007244,0.9166666865348816,0.1655515730381012,4.388909721374512,0.07845339179039001,2.8250555992126465,0.7279036045074463,0.4440661072731018,0.359829843044281,17.132644889950754,0.5678027868270874,0.35706639289855957,1958,468.79,0.7092045545578003,0.09676029533147812,-0.021416351199150085,-0.007349432870978489,0.8194369077682495,-0.008618759922683239,0.2891972064971924,1784482032.1505167,2.059426784515381,2487.025397783,0.6666667461395264,,11.837794303894043,41855
7.2916669845581055,0.0,0.41839808225631714,0.28891077637672424,0.00011390625000000003,0.22072243690490723,0.1565598100423813,1.530651330947876,0.5,0.5919420719146729,-0.598097026348114,0.4787755012512207,0.039565085247159,0.6666666865348816,0.15464642643928528,4.383346915245056,0.07723145931959152,2.619039535522461,0.7508202791213989,0.455966591835022,0.3595207631587982,16.939632077813148,0.5003568530082703,0.36687153577804565,1959,467.47,0.7095147371292114,0.10046426951885223,-0.02155914716422558,-0.00787285562037141,0.7612828612327576,-0.009692369028925896,0.31498241424560547,1784482034.7440426,2.16374135017395,2489.526381005,0.6666667461395264,,10.702062606811523,39659
7.5416669845581055,0.0,0.3897811770439148,0.28905972838401794,0.00011390625000000003,0.25202450156211853,0.1536584049463272,1.5087411403656006,0.2916666865348816,0.6490642428398132,-0.5759423971176147,0.4666098952293396,0.04833713490515947,1.125,0.18774345517158508,4.394880032539367,0.08437200635671616,2.720151662826538,0.7287318706512451,0.4432199001312256,0.3563530147075653,15.846069405078888,0.5328805446624756,0.35658907890319824,1960,443.25,0.7096883654594421,0.0985904261469841,-0.02233637124300003,-0.008001828717533499,0.8297039866447449,-0.009371057152748108,0.28992390632629395,1784482037.2271192,2.0949785709381104,2492.07179772,0.6666667461395264,,11.002490043640137,41219
7.125,0.0,0.40976303815841675,0.28922998905181885,0.00011390625000000003,0.2467251867055893,0.15756849944591522,1.5192183256149292,0.5416666865348816,0.6540923118591309,-0.5888104438781738,0.47439002990722656,0.04023757502436638,0.8333333730697632,0.1794918179512024,4.406992888450622,0.08464013785123825,2.7116637229919434,0.7411284446716309,0.45133838057518005,0.3569154739379883,17.090604002773762,0.5559920072555542,0.36266621947288513,1961,472.28,0.7114250659942627,0.10024850815534592,-0.017949135974049568,-0.008465281312237494,0.8096842765808105,-0.010657738894224167,0.30904221534729004,1784482039.7855306,2.1400065422058105,2494.636869619,0.6666667461395264,,10.672119140625,40139
7.7916669845581055,0.0,0.3798344135284424,0.28938376903533936,7.593750000000002e-05,0.23100148141384125,0.15660443902015686,1.5229601860046387,0.5,0.6253480911254883,-0.5898141264915466,0.4713785648345947,0.04390263669192791,0.7916666865348816,0.16564813256263733,4.425010013580322,0.0777200385928154,2.5352630615234375,0.7393670082092285,0.4466026723384857,0.35651931166648865,16.30674847766757,0.5572943091392517,0.36255258321762085,1962,456.58,0.7132843732833862,0.09706714004278183,-0.020452622324228287,-0.00780439908412518,0.7602044939994812,-0.009904495440423489,0.29020094871520996,1784482042.3429058,2.160888433456421,2497.174667323,0.6666667461395264,,10.190699577331543,40106
7.5,0.0,0.41112202405929565,0.2893960773944855,7.593750000000002e-05,0.22033874690532684,0.1556532382965088,1.4782416820526123,0.5416666865348816,0.6065936088562012,-0.5865027904510498,0.4721773564815521,0.042951618507504466,0.9583333730697632,0.16457337141036987,4.433029651641846,0.07596835494041443,2.5504908561706543,0.7336904406547546,0.44754135608673096,0.3556457459926605,16.76750178605318,0.5214535593986511,0.35982340574264526,1963,467.51,0.7132642269134521,0.09949996322393417,-0.022001763805747032,-0.006821353327177348,0.7338576316833496,-0.01006197091192007,0.2982347011566162,1784482044.8827066,2.1354775428771973,2499.737311162,0.6666667461395264,,10.695549011230469,40392
7.875,0.0,0.39461082220077515,0.2893765866756439,5.062500000000002e-05,0.2030913084745407,0.1592313051223755,1.4277420043945312,0.4166666865348816,0.6090477108955383,-0.5902693271636963,0.4800035357475281,0.041392275132238865,0.7083333730697632,0.14179827272891998,4.428788542747498,0.07063714414834976,2.5205399990081787,0.7459754347801208,0.45579051971435547,0.35547134280204773,16.862385221123695,0.5245803594589233,0.3673957288265228,1964,464.95,0.7139083743095398,0.1029290109872818,-0.020566366612911224,-0.006712404512654757,0.7105550765991211,-0.00931526254862547,0.30082178115844727,1784482047.4439163,2.15822434425354,2502.229566771,0.6666667461395264,,10.233187675476074,39976
6.833333492279053,0.0,0.4236392378807068,0.2894074320793152,0.00011390625000000003,0.21032381057739258,0.1592203676700592,1.4577802419662476,0.375,0.570652186870575,-0.5856583714485168,0.47509765625,0.039226857200264934,0.6666666865348816,0.13904345035552979,4.432382273674011,0.07246452569961548,2.5615782737731934,0.7397238612174988,0.4504256248474121,0.35378751158714294,16.581107996106148,0.4825105667114258,0.3632682263851166,1965,458.01,0.7139095664024353,0.10043436288833618,-0.01847420260310173,-0.00853890795042389,0.7504302859306335,-0.009777769446372986,0.2894468307495117,1784482049.9349768,2.101663589477539,2504.886941469,0.6666667461395264,,10.763625144958496,41112
8.5,0.0,0.41942501068115234,0.28922754526138306,0.00011390625000000003,0.2013387382030487,0.16126921772956848,1.3642442226409912,0.4583333432674408,0.5937964916229248,-0.5950391292572021,0.4842180907726288,0.03820742014795542,0.75,0.1457746922969818,4.426267862319946,0.07057854533195496,2.38637113571167,0.7557648420333862,0.4611942768096924,0.35406070947647095,16.72094018191099,0.5094677209854126,0.37153035402297974,1966,461.52,0.7144098281860352,0.09745204448699951,-0.019422704353928566,-0.008539127616677434,0.7054132223129272,-0.010199170559644699,0.3010976314544678,1784482052.5945363,2.2546167373657227,2507.351393822,0.6666667461395264,,10.147422790527344,38464
8.5,0.0,0.37009915709495544,0.28924986720085144,7.593750000000002e-05,0.20891520380973816,0.15801966190338135,1.5552467107772827,0.2916666865348816,0.6366750597953796,-0.59624183177948,0.47929584980010986,0.04075936321169138,0.8333333730697632,0.14590205252170563,4.412818360328674,0.07060351967811584,2.706434726715088,0.7473180294036865,0.4561782479286194,0.35567086935043335,16.961468043141068,0.519614040851593,0.3668639659881592,1967,471.16,0.715218186378479,0.10093574970960617,-0.01996215060353279,-0.00836358482920332,0.7589170336723328,-0.009360464289784431,0.29090046882629395,1784482055.0553095,2.0715408325195312,2509.98733185,0.6666667461395264,,11.076192855834961,41611
6.6666669845581055,0.0,0.35534584522247314,0.2893289029598236,0.00011390625000000003,0.22958266735076904,0.15770143270492554,1.4415826797485352,0.2083333432674408,0.6248428821563721,-0.59282386302948,0.47964638471603394,0.03976606130599976,0.7083333730697632,0.15650656819343567,4.422349262237549,0.0746167004108429,2.5358095169067383,0.7479615211486816,0.45340895652770996,0.3557472229003906,16.88638642966747,0.5255398154258728,0.36760783195495605,1968,467.98,0.7158149480819702,0.09852273762226105,-0.01958615891635418,-0.007644029171206057,0.8109679222106934,-0.010570126585662365,0.3027927875518799,1784482057.7008226,2.2333474159240723,2512.435301584,0.6666667461395264,,10.707903861999512,38761
7.208333492279053,0.0,0.3773975372314453,0.28927525877952576,0.00011390625000000003,0.22122126817703247,0.1542992889881134,1.5020015239715576,0.5,0.5900391936302185,-0.5783137083053589,0.4657216966152191,0.04544430784881115,0.9166666865348816,0.16995283961296082,4.419588685035706,0.07658056914806366,2.5555877685546875,0.7297385931015015,0.44381722807884216,0.35481423139572144,16.03562688603997,0.5012392997741699,0.3577021360397339,1969,447.8,0.7171777486801147,0.09374362230300903,-0.020601853728294373,-0.008092362378374674,0.7234598398208618,-0.010761662386357784,0.2972872257232666,1784482060.1417682,2.04127836227417,2515.064801478,0.6666667461395264,,10.098298072814941,42036
7.5,0.0,0.3609090745449066,0.2893139123916626,7.593750000000004e-05,0.27333542704582214,0.14527130126953125,1.6881307363510132,0.625,0.7067761421203613,-0.5623752474784851,0.44375860691070557,0.041136964410543445,1.1666667461395264,0.21094533801078796,4.422732639312744,0.0871620923280716,3.0129523277282715,0.6981217265129089,0.41956281661987305,0.3529839515686035,15.578437375407667,0.5756741166114807,0.3414454460144043,1970,445.65,0.7164274454116821,0.09137296676635742,-0.01976514607667923,-0.008218954041740289,0.8775385618209839,-0.011245913803577423,0.3092021942138672,1784482062.7786155,2.2185721397399902,2517.654731021,0.6666667461395264,,12.55976390838623,38889
8.0,0.0,0.3633875548839569,0.2891659438610077,0.00011390625000000003,0.22491499781608582,0.1549992859363556,1.590148687362671,0.375,0.6442491412162781,-0.583878755569458,0.46618133783340454,0.039271262288093564,0.7083333730697632,0.1542930006980896,4.418255281448364,0.07395833730697632,2.631157159805298,0.7298259735107422,0.44705435633659363,0.35387229919433594,16.735573512613772,0.54766845703125,0.35727471113204956,1971,465.97,0.7147998809814453,0.09962128847837448,-0.021718157455325127,-0.007713917479850352,0.787686824798584,-0.010652500204741955,0.32785820960998535,1784482065.3743403,2.149585485458374,2520.191927541,0.6666667461395264,,10.933853149414062,39679
8.541666984558105,0.0,0.3760901391506195,0.28906047344207764,7.593750000000002e-05,0.20359212160110474,0.15724441409111023,1.4268465042114258,0.25,0.5789282917976379,-0.5946421027183533,0.4746423661708832,0.038491651974618436,0.7916666865348816,0.139218270778656,4.400691175460816,0.06814900040626526,2.4617695808410645,0.7482379674911499,0.45270979404449463,0.3514721989631653,16.83410605430603,0.5015230178833008,0.36575043201446533,1972,468.56,0.7162911295890808,0.09593619406223297,-0.020415157079696655,-0.008516502851853147,0.6777893900871277,-0.010356823913753033,0.2908599376678467,1784482067.8937669,2.131627321243286,2522.666269646,0.6666667461395264,,10.513697624206543,40579
8.791666984558105,0.0,0.39635688066482544,0.28923526406288147,0.00011390625000000003,0.20400750637054443,0.15822061896324158,1.486818790435791,0.3333333432674408,0.5825986862182617,-0.6051617860794067,0.47717970609664917,0.040532817132771015,0.6666666865348816,0.14736293256282806,4.409247493743896,0.06894040107727051,2.403815746307373,0.7549810409545898,0.45282524824142456,0.3504447937011719,16.646020758748055,0.5020490884780884,0.36965927481651306,1973,470.18,0.7170169353485107,0.09473510831594467,-0.022884322330355644,-0.007858483283780516,0.714523196220398,-0.01142000313848257,0.31901049613952637,1784482070.394005,2.0572431087493896,2525.378037696,0.6666667461395264,,10.049636840820312,41369
7.208333492279053,0.0,0.3613450527191162,0.28931257128715515,7.593750000000002e-05,0.229257270693779,0.1568998545408249,1.485199213027954,0.5,0.6380643248558044,-0.5719897150993347,0.4662817418575287,0.044235524535179135,0.9166666865348816,0.1707935333251953,4.428164172172546,0.07909578084945679,2.6054439544677734,0.728121280670166,0.44381213188171387,0.3509314954280853,16.348020831495525,0.5423696041107178,0.3574010729789734,1974,447.86,0.7166053056716919,0.09915666282176971,-0.01895998790860176,-0.007837854482932016,0.7843462228775024,-0.009160001762211323,0.3145136833190918,1784482073.0791965,2.269015073776245,2527.805513094,0.6666667461395264,,10.948406219482422,38050
7.4166669845581055,0.0,0.34982141852378845,0.28929364681243896,7.593750000000002e-05,0.21990928053855896,0.15666338801383972,1.5678600072860718,0.125,0.6691088080406189,-0.5786063075065613,0.4662025570869446,0.03731211107224226,1.0416667461395264,0.14580364525318146,4.4320553064346315,0.07450878620147705,2.7377450466156006,0.7275828719139099,0.4453532099723816,0.35250037908554077,16.641827062815427,0.5631167888641357,0.3556273877620697,1975,460.72,0.7135672569274902,0.1001075729727745,-0.022910382598638535,-0.0073210581147577615,0.8066529035568237,-0.010878143832087517,0.29539990425109863,1784482075.513456,2.031332015991211,2530.426474612,0.6666667461395264,,11.845622062683105,42249
8.916666984558105,0.0,0.4030020833015442,0.2891875207424164,0.00011390625000000003,0.18071866035461426,0.1594586968421936,1.3190922737121582,0.3333333432674408,0.5718988180160522,-0.5927937030792236,0.4780701994895935,0.03688881099224091,0.75,0.11587950587272644,4.4302972793579105,0.06631894409656525,2.4694247245788574,0.7526803016662598,0.4553602635860443,0.35545098781585693,16.581887170001863,0.4982594847679138,0.36875444650650024,1976,461.07,0.7126504778862,0.10125470161437988,-0.019259430468082428,-0.008291816763812677,0.6872119903564453,-0.01006484404206276,0.3141331672668457,1784482078.137703,2.201207160949707,2532.897359356,0.6666667461395264,,10.519453048706055,39081
7.958333492279053,0.0,0.3849725127220154,0.2891558110713959,7.593750000000002e-05,0.1888955533504486,0.16283093392848969,1.322508692741394,0.2916666865348816,0.5586400032043457,-0.603755533695221,0.49128860235214233,0.04307521786540747,0.5833333730697632,0.12454696744680405,4.421357440948486,0.06412779539823532,2.3850226402282715,0.7645885348320007,0.4685518741607666,0.35689839720726013,17.026416311711074,0.4870036542415619,0.3736874461174011,1977,469.67,0.7132629156112671,0.10724576562643051,-0.020077012479305267,-0.00851468844921328,0.7066344022750854,-0.009711530059576035,0.28609442710876465,1784482080.59862,2.0778801441192627,2536.021378048,0.6666667461395264,,9.958477020263672,41584
7.458333492279053,0.0,0.3925878405570984,0.2890498638153076,0.00011390625000000003,0.1903008669614792,0.1601090133190155,1.3997124433517456,0.3333333432674408,0.5970877408981323,-0.5968627333641052,0.48127421736717224,0.03876867238432169,0.6666666865348816,0.13666656613349915,4.4155761957168576,0.07087114453315735,2.3671653270721436,0.751757800579071,0.4571892023086548,0.3570273816585541,16.86729938983917,0.5205280780792236,0.36826786398887634,1978,469.84,0.7135862112045288,0.10388658940792084,-0.025100167840719223,-0.007659318865626119,0.6857592463493347,-0.011556829325854778,0.32297325134277344,1784482083.826441,2.704070568084717,2538.628124984,0.6666667461395264,"{'path': 'media/videos/video_1978_f63a40b7bcf2555afd3f.mp4', 'size': 1533318.0, '_type': 'video-file', 'sha256': 'f63a40b7bcf2555afd3f403358013040da4bedf6f193d6c72748d7b8de5b1833'}",9.718441009521484,32475
7.583333492279053,0.0,0.3752865195274353,0.28909832239151,0.00011390625000000003,0.21307574212551117,0.1579035371541977,1.483256220817566,0.4166666865348816,0.6038504838943481,-0.5812258124351501,0.47458142042160034,0.038928395695984365,0.5833333730697632,0.14719301462173462,4.411606073379517,0.07264740765094757,2.6430492401123047,0.7379264831542969,0.450470894575119,0.35684889554977417,16.742978223115205,0.5130704641342163,0.3606274127960205,1979,460.36,0.7125681638717651,0.1012626439332962,-0.019108664244413376,-0.008074841951020062,0.7528936266899109,-0.009860680438578129,0.2897019386291504,1784482086.3253868,2.12565541267395,2541.065442268,0.6666667461395264,,11.082220077514648,40699
7.25,0.0416666679084301,0.3495093584060669,0.2890455722808838,0.00011390625000000003,0.24582591652870178,0.1534547358751297,1.6253609657287598,0.5416666865348816,0.6455182433128357,-0.5838397741317749,0.46455642580986023,0.03872737400233746,0.75,0.18647241592407227,4.419290804862976,0.0833050012588501,2.653221607208252,0.72970050573349,0.44176000356674194,0.356620728969574,16.072956666350365,0.5454629063606262,0.3554176092147827,1980,447.22,0.7134329080581665,0.09763099253177643,-0.020763302221894264,-0.00825928141566692,0.784702479839325,-0.010502681136131287,0.30048418045043945,1784482088.772274,2.045602321624756,2543.649994135,0.6666667461395264,,10.554058074951172,41901
7.5416669845581055,0.0,0.34614524245262146,0.28911420702934265,7.593750000000002e-05,0.20366773009300232,0.15617194771766663,1.5441001653671265,0.5,0.5583034753799438,-0.5899671316146851,0.4775307774543762,0.04024389944970608,0.5416666865348816,0.14152349531650543,4.417580604553223,0.07001470774412155,2.471280097961426,0.743079662322998,0.4499637484550476,0.3544660210609436,16.716535162329674,0.48178374767303467,0.36516091227531433,1981,463.77,0.7161287069320679,0.10199600458145142,-0.024341991171240807,-0.00793821400438901,0.7297263145446777,-0.010138459503650665,0.3003048896789551,1784482091.360781,2.181638717651367,2546.219710534,0.6666667461395264,,10.261899948120117,39607
7.458333492279053,0.0,0.4268101453781128,0.28905460238456726,0.00011390625000000003,0.20282670855522156,0.1599246859550476,1.4916205406188965,0.4166666865348816,0.5389505624771118,-0.6032283902168274,0.48086923360824585,0.0469334090128541,0.6666666865348816,0.14490871131420135,4.4209905624389645,0.06868565082550049,2.3979554176330566,0.7553491592407227,0.4581943452358246,0.35486525297164917,16.920791296213864,0.46995973587036133,0.37082311511039734,1982,465.55,0.7161508798599243,0.10129686444997787,-0.017632748931646347,-0.008095279528060929,0.6911370158195496,-0.01110529713332653,0.32576489448547363,1784482093.9325752,2.132951021194458,2548.769708711,0.6666667461395264,,9.526840209960938,39981
7.75,0.0,0.3768283724784851,0.2893093228340149,0.00011390625000000003,0.22911271452903748,0.15460023283958435,1.5823132991790771,0.625,0.6564877033233643,-0.5774120688438416,0.4683467745780945,0.040028469637036324,0.7916666865348816,0.16598176956176758,4.430320382118225,0.07965942472219467,2.663644790649414,0.7332522869110107,0.44278836250305176,0.35433778166770935,16.34792428135872,0.5676319599151611,0.3591042757034302,1983,456.94,0.7154657244682312,0.10245045274496078,-0.018028413876891136,-0.00802203620551154,0.779556155204773,-0.010296516120433807,0.2928769588470459,1784482096.478771,2.143958568572998,2551.350854495,0.6666667461395264,,10.8165922164917,40340
7.75,0.0,0.377091646194458,0.2895624339580536,7.593750000000004e-05,0.2133098542690277,0.1570228934288025,1.561854362487793,0.2083333432674408,0.6283381581306458,-0.5875326991081238,0.4732367992401123,0.041912011615931985,0.9166666865348816,0.14749416708946228,4.4616423606872555,0.07347413897514343,2.625356435775757,0.7406877279281616,0.45042118430137634,0.35415443778038025,16.915290999412537,0.5225014090538025,0.36240896582603455,1984,470.71,0.7138767242431641,0.09455041587352753,-0.01854800432920456,-0.007895137066952884,0.7783504724502563,-0.010995475575327873,0.32309460639953613,1784482099.0606277,2.150221347808838,2553.914897137,0.6666667461395264,,10.719327926635742,39745
7.583333492279053,0.0416666679084301,0.4152910113334656,0.2896077334880829,7.593750000000002e-05,0.23560497164726257,0.15632876753807068,1.5344808101654053,0.6666666865348816,0.618912935256958,-0.5985023379325867,0.4735918641090393,0.04444460403174162,0.7083333730697632,0.17545942962169647,4.472204375267029,0.07891634106636047,2.4561610221862793,0.7418259382247925,0.4483172297477722,0.3523302674293518,16.161618079692126,0.5299240946769714,0.36253905296325684,1985,456.6,0.714702844619751,0.09995769709348679,-0.021342044696211815,-0.007454437238629907,0.7826292514801025,-0.01127790566533804,0.2899487018585205,1784482101.6171157,2.166320562362671,2556.506026266,0.6666667461395264,,10.308602333068848,40021
6.875,0.0,0.3466482162475586,0.28978589177131653,0.00011390625000000003,0.217542827129364,0.15980622172355652,1.6923637390136719,0.4583333432674408,0.6150752305984497,-0.5881405472755432,0.48200854659080505,0.040169497951865196,0.4583333432674408,0.16265837848186493,4.4809852838516235,0.07524864375591278,2.589010238647461,0.7458792924880981,0.45626598596572876,0.34730157256126404,17.33670616865158,0.5255253911018372,0.3652765154838562,1986,479.18,0.7189569473266602,0.10460444539785385,-0.018197311088442802,-0.00708675134301302,0.7170931100845337,-0.009944893419742584,0.31038713455200195,1784482104.2330933,2.1802937984466553,2559.126059346,0.6666667461395264,,10.073627471923828,39468
8.875,0.0416666679084301,0.41305679082870483,0.28990602493286133,0.00011390625000000003,0.21491074562072754,0.1597847044467926,1.4716193675994873,0.5416666865348816,0.5917677879333496,-0.5950471758842468,0.4799531400203705,0.04102359544485808,0.75,0.16260486841201782,4.4987507343292235,0.07420103251934052,2.4800820350646973,0.7524957656860352,0.4586811065673828,0.3471941351890564,16.596054667532442,0.5010334253311157,0.36621376872062683,1987,465.12,0.7206618785858154,0.10008548200130463,-0.01944422349333763,-0.007504059307393618,0.7311571836471558,-0.010953940451145172,0.29452037811279297,1784482106.8296068,2.199049949645996,2561.825849534,0.6666667461395264,,10.237133979797363,39422
8.375,0.0,0.37352025508880615,0.28986844420433044,7.593750000000002e-05,0.22250255942344666,0.15477168560028076,1.575573205947876,0.625,0.6068451404571533,-0.582059383392334,0.4667290151119232,0.04302638154476881,1.0416667461395264,0.16225022077560425,4.502781939506531,0.07577107101678848,2.5925889015197754,0.7291591167449951,0.44410622119903564,0.3462931513786316,16.350073299109937,0.5231193900108337,0.35619592666625977,1988,458.63,0.7209657430648804,0.09680303186178207,-0.02032197080552578,-0.00809025952767115,0.731705367565155,-0.011732939630746841,0.3161947727203369,1784482109.537838,2.2834184169769287,2564.319219027,0.6944445371627808,,10.209389686584473,37814
6.625,0.0,0.3773728609085083,0.2898227274417877,7.593750000000002e-05,0.23799777030944824,0.15772804617881775,1.6985080242156982,0.5,0.6404821276664734,-0.580716609954834,0.4754360318183899,0.045935300178825855,1.0833333730697632,0.1849718540906906,4.496994733810425,0.07853759080171585,2.7683780193328857,0.7401566505432129,0.45144638419151306,0.34744882583618164,16.18169605821371,0.5176079273223877,0.3610215187072754,1989,446.31,0.7183856964111328,0.10372002422809601,-0.01719433069229126,-0.006677171681076288,0.7891267538070679,-0.01054641604423523,0.2859768867492676,1784482112.0237405,2.098676919937134,2566.838078353,0.7083333730697632,,11.108302116394043,41223
7.625,0.0,0.38602739572525024,0.28974205255508423,0.00011390625000000003,0.22247016429901123,0.1603274941444397,1.5587146282196045,0.4583333432674408,0.6089127659797668,-0.5979704856872559,0.48223209381103516,0.03547511771321297,0.7083333730697632,0.16724583506584167,4.488721752166748,0.07591186463832855,2.5710411071777344,0.751612663269043,0.457768052816391,0.3501412272453308,17.159831190407274,0.5208170413970947,0.36659687757492065,1990,474.05,0.7165594100952148,0.1027640849351883,-0.01892954483628273,-0.007724960800260305,0.7497380971908569,-0.010846627876162529,0.3219156265258789,1784482114.5475428,2.0964717864990234,2569.395075682,0.6666667461395264,,10.447112083435059,40648
7.6666669845581055,0.0,0.40723952651023865,0.28954458236694336,0.00011390625000000003,0.19285111129283905,0.16344884037971497,1.3411020040512085,0.2083333432674408,0.594234824180603,-0.6055395007133484,0.4914740025997162,0.03639133162796497,0.5,0.13514089584350586,4.47286205291748,0.06701956689357758,2.471676826477051,0.765504002571106,0.46848106384277344,0.3496437966823578,17.610718401074408,0.5197910666465759,0.373818963766098,1991,486.8,0.7149711847305298,0.10263749212026596,-0.02199191227555275,-0.007997903518844395,0.6678707599639893,-0.010054070502519608,0.2887592315673828,1784482117.099577,2.1608972549438477,2571.953304167,0.6898149251937866,,10.185418128967285,40129
7.5,0.0,0.36321741342544556,0.2895871102809906,7.593750000000002e-05,0.22538141906261444,0.15952333807945251,1.5475448369979858,0.375,0.6082341074943542,-0.5999026298522949,0.4860096871852875,0.04429731778800487,0.625,0.16341763734817505,4.4618298530578615,0.07396538555622101,2.6210975646972656,0.7575671076774597,0.4593294858932495,0.3513249158859253,16.6483805257082,0.5222925543785095,0.3680706024169922,1992,467.24,0.7140745520591736,0.1052151769399643,-0.019929293543100357,-0.007282308174762875,0.7551228404045105,-0.011053798720240593,0.3251230716705322,1784482119.6676865,2.1330912113189697,2574.485080696,0.773148238658905,,10.801996231079102,39990
8.541666984558105,0.0,0.37581872940063477,0.2896229028701782,5.062500000000002e-05,0.2145300805568695,0.15578144788742065,1.58502197265625,0.375,0.6023759841918945,-0.5982475280761719,0.47552916407585144,0.04644912332296371,0.875,0.16354168951511383,4.4709213972091675,0.07416220009326935,2.5021867752075195,0.7473642826080322,0.4488005042076111,0.353018581867218,16.20951320797205,0.5246658325195312,0.3636947572231293,1993,463.89,0.7144929766654968,0.09620092809200287,-0.021240070462226868,-0.006296731275506317,0.7332010269165039,-0.011203153058886528,0.28988146781921387,1784482122.1921287,2.130021810531616,2576.918039071,0.7777778506278992,,10.079830169677734,40623
8.666666984558105,0.0,0.3959459960460663,0.28961843252182007,0.00011390625000000003,0.22279497981071472,0.15880684554576874,1.543672800064087,0.4166666865348816,0.6420451402664185,-0.597430944442749,0.47904857993125916,0.044542326033115386,0.9583333730697632,0.1624746322631836,4.471407651901245,0.07533680647611618,2.7009944915771484,0.750208854675293,0.4544437825679779,0.3531406819820404,16.75415847122669,0.5588064193725586,0.36522698402404785,1994,470.7,0.7134692072868347,0.09984861314296722,-0.02183113805949688,-0.008175989558549191,0.7503808736801147,-0.010993465781211853,0.2913939952850342,1784482124.6199298,2.0382254123687744,2579.351544111,0.7592592239379883,,11.011268615722656,42197
6.333333492279053,0.0416666679084301,0.43660420179367065,0.2896300256252289,7.593750000000004e-05,0.21446913480758667,0.15636414289474487,1.4774541854858398,0.375,0.6003477573394775,-0.5905560851097107,0.4733607769012451,0.038025853037834165,0.625,0.16434761881828308,4.476827168464661,0.07385000586509705,2.3538527488708496,0.7453430891036987,0.44652533531188965,0.35314878821372986,16.928083020150662,0.5399736166000366,0.36320123076438904,1995,472.41,0.7129777669906616,0.09964584559202194,-0.020281746983528137,-0.006724542399751954,0.7049813270568848,-0.010648069903254509,0.291520357131958,1784482127.0666423,2.044497013092041,2581.957557923,0.6666667461395264,,9.52750015258789,42081
7.2916669845581055,0.0,0.41014963388442993,0.28954455256462097,7.593750000000002e-05,0.23199456930160522,0.15545044839382172,1.6604198217391968,0.4166666865348816,0.6513230800628662,-0.572609543800354,0.4669615626335144,0.03918545283377171,0.8333333730697632,0.17524391412734985,4.47366840839386,0.0791836604475975,2.5633435249328613,0.7275235056877136,0.4465429186820984,0.35148948431015015,16.934540615007283,0.5558758974075317,0.35448020696640015,1996,462.37,0.7135769724845886,0.09752010554075241,-0.022263137623667717,-0.008096422234666533,0.7758809924125671,-0.011071573942899704,0.3030567169189453,1784482129.672675,2.1911048889160156,2584.472043254,0.6990741491317749,,10.065993309020996,39413
9.041666984558105,0.0416666679084301,0.4101649224758148,0.28952643275260925,7.593750000000002e-05,0.19322961568832397,0.1586005538702011,1.335385799407959,0.5,0.5393052101135254,-0.5988167524337769,0.4796158969402313,0.03822168614715338,0.5416666865348816,0.14168375730514526,4.469521617889404,0.06740376353263855,2.2923545837402344,0.7561127543449402,0.454121470451355,0.3526778221130371,16.559864214062692,0.46637940406799316,0.3679448366165161,1997,465.35,0.713720977306366,0.09881313890218735,-0.027956347912549973,-0.007480945249699289,0.6679834723472595,-0.010067805647850037,0.28673577308654785,1784482132.1788025,2.1138722896575928,2587.723557013,0.7777778506278992,,9.129929542541504,40949
7.75,0.0,0.40629178285598755,0.28956839442253113,7.593750000000002e-05,0.20854616165161133,0.15797847509384155,1.4558038711547852,0.5,0.566331684589386,-0.5916337370872498,0.4822249412536621,0.040840129181742665,0.6666666865348816,0.14745311439037323,4.466994786262513,0.07386729121208191,2.47589111328125,0.751685380935669,0.45596396923065186,0.35340356826782227,16.507479180544614,0.5030136108398438,0.3645046353340149,1998,451.3,0.7144342660903931,0.10401368141174316,-0.02196882665157318,-0.008924345101695508,0.7126002311706543,-0.0098743736743927,0.2960672378540039,1784482135.5117595,2.851717233657837,2588.017366169,0.7777778506278992,"{'path': 'media/videos/video_1998_3cf75e3a285c72140628.mp4', 'size': 1535602.0, '_type': 'video-file', 'sha256': '3cf75e3a285c72140628d60aba9a1e6609d088e990853897e855ad01da48e34c'}",10.365370750427246,31229
