Episode_Reward/motion_global_root_ori,Metrics/motion/error_body_rot,_runtime,Loss/surrogate,Loss/learning_rate,Metrics/motion/error_anchor_rot,Episode_Reward/motion_body_ang_vel,Metrics/motion/error_anchor_pos,Metrics/motion/error_joint_vel,Episode_Termination/anchor_ori,Episode_Reward/joint_limit,Perf/total_fps,Perf/learning_time,Metrics/motion/error_body_lin_vel,Episode_Reward/motion_body_ori,Loss/entropy,video,Metrics/motion/sampling_top1_bin,Metrics/motion/sampling_top1_prob,_timestamp,Policy/mean_std,Episode_Reward/motion_body_lin_vel,_step,Episode_Termination/ee_body_pos,Train/mean_episode_length,Metrics/motion/error_anchor_ang_vel,Perf/collection_time,Metrics/motion/error_body_pos,Episode_Reward/motion_global_root_pos,Episode_Termination/time_out,Episode_Reward/self_collisions,Loss/value,Episode_Reward/action_rate_l2,Metrics/motion/sampling_entropy,Metrics/motion/error_body_ang_vel,Metrics/motion/error_joint_pos,Metrics/motion/error_anchor_lin_vel,Train/mean_reward,Episode_Reward/motion_body_pos,Episode_Termination/anchor_pos
0.00923085492104292,0.32490605115890503,10.030854645,0.05068094863090664,1e-05,0.25089967250823975,0.005227797664701939,0.1178746446967125,14.651443481445312,0.125,-0.005888598971068859,21359,0.5846190452575684,0.8446769714355469,0.014161928556859493,15.222061347961425,,0.3888889253139496,0.15218868851661682,1784466219.4940395,0.4151066839694977,0.012436725199222565,999,1.875,20.1,2.26271915435791,4.0177154541015625,1.9824426174163818,0.010765161365270615,8.041666984558105,-0.0048115854151546955,0.1352811437100172,-0.03535127267241478,0.9879550337791443,3.774057388305664,1.0562268495559692,0.665074348449707,0.496683732829988,0.02227804623544216,0.625
0.02855231985449791,0.2921569049358368,14.945848382,-0.005342542846710785,5.062500000000001e-05,0.22317056357860565,0.02117316424846649,0.22510075569152832,13.005853652954102,0.0416666679084301,-0.005302758887410164,42986,0.28381800651550293,0.7579172849655151,0.043822433799505234,15.219710445404052,,0.6944445371627808,0.19596683979034424,1784466221.8778214,0.41492292284965515,0.041745513677597046,1000,1.2083333730697632,42.46,1.9773128032684326,2.003046751022339,0.08698009699583054,0.027334198355674744,8.416666984558105,-0.004978332202881575,0.04202657230198383,-0.08387678861618042,0.9557409286499023,3.280007839202881,1.0057462453842163,0.6292259097099304,1.7857821321487426,0.06529434025287628,0.375
0.0480080246925354,0.26867353916168213,17.377248667,-0.00894929562928155,0.00011390625000000003,0.18599693477153778,0.03804849833250046,0.30390697717666626,11.704534530639648,0.0,-0.005941422656178474,35396,0.3148465156555176,0.6493809223175049,0.07498368620872498,15.181815147399902,,0.763888955116272,0.1987990140914917,1784466226.808053,0.41423267126083374,0.07240165770053864,1001,0.875,63.79,1.7383034229278564,2.4624154567718506,0.08049920946359634,0.03860855475068092,8.208333969116211,-0.004543372429907322,0.04231297019869089,-0.12878859043121338,0.9541000127792358,2.914445400238037,0.8742666244506836,0.5659878849983215,2.5457605320215224,0.107682004570961,0.3333333432674408
0.07070767879486084,0.2578851580619812,19.882707281,-0.010440797469345852,0.00011390625000000006,0.17601513862609863,0.05838882178068161,0.36222147941589355,12.196891784667969,0.0,-0.006242580711841583,42384,0.29250383377075195,0.6793580055236816,0.11027898639440536,15.11208667755127,,0.7777778506278992,0.2045993059873581,1784466229.219376,0.4131799340248108,0.10695630311965942,1002,0.6666666865348816,87.95,1.7954950332641602,2.0268194675445557,0.07887759059667587,0.0489221028983593,7.625,-0.0073752254247665405,0.03663715347647667,-0.1745554655790329,0.9478583335876465,3.0762908458709717,0.8933652639389038,0.5694363713264465,3.8608003306388854,0.15334075689315796,0.1666666716337204
0.08984549343585968,0.25066787004470825,22.39111433,-0.01061905744136311,0.00011390625000000006,0.17194759845733643,0.07570856064558029,0.4121403098106384,12.01941967010498,0.0,-0.007959607988595963,40734,0.30722498893737793,0.6385208368301392,0.14173361659049988,15.051023864746094,,0.7777778506278992,0.2126564234495163,1784466231.7420378,0.412482351064682,0.13664191961288452,1003,0.75,112.49,1.7060914039611816,2.106088399887085,0.07561688125133514,0.05566384643316269,8.041666984558105,-0.004539261572062969,0.044651196151971814,-0.22244980931282043,0.9426931142807007,2.932188034057617,0.869975209236145,0.5462044477462769,5.001403814554214,0.19606909155845642,0.25
0.10813707113265991,0.27676013112068176,24.985427207,-0.009624483762308955,0.00017085937500000009,0.20344668626785278,0.09291856735944748,0.4836362600326538,11.940890312194824,0.0,-0.009132606908679008,41003,0.31783342361450195,0.7067822217941284,0.1710282862186432,15.006356239318848,,0.7777778506278992,0.2204606533050537,1784466234.2496054,0.41186320781707764,0.16582803428173065,1004,1.0416667461395264,133.59,1.7191638946533203,2.0796303749084473,0.08380510658025742,0.05937489867210388,8.666666984558105,-0.007445075549185276,0.04118498861789703,-0.2689639925956726,0.9391335844993591,2.985616683959961,0.9143028259277344,0.6300720572471619,5.572099699676037,0.23766295611858368,0.375
0.1277417242527008,0.2602273225784302,27.608385739,-0.010206207388546319,0.00011390625000000006,0.19261488318443298,0.11091720312833786,0.5179336667060852,12.109527587890625,0.0,-0.00995823834091425,39575,0.30445408821105957,0.7266170382499695,0.20208021998405457,14.95957522392273,,0.7777778506278992,0.21592728793621063,1784466236.8408086,0.4111941456794739,0.19679169356822968,1005,0.875,154.39,1.891211748123169,2.179488182067871,0.08021815121173859,0.06634505093097687,8.083333969116211,-0.006192867644131184,0.04245311040431261,-0.31073784828186035,0.9382588267326355,3.0761804580688477,0.8878226280212402,0.6083189845085144,6.656001548580825,0.2781637907028198,0.1666666716337204
0.14912959933280945,0.25691860914230347,30.169990812,-0.00901449348893948,0.00011390625000000006,0.18017570674419403,0.1275480091571808,0.5396549701690674,12.181291580200195,0.0,-0.011897707358002663,39080,0.32618069648742676,0.7059111595153809,0.234759122133255,14.916805171966553,,0.7777778506278992,0.2291797697544098,1784466239.4655676,0.41056105494499207,0.2265920341014862,1006,0.7916666865348816,184.58,1.8189939260482788,2.189262866973877,0.07858651876449585,0.07245629280805588,8.666666984558105,-0.009171536192297935,0.04252777397632599,-0.3584858179092407,0.9269339442253113,3.081045627593994,0.8958374857902527,0.5888288021087646,8.074545695781708,0.32226336002349854,0.375
0.16882836818695068,0.2558140754699707,32.762099799,-0.010151940025389194,0.00011390625000000006,0.18155351281166077,0.14611180126667023,0.507141649723053,12.231269836425781,0.0,-0.013036052696406841,40089,0.316455602645874,0.7078797817230225,0.26930975914001465,14.869025182723998,,0.7777778506278992,0.23485533893108368,1784466242.0368485,0.41004225611686707,0.2597990036010742,1007,0.9166666865348816,202.86,1.8659358024597168,2.1356663703918457,0.0785275399684906,0.0810452327132225,7.125,-0.008223995566368103,0.05348041616380215,-0.4083496928215027,0.9247865080833435,2.9456377029418945,0.8865424990653992,0.640507161617279,8.861218118667603,0.3666066825389862,0.1666666716337204
0.1851302832365036,0.2659628689289093,35.298962525,-0.010087710694642737,0.00011390625000000006,0.19541893899440765,0.16110114753246307,0.6112522482872009,12.121414184570312,0.0,-0.013951875269412994,39766,0.29824209213256836,0.7288419604301453,0.29391834139823914,14.827577781677245,,0.7777778506278992,0.25085800886154175,1784466244.6102781,0.40933552384376526,0.2809525728225708,1008,1.0833333730697632,225.04,1.842291235923767,2.1737782955169678,0.08405330032110214,0.0802609920501709,7.875,-0.00998151395469904,0.04394821468740702,-0.44120773673057556,0.9151308536529541,3.047605037689209,0.8706993460655212,0.624062180519104,9.635779930055142,0.39948201179504395,0.2916666865348816
0.20619432628154755,0.25919753313064575,37.806536403,-0.009484693588456139,0.00011390625000000006,0.19444333016872406,0.17860470712184906,0.5871148109436035,12.228063583374023,0.0416666679084301,-0.014433572068810463,40291,0.30883169174194336,0.6823603510856628,0.32898926734924316,14.786655807495118,,0.7777778506278992,0.2725796699523926,1784466247.2486055,0.4088909924030304,0.3147066533565521,1009,1.0416667461395264,244.47,1.758834719657898,2.1309926509857178,0.08306365460157394,0.09200036525726318,6.9166669845581055,-0.011582582257688046,0.04882814753800631,-0.4954398572444916,0.9051725268363953,3.095966339111328,0.8806748390197754,0.5625079870223999,10.756850824058056,0.4465213418006897,0.125
0.23294296860694885,0.24586936831474304,40.385798719,-0.009416291705565526,0.00011390625000000006,0.17590056359767914,0.20301900804042816,0.5671368837356567,11.479368209838867,0.0,-0.016678959131240845,42603,0.29138946533203125,0.6356335282325745,0.37195885181427,14.755435276031495,,0.7777778506278992,0.2854255139827728,1784466249.6547441,0.4083247184753418,0.35877513885498047,1010,0.7083333730697632,270.3,1.7059826850891113,2.0160481929779053,0.07694655656814575,0.10039187967777252,7.375,-0.008994225412607193,0.04687587302178144,-0.5491638779640198,0.8975136280059814,2.877105712890625,0.8215160369873047,0.5450506210327148,12.009105518646539,0.5004622340202332,0.3333333432674408
0.2494480460882187,0.2581387758255005,42.816450585,-0.009277460197336041,0.00011390625000000006,0.19876128435134888,0.21834532916545868,0.5360631346702576,12.172027587890625,0.0,-0.018524233251810074,39624,0.3111693859100342,0.7398621439933777,0.3999974727630615,14.710044622421265,,0.7777778506278992,0.2932279407978058,1784466252.2507179,0.4077492952346802,0.3866115212440491,1011,0.8333333730697632,298.25,1.8261353969573975,2.169718027114868,0.0820007473230362,0.11232726275920868,7.6666669845581055,-0.009620687924325466,0.05868922416120768,-0.5938367247581482,0.8935562968254089,3.1136603355407715,0.9071282744407654,0.6391067504882812,13.208394543528557,0.5401946306228638,0.375
0.25939372181892395,0.30512577295303345,45.369574368,-0.00903003864805214,0.00011390625000000006,0.2363501787185669,0.22806423902511597,0.5397116541862488,12.931635856628418,0.0,-0.01976839452981949,42518,0.2995004653930664,0.7696356773376465,0.4185912311077118,14.677045154571534,,0.7777778506278992,0.3040134906768799,1784466254.671786,0.40729039907455444,0.40000367164611816,1012,1.1666667461395264,309.62,1.8739789724349976,2.012526035308838,0.09381768107414246,0.11785008013248444,6.6666669845581055,-0.01441244687885046,0.05122265163809061,-0.6177915930747986,0.8882678747177124,3.265873670578003,0.9574545621871948,0.6907376646995544,13.714035393446684,0.5628625154495239,0.5416666865348816
0.2793304920196533,0.28012892603874207,47.917185885,-0.009537899571296294,0.00011390625000000006,0.22311198711395264,0.2445714771747589,0.5990085005760193,12.869535446166992,0.0,-0.019683243706822395,40169,0.3118622303009033,0.7363159656524658,0.44818276166915894,14.64708833694458,,0.7777778506278992,0.3036750257015228,1784466257.2326777,0.40687885880470276,0.42736443877220154,1013,1.0833333730697632,325.26,2.0242934226989746,2.135363817214966,0.08976143598556519,0.11654027551412582,7.5416669845581055,-0.013693572953343391,0.05125342309474945,-0.6602576971054077,0.8867892622947693,3.300022840499878,0.93953937292099,0.613693118095398,14.482180862426757,0.6027499437332153,0.4583333432674408
0.30419182777404785,0.2710702121257782,50.479980866,-0.009237860355642624,0.00011390625000000006,0.20718984305858612,0.2708057761192322,0.4897449016571045,11.945959091186523,0.0,-0.018286868929862976,40444,0.31793951988220215,0.6743340492248535,0.491385281085968,14.629007291793823,,0.7777778506278992,0.308178186416626,1784466259.777264,0.4068475365638733,0.4710406959056854,1014,0.7083333730697632,353.25,1.8517091274261475,2.1126315593719482,0.08536150306463242,0.12911835312843323,7.583333492279053,-0.010334519669413567,0.05983377285301685,-0.7060139179229736,0.8815872073173523,3.0636096000671387,0.8835440874099731,0.5875555872917175,15.91928889773786,0.653917670249939,0.625
0.3219865560531616,0.265018105506897,52.978598543,-0.010065967054106294,7.593750000000004e-05,0.1928619146347046,0.2862452268600464,0.46145543456077576,12.366449356079102,0.0,-0.019047290086746216,40157,0.30008935928344727,0.7246206998825073,0.5188818573951721,14.6270667552948,,0.7777778506278992,0.3143148422241211,1784466262.338121,0.40676143765449524,0.497263640165329,1015,0.8333333730697632,382.3,1.8487404584884644,2.1478748321533203,0.0849296897649765,0.13797923922538757,7.5,-0.01765706017613411,0.05860066823661327,-0.7481520175933838,0.8782069087028503,3.0929572582244873,0.903016209602356,0.6192248463630676,17.186171664595605,0.6923456192016602,0.4583333432674408
0.32074230909347534,0.3165523409843445,55.432606507,-0.01025527328820317,0.00011390625000000003,0.25018489360809326,0.2824347913265228,0.46671995520591736,12.949823379516602,0.0,-0.023785587400197983,41181,0.2841944694519043,0.861104428768158,0.5168668031692505,14.60860013961792,,0.7777778506278992,0.31331855058670044,1784466264.8270082,0.40633445978164673,0.49420174956321716,1016,1.625,386.58,2.1501240730285645,2.1028807163238525,0.0984215959906578,0.13738249242305756,7.1666669845581055,-0.01652768813073635,0.05365342628210783,-0.7507113218307495,0.8755890727043152,3.445016860961914,0.9980048537254333,0.7030882835388184,17.155790256708862,0.6906833648681641,0.5
0.3581013083457947,0.25427567958831787,57.921995691,-0.00969202556880191,0.00011390625000000006,0.18793189525604248,0.3166666030883789,0.45231109857559204,12.422748565673828,0.0,-0.02271224372088909,41740,0.29975104331970215,0.7062562704086304,0.5783107280731201,14.566102027893066,,0.7777778506278992,0.3175370395183563,1784466267.2844715,0.40568065643310547,0.5502233505249023,1017,0.7916666865348816,430.17,1.8610548973083496,2.0553574562072754,0.0808907300233841,0.15139737725257874,8.166666984558105,-0.015360444784164429,0.05523498151451349,-0.8335108757019043,0.86894291639328,3.0377559661865234,0.8879659175872803,0.6065918207168579,19.337481806874276,0.7699979543685913,0.4166666865348816
0.3716975450515747,0.2822432518005371,60.992853091,-0.009324605723668356,0.00011390625000000006,0.21378354728221893,0.3299191892147064,0.5011035799980164,12.543929100036621,0.0,-0.02330448478460312,41190,0.29629063606262207,0.7319771647453308,0.6009736061096191,14.521821212768554,,0.7777778506278992,0.31932827830314636,1784466269.789836,0.40525734424591064,0.573483943939209,1018,1.125,424.28,1.8494176864624023,2.0902767181396484,0.08747681230306625,0.15459421277046204,6.75,-0.015016986057162285,0.055437486991286276,-0.8609012365341187,0.8643403053283691,3.1795802116394043,0.909695029258728,0.6183333396911621,19.064493327438832,0.7991003394126892,0.4583333432674408
0.37291812896728516,0.2931820750236511,63.604754962,-0.00880355695844628,0.00011390625000000006,0.23823247849941254,0.33214816451072693,0.43238985538482666,12.859123229980469,0.0,-0.02488113008439541,33300,0.30162954330444336,0.7778873443603516,0.6028184294700623,14.50159010887146,"{'_type': 'video-file', 'sha256': 'f7ac8906b7a6111b8e54b6c526794f2be3259c3e53080477922d472776f20873', 'path': 'media/videos/video_1019_f7ac8906b7a6111b8e54.mp4', 'size': 1804386.0}",0.7777778506278992,0.3217194080352783,1784466272.9290652,0.40503552556037903,0.5786577463150024,1019,1.125,455.21,1.9973376989364624,2.650423049926758,0.09457488358020782,0.15780635178089142,6.5416669845581055,-0.021024560555815697,0.05237796064466238,-0.8703082799911499,0.8581852912902832,3.3474016189575195,0.9761722087860107,0.6179403066635132,20.353900408148764,0.8036102056503296,0.5
0.39482903480529785,0.2593477964401245,65.976676815,-0.01002303957939148,0.00011390625000000006,0.19080838561058044,0.35082945227622986,0.43349501490592957,12.20411205291748,0.0416666679084301,-0.0251920148730278,40360,0.2918548583984375,0.6583143472671509,0.6394209861755371,14.478286218643188,,0.7777778506278992,0.31907734274864197,1784466275.455523,0.4046989381313324,0.6103320717811584,1020,0.8333333730697632,461.55,1.8595702648162842,2.143766164779663,0.08147364854812622,0.1738775372505188,9.25,-0.016405297443270683,0.05286585222929716,-0.9178463816642761,0.8583234548568726,3.037989377975464,0.891006350517273,0.5591138005256653,20.73902514100075,0.8492326140403748,0.4583333432674408
0.3914734721183777,0.2791399359703064,68.524259854,-0.009021439267462484,0.00011390625000000006,0.19654127955436707,0.3473578095436096,0.44893550872802734,12.472467422485352,0.0,-0.026226401329040527,43262,0.29516100883483887,0.7292250394821167,0.6341367363929749,14.46453332901001,,0.7777778506278992,0.3187963366508484,1784466277.8251367,0.4045694172382355,0.601982057094574,1021,1.0833333730697632,458.21,1.7927325963974,1.9771044254302979,0.08787968754768372,0.1669466197490692,8.375,-0.018545538187026978,0.06263025887310505,-0.9133455753326416,0.856521487236023,3.0728225708007812,0.9174473285675049,0.6190745830535889,20.406965722441672,0.8444414138793945,0.4166666865348816
0.3915828466415405,0.2830616533756256,71.001763719,-0.009740145623800345,0.00017085937500000009,0.2134712040424347,0.350496381521225,0.4396354556083679,11.933767318725586,0.0,-0.026352835819125175,40144,0.3212888240814209,0.7538937330245972,0.6355200409889221,14.448748683929443,,0.7777778506278992,0.31646546721458435,1784466280.3878865,0.40430504083633423,0.607098400592804,1022,1.0833333730697632,451.47,2.0578413009643555,2.1274545192718506,0.08846195787191391,0.17191383242607117,7.75,-0.02098594233393669,0.051920247822999956,-0.9064192771911621,0.8581430315971375,3.078315496444702,0.9170842170715332,0.6657097935676575,20.356730012744666,0.8438841700553894,0.5416666865348816
0.4000498950481415,0.2610360383987427,73.597942815,-0.009182109823450446,0.00011390625000000006,0.18739160895347595,0.3583157956600189,0.46153515577316284,11.157306671142578,0.0,-0.022894829511642456,41716,0.29476332664489746,0.6382343769073486,0.6492046117782593,14.426710367202759,,0.7777778506278992,0.3158697485923767,1784466282.84975,0.403950035572052,0.6166867613792419,1023,0.9583333730697632,461.67,1.613952398300171,2.0617122650146484,0.08209695667028427,0.17374728620052338,8.041666984558105,-0.015199501067399979,0.05229291934520006,-0.9211665987968445,0.8589553833007812,2.8140997886657715,0.8519174456596375,0.5591529607772827,21.08147192776203,0.8603260517120361,0.375
0.3894239068031311,0.272005170583725,76.15410595,-0.009517287497874349,0.00017085937500000009,0.21293088793754578,0.34737086296081543,0.47628340125083923,13.01911449432373,0.0416666679084301,-0.02467147819697857,39316,0.32028794288635254,0.744436502456665,0.6308839321136475,14.39330620765686,,0.7777778506278992,0.31578442454338074,1784466285.4576607,0.4033683240413666,0.6001377105712891,1024,1.0833333730697632,460.6,1.7955095767974854,2.1800341606140137,0.09179246425628662,0.16915708780288696,7.375,-0.021753637120127678,0.05146901775151491,-0.899113118648529,0.8576842546463013,3.238117218017578,0.951316237449646,0.6447076797485352,20.915773273408412,0.8367866277694702,0.4583333432674408
0.3967122435569763,0.24899423122406006,78.637007035,-0.00971041965240147,0.00017085937500000009,0.1806218922138214,0.35829538106918335,0.5196536779403687,12.723636627197266,0.0,-0.023168524727225304,40212,0.31687045097351074,0.6991747617721558,0.6467983722686768,14.354097270965577,,0.7777778506278992,0.31671828031539917,1784466288.0184827,0.40292850136756897,0.6124177575111389,1025,0.8333333730697632,444.8,1.7616908550262451,2.1277365684509277,0.08168181031942368,0.16991391777992249,8.333333969116211,-0.018788909539580345,0.044067869707942006,-0.9114947319030762,0.8536145091056824,3.063188076019287,0.848839282989502,0.6216287016868591,20.20956212580204,0.8538252115249634,0.375
0.4106050431728363,0.24206410348415375,81.208806468,-0.008839928884117398,0.00011390625000000006,0.17729520797729492,0.37144097685813904,0.45176371932029724,11.332565307617188,0.0,-0.02350110560655594,41554,0.2880213260650635,0.6641980409622192,0.6700201034545898,14.337545585632324,,0.7777778506278992,0.3193987011909485,1784466290.4927537,0.40282440185546875,0.6372458934783936,1026,0.625,468.48,1.7312023639678955,2.0776164531707764,0.07757413387298584,0.18565157055854797,8.208333969116211,-0.019017551094293594,0.060003666765987874,-0.93534916639328,0.8508644104003906,2.890500545501709,0.8334669470787048,0.5713712573051453,21.535439648926257,0.8813313245773315,0.375
0.38480135798454285,0.2896270155906677,83.696647689,-0.009117637778399513,0.00011390625000000006,0.21962985396385193,0.3473401963710785,0.4294358193874359,13.329065322875977,0.0,-0.02326670102775097,39895,0.2994816303253174,0.837228000164032,0.6251194477081299,14.333876895904542,,0.7777778506278992,0.3198951482772827,1784466293.0697033,0.4027532935142517,0.592013418674469,1027,1.4583333730697632,452.52,1.8919734954833984,2.164552927017212,0.09500253200531006,0.16638194024562836,8.208333969116211,-0.0177999846637249,0.05929192453622818,-0.8855788707733154,0.8486350774765015,3.377195358276367,0.9824482798576355,0.7251105308532715,20.251848564855756,0.8270211219787598,0.4583333432674408
0.3924531638622284,0.25446146726608276,86.15347482,-0.008715253928676248,0.00011390625000000006,0.18281453847885132,0.35549888014793396,0.4709615111351013,12.279905319213867,0.0416666679084301,-0.022443916648626328,41406,0.2958853244781494,0.7292110323905945,0.6390563249588013,14.324217653274536,,0.7777778506278992,0.3189992606639862,1784466295.5514045,0.40243881940841675,0.6060912013053894,1028,0.9583333730697632,458.68,1.7766413688659668,2.078261613845825,0.08373068273067474,0.17551124095916748,7.083333492279053,-0.01967700943350792,0.05434869397431612,-0.889502227306366,0.8470344543457031,3.054337978363037,0.8765261173248291,0.6330037713050842,21.280562051534652,0.8394281268119812,0.4583333432674408
0.40934717655181885,0.2545613944530487,88.641661963,-0.010036264278460294,0.00011390625000000006,0.19069527089595795,0.37288349866867065,0.5145615339279175,11.806239128112793,0.0,-0.020569831132888794,41763,0.291825532913208,0.7071999907493591,0.6668142080307007,14.29879879951477,,0.7777778506278992,0.32259124517440796,1784466298.0026028,0.4021393358707428,0.6318093538284302,1029,0.6666666865348816,467.66,1.8064556121826172,2.062023162841797,0.08385060727596283,0.1783442348241806,8.125,-0.022834207862615585,0.055237026512622835,-0.9223073720932007,0.8434054255485535,2.9437880516052246,0.8704211115837097,0.6315041184425354,21.50223763436079,0.8764190077781677,0.4583333432674408
0.4015016555786133,0.27217209339141846,91.2299888,-0.009590204372216249,7.593750000000004e-05,0.20331963896751404,0.3660646378993988,0.4427928328514099,12.145983695983887,0.0,-0.02195233851671219,41136,0.2926175594329834,0.7037928104400635,0.6588026285171509,14.275228595733642,,0.7777778506278992,0.32753151655197144,1784466300.496616,0.40181398391723633,0.6250407099723816,1030,0.9583333730697632,447.15,1.8620132207870483,2.0970654487609863,0.08744139969348907,0.18420802056789398,6.833333492279053,-0.023620372638106346,0.051756127178668974,-0.9118591547012329,0.8416200876235962,3.0152671337127686,0.8683412075042725,0.6210684776306152,20.73569791007787,0.8631317019462585,0.5833333730697632
0.3904941976070404,0.2722543478012085,93.752124811,-0.009732173033989966,0.00011390625000000003,0.19979123771190643,0.3574221134185791,0.4708540439605713,12.706626892089844,0.0,-0.02064899541437626,39598,0.31769824028015137,0.7791576385498047,0.638597846031189,14.244734859466552,,0.7777778506278992,0.3298914432525635,1784466303.098909,0.4012833535671234,0.604017972946167,1031,1.0416667461395264,454.9,1.8986730575561523,2.1648428440093994,0.08708350360393524,0.1693543642759323,7.583333492279053,-0.01633780263364315,0.05660971086472273,-0.8784518241882324,0.8397998809814453,3.150233745574951,0.934485912322998,0.6712409853935242,21.079128548502922,0.8365711569786072,0.375
0.4071993827819824,0.2488192766904831,96.238203479,-0.00886903743739822,0.00011390625000000006,0.1698136031627655,0.36980313062667847,0.46638524532318115,12.062362670898438,0.0,-0.02207702025771141,40914,0.2932851314544678,0.6916341185569763,0.6654409766197205,14.216471099853516,,0.7777778506278992,0.32834213972091675,1784466305.601035,0.40101009607315063,0.6277278661727905,1032,0.9583333730697632,471.56,1.8141288757324219,2.10939359664917,0.0798952504992485,0.17745330929756165,7.833333492279053,-0.018103396520018578,0.048983124829828736,-0.9208070039749146,0.8391425013542175,3.034818172454834,0.8467757701873779,0.5940557718276978,21.869292540252207,0.8729977011680603,0.2083333432674408
0.40228626132011414,0.23187783360481262,98.920167169,-0.008003958281187806,0.00017085937500000009,0.16448792815208435,0.36808380484580994,0.4414866864681244,12.330757141113281,0.0,-0.020585164427757263,41154,0.321183443069458,0.6491823792457581,0.6596695780754089,14.19298176765442,,0.7777778506278992,0.32685476541519165,1784466308.1018536,0.40057259798049927,0.6254503130912781,1033,0.75,466.12,1.765451431274414,2.067492723464966,0.07749875634908676,0.18354229629039764,7.208333492279053,-0.018073655664920807,0.05342344082891941,-0.9042159914970398,0.8380633592605591,2.9971654415130615,0.8239586353302002,0.5607513785362244,21.65935735195875,0.8624302744865417,0.2916666865348816
0.4038126468658447,0.27703043818473816,101.343015743,-0.009970834362320602,0.00011390625000000006,0.1991966813802719,0.36631470918655396,0.4480833411216736,12.759799003601074,0.0,-0.02389688789844513,38392,0.3080291748046875,0.7417938113212585,0.6593031287193298,14.169783020019532,,0.7777778506278992,0.3246564269065857,1784466310.7725902,0.40042904019355774,0.622999370098114,1034,1.0833333730697632,472.12,1.907212257385254,2.2524421215057373,0.09025633335113525,0.18383853137493134,7.1666669845581055,-0.020378239452838898,0.059473251737654206,-0.9141963720321655,0.837501049041748,3.1506831645965576,0.9135369062423706,0.6508243680000305,21.724531363248825,0.8646817207336426,0.4583333432674408
0.39932486414909363,0.2634376585483551,103.970220113,-0.009998894359159748,0.00011390625000000006,0.1888929307460785,0.3667704463005066,0.42780137062072754,11.970993041992188,0.0,-0.02076025865972042,42362,0.2846665382385254,0.6694352030754089,0.6549789309501648,14.157646465301514,,0.7777778506278992,0.32530471682548523,1784466313.1982865,0.40022510290145874,0.6228641271591187,1035,0.875,443.72,1.8434717655181885,2.035862684249878,0.08461036533117294,0.18277375400066376,7.5416669845581055,-0.021655282005667686,0.05498155914247036,-0.8984135389328003,0.8362672328948975,3.056638240814209,0.8598815202713013,0.569259524345398,20.546857080310584,0.8567289113998413,0.5
0.38992786407470703,0.285060852766037,106.450226839,-0.009007351123727858,0.00011390625000000006,0.20806536078453064,0.3563707768917084,0.45470088720321655,13.062477111816406,0.0,-0.022246289998292923,38988,0.308915376663208,0.7665368318557739,0.6381363868713379,14.140613222122193,,0.7777778506278992,0.33284860849380493,1784466315.8226492,0.40001025795936584,0.6017706394195557,1036,1.1666667461395264,438.5,1.8447421789169312,2.2124128341674805,0.09019484370946884,0.17930150032043457,7.125,-0.020959652960300446,0.056503151170909406,-0.8809716701507568,0.8309099674224854,3.2266879081726074,0.9188961386680603,0.6508491039276123,20.264066052138805,0.8362792730331421,0.4583333432674408
0.3870515823364258,0.29864588379859924,108.986758774,-0.008096117520472035,0.00011390625000000006,0.22311483323574066,0.35439154505729675,0.4068722724914551,13.302068710327148,0.0833333358168602,-0.02396289072930813,41339,0.2911818027496338,0.8352181315422058,0.6360734105110168,14.117724847793578,,0.7777778506278992,0.33680328726768494,1784466318.3079832,0.3996331989765167,0.5992366671562195,1037,0.9583333730697632,464.21,1.9284237623214722,2.0867791175842285,0.09873702377080917,0.1747635453939438,7.583333492279053,-0.023339135572314262,0.046557539515197276,-0.8737328052520752,0.8267197608947754,3.3124301433563232,0.9637433290481567,0.7323442697525024,21.628281291127205,0.8315563201904297,0.5416666865348816
0.39911574125289917,0.25764840841293335,111.570910256,-0.008104384766193106,0.00017085937500000009,0.19511911273002625,0.36711233854293823,0.42614123225212097,12.227335929870605,0.0416666679084301,-0.019745618104934692,40496,0.30073046684265137,0.6953960657119751,0.6557114720344543,14.076056861877442,,0.7777778506278992,0.3385612964630127,1784466320.8457642,0.3989495038986206,0.6179603338241577,1038,0.8333333730697632,451.62,1.7605445384979248,2.1267144680023193,0.08444492518901825,0.17676517367362976,7.7916669845581055,-0.022426381707191467,0.05160466209053993,-0.8901773691177368,0.8248715400695801,3.0037875175476074,0.8627982139587402,0.6300811767578125,21.06008728377521,0.8536693453788757,0.3333333432674408
0.3998311161994934,0.2545246183872223,114.597080976,-0.009567261289339513,0.00017085937500000009,0.19394515454769135,0.36681386828422546,0.5200262665748596,12.84488582611084,0.0,-0.024416804313659668,39720,0.312652587890625,0.7143370509147644,0.6584728956222534,14.041109228134156,,0.7777778506278992,0.3397550582885742,1784466323.4332232,0.3986245095729828,0.6196726560592651,1039,0.875,460.79,1.8153135776519775,2.162214756011963,0.0838761255145073,0.18289923667907715,6.708333492279053,-0.023385103791952133,0.05688284765928984,-0.9006322622299194,0.8235528469085693,3.024648666381836,0.9073959589004517,0.6387622356414795,21.47519478108734,0.858877420425415,0.3333333432674408
0.3939354419708252,0.2585439682006836,117.181071449,-0.008489789022132755,0.00011390625000000006,0.18381445109844208,0.3645469844341278,0.38874492049217224,12.663215637207031,0.0,-0.02252751588821411,33763,0.295147180557251,0.7129088640213013,0.6505698561668396,14.02531714439392,"{'_type': 'video-file', 'sha256': 'ccdb06fa5c9516227363a531379a521feb0014896111c66b7d36d8dbb23e3dc1', 'path': 'media/videos/video_1040_ccdb06fa5c9516227363.mp4', 'size': 1454682.0}",0.7777778506278992,0.34078192710876465,1784466326.5156853,0.39841803908348083,0.6144732236862183,1040,1.2916667461395264,463.26,1.8663396835327148,2.6164193153381348,0.08416999876499176,0.17931263148784637,6.7916669845581055,-0.021648062393069267,0.0549477556720376,-0.8758032321929932,0.820575475692749,3.182102918624878,0.8736683130264282,0.5797256231307983,21.753838834762572,0.8410559892654419,0.2916666865348816
0.40479716658592224,0.265197217464447,119.685543931,-0.008893620062008268,0.00011390625000000006,0.19605407118797302,0.3728959560394287,0.46134746074676514,12.043086051940918,0.0416666679084301,-0.023377634584903717,40544,0.2989766597747803,0.7054653167724609,0.664877712726593,14.008573579788209,,0.7777778506278992,0.3430626392364502,1784466329.0344746,0.3981959819793701,0.6261168718338013,1041,1.1666667461395264,466.43,1.7812637090682983,2.1256136894226074,0.08468260616064072,0.17926731705665588,8.916666984558105,-0.021877717226743698,0.05910697989165783,-0.9094455242156982,0.8192182779312134,2.968539237976074,0.9099499583244324,0.605819582939148,21.429562306404115,0.8678193092346191,0.4166666865348816
0.4036475419998169,0.25948262214660645,122.145836581,-0.008698363025905565,0.00011390625000000006,0.19597040116786957,0.3718014657497406,0.4753398895263672,12.735769271850586,0.0,-0.02308032475411892,40950,0.29595351219177246,0.7194833755493164,0.6622931361198425,13.999447584152222,,0.7777778506278992,0.3414589762687683,1784466331.5349255,0.39816462993621826,0.6249129772186279,1042,1.0833333730697632,453.06,1.8369646072387695,2.1045937538146973,0.08471473306417465,0.17902371287345886,8.0,-0.01791551522910595,0.06425697691738605,-0.8962273597717285,0.8172650337219238,3.116142988204956,0.8996778726577759,0.6340967416763306,21.359647075720133,0.8610849380493164,0.4166666865348816
0.3863186240196228,0.2873280644416809,124.718595732,-0.007354695331014227,7.593750000000004e-05,0.21885918080806732,0.3591005802154541,0.43609124422073364,12.625476837158203,0.0,-0.02108072116971016,41603,0.2880516052246094,0.7365249395370483,0.6379196643829346,14.004472351074218,,0.7777778506278992,0.3423808813095093,1784466334.0013893,0.398161917924881,0.6028789281845093,1043,1.25,441.77,1.8618144989013672,2.0748233795166016,0.09320532530546188,0.17584964632987976,7.5,-0.01732933148741722,0.06845758520066739,-0.8572220802307129,0.813849925994873,3.1832098960876465,0.8944131731987,0.6414728164672852,20.816380113065243,0.8271366357803345,0.6666666865348816
0.3860345780849457,0.3021967113018036,127.220524253,-0.009404156217351555,0.00011390625000000003,0.23967257142066956,0.3591291308403015,0.37015414237976074,13.532584190368652,0.0416666679084301,-0.021471943706274033,39852,0.2980313301086426,0.8317813873291016,0.6395206451416016,13.991502285003662,,0.7777778506278992,0.34390997886657715,1784466336.569945,0.3978525698184967,0.6024856567382812,1044,1.5416667461395264,435.29,2.0722618103027344,2.1686902046203613,0.09651227295398712,0.18800580501556396,8.291666984558105,-0.023917537182569504,0.06534325517714024,-0.8559988737106323,0.8147709369659424,3.450948715209961,1.0001227855682373,0.7310030460357666,20.738301840499044,0.8260940313339233,0.625
0.39492592215538025,0.27120113372802734,129.730712745,-0.008539442939218133,0.00017085937500000009,0.20729248225688934,0.36496731638908386,0.39487224817276,12.219154357910156,0.0,-0.02133025787770748,40925,0.2967679500579834,0.6947393417358398,0.6521320343017578,13.964886665344238,,0.7777778506278992,0.33939456939697266,1784466339.0765712,0.3974761962890625,0.6176757216453552,1045,0.6666666865348816,454.42,1.805891513824463,2.10522723197937,0.08761239051818848,0.18869416415691376,7.833333492279053,-0.01608564704656601,0.061564693227410316,-0.8763774633407593,0.8174907565116882,3.048083782196045,0.8948366641998291,0.6068164110183716,21.633294251859187,0.8454251289367676,0.5416666865348816
0.38700008392333984,0.2725321650505066,132.382781345,-0.010033004835713654,0.00011390625000000006,0.2057323455810547,0.3562588393688202,0.4096028804779053,12.712726593017578,0.0,-0.02216162346303463,40898,0.30257606506347656,0.7355098724365234,0.6378083229064941,13.93810076713562,,0.7777778506278992,0.3412887752056122,1784466341.5889862,0.39721766114234924,0.5990873575210571,1046,1.1666667461395264,454.28,1.9088562726974487,2.1010384559631348,0.0905103087425232,0.1792900562286377,7.625,-0.023650463670492172,0.05493884738534689,-0.8636482954025269,0.816046416759491,3.1138932704925537,0.9004058241844177,0.6175923347473145,21.1693412155658,0.8287562727928162,0.5
0.3932320475578308,0.2541867196559906,134.81780875,-0.009108405698498245,7.593750000000004e-05,0.19375286996364594,0.36560964584350586,0.42999935150146484,12.373023986816406,0.0,-0.022516969591379166,38667,0.31942009925842285,0.7137125730514526,0.6488515138626099,13.925486850738526,,0.7777778506278992,0.3403354585170746,1784466344.2384343,0.3971255123615265,0.610092043876648,1047,1.1666667461395264,448.73,1.7712886333465576,2.222853899002075,0.08391530811786652,0.17783698439598083,8.125,-0.019048703834414482,0.055244733951985835,-0.8699667453765869,0.8161190748214722,3.055388927459717,0.875377357006073,0.6175233125686646,21.150259729623794,0.8396655917167664,0.375
0.405263751745224,0.25594818592071533,137.408039563,-0.00908475280739367,0.00011390625000000003,0.19344954192638397,0.3790760040283203,0.416920006275177,11.920969009399414,0.0,-0.021031467244029045,42223,0.2838783264160156,0.6842328310012817,0.6727334260940552,13.921888637542725,,0.7777778506278992,0.3375498056411743,1784466346.67015,0.39711639285087585,0.635888934135437,1048,0.7916666865348816,461.55,1.7753700017929077,2.0443174839019775,0.08377842605113983,0.19204303622245789,8.125,-0.019580567255616188,0.06639715768396855,-0.8874876499176025,0.8167099356651306,2.9424235820770264,0.8732298612594604,0.5958505868911743,22.13867817610502,0.8654190897941589,0.375
0.395059198141098,0.2720326781272888,139.795349945,-0.010059910186100751,0.00011390625000000006,0.19523286819458008,0.36545488238334656,0.41436967253685,13.105055809020996,0.0,-0.02519589476287365,39521,0.302717924118042,0.7524619102478027,0.6528405547142029,13.912224769592285,,0.7777778506278992,0.3356482684612274,1784466349.2590559,0.39685356616973877,0.6154615879058838,1049,0.9583333730697632,452.21,2.0336458683013916,2.1846206188201904,0.0889483243227005,0.18775396049022675,7.6666669845581055,-0.021225308999419212,0.05688954778015613,-0.8806729316711426,0.8158130049705505,3.2341394424438477,0.9120125770568848,0.6647416949272156,21.248287128582596,0.8471750617027283,0.7083333730697632
0.40401431918144226,0.2601034641265869,142.377768224,-0.008261385618243366,7.593750000000004e-05,0.1962582916021347,0.37835586071014404,0.4257429540157318,11.847636222839355,0.0416666679084301,-0.023417716845870018,42990,0.29560279846191406,0.6785392165184021,0.6697730422019958,13.892827606201172,,0.7777778506278992,0.334843248128891,1784466351.6497846,0.39671289920806885,0.6325844526290894,1050,0.875,452.87,1.8848613500595093,1.9910645484924316,0.08409078419208527,0.19092433154582977,7.5,-0.02123118005692959,0.06269075516611337,-0.890832781791687,0.8160500526428223,2.9693801403045654,0.8609933853149414,0.5855575799942017,21.499205538928507,0.8655751943588257,0.4166666865348816
0.3861106038093567,0.2705323398113251,144.822264832,-0.009497414383804425,0.00017085937500000006,0.19004905223846436,0.35892099142074585,0.4300880432128906,12.630002975463867,0.0,-0.021691061556339264,39672,0.3149735927581787,0.7008787989616394,0.6375294923782349,13.881742191314697,,0.7777778506278992,0.3330085277557373,1784466354.236831,0.39651554822921753,0.6012212038040161,1051,1.375,451.38,1.8932617902755737,2.1629223823547363,0.08558455109596252,0.17745807766914368,7.375,-0.017330337315797806,0.060599920153617856,-0.8514503836631775,0.816668689250946,3.0635905265808105,0.9281798601150513,0.5963889360427856,21.409790901243685,0.8243447542190552,0.375
0.4071846008300781,0.26245397329330444,147.466445523,-0.009289930401791935,0.00017085937500000009,0.19354140758514404,0.38203534483909607,0.42351850867271423,12.042948722839355,0.0,-0.021818440407514572,42120,0.2853682041168213,0.6635488867759705,0.6772093176841736,13.870792818069457,,0.7777778506278992,0.3312261998653412,1784466356.6703293,0.39650198817253113,0.6390896439552307,1052,1.0416667461395264,453.48,1.7480701208114624,2.0485153198242188,0.08432328701019287,0.19259095191955566,7.6666669845581055,-0.017786938697099686,0.0700383722782135,-0.8912309408187866,0.8178300857543945,3.010847806930542,0.8847259283065796,0.5767039656639099,21.739800362698734,0.8698196411132812,0.375
0.3986484408378601,0.27304360270500183,150.04751428,-0.009402417937235442,0.00011390625000000006,0.21098357439041138,0.37182340025901794,0.4589422643184662,12.316888809204102,0.0,-0.022199057042598724,38602,0.3092799186706543,0.7071185111999512,0.6580779552459717,13.866347169876098,,0.7777778506278992,0.33512818813323975,1784466359.3275535,0.39631393551826477,0.6199727654457092,1053,0.9583333730697632,443.67,1.8870458602905273,2.2372963428497314,0.08931265771389008,0.1821872442960739,7.0,-0.022518662735819817,0.05738919824361801,-0.8728182315826416,0.8154279589653015,3.1235387325286865,0.8894297480583191,0.6230159997940063,21.0691270724684,0.8508208990097046,0.7083333730697632
0.40502938628196716,0.25205886363983154,152.636448508,-0.008617268424131908,0.00017085937500000009,0.1825087070465088,0.37706154584884644,0.47979316115379333,12.454676628112793,0.0,-0.020011167973279953,39836,0.3081357479095459,0.754331111907959,0.6689348220825195,13.844400691986085,,0.7777778506278992,0.33477509021759033,1784466361.908132,0.39594465494155884,0.6280634999275208,1054,0.75,443.11,1.8334577083587646,2.1595401763916016,0.08084675669670105,0.1888931691646576,7.4166669845581055,-0.01862896792590618,0.051725799404084685,-0.8826336860656738,0.8147258758544922,3.037693738937378,0.9055366516113281,0.662899374961853,21.31682885285467,0.8634175062179565,0.4583333432674408
0.3956034779548645,0.2646710276603699,155.151375212,-0.009476921983878128,0.00017085937500000009,0.19548770785331726,0.3686170279979706,0.4296148717403412,12.498825073242188,0.0,-0.02129625901579857,39704,0.30101537704467773,0.7379409670829773,0.6543846130371094,13.805511569976806,,0.7777778506278992,0.33505892753601074,1784466364.5037725,0.39537185430526733,0.6150751113891602,1055,1.0833333730697632,447.02,1.8452675342559814,2.1748461723327637,0.0854988545179367,0.18861806392669678,7.2916669845581055,-0.020467912778258324,0.059727759659290315,-0.8678250312805176,0.81414794921875,3.0938234329223633,0.8967477679252625,0.6484095454216003,21.310397804677486,0.8461648225784302,0.3333333432674408
0.3992682099342346,0.27252379059791565,157.666021355,-0.009463573152061144,0.00011390625000000006,0.202123761177063,0.37431642413139343,0.4386022090911865,12.417896270751953,0.0,-0.022683707997202873,41039,0.294405460357666,0.750006377696991,0.6619890928268433,13.780048990249634,,0.7777778506278992,0.33308351039886475,1784466367.0014856,0.3951968550682068,0.6219877004623413,1056,1.0833333730697632,458.65,1.9105771780014038,2.100942850112915,0.08667020499706268,0.1932666003704071,7.9166669845581055,-0.020849961787462234,0.0626415353268385,-0.8712513446807861,0.8122686147689819,3.109804630279541,0.9208082556724548,0.6606578230857849,22.102368237525226,0.8525151610374451,0.5
0.3997904658317566,0.2613380551338196,160.365866171,-0.009223412541905418,0.00017085937500000009,0.19793164730072021,0.3719143867492676,0.44073307514190674,11.774499893188477,0.0,-0.021983738988637924,40738,0.29138684272766113,0.7363070249557495,0.6607909202575684,13.766143655776977,,0.7777778506278992,0.33161988854408264,1784466369.5241976,0.39500072598457336,0.6195266246795654,1057,1.0416667461395264,451.11,1.861704707145691,2.121647834777832,0.0852196216583252,0.18594953417778015,7.5416669845581055,-0.022234788164496422,0.05736339092254639,-0.8789118528366089,0.8130197525024414,2.980100154876709,0.8921880722045898,0.6373760104179382,21.199893829748035,0.8548746109008789,0.5
0.39879557490348816,0.261414498090744,162.792693331,-0.008665246679447592,0.00011390625000000006,0.18874859809875488,0.37188172340393066,0.47621139883995056,12.9014310836792,0.0,-0.02229386195540428,37952,0.3062136173248291,0.7919645309448242,0.6596994400024414,13.75029730796814,,0.7777778506278992,0.33023467659950256,1784466372.2201817,0.394734263420105,0.6169250011444092,1058,0.875,474.21,1.853654146194458,2.2839672565460205,0.08381912112236023,0.18800567090511322,7.708333492279053,-0.018858447670936584,0.05381573773920536,-0.8757146596908569,0.8112680315971375,3.2001864910125732,0.8985605239868164,0.699514627456665,22.575840817689894,0.8526439666748047,0.375
0.39343535900115967,0.2756345868110657,165.437404378,-0.009333829575916752,0.00011390625000000006,0.2081676423549652,0.3682950437068939,0.4158470034599304,12.056724548339844,0.0,-0.02190040610730648,42392,0.2855536937713623,0.7015597224235535,0.6519572734832764,13.721684551239013,,0.7777778506278992,0.3307933211326599,1784466374.6459498,0.3942696452140808,0.6101230978965759,1059,0.9583333730697632,441.15,1.8654279708862305,2.033353090286255,0.08816997706890106,0.18258921802043915,6.958333492279053,-0.020133644342422485,0.052959570288658143,-0.8560470342636108,0.8105036616325378,3.0420920848846436,0.9070342779159546,0.6080278158187866,20.858423421531917,0.8395397067070007,0.5833333730697632
0.3997717797756195,0.2687901258468628,168.452746402,-0.008728928182972596,0.00011390625000000006,0.20043277740478516,0.3744867742061615,0.4324370324611664,12.30198860168457,0.0,-0.022051163017749786,38686,0.31473684310913086,0.7022120952606201,0.6643067598342896,13.68054003715515,,0.7777778506278992,0.33029070496559143,1784466377.2925951,0.3937234878540039,0.6252145171165466,1060,1.0416667461395264,448.85,1.8808335065841675,2.2262754440307617,0.08690349757671356,0.19280044734477997,6.375,-0.01880808174610138,0.0541658790782094,-0.8750209212303162,0.8118152618408203,3.0409793853759766,0.8876527547836304,0.5939263105392456,21.37362518966198,0.8583064079284668,0.3333333432674408
0.40794485807418823,0.2529829442501068,171.111442214,-0.008761645405320451,0.00017085937500000009,0.18123076856136322,0.3813386559486389,0.4313671588897705,11.176413536071777,0.0,-0.020989492535591125,33776,0.29038429260253906,0.6441650986671448,0.6749982833862305,13.648926734924316,"{'_type': 'video-file', 'sha256': '0132a0504c1e1732809c935ea83f03364b954db7b3beb2da7b5ea91dd3050a4c', 'path': 'media/videos/video_1061_0132a0504c1e1732809c.mp4', 'size': 1397471.0}",0.7777778506278992,0.33016812801361084,1784466380.3887403,0.3933669328689575,0.6333704590797424,1061,0.8333333730697632,463.17,1.7247942686080933,2.6200084686279297,0.07983013987541199,0.1910523623228073,7.625,-0.020230818539857864,0.04808658342808485,-0.8851280212402344,0.8109027147293091,2.7909228801727295,0.8622171878814697,0.5606255531311035,22.201671162992717,0.8710774779319763,0.3333333432674408
0.4020395278930664,0.27290165424346924,173.580614877,-0.008740801827661926,0.00011390625000000006,0.20617574453353882,0.3780512809753418,0.4021729826927185,12.226560592651367,0.0,-0.02007097378373146,39595,0.30299949645996094,0.7069119811058044,0.6662861108779907,13.62554111480713,,0.7777778506278992,0.3301340341567993,1784466382.9604247,0.39295241236686707,0.6260616779327393,1062,1.2916667461395264,444.95,1.8958055973052979,2.1796953678131104,0.08900289982557297,0.18700473010540009,8.5,-0.020500322803854942,0.050460016541183,-0.8680703043937683,0.8100661039352417,3.046556234359741,0.9072202444076538,0.6151943206787109,21.44671564310789,0.8564572334289551,0.4166666865348816
0.3965740203857422,0.252979040145874,176.139333961,-0.007219039553820039,7.593750000000004e-05,0.17886477708816528,0.37006160616874695,0.4390563368797302,11.950057983398438,0.0,-0.022507090121507645,41485,0.2919895648956299,0.7082422971725464,0.6572861075401306,13.602118062973023,,0.7777778506278992,0.3281434178352356,1784466385.4286242,0.39267563819885254,0.6128807663917542,1063,1.0416667461395264,461.69,1.7526286840438843,2.0776095390319824,0.08240625262260437,0.1860201060771942,8.583333969116211,-0.021176530048251152,0.05503462310880423,-0.8683953285217285,0.8092005252838135,3.0062828063964844,0.8626527190208435,0.5941168069839478,21.993082114458083,0.8493544459342957,0.3333333432674408
0.3942527770996094,0.2685393989086151,178.797419457,-0.00968805686570704,0.00011390625000000003,0.1907777041196823,0.36776548624038696,0.40039563179016113,12.902688980102539,0.0,-0.020429931581020355,39954,0.30011701583862305,0.7031871676445007,0.6503763198852539,13.573454856872559,,0.7777778506278992,0.3282540738582611,1784466388.0050845,0.3922102153301239,0.6107949018478394,1064,1.0416667461395264,458.86,1.9160494804382324,2.1603055000305176,0.08488261699676514,0.1831980049610138,7.0416669845581055,-0.016371911391615868,0.058203464932739736,-0.8530198931694031,0.8083116412162781,3.1842169761657715,0.9045650362968445,0.5919999480247498,22.062818132825196,0.839251697063446,0.3333333432674408
0.40292781591415405,0.2720937132835388,181.472551036,-0.008748712349915876,0.00011390625000000006,0.2041945457458496,0.3786188066005707,0.42516183853149414,12.250516891479492,0.0,-0.02257463149726391,38716,0.3078784942626953,0.7475513815879822,0.6665623784065247,13.553871726989746,,0.7777778506278992,0.3277754485607147,1784466390.6592414,0.3921079933643341,0.6256079077720642,1065,1.2083333730697632,466.51,1.9425468444824219,2.231224775314331,0.08555253595113754,0.1907651424407959,8.375,-0.023918595165014267,0.059248090535402295,-0.8778438568115234,0.808010458946228,3.0080032348632812,0.8964812159538269,0.6660787463188171,22.396740135364233,0.8614252805709839,0.4166666865348816
0.40122562646865845,0.259299099445343,184.015295213,-0.008786693282308989,7.593750000000004e-05,0.1865377128124237,0.3764834403991699,0.4307105541229248,11.980649948120117,0.0,-0.01971757598221302,38429,0.3312211036682129,0.6797800064086914,0.6640559434890747,13.543452310562134,,0.7777778506278992,0.3270423412322998,1784466393.3407903,0.39196649193763733,0.6232378482818604,1066,1.0833333730697632,462.22,1.8148345947265625,2.2267932891845703,0.08358752727508545,0.1917489469051361,8.333333969116211,-0.01972099393606186,0.0550925163552165,-0.8632363677024841,0.8083305358886719,3.0135810375213623,0.8543210029602051,0.5871663093566895,22.21969232711941,0.8548256754875183,0.4583333432674408
0.394123911857605,0.2635491192340851,186.525886143,-0.009687960589758404,0.00017085937500000006,0.19851532578468323,0.3721603751182556,0.44711679220199585,12.260391235351562,0.0,-0.020399240776896477,40612,0.2934694290161133,0.7267657518386841,0.6544010639190674,13.521616458892822,,0.7777778506278992,0.32795917987823486,1784466395.8621342,0.39153075218200684,0.6145950555801392,1067,1.125,438.36,1.8017619848251343,2.1270575523376465,0.08512473106384277,0.18938884139060974,7.208333492279053,-0.021588101983070374,0.05020975656807423,-0.854576051235199,0.8083800077438354,3.0826964378356934,0.9130028486251831,0.6084221005439758,20.994069510251283,0.8436028361320496,0.5
0.39821791648864746,0.2647842764854431,189.027728887,-0.009241562121314929,0.00011390625000000006,0.1942923367023468,0.3764112889766693,0.46326372027397156,11.976572036743164,0.0,-0.019062265753746033,40710,0.2989494800567627,0.6847705841064453,0.6601464748382568,13.49747567176819,,0.7777778506278992,0.3284229636192322,1784466398.3779225,0.3914138972759247,0.6202484369277954,1068,1.2916667461395264,458.81,1.8996751308441162,2.1157736778259277,0.08591395616531372,0.18524432182312012,8.041666984558105,-0.020633872598409653,0.06783058233559132,-0.8529804944992065,0.8075922727584839,3.0181970596313477,0.8977785110473633,0.5798441767692566,22.287261511981487,0.8471099734306335,0.4166666865348816
0.39537692070007324,0.27771666646003723,191.530099187,-0.008850095792149659,0.00011390625000000006,0.2216176986694336,0.37178677320480347,0.39021390676498413,12.814069747924805,0.0416666679084301,-0.02068299613893032,40965,0.29837870597839355,0.7304372787475586,0.6542485952377319,13.504951524734498,,0.7777778506278992,0.32685524225234985,1784466400.871235,0.3915024697780609,0.6132498979568481,1069,1.4166667461395264,444.88,1.974437952041626,2.101280927658081,0.09176402539014816,0.18601593375205994,8.0,-0.01956818997859955,0.07128898985683918,-0.8533514738082886,0.8066067695617676,3.2565488815307617,0.9500166177749634,0.6116337776184082,21.207448899000884,0.8438876867294312,0.25
0.399451345205307,0.27467820048332214,194.04905911,-0.008500433422159403,0.00011390625000000006,0.21229779720306396,0.37510955333709717,0.39762401580810547,12.6453857421875,0.0833333358168602,-0.021360624581575394,40793,0.28583812713623047,0.7391527891159058,0.6619998216629028,13.507322835922242,,0.7777778506278992,0.3270110487937927,1784466403.3811696,0.3915046155452728,0.619752824306488,1070,1.2083333730697632,463.3,1.899338960647583,2.123966693878174,0.09036523103713989,0.1918325424194336,7.958333492279053,-0.019750379025936127,0.07526806108653546,-0.8644227385520935,0.8054776191711426,3.1928629875183105,0.929538369178772,0.642768383026123,22.137522543221714,0.854414165019989,0.3333333432674408
0.38312387466430664,0.30207788944244385,196.578238455,-0.008715793903684243,0.00011390625000000006,0.23953686654567719,0.36280208826065063,0.45080193877220154,13.153831481933594,0.0,-0.02029087021946907,40664,0.29723596572875977,0.8143795728683472,0.6349160671234131,13.497503757476807,,0.7777778506278992,0.3269883692264557,1784466405.895736,0.3912999927997589,0.5952731370925903,1071,1.4166667461395264,428.38,2.014801025390625,2.1201999187469482,0.09816586226224899,0.18074437975883484,7.125,-0.021117424592375755,0.05922714509069919,-0.8253011107444763,0.8031585216522217,3.3436477184295654,0.9699603915214539,0.7019932270050049,20.597245432548224,0.8177008032798767,0.7083333730697632
0.39723217487335205,0.25414782762527466,199.057055611,-0.008921080522122793,0.00011390625000000006,0.19048738479614258,0.37689322233200073,0.44165581464767456,11.98704719543457,0.0,-0.017987661063671112,40377,0.29285597801208496,0.706612229347229,0.6580970287322998,13.463362503051759,,0.7777778506278992,0.32882216572761536,1784466408.4308233,0.3907504379749298,0.6190751791000366,1072,1.0416667461395264,448.84,1.828715205192566,2.1417832374572754,0.08627140522003174,0.1895894855260849,7.125,-0.015648899599909782,0.05997680984437466,-0.8405822515487671,0.8003951907157898,3.05790114402771,0.8848254680633545,0.6229987740516663,22.200577929913997,0.843535304069519,0.4166666865348816
0.40779754519462585,0.2550569772720337,201.571927588,-0.008443001855630428,7.593750000000004e-05,0.1890472173690796,0.3857267498970032,0.4783494472503662,11.47686767578125,0.0,-0.019096393138170242,41371,0.3011345863342285,0.714415967464447,0.6744565963745117,13.42756371498108,,0.7777778506278992,0.3290082812309265,1784466410.9142032,0.39050787687301636,0.631748378276825,1073,0.9583333730697632,472.27,1.7382959127426147,2.0749738216400146,0.0859072208404541,0.1945977658033371,8.041666984558105,-0.02387889288365841,0.07626996226608754,-0.8733265399932861,0.7988201975822449,2.925881862640381,0.8434363603591919,0.5987126231193542,22.639182682037355,0.8692044019699097,0.2916666865348816
0.3701975345611572,0.30380040407180786,204.122299504,-0.009272795368451625,0.00011390625000000003,0.2349637746810913,0.34863150119781494,0.4229406714439392,13.675230026245117,0.0416666679084301,-0.019553352147340775,40813,0.29304051399230957,0.8058087229728699,0.6117358207702637,13.422756433486938,,0.7777778506278992,0.32919710874557495,1784466413.420197,0.39049118757247925,0.572018563747406,1074,1.5416667461395264,434.75,2.1244964599609375,2.1156017780303955,0.09784387052059174,0.1735854595899582,7.1666669845581055,-0.020915528759360313,0.06882361434400082,-0.7961828708648682,0.7978731989860535,3.4655075073242188,1.0045349597930908,0.6859204173088074,20.875824979729952,0.7885832786560059,0.5
0.37867313623428345,0.30593761801719666,206.578263795,-0.00884513695491478,0.00011390625000000006,0.22983554005622864,0.3583104610443115,0.40294942259788513,13.39106273651123,0.0,-0.02092457376420498,40074,0.2968463897705078,0.7920333743095398,0.6278378963470459,13.43132667541504,,0.7777778506278992,0.33257755637168884,1784466415.9708326,0.39072662591934204,0.5878823399543762,1075,1.4583333730697632,446.07,2.022850513458252,2.1561813354492188,0.09830846637487411,0.18099337816238403,6.708333492279053,-0.018523328006267548,0.07102411352097988,-0.8091191053390503,0.7952939867973328,3.284613609313965,0.9494357109069824,0.6959781050682068,21.50296704158187,0.8074249029159546,0.4166666865348816
0.39057621359825134,0.2790971100330353,208.980543687,-0.008904222049750388,0.00011390625000000006,0.20677952468395233,0.3702671229839325,0.48214948177337646,12.575523376464844,0.0416666679084301,-0.01995260827243328,41729,0.28939247131347656,0.7852640151977539,0.6462650299072266,13.44990291595459,,0.7777778506278992,0.33389633893966675,1784466418.4324458,0.39089035987854004,0.6062289476394653,1076,1.4166667461395264,439.6,2.0288286209106445,2.066347360610962,0.09250720590353012,0.1829605996608734,7.208333492279053,-0.02311578392982483,0.06143087986856699,-0.8314675688743591,0.7945792078971863,3.232076644897461,0.9239646792411804,0.6612297892570496,21.280965057611464,0.8310620188713074,0.5
0.410413920879364,0.2363165318965912,211.560276035,-0.009077563049504533,0.00011390625000000006,0.1681031435728073,0.391636461019516,0.45943185687065125,11.712897300720215,0.0,-0.01646661013364792,42790,0.28444457054138184,0.6611394286155701,0.6798810958862305,13.453312969207763,,0.7777778506278992,0.3341786563396454,1784466420.8308837,0.3908471167087555,0.6371718645095825,1077,1.0,483.22,1.7127816677093506,2.012866497039795,0.08006245642900467,0.19592875242233276,8.25,-0.025121167302131653,0.05862027499824762,-0.860702395439148,0.7938200235366821,2.892228603363037,0.8329393267631531,0.5706264972686768,23.676328654885292,0.8692131042480469,0.375
0.40749168395996094,0.246688574552536,214.048432929,-0.00899778428429272,0.00017085937500000009,0.17922353744506836,0.38644811511039734,0.3937475085258484,12.318819999694824,0.0,-0.01949913054704666,39669,0.340656042098999,0.7050751447677612,0.6758257150650024,13.441271209716797,,0.7777778506278992,0.3339957892894745,1784466423.4133506,0.39070722460746765,0.633140504360199,1078,0.875,464.56,1.8154101371765137,2.137402057647705,0.08079579472541809,0.1938001960515976,7.2916669845581055,-0.02158943936228752,0.057556355558335784,-0.8651735782623291,0.7943702936172485,3.0283312797546387,0.8682974576950073,0.6135725378990173,22.753031581640244,0.8671063780784607,0.4166666865348816
0.41238516569137573,0.23569075763225555,216.573479447,-0.00929610781604424,0.00011390625000000006,0.17327451705932617,0.3922088146209717,0.48228296637535095,11.587885856628418,0.0416666679084301,-0.017827775329351425,41249,0.300398588180542,0.636705756187439,0.6815671920776367,13.433971786499024,,0.7777778506278992,0.33316442370414734,1784466425.9004903,0.39053863286972046,0.6377930641174316,1079,0.875,455.18,1.7102103233337402,2.082751750946045,0.07738795131444931,0.18578952550888062,7.7916669845581055,-0.023834604769945145,0.06829608492553234,-0.8712018728256226,0.7948006987571716,2.8790862560272217,0.8305737376213074,0.5505790710449219,21.918207128345966,0.8753611445426941,0.25
0.3886725604534149,0.2874525785446167,219.065137944,-0.009412604924000334,7.593750000000004e-05,0.21897143125534058,0.36806973814964294,0.4163508117198944,13.072210311889648,0.0416666679084301,-0.021052323281764984,40552,0.3062295913696289,0.8010064363479614,0.6442098617553711,13.407431983947754,,0.7777778506278992,0.3325672745704651,1784466428.4188194,0.3901381194591522,0.6022680997848511,1080,0.9166666865348816,433.55,1.9607465267181396,2.1178951263427734,0.09432279318571091,0.18639883399009705,6.5416669845581055,-0.017502233386039734,0.05521790292114019,-0.8291756510734558,0.7945906519889832,3.2868247032165527,0.958315372467041,0.6776341199874878,20.926015278026462,0.8282265663146973,0.5833333730697632
0.3867145776748657,0.2631135880947113,222.050498005,-0.009927387091738637,0.00011390625000000003,0.19810724258422852,0.3672564923763275,0.4104342460632324,13.04858684539795,0.0,-0.019911713898181915,41027,0.2872292995452881,0.7177554965019226,0.6421635150909424,13.391952848434448,,0.7777778506278992,0.33193814754486084,1784466430.9105783,0.3900757133960724,0.6013132333755493,1081,1.1666667461395264,436.52,1.9115540981292725,2.1088104248046875,0.08795148134231567,0.18394502997398376,6.458333492279053,-0.018290186300873756,0.07193496897816658,-0.8245481252670288,0.7946701049804688,3.2171669006347656,0.9329622983932495,0.6023784279823303,21.350415146350862,0.8252224922180176,0.25
0.3883250653743744,0.27866894006729126,224.72947032,-0.00935565762920305,0.00011390625000000006,0.2067989706993103,0.3709471821784973,0.39909929037094116,13.136585235595703,0.0,-0.018846403807401657,33996,0.3088109493255615,0.7720515131950378,0.644985556602478,13.381633996963501,"{'sha256': 'a02ceb44a619053f46d4b2bb50b4f7f1f71c71f4441c34788d7fa9d78edb35d8', 'path': 'media/videos/video_1082_a02ceb44a619053f46d4.mp4', 'size': 1498221.0, '_type': 'video-file'}",0.7777778506278992,0.33007368445396423,1784466433.9725888,0.3898064196109772,0.6073631048202515,1082,1.5833333730697632,459.85,2.1092028617858887,2.582798719406128,0.0914480909705162,0.1874244064092636,7.958333492279053,-0.02249712124466896,0.07093374319374561,-0.8240026235580444,0.7950432300567627,3.3339099884033203,0.9713506698608398,0.620212733745575,22.283680990040303,0.8280563354492188,0.3333333432674408
0.39809224009513855,0.27031540870666504,227.148075216,-0.009314022570470116,7.593750000000004e-05,0.20523159205913544,0.38036128878593445,0.4391774535179138,12.228168487548828,0.0,-0.017127547413110733,39047,0.3105933666229248,0.7556266784667969,0.6612542867660522,13.35716667175293,,0.7777778506278992,0.33233726024627686,1784466436.592007,0.38946953415870667,0.6192930936813354,1083,1.1666667461395264,457.76,1.9412846565246582,2.206972599029541,0.08760064840316772,0.18588289618492126,8.375,-0.020306246355175972,0.064448974840343,-0.8418656587600708,0.7929338216781616,3.1731514930725098,0.9282898902893066,0.6265822649002075,22.284892089664936,0.8486165404319763,0.5
0.40021252632141113,0.25188177824020386,229.764507311,-0.009596941000199876,0.00011390625000000003,0.1907801628112793,0.3796902298927307,0.4455808401107788,12.13372802734375,0.0,-0.019098173826932907,42648,0.30344557762145996,0.7262849807739258,0.6608670353889465,13.331967401504517,,0.7777778506278992,0.33126765489578247,1784466439.0021112,0.3891727924346924,0.6166731119155884,1084,1.2083333730697632,476.26,1.8768380880355835,2.0015580654144287,0.08588855713605881,0.18547162413597107,8.166666984558105,-0.01751198060810566,0.05588027834892273,-0.8508593440055847,0.7922853827476501,3.060487747192383,0.8843684196472168,0.6212373375892639,23.207278520166874,0.8529622554779053,0.375
0.39771926403045654,0.2706811726093292,232.37678234,-0.00801595506090962,7.593750000000004e-05,0.20070809125900269,0.3782017230987549,0.47800469398498535,12.244097709655762,0.0,-0.01800813339650631,39141,0.308178186416626,0.7346550226211548,0.6596329808235168,13.321829175949096,,0.7777778506278992,0.3305749297142029,1784466441.6265974,0.3891129195690155,0.6138564348220825,1085,0.9166666865348816,460.59,1.8405451774597168,2.203293561935425,0.0894646942615509,0.1878294199705124,7.0,-0.01922771707177162,0.052408332005143166,-0.8339182734489441,0.7927879095077515,3.1081504821777344,0.8927721381187439,0.6275848150253296,22.67299858853221,0.8433663845062256,0.4166666865348816
0.4082413911819458,0.2686011493206024,234.986825966,-0.00947119272314012,7.593750000000002e-05,0.19314491748809814,0.3866145610809326,0.5162859559059143,12.375267028808594,0.0,-0.018007509410381317,39346,0.3233809471130371,0.7069153785705566,0.674235999584198,13.316911697387695,,0.7777778506278992,0.3304084539413452,1784466444.236181,0.38912656903266907,0.6283469200134277,1086,1.0833333730697632,466.9,1.7765817642211914,2.17502760887146,0.08340302109718323,0.18539178371429443,8.416666984558105,-0.024249738082289696,0.056452836655080316,-0.8638596534729004,0.7930757403373718,3.0513572692871094,0.8829224109649658,0.6242498159408569,22.40674167573452,0.8675038814544678,0.375
0.4071598947048187,0.24553239345550537,237.507026845,-0.009677067215670831,7.593750000000002e-05,0.18092623353004456,0.3881628215312958,0.4671098589897156,12.133268356323242,0.0,-0.018824845552444458,39409,0.3267812728881836,0.6924602389335632,0.6755182147026062,13.314007091522218,,0.7777778506278992,0.3297077715396881,1784466446.8503132,0.3889869451522827,0.6292542219161987,1087,1.125,459.85,1.6856703758239746,2.167642593383789,0.08199398964643478,0.1843450516462326,8.041666984558105,-0.019321396946907043,0.06964483484625816,-0.858712911605835,0.795285165309906,2.9021613597869873,0.8632421493530273,0.6046910285949707,22.221750085949896,0.86515873670578,0.4166666865348816
0.38100361824035645,0.27458131313323975,239.980475593,-0.009077944396995007,7.593750000000002e-05,0.21310022473335266,0.3632679581642151,0.4259037375450134,12.564607620239258,0.0,-0.017384013161063194,40894,0.2946934700012207,0.7211379408836365,0.6308154463768005,13.301215219497681,,0.7777778506278992,0.32974743843078613,1784466449.363939,0.3888426125049591,0.5872188806533813,1088,1.0,438.4,1.8966506719589233,2.109163761138916,0.09155987203121185,0.17189547419548035,7.25,-0.021925117820501328,0.054326679557561874,-0.8046481013298035,0.794268786907196,3.195483684539795,0.9298884272575378,0.5888780355453491,21.00350993603468,0.8087853193283081,0.5416666865348816
0.4028094708919525,0.23951837420463562,242.543193217,-0.009071741644947905,0.00017085937500000006,0.1698736846446991,0.38518404960632324,0.40387487411499023,11.358065605163574,0.0,-0.01681579276919365,41587,0.30649280548095703,0.6575712561607361,0.6679925322532654,13.277043724060059,,0.7777778506278992,0.3314081132411957,1784466451.8434393,0.3883195221424103,0.6260312795639038,1089,1.0,462.23,1.7570457458496094,2.0572726726531982,0.07752636075019836,0.19021499156951904,8.375,-0.022719215601682663,0.05316392220556736,-0.848944902420044,0.7925311923027039,2.847838878631592,0.8103653788566589,0.5613476634025574,22.344964234530927,0.8566423654556274,0.2916666865348816
0.40570375323295593,0.24093042314052582,244.989784368,-0.008389790810178965,0.00011390625000000006,0.17002563178539276,0.38579484820365906,0.4202744960784912,11.978976249694824,0.0,-0.018459608778357506,40187,0.28945016860961914,0.6570770740509033,0.6711651682853699,13.240622282028198,,0.7777778506278992,0.33423489332199097,1784466454.3936486,0.3880133032798767,0.624864935874939,1090,0.8333333730697632,464.67,1.7653605937957764,2.1566855907440186,0.07701067626476288,0.18604503571987152,8.0,-0.022069653496146202,0.06452333647757769,-0.8570951223373413,0.7902371287345886,2.8948676586151123,0.8296153545379639,0.5721005797386169,22.461862609684466,0.8632252216339111,0.4166666865348816
0.38528794050216675,0.2845912575721741,247.52781228999999,-0.008612576065934264,7.593750000000004e-05,0.2265237271785736,0.3673333525657654,0.41884952783584595,12.506202697753906,0.0,-0.018044881522655487,41859,0.29673266410827637,0.7582218050956726,0.639132022857666,13.2273193359375,,0.7777778506278992,0.3396311402320862,1784466456.8403678,0.3879185914993286,0.5947047472000122,1091,1.1666667461395264,443.96,1.8654273748397827,2.0516741275787354,0.0935198962688446,0.17380230128765106,7.708333492279053,-0.02102583274245262,0.07149586416780948,-0.8171601295471191,0.7877032160758972,3.1230268478393555,0.8786125183105469,0.6732845306396484,21.526434684321284,0.8203315138816833,0.625
0.3829363286495209,0.3019702434539795,250.035943762,-0.00877731703221798,0.00011390625000000003,0.23150353133678436,0.36474594473838806,0.4105505347251892,13.0621337890625,0.0416666679084301,-0.02080400288105011,40341,0.30882906913757324,0.8417202234268188,0.6349880695343018,13.217845678329468,,0.7777778506278992,0.3460649847984314,1784466459.4010072,0.3878249228000641,0.5922888517379761,1092,1.5833333730697632,446.17,2.0371265411376953,2.1279854774475098,0.09781866520643234,0.18214571475982666,7.333333492279053,-0.02150009199976921,0.06342791337519885,-0.814067006111145,0.7843313217163086,3.3777194023132324,1.0152943134307861,0.7115663886070251,21.694397318661213,0.815022349357605,0.375
0.39511391520500183,0.2864629626274109,252.689108128,-0.00791453755227849,7.593750000000004e-05,0.2232019603252411,0.3775554895401001,0.41867780685424805,12.102996826171875,0.0416666679084301,-0.017290160059928894,41268,0.28783082962036133,0.7507858276367188,0.6541765332221985,13.21387677192688,,0.7777778506278992,0.3508807122707367,1784466461.8892024,0.38775837421417236,0.610005259513855,1093,1.0,456.72,1.8824892044067383,2.094208240509033,0.09495601058006287,0.18001900613307953,6.9166669845581055,-0.021533040329813957,0.06171760894358158,-0.8310365676879883,0.7816752195358276,3.018026113510132,0.9196350574493408,0.6556267738342285,22.23489031225443,0.8385869860649109,0.5833333730697632
0.40140974521636963,0.2724300026893616,255.131016418,-0.009826213523047045,0.00011390625000000003,0.20571136474609375,0.3827715516090393,0.44494494795799255,12.641459465026855,0.0416666679084301,-0.019182777032256126,38558,0.3215343952178955,0.7560321688652039,0.6665259003639221,13.20072021484375,,0.7777778506278992,0.35255634784698486,1784466464.5577857,0.38757947087287903,0.6201912760734558,1094,1.2083333730697632,445.66,1.8927953243255615,2.2279696464538574,0.09182779490947723,0.18497058749198914,7.875,-0.0225947555154562,0.06543500162661076,-0.8489603996276855,0.7810920476913452,3.2123026847839355,0.95550537109375,0.6359562277793884,21.38182960167527,0.8537429571151733,0.375
0.39890825748443604,0.2655388116836548,257.625297638,-0.008896726981038227,0.00011390625000000006,0.21098528802394867,0.38149458169937134,0.3683321475982666,12.653888702392578,0.0,-0.017878148704767227,42343,0.28797173500061035,0.7254952192306519,0.6651856303215027,13.188581705093384,,0.7777778506278992,0.3519636392593384,1784466466.9825187,0.3873036205768585,0.6204121112823486,1095,1.125,444.02,1.9232378005981445,2.033599376678467,0.08728586137294769,0.1895086020231247,7.333333492279053,-0.028895139694213867,0.055482077039778234,-0.8382443189620972,0.7814680933952332,3.2118916511535645,0.9019333720207214,0.603143572807312,21.75722480893135,0.84759920835495,0.625
0.41427212953567505,0.2454303503036499,260.171463196,-0.008574583503650502,7.593750000000004e-05,0.17720787227153778,0.3972175121307373,0.4258086681365967,11.797327041625977,0.0,-0.018036486580967903,41090,0.3071601390838623,0.7108816504478455,0.6893649101257324,13.167389297485352,,0.7777778506278992,0.3530545234680176,1784466469.4883385,0.3871768116950989,0.6449500322341919,1096,0.75,471.55,1.8061704635620117,2.0852179527282715,0.08149216324090958,0.19910256564617157,7.375,-0.019445382058620453,0.062455894984304906,-0.8664459586143494,0.7815753817558289,2.9555060863494873,0.8611115217208862,0.6255565881729126,23.511118852570654,0.8791846632957458,0.3333333432674408
0.4097321033477783,0.24611029028892517,262.877991766,-0.009949910370778525,0.00017085937500000006,0.18079853057861328,0.39154428243637085,0.410351037979126,12.361567497253418,0.0,-0.019113920629024506,40480,0.3139350414276123,0.7253155708312988,0.6795846819877625,13.160479879379272,,0.7777778506278992,0.35088831186294556,1784466472.0408938,0.3869742751121521,0.6341778039932251,1097,1.0416667461395264,470.61,1.760301947593689,2.1145119667053223,0.07949212938547134,0.19588302075862885,7.833333492279053,-0.02432980388402939,0.05981482956558466,-0.8582257032394409,0.7821361422538757,2.9905200004577637,0.8736460208892822,0.6069389581680298,23.310096717178823,0.8680840730667114,0.0833333358168602
0.3974713683128357,0.27080994844436646,265.364943607,-0.008690683043096215,0.00011390625000000006,0.20128533244132996,0.3824489116668701,0.3962631821632385,12.607599258422852,0.0416666679084301,-0.019506949931383133,38052,0.3138132095336914,0.7093021273612976,0.662662148475647,13.139688730239868,,0.7777778506278992,0.34834975004196167,1784466474.736894,0.38670340180397034,0.6194745898246765,1098,1.125,467.81,1.8620753288269043,2.2695579528808594,0.08789902925491333,0.1929273009300232,8.041666984558105,-0.022612176835536957,0.058953620679676536,-0.8382605314254761,0.7831524610519409,3.1374588012695312,0.9164242744445801,0.5840538740158081,22.97822181388736,0.8462892770767212,0.4583333432674408
0.3932926058769226,0.28259339928627014,267.842449918,-0.008802717621438205,0.00011390625000000006,0.21543800830841064,0.37599819898605347,0.40369030833244324,12.551573753356934,0.0,-0.021492328494787216,41343,0.2865126132965088,0.763555645942688,0.6523994207382202,13.138209247589112,,0.7777778506278992,0.348468154668808,1784466477.2164903,0.38676804304122925,0.6082316637039185,1099,0.9166666865348816,457.13,1.8775756359100342,2.0912365913391113,0.09507989138364792,0.18105489015579224,6.583333492279053,-0.022090982645750046,0.06374765709042549,-0.8311826586723328,0.7838243842124939,3.1854968070983887,0.9240233302116394,0.6684224009513855,22.354945171922445,0.8356311321258545,0.5
0.38634321093559265,0.2824310064315796,270.350578191,-0.0077013276983052496,7.593750000000004e-05,0.21356520056724548,0.3704872727394104,0.44008108973503113,12.91314697265625,0.0,-0.0204475037753582,41369,0.29376840591430664,0.7548195123672485,0.6427979469299316,13.144257211685181,,0.7777778506278992,0.34766221046447754,1784466479.6947408,0.3867538571357727,0.5991193056106567,1100,1.6666667461395264,441.94,2.0262537002563477,2.0825002193450928,0.09191972017288208,0.1840420365333557,7.6666669845581055,-0.02533000521361828,0.06801267266273499,-0.8174293041229248,0.7833368182182312,3.2438724040985107,0.9254525899887085,0.6447710990905762,21.37407137900591,0.8235688209533691,0.625
0.39290210604667664,0.26112574338912964,272.869666366,-0.008985605463385582,7.593750000000002e-05,0.185783252120018,0.37719011306762695,0.43810874223709106,12.423690795898438,0.0,-0.020591838285326958,40871,0.32173967361450195,0.7202627062797546,0.6560499668121338,13.129210042953492,,0.7777778506278992,0.34747323393821716,1784466482.222515,0.38648149371147156,0.613929033279419,1101,1.125,444.45,1.819933295249939,2.083444833755493,0.08583861589431763,0.19100794196128845,6.75,-0.020223695784807205,0.06001335084438324,-0.8220171928405762,0.7814561128616333,3.138211965560913,0.8961485624313354,0.6061891913414001,21.92317511405796,0.8350741267204285,0.5833333730697632
0.40407106280326843,0.2529594302177429,275.923996944,-0.008846671797800808,7.593750000000002e-05,0.18323104083538055,0.39017146825790405,0.40515345335006714,12.456645011901855,0.0,-0.01875194162130356,41057,0.28612709045410156,0.7173770666122437,0.6731753349304199,13.11799168586731,,0.7777778506278992,0.3475097119808197,1784466484.7231615,0.3863969147205353,0.6315568089485168,1102,1.0416667461395264,455.78,1.8857667446136475,2.1081643104553223,0.08307846635580063,0.19416837394237518,6.75,-0.018692824989557266,0.05783744938671589,-0.8473696708679199,0.7794048190116882,3.1601290702819824,0.9302457571029663,0.6085047721862793,22.460223375409843,0.8610240817070007,0.3333333432674408
0.4006103277206421,0.24805884063243866,278.663171486,-0.009191856044344604,0.00011390625000000003,0.18575547635555267,0.38586682081222534,0.41592246294021606,11.955106735229492,0.0,-0.020364221185445786,33308,0.28502631187438965,0.6892815828323364,0.6682221293449402,13.103120756149291,"{'path': 'media/videos/video_1103_7519c79d0a75e49dd15e.mp4', 'size': 1684971.0, '_type': 'video-file', 'sha256': '7519c79d0a75e49dd15e64f763378bf50577d1802ff366e49fb7132e1a25f528'}",0.7777778506278992,0.34785008430480957,1784466487.868256,0.386108934879303,0.6244931221008301,1103,1.125,467.13,1.7345317602157593,2.666297435760498,0.08120299130678177,0.19212666153907776,8.125,-0.021888356655836105,0.06785668339580297,-0.8414443731307983,0.7780437469482422,2.9654040336608887,0.8738515377044678,0.5808939933776855,22.869601436257362,0.8536896705627441,0.1666666716337204
0.40520069003105164,0.26062172651290894,281.112307086,-0.007741830038139596,7.593750000000004e-05,0.19378769397735596,0.3877597749233246,0.42491692304611206,12.107036590576172,0.0,-0.019148213788866997,38485,0.31261467933654785,0.7151767611503601,0.6727867126464844,13.08638048171997,,0.7777778506278992,0.34777015447616577,1784466490.5208313,0.38594529032707214,0.626720666885376,1104,1.0833333730697632,464.48,1.7678173780441284,2.2417006492614746,0.08663584291934967,0.19112709164619446,8.416666984558105,-0.02251378819346428,0.060271795839071274,-0.8488664627075195,0.7779142260551453,2.9741926193237305,0.9103989601135254,0.6182221174240112,22.678194883912802,0.8592597842216492,0.5833333730697632
0.40979716181755066,0.24888817965984344,283.741541094,-0.009334377711638808,0.00011390625000000003,0.18773089349269867,0.39250439405441284,0.386951208114624,12.257064819335938,0.0,-0.018458839505910873,42027,0.30142807960510254,0.7012732028961182,0.6829452514648438,13.069898843765259,,0.7777778506278992,0.3484882116317749,1784466492.9658675,0.3858122229576111,0.6351511478424072,1105,0.9166666865348816,473.09,1.7906678915023804,2.0375967025756836,0.08254800736904144,0.1957765817642212,7.5416669845581055,-0.022031940519809723,0.06462926268577576,-0.8529981374740601,0.7772291898727417,3.0433311462402344,0.8961751461029053,0.5783206224441528,23.221424350142478,0.8693603873252869,0.3333333432674408
0.39454934000968933,0.29679378867149353,286.197554654,-0.007543288788292557,7.593750000000004e-05,0.22812393307685852,0.3812180757522583,0.4057847261428833,13.363085746765137,0.0,-0.020235128700733185,38934,0.30724024772644043,0.7900969386100769,0.6586073040962219,13.073176908493043,,0.7777778506278992,0.350999653339386,1784466495.6024683,0.38589712977409363,0.6166706681251526,1106,1.2083333730697632,462.55,1.9182161092758179,2.2176430225372314,0.09815023839473724,0.19637426733970642,6.9166669845581055,-0.022371377795934677,0.06639717649668456,-0.8269535899162292,0.7753993272781372,3.273283004760742,0.9970932006835938,0.6482436656951904,22.83693945199251,0.8380235433578491,0.7083333730697632
0.4017670750617981,0.26314541697502136,288.760784952,-0.009055459825322031,0.00011390625000000003,0.19360610842704773,0.3862488269805908,0.41993555426597595,12.51648235321045,0.0,-0.019464019685983658,41917,0.29534006118774414,0.724454402923584,0.6685325503349304,13.06506552696228,,0.7777778506278992,0.3504912257194519,1784466498.0535424,0.3856557309627533,0.6238401532173157,1107,1.25,458.09,1.8430454730987549,2.0498335361480713,0.08827456086874008,0.18887744843959808,8.291666984558105,-0.020025907084345818,0.06093368269503117,-0.8412145972251892,0.7771314978599548,3.0710487365722656,0.9263140559196472,0.6106407642364502,22.50861406557262,0.8543561697006226,0.625
0.3922111988067627,0.29672595858573914,291.192491292,-0.008537272195098922,0.00011390625000000006,0.22674748301506042,0.3784470558166504,0.41022616624832153,12.845788955688477,0.0,-0.019815275445580482,40017,0.3052706718444824,0.793724536895752,0.6533830165863037,13.038443326950073,,0.7777778506278992,0.3529375493526459,1784466500.6262264,0.38537585735321045,0.6110159158706665,1108,1.2916667461395264,453.44,1.937647819519043,2.1512622833251953,0.09488853067159653,0.18940435349941254,8.25,-0.019485609605908394,0.06568751223385334,-0.8149506449699402,0.7764002084732056,3.1847238540649414,0.953771710395813,0.6880633234977722,22.76286276638508,0.8314378261566162,0.5
0.3959786593914032,0.2647925615310669,293.656079016,-0.008269067441869993,0.00011390625000000006,0.19337522983551025,0.37989920377731323,0.3761826455593109,12.908374786376953,0.0,-0.020048469305038452,42441,0.2848813533782959,0.7519135475158691,0.6608422994613647,13.030620241165161,,0.7777778506278992,0.35492777824401855,1784466503.0449488,0.3853011727333069,0.6175261735916138,1109,1.0416667461395264,463.92,1.8636856079101562,2.0313191413879395,0.08702146261930466,0.19393780827522278,7.1666669845581055,-0.019723594188690186,0.06004453245550394,-0.8256880640983582,0.7751476168632507,3.138998508453369,0.9281741380691528,0.6379328966140747,22.919600038975478,0.8404607772827148,0.1666666716337204
0.38379916548728943,0.30467087030410767,296.135686793,-0.008293305916595273,7.593750000000004e-05,0.2244996428489685,0.3698471784591675,0.36422473192214966,13.582418441772461,0.0,-0.020957019180059433,41660,0.2990388870239258,0.8038114309310913,0.6393102407455444,13.020768785476685,,0.7777778506278992,0.35617682337760925,1784466505.507786,0.3851982057094574,0.5958210229873657,1110,1.5416667461395264,428.02,1.9192464351654053,2.0606131553649902,0.09876081347465515,0.18100965023040771,7.5,-0.021409504115581512,0.06352588720619678,-0.8064006567001343,0.7747281789779663,3.404984474182129,0.9985805749893188,0.6743268370628357,20.787944284956904,0.8167974352836609,0.5416666865348816
0.4001213014125824,0.25819313526153564,298.809276326,-0.009249887749319896,0.00011390625000000003,0.18880420923233032,0.3842744529247284,0.4191562533378601,12.371458053588867,0.0,-0.01941780559718609,41315,0.29367828369140625,0.7037705183029175,0.6667580008506775,13.00246558189392,,0.7777778506278992,0.35696840286254883,1784466507.9978976,0.38479623198509216,0.6212558746337891,1111,1.1666667461395264,461.01,1.8053371906280518,2.08566951751709,0.08580093085765839,0.19808048009872437,8.166666984558105,-0.019037852063775063,0.05459180362522602,-0.8303475379943848,0.7748650312423706,2.975548505783081,0.8597166538238525,0.6248990893363953,22.72266783311963,0.8477330207824707,0.5416666865348816
0.4117055833339691,0.23344700038433075,301.462260254,-0.008871748694218695,0.00011390625000000006,0.17289142310619354,0.39643096923828125,0.3896341323852539,11.64630126953125,0.0,-0.019550492987036705,38429,0.3186025619506836,0.6246404051780701,0.685248076915741,12.969703531265258,,0.7777778506278992,0.35659927129745483,1784466510.6722558,0.3843786418437958,0.6394864320755005,1112,0.875,458.86,1.7796671390533447,2.23940372467041,0.07869642227888107,0.19541725516319275,7.4166669845581055,-0.02212553285062313,0.05989976320415735,-0.8549388647079468,0.7756596803665161,2.868856430053711,0.8166956901550293,0.5283016562461853,22.866930711716414,0.8731276392936707,0.5416666865348816
0.40486854314804077,0.22788846492767334,304.053930858,-0.008263959549367428,7.593750000000004e-05,0.1595737636089325,0.3935573995113373,0.4324919581413269,12.371729850769043,0.0416666679084301,-0.019656922668218613,38801,0.3198666572570801,0.6658281087875366,0.6769225001335144,12.94695086479187,,0.7777778506278992,0.35524922609329224,1784466513.331545,0.38422656059265137,0.6337773203849792,1113,0.9166666865348816,463.18,1.759603500366211,2.2136621475219727,0.07464205473661423,0.19364657998085022,7.375,-0.02247380092740059,0.07190569229424,-0.8394491076469421,0.7749039530754089,2.9965686798095703,0.8376145362854004,0.5858219265937805,23.090104829072953,0.8595249652862549,0.1666666716337204
0.39640840888023376,0.2619283199310303,306.709328881,-0.008931854285765439,7.593750000000002e-05,0.1913721263408661,0.38165268301963806,0.36356040835380554,12.744489669799805,0.0,-0.020958568900823593,39830,0.30898261070251465,0.7455095052719116,0.6618843078613281,12.942740726470948,,0.7777778506278992,0.35265636444091797,1784466515.9269562,0.3842391073703766,0.617470920085907,1114,1.0416667461395264,449.19,1.8204172849655151,2.159045934677124,0.08403613418340683,0.18871037662029266,7.5,-0.022021902725100517,0.06142966877669096,-0.829657256603241,0.7736878395080566,3.0693516731262207,0.9075943231582642,0.6297672986984253,22.25181265741587,0.8448061943054199,0.4166666865348816
0.3990921974182129,0.27464577555656433,309.144085965,-0.009468042614753359,0.00011390625000000003,0.20660339295864105,0.38493841886520386,0.4211995005607605,12.439967155456543,0.0,-0.023722372949123383,38854,0.3107717037200928,0.7785670757293701,0.6644989848136902,12.945038795471191,,0.7777778506278992,0.3521382808685303,1784466518.5730083,0.3843064606189728,0.6212218999862671,1115,1.1666667461395264,460.31,1.8661855459213257,2.219287633895874,0.0899982675909996,0.19080138206481934,7.583333492279053,-0.024913398548960686,0.06099560167640448,-0.8374725580215454,0.7738021612167358,3.136077642440796,0.9080599546432495,0.6599891185760498,22.452883764058353,0.8510662913322449,0.5416666865348816
0.3984971046447754,0.2709917426109314,311.751384273,-0.008849091519368812,0.00011390625000000006,0.2104046791791916,0.3840950131416321,0.43022775650024414,12.230483055114746,0.0,-0.01921161264181137,42374,0.30332207679748535,0.746426522731781,0.665249228477478,12.943173837661742,,0.7777778506278992,0.35204362869262695,1784466520.999633,0.38418877124786377,0.6196152567863464,1116,1.1666667461395264,447.44,1.9688127040863037,2.0165417194366455,0.08783942461013794,0.18951092660427094,7.125,-0.022372186183929443,0.05783881414681673,-0.8228222727775574,0.7729570269584656,3.119688034057617,0.9071456789970398,0.6401296854019165,22.105871257036924,0.8448061943054199,0.5
0.4031851887702942,0.2465505450963974,314.157311407,-0.008747178118210287,0.00011390625000000006,0.17332324385643005,0.3926267623901367,0.4137405753135681,12.081892013549805,0.0,-0.020119164139032364,39288,0.3089127540588379,0.6830956935882568,0.6739091873168945,12.941247510910035,,0.7777778506278992,0.3507750928401947,1784466523.6059165,0.38431188464164734,0.6301563382148743,1117,1.0,449.84,1.8001989126205444,2.193221092224121,0.08014076948165894,0.18999943137168884,7.583333492279053,-0.023718908429145813,0.05825689397752285,-0.8370240926742554,0.772223949432373,2.963958263397217,0.8726452589035034,0.5857038497924805,22.193078492842616,0.8574139475822449,0.2916666865348816
0.4016927480697632,0.2529647946357727,316.744743624,-0.009199456416536123,0.00011390625000000006,0.1887144297361374,0.3886425495147705,0.37725019454956055,12.715438842773438,0.0,-0.021572139114141464,42724,0.2876758575439453,0.6982631683349609,0.667599081993103,12.946948957443237,,0.7777778506278992,0.3501858115196228,1784466526.0134938,0.38425523042678833,0.6259977221488953,1118,1.0833333730697632,449.07,1.8576722145080566,2.0132014751434326,0.0839143916964531,0.19187967479228973,7.125,-0.020021962001919746,0.06500959545373916,-0.8387930393218994,0.7713276147842407,3.138914108276367,0.8947250247001648,0.6032267808914185,22.184215375036,0.8537325859069824,0.375
0.3969596326351166,0.2689877152442932,319.199141301,-0.008872290176805108,0.00011390625000000006,0.1974053829908371,0.38499367237091064,0.4154704809188843,12.664908409118652,0.0,-0.022100454196333885,39637,0.3159198760986328,0.7420352697372437,0.6603281497955322,12.931846714019775,,0.7777778506278992,0.3505140244960785,1784466528.606438,0.38397786021232605,0.6191130876541138,1119,1.0833333730697632,444.93,1.7881546020507812,2.164186716079712,0.08697893470525742,0.1888766884803772,8.083333969116211,-0.01962204836308956,0.06102097500115633,-0.8256082534790039,0.7709590792655945,3.1162173748016357,0.9274073839187622,0.630333662033081,22.025014332979918,0.8431846499443054,0.5833333730697632
0.388131320476532,0.26630720496177673,321.85224653,-0.008000068017281592,7.593750000000004e-05,0.18324625492095947,0.377306193113327,0.3930075168609619,12.930048942565918,0.0,-0.020516736432909966,41970,0.28879475593566895,0.7501697540283203,0.6480573415756226,12.908951091766358,,0.7777778506278992,0.3474736213684082,1784466531.050401,0.38387998938560486,0.6087549924850464,1120,1.125,447.73,1.862518072128296,2.0534372329711914,0.08963849395513535,0.18900007009506226,7.1666669845581055,-0.016977649182081223,0.06916142702102661,-0.7999156713485718,0.7724716663360596,3.1589667797088623,0.8883357048034668,0.6546112298965454,22.396726747900246,0.8234697580337524,0.375
0.4039233922958374,0.26126354932785034,324.499520344,-0.009582807365222833,7.593750000000002e-05,0.1907220184803009,0.3935522437095642,0.3912776708602905,12.142813682556152,0.0,-0.021131884306669235,38535,0.31003546714782715,0.740245521068573,0.6753664016723633,12.915453004837037,,0.7777778506278992,0.34555965662002563,1784466533.7123845,0.3839956820011139,0.6335580348968506,1121,1.4166667461395264,452.46,1.8518098592758179,2.240957260131836,0.0850541815161705,0.192926287651062,8.125,-0.021372711285948753,0.06507107317447662,-0.8379429578781128,0.7713397741317749,3.111419200897217,0.8982898592948914,0.6539739370346069,22.275075271353124,0.8593701720237732,0.375
0.4074494242668152,0.285440057516098,327.539680979,-0.009593696909723804,0.00011390625000000003,0.21116694808006287,0.39410287141799927,0.38320454955101013,13.438433647155762,0.0,-0.021895786747336388,38789,0.3192107677459717,0.808933436870575,0.6790110468864441,12.918206834793091,,0.7777778506278992,0.34643495082855225,1784466536.3663042,0.38399970531463623,0.6358450651168823,1122,1.25,468.7,1.9890012741088867,2.2150774002075195,0.09108185768127441,0.20045910775661469,7.333333492279053,-0.021197279915213585,0.07415779978036881,-0.8452229499816895,0.7696437835693359,3.3105762004852295,0.9931533336639404,0.6637263298034668,23.167236716747283,0.8653593063354492,0.3333333432674408
0.3950924575328827,0.2829969823360443,330.198746584,-0.008521220755937975,7.593750000000004e-05,0.21135008335113525,0.38443511724472046,0.38419777154922485,12.738842010498047,0.0,-0.018753113225102425,33639,0.28678059577941895,0.7733204364776611,0.6595871448516846,12.918844223022461,"{'_type': 'video-file', 'sha256': '11aa7dc444ae8636b797e2188132e351fc320488aa1fcb2eff3d0e488031efc1', 'path': 'media/videos/video_1123_11aa7dc444ae8636b797.mp4', 'size': 1686857.0}",0.7777778506278992,0.3466111421585083,1784466539.470302,0.38397711515426636,0.6188432574272156,1123,1.2083333730697632,455.99,1.9665913581848145,2.635481119155884,0.09172339737415314,0.1993580162525177,6.6666669845581055,-0.018496330827474594,0.06167021077126265,-0.8130286931991577,0.7697662115097046,3.1935319900512695,0.9216465950012207,0.6858009099960327,23.02810568526387,0.8383537530899048,0.4166666865348816
0.40596622228622437,0.24538783729076385,332.671222146,-0.008576462531345896,0.00017085937500000006,0.18093830347061157,0.39609023928642273,0.40923210978507996,12.104633331298828,0.0,-0.01946534775197506,39515,0.32677388191223145,0.6889446973800659,0.6781184673309326,12.903167629241944,,0.7777778506278992,0.34650158882141113,1784466542.0606635,0.3836873471736908,0.6356716156005859,1124,1.1666667461395264,456.27,1.6797020435333252,2.1609463691711426,0.08192496746778488,0.19494573771953583,8.5,-0.019577080383896828,0.0578913128003478,-0.8405154943466187,0.7699331045150757,2.9167308807373047,0.8387889266014099,0.6275506019592285,22.63636944755912,0.8645658493041992,0.5
0.4057241380214691,0.25335848331451416,335.288622114,-0.008890289987903088,0.00011390625000000006,0.19045519828796387,0.39615321159362793,0.43801093101501465,12.629149436950684,0.0,-0.019581865519285202,41688,0.28462982177734375,0.7205104827880859,0.6772111654281616,12.890020942687988,,0.7777778506278992,0.3458561301231384,1784466544.521983,0.38357052206993103,0.634297251701355,1125,0.9583333730697632,445.39,1.9031872749328613,2.0734193325042725,0.08329537510871887,0.19325153529644012,7.7916669845581055,-0.01997964084148407,0.06704739388078451,-0.8318052291870117,0.76972496509552,3.143064022064209,0.9076497554779053,0.6046183109283447,22.41047895744443,0.8590378165245056,0.4166666865348816
0.40083417296409607,0.24960434436798096,337.804664528,-0.00843713893846143,7.593750000000004e-05,0.1835148185491562,0.39062875509262085,0.42557668685913086,11.614652633666992,0.0,-0.021790217608213425,39062,0.3188033103942871,0.6428865194320679,0.6692807078361511,12.882682514190673,,0.7777778506278992,0.3433891236782074,1784466547.1500924,0.3834567964076996,0.6252374649047852,1126,0.9583333730697632,464.34,1.8077342510223389,2.197753429412842,0.08179311454296112,0.1927497833967209,7.6666669845581055,-0.021828345954418182,0.06921188905835152,-0.8293763995170593,0.7693260908126831,2.932955503463745,0.8710677623748779,0.543761670589447,22.649289763569833,0.8521436452865601,0.3333333432674408
0.38319069147109985,0.28236860036849976,340.411469011,-0.00923603764094878,0.00011390625000000003,0.21057945489883423,0.37483811378479004,0.3912566900253296,12.97989273071289,0.0,-0.020289666950702667,40963,0.32366418838500977,0.7907277941703796,0.6400256156921387,12.874232816696168,,0.7777778506278992,0.3443940281867981,1784466549.6673229,0.38341566920280457,0.6010119318962097,1127,1.5833333730697632,456.6,1.987303614616394,2.0761094093322754,0.09375077486038208,0.1867048740386963,7.5,-0.01976007968187332,0.06536749117076397,-0.796331524848938,0.7679276466369629,3.2633769512176514,0.956600546836853,0.6558135151863098,22.632599567212164,0.8171418905258179,0.3333333432674408
0.39499062299728394,0.25996580719947815,342.878285642,-0.009013244358357042,0.00011390625000000006,0.19204483926296234,0.38556599617004395,0.41940629482269287,12.185029983520508,0.0,-0.021414197981357574,39474,0.30022287368774414,0.71920245885849,0.6615439653396606,12.887754344940186,,0.7777778506278992,0.34408578276634216,1784466552.2676678,0.3836216628551483,0.6183263063430786,1128,1.2916667461395264,443.97,1.752302885055542,2.190081834793091,0.08333762735128403,0.1939152479171753,7.833333492279053,-0.020156940445303917,0.06683527771383524,-0.8232080340385437,0.7664302587509155,3.110349655151367,0.8743321299552917,0.6187161207199097,21.95162321947515,0.8438555598258972,0.5
0.3951185643672943,0.26935890316963196,345.465433386,-0.007281928407610394,7.593750000000004e-05,0.21069841086864471,0.38736674189567566,0.4484493136405945,12.1842041015625,0.0,-0.020675407722592354,41638,0.2953979969024658,0.7296209335327148,0.6618944406509399,12.890624713897704,,0.7777778506278992,0.34258872270584106,1784466554.7287292,0.38352978229522705,0.6240979433059692,1129,1.25,455.32,1.936316728591919,2.065480947494507,0.08509401977062225,0.19919359683990479,7.833333492279053,-0.020254217088222504,0.06716596782207489,-0.8165171146392822,0.7654438018798828,3.0920798778533936,0.932136058807373,0.6590232849121094,22.710704043507576,0.8429145216941833,0.375
0.3828728199005127,0.28382739424705505,347.971363578,-0.009231125336373224,7.593750000000002e-05,0.22225186228752136,0.37389951944351196,0.37446433305740356,13.068269729614258,0.0,-0.020780187100172043,39537,0.3094630241394043,0.7706465721130371,0.6405611038208008,12.87974214553833,,0.7777778506278992,0.34199386835098267,1784466557.3200388,0.38339558243751526,0.600784957408905,1130,1.1666667461395264,418.39,1.9035022258758545,2.1769115924835205,0.093097023665905,0.19050219655036926,6.458333492279053,-0.01949782483279705,0.08473240546882152,-0.7922341823577881,0.7653579711914062,3.288943290710449,0.9781162738800049,0.6489258408546448,21.042850562632083,0.8153983354568481,0.5833333730697632
0.39473995566368103,0.26978927850723267,350.429332657,-0.009065682522486896,0.00017085937500000006,0.20543615520000458,0.38652539253234863,0.3835272789001465,12.12735652923584,0.0,-0.020372744649648666,40945,0.2866497039794922,0.706899881362915,0.659731388092041,12.874618339538575,,0.7777778506278992,0.34022554755210876,1784466559.8219044,0.38324132561683655,0.6187440156936646,1131,1.5833333730697632,465.02,1.7842390537261963,2.1141905784606934,0.08645614236593246,0.18826806545257568,8.666666984558105,-0.01658787578344345,0.0667641730979085,-0.8112974166870117,0.764014720916748,3.0890870094299316,0.8655893802642822,0.6052539348602295,23.19722240909934,0.8391104936599731,0.4166666865348816
0.38298797607421875,0.27982044219970703,352.872150942,-0.009107820663484745,0.00011390625000000006,0.21655027568340302,0.3749287724494934,0.3768208920955658,12.777900695800781,0.0,-0.020043503493070602,41704,0.29637622833251953,0.7373725771903992,0.6413289308547974,12.859076356887817,,0.7777778506278992,0.34353384375572205,1784466562.281504,0.3831234276294708,0.5997737050056458,1132,1.4583333730697632,453.31,2.074967861175537,2.060760021209717,0.08860751241445541,0.1833837628364563,7.5,-0.019495295360684395,0.06559874974191189,-0.7934497594833374,0.7621301412582397,3.2474639415740967,0.9277067184448242,0.5969681739807129,22.6889705632627,0.8175323009490967,0.375
0.3922234773635864,0.27217400074005127,355.419245876,-0.008751175014185718,0.00011390625000000006,0.21043246984481812,0.38443121314048767,0.4249213933944702,12.329023361206055,0.0,-0.01957065984606743,41992,0.3193521499633789,0.7263555526733398,0.6560333371162415,12.857239294052125,,0.7777778506278992,0.34415265917778015,1784466564.7423217,0.38312894105911255,0.6143122315406799,1133,1.2083333730697632,457.33,1.8147859573364258,2.0216336250305176,0.08787737786769867,0.19050511717796326,7.75,-0.02009355090558529,0.06498092636466027,-0.8077044486999512,0.7622557878494263,3.0252299308776855,0.9107661247253418,0.6108145117759705,22.95762205466628,0.8348339796066284,0.4166666865348816
0.4000380039215088,0.2603859305381775,357.868416358,-0.00748010871175211,0.00011390625000000006,0.19102555513381958,0.3919597566127777,0.40416908264160156,12.378779411315918,0.0,-0.01875583827495575,40570,0.2877163887023926,0.6875027418136597,0.6679365634918213,12.858910179138183,,0.7777778506278992,0.34628042578697205,1784466567.269094,0.383147269487381,0.625465989112854,1134,1.2083333730697632,456.05,1.8593530654907227,2.1353163719177246,0.08389373868703842,0.19248244166374207,7.125,-0.02041393145918846,0.07791500128805637,-0.8193813562393188,0.760730504989624,3.1015496253967285,0.9131743907928467,0.5727379322052002,22.81861564964056,0.8486725687980652,0.3333333432674408
0.38017845153808594,0.29318559169769287,360.373516789,-0.009157658816548064,0.00011390625000000006,0.23214685916900635,0.3739550709724426,0.36432239413261414,13.27496337890625,0.0,-0.020401254296302795,41861,0.2882730960845947,0.7861525416374207,0.636353611946106,12.866549491882324,,0.7777778506278992,0.3480531573295593,1784466569.7136297,0.3834100365638733,0.596308171749115,1135,1.9583333730697632,427.93,2.1149117946624756,2.060063362121582,0.09622794389724731,0.18204735219478607,7.875,-0.021787874400615692,0.08364538736641407,-0.7809814214706421,0.7586266398429871,3.3934860229492188,0.9498917460441589,0.6643004417419434,21.194726093821227,0.8089269995689392,0.625
0.3922819495201111,0.28784888982772827,362.881551396,-0.008171985746594146,7.593750000000004e-05,0.2106752097606659,0.38255342841148376,0.4377683997154236,13.242469787597656,0.0,-0.0222453810274601,40801,0.33157992362976074,0.7746376991271973,0.6558552980422974,12.880071210861207,,0.7777778506278992,0.34755250811576843,1784466572.2285347,0.3833506405353546,0.6127958297729492,1136,1.2916667461395264,462.0,1.854994535446167,2.0777249336242676,0.09172799438238144,0.1929849237203598,7.2916669845581055,-0.020272936671972275,0.05663612093776464,-0.8097614049911499,0.7585269808769226,3.2395894527435303,0.9373568296432495,0.6506438255310059,22.996939516067506,0.8353337049484253,0.3333333432674408
0.4170023202896118,0.23429179191589355,365.478799817,-0.009102790906035807,0.00017085937500000006,0.15997590124607086,0.4089529514312744,0.38750386238098145,11.089251518249512,0.0,-0.02153620682656765,40962,0.29191088676452637,0.6293537616729736,0.6983861923217773,12.854552078247071,,0.7777778506278992,0.3489910960197449,1784466574.727596,0.38304072618484497,0.6536176204681396,1137,0.6666666865348816,486.41,1.713465690612793,2.107922077178955,0.07610055804252625,0.20473620295524597,7.1666669845581055,-0.023021824657917023,0.05418321620672941,-0.855207622051239,0.7572473287582397,2.7871060371398926,0.8147503137588501,0.5549749135971069,24.11587277950719,0.8880683779716492,0.0416666679084301
0.41172274947166443,0.23581138253211975,367.944139496,-0.008441910252440721,0.00011390625000000006,0.1663910150527954,0.4047190546989441,0.3974636495113373,11.628538131713867,0.0,-0.019300732761621475,39331,0.3272583484649658,0.6311178207397461,0.689793586730957,12.855867004394531,,0.7777778506278992,0.34874042868614197,1784466577.3396294,0.3832133114337921,0.6473000645637512,1138,0.8333333730697632,466.93,1.7595537900924683,2.1721034049987793,0.07685358822345734,0.19932997226715088,7.458333492279053,-0.025173557922244072,0.06828432753682137,-0.8410045504570007,0.7571555376052856,2.8125853538513184,0.8143452405929565,0.5451368689537048,23.461361115276812,0.8759419322013855,0.4166666865348816
0.3915242850780487,0.27885371446609497,370.299366774,-0.00848250676644966,0.00011390625000000006,0.20618197321891785,0.3839418888092041,0.43888968229293823,12.911842346191406,0.0,-0.021100949496030807,41810,0.2900245189666748,0.7331077456474304,0.6527813076972961,12.862987565994263,,0.7777778506278992,0.35156795382499695,1784466579.793001,0.38323983550071716,0.6099135875701904,1139,1.25,445.19,1.9179151058197021,2.0611512660980225,0.08692251145839691,0.18464265763759613,7.5416669845581055,-0.019307997077703476,0.07111450582742691,-0.8005988597869873,0.7557145357131958,3.0912833213806152,0.8995323181152344,0.6316000819206238,22.05891316473484,0.8307242393493652,0.375
0.39872559905052185,0.27775177359580994,372.929934592,-0.008246766531374305,7.593750000000004e-05,0.210540771484375,0.39146631956100464,0.3635396957397461,12.355873107910156,0.0,-0.021190177649259567,43546,0.2968604564666748,0.7423510551452637,0.6669026613235474,12.853395986557008,,0.7777778506278992,0.3528235852718353,1784466582.1473808,0.3830431401729584,0.6250454783439636,1140,1.0,450.78,2.046834707260132,1.9605841636657715,0.09157886356115341,0.19718490540981293,7.958333492279053,-0.026250196620821953,0.061825317703187464,-0.8166700601577759,0.7548734545707703,3.189110517501831,0.9037458300590515,0.6486901044845581,22.46263183493167,0.8466796875,0.8333333730697632
0.3950314521789551,0.253912091255188,375.352261929,-0.008580493120098254,7.593750000000002e-05,0.19518440961837769,0.3865688741207123,0.4015861451625824,12.820503234863281,0.0,-0.021390950307250023,38809,0.31102728843688965,0.6892130374908447,0.6599764227867126,12.82726001739502,,0.7777778506278992,0.35433894395828247,1784466584.788057,0.38270846009254456,0.6184195280075073,1141,1.0833333730697632,451.94,1.837554693222046,2.22198224067688,0.0808153823018074,0.1946500986814499,7.333333492279053,-0.019654354080557823,0.06148411277681589,-0.8126718401908875,0.7529639005661011,3.1263632774353027,0.8678315877914429,0.5690516829490662,22.577924200892447,0.8408915996551514,0.3333333432674408
0.4057386815547943,0.23196715116500854,377.970090859,-0.008615069762890925,0.00011390625000000003,0.1652294248342514,0.39516013860702515,0.40352964401245117,11.234241485595703,0.0,-0.021029528230428696,42495,0.30216455459594727,0.6093037128448486,0.6764001846313477,12.806095409393311,,0.7777778506278992,0.3562752902507782,1784466587.207582,0.3824499249458313,0.6330302953720093,1142,0.8333333730697632,475.1,1.6154727935791016,2.011136054992676,0.07653916627168655,0.1932317465543747,8.041666984558105,-0.02242720127105713,0.05196129977703094,-0.8377485275268555,0.7513638734817505,2.7710041999816895,0.7873355746269226,0.541879415512085,23.321904557049276,0.8642491698265076,0.375
0.3913976848125458,0.2625597417354584,380.996675254,-0.008527403153129854,0.00011390625000000006,0.19439148902893066,0.3835054636001587,0.4051346778869629,12.40634822845459,0.0416666679084301,-0.020821746438741684,39134,0.31174540519714355,0.6412639021873474,0.6556326150894165,12.788487195968628,,0.7777778506278992,0.35591360926628113,1784466589.829368,0.3823780119419098,0.6119095683097839,1143,1.0833333730697632,441.1,1.8716868162155151,2.200202465057373,0.08466917276382446,0.18618112802505493,7.375,-0.019596409052610397,0.08948457576334476,-0.803550660610199,0.7518470287322998,3.045738935470581,0.8760489821434021,0.5488520264625549,22.08183788947761,0.8334728479385376,0.5
0.3853198289871216,0.28181859850883484,383.651780796,-0.008513815245532897,7.593750000000004e-05,0.2168821096420288,0.37678441405296326,0.4172605276107788,12.284406661987305,0.0,-0.021437283605337143,33724,0.3338298797607422,0.7838726043701172,0.6434348821640015,12.794011211395263,"{'size': 1664428.0, '_type': 'video-file', 'sha256': '4ce829c1bde88e4f33dbd660f70013081f7449577711c60bc27e7ff20da25b4d', 'path': 'media/videos/video_1144_4ce829c1bde88e4f33db.mp4'}",0.7777778506278992,0.358603835105896,1784466592.9785435,0.3824019134044647,0.5999078750610352,1144,1.2083333730697632,456.06,1.840200662612915,2.581087827682495,0.0933443233370781,0.18638893961906433,7.208333492279053,-0.020718319341540337,0.06940163224935532,-0.7943314909934998,0.749636173248291,3.0916051864624023,0.9275058507919312,0.6926681399345398,22.54343442171812,0.8203973770141602,0.75
0.40268632769584656,0.27765247225761414,386.237601744,-0.008870328671764582,7.593750000000002e-05,0.22213837504386902,0.3949160575866699,0.40958985686302185,12.551937103271484,0.0833333358168602,-0.02104119211435318,40426,0.29227375984191895,0.7141273021697998,0.6733070611953735,12.792610931396485,,0.7777778506278992,0.36340948939323425,1784466595.4967332,0.38239923119544983,0.6300259828567505,1145,1.25,463.78,1.9353922605514526,2.139421224594116,0.08901115506887436,0.19412264227867126,8.333333969116211,-0.02857140824198723,0.0636694934219122,-0.8305319547653198,0.7471731901168823,3.1246938705444336,0.9006137847900391,0.5985796451568604,23.037253964208066,0.8579184412956238,0.4166666865348816
0.39037761092185974,0.28196996450424194,388.844546834,-0.009356386691797525,0.00011390625000000003,0.21778371930122375,0.3820938766002655,0.3803868889808655,12.565853118896484,0.0,-0.021761011332273483,39473,0.3195006847381592,0.7067627906799316,0.6529042720794678,12.79737901687622,,0.7777778506278992,0.36636871099472046,1784466598.1061368,0.38251549005508423,0.610029399394989,1146,0.7916666865348816,439.72,1.80364990234375,2.1708643436431885,0.0899142175912857,0.19260156154632568,7.083333492279053,-0.018442369997501373,0.07043958120048047,-0.8047189116477966,0.7458975315093994,3.112673759460449,0.9012467265129089,0.6047630310058594,21.949343530386685,0.8305447101593018,0.7083333730697632
0.3999745845794678,0.2592543065547943,391.546452884,-0.008317612460814416,0.00011390625000000006,0.18617749214172363,0.39300429821014404,0.356425940990448,12.64759349822998,0.0,-0.021630991250276566,39636,0.30739903450012207,0.7234138250350952,0.6715025901794434,12.809125804901123,,0.7777778506278992,0.3674775958061218,1784466600.713338,0.3825800120830536,0.6285175085067749,1147,1.1666667461395264,445.8,1.8162240982055664,2.1727614402770996,0.0867093950510025,0.20505765080451965,7.625,-0.020987726747989655,0.07195250727236271,-0.8210576772689819,0.7447370886802673,3.087151527404785,0.911670446395874,0.6077836751937866,22.32665083937347,0.8506850004196167,0.5833333730697632
0.40668684244155884,0.27180564403533936,393.991178624,-0.00897085561300628,0.00011390625000000006,0.2092684805393219,0.3973805606365204,0.3962584137916565,12.977005004882812,0.0,-0.022922543808817863,38120,0.31531357765197754,0.7574329376220703,0.6808294653892517,12.814319562911987,,0.7777778506278992,0.36801689863204956,1784466603.4068785,0.38267701864242554,0.6357787847518921,1148,1.0,461.37,1.9466480016708374,2.263474702835083,0.09153758734464645,0.20234636962413788,7.708333492279053,-0.021064486354589462,0.06991989575326443,-0.8419203758239746,0.7442004084587097,3.2245688438415527,0.8960739970207214,0.6458101272583008,22.79857002094388,0.8676915168762207,0.7083333730697632
0.3882695138454437,0.27045637369155884,396.457718024,-0.008494238782441243,0.00011390625000000006,0.20853452384471893,0.38111039996147156,0.3847886025905609,12.839921951293945,0.0,-0.021934255957603455,42132,0.2839381694793701,0.7179539203643799,0.6508806943893433,12.819078207015991,,0.7777778506278992,0.3674190938472748,1784466605.8409839,0.3826078176498413,0.6076643466949463,1149,1.375,429.53,1.825527548789978,2.0492799282073975,0.08907113969326019,0.18960264325141907,7.875,-0.02243403159081936,0.0674506014212966,-0.7972199320793152,0.7442185282707214,3.0742297172546387,0.920386016368866,0.6160115599632263,21.167611005008222,0.8264951109886169,0.7083333730697632
0.3916587233543396,0.2692297399044037,398.954407385,-0.008635545335710048,7.593750000000004e-05,0.20698565244674683,0.38525769114494324,0.3895055949687958,12.50762939453125,0.0,-0.023305464535951614,41544,0.2991025447845459,0.7313908338546753,0.6555083394050598,12.802350378036499,,0.7777778506278992,0.36925897002220154,1784466608.3073964,0.3824044466018677,0.612903892993927,1150,1.1666667461395264,433.24,1.8828195333480835,2.0671334266662598,0.0881756842136383,0.1886703222990036,7.708333492279053,-0.02182033471763134,0.0730857327580452,-0.805632472038269,0.7422139048576355,3.0569705963134766,0.9180864095687866,0.634410560131073,21.533838533684612,0.8348504900932312,0.5416666865348816
0.3960760533809662,0.2634514570236206,401.610178332,-0.009442994534038008,0.00011390625000000003,0.20025312900543213,0.38823139667510986,0.36015185713768005,12.098487854003906,0.0,-0.020852943882346153,41017,0.31102681159973145,0.685489296913147,0.6627744436264038,12.793684196472167,,0.7777778506278992,0.37168359756469727,1784466610.8197346,0.38230571150779724,0.6211755275726318,1151,1.0416667461395264,433.76,1.8065893650054932,2.0856146812438965,0.08557704091072083,0.19764304161071777,7.333333492279053,-0.01902049407362938,0.06773259192705154,-0.8134064674377441,0.739508867263794,2.991617202758789,0.8800705671310425,0.5996297597885132,21.366332875192164,0.8440391421318054,0.7083333730697632
0.4004508852958679,0.2627248167991638,404.047326651,-0.00935213669145014,0.00011390625000000006,0.19253918528556824,0.3951305150985718,0.39956730604171753,11.820310592651367,0.0,-0.021287687122821808,38778,0.31470513343811035,0.6558696627616882,0.670663058757782,12.789402866363526,,0.7777778506278992,0.3735474944114685,1784466613.4676566,0.38225165009498596,0.6304584741592407,1152,1.0416667461395264,456.41,1.7301998138427734,2.2202882766723633,0.08559918403625488,0.20229095220565796,7.833333492279053,-0.021121378988027573,0.062149799056351186,-0.8196732997894287,0.7387768626213074,2.9419455528259277,0.8404289484024048,0.5814219117164612,22.847816493846477,0.8524391055107117,0.5
0.3981996476650238,0.2375992387533188,406.524893198,-0.009208115912042559,0.00011390625000000006,0.17491555213928223,0.38934454321861267,0.3734865188598633,11.994750022888184,0.0,-0.021858271211385727,42260,0.28440117835998535,0.6338814496994019,0.6646802425384521,12.781627893447876,,0.7777778506278992,0.3741985261440277,1784466615.8982265,0.3822011947631836,0.6239994168281555,1153,0.9166666865348816,449.57,1.7434052228927612,2.041715145111084,0.07593686133623123,0.19534489512443542,7.75,-0.023344283923506737,0.06391175054013729,-0.8210489749908447,0.7378455996513367,2.9014594554901123,0.8389148712158203,0.5473375916481018,22.234966806024314,0.8479368090629578,0.375
0.3907771110534668,0.2734609842300415,409.041164778,-0.007515276205958798,7.593750000000004e-05,0.2081521600484848,0.3829704225063324,0.43970009684562683,12.323943138122559,0.0,-0.02277858555316925,41374,0.29921460151672363,0.7490726709365845,0.6540513634681702,12.779522037506103,,0.7777778506278992,0.3731195330619812,1784466618.3739192,0.3821447491645813,0.6111288070678711,1154,1.2916667461395264,439.86,1.8568341732025146,2.0767276287078857,0.08681459724903107,0.19299831986427307,7.6666669845581055,-0.018520057201385498,0.0681440994143486,-0.8117647171020508,0.7372748851776123,3.1218156814575195,0.9063663482666016,0.6536318063735962,21.868112436234952,0.8354943990707397,0.5416666865348816
0.39359670877456665,0.2882564663887024,411.688548182,-0.00890455232001841,7.593750000000002e-05,0.2201104611158371,0.3867483139038086,0.3595484495162964,12.616473197937012,0.0,-0.020567145198583603,40663,0.316028356552124,0.7922614812850952,0.660317063331604,12.776573657989502,,0.7777778506278992,0.3743448257446289,1784466620.9085255,0.382083922624588,0.6178159713745117,1155,1.375,435.37,1.9603413343429565,2.101459503173828,0.09538571536540985,0.19909974932670593,7.4166669845581055,-0.0202676672488451,0.06281005274504423,-0.7991549968719482,0.7347896099090576,3.179401397705078,0.9496967196464539,0.6907898187637329,22.141285902187228,0.8342999815940857,0.625
0.3999723196029663,0.23822276294231415,414.170647183,-0.009445668378612026,0.00011390625000000003,0.17334052920341492,0.39291414618492126,0.3907763659954071,12.09342098236084,0.0,-0.02122332900762558,38857,0.31100893020629883,0.7102656364440918,0.6688657999038696,12.7748948097229,,0.7777778506278992,0.3771798014640808,1784466623.548203,0.382018506526947,0.6274139881134033,1156,1.0,457.06,1.6488232612609863,2.218824625015259,0.07820511609315872,0.1922844648361206,8.0,-0.019320271909236908,0.0704193614423275,-0.8253602385520935,0.7332350611686707,2.965099811553955,0.875160813331604,0.5886897444725037,22.963701112493872,0.8533515334129333,0.1666666716337204
0.38691413402557373,0.29754751920700073,416.655534127,-0.008926694127148948,0.00011390625000000006,0.23342615365982056,0.3787079453468323,0.3907410502433777,12.922597885131836,0.0,-0.022454213351011276,41447,0.284104585647583,0.7950544357299805,0.647253155708313,12.764765882492066,,0.7777778506278992,0.37958604097366333,1784466626.0249686,0.3818461000919342,0.6052243113517761,1157,1.2083333730697632,439.23,1.9629206657409668,2.0876591205596924,0.0957232415676117,0.19357961416244507,7.1666669845581055,-0.02258477732539177,0.07894355729222298,-0.7996537089347839,0.7306665778160095,3.221541166305542,0.9651597738265991,0.693759560585022,21.947441704571247,0.8254501819610596,0.8333333730697632
0.3888809084892273,0.28708416223526,419.212271245,-0.007786070764996112,7.593750000000004e-05,0.2240242063999176,0.3815319240093231,0.35691651701927185,12.758212089538574,0.0,-0.02251404896378517,41327,0.29878735542297363,0.7753524780273438,0.6503889560699463,12.758403730392455,,0.7777778506278992,0.3791925609111786,1784466628.507841,0.3818926215171814,0.6102416515350342,1158,1.125,441.48,1.9115242958068848,2.07985258102417,0.09239374846220016,0.19656336307525635,6.6666669845581055,-0.018303871154785156,0.08171498030424118,-0.8038921356201172,0.7296550273895264,3.2516849040985107,0.9326519966125488,0.672295093536377,21.853444407656788,0.8306125998497009,0.625
0.3874172866344452,0.27401110529899597,421.707093098,-0.009362713742302731,7.593750000000002e-05,0.21303634345531464,0.3802153766155243,0.3432852625846863,12.732931137084961,0.0,-0.021841540932655334,40061,0.3258967399597168,0.793552041053772,0.6496710777282715,12.765609073638917,,0.7777778506278992,0.38054507970809937,1784466631.0797706,0.38193485140800476,0.6078749299049377,1159,1.2916667461395264,461.53,1.9771636724472046,2.1279184818267822,0.0877721756696701,0.19703638553619385,7.583333492279053,-0.02580888569355011,0.07052239254117013,-0.8001497983932495,0.7270549535751343,3.1884639263153076,0.9106450080871582,0.6984975337982178,22.936508352980017,0.8264750242233276,0.75
0.3880762457847595,0.281666100025177,424.113181173,-0.009282918577082456,5.062500000000002e-05,0.2194749414920807,0.3821656405925751,0.41866856813430786,13.041669845581055,0.0,-0.02020667865872383,41361,0.2874927520751953,0.7400211095809937,0.6480457186698914,12.764666604995728,,0.7777778506278992,0.38167059421539307,1784466633.546228,0.38196003437042236,0.609589695930481,1160,1.7083333730697632,432.16,1.9703342914581299,2.0892372131347656,0.09188317507505417,0.19319550693035126,7.583333492279053,-0.019282136112451553,0.07406252026557922,-0.7960846424102783,0.7249999046325684,3.234381675720215,0.9475706815719604,0.646514356136322,21.717027412578464,0.8263945579528809,0.5416666865348816
0.38950401544570923,0.27357810735702515,426.483140644,-0.008893001158139669,7.593750000000002e-05,0.21388086676597595,0.3854268193244934,0.43677884340286255,12.816596984863281,0.0416666679084301,-0.022061940282583237,42432,0.2830214500427246,0.7478477358818054,0.6539977192878723,12.774965143203735,,0.7777778506278992,0.381060928106308,1784466635.964538,0.38212382793426514,0.6134128570556641,1161,1.2083333730697632,450.79,1.8470180034637451,2.033684253692627,0.0884145125746727,0.1938621699810028,7.5,-0.017082341015338898,0.07033861130475998,-0.8027982115745544,0.7241853475570679,3.159548759460449,0.9274364709854126,0.6523362398147583,22.462013382315636,0.833690345287323,0.4583333432674408
0.3998054265975952,0.26110342144966125,429.105101741,-0.008912664477247745,7.593750000000002e-05,0.20417672395706177,0.39493703842163086,0.4288194179534912,12.316703796386719,0.0,-0.020762961357831955,43325,0.28989315032958984,0.7189970016479492,0.6714757680892944,12.770501613616943,,0.7777778506278992,0.3812512159347534,1784466638.339542,0.38197439908981323,0.6308963298797607,1162,0.9583333730697632,442.03,1.8059425354003906,1.9790642261505127,0.08511262387037277,0.20395813882350922,6.875,-0.025254419073462486,0.06783100254833699,-0.8163740634918213,0.7231285572052002,3.0205161571502686,0.8774825930595398,0.6236777305603027,22.243453679159284,0.8519941568374634,0.625
0.39908140897750854,0.25443363189697266,431.59341078,-0.009098668801016174,0.00011390625000000003,0.18689286708831787,0.3941686749458313,0.34322690963745117,12.444804191589355,0.0,-0.021550700068473816,39067,0.30038881301879883,0.700506865978241,0.6686968207359314,12.761553716659545,,0.7777778506278992,0.38276058435440063,1784466640.9542832,0.3819045424461365,0.628032386302948,1163,1.125,463.24,1.8577086925506592,2.215890645980835,0.08102183789014816,0.20100955665111542,8.0,-0.02122466079890728,0.06626646239310503,-0.8197168707847595,0.7211551666259766,3.0184712409973145,0.8838101625442505,0.5974224805831909,23.344033739231527,0.8509129285812378,0.4583333432674408
0.40409430861473083,0.27172309160232544,434.768728572,-0.008312824784661643,0.00011390625000000006,0.20385199785232544,0.39864933490753174,0.4282088875770569,13.085807800292969,0.0,-0.023723289370536804,41160,0.29665398597717285,0.7800788879394531,0.6792317628860474,12.759922361373901,,0.7777778506278992,0.3829432427883148,1784466643.4454758,0.3820071220397949,0.6373220682144165,1164,1.1666667461395264,449.42,2.001511812210083,2.0916411876678467,0.08888308703899384,0.2049565315246582,7.083333492279053,-0.01769803836941719,0.07258208617568015,-0.8300704956054688,0.7212557792663574,3.2497336864471436,0.9155430197715759,0.6839253306388855,22.634735779501497,0.8625549077987671,0.5
0.40984222292900085,0.2586180567741394,437.561270904,-0.008776178222615273,7.593750000000004e-05,0.18630270659923553,0.40259742736816406,0.390001118183136,12.068464279174805,0.0,-0.02104964107275009,32003,0.2971775531768799,0.7314411997795105,0.6858648061752319,12.766875076293946,"{'_type': 'video-file', 'sha256': '60e2a4ab634646d190ab27bdd1ad37c0bcb8b5c7e2209719da852d0876bfe1b1', 'path': 'media/videos/video_1165_60e2a4ab634646d190ab.mp4', 'size': 1432656.0}",0.7777778506278992,0.38356584310531616,1784466646.7080073,0.3820883631706238,0.643415629863739,1165,1.2083333730697632,455.19,1.8688844442367554,2.774521589279175,0.08230044692754745,0.20577570796012878,7.625,-0.02047330141067505,0.06981736496090889,-0.8381602764129639,0.7188426852226257,3.002617835998535,0.8671877384185791,0.6281313896179199,22.61950324088335,0.8723758459091187,0.3333333432674408
0.39583051204681396,0.25039464235305786,440.147083308,-0.009251051163300873,0.00011390625000000003,0.18412475287914276,0.38967376947402954,0.35070571303367615,12.475652694702148,0.0416666679084301,-0.020103149116039276,37672,0.3066835403442383,0.6936153769493103,0.6650906801223755,12.768253517150878,,0.7777778506278992,0.38253283500671387,1784466649.431823,0.3821426331996918,0.6214118599891663,1166,1.4583333730697632,445.56,1.739304542541504,2.3027515411376953,0.08062974363565445,0.19655846059322357,8.333333969116211,-0.01871296390891075,0.07427169531583785,-0.8104962706565857,0.7188223600387573,3.0584254264831543,0.8641347885131836,0.5870253443717957,22.319374531880023,0.8429921865463257,0.5416666865348816
0.3915426433086395,0.2699073255062103,442.649497268,-0.008141963073285297,0.00011390625000000006,0.2046757936477661,0.3854330778121948,0.42267143726348877,12.888513565063477,0.0,-0.022598087787628174,39909,0.3272109031677246,0.7623223066329956,0.6572773456573486,12.761299467086792,,0.7777778506278992,0.3826847970485687,1784466652.0229075,0.38190245628356934,0.6152547597885132,1167,1.2916667461395264,447.3,2.028055191040039,2.1359567642211914,0.08881305903196335,0.19651272892951965,6.75,-0.025007395073771477,0.07106682024896145,-0.8079039454460144,0.7174153327941895,3.1358935832977295,0.8923486471176147,0.6770588159561157,22.365167904496193,0.8353325128555298,0.5833333730697632
0.3799247741699219,0.29161128401756287,445.055629328,-0.008573779801372439,0.00011390625000000006,0.22113940119743347,0.37437325716018677,0.3784550130367279,12.786735534667969,0.0,-0.021992042660713196,41401,0.28966355323791504,0.7545368075370789,0.6368887424468994,12.74253602027893,,0.7777778506278992,0.3809998035430908,1784466654.497167,0.38168561458587646,0.597983181476593,1168,1.4166667461395264,422.91,1.934274435043335,2.0847439765930176,0.09660902619361877,0.19031420350074768,7.0,-0.0241671334952116,0.06787419486790895,-0.7818016409873962,0.7175658941268921,3.14127779006958,0.9276973605155945,0.6661364436149597,21.03114501502365,0.8099090456962585,0.6666666865348816
0.3972187936306,0.2651560306549072,447.723356818,-0.008609391236677765,0.00011390625000000006,0.20334236323833466,0.3930986523628235,0.3607776165008545,12.169035911560059,0.0,-0.020704688504338264,42554,0.2955338954925537,0.7147964239120483,0.6680437922477722,12.733433055877686,,0.7777778506278992,0.38015812635421753,1784466656.9054961,0.38164791464805603,0.6280081272125244,1169,0.9583333730697632,452.57,1.8902524709701538,2.014517068862915,0.08650537580251694,0.20588628947734833,8.208333969116211,-0.018475361168384552,0.07181046828627587,-0.8133922815322876,0.7186905741691589,3.028596878051758,0.879423975944519,0.6228878498077393,23.09053554072976,0.8464824557304382,0.5833333730697632
0.39082974195480347,0.2680412232875824,450.199619296,-0.00773904086672701,7.593750000000004e-05,0.19838914275169373,0.3866940438747406,0.3482763171195984,12.916717529296875,0.0,-0.021040765568614006,38293,0.3083615303039551,0.7609745860099792,0.6580326557159424,12.740630722045898,,0.7777778506278992,0.3800995349884033,1784466659.58028,0.38167545199394226,0.620140552520752,1170,1.2916667461395264,443.27,1.8313767910003662,2.258732557296753,0.08792143315076828,0.2003168761730194,8.25,-0.018506862223148346,0.062053050473332406,-0.8027962446212769,0.7195237874984741,3.148061752319336,0.8886170387268066,0.6620175242424011,22.32873238850385,0.8350123167037964,0.625
0.39232751727104187,0.26115942001342773,452.830767696,-0.008766997372731566,0.00011390625000000003,0.20084723830223083,0.3889932632446289,0.3322654366493225,12.071418762207031,0.0,-0.019017215818166733,41527,0.2864375114440918,0.7199101448059082,0.662075400352478,12.734938383102417,,0.7777778506278992,0.38002872467041016,1784466662.0518284,0.38157394528388977,0.6201812028884888,1171,1.125,444.9,1.9502062797546387,2.080782890319824,0.08448194712400436,0.20376086235046387,7.0,-0.021811798214912415,0.06300078481435775,-0.797339677810669,0.7190877795219421,3.1203904151916504,0.8431569933891296,0.6309956312179565,22.685468001067637,0.835631251335144,0.4583333432674408
0.3951011598110199,0.24961423873901367,455.458888866,-0.007684431824600324,7.593750000000004e-05,0.18284544348716736,0.3891328275203705,0.4127337634563446,12.96875,0.0,-0.02206156775355339,38874,0.3045158386230469,0.7443846464157104,0.6636626720428467,12.727990436553956,,0.7777778506278992,0.3797548711299896,1784466664.690622,0.3815710246562958,0.6188592314720154,1172,1.125,441.37,1.8785209655761719,2.2242350578308105,0.0828053206205368,0.19411151111125946,7.9166669845581055,-0.022080525755882263,0.07352238036692142,-0.8116926550865173,0.7183237075805664,3.08591365814209,0.8788485527038574,0.6475645303726196,22.13348350793123,0.8422958850860596,0.375
0.39272046089172363,0.27703115344047546,457.957753501,-0.009181987636839039,0.00011390625000000003,0.2126256227493286,0.3903561532497406,0.35830992460250854,12.735198974609375,0.0,-0.019015394151210785,39111,0.3216233253479004,0.7808350324630737,0.6631519198417664,12.738902616500855,,0.7777778506278992,0.379159539937973,1784466667.3241968,0.381733775138855,0.6188067197799683,1173,1.0416667461395264,444.39,1.7182029485702515,2.191809892654419,0.09251926839351654,0.2038785219192505,7.375,-0.017266612499952316,0.07535991668701172,-0.8008438944816589,0.7179386019706726,3.1237096786499023,0.8908748626708984,0.686202883720398,22.51652455344796,0.836833119392395,0.7083333730697632
0.38280153274536133,0.29957008361816406,460.488892452,-0.008783418126404286,7.593750000000004e-05,0.224411278963089,0.3772520422935486,0.351345419883728,13.693327903747559,0.0,-0.020596502348780632,41254,0.2988746166229248,0.8363615870475769,0.6437745094299316,12.747309398651122,,0.7777778506278992,0.38234543800354004,1784466669.809964,0.3817773461341858,0.6005256175994873,1174,1.75,417.39,2.0103015899658203,2.08400821685791,0.0958324670791626,0.1929091215133667,7.6666669845581055,-0.0225650817155838,0.08715045303106309,-0.7863871455192566,0.7157421112060547,3.324794292449951,0.9507704973220825,0.735287606716156,20.89115568106994,0.8155778646469116,0.625
0.3818408250808716,0.2848798632621765,462.966059335,-0.00833928415668197,0.00011390625000000003,0.21846942603588104,0.3758944272994995,0.36970752477645874,13.590038299560547,0.0416666679084301,-0.021066656336188316,40513,0.312028169631958,0.7877073287963867,0.6432670950889587,12.755236434936524,,0.7777778506278992,0.3811536729335785,1784466672.3615866,0.38190191984176636,0.599087655544281,1175,1.5833333730697632,427.17,1.90403413772583,2.1143996715545654,0.0955209881067276,0.1982826292514801,8.041666984558105,-0.020162617787718773,0.06972204335033894,-0.7843340635299683,0.7147400379180908,3.3002490997314453,0.969972550868988,0.6525998115539551,21.632559278514236,0.8131935000419617,0.8333333730697632
0.40755581855773926,0.252850204706192,465.601206833,-0.007788928947411478,0.00011390625000000006,0.18925833702087402,0.40475982427597046,0.3458902835845947,11.906783103942871,0.0,-0.02032209187746048,41817,0.28742527961730957,0.7057738304138184,0.6872578859329224,12.756637525558471,,0.7777778506278992,0.38117706775665283,1784466674.817561,0.3818187415599823,0.6444323062896729,1176,1.375,441.77,1.7856032848358154,2.0633339881896973,0.08081868290901184,0.2048710286617279,7.6666669845581055,-0.020737294107675552,0.07071294374763966,-0.8324045538902283,0.713744044303894,3.0024983882904053,0.8541988134384155,0.5995813608169556,22.237184648811816,0.8689111471176147,0.25
0.3835565447807312,0.2812439501285553,468.089670617,-0.007893231595517136,7.593750000000004e-05,0.21661624312400818,0.37798401713371277,0.3802329897880554,13.369730949401855,0.0,-0.021810289472341537,38808,0.31800055503845215,0.7618932723999023,0.6463906764984131,12.746774101257325,,0.7777778506278992,0.37934303283691406,1784466677.4591053,0.38174185156822205,0.6025793552398682,1177,1.4166667461395264,411.74,2.077488422393799,2.2150588035583496,0.0927778109908104,0.1933729499578476,7.208333492279053,-0.02000834420323372,0.08042227439582347,-0.7894389629364014,0.7122730612754822,3.369640350341797,0.9459753036499023,0.6253064870834351,20.484859732016922,0.8181620836257935,0.5416666865348816
0.3957996964454651,0.26240503787994385,470.467641283,-0.0091048984308145,0.00011390625000000003,0.20852425694465637,0.3929809033870697,0.362646222114563,12.190023422241211,0.0,-0.019495107233524323,41298,0.2836015224456787,0.7090190649032593,0.6699050664901733,12.745486307144166,,0.7777778506278992,0.3794202506542206,1784466679.9318724,0.38169780373573303,0.6275962591171265,1178,1.0833333730697632,466.02,1.8678615093231201,2.0966989994049072,0.08844112604856491,0.20299015939235687,7.1666669845581055,-0.01931251958012581,0.07177683915942908,-0.8074473142623901,0.7123679518699646,2.972062587738037,0.8926307559013367,0.609345555305481,23.618469861745833,0.8442859053611755,0.625
0.389507532119751,0.25851866602897644,472.931886977,-0.008789584919577464,0.00017085937500000006,0.1987798810005188,0.3842245042324066,0.3484712243080139,12.124214172363281,0.0,-0.02181163802742958,42989,0.28989148139953613,0.6788300275802612,0.6579617261886597,12.742402791976929,,0.7777778506278992,0.38013380765914917,1784466682.3227487,0.3816136419773102,0.6125994920730591,1179,1.25,460.18,1.8390872478485107,1.996809482574463,0.08566087484359741,0.1979287564754486,6.9166669845581055,-0.02172059379518032,0.06688331812620163,-0.8063373565673828,0.7118957042694092,3.076578140258789,0.8876659870147705,0.5605859756469727,23.08709584288299,0.8330550193786621,0.4583333432674408
0.40880316495895386,0.22447195649147034,475.511377527,-0.008985567832132802,7.593750000000004e-05,0.16457891464233398,0.40575194358825684,0.34813565015792847,12.369125366210938,0.0,-0.017896711826324463,41675,0.3040435314178467,0.6530365943908691,0.6912524104118347,12.73202986717224,,0.7777778506278992,0.37751254439353943,1784466684.7830205,0.38153597712516785,0.6440137624740601,1180,1.0,458.64,1.811333179473877,2.0547564029693604,0.0745440274477005,0.2116621434688568,7.708333492279053,-0.022426551207900047,0.07396123819053173,-0.8331465721130371,0.7122635841369629,2.9117164611816406,0.8288711309432983,0.5609535574913025,23.29340620379895,0.8707024455070496,0.375
0.3945527970790863,0.286037802696228,478.18457431,-0.00867133024148643,0.00011390625000000003,0.22394704818725586,0.389573872089386,0.3473801612854004,12.977245330810547,0.0,-0.02069047838449478,39656,0.3188307285308838,0.769603967666626,0.6664391756057739,12.724792432785033,,0.7777778506278992,0.3778960406780243,1784466687.3697872,0.3814711272716522,0.6209429502487183,1181,1.2083333730697632,471.52,1.9730557203292847,2.160037040710449,0.09301462024450302,0.20399975776672363,7.75,-0.02534474991261959,0.07217370383441449,-0.8147376775741577,0.711519718170166,3.2368712425231934,0.9314049482345581,0.6684243083000183,23.58682412803173,0.8427342772483826,0.7916666865348816
0.38051021099090576,0.29084253311157227,480.643101501,-0.008727478321816307,0.00011390625000000006,0.225460946559906,0.37719640135765076,0.3457958400249481,13.318960189819336,0.0416666679084301,-0.020942166447639465,38348,0.30771565437316895,0.7704298496246338,0.6447320580482483,12.725183010101318,,0.7777778506278992,0.3797377943992615,1784466690.0341096,0.3814496099948883,0.6027900576591492,1182,1.5416667461395264,449.95,2.007546901702881,2.2557544708251953,0.09483953565359116,0.20061033964157104,7.458333492279053,-0.021935060620307922,0.06457420270889998,-0.7881069183349609,0.7099573612213135,3.318420171737671,0.97426837682724,0.6277143955230713,22.882805760651827,0.8141164779663086,0.6666666865348816
0.38295769691467285,0.27536439895629883,483.236332115,-0.0062985145756101705,5.0625000000000024e-05,0.21292291581630707,0.3786100745201111,0.3700757920742035,12.122159957885742,0.0416666679084301,-0.02133757434785366,41689,0.28377819061279297,0.714272677898407,0.6475300192832947,12.718427753448486,,0.7777778506278992,0.38103652000427246,1784466692.4934452,0.38137033581733704,0.6031463146209717,1183,1.0416667461395264,440.77,1.8965266942977905,2.074246883392334,0.0898880884051323,0.2005925178527832,7.125,-0.018743716180324554,0.06769590154290199,-0.7890481948852539,0.70872563123703,3.028852939605713,0.9049088954925537,0.6147085428237915,22.23793991394341,0.8183805346488953,0.5416666865348816
0.3904418647289276,0.2774226665496826,485.695806829,-0.0093036074511474,0.00011390625000000005,0.216141015291214,0.3852230906486511,0.35275888442993164,12.967265129089355,0.0,-0.0211775079369545,39449,0.30246615409851074,0.7671598196029663,0.6608105897903442,12.715977096557618,,0.7777778506278992,0.3831741213798523,1784466695.0892956,0.3813764154911041,0.6156051158905029,1184,1.0833333730697632,450.5,1.878894567489624,2.189399242401123,0.0912790521979332,0.20281562209129333,7.0416669845581055,-0.02095680497586727,0.06972299180924893,-0.8045958280563354,0.7078893184661865,3.221708059310913,0.9486716985702515,0.6740961074829102,22.470700290203094,0.8346927165985107,0.4583333432674408
0.38821837306022644,0.252250999212265,488.905634122,-0.00882823118390661,0.00011390625000000006,0.19829395413398743,0.3846819996833801,0.41368502378463745,12.615617752075195,0.0,-0.021418850868940353,41717,0.3062307834625244,0.7245294451713562,0.6585636138916016,12.721354246139526,,0.7777778506278992,0.38179630041122437,1784466697.54891,0.3814065754413605,0.6129555702209473,1185,1.2916667461395264,448.28,1.852989912033081,2.0502161979675293,0.08529999107122421,0.20186293125152588,7.2916669845581055,-0.02116146683692932,0.06990393586456775,-0.8050483465194702,0.7070362567901611,3.169065475463867,0.874306857585907,0.6003415584564209,22.42503417328,0.8324553370475769,0.3333333432674408
0.39713728427886963,0.27188965678215027,491.602880349,-0.008512656833045185,7.593750000000004e-05,0.2083461880683899,0.3921346068382263,0.3562304377555847,12.628372192382812,0.0,-0.019893938675522804,31638,0.2968566417694092,0.7517409324645996,0.6698709726333618,12.718108320236206,"{'path': 'media/videos/video_1186_3f89302072ba3ed09d45.mp4', 'size': 1613517.0, '_type': 'video-file', 'sha256': '3f89302072ba3ed09d45027bb45a66f64386ea5b9da289d5080f07837f14adc8'}",0.7777778506278992,0.3825116753578186,1784466700.8277295,0.3813289701938629,0.6230177879333496,1186,1.3333333730697632,450.24,1.9814238548278809,2.8102128505706787,0.08982086181640625,0.19875679910182953,8.166666984558105,-0.021992728114128113,0.08067221008241177,-0.817470908164978,0.7077114582061768,3.190938711166382,0.9251246452331543,0.6514809131622314,22.513764848411082,0.8481613993644714,0.7083333730697632
0.38330894708633423,0.27833735942840576,494.061943269,-0.008607501379447057,7.593750000000002e-05,0.21403300762176514,0.38037532567977905,0.3664110600948334,13.221430778503418,0.0,-0.019143592566251755,38758,0.2933478355407715,0.7450351715087891,0.6499903798103333,12.71805567741394,,0.7777778506278992,0.38042742013931274,1784466703.460039,0.38138607144355774,0.6050975322723389,1187,1.4583333730697632,441.08,1.8651390075683594,2.242971420288086,0.09244047850370407,0.20149433612823486,7.9166669845581055,-0.020031755790114403,0.0725543286651373,-0.786811351776123,0.7083209753036499,3.2983672618865967,0.9407331943511963,0.6374698877334595,22.280826429016887,0.8184322118759155,0.625
0.41114896535873413,0.2411475032567978,496.661667637,-0.009244182260590605,0.00011390625000000003,0.18815307319164276,0.4092974364757538,0.35988134145736694,11.863424301147461,0.0,-0.019422540441155434,41835,0.29090118408203125,0.7022708654403687,0.6984724998474121,12.723142910003663,,0.7777778506278992,0.3814128041267395,1784466705.911702,0.3814215064048767,0.6484875679016113,1188,0.8333333730697632,467.3,1.6873302459716797,2.058863401412964,0.08163024485111237,0.20671336352825165,7.583333492279053,-0.024526875466108322,0.06804684996604919,-0.840011477470398,0.7072478532791138,2.958744525909424,0.8180006742477417,0.6105660200119019,23.782274129278957,0.8768354654312134,0.625
0.3984242081642151,0.26884910464286804,499.091540845,-0.008245121904474217,7.593750000000004e-05,0.20420897006988525,0.39610713720321655,0.3781070113182068,13.261444091796875,0.0,-0.019899560138583183,39323,0.3250546455383301,0.7522415518760681,0.6746394038200378,12.722587156295777,,0.7777778506278992,0.3828796148300171,1784466708.523408,0.3814382553100586,0.6297204494476318,1189,1.0,445.25,1.8639535903930664,2.1748509407043457,0.08776342868804932,0.20481353998184204,6.875,-0.022811956703662872,0.06723795719444751,-0.8162856101989746,0.7080599665641785,3.243771553039551,0.9062107801437378,0.6169108748435974,22.467157333940268,0.8504080176353455,0.5833333730697632
0.38681840896606445,0.2801595628261566,501.615548702,-0.008813028963049873,7.593750000000002e-05,0.22059544920921326,0.3820323646068573,0.4112517535686493,12.429179191589355,0.0,-0.019417602568864822,42449,0.28413844108581543,0.7381784319877625,0.6530778408050537,12.723316860198974,,0.7777778506278992,0.3826425075531006,1784466710.9384458,0.38145363330841064,0.6078189611434937,1190,1.1666667461395264,414.24,1.901982307434082,2.0316219329833984,0.08875434845685959,0.19465909898281097,7.5,-0.021334540098905563,0.07031539864838124,-0.7987092733383179,0.7087619304656982,3.055230140686035,0.9095419645309448,0.6275677680969238,20.72197433486581,0.8257303237915039,0.7916666865348816
0.40584003925323486,0.23920568823814392,504.090929957,-0.008864955214085058,0.00011390625000000003,0.17323037981987,0.4028654992580414,0.3673269748687744,12.090540885925293,0.0,-0.01890352927148342,40508,0.31662559509277344,0.68449866771698,0.6889960169792175,12.720519399642944,,0.7777778506278992,0.3836406469345093,1784466713.4691079,0.38135382533073425,0.6395773887634277,1191,1.0,451.18,1.7899055480957031,2.1101460456848145,0.08112063258886337,0.20652322471141815,7.9166669845581055,-0.02749733254313469,0.06698847077786922,-0.8314942717552185,0.7073165774345398,3.0128774642944336,0.8636232614517212,0.5783542394638062,22.666453828215598,0.8654155731201172,0.4583333432674408
0.3934602439403534,0.2804794907569885,506.631899734,-0.008397934609092772,0.00011390625000000006,0.2111639678478241,0.3887478709220886,0.3722609877586365,13.228368759155273,0.0,-0.0183960422873497,41436,0.29376935958862305,0.7943490743637085,0.6643861532211304,12.707253170013427,,0.7777778506278992,0.38193926215171814,1784466715.946263,0.38123953342437744,0.6158971786499023,1192,0.9583333730697632,447.74,2.1259641647338867,2.078650951385498,0.08738669753074646,0.1975204050540924,6.833333492279053,-0.018368784338235855,0.06367722917348147,-0.8016357421875,0.7074260711669922,3.2728030681610107,0.9375373721122742,0.683404803276062,22.408134347945452,0.8358588218688965,0.375
0.39126095175743103,0.25864750146865845,509.14673413,-0.008159450092352926,0.00011390625000000006,0.19387643039226532,0.39151978492736816,0.30190309882164,12.961288452148438,0.0,-0.01901141181588173,40364,0.32278943061828613,0.7722783088684082,0.6648938059806824,12.712608861923218,,0.7777778506278992,0.38294243812561035,1784466718.4961214,0.3814333379268646,0.6211066842079163,1193,1.375,437.67,1.9730876684188843,2.112595319747925,0.08510732650756836,0.2038293331861496,7.5416669845581055,-0.022857502102851868,0.07703430131077767,-0.7961875200271606,0.7064522504806519,3.198044538497925,0.9113655090332031,0.653810977935791,22.607033349350093,0.8337383270263672,0.4583333432674408
0.40152788162231445,0.2812814712524414,511.681933449,-0.008909505337942391,0.00011390625000000006,0.21486203372478485,0.39936351776123047,0.38013094663619995,12.173803329467773,0.0416666679084301,-0.0215880386531353,40993,0.296612024307251,0.78447026014328,0.6811391115188599,12.724167108535767,,0.7777778506278992,0.38332194089889526,1784466720.9989831,0.38148051500320435,0.6336392164230347,1194,0.9583333730697632,459.59,1.9711658954620361,2.1014211177825928,0.08882680535316467,0.20561957359313965,7.1666669845581055,-0.027907058596611023,0.06833855397999286,-0.8275267481803894,0.705371081829071,3.1135432720184326,0.9031403064727783,0.6989315748214722,23.2267731615901,0.8583211898803711,0.5833333730697632
0.39659175276756287,0.2617722153663635,514.16577431,-0.008084568131016568,7.593750000000004e-05,0.19284269213676453,0.3917376697063446,0.38116785883903503,12.011561393737793,0.0,-0.020008135586977005,40417,0.31999850273132324,0.7094635963439941,0.6701874732971191,12.71929612159729,,0.7777778506278992,0.3828655183315277,1784466723.5392466,0.38142693042755127,0.6223086714744568,1195,1.2916667461395264,439.7,1.896203875541687,2.1122210025787354,0.08431142568588257,0.2005014419555664,8.708333969116211,-0.02250850945711136,0.07117129974067211,-0.8135079741477966,0.7056822180747986,3.090965986251831,0.8771343231201172,0.6061978340148926,22.159044607430697,0.8455977439880371,0.5
0.4017831087112427,0.2510227859020233,516.775823531,-0.009117644792422653,7.593750000000002e-05,0.17850813269615173,0.3978186547756195,0.36118483543395996,12.0943021774292,0.0,-0.020541535690426826,41364,0.29256606101989746,0.6853691935539246,0.6800329685211182,12.71311640739441,,0.7777778506278992,0.3846644163131714,1784466726.0133333,0.3813857138156891,0.6324154734611511,1196,1.0416667461395264,450.83,1.7195072174072266,2.0839426517486572,0.08265577256679535,0.20219044387340546,8.458333969116211,-0.023575743660330772,0.06624596677720547,-0.8264636993408203,0.7054934501647949,2.922534465789795,0.8498064875602722,0.5990090370178223,22.742943735420702,0.8576599955558777,0.6666666865348816
0.39720022678375244,0.2704175114631653,519.314863062,-0.008761243877233937,0.00011390625000000003,0.19566521048545837,0.3994104266166687,0.35006237030029297,12.238250732421875,0.0,-0.01888163574039936,39129,0.32610607147216797,0.7143630981445312,0.6768468618392944,12.706782913208007,,0.7777778506278992,0.38535866141319275,1784466728.6314526,0.3813897371292114,0.6331719756126404,1197,0.875,467.29,1.8674218654632568,2.1861610412597656,0.08493494987487793,0.20760154724121094,6.75,-0.02130209654569626,0.07155376970767975,-0.8102094531059265,0.7057821154594421,3.0301260948181152,0.8928471803665161,0.6347396373748779,24.025230464413763,0.848180890083313,0.375
0.3905760645866394,0.27571743726730347,522.019201445,-0.007653814414516092,7.593750000000004e-05,0.21534165740013123,0.3876316547393799,0.33902496099472046,12.650126457214355,0.0,-0.02145536243915558,40434,0.3185160160064697,0.7372559309005737,0.6620861291885376,12.709113550186157,,0.7777778506278992,0.38447365164756775,1784466731.181316,0.3813752830028534,0.6141106486320496,1198,1.5,433.58,1.9487955570220947,2.112666130065918,0.08972950279712677,0.19457468390464783,7.833333492279053,-0.02123604342341423,0.05293771680444479,-0.8056063055992126,0.7046098709106445,3.150146007537842,0.9034463167190552,0.6272218823432922,21.804852788168937,0.8334096670150757,0.5416666865348816
0.4054887890815735,0.24363216757774353,524.408549625,-0.009119097611983307,7.593750000000002e-05,0.18218490481376648,0.4056433141231537,0.3849765658378601,11.852217674255371,0.0,-0.018663737922906876,38007,0.31151819229125977,0.6697320938110352,0.6896102428436279,12.70327582359314,,0.7777778506278992,0.38462504744529724,1784466733.8653069,0.3813999593257904,0.6422101259231567,1199,1.0833333730697632,448.89,1.657999873161316,2.2749102115631104,0.08038055151700974,0.20981121063232422,7.458333492279053,-0.019113337621092796,0.06641788184642791,-0.826347827911377,0.7032575011253357,2.881176710128784,0.8457669019699097,0.5682898163795471,23.165769960284234,0.8646124601364136,0.5416666865348816
0.4072877764701843,0.2342071533203125,527.002870513,-0.00959018623761949,0.00011390625000000003,0.17086128890514374,0.405477374792099,0.35182735323905945,11.96622085571289,0.0,-0.01887711137533188,42836,0.28914833068847656,0.6559687852859497,0.6919606924057007,12.718190145492553,,0.7777778506278992,0.3847188949584961,1784466736.2644355,0.38161954283714294,0.6417330503463745,1200,0.8333333730697632,469.04,1.8746031522750854,2.0057296752929688,0.0769290179014206,0.2053753137588501,7.125,-0.020160384476184845,0.07171747013926506,-0.834639310836792,0.7022879123687744,2.8973636627197266,0.8153985738754272,0.571562647819519,23.766374974250795,0.8698984384536743,0.3333333432674408
0.39888665080070496,0.2608809173107147,529.48202362,-0.010012761288817274,0.00011390625000000006,0.19165782630443573,0.399103581905365,0.37345194816589355,12.306201934814453,0.0416666679084301,-0.01838007941842079,39557,0.3114199638366699,0.7464134097099304,0.6767563223838806,12.729564332962036,,0.7777778506278992,0.38399776816368103,1784466738.863749,0.38169369101524353,0.6291558742523193,1201,1.3333333730697632,453.35,1.9384210109710693,2.173680305480957,0.08682502806186676,0.19683736562728882,7.1666669845581055,-0.025658756494522095,0.0701565071940422,-0.8092935085296631,0.7020686864852905,3.105900764465332,0.8832842707633972,0.6304889917373657,23.242169765904546,0.8468917608261108,0.3333333432674408
0.4016094207763672,0.24943500757217407,532.206311432,-0.00824999533360824,0.00011390625000000006,0.18208754062652588,0.39899736642837524,0.34429964423179626,11.836588859558105,0.0,-0.019604114815592766,41561,0.28878116607666016,0.7124661803245544,0.6827949285507202,12.7363995552063,,0.7777778506278992,0.38599979877471924,1784466741.379866,0.38178929686546326,0.6342759728431702,1202,1.0416667461395264,469.5,1.801339864730835,2.0764946937561035,0.08318792283535004,0.21223604679107666,8.25,-0.020611565560102463,0.06871379017829896,-0.8232831954956055,0.7007120847702026,2.9556825160980225,0.8360955715179443,0.6354383826255798,23.980267514437436,0.8561301231384277,0.625
0.389239639043808,0.272136926651001,534.636917921,-0.0093037617392838,0.00011390625000000006,0.21051400899887085,0.3880198895931244,0.35888218879699707,12.662264823913574,0.0,-0.018276862800121307,38143,0.3071913719177246,0.7743529677391052,0.6587976813316345,12.745724201202393,,0.7777778506278992,0.38422951102256775,1784466744.051592,0.3818913698196411,0.6122417449951172,1203,1.5416667461395264,437.17,1.9516286849975586,2.269998550415039,0.08958309888839722,0.20245900750160217,7.333333492279053,-0.023870423436164856,0.07766513079404831,-0.7981209754943848,0.7000876665115356,3.2006406784057617,0.944180965423584,0.6680413484573364,22.19817331023514,0.8281129598617554,0.6666666865348816
0.3968237340450287,0.28762704133987427,537.222713119,-0.008335227123461663,7.593750000000004e-05,0.22304832935333252,0.3951573073863983,0.3545045852661133,12.230926513671875,0.0,-0.01938709244132042,42059,0.28894829750061035,0.7417181730270386,0.6747013926506042,12.753290796279908,,0.7777778506278992,0.38533318042755127,1784466746.4879267,0.3819747865200043,0.6299446821212769,1204,1.125,459.37,1.9957475662231445,2.0483107566833496,0.09470765292644501,0.2141374945640564,7.4166669845581055,-0.02150227688252926,0.07419330067932606,-0.8131119608879089,0.6993061900138855,3.130261182785034,0.9458303451538086,0.6470422744750977,23.52478748947382,0.8461050987243652,0.6666666865348816
0.39466309547424316,0.2770701050758362,539.837952688,-0.00955798227514606,7.593750000000002e-05,0.21373042464256287,0.3925321698188782,0.33954012393951416,13.424128532409668,0.0,-0.0192978847771883,39578,0.31650376319885254,0.8004109263420105,0.6686444282531738,12.754072999954223,,0.7777778506278992,0.3849477171897888,1784466749.0803854,0.3820037245750427,0.6229318380355835,1205,1.5,450.58,2.1389427185058594,2.167247772216797,0.09330481290817261,0.1998065710067749,7.125,-0.021644067019224167,0.07484506070613861,-0.81047523021698,0.7010098695755005,3.3675971031188965,0.9372808337211609,0.689079225063324,22.819008141290396,0.8410384058952332,0.4583333432674408
0.38915348052978516,0.29070860147476196,542.917507289,-0.009490721294423566,0.00011390625000000003,0.21577797830104828,0.3850855827331543,0.3872795104980469,12.153518676757812,0.0,-0.022790327668190002,39258,0.3166210651397705,0.7553316950798035,0.6597841382026672,12.75838589668274,,0.7777778506278992,0.3822147846221924,1784466751.700962,0.3820873498916626,0.6135856509208679,1206,1.4166667461395264,453.25,2.0452425479888916,2.1873974800109863,0.09303472936153412,0.2007136195898056,7.25,-0.020227884873747826,0.06547008622437715,-0.8151466250419617,0.7028628587722778,3.117990493774414,0.9505602717399597,0.6294211149215698,22.64209690893069,0.8352336287498474,0.4166666865348816
0.4026861786842346,0.25224804878234863,545.459789985,-0.008987547387368977,0.00011390625000000006,0.18759916722774506,0.40205949544906616,0.3748191297054291,12.480766296386719,0.0,-0.019340738654136658,33186,0.29662322998046875,0.6625620126724243,0.6829684972763062,12.76554217338562,"{'path': 'media/videos/video_1207_b3096a1baa5185ba26e0.mp4', 'size': 1498809.0, '_type': 'video-file', 'sha256': 'b3096a1baa5185ba26e02ed074b6b304c98c75381a6c771732e6de69e9e432fa'}",0.7777778506278992,0.3831106126308441,1784466754.8412812,0.3822116255760193,0.637706995010376,1207,1.1666667461395264,462.19,1.8411697149276733,2.665564775466919,0.08139254152774811,0.20673911273479462,7.9166669845581055,-0.020879507064819336,0.07284687571227551,-0.8211399912834167,0.704221248626709,3.0307483673095703,0.8553986549377441,0.5614669919013977,23.827421803586184,0.8584326505661011,0.4583333432674408
0.4185121953487396,0.23150520026683807,548.003552914,-0.007977605766791384,7.593750000000004e-05,0.16350267827510834,0.418423056602478,0.3768044412136078,10.950462341308594,0.0416666679084301,-0.01784389093518257,41324,0.29093408584594727,0.627911388874054,0.7091896533966064,12.766788864135743,,0.7777778506278992,0.3811783492565155,1784466757.3059604,0.3821485638618469,0.6616243124008179,1208,0.625,471.85,1.7203153371810913,2.0878894329071045,0.07738553732633591,0.21454644203186035,8.041666984558105,-0.027265768498182297,0.06403318271040917,-0.8465684652328491,0.7053909301757812,2.7650458812713623,0.8217740058898926,0.539189338684082,24.038813171088695,0.8869382739067078,0.4583333432674408
0.3928997218608856,0.27012789249420166,550.458685537,-0.00939272337127477,7.593750000000002e-05,0.19802427291870117,0.3907496929168701,0.36432087421417236,12.456233024597168,0.0,-0.019658565521240234,40163,0.30206751823425293,0.730402946472168,0.6678229570388794,12.75955843925476,,0.7777778506278992,0.38283824920654297,1784466759.8531919,0.3820737600326538,0.6199262142181396,1209,1.125,459.78,1.8396400213241577,2.145543098449707,0.088687464594841,0.2077551931142807,7.5416669845581055,-0.022796159610152245,0.07042786963284016,-0.8071575164794922,0.7055956721305847,3.088426113128662,0.8772141337394714,0.6084070205688477,23.39130476601422,0.8374821543693542,0.3333333432674408
0.3791050314903259,0.29768627882003784,553.036819522,-0.009400668594753369,5.062500000000002e-05,0.2363094538450241,0.3770061135292053,0.3614896237850189,13.159858703613281,0.0,-0.01932733878493309,41732,0.2877645492553711,0.7985501289367676,0.6445459127426147,12.758294486999512,,0.7777778506278992,0.3831098973751068,1784466762.3173075,0.382075697183609,0.6003051996231079,1210,1.375,435.48,2.022965431213379,2.0678324699401855,0.09798413515090942,0.20623812079429626,6.583333492279053,-0.019589494913816452,0.06473492793738841,-0.7842013239860535,0.7061132192611694,3.3506689071655273,0.9556109309196472,0.680656909942627,21.827217912226914,0.8100719451904297,0.5416666865348816
0.40199702978134155,0.24777111411094666,555.706247687,-0.00910162359359674,7.593750000000002e-05,0.18481826782226562,0.4013828933238983,0.3546528220176697,11.535494804382324,0.0,-0.01860191859304905,39867,0.3092010021209717,0.6318432688713074,0.6812397837638855,12.757445144653321,,0.7777778506278992,0.3834678530693054,1784466764.9064655,0.3821665048599243,0.6357711553573608,1211,1.125,461.2,1.6462202072143555,2.1565918922424316,0.08382830023765564,0.20891909301280975,7.7916669845581055,-0.024736210703849792,0.07671335376799107,-0.8198741674423218,0.7081431150436401,2.853895902633667,0.8330518007278442,0.519389808177948,23.595637231264263,0.8541104197502136,0.6666666865348816
0.40223854780197144,0.2672960162162781,558.289252379,-0.008667166851228102,7.593750000000002e-05,0.2052653729915619,0.4004802703857422,0.36968860030174255,12.993700981140137,0.0,-0.019761545583605766,38660,0.3110663890838623,0.7711190581321716,0.6823519468307495,12.769947052001953,,0.7777778506278992,0.38497209548950195,1784466767.5595937,0.3822630047798157,0.6348320245742798,1212,1.3333333730697632,465.26,1.9571421146392822,2.231706380844116,0.0882093757390976,0.2059859037399292,8.041666984558105,-0.02014894224703312,0.08081662543118,-0.8265476226806641,0.7084143161773682,3.223494291305542,0.905226469039917,0.6565227508544922,23.603378358781338,0.8577914237976074,0.5416666865348816
0.3773103654384613,0.31338679790496826,560.791791267,-0.00880784192122519,0.00011390625000000003,0.23866388201713562,0.3766114115715027,0.3755226135253906,13.530866622924805,0.0,-0.020290598273277283,39649,0.3155806064605713,0.8817110061645508,0.6422470808029175,12.771813011169433,,0.7777778506278992,0.3828445076942444,1784466770.1568153,0.382339209318161,0.599308431148529,1213,1.5,440.64,2.1406655311584473,2.1637303829193115,0.10202765464782715,0.20048698782920837,6.5,-0.0188909899443388,0.08081628233194352,-0.7793027758598328,0.7069419622421265,3.5020198822021484,0.9696230888366699,0.7724482417106628,22.290997959971428,0.806625485420227,0.75
0.3949134349822998,0.26010245084762573,563.327117484,-0.007903333846479654,0.00011390625000000006,0.193868026137352,0.39310115575790405,0.36223548650741577,12.369255065917969,0.0416666679084301,-0.02039853297173977,41251,0.30040621757507324,0.7151975631713867,0.6702954173088074,12.783463335037231,,0.7777778506278992,0.38143929839134216,1784466772.6429324,0.3824571669101715,0.6253602504730225,1214,1.0833333730697632,446.88,1.9137614965438843,2.082653522491455,0.08358156681060791,0.20377197861671448,7.5,-0.01581219956278801,0.06757615748792886,-0.8114674091339111,0.7066618800163269,3.076815366744995,0.8790901899337769,0.6206492185592651,22.88656246319413,0.8409991264343262,0.5416666865348816
0.3994293808937073,0.2515889108181,565.917101479,-0.008599571883678436,0.00011390625000000006,0.1998153179883957,0.3996848464012146,0.33519694209098816,12.084722518920898,0.0,-0.018168576061725616,40393,0.32619476318359375,0.6901367902755737,0.6784557700157166,12.784342718124389,,0.7777778506278992,0.38267064094543457,1784466775.1862278,0.3824728727340698,0.6356894969940186,1215,1.0,450.35,1.9119763374328613,2.1074445247650146,0.08139102160930634,0.2107846587896347,6.9166669845581055,-0.017501715570688248,0.06647846270352602,-0.8194363117218018,0.7055322527885437,3.063209056854248,0.8539137840270996,0.5832767486572266,23.14069129511714,0.8522127866744995,0.375
0.40728819370269775,0.23898229002952576,568.430908451,-0.008418882975820451,7.593750000000004e-05,0.17050592601299286,0.40627193450927734,0.3570791184902191,12.005656242370605,0.0,-0.01876523345708847,39686,0.3022923469543457,0.6403282284736633,0.6923472285270691,12.781972742080688,,0.7777778506278992,0.38285812735557556,1784466777.7680588,0.3823673129081726,0.6463170051574707,1216,0.875,463.72,1.812006950378418,2.174713611602783,0.07894961535930634,0.21594808995723724,8.583333969116211,-0.016924936324357986,0.07197654508054256,-0.8313802480697632,0.7052819132804871,2.923511505126953,0.8171831965446472,0.5447651147842407,23.99647148191929,0.867002010345459,0.25
0.39815205335617065,0.2520616054534912,570.978733458,-0.00917460311902687,0.00011390625000000003,0.18669705092906952,0.39710697531700134,0.38761693239212036,12.306930541992188,0.0,-0.02081342414021492,40784,0.2877507209777832,0.7035390138626099,0.6774991750717163,12.783554410934448,,0.7777778506278992,0.3835809826850891,1784466780.2771242,0.38257378339767456,0.6330236196517944,1217,1.125,450.64,1.8983757495880127,2.122586965560913,0.08221753686666489,0.205560564994812,8.791666984558105,-0.021482408046722412,0.07609288282692432,-0.8235774040222168,0.7037301063537598,3.0602328777313232,0.8575121164321899,0.6053125858306885,22.73293386757374,0.8517467975616455,0.5
0.382528156042099,0.28391003608703613,573.630341202,-0.007438527545309626,7.593750000000004e-05,0.21642905473709106,0.38077276945114136,0.3583931624889374,12.956964492797852,0.0,-0.01825759932398796,40143,0.31515002250671387,0.7701791524887085,0.6501891613006592,12.79777774810791,,0.7777778506278992,0.3864994943141937,1784466782.8446965,0.38261878490448,0.6054707765579224,1218,1.3333333730697632,454.21,1.9543436765670776,2.1336801052093506,0.09446298331022263,0.20306691527366638,6.5416669845581055,-0.02154187671840191,0.0757236011326313,-0.7887711524963379,0.7016393542289734,3.227970838546753,0.9387794733047485,0.6479315757751465,23.001793460734188,0.8163374662399292,0.4583333432674408
0.38326019048690796,0.26353681087493896,576.061518402,-0.008982507992186584,0.00011390625000000003,0.1927788108587265,0.3791329264640808,0.3452695310115814,13.82009506225586,0.0416666679084301,-0.021359410136938095,38834,0.30989766120910645,0.7644478678703308,0.6497380137443542,12.797666597366334,,0.7777778506278992,0.3875100612640381,1784466785.4871075,0.382752001285553,0.6050523519515991,1219,1.4583333730697632,449.67,1.9889873266220093,2.2214629650115967,0.08572064340114594,0.198165625333786,7.9166669845581055,-0.020327169448137283,0.0698760662227869,-0.7972881197929382,0.6991766691207886,3.412792205810547,0.9216388463973999,0.6252204179763794,22.763999914079903,0.8186497688293457,0.3333333432674408
0.4029608964920044,0.26206350326538086,578.662449431,-0.009034451557090506,0.00011390625000000006,0.19313058257102966,0.398537278175354,0.3660939633846283,12.711305618286133,0.0,-0.0200742706656456,42289,0.30005908012390137,0.7366120219230652,0.6828503608703613,12.811984014511108,,0.7777778506278992,0.38366350531578064,1784466787.9139664,0.38285914063453674,0.6343125700950623,1220,1.0,461.99,2.0066518783569336,2.0244858264923096,0.08595647662878036,0.20666539669036865,7.375,-0.02190496027469635,0.06793071217834949,-0.831112265586853,0.6995789408683777,3.1392858028411865,0.9290744066238403,0.6272433400154114,23.358637714684008,0.8579205274581909,0.4166666865348816
0.4034237265586853,0.2772336006164551,581.090642683,-0.008580098091624678,0.00011390625000000006,0.20884859561920166,0.4007406234741211,0.36492177844047546,12.875269889831543,0.0,-0.019355429336428642,39355,0.3073704242706299,0.7481429576873779,0.6823714971542358,12.800144481658936,,0.7777778506278992,0.3840695023536682,1784466790.5144734,0.3826814889907837,0.6349436640739441,1221,1.0833333730697632,454.3,1.869916319847107,2.1904890537261963,0.09079001843929291,0.2102632373571396,6.5,-0.02734803408384323,0.07036618031561374,-0.8279696702957153,0.7001482844352722,3.190747022628784,0.9092881083488464,0.6434459090232849,23.103147772848605,0.8572167754173279,0.4583333432674408
0.3931673467159271,0.2529175877571106,583.682667366,-0.007378403950133361,5.0625000000000024e-05,0.19050954282283783,0.39127588272094727,0.3838861584663391,12.605280876159668,0.0833333358168602,-0.02072291448712349,42288,0.2967195510864258,0.7219511866569519,0.6669606566429138,12.797823715209962,,0.7777778506278992,0.38382333517074585,1784466792.9382732,0.3827093839645386,0.6231311559677124,1222,1.25,462.33,1.8361700773239136,2.0278899669647217,0.0847809910774231,0.20366635918617249,8.416666984558105,-0.022362684831023216,0.07075198143720626,-0.8114100694656372,0.7012230753898621,3.1097869873046875,0.8743566274642944,0.6020316481590271,23.274175764024257,0.8387863636016846,0.5833333730697632
0.4009036421775818,0.25527119636535645,586.099677368,-0.008800464012892917,0.00011390625000000003,0.19857798516750336,0.40036556124687195,0.37285494804382324,12.672660827636719,0.0,-0.020536024123430252,39399,0.31393980979919434,0.7126818895339966,0.682083010673523,12.791200828552245,,0.7777778506278992,0.3830118179321289,1784466795.537813,0.3825778365135193,0.6368045210838318,1223,1.2916667461395264,454.69,1.8471243381500244,2.1811363697052,0.08206944167613983,0.21409158408641815,7.375,-0.023286690935492516,0.07826470993459225,-0.8227970004081726,0.6994763612747192,3.0996599197387695,0.8728286623954773,0.5800073742866516,23.179294844567774,0.8549894094467163,0.25
0.37708646059036255,0.2756820619106293,588.505578086,-0.008417157960502663,7.593750000000004e-05,0.2018785923719406,0.37308716773986816,0.38458895683288574,13.28461742401123,0.0,-0.020244643092155457,42565,0.29752016067504883,0.7769965529441833,0.6379348635673523,12.78313627243042,,0.7777778506278992,0.3797644078731537,1784466797.954598,0.3825238049030304,0.5940570831298828,1224,1.8333333730697632,425.52,2.063663959503174,2.011967658996582,0.09015485644340515,0.1961006373167038,7.75,-0.02443314902484417,0.07489600442349911,-0.7776468992233276,0.6974495649337769,3.3721842765808105,0.9314398765563965,0.6317359209060669,21.45744814455509,0.8023371696472168,0.5
0.405801385641098,0.24720391631126404,590.919525615,-0.010090838157339022,0.00017085937500000006,0.1726042479276657,0.4010346531867981,0.336154580116272,12.39654541015625,0.0,-0.02071189694106579,42733,0.2872786521911621,0.6734580993652344,0.6879250407218933,12.773501920700074,,0.7777778506278992,0.37740907073020935,1784466800.3607104,0.382328599691391,0.6426792144775391,1225,0.9583333730697632,459.8,1.7556679248809814,2.013105630874634,0.08069412410259247,0.21336254477500916,7.75,-0.019504988566040993,0.0629781348630786,-0.8408509492874146,0.6965678930282593,3.000133514404297,0.8733264803886414,0.5697030425071716,23.44240254417062,0.8660893440246582,0.2916666865348816
0.3898007273674011,0.26870983839035034,593.33353132,-0.009338257167837583,0.00011390625000000006,0.2027289867401123,0.3852134943008423,0.3305482864379883,13.283117294311523,0.0416666679084301,-0.022057514637708664,42623,0.2992126941680908,0.7769111394882202,0.660383403301239,12.766644477844238,,0.7777778506278992,0.37625953555107117,1784466802.7708173,0.3823377788066864,0.6141035556793213,1226,1.1666667461395264,428.37,1.9144681692123413,2.007122278213501,0.09022021293640137,0.208534836769104,7.25,-0.022156743332743645,0.07706765085458755,-0.8110472559928894,0.697969913482666,3.282588481903076,0.9540417194366455,0.6405317783355713,21.325145867615937,0.8324381113052368,0.4583333432674408
0.3964642882347107,0.27278977632522583,596.263942328,-0.00791079793125391,0.00011390625000000006,0.20217657089233398,0.39252185821533203,0.3506147265434265,12.568023681640625,0.0416666679084301,-0.019465213641524315,42501,0.2894175052642822,0.7214709520339966,0.6720175743103027,12.749287796020507,,0.7777778506278992,0.3757975101470947,1784466805.1819675,0.3820175528526306,0.6253611445426941,1227,1.2083333730697632,458.45,1.9564573764801025,2.023554563522339,0.08551057428121567,0.2085469663143158,7.1666669845581055,-0.024303456768393517,0.0619482534006238,-0.816039502620697,0.697504997253418,3.1734585762023926,0.8913677930831909,0.5871148109436035,23.13598634660244,0.8439607620239258,0.3333333432674408
0.4058852195739746,0.24037358164787292,598.877372686,-0.00870923079783097,7.593750000000004e-05,0.17274044454097748,0.40234237909317017,0.3340774476528168,12.173774719238281,0.0,-0.020920928567647934,34710,0.2976405620574951,0.7215585708618164,0.6888551712036133,12.733844995498657,"{'size': 1614357.0, '_type': 'video-file', 'sha256': '4678c7442e0c12be78dd55cbfd26ba46a5e088030b31db0455621e8853c1679c', 'path': 'media/videos/video_1228_4678c7442e0c12be78dd.mp4'}",0.7777778506278992,0.3779687285423279,1784466808.204175,0.3818564713001251,0.641422688961029,1228,1.125,443.51,1.7506331205368042,2.534468173980713,0.07780027389526367,0.21618686616420746,8.333333969116211,-0.02114938013255596,0.07268195413053036,-0.8406953811645508,0.6960596442222595,2.9480578899383545,0.8673186302185059,0.6182233095169067,22.512503571659327,0.8666197657585144,0.25
0.3991689085960388,0.26284798979759216,601.350127164,-0.009624822798650711,7.593750000000002e-05,0.20181867480278015,0.3950285315513611,0.353727787733078,12.777094841003418,0.0416666679084301,-0.02067456766963005,40421,0.28766775131225586,0.710623025894165,0.677210807800293,12.718107223510742,,0.7777778506278992,0.3760840594768524,1784466810.7258992,0.3816227614879608,0.6294258832931519,1229,0.7083333730697632,462.97,1.7716460227966309,2.1443285942077637,0.08356916904449463,0.2135905623435974,7.6666669845581055,-0.022561928257346153,0.05451031979173422,-0.8281326293945312,0.6963475942611694,3.035698652267456,0.8808867335319519,0.5974938869476318,23.326124216616154,0.8518134951591492,0.3333333432674408
0.401561439037323,0.2554333806037903,603.900282267,-0.008661065279738978,5.062500000000002e-05,0.19888579845428467,0.3979204297065735,0.324064701795578,12.855363845825195,0.0,-0.02029159665107727,41427,0.304781436920166,0.7419373989105225,0.6808456778526306,12.706030797958373,,0.7777778506278992,0.3751281201839447,1784466813.2146616,0.3815629482269287,0.6323617696762085,1230,1.1666667461395264,449.51,1.9048351049423218,2.068135976791382,0.08337124437093735,0.20938003063201904,7.708333492279053,-0.021019799634814262,0.07166812606155873,-0.825859546661377,0.6969959735870361,3.122689723968506,0.891535758972168,0.6373582482337952,23.01375606611371,0.8556288480758667,0.4583333432674408
0.3887636065483093,0.2922663688659668,606.315818453,-0.008872703724773601,0.00011390625000000003,0.21896833181381226,0.3861576020717621,0.30611884593963623,13.43439769744873,0.0,-0.020519446581602097,40406,0.28629446029663086,0.7909263372421265,0.6603953838348389,12.70264630317688,,0.7777778506278992,0.3751930594444275,1784466815.7477381,0.38143810629844666,0.6160613894462585,1231,1.3333333730697632,453.25,2.1770856380462646,2.14658784866333,0.09138219058513641,0.20498280227184296,6.2916669845581055,-0.021123742684721947,0.06525777503848076,-0.8033056259155273,0.6960635185241699,3.2902870178222656,0.9898712038993835,0.6709575057029724,22.930082850456238,0.8294756412506104,0.5416666865348816
0.4135940670967102,0.2354821413755417,608.90259981,-0.007506745331920683,7.593750000000004e-05,0.17122714221477509,0.4080657362937927,0.385051429271698,11.694253921508789,0.0,-0.022659357637166977,42373,0.28304529190063477,0.6720643043518066,0.6993240118026733,12.691307258605956,,0.7777778506278992,0.3757550120353699,1784466818.1680136,0.38129276037216187,0.6496952772140503,1232,0.8333333730697632,481.15,1.7781943082809448,2.0369067192077637,0.07698392868041992,0.2148464024066925,7.875,-0.02742767333984375,0.06614545080810785,-0.8571356534957886,0.6949323415756226,2.8611762523651123,0.8388694524765015,0.583477258682251,24.0316303730011,0.8809218406677246,0.25
0.39986395835876465,0.25140345096588135,611.456737549,-0.008558117717620916,7.593750000000002e-05,0.1880645751953125,0.39709317684173584,0.35944563150405884,12.727256774902344,0.0,-0.02054738625884056,39589,0.30919313430786133,0.6946024894714355,0.6809545755386353,12.672976350784301,,0.7777778506278992,0.3759986162185669,1784466820.7608013,0.38109201192855835,0.6355469822883606,1233,1.125,469.94,1.8215516805648804,2.1738855838775635,0.08100122958421707,0.2127285897731781,8.625,-0.02383769117295742,0.07452309392392635,-0.8222301006317139,0.6940366625785828,3.037198066711426,0.873548686504364,0.5838841795921326,23.80491782605648,0.8531419634819031,0.4583333432674408
0.40195199847221375,0.2463102638721466,614.006601248,-0.008855487179243938,0.00011390625000000003,0.18721440434455872,0.3957994878292084,0.3873409628868103,11.819903373718262,0.0416666679084301,-0.02194097451865673,40235,0.32294130325317383,0.6933740377426147,0.6813744902610779,12.664648485183715,,0.7777778506278992,0.3772153854370117,1784466823.32154,0.3809821307659149,0.6344280242919922,1234,0.875,462.38,1.7321932315826416,2.120272636413574,0.08431623876094818,0.21753083169460297,7.125,-0.024977847933769226,0.061775011196732524,-0.8353002071380615,0.6952430009841919,2.9729299545288086,0.862578809261322,0.5713952779769897,23.554432402849198,0.8571001291275024,0.2916666865348816
0.40914952754974365,0.2253456711769104,616.654081527,-0.009060207384754904,0.00017085937500000006,0.16048192977905273,0.4046725034713745,0.36501455307006836,11.287402153015137,0.0,-0.021793058142066002,40450,0.30465269088745117,0.6015892028808594,0.695219874382019,12.652580308914185,,0.7777778506278992,0.37614017724990845,1784466825.8724298,0.38082244992256165,0.6442593336105347,1235,0.9166666865348816,469.31,1.7693204879760742,2.1255648136138916,0.0758301317691803,0.2164413183927536,7.0416669845581055,-0.02454524300992489,0.05212413091212511,-0.8489773273468018,0.6948798894882202,2.797839879989624,0.8034723997116089,0.5144228339195251,23.88724590470083,0.8745825290679932,0.3333333432674408
0.3949328660964966,0.26103222370147705,619.057165171,-0.00848749210126698,0.00011390625000000006,0.19549576938152313,0.3905019164085388,0.3662073016166687,12.813116073608398,0.0416666679084301,-0.02180699072778225,38877,0.3101382255554199,0.7532075643539429,0.6686474084854126,12.641120004653931,,0.7777778506278992,0.37432512640953064,1784466828.5077188,0.3806951642036438,0.6204837560653687,1236,1.2083333730697632,465.71,1.8812294006347656,2.218397378921509,0.08345568180084229,0.20303094387054443,7.5,-0.024616282433271408,0.07877783961594105,-0.817407488822937,0.6961312294006348,3.169881820678711,0.9225601553916931,0.6414148211479187,23.642698988765478,0.8416542410850525,0.25
0.3989589214324951,0.2644050121307373,621.462416445,-0.006870953207544517,5.0625000000000024e-05,0.20193812251091003,0.39781197905540466,0.3481103777885437,12.6314115524292,0.0416666679084301,-0.023005975410342216,42783,0.28723859786987305,0.7201869487762451,0.679848849773407,12.640792989730835,,0.7777778506278992,0.37180453538894653,1784466830.9135044,0.380715548992157,0.6342480182647705,1237,1.4166667461395264,460.1,1.8850486278533936,2.0104713439941406,0.08683338016271591,0.21529117226600647,8.041666984558105,-0.026125814765691757,0.07254983745515346,-0.8265169858932495,0.6965829730033875,3.124835729598999,0.928786039352417,0.623704195022583,23.19148993074894,0.8532910346984863,0.5416666865348816
0.39594393968582153,0.2726779580116272,623.923463961,-0.009314556978642941,0.00011390625000000005,0.19359764456748962,0.3906135559082031,0.39151522517204285,12.91742992401123,0.0,-0.02350670099258423,42765,0.2830793857574463,0.7465330362319946,0.6705502271652222,12.64207682609558,,0.7777778506278992,0.3722836375236511,1784466833.3173695,0.38076987862586975,0.6189234852790833,1238,1.125,449.1,1.8555492162704468,2.015571355819702,0.08586036413908005,0.2021765112876892,7.708333492279053,-0.027817130088806152,0.06611637324094773,-0.8262140154838562,0.6965749263763428,3.109621047973633,0.8919808268547058,0.6422802209854126,21.99560628026724,0.8453607559204102,0.5833333730697632
0.3969314992427826,0.2499178647994995,626.448104792,-0.007684548973338678,0.00011390625000000006,0.18593665957450867,0.39359530806541443,0.3447209298610687,12.943489074707031,0.0,-0.020572513341903687,41753,0.293473482131958,0.7044057846069336,0.6761026382446289,12.64874334335327,,0.7777778506278992,0.3740231990814209,1784466835.770914,0.38082143664360046,0.626778244972229,1239,1.0,447.69,1.9333739280700684,2.060927629470825,0.08331753313541412,0.21086132526397705,7.6666669845581055,-0.02539154887199402,0.06573808547109365,-0.8208832740783691,0.6947165727615356,3.177842617034912,0.880263090133667,0.5991197228431702,22.804426874145864,0.8476287722587585,0.5416666865348816
0.40099626779556274,0.2494879812002182,629.021279142,-0.007373528230982629,7.593750000000004e-05,0.1739187240600586,0.3973724842071533,0.3581899404525757,11.908442497253418,0.0,-0.022351659834384918,40484,0.32158541679382324,0.6942388415336609,0.6816872954368591,12.647629261016846,,0.7777778506278992,0.3711780309677124,1784466838.3139832,0.3808290660381317,0.6350468993186951,1240,1.0416667461395264,460.15,1.7362830638885498,2.106632709503174,0.08421217650175095,0.21416878700256348,7.75,-0.023142879828810692,0.07290684394538402,-0.8333578109741211,0.6969711780548096,2.9716737270355225,0.8508660197257996,0.609819233417511,23.413080610707404,0.8583481311798096,0.5
0.3873281478881836,0.2554885745048523,631.45491439,-0.00875248812371865,0.00011390625000000003,0.19212649762630463,0.38175612688064575,0.3000991940498352,13.10093879699707,0.0,-0.022220036014914513,40079,0.3092019557952881,0.7123198509216309,0.6559004187583923,12.651483297348022,,0.7777778506278992,0.37108907103538513,1784466840.8736277,0.3808740973472595,0.6071178913116455,1241,1.2083333730697632,441.99,1.9615267515182495,2.1435303688049316,0.08660952746868134,0.19428887963294983,6.875,-0.021521341055631638,0.06379459630697966,-0.8014141321182251,0.6966263651847839,3.1493887901306152,0.9112467765808105,0.5835325121879578,22.21085105665028,0.8253123760223389,0.3333333432674408
0.3989158868789673,0.2641705870628357,634.080936834,-0.00803976588867954,0.00011390625000000006,0.19409283995628357,0.397305428981781,0.32062190771102905,11.890270233154297,0.0,-0.022337427362799644,42159,0.31734585762023926,0.7019194960594177,0.6790370941162109,12.653061199188233,,0.7777778506278992,0.37157386541366577,1784466843.323645,0.3808998465538025,0.6339007616043091,1242,0.8333333730697632,463.04,1.8746494054794312,2.0143539905548096,0.08704601973295212,0.22350142896175385,7.1666669845581055,-0.025806546211242676,0.05647433530539274,-0.8259958028793335,0.6958972215652466,3.0608086585998535,0.86803138256073,0.5882254242897034,23.570775209218265,0.8534910678863525,0.2916666865348816
0.39772316813468933,0.25680315494537354,636.424908524,-0.00811891859921161,7.593750000000004e-05,0.19582806527614594,0.3946688175201416,0.35358887910842896,12.901199340820312,0.0416666679084301,-0.020853351801633835,39286,0.29695892333984375,0.7327978014945984,0.6758267283439636,12.651978778839112,,0.7777778506278992,0.3741992115974426,1784466845.9302828,0.38085734844207764,0.6284419298171997,1243,1.0416667461395264,469.16,1.9127204418182373,2.2052841186523438,0.08797835558652878,0.21243947744369507,8.0,-0.019887929782271385,0.060017008893191816,-0.8218894004821777,0.6952950358390808,3.178882598876953,0.8708690404891968,0.6363062858581543,23.910532678067685,0.8488003611564636,0.4583333432674408
0.4029587507247925,0.25595641136169434,638.815080715,-0.008945508171382243,0.00011390625000000003,0.18554715812206268,0.4010530710220337,0.31361860036849976,12.303030014038086,0.0,-0.022210365161299706,43745,0.28914308547973633,0.7149445414543152,0.684812068939209,12.650710391998292,,0.7777778506278992,0.3753441572189331,1784466848.2744038,0.38083192706108093,0.6384479999542236,1244,1.1666667461395264,451.7,1.859991431236267,1.9580347537994385,0.0816972553730011,0.21800580620765686,7.333333492279053,-0.025579726323485374,0.06103091556578875,-0.8320998549461365,0.6942064166069031,3.1100871562957764,0.9096465110778809,0.585582971572876,22.908298316299916,0.8587624430656433,0.25
0.3926294445991516,0.24885505437850952,641.314827026,-0.007910083090246189,7.593750000000004e-05,0.18286262452602386,0.39149853587150574,0.3313779830932617,12.552350997924805,0.0,-0.022109966725111008,42905,0.28786134719848633,0.6898521780967712,0.6687930822372437,12.65125789642334,,0.7777778506278992,0.3760339021682739,1784466850.6665654,0.38089174032211304,0.6234824657440186,1245,1.2916667461395264,433.32,1.7665019035339355,2.003326177597046,0.08249607682228088,0.21590635180473328,8.0,-0.021667329594492912,0.08494840674102307,-0.8133556246757507,0.693253219127655,3.086188316345215,0.8805986642837524,0.5549584627151489,21.764945090189578,0.8402034044265747,0.4166666865348816
0.4047822654247284,0.24491974711418152,643.878983484,-0.008247052939259448,0.00011390625000000003,0.17706261575222015,0.40381211042404175,0.35048550367355347,11.858465194702148,0.0,-0.021468862891197205,41025,0.2965409755706787,0.6749495267868042,0.6892823576927185,12.653838872909546,,0.7777778506278992,0.3760922849178314,1784466853.167758,0.3806968331336975,0.6427546739578247,1246,0.9583333730697632,472.72,1.8622994422912598,2.0996217727661133,0.07860371470451355,0.2152620255947113,7.2916669845581055,-0.02262169122695923,0.05275091491639614,-0.8350844383239746,0.6912851333618164,2.91371488571167,0.8419941663742065,0.5987815856933594,23.968694524765013,0.8656930923461914,0.3333333432674408
0.40392884612083435,0.2678501307964325,646.910648639,-0.007444193477567751,7.593750000000004e-05,0.2011919468641281,0.40189075469970703,0.38891077041625977,12.086273193359375,0.0,-0.020796997472643852,39946,0.3313467502593994,0.7298664450645447,0.688902735710144,12.629530715942384,,0.7777778506278992,0.3786514401435852,1784466855.7492945,0.38044479489326477,0.6385554671287537,1247,1.0416667461395264,464.1,1.7890305519104004,2.1295342445373535,0.08828042447566986,0.21689864993095398,7.6666669845581055,-0.023398350924253464,0.06343250684440135,-0.8317569494247437,0.6914933919906616,3.0396933555603027,0.8812816143035889,0.6090611219406128,23.612525362595917,0.8626747131347656,0.3333333432674408
0.41339683532714844,0.239815354347229,649.674619216,-0.009397308640109259,0.00011390625000000003,0.17209625244140625,0.4124086797237396,0.3842194974422455,11.279688835144043,0.0,-0.022720884531736374,33797,0.29947638511657715,0.5954112410545349,0.7029575109481812,12.61527247428894,"{'_type': 'video-file', 'sha256': '1fbeca32f2b173f6646c3089d655792d3476362730fb55daa0cc5be286d89c3a', 'path': 'media/videos/video_1248_1fbeca32f2b173f6646c.mp4', 'size': 1600843.0}",0.7777778506278992,0.38075289130210876,1784466858.8457198,0.38022518157958984,0.6545958518981934,1248,0.9166666865348816,481.86,1.615778923034668,2.609116792678833,0.07807417213916779,0.2114797830581665,7.2916669845581055,-0.022339407354593277,0.06392213851213455,-0.8533036112785339,0.6904596090316772,2.7965991497039795,0.7909926176071167,0.5059345960617065,24.432690415382385,0.8834129571914673,0.3333333432674408
0.3990100026130676,0.2462034523487091,652.142487135,-0.0070640274829202095,7.593750000000004e-05,0.17778512835502625,0.39832791686058044,0.3400036692619324,12.87488079071045,0.0,-0.01968194916844368,37999,0.3167245388031006,0.7108928561210632,0.6801658868789673,12.604324245452881,,0.7777778506278992,0.38126325607299805,1784466861.5409863,0.3802795708179474,0.6342790126800537,1249,1.375,451.53,1.920237421989441,2.27028226852417,0.08080883324146271,0.21488821506500244,8.708333969116211,-0.02346884272992611,0.06883080527186394,-0.8193924427032471,0.6897596120834351,3.1487913131713867,0.8724609613418579,0.5968675017356873,22.94258626446128,0.8518203496932983,0.4166666865348816
0.39242714643478394,0.25114303827285767,654.660093107,-0.008388409216422588,7.593750000000002e-05,0.18511375784873962,0.3903304934501648,0.3190421462059021,12.282224655151367,0.0,-0.021797820925712585,41832,0.29140138626098633,0.6856849193572998,0.6672346591949463,12.619803285598755,,0.7777778506278992,0.3784474730491638,1784466863.9937086,0.3804350197315216,0.6197770833969116,1250,1.25,446.19,1.9060239791870117,2.0585296154022217,0.08051756024360657,0.20640651881694794,7.2916669845581055,-0.029293935745954514,0.05631351452320814,-0.8069648742675781,0.6886258125305176,3.08955717086792,0.9124339818954468,0.5515824556350708,22.457949009686708,0.8365870714187622,0.3333333432674408
0.42156708240509033,0.22399553656578064,657.196425485,-0.00874419793690322,7.593750000000002e-05,0.16199904680252075,0.4193969964981079,0.37796205282211304,11.336915969848633,0.0,-0.019150637090206146,40705,0.304018497467041,0.6225663423538208,0.7164373397827148,12.628621244430542,,0.7777778506278992,0.37852954864501953,1784466866.520865,0.3805522620677948,0.6662815809249878,1251,0.4583333432674408,485.15,1.6947717666625977,2.111006021499634,0.07450472563505173,0.220700204372406,7.708333492279053,-0.024130266159772873,0.06609119959175587,-0.8637573719024658,0.687762439250946,2.810309886932373,0.8157771825790405,0.5430303812026978,24.691219911575317,0.8981431722640991,0.2083333432674408
0.3875446319580078,0.2666088938713074,659.760174778,-0.008662052516592666,7.593750000000002e-05,0.2004130780696869,0.38364505767822266,0.3480408191680908,13.382949829101562,0.0416666679084301,-0.02334204874932766,40563,0.2983968257904053,0.747875452041626,0.6570132970809937,12.631830644607543,,0.7777778506278992,0.38040265440940857,1784466869.071197,0.38047605752944946,0.6108879446983337,1252,1.375,441.76,1.972360372543335,2.1250360012054443,0.0859978049993515,0.20465129613876343,7.1666669845581055,-0.024252556264400482,0.0692727979272604,-0.8047730922698975,0.6872491240501404,3.268892288208008,0.9083113670349121,0.6115258932113647,22.263939208984375,0.8278466463088989,0.3333333432674408
0.39777716994285583,0.25350698828697205,662.228377221,-0.008629397361073644,0.00011390625000000003,0.2068413496017456,0.3971395194530487,0.3679402470588684,12.524694442749023,0.0,-0.02240746282041073,40407,0.29758453369140625,0.7118050456047058,0.6780056953430176,12.626443719863891,,0.7777778506278992,0.37619680166244507,1784466871.6160152,0.3804338872432709,0.6312602162361145,1253,1.0,461.19,1.8863492012023926,2.135253429412842,0.08121214807033539,0.21286141872406006,8.083333969116211,-0.02110961452126503,0.06310007739812136,-0.8247328996658325,0.687413215637207,3.058212995529175,0.8766628503799438,0.5945547819137573,23.481479538083075,0.8518402576446533,0.4583333432674408
0.4099019467830658,0.23810850083827972,664.90400528,-0.007819588101119735,7.593750000000004e-05,0.17648623883724213,0.40755683183670044,0.3149169087409973,11.369471549987793,0.0833333358168602,-0.019577158614993095,41634,0.30170297622680664,0.6089421510696411,0.6976324915885925,12.626643466949464,,0.7777778506278992,0.37656867504119873,1784466874.0846605,0.3804289698600769,0.6480776071548462,1254,0.8333333730697632,458.67,1.6815476417541504,2.0594398975372314,0.07651880383491516,0.21793608367443085,8.25,-0.01787012442946434,0.05920231528580189,-0.843371570110321,0.68790602684021,2.759730100631714,0.8334810733795166,0.521919846534729,23.292733505293725,0.8756395578384399,0.375
0.38977909088134766,0.26133227348327637,667.40176056,-0.008598835178418085,0.00011390625000000003,0.19319495558738708,0.3873021602630615,0.3528704047203064,13.206019401550293,0.0,-0.021881181746721268,38334,0.3079397678375244,0.7648074626922607,0.6623217463493347,12.614127445220948,,0.7777778506278992,0.376911461353302,1784466876.7691405,0.38027164340019226,0.6181020736694336,1255,1.125,453.66,1.9952669143676758,2.25643253326416,0.08642798662185669,0.20875310897827148,7.125,-0.02232121303677559,0.06324746292084456,-0.8079063296318054,0.6873730421066284,3.2929084300994873,0.9142677783966064,0.6247178912162781,23.053662943840028,0.8351652026176453,0.4166666865348816
0.3969152867794037,0.24412190914154053,669.903047082,-0.00857993725221604,7.593750000000004e-05,0.17821447551250458,0.3968378007411957,0.3298014998435974,12.785957336425781,0.0,-0.02000422775745392,41260,0.30121588706970215,0.6810431480407715,0.6740591526031494,12.607380914688111,,0.7777778506278992,0.3758668303489685,1784466879.252624,0.380150705575943,0.6295009851455688,1256,1.1666667461395264,449.08,1.8034080266952515,2.0813004970550537,0.08033671975135803,0.21264497935771942,7.25,-0.024678871035575867,0.06405705325305462,-0.8180820941925049,0.6868371963500977,3.0375125408172607,0.8739709258079529,0.583634614944458,22.877185023445637,0.849389910697937,0.2916666865348816
0.39180076122283936,0.25331228971481323,672.545432849,-0.008379979074379661,0.00011390625000000003,0.19951653480529785,0.38971763849258423,0.3320724666118622,12.473261833190918,0.0,-0.020442772656679153,40968,0.32245850563049316,0.7126727104187012,0.6668452620506287,12.592214918136596,,0.7777778506278992,0.37802547216415405,1784466881.765099,0.3799141049385071,0.6193808317184448,1257,1.0833333730697632,451.15,1.9029268026351929,2.077025890350342,0.08087300509214401,0.2144656628370285,7.25,-0.02101219817996025,0.06946412995457649,-0.8106672763824463,0.6851522326469421,3.132174253463745,0.9115638732910156,0.6027184128761292,23.03298169106245,0.8380694389343262,0.2916666865348816
0.3977895975112915,0.25338441133499146,675.135695146,-0.007282179535832256,7.593750000000004e-05,0.18361827731132507,0.3971042335033417,0.3901781439781189,12.50654125213623,0.0,-0.020379576832056046,38894,0.32326436042785645,0.677079439163208,0.6773083209991455,12.587439775466919,,0.7777778506278992,0.3766297996044159,1784466884.410589,0.3799130618572235,0.6304312944412231,1258,1.2916667461395264,455.57,1.9163107872009277,2.2041614055633545,0.08363190293312073,0.21279752254486084,8.416666984558105,-0.02481350675225258,0.06674302853643894,-0.8155465126037598,0.684273898601532,3.038999557495117,0.8697000741958618,0.5882520079612732,23.04709686130285,0.8493820428848267,0.625
0.3854336142539978,0.25944089889526367,677.570075858,-0.007783321174792945,7.593750000000002e-05,0.1859150230884552,0.3830401301383972,0.3002576529979706,13.31885814666748,0.0,-0.020628515630960464,39747,0.2997443675994873,0.7530070543289185,0.6541785001754761,12.589609289169312,,0.7777778506278992,0.3751981258392334,1784466886.9943902,0.3799911141395569,0.6100322604179382,1259,1.7083333730697632,422.64,1.996701955795288,2.173480272293091,0.08636116981506348,0.20111152529716492,7.875,-0.019959695637226105,0.07769915498793126,-0.7898683547973633,0.6844238042831421,3.3031630516052246,0.9025959968566895,0.6324752569198608,21.49061824914068,0.8230785727500916,0.4583333432674408
0.3956254720687866,0.26113322377204895,680.175009567,-0.008703404775587842,7.593750000000002e-05,0.20096027851104736,0.39354273676872253,0.32651540637016296,13.165057182312012,0.0,-0.02071693167090416,42297,0.28488850593566895,0.7217329740524292,0.6728700399398804,12.595550298690796,,0.7777778506278992,0.3745041787624359,1784466889.412686,0.38000646233558655,0.626754105091095,1260,1.2916667461395264,433.37,1.954551100730896,2.0392448902130127,0.08320265263319016,0.21247152984142303,7.875,-0.025347908958792686,0.07759153209626675,-0.815496563911438,0.6832510828971863,3.2152304649353027,0.9212899208068848,0.6075539588928223,21.828076331820338,0.846150279045105,0.2916666865348816
0.3989667296409607,0.2566975951194763,682.628604912,-0.009122196197859011,0.00011390625000000003,0.19922921061515808,0.3978978097438812,0.36246800422668457,12.702369689941406,0.0,-0.02113022282719612,39127,0.30197644233703613,0.7563256621360779,0.6775833964347839,12.595358085632324,,0.7777778506278992,0.37527185678482056,1784466892.0280225,0.3801252841949463,0.6332372426986694,1261,1.25,456.64,1.9333200454711914,2.2104039192199707,0.08545778691768646,0.20952185988426208,7.2916669845581055,-0.021435100585222244,0.07778450697660447,-0.8176499605178833,0.6816549301147461,3.1898298263549805,0.897273063659668,0.6556450128555298,23.21982314325869,0.8516203761100769,0.3333333432674408
0.38459110260009766,0.2689565420150757,685.214676264,-0.00710484562732745,0.00011390625000000006,0.21422402560710907,0.38540026545524597,0.31081101298332214,13.42232894897461,0.0,-0.02010987512767315,41825,0.28334474563598633,0.7777237892150879,0.6538397669792175,12.611444473266602,,0.7777778506278992,0.3742377460002899,1784466894.4762948,0.3802863657474518,0.6142723560333252,1262,1.4583333730697632,429.02,1.9932074546813965,2.0669758319854736,0.09377124160528183,0.2079467624425888,6.875,-0.01918795146048069,0.06252363100647926,-0.7821725606918335,0.6814481019973755,3.3910586833953857,0.9903556704521179,0.6309897899627686,22.037768505513668,0.8183416128158569,0.3333333432674408
0.39416205883026123,0.26279908418655396,687.732794894,-0.008255843220649695,0.00011390625000000006,0.19943153858184814,0.3917974829673767,0.33651766180992126,12.694865226745605,0.0,-0.021926742047071457,39505,0.298572301864624,0.6871556639671326,0.6684343814849854,12.621066856384278,,0.7777778506278992,0.37299442291259766,1784466897.0551322,0.3803425133228302,0.623772382736206,1263,1.0,456.2,1.9335607290267944,2.189793348312378,0.08649089932441711,0.20927727222442627,7.25,-0.02602509781718254,0.06911833807826043,-0.8127942085266113,0.6806674003601074,3.1766772270202637,0.9340651035308838,0.5946222543716431,23.13966786302626,0.843187689781189,0.375
0.39704859256744385,0.24533991515636444,690.137608015,-0.009107350751582999,0.00011390625000000006,0.1649736762046814,0.3973313271999359,0.3117733597755432,12.977470397949219,0.0,-0.020574212074279785,40482,0.2915942668914795,0.6915218234062195,0.6755213141441345,12.611214923858643,,0.7777778506278992,0.3733232915401459,1784466899.5810854,0.3801521062850952,0.6316919326782227,1264,1.0,451.65,1.7838702201843262,2.136695146560669,0.07599061727523804,0.20824883878231049,7.6666669845581055,-0.02453077957034111,0.07237145714461804,-0.812777042388916,0.6809303164482117,3.075110912322998,0.8900110125541687,0.5704285502433777,23.195019285678864,0.8480589389801025,0.25
0.4081892967224121,0.23732034862041473,692.771969544,-0.007995622474118136,0.00011390625000000006,0.17704519629478455,0.4064474105834961,0.36978697776794434,11.996771812438965,0.0833333358168602,-0.020434627309441566,42595,0.29201841354370117,0.6211023330688477,0.6908367872238159,12.602712917327882,,0.7777778506278992,0.3706691265106201,1784466901.9872127,0.3800666630268097,0.6475458145141602,1265,0.8333333730697632,473.38,1.795549750328064,2.015852212905884,0.0780850201845169,0.21603769063949585,7.6666669845581055,-0.025182856246829033,0.05729530472308397,-0.8315173983573914,0.682151198387146,2.884159564971924,0.8663516044616699,0.5304438471794128,24.234556787014007,0.8688468933105469,0.25
0.3954070508480072,0.24522686004638672,695.288296101,-0.008531326428055763,7.593750000000004e-05,0.17600026726722717,0.39240190386772156,0.3680367171764374,12.481353759765625,0.0,-0.021413739770650864,38812,0.3252222537994385,0.71485435962677,0.6687101125717163,12.601586484909058,,0.75,0.3707871437072754,1784466904.662372,0.38013553619384766,0.6278766989707947,1266,1.375,437.89,1.760629415512085,2.2075932025909424,0.08131588995456696,0.21064543724060059,7.958333492279053,-0.0223147701472044,0.09158563725650311,-0.8157728910446167,0.6821697950363159,3.001687526702881,0.9049887657165527,0.5958645343780518,22.132117061056196,0.8455025553703308,0.2916666865348816
0.38425296545028687,0.27543801069259644,697.653701869,-0.009737868595402687,0.00011390625000000003,0.20776447653770447,0.38243910670280457,0.31337761878967285,13.593183517456055,0.0,-0.021766476333141327,41453,0.2939462661743164,0.8026110529899597,0.6526616811752319,12.610275983810425,,0.6666667461395264,0.3729431629180908,1784466907.1307206,0.3803175091743469,0.6097131967544556,1267,1.9166667461395264,421.46,2.0718467235565186,2.077476978302002,0.0917377769947052,0.2037697732448578,7.458333492279053,-0.022265030071139336,0.08134284131228924,-0.7944364547729492,0.6831375360488892,3.444070339202881,0.9670310020446777,0.6432032585144043,21.463361758440733,0.8231450915336609,0.5416666865348816
0.4006974399089813,0.2634623646736145,700.902395545,-0.008601409914990654,0.00011390625000000006,0.1951424926519394,0.39882171154022217,0.3469974398612976,12.297858238220215,0.0416666679084301,-0.023571839556097984,43193,0.29910993576049805,0.7069655656814575,0.6809176802635193,12.617645263671875,,0.6666667461395264,0.37622007727622986,1784466909.5033736,0.38022053241729736,0.6367526054382324,1268,0.9583333730697632,452.42,1.881673812866211,1.9768109321594238,0.08630764484405518,0.2150508612394333,7.6666669845581055,-0.024753591045737267,0.055577765218913555,-0.828593909740448,0.682865560054779,3.0954713821411133,0.9114723205566406,0.6021051406860352,22.775407180823386,0.8585519790649414,0.5
0.39000487327575684,0.26611092686653137,703.350372253,-0.008352562921936623,7.593750000000004e-05,0.19849269092082977,0.3875272870063782,0.3391109108924866,12.755903244018555,0.0,-0.020844221115112305,31211,0.29848384857177734,0.7505903244018555,0.661744236946106,12.603356075286865,"{'path': 'media/videos/video_1269_b3dd0e7978a88388d7e1.mp4', 'size': 1505221.0, '_type': 'video-file', 'sha256': 'b3dd0e7978a88388d7e1c712b99f8248d07a08b677903e87b1583bb2dc3f0d64'}",0.6666667461395264,0.37671467661857605,1784466912.8311958,0.3801739513874054,0.6184836030006409,1269,1.2916667461395264,439.04,1.779252052307129,2.8511440753936768,0.08741359412670135,0.21042752265930176,6.9166669845581055,-0.026223843917250633,0.07958465665578843,-0.8070470690727234,0.682998538017273,3.112206220626831,0.9138835668563843,0.6554323434829712,22.270256752744316,0.834794282913208,0.4583333432674408
0.3910197615623474,0.2572401165962219,705.927298309,-0.008762796444352716,5.062500000000002e-05,0.18336299061775208,0.3908039927482605,0.319507360458374,12.765161514282227,0.0416666679084301,-0.021976426243782043,43127,0.2938544750213623,0.720768928527832,0.6640722751617432,12.61321406364441,,0.6666667461395264,0.3780425488948822,1784466915.201909,0.38030171394348145,0.6243085265159607,1270,1.625,453.71,1.926131248474121,1.9855289459228516,0.08234517276287079,0.21272024512290955,9.166666984558105,-0.0231613926589489,0.08328895494341851,-0.8084935545921326,0.6801966428756714,3.2010765075683594,0.8885941505432129,0.598101019859314,22.9732143086195,0.8388351798057556,0.5
0.3647192418575287,0.30278414487838745,708.339578686,-0.009205850633588853,7.593750000000002e-05,0.23241959512233734,0.3624374568462372,0.3055543303489685,13.505365371704102,0.0,-0.0226101316511631,39689,0.3113076686859131,0.8521631956100464,0.6187500357627869,12.615930128097535,,0.6666667461395264,0.38154730200767517,1784466917.7870975,0.3803146481513977,0.5802701711654663,1271,1.6666667461395264,423.44,2.230313301086426,2.165512800216675,0.09891045093536377,0.20408760011196136,6.625,-0.02211589179933071,0.08486682586371899,-0.7599283456802368,0.6779307126998901,3.528350591659546,1.0218186378479004,0.6941061019897461,21.219677645117045,0.7830914258956909,0.4166666865348816
0.3923908472061157,0.2600136399269104,710.921119138,-0.009217073227046058,0.00011390625000000003,0.1878708302974701,0.3905367851257324,0.32396411895751953,12.588569641113281,0.0,-0.02056765928864479,42714,0.29203224182128906,0.7155306339263916,0.6647217273712158,12.619207763671875,,0.6666667461395264,0.38181376457214355,1784466920.1881723,0.3802986443042755,0.6239577531814575,1272,1.25,454.18,1.9122037887573242,2.009399652481079,0.08449151366949081,0.2122303694486618,7.458333492279053,-0.023569956421852112,0.07582947202026843,-0.8112759590148926,0.6777538061141968,3.146533489227295,0.9102878570556641,0.5953198671340942,23.23780612498522,0.8401443362236023,0.5833333730697632
0.40249693393707275,0.2589784264564514,713.385861194,-0.006885697100005928,5.0625000000000024e-05,0.19231180846691132,0.4025748372077942,0.29483065009117126,12.504378318786621,0.0,-0.02311922237277031,39591,0.30687904357910156,0.7209982872009277,0.6837940216064453,12.624470472335815,,0.6666667461395264,0.380145400762558,1784466922.771963,0.38034066557884216,0.6447255611419678,1273,0.7916666865348816,466.04,1.8841748237609863,2.176103353500366,0.08243963122367859,0.22679254412651062,7.2916669845581055,-0.02178332768380642,0.06369153838604688,-0.8307380080223083,0.6795198321342468,3.122953176498413,0.8916918635368347,0.593722939491272,23.832398157268763,0.8632688522338867,0.5
0.382994145154953,0.27923092246055603,715.973168707,-0.008464615192497148,0.00011390625000000005,0.200107604265213,0.38241034746170044,0.3069540858268738,13.685705184936523,0.0416666679084301,-0.021853690966963768,41621,0.29521703720092773,0.7716289758682251,0.6502426862716675,12.627367067337037,,0.6666667461395264,0.37600988149642944,1784466925.2345755,0.38051465153694153,0.6099553108215332,1274,1.375,443.23,1.9897569417953491,2.0666544437408447,0.09309090673923492,0.20793263614177704,7.875,-0.020560363307595253,0.08633962608873844,-0.7934428453445435,0.6793627738952637,3.324300527572632,0.9704236388206482,0.620429515838623,22.44237008590251,0.8210141658782959,0.5
0.402998149394989,0.2561628520488739,718.40701784,-0.008390584227163345,7.593750000000004e-05,0.18836891651153564,0.40369218587875366,0.3219723403453827,12.93851375579834,0.0,-0.021630175411701202,39496,0.29473090171813965,0.7174066305160522,0.6863135099411011,12.65072603225708,,0.6666667461395264,0.3764772117137909,1784466927.831858,0.38077017664909363,0.6454463005065918,1275,1.2083333730697632,466.98,1.8368830680847168,2.194167375564575,0.08254314959049225,0.2251700609922409,7.1666669845581055,-0.023035507649183273,0.07618975527584552,-0.8285419344902039,0.6782048940658569,3.2417917251586914,0.9104279279708862,0.5841556787490845,23.935866408795118,0.863933265209198,0.4166666865348816
0.3833472728729248,0.28070348501205444,721.043426235,-0.00879907279922918,0.00011390625000000003,0.2017715871334076,0.3834703862667084,0.3003406524658203,13.348666191101074,0.0,-0.023934483528137207,42291,0.2859690189361572,0.7889437079429626,0.6515864133834839,12.663834428787231,,0.6666667461395264,0.3782040476799011,1784466930.2640421,0.38098686933517456,0.6133198738098145,1276,1.5416667461395264,429.44,1.9718822240829468,2.0384480953216553,0.09184771776199341,0.2175045907497406,7.5,-0.021510012447834015,0.08414816334843636,-0.7939335107803345,0.6768044233322144,3.3189265727996826,0.9655154943466187,0.6762704849243164,21.70025373131037,0.8226938247680664,0.7083333730697632
0.39991530776023865,0.25674378871917725,723.446693107,-0.008507588983047754,0.00011390625000000006,0.19018948078155518,0.40102332830429077,0.3278857469558716,12.621103286743164,0.0,-0.021505629643797874,38895,0.3086400032043457,0.7077677249908447,0.6791538596153259,12.674870586395263,,0.6666667461395264,0.37936243414878845,1784466932.9023583,0.3809935450553894,0.6369659900665283,1277,1.1666667461395264,457.41,1.808226466178894,2.218764066696167,0.08669885993003845,0.2149786800146103,6.958333492279053,-0.021291514858603477,0.0800129983574152,-0.8218055963516235,0.6750960350036621,3.066679000854492,0.9257218837738037,0.6022746562957764,23.16724795654416,0.8560077548027039,0.5833333730697632
0.40179476141929626,0.24724096059799194,726.039917564,-0.007541268644854426,0.00011390625000000006,0.1773374378681183,0.4014643132686615,0.3670179843902588,12.468844413757324,0.0,-0.021113034337759018,42881,0.2962918281555176,0.7161922454833984,0.6832268238067627,12.673367643356324,,0.6666667461395264,0.37950751185417175,1784466935.2975404,0.38098767399787903,0.6415363550186157,1278,1.3333333730697632,453.43,1.9340641498565674,1.9961392879486084,0.07842898368835449,0.2175617665052414,7.6666669845581055,-0.02511601150035858,0.07822882682085038,-0.8217660784721375,0.6740343570709229,3.1192917823791504,0.8981000781059265,0.6022257208824158,23.143702198266983,0.8582134246826172,0.375
0.3915101885795593,0.2510581612586975,728.479332432,-0.008296139677986503,7.593750000000004e-05,0.18898747861385345,0.3941417932510376,0.3339177370071411,12.546462059020996,0.0,-0.019898250699043274,39444,0.2929806709289551,0.6906599998474121,0.6668325662612915,12.668782615661621,,0.6666667461395264,0.3832061290740967,1784466937.888968,0.3809233605861664,0.6276106834411621,1279,1.125,443.77,1.8301914930343628,2.1992268562316895,0.08098097145557404,0.21578656136989594,7.625,-0.021621908992528915,0.07742907628417015,-0.8012797832489014,0.6724772453308105,3.0764803886413574,0.9125203490257263,0.5766654014587402,22.828623832017183,0.8380135297775269,0.4166666865348816
0.39419108629226685,0.2720836400985718,730.968717453,-0.00905147114826832,7.593750000000002e-05,0.2054826319217682,0.39219269156455994,0.339388370513916,12.747228622436523,0.0,-0.023016130551695824,42018,0.2854149341583252,0.7404043078422546,0.6680965423583984,12.664590501785279,,0.6666667461395264,0.38351842761039734,1784466940.3265367,0.38090234994888306,0.627255380153656,1280,1.25,452.45,1.9183845520019531,2.054105520248413,0.08642228692770004,0.21148113906383514,7.833333492279053,-0.024409517645835876,0.06858462132513524,-0.8135887980461121,0.6724871397018433,3.2364554405212402,0.9356409311294556,0.6315247416496277,22.829141316115855,0.8444487452507019,0.375
0.3921217918395996,0.2645024061203003,733.462829982,-0.008403696108143777,7.593750000000002e-05,0.19702395796775818,0.39096125960350037,0.35478100180625916,12.875341415405273,0.0416666679084301,-0.021000877022743225,41089,0.2986586093902588,0.7261120080947876,0.6640402674674988,12.673629999160767,,0.6666667461395264,0.3837718367576599,1784466942.821785,0.3810892701148987,0.6234613656997681,1281,1.1666667461395264,456.97,1.9726083278656006,2.093782901763916,0.08738337457180023,0.21037034690380096,6.7916669845581055,-0.023532873019576073,0.07538036592304706,-0.8087862730026245,0.671726405620575,3.2434651851654053,0.9330060482025146,0.6123863458633423,23.377039637342094,0.8384613990783691,0.5416666865348816
0.40343260765075684,0.2513667047023773,736.15606989,-0.008512488577980547,0.00011390625000000003,0.18581044673919678,0.4023401737213135,0.33202725648880005,12.046175956726074,0.0,-0.02166246436536312,41120,0.29598093032836914,0.6644826531410217,0.6831700205802917,12.675490713119506,,0.6666667461395264,0.3859279751777649,1784466945.338358,0.380956768989563,0.6444396376609802,1282,1.125,448.97,1.8310469388961792,2.0946497917175293,0.08056452870368958,0.2167639434337616,8.041666984558105,-0.023725269362330437,0.06383130121976137,-0.8273314833641052,0.6700145602226257,2.9808473587036133,0.8776008486747742,0.5703996419906616,22.570109715908767,0.862296998500824,0.2916666865348816
0.40157264471054077,0.2701440751552582,738.595476863,-0.008399455528706311,0.00011390625000000006,0.20276068150997162,0.4027533233165741,0.3220885097980499,13.163427352905273,0.0,-0.0206030011177063,38327,0.31469225883483887,0.7747259140014648,0.680576503276825,12.662952852249145,,0.6666667461395264,0.3859720230102539,1784466948.0060577,0.3808761239051819,0.6399734020233154,1283,0.9166666865348816,444.26,1.906423807144165,2.250154972076416,0.08996321260929108,0.21851429343223572,6.5,-0.02516552433371544,0.07798044420778752,-0.824187159538269,0.6688596606254578,3.2803189754486084,0.9398722648620605,0.6856679916381836,22.65168167963624,0.8571854829788208,0.4583333432674408
0.3894233703613281,0.27068981528282166,741.181090747,-0.00658544841571711,7.593750000000004e-05,0.21715757250785828,0.38931238651275635,0.32952940464019775,13.1356840133667,0.0,-0.021311840042471886,42011,0.29250073432922363,0.7593234777450562,0.6613767743110657,12.661859512329102,,0.6666667461395264,0.38737958669662476,1784466950.4425693,0.3808306157588959,0.6214492917060852,1284,1.5,455.75,2.0649728775024414,2.0474112033843994,0.08937813341617584,0.20976147055625916,7.75,-0.025625992566347122,0.06540370788425207,-0.8086693286895752,0.6678016185760498,3.299510955810547,0.950721263885498,0.6251457929611206,22.922009663581846,0.8363760709762573,0.4166666865348816
0.39393383264541626,0.26241666078567505,743.608001184,-0.007819545319216558,0.00011390625000000003,0.19856113195419312,0.393584668636322,0.3540949821472168,13.015571594238281,0.0416666679084301,-0.02220163308084011,39505,0.3076746463775635,0.7474325895309448,0.6671738028526306,12.651260280609131,,0.6666667461395264,0.3877367675304413,1784466953.0481052,0.3806898295879364,0.627465009689331,1285,1.2083333730697632,457.73,1.9088141918182373,2.1806938648223877,0.08482067286968231,0.21385018527507782,7.375,-0.02808886580169201,0.06852809395641088,-0.8124443292617798,0.6670097708702087,3.204096555709839,0.9680662155151367,0.6192665100097656,22.956444229483605,0.8437384366989136,0.2083333432674408
0.3878011703491211,0.2568497657775879,746.20428866,-0.008046233010099968,0.00011390625000000006,0.1940065324306488,0.38683247566223145,0.33804553747177124,12.925472259521484,0.0,-0.01976918615400791,42577,0.28728532791137695,0.7462279200553894,0.6582754254341125,12.643613481521607,,0.6666667461395264,0.389219731092453,1784466955.4628353,0.3806115388870239,0.6160942912101746,1286,1.4583333730697632,438.12,1.9570729732513428,2.021545648574829,0.08308416604995728,0.20374682545661926,7.583333492279053,-0.023072239011526108,0.05806481726467609,-0.7997592687606812,0.6658446788787842,3.227672576904297,0.9300908446311951,0.6270927786827087,22.36642093643546,0.8308435678482056,0.25
0.4055935740470886,0.24626335501670837,748.628054076,-0.007040677100303583,5.0625000000000024e-05,0.18011870980262756,0.40822097659111023,0.3521764278411865,11.615958213806152,0.0,-0.021069562062621117,39479,0.3184316158294678,0.6436852812767029,0.6895250082015991,12.635558795928954,,0.6666667461395264,0.38943612575531006,1784466958.054633,0.3805803656578064,0.651151180267334,1287,0.875,439.89,1.725879430770874,2.1715803146362305,0.07970770448446274,0.22292624413967133,7.2916669845581055,-0.0201132632791996,0.06186368968337774,-0.8296541571617126,0.6648306846618652,2.899545669555664,0.8676049113273621,0.5608296990394592,22.339822583682835,0.8682523965835571,0.375
0.40087223052978516,0.22060951590538025,751.008726019,-0.008624567015795037,0.00011390625000000003,0.16289076209068298,0.40106329321861267,0.3074283003807068,11.614158630371094,0.0833333358168602,-0.019251618534326553,42286,0.29227662086486816,0.6152291297912598,0.6811432242393494,12.636875629425049,,0.6666667461395264,0.39042240381240845,1784466960.4762373,0.3806181252002716,0.6395515203475952,1288,1.0833333730697632,446.51,1.7081401348114014,2.03243350982666,0.0700811967253685,0.21588075160980225,8.583333969116211,-0.02531842142343521,0.07596631012856961,-0.826993465423584,0.6638409495353699,2.881192684173584,0.826403796672821,0.514997661113739,22.626588759049774,0.8600038290023804,0.3333333432674408
0.38943013548851013,0.2715815305709839,754.182593976,-0.007819807314081117,7.593750000000004e-05,0.20060715079307556,0.38733065128326416,0.3284611105918884,13.20942497253418,0.0,-0.020837947726249695,43022,0.29776740074157715,0.7666351795196533,0.6615395545959473,12.644404220581055,,0.6666667461395264,0.3908921182155609,1784466962.8601818,0.38062286376953125,0.6199536919593811,1289,1.4166667461395264,452.93,2.0019516944885254,1.9871752262115479,0.08820642530918121,0.21099917590618134,6.708333492279053,-0.025603026151657104,0.07585977353155612,-0.8077644109725952,0.6627067923545837,3.275114059448242,0.9330652952194214,0.6448796391487122,22.92482166349888,0.8361520767211914,0.4166666865348816
0.3947755694389343,0.2582613229751587,756.701515404,-0.007603999716229737,7.593750000000002e-05,0.18789801001548767,0.39550596475601196,0.32395389676094055,13.230639457702637,0.0,-0.02241606079041958,32003,0.3017849922180176,0.7568601369857788,0.671109676361084,12.636744403839112,"{'size': 1490624.0, '_type': 'video-file', 'sha256': '5676c38fcaaeff29ee920ef61dc61d2e8c00d12f785dc252072288165d120bd9', 'path': 'media/videos/video_1290_5676c38fcaaeff29ee92.mp4'}",0.6666667461395264,0.39251238107681274,1784466966.0980668,0.3805564343929291,0.6314914226531982,1290,1.2916667461395264,466.02,1.9451731443405151,2.7698333263397217,0.08440673351287842,0.21705982089042664,7.5,-0.02039472572505474,0.07365386225283146,-0.816755473613739,0.6618934869766235,3.2800652980804443,0.9354838132858276,0.6621016263961792,23.5085512855649,0.8460332751274109,0.4166666865348816
0.406724750995636,0.24011974036693573,759.284156189,-0.008745644334703684,0.00011390625000000003,0.16913561522960663,0.40925857424736023,0.32824623584747314,12.437126159667969,0.0416666679084301,-0.02247731387615204,41581,0.2837409973144531,0.6664831638336182,0.6915075778961182,12.63388171195984,,0.6666667461395264,0.39249253273010254,1784466968.551793,0.3805590271949768,0.6522408723831177,1291,1.0833333730697632,464.1,1.856414556503296,2.0804078578948975,0.07708945125341415,0.22001522779464722,9.125,-0.020335599780082703,0.06435742285102605,-0.8389386534690857,0.6624071598052979,3.046268939971924,0.8960561752319336,0.559675395488739,23.439870148450137,0.8731752634048462,0.5416666865348816
0.37647318840026855,0.2653963267803192,761.780589747,-0.007307258952369011,0.00011390625000000006,0.2007777988910675,0.3768225610256195,0.32427406311035156,13.363626480102539,0.0,-0.020789053291082382,39610,0.29412341117858887,0.7173978686332703,0.6408164501190186,12.64323868751526,,0.6666667461395264,0.391641229391098,1784466971.1396286,0.3807455897331238,0.6018747091293335,1292,1.2916667461395264,436.92,1.8983285427093506,2.1876614093780518,0.08656277507543564,0.20510923862457275,6.958333492279053,-0.021816980093717575,0.06714768186211587,-0.7829565405845642,0.6629606485366821,3.1809911727905273,0.9435409307479858,0.5875369906425476,22.29536093980074,0.8096497058868408,0.4166666865348816
0.4144894480705261,0.2309611290693283,764.306759482,-0.008746012730989605,0.00017085937500000009,0.17510470747947693,0.4165707230567932,0.3625265061855316,11.674091339111328,0.0,-0.019543319940567017,41106,0.304760217666626,0.6052210330963135,0.7033669352531433,12.651175165176392,,0.6666667461395264,0.39200615882873535,1784466973.6302333,0.38067561388015747,0.6621549725532532,1293,0.6666666865348816,463.75,1.6911619901657104,2.086686849594116,0.07570596039295197,0.21778754889965057,7.75,-0.023240087553858757,0.06039170939475298,-0.8434251546859741,0.6625218391418457,2.784280776977539,0.8688346743583679,0.5186368227005005,23.783756625652313,0.8855113387107849,0.1666666716337204
0.400762140750885,0.25586244463920593,767.029384906,-0.008825371980492491,0.00011390625000000006,0.19031214714050293,0.4006156623363495,0.32362785935401917,12.484718322753906,0.0,-0.021920938044786453,40545,0.3052034378051758,0.7010738849639893,0.6784665584564209,12.639628553390503,,0.6666667461395264,0.39007776975631714,1784466976.1687365,0.38062912225723267,0.6372597217559814,1294,1.25,475.2,1.849907636642456,2.1193151473999023,0.08659430593252182,0.21233199536800385,7.5416669845581055,-0.023212846368551254,0.07416292130947114,-0.8253265619277954,0.6646031141281128,3.038883924484253,0.8921819925308228,0.5965035557746887,24.194151697419585,0.8585614562034607,0.4166666865348816
0.38357704877853394,0.2897528409957886,769.619536462,-0.007956468088377733,7.593750000000004e-05,0.21265864372253418,0.38410496711730957,0.3493327796459198,13.822515487670898,0.0,-0.020151345059275627,37691,0.31585168838500977,0.7887529730796814,0.6514123678207397,12.651846122741699,,0.6666667461395264,0.3889875113964081,1784466978.8947494,0.38074827194213867,0.6118370294570923,1295,1.1666667461395264,462.6,2.046752452850342,2.2922685146331787,0.09731230139732361,0.20781588554382324,7.958333492279053,-0.020155807957053185,0.08263373412191868,-0.7963840365409851,0.6665290594100952,3.480656385421753,0.9725376963615417,0.6713348627090454,23.429951460957525,0.8246452808380127,0.75
0.3826320767402649,0.2650379538536072,772.186698201,-0.009202123311115428,7.593750000000002e-05,0.196234330534935,0.3831516206264496,0.31969112157821655,13.35076904296875,0.0,-0.0218830443918705,39766,0.3222348690032959,0.7447644472122192,0.6503912210464478,12.661585807800293,,0.6666667461395264,0.38838863372802734,1784466981.4852967,0.3808864653110504,0.6126154661178589,1296,1.1666667461395264,442.73,1.9110593795776367,2.1498005390167236,0.08564319461584091,0.21243856847286224,6.583333492279053,-0.021302705630660057,0.07508501075208188,-0.7962324023246765,0.6662328243255615,3.337337017059326,0.9496755003929138,0.6021691560745239,22.3732285618037,0.8234503269195557,0.3333333432674408
0.3951049745082855,0.24894776940345764,774.653311899,-0.008879443199839443,0.00017085937500000006,0.19092056155204773,0.39645037055015564,0.31326693296432495,12.308612823486328,0.0,-0.021652545779943466,40169,0.3172295093536377,0.675956666469574,0.6731696128845215,12.660329627990723,,0.6666667461395264,0.386027991771698,1784466984.0503354,0.380715548992157,0.6334819793701172,1297,1.125,464.29,1.797851324081421,2.1300249099731445,0.08112950623035431,0.21457058191299438,8.25,-0.022572051733732224,0.05459067076444626,-0.8206624388694763,0.6673702001571655,3.0525994300842285,0.8596212863922119,0.5751739740371704,23.63113414555788,0.8498462438583374,0.4166666865348816
0.3956896662712097,0.24147671461105347,777.206834449,-0.0094277021009475,0.00011390625000000006,0.177755206823349,0.39821338653564453,0.30007460713386536,12.288965225219727,0.0,-0.020046720281243324,41789,0.2955496311187744,0.7066044807434082,0.674079179763794,12.636352968215942,,0.6666667461395264,0.3863455057144165,1784466986.5010648,0.38039618730545044,0.6333034038543701,1298,1.0,441.01,1.856144666671753,2.0568301677703857,0.08205273747444153,0.21810919046401978,6.9166669845581055,-0.02406078577041626,0.06081055346876383,-0.8126072883605957,0.6669747829437256,3.0800178050994873,0.8802778720855713,0.613436758518219,22.536338375471534,0.8484419584274292,0.2916666865348816
0.40222615003585815,0.2444935292005539,779.634573384,-0.007480498114455258,7.593750000000004e-05,0.183453768491745,0.40392524003982544,0.3008881211280823,12.435556411743164,0.0,-0.021968787536025047,40018,0.3047351837158203,0.6835240125656128,0.6847858428955078,12.623530387878418,,0.6666667461395264,0.387455552816391,1784466989.0668612,0.3804135322570801,0.6446430683135986,1299,1.2083333730697632,458.21,1.758030891418457,2.1517035961151123,0.08193012326955795,0.21363189816474915,8.166666984558105,-0.02256416343152523,0.07840554676949978,-0.8366026878356934,0.6661595702171326,3.107135534286499,0.8425096273422241,0.5735313892364502,23.165785194560886,0.8656935691833496,0.4583333432674408
0.3981039226055145,0.2523416578769684,782.29898416,-0.008947667901520618,0.00011390625000000003,0.19332075119018555,0.4014931619167328,0.3475775122642517,12.427421569824219,0.0,-0.019402392208576202,42427,0.2872450351715088,0.6855146884918213,0.6791300773620605,12.637062883377075,,0.6666667461395264,0.38991543650627136,1784466991.4866846,0.38050955533981323,0.6372518539428711,1300,1.2083333730697632,460.33,1.7812738418579102,2.02974796295166,0.08277294039726257,0.2169250100851059,7.9166669845581055,-0.022497862577438354,0.06257277932018042,-0.8225792646408081,0.6643056869506836,3.025452136993408,0.8878182768821716,0.5905336141586304,23.587294362559916,0.85572350025177,0.3333333432674408
0.39333510398864746,0.25783413648605347,784.763723947,-0.008019526826683433,7.593750000000004e-05,0.1909523457288742,0.39245176315307617,0.33756527304649353,11.780104637145996,0.0,-0.02124086394906044,38384,0.3033626079559326,0.6871528625488281,0.668775737285614,12.63428840637207,,0.6666667461395264,0.3904932141304016,1784466994.1499925,0.3804502785205841,0.6259475350379944,1301,1.0833333730697632,453.54,1.7917145490646362,2.257697820663452,0.08485262095928192,0.2128676176071167,7.583333492279053,-0.020968977361917496,0.060910172387957574,-0.8143297433853149,0.6633532643318176,2.994723320007324,0.880218505859375,0.6011326313018799,23.06774800103158,0.8435670733451843,0.4583333432674408
0.3858450651168823,0.2648105323314667,787.294258077,-0.008742525013303748,7.593750000000002e-05,0.2003481388092041,0.38831406831741333,0.32513803243637085,13.411369323730469,0.0416666679084301,-0.021093329414725304,41609,0.3011772632598877,0.7423179149627686,0.6585401296615601,12.627471351623536,,0.6666667461395264,0.39073964953422546,1784466996.6160605,0.38030484318733215,0.620262861251831,1302,1.4166667461395264,428.48,1.9588432312011719,2.061337471008301,0.08729414641857147,0.21313095092773438,7.375,-0.022072073072195053,0.06683239564299584,-0.8021668791770935,0.6624850034713745,3.29852294921875,0.924523115158081,0.6120867133140564,21.69537925109267,0.8309733271598816,0.375
0.3970976769924164,0.25524890422821045,789.737653693,-0.008464708150131627,7.593750000000002e-05,0.19129936397075653,0.40088218450546265,0.34873685240745544,11.989431381225586,0.0,-0.020750828087329865,40481,0.2960786819458008,0.7100405693054199,0.6778439283370972,12.613218736648559,,0.6666667461395264,0.39124736189842224,1784466999.151461,0.3800663650035858,0.6384034156799316,1303,1.0,451.98,1.7542848587036133,2.1323049068450928,0.08295588940382004,0.21465390920639038,7.25,-0.020580001175403595,0.06466101203113794,-0.8166911602020264,0.661780595779419,3.014206647872925,0.8806360960006714,0.6008569002151489,23.0096774366498,0.8545340299606323,0.4166666865348816
0.3828545808792114,0.2744852900505066,792.371705037,-0.00874851820335607,0.00017085937500000006,0.20890836417675018,0.3854703903198242,0.3535432517528534,13.423641204833984,0.0,-0.019320566207170486,42098,0.29129624366760254,0.7700836062431335,0.6522508263587952,12.604322528839111,,0.6666667461395264,0.3895736634731293,1784467001.592982,0.38009539246559143,0.6103383898735046,1304,1.125,436.29,1.8811774253845215,2.0437843799591064,0.0883336290717125,0.20781837403774261,6.6666669845581055,-0.0260322242975235,0.06587321776896715,-0.7902340292930603,0.663022518157959,3.3355393409729004,0.9573440551757812,0.6081449389457703,22.07589692234993,0.8210817575454712,0.4166666865348816
0.41054126620292664,0.24590161442756653,795.022643867,-0.008677673118654639,7.593750000000004e-05,0.18702469766139984,0.41200655698776245,0.2949151396751404,13.142126083374023,0.0,-0.02076413854956627,38910,0.30759525299072266,0.7019822001457214,0.6980125308036804,12.613962316513062,,0.6666667461395264,0.3895776867866516,1784467004.4493904,0.38019025325775146,0.655882716178894,1305,0.9166666865348816,465.04,1.9054718017578125,2.2188072204589844,0.08046244084835052,0.22458967566490173,8.083333969116211,-0.02559496834874153,0.072666260227561,-0.8476706743240356,0.6631253957748413,3.2081570625305176,0.8898777961730957,0.5914570093154907,23.647677606642247,0.8802975416183472,0.3333333432674408
0.3888760805130005,0.27356207370758057,797.538096564,-0.008938101337116677,0.00011390625000000003,0.20962738990783691,0.3907868564128876,0.3542949855327606,13.273077011108398,0.0,-0.021376600489020348,42275,0.2859010696411133,0.7960168719291687,0.6614380478858948,12.621726179122925,,0.6666667461395264,0.390164852142334,1784467006.872979,0.3802736699581146,0.619670033454895,1306,1.4166667461395264,437.55,2.0162675380706787,2.039418935775757,0.0873325988650322,0.2061816155910492,7.333333492279053,-0.026116538792848587,0.069726138189435,-0.8024904131889343,0.6636530756950378,3.3540611267089844,0.9520236849784851,0.676552951335907,22.092730756103993,0.8340458869934082,0.3333333432674408
0.40837782621383667,0.23457679152488708,800.078758519,-0.00835970431799069,0.00011390625000000006,0.17040881514549255,0.41287678480148315,0.34453505277633667,11.988863945007324,0.0,-0.021744592115283012,40698,0.29669928550720215,0.6645350456237793,0.6966816186904907,12.626020479202271,,0.6666667461395264,0.3904443681240082,1784467009.4034154,0.3802947998046875,0.6568061709403992,1307,0.7083333730697632,471.22,1.7730263471603394,2.1186981201171875,0.07558654248714447,0.2270805686712265,7.7916669845581055,-0.02215910702943802,0.06620759200304746,-0.8413114547729492,0.6644012928009033,2.9149017333984375,0.8623034358024597,0.5763421058654785,24.20050912953913,0.8761682510375977,0.4583333432674408
0.39572009444236755,0.26868391036987305,802.680484131,-0.008141037606401369,7.593750000000004e-05,0.20114515721797943,0.39523184299468994,0.3451983332633972,12.09730052947998,0.0,-0.022713445127010345,40571,0.3205418586730957,0.7062252759933472,0.6727844476699829,12.62120189666748,,0.6666667461395264,0.38960742950439453,1784467011.9429042,0.38028082251548767,0.6297249794006348,1308,1.3333333730697632,452.71,1.783597707748413,2.1024138927459717,0.0891173705458641,0.215554878115654,7.125,-0.023992083966732025,0.08121129386126995,-0.8183720111846924,0.6654456853866577,3.0774121284484863,0.9001743197441101,0.6028546690940857,22.56363145634532,0.8475784063339233,0.5416666865348816
0.3933630883693695,0.2693174481391907,805.166089467,-0.00813644860390923,7.593750000000002e-05,0.2005557417869568,0.3946278989315033,0.33259716629981995,13.449825286865234,0.0416666679084301,-0.02170039713382721,39544,0.3059201240539551,0.7397055625915527,0.67135089635849,12.626550579071045,,0.6666667461395264,0.39013323187828064,1784467014.5292094,0.38045066595077515,0.6289138197898865,1309,1.4166667461395264,448.54,2.04646635055542,2.179957151412964,0.08443882316350937,0.21924108266830444,8.416666984558105,-0.022970106452703476,0.06489167101681233,-0.8139035105705261,0.6651406288146973,3.3630924224853516,0.9360870718955994,0.6199508309364319,23.01770918905735,0.8455101847648621,0.4583333432674408
0.39605236053466797,0.249770849943161,808.38971675,-0.008464473159983754,0.00011390625000000003,0.19494590163230896,0.39663541316986084,0.3708799481391907,12.729291915893555,0.0,-0.020837604999542236,41189,0.2858610153198242,0.7160780429840088,0.6735281944274902,12.633178281784058,,0.6666667461395264,0.3931114077568054,1784467017.0215218,0.3805232346057892,0.6301298141479492,1310,1.0,461.48,1.8268522024154663,2.100778818130493,0.08469927310943604,0.21268481016159058,7.25,-0.02939625456929207,0.06435176748782397,-0.819227933883667,0.6652176380157471,3.140120029449463,0.8983263373374939,0.5820638537406921,23.159417726248503,0.849799633026123,0.5
0.4147207736968994,0.2342500388622284,811.121825161,-0.008054417971288785,7.593750000000004e-05,0.17453324794769287,0.41842973232269287,0.3392018675804138,11.660247802734375,0.0416666679084301,-0.02000422403216362,31542,0.3154618740081787,0.6203100085258484,0.7071466445922852,12.63853187561035,"{'sha256': '44a22144b4b1d1c0df915bc99771198851dbac9dd948cab73ac222a815787f01', 'path': 'media/videos/video_1311_44a22144b4b1d1c0df91.mp4', 'size': 1488694.0, '_type': 'video-file'}",0.6666667461395264,0.3931715488433838,1784467020.341436,0.3805812895298004,0.6641832590103149,1311,0.75,476.55,1.7859718799591064,2.801100492477417,0.07351075112819672,0.22742663323879242,7.5416669845581055,-0.02645747736096382,0.07962157800793648,-0.8499273657798767,0.6642855405807495,2.872781753540039,0.8512083888053894,0.5297999382019043,24.4412396979332,0.8893812894821167,0.125
0.3866574168205261,0.2772979736328125,813.608952287,-0.009063523274380713,0.00011390625000000003,0.20436953008174896,0.3876381516456604,0.3386380076408386,13.717355728149414,0.0,-0.02066143788397312,38726,0.30325913429260254,0.7854792475700378,0.657471776008606,12.63430404663086,,0.6666667461395264,0.3973422944545746,1784467022.981374,0.3805277645587921,0.6165325045585632,1312,1.375,440.22,1.9679713249206543,2.2351741790771484,0.08965834230184555,0.2098325937986374,7.833333492279053,-0.026740584522485733,0.06977334562689066,-0.8031187057495117,0.6623607873916626,3.4524245262145996,0.9990781545639038,0.6423361897468567,22.217979676425458,0.8293815851211548,0.3333333432674408
0.3960972726345062,0.24893610179424286,816.176969662,-0.007999530906090513,0.00011390625000000006,0.1826719492673874,0.4003376364707947,0.3314085304737091,12.359808921813965,0.0,-0.020252056419849396,41355,0.30217885971069336,0.6554942727088928,0.6770923137664795,12.624284934997558,,0.6666667461395264,0.3982938528060913,1784467025.4652746,0.3802831470966339,0.6356267333030701,1313,1.4583333730697632,458.13,1.9554102420806885,2.0748424530029297,0.07984435558319092,0.22228604555130005,7.7916669845581055,-0.020078394562005997,0.05342500228434801,-0.8160204291343689,0.6626063585281372,3.114975690841675,0.8918578028678894,0.5293028354644775,23.55170134522021,0.8518363237380981,0.2916666865348816
0.40283235907554626,0.25346478819847107,818.632870625,-0.0075942615862004455,7.593750000000004e-05,0.20176303386688232,0.40450096130371094,0.31045007705688477,12.629393577575684,0.0416666679084301,-0.021319597959518433,39939,0.30966734886169434,0.7581515312194824,0.6866039037704468,12.601391696929932,,0.6666667461395264,0.39924106001853943,1784467028.0328512,0.38010919094085693,0.6433463096618652,1314,0.7916666865348816,452.19,1.8824453353881836,2.151650905609131,0.08395355939865112,0.2160681188106537,7.0416669845581055,-0.023326709866523743,0.0704618452116847,-0.8294936418533325,0.6610178351402283,3.1616902351379395,0.9130457639694214,0.6551439166069031,23.015301289781927,0.8653866648674011,0.375
0.3944430351257324,0.25035589933395386,821.248927322,-0.008060331087835947,0.00011390625000000003,0.18513837456703186,0.39701780676841736,0.37056964635849,12.14875316619873,0.0416666679084301,-0.020719852298498154,41845,0.2847461700439453,0.7027620077133179,0.6711972951889038,12.596010828018189,,0.6666667461395264,0.399993360042572,1784467030.4902413,0.3801291584968567,0.6265224814414978,1315,1.0833333730697632,474.51,1.8019320964813232,2.064446210861206,0.07856018096208572,0.20868723094463348,7.75,-0.024069637060165405,0.06356681361794472,-0.8174495697021484,0.6594880819320679,3.0009725093841553,0.8892124891281128,0.5953035354614258,24.128501726835967,0.8478095531463623,0.2916666865348816
0.3855590224266052,0.27096983790397644,823.674326536,-0.008894218329805881,7.593750000000004e-05,0.20925907790660858,0.38651829957962036,0.32296186685562134,12.847895622253418,0.0,-0.021976521238684654,39194,0.29717540740966797,0.7409769892692566,0.6566261053085327,12.59261384010315,,0.6666667461395264,0.3987513482570648,1784467033.0968282,0.38008958101272583,0.6149283647537231,1316,1.5,454.97,1.9452513456344604,2.2109625339508057,0.08850442618131638,0.20648682117462158,8.416666984558105,-0.022608693689107895,0.06366223283112049,-0.8000985980033875,0.6602389216423035,3.1797842979431152,0.9612407684326172,0.630092203617096,23.00875891353935,0.8283877372741699,0.4166666865348816
0.40487140417099,0.25069427490234375,826.241185491,-0.008854799994151109,7.593750000000002e-05,0.18311956524848938,0.4063485860824585,0.3779415488243103,12.105063438415527,0.0,-0.02006610482931137,42212,0.2974562644958496,0.7111679911613464,0.6889600157737732,12.583373165130615,,0.6666667461395264,0.3981781005859375,1784467035.5288613,0.37998485565185547,0.6437696218490601,1317,0.7916666865348816,465.38,1.7977432012557983,2.0313472747802734,0.07950752228498459,0.2142290323972702,6.875,-0.023415615782141685,0.06014331914484501,-0.8340071439743042,0.6610416173934937,3.068331241607666,0.9000344276428223,0.6072313785552979,23.281565533876417,0.8698590993881226,0.375
0.40747305750846863,0.2275332659482956,828.791989144,-0.008413056388963013,7.593750000000002e-05,0.1587061882019043,0.4065053462982178,0.35334038734436035,11.719286918640137,0.0,-0.02037416398525238,39925,0.31121325492858887,0.6469689607620239,0.6919607520103455,12.578570222854614,,0.6666667461395264,0.39900630712509155,1784467038.0963159,0.379937082529068,0.6464292407035828,1318,1.0,453.04,1.7265043258666992,2.1509640216827393,0.07531607896089554,0.2160457968711853,7.625,-0.018981315195560455,0.07148467823863029,-0.8421972990036011,0.6611146330833435,2.8780174255371094,0.8495997190475464,0.5736603140830994,22.73876365162432,0.8744640350341797,0.2083333432674408
0.4057927131652832,0.25371551513671875,831.379655143,-0.007661219488363713,7.593750000000002e-05,0.18916532397270203,0.4072877764701843,0.3583429455757141,11.971111297607422,0.0416666679084301,-0.021298011764883995,40201,0.28884220123291016,0.6938657760620117,0.6913795471191406,12.57775058746338,,0.6666667461395264,0.4006931185722351,1784467040.6425676,0.3798963129520416,0.6444357633590698,1319,0.75,472.71,1.9165509939193726,2.156452178955078,0.08258192986249924,0.2117120921611786,7.625,-0.022465277463197708,0.06475826110690833,-0.8382458686828613,0.661186933517456,3.0927608013153076,0.8792328238487244,0.579547107219696,23.87735407754779,0.8711509704589844,0.4166666865348816
0.3824406564235687,0.2927725613117218,834.061219517,-0.008172404821380042,0.00011390625000000003,0.2202523648738861,0.38223958015441895,0.354736328125,13.388479232788086,0.0,-0.0204898864030838,39542,0.29964160919189453,0.8197216987609863,0.6494719386100769,12.571679210662841,,0.6666666865348816,0.4008369445800781,1784467043.2308235,0.3798910677433014,0.6076796650886536,1320,1.2916667461395264,434.44,2.0779144763946533,2.1864113807678223,0.09532216191291809,0.20507702231407166,8.125,-0.02323911339044571,0.07682429067790508,-0.7872775793075562,0.6625272035598755,3.454456090927124,0.9607939124107361,0.7048560380935669,21.86240626528859,0.8180888891220093,0.7916666865348816
0.3911595344543457,0.2603793740272522,836.657571809,-0.008696022098592947,7.593750000000004e-05,0.20040854811668396,0.39369139075279236,0.3706464171409607,12.964620590209961,0.0,-0.020543064922094345,38133,0.3203139305114746,0.73024982213974,0.6661126613616943,12.584585428237915,,0.6666667461395264,0.40271806716918945,1784467045.9211419,0.38011011481285095,0.626383364200592,1321,1.4583333730697632,422.12,2.0329809188842773,2.257568359375,0.08446135371923447,0.21934214234352112,7.375,-0.025931140407919884,0.08604342266917228,-0.8056281805038452,0.6606773138046265,3.261214256286621,0.9199684858322144,0.6177806854248047,21.507647533863782,0.8392459154129028,0.25
0.39023536443710327,0.29785391688346863,839.173897758,-0.00817686659283936,7.593750000000002e-05,0.2538238763809204,0.39167094230651855,0.3545759916305542,12.949118614196777,0.0416666679084301,-0.021371211856603622,39598,0.32306885719299316,0.7950751185417175,0.6647023558616638,12.59379539489746,,0.6666667461395264,0.4037187099456787,1784467048.52754,0.38016176223754883,0.6224930286407471,1322,1.375,452.45,2.1093876361846924,2.159477949142456,0.0968799740076065,0.20960155129432678,7.0416669845581055,-0.024472005665302277,0.07642274238169193,-0.8138742446899414,0.6587549448013306,3.3428897857666016,0.9731208682060242,0.6615778803825378,22.835540742389856,0.8391119241714478,0.5416666865348816
0.3860620856285095,0.2931888997554779,841.784173885,-0.009485598019091412,7.593750000000002e-05,0.23380312323570251,0.38588353991508484,0.3299342095851898,12.660085678100586,0.0,-0.020420026034116745,41084,0.2908945083618164,0.7605564594268799,0.655074417591095,12.59962706565857,,0.6666667461395264,0.4011960029602051,1784467051.0254054,0.3803366422653198,0.6135578155517578,1323,1.1666667461395264,451.58,1.909076452255249,2.101820230484009,0.09321435540914536,0.20655059814453125,7.5,-0.02112516574561596,0.06463029384613037,-0.8010166883468628,0.6585559844970703,3.217087745666504,0.9610637426376343,0.6421366930007935,22.853270393311977,0.8287409543991089,0.5
0.3882084786891937,0.2529045343399048,844.315136602,-0.008397799319936894,0.00011390625000000003,0.18612560629844666,0.39170607924461365,0.36777305603027344,13.101255416870117,0.0,-0.02081158384680748,39192,0.32602357864379883,0.6988236308097839,0.6627647876739502,12.617621278762817,,0.6666667461395264,0.4016091823577881,1784467053.6585565,0.3805728852748871,0.6217124462127686,1324,1.3333333730697632,456.12,1.91972017288208,2.1822011470794678,0.08109994232654572,0.2118014693260193,7.4166669845581055,-0.02624690532684326,0.08206277079880238,-0.7989551424980164,0.6574467420578003,3.2012412548065186,0.9143012762069702,0.5725352764129639,23.452139874622226,0.83323734998703,0.3333333432674408
0.37930962443351746,0.29366180300712585,846.946570729,-0.008267690683715046,7.593750000000004e-05,0.23422078788280487,0.38107043504714966,0.35526061058044434,13.692205429077148,0.0,-0.02145693078637123,40875,0.2895491123199463,0.815410315990448,0.6450838446617126,12.629103708267213,,0.6666667461395264,0.4022512137889862,1784467056.1668396,0.38070037961006165,0.6050366163253784,1325,1.4583333730697632,430.49,2.2397563457489014,2.1154260635375977,0.09802381694316864,0.2044001817703247,6.6666669845581055,-0.022291332483291626,0.08171087540686131,-0.785516619682312,0.6555644869804382,3.5287952423095703,0.9897502660751343,0.6740111112594604,21.533367953673004,0.8144230246543884,0.5
0.38775476813316345,0.2703285217285156,849.409460563,-0.00904500255419407,0.00011390625000000003,0.20500807464122772,0.38843977451324463,0.34506258368492126,12.870501518249512,0.0,-0.021159376949071884,38869,0.3273947238922119,0.7350296378135681,0.6573385000228882,12.641455221176148,,0.6666667461395264,0.40172791481018066,1784467058.8157873,0.3809077739715576,0.6145344972610474,1326,1.2916667461395264,435.13,1.9266457557678223,2.201702356338501,0.08660592138767242,0.20931386947631836,7.5416669845581055,-0.024800827726721764,0.06491898652166128,-0.8030556440353394,0.6546611189842224,3.227027416229248,0.9375514388084412,0.6191010475158691,21.824715540781618,0.8297762870788574,0.6666666865348816
0.4037780165672302,0.24752752482891083,851.772620584,-0.007758347759954631,7.593750000000004e-05,0.17940127849578857,0.40717813372612,0.3539207875728607,12.8497953414917,0.0,-0.021168962121009827,41975,0.28946995735168457,0.6992648839950562,0.6865730285644531,12.656086969375611,,0.6666667461395264,0.40266022086143494,1784467061.260319,0.38095390796661377,0.6446073055267334,1327,0.8333333730697632,462.17,1.920225977897644,2.0524520874023438,0.08033096790313721,0.21225836873054504,8.458333969116211,-0.02560674212872982,0.06990229971706867,-0.8329746127128601,0.6545283198356628,3.1695613861083984,0.8716686964035034,0.5733535885810852,23.37344107568264,0.8660311698913574,0.4166666865348816
0.39930564165115356,0.25899839401245117,854.421794177,-0.009056026264443063,0.00011390625000000003,0.19148391485214233,0.40010368824005127,0.3435155749320984,12.214091300964355,0.0416666679084301,-0.020615285262465477,43429,0.285449743270874,0.7030915021896362,0.6782097816467285,12.649324989318847,,0.6666667461395264,0.4017736613750458,1784467063.6293094,0.3808075487613678,0.6328979730606079,1328,0.875,450.79,1.8974560499191284,1.9780874252319336,0.08385833352804184,0.21497856080532074,7.5,-0.023776931688189507,0.0691419031471014,-0.8229093551635742,0.653744101524353,3.0990664958953857,0.8856395483016968,0.5884270071983337,23.03418219453655,0.8544646501541138,0.5416666865348816
0.3879013955593109,0.2648842930793762,856.915972506,-0.008023698467877694,7.593750000000004e-05,0.2011064738035202,0.38895583152770996,0.3464869260787964,12.764018058776855,0.0,-0.022451143711805344,38684,0.3117985725402832,0.711509108543396,0.6611256003379822,12.645394611358643,,0.6666667461395264,0.4016883373260498,1784467066.2768712,0.3808126449584961,0.618964433670044,1329,1.0416667461395264,451.55,1.9819668531417847,2.229353427886963,0.08508305251598358,0.20686517655849457,7.5,-0.025558289140462875,0.07125420980155468,-0.8089460134506226,0.65317702293396,3.177267551422119,0.9180562496185303,0.6046354174613953,22.678950321823358,0.8333371877670288,0.5
0.39555925130844116,0.24696916341781616,859.472823196,-0.00896867275587283,0.00011390625000000003,0.1923072785139084,0.39643582701683044,0.2996678352355957,11.794973373413086,0.2083333432674408,-0.02157634310424328,41208,0.3035619258880615,0.6192243099212646,0.6721857786178589,12.636283731460571,,0.6666667461395264,0.40093979239463806,1784467068.7645237,0.38061121106147766,0.6272647380828857,1330,0.9166666865348816,453.98,1.7825183868408203,2.0819437503814697,0.0788264274597168,0.212445467710495,8.208333969116211,-0.02077658846974373,0.06639921516180039,-0.8237537145614624,0.6529113054275513,2.9612059593200684,0.8681699633598328,0.511475145816803,22.9068756185472,0.8495423197746277,0.3333333432674408
0.3947829604148865,0.26584547758102417,862.568883357,-0.00855348102049902,0.00011390625000000006,0.20457696914672852,0.395068883895874,0.3226356506347656,13.764137268066406,0.0,-0.019914714619517326,39986,0.30730366706848145,0.7393824458122253,0.670458972454071,12.623945331573486,,0.6666667461395264,0.39919060468673706,1784467071.3315158,0.38046377897262573,0.6277577877044678,1331,1.1666667461395264,469.49,1.9180679321289062,2.15110445022583,0.08763857930898666,0.21501295268535614,7.2916669845581055,-0.026580777019262314,0.08227622397243976,-0.8132979869842529,0.6518808603286743,3.3191308975219727,0.9352288246154785,0.6061209440231323,23.83681809872389,0.8446094393730164,0.3333333432674408
0.38616472482681274,0.2806864380836487,865.217153766,-0.008274835214251652,0.00011390625000000006,0.22952616214752197,0.38779211044311523,0.31651830673217773,13.746467590332031,0.0416666679084301,-0.021732740104198456,32921,0.31534719467163086,0.7622269988059998,0.6569236516952515,12.610265731811523,"{'_type': 'video-file', 'sha256': '92b7dfe51a10f00ef693f7e17c208767bcb5bda0ea2e055b9dd5a2d8444449d0', 'path': 'media/videos/video_1332_92b7dfe51a10f00ef693.mp4', 'size': 1531130.0}",0.6666667461395264,0.39994630217552185,1784467074.5181148,0.3803679347038269,0.6174229383468628,1332,1.1666667461395264,455.99,1.9739484786987305,2.6706981658935547,0.09132226556539536,0.2072526216506958,7.9166669845581055,-0.024716388434171677,0.08180138245224952,-0.8030990362167358,0.6513891220092773,3.4125888347625732,0.9781346321105957,0.6218547821044922,22.958177722394467,0.8293358683586121,0.625
0.39635127782821655,0.25915125012397766,867.917602966,-0.007980150214280002,7.593750000000004e-05,0.20399396121501923,0.39700302481651306,0.3461039960384369,12.049009323120117,0.0833333358168602,-0.02209620550274849,39977,0.29261040687561035,0.7096612453460693,0.6732406616210938,12.606750297546387,,0.6666667461395264,0.39926862716674805,1784467077.0713372,0.3803078532218933,0.6304149627685547,1333,0.9583333730697632,439.63,1.9880802631378174,2.166396141052246,0.0860864669084549,0.20992803573608398,7.708333492279053,-0.02587391436100006,0.06220295522361994,-0.8194494247436523,0.651197075843811,3.095111846923828,0.8834995031356812,0.5908540487289429,21.809780492931605,0.8480432033538818,0.5833333730697632
0.39983221888542175,0.27793318033218384,870.507291851,-0.00930769425467588,0.00011390625000000003,0.2231098860502243,0.39990097284317017,0.31394118070602417,12.554372787475586,0.0416666679084301,-0.02198004722595215,37907,0.3074922561645508,0.706379771232605,0.6798068881034851,12.605466556549072,,0.6666667461395264,0.398385614156723,1784467079.78071,0.3803351819515228,0.6334217190742493,1334,0.7916666865348816,464.54,1.9557991027832031,2.2857725620269775,0.08848400413990021,0.21372994780540466,7.458333492279053,-0.02451946586370468,0.07150689847767353,-0.8344053030014038,0.6496725678443909,3.0211195945739746,0.9385234713554382,0.5721859931945801,23.458601835891603,0.8591998815536499,0.4166666865348816
0.3886027932167053,0.26816612482070923,873.003768297,-0.007563625741750002,7.593750000000004e-05,0.20408767461776733,0.3914468288421631,0.29970189929008484,12.823390007019043,0.0,-0.02182323858141899,39741,0.31891560554504395,0.715624213218689,0.6608812808990479,12.612510776519775,,0.6666667461395264,0.39667773246765137,1784467082.3786962,0.38037118315696716,0.621023416519165,1335,1.2083333730697632,431.55,1.799990177154541,2.154664993286133,0.08801370859146118,0.2116544246673584,6.7916669845581055,-0.023973532021045685,0.07422828115522861,-0.8040782809257507,0.6487836241722107,3.154491424560547,0.8745195269584656,0.6240464448928833,21.85552616879344,0.8309078216552734,0.4166666865348816
0.3991527557373047,0.2534672021865845,875.569061541,-0.008790082424457068,7.593750000000002e-05,0.1860407590866089,0.40197938680648804,0.3143262267112732,12.3865385055542,0.0,-0.0205788966268301,41396,0.3012077808380127,0.7024015188217163,0.6807739734649658,12.62351369857788,,0.6666667461395264,0.39616426825523376,1784467084.8570967,0.3805529773235321,0.6372877359390259,1336,0.8333333730697632,464.18,1.7467836141586304,2.0734617710113525,0.08319732546806335,0.21672746539115906,7.875,-0.02129177376627922,0.06697416044771672,-0.8187723159790039,0.6485934257507324,3.0978164672851562,0.8448227643966675,0.6141282320022583,23.65076232854277,0.8525490760803223,0.625
0.3956611752510071,0.27084892988204956,878.0812835,-0.009196645009797066,0.00011390625000000003,0.20609700679779053,0.3963608741760254,0.3232656419277191,12.643457412719727,0.0,-0.02143845520913601,39941,0.3258345127105713,0.7495560050010681,0.673989474773407,12.638643074035645,,0.6666667461395264,0.39572739601135254,1784467087.426057,0.38072046637535095,0.6289501786231995,1337,1.375,440.57,1.9912688732147217,2.1353914737701416,0.08832751214504242,0.2107734978199005,8.666666984558105,-0.021767301484942436,0.07878237515687943,-0.8211401700973511,0.6479161977767944,3.1660990715026855,0.9209030866622925,0.644290566444397,22.2567739841342,0.8489314913749695,0.4583333432674408
0.3837767541408539,0.3117470145225525,880.503380711,-0.007894781831419095,7.593750000000004e-05,0.2501738965511322,0.38296228647232056,0.3611023426055908,13.581622123718262,0.0416666679084301,-0.022238951176404953,40948,0.2912564277648926,0.7697655558586121,0.6527267694473267,12.642510557174683,,0.6666667461395264,0.3923584222793579,1784467089.9288814,0.38067179918289185,0.6061630249023438,1338,0.9583333730697632,441.24,2.209254741668701,2.1094141006469727,0.10223060846328735,0.2058876007795334,6.6666669845581055,-0.023209428414702415,0.07158009335398674,-0.8009119033813477,0.6476893424987793,3.4967923164367676,0.9988913536071777,0.6521160006523132,21.942240348905326,0.822964608669281,0.7916666865348816
0.3883155584335327,0.2674860656261444,883.101619449,-0.00849131615832448,0.00011390625000000003,0.20609167218208313,0.3885672688484192,0.3344518542289734,12.879158020019531,0.0,-0.021796658635139465,42282,0.29972362518310547,0.7141735553741455,0.6610264182090759,12.630689430236817,,0.6759259700775146,0.38970106840133667,1784467092.3548775,0.38053569197654724,0.6180537343025208,1339,1.0416667461395264,432.81,1.995972990989685,2.025186538696289,0.08796672523021698,0.21444933116436005,7.25,-0.024642564356327057,0.08009222485125064,-0.8087100386619568,0.6488465070724487,3.2531142234802246,0.93742436170578,0.5988863110542297,21.83227110438049,0.8327012062072754,0.5
0.39496922492980957,0.26693448424339294,885.693451981,-0.008095488414983264,0.00011390625000000006,0.20836620032787323,0.39538687467575073,0.36807721853256226,12.742316246032715,0.0416666679084301,-0.022244051098823547,39364,0.31436848640441895,0.7393831610679626,0.6720476150512695,12.627900409698487,,0.6666667461395264,0.3899906277656555,1784467094.9604928,0.38059866428375244,0.6268347501754761,1340,1.0833333730697632,474.65,1.826433539390564,2.1829030513763428,0.08817093074321747,0.21533188223838806,7.4166669845581055,-0.02571822702884674,0.07320550307631493,-0.8176500797271729,0.6496832370758057,3.1168479919433594,0.9415659308433533,0.6312783360481262,24.103486877977847,0.8450480699539185,0.375
0.4050975739955902,0.236712247133255,888.295865642,-0.008640844767796807,0.00011390625000000006,0.17065845429897308,0.40530824661254883,0.3384498059749603,12.270009994506836,0.0,-0.020887505263090134,39633,0.3248119354248047,0.6425216197967529,0.6897282600402832,12.631844997406006,,0.6666667461395264,0.3897649645805359,1784467097.5644007,0.3805815875530243,0.6462537050247192,1341,1.0416667461395264,466.44,1.8775862455368042,2.155535936355591,0.07842499017715454,0.22521214187145233,7.5,-0.028995033353567123,0.05661048609763384,-0.8363302946090698,0.6509374380111694,3.1173160076141357,0.8579277396202087,0.5292004942893982,23.70357488669455,0.8663605451583862,0.25
0.4124862551689148,0.23087774217128754,890.972284138,-0.007531738499528729,7.593750000000004e-05,0.16452087461948395,0.4120347201824188,0.3210870027542114,12.212298393249512,0.0,-0.020181525498628616,39626,0.3069300651550293,0.648094654083252,0.7000276446342468,12.626669120788574,,0.6666667461395264,0.3891100585460663,1784467100.1667972,0.38049691915512085,0.6496667265892029,1342,0.6666666865348816,479.35,1.6646854877471924,2.1738479137420654,0.07570111006498337,0.2112751305103302,8.333333969116211,-0.024642324075102806,0.05727002564817667,-0.8458477258682251,0.6521118879318237,2.9443747997283936,0.8471789360046387,0.5529508590698242,24.236729711964728,0.8781063556671143,0.25
0.3987828493118286,0.2599090039730072,893.401558015,-0.008719081676099449,0.00011390625000000003,0.19675903022289276,0.39790982007980347,0.3711031377315521,12.526376724243164,0.0,-0.020331820473074913,38495,0.3129148483276367,0.6837548017501831,0.6784868240356445,12.619142627716064,,0.6666667461395264,0.38711413741111755,1784467102.8297696,0.3804645836353302,0.6332129240036011,1343,1.0,461.22,1.8782328367233276,2.2407386302948,0.08535977452993393,0.21153800189495087,7.0,-0.023340752348303795,0.07919536866247653,-0.8298957347869873,0.6535444855690002,3.1076159477233887,0.9159144759178162,0.5787763595581055,23.047993556261062,0.8555166125297546,0.3333333432674408
0.39534372091293335,0.27063125371932983,895.870242404,-0.008550304151140154,0.00011390625000000006,0.2215627282857895,0.39339298009872437,0.38143277168273926,13.042276382446289,0.0,-0.022356247529387474,42383,0.2849705219268799,0.7375565767288208,0.6722061038017273,12.624910449981689,,0.6666667461395264,0.3855832517147064,1784467105.252468,0.38043612241744995,0.625051736831665,1344,1.2916667461395264,463.35,2.0337233543395996,2.0344250202178955,0.09006863832473755,0.20772719383239746,7.875,-0.026242848485708237,0.07070525884628295,-0.8258121013641357,0.656537652015686,3.2507548332214355,0.9200319051742554,0.6187261343002319,23.218201455026865,0.8485292196273804,0.625
0.389276385307312,0.27616655826568604,898.387905995,-0.008633835066575557,7.593750000000004e-05,0.20624151825904846,0.3889256715774536,0.3302350640296936,14.017095565795898,0.125,-0.021052047610282898,41523,0.3020293712615967,0.8003115653991699,0.6627740859985352,12.613772916793824,,0.6666667461395264,0.3858020305633545,1784467107.7241533,0.380333811044693,0.619469404220581,1345,1.3333333730697632,446.37,2.1489920616149902,2.0653865337371826,0.08891995251178741,0.21208083629608154,7.458333492279053,-0.025483891367912292,0.07447242811322212,-0.8008846044540405,0.655665934085846,3.5329432487487793,0.9681839942932129,0.6672837138175964,22.519590821564197,0.8306798934936523,0.5416666865348816
0.4015767574310303,0.25352776050567627,900.876704013,-0.008650886275427183,0.00011390625000000003,0.18877646327018738,0.4004249572753906,0.3391835689544678,12.824625968933105,0.0416666679084301,-0.020144952461123466,40736,0.29692554473876953,0.7208051681518555,0.6839579343795776,12.618598175048827,,0.6666667461395264,0.3885821998119354,1784467110.2325938,0.38052845001220703,0.63755202293396,1346,1.0416667461395264,456.13,1.8850640058517456,2.1162681579589844,0.08418355882167816,0.21257996559143066,7.0,-0.02216758392751217,0.06612974498420954,-0.8269113302230835,0.6543402671813965,3.1450412273406982,0.9042857885360718,0.6061017513275146,23.179858325570823,0.8577462434768677,0.3333333432674408
0.3926675319671631,0.28441983461380005,903.443202523,-0.007726907283358742,7.593750000000004e-05,0.22394351661205292,0.39188265800476074,0.32928022742271423,12.77256965637207,0.0833333358168602,-0.02135613188147545,41027,0.28595924377441406,0.7343708276748657,0.6674158573150635,12.630472326278687,,0.6666667461395264,0.38750261068344116,1784467112.7281234,0.38055962324142456,0.620871901512146,1347,1.125,443.3,1.9188737869262695,2.1100833415985107,0.0903894305229187,0.20865321159362793,8.125,-0.021882755681872368,0.07012543678283692,-0.8130407333374023,0.6535713076591492,3.1765763759613037,0.9233306646347046,0.6248893737792969,22.27195901080966,0.8393769264221191,0.6666666865348816
0.39887988567352295,0.23760855197906494,905.96895934,-0.008925246009312104,0.00011390625000000003,0.1780814379453659,0.3998757302761078,0.3168908357620239,11.845386505126953,0.0416666679084301,-0.021581381559371948,39882,0.2993960380554199,0.6343666315078735,0.6785985231399536,12.6266695022583,,0.6666667461395264,0.38798269629478455,1784467115.3045518,0.3804246187210083,0.6378523111343384,1348,0.7916666865348816,457.42,1.8005530834197998,2.1654164791107178,0.0784333199262619,0.22106289863586426,7.083333492279053,-0.02347099781036377,0.05843679700046778,-0.8216056227684021,0.6537512540817261,2.903446674346924,0.8307265043258667,0.5442347526550293,23.219758390858768,0.8508276343345642,0.4166666865348816
0.4029027819633484,0.2636074423789978,908.500692878,-0.008077604995924048,0.00011390625000000006,0.2054624855518341,0.3995088040828705,0.37111955881118774,12.602441787719727,0.0416666679084301,-0.02248181216418743,40780,0.2991306781768799,0.6973785161972046,0.6828798651695251,12.61423988342285,,0.6666667461395264,0.3872717022895813,1784467117.820806,0.3803066909313202,0.6371536254882812,1349,0.9166666865348816,469.51,1.8693418502807617,2.111429452896118,0.08432843536138535,0.211983323097229,7.333333492279053,-0.02513447031378746,0.06596220824867487,-0.8403483629226685,0.6532596349716187,3.1704673767089844,0.8951019048690796,0.5761207342147827,23.63900523096323,0.8627688884735107,0.4583333432674408
0.3998694121837616,0.2523677945137024,911.013136801,-0.008045606751693413,7.593750000000004e-05,0.18905505537986755,0.3970414996147156,0.32706326246261597,12.189962387084961,0.0416666679084301,-0.023325026035308838,40465,0.2969341278076172,0.6713874340057373,0.6776312589645386,12.615490293502807,,0.7453703880310059,0.38745877146720886,1784467120.3532627,0.38032764196395874,0.6338075399398804,1350,0.75,453.08,1.8723748922348022,2.1323745250701904,0.08172138035297394,0.21821384131908417,7.833333492279053,-0.028001323342323303,0.07016677912324668,-0.8305195569992065,0.6523281931877136,3.014228582382202,0.8649250268936157,0.5773441195487976,22.519786593616008,0.8533679842948914,0.4166666865348816
0.39982113242149353,0.2462928742170334,913.541398614,-0.008330808745813555,7.593750000000002e-05,0.18301862478256226,0.3990898132324219,0.3095458745956421,12.399077415466309,0.0416666679084301,-0.020904600620269775,40752,0.29619646072387695,0.676016092300415,0.6826474070549011,12.613156986236572,,0.7777778506278992,0.38857516646385193,1784467122.8649683,0.38028261065483093,0.6373497843742371,1351,1.0833333730697632,456.88,1.9088618755340576,2.1159942150115967,0.08085321635007858,0.2160065621137619,7.9166669845581055,-0.02217475324869156,0.05967426840215921,-0.8274791240692139,0.6520698070526123,3.120988368988037,0.8976776599884033,0.573292076587677,23.209388360790907,0.8563746213912964,0.3333333432674408
0.40455517172813416,0.2341298907995224,916.621789405,-0.007309698476456105,7.593750000000002e-05,0.16501441597938538,0.40273529291152954,0.3594511151313782,12.41185188293457,0.0,-0.020396435633301735,40501,0.29305481910705566,0.6991448402404785,0.6875457167625427,12.610215330123902,,0.7777778506278992,0.38786810636520386,1784467125.3907316,0.3802603483200073,0.6412174701690674,1352,1.0416667461395264,456.27,1.7697291374206543,2.134108543395996,0.07916420698165894,0.21392890810966492,7.458333492279053,-0.02566663548350334,0.07655195631086827,-0.8331680297851562,0.6529561281204224,2.952648878097534,0.8471533060073853,0.6041697859764099,23.011502025201917,0.8628680109977722,0.2916666865348816
0.4120491147041321,0.23772047460079193,919.365892247,-0.008829148072982207,0.00011390625000000003,0.1878972351551056,0.4119444787502289,0.3632572591304779,11.388846397399902,0.1666666716337204,-0.018467094749212265,32972,0.2994215488433838,0.6392805576324463,0.702163577079773,12.607360792160033,"{'sha256': '83aab0cc9a82d2bd5d880a2f151ba8da65eaad571b154595b63cbe413081c6c2', 'path': 'media/videos/video_1353_83aab0cc9a82d2bd5d88.mp4', 'size': 1453409.0, '_type': 'video-file'}",0.7777778506278992,0.38960275053977966,1784467128.5529978,0.3802132308483124,0.6553939580917358,1353,0.5833333730697632,473.63,1.7814958095550537,2.6819651126861572,0.079155832529068,0.21924418210983276,8.625,-0.025550656020641327,0.053258922696113584,-0.840499758720398,0.652195394039154,2.815873622894287,0.828872561454773,0.5186927914619446,24.426230260133742,0.8776310682296753,0.4583333432674408
0.40381622314453125,0.24324804544448853,921.861939353,-0.00842669867852237,7.593750000000002e-05,0.1867574155330658,0.4047670364379883,0.344658225774765,11.207069396972656,0.0,-0.021171677857637405,38233,0.3165161609649658,0.6213412880897522,0.689228892326355,12.601609706878662,,0.7777778506278992,0.39422672986984253,1784467131.2231414,0.3800595998764038,0.6456784605979919,1354,0.75,464.46,1.7764289379119873,2.254607915878296,0.07932401448488235,0.2250598967075348,7.375,-0.024882948026061058,0.06439670026302338,-0.8334078788757324,0.651226282119751,2.8487319946289062,0.8293757438659668,0.5391338467597961,23.82078043371439,0.8636064529418945,0.4166666865348816
0.3897765576839447,0.28887078166007996,924.436814804,-0.00864064949710155,0.00011390625000000003,0.23461680114269257,0.3890798091888428,0.309709370136261,12.725234985351562,0.125,-0.019370531663298607,41170,0.28407835960388184,0.7314625978469849,0.6663693189620972,12.585510873794556,,0.7777778506278992,0.3969828486442566,1784467133.7100127,0.3799642324447632,0.6215415000915527,1355,0.9583333730697632,460.49,2.066009521484375,2.10363507270813,0.09495361894369125,0.22028741240501404,7.625,-0.02964339219033718,0.07948554307222366,-0.8037096261978149,0.6505496501922607,3.2949941158294678,0.9483894109725952,0.5917524099349976,23.16466629192233,0.8321536779403687,0.5833333730697632
0.3853590488433838,0.2704833745956421,926.941087453,-0.007249816409603227,0.00011390625000000006,0.2077002227306366,0.38543543219566345,0.3253070116043091,13.23878002166748,0.0,-0.020095348358154297,39742,0.3335437774658203,0.7576996684074402,0.6544191241264343,12.570614004135132,,0.7777778506278992,0.3981713652610779,1784467136.3010654,0.3796042799949646,0.6126203536987305,1356,1.125,454.5,1.9870960712432861,2.1399829387664795,0.08978669345378876,0.20822232961654663,6.208333492279053,-0.022724386304616928,0.06316521093249321,-0.7946051359176636,0.6500469446182251,3.2668142318725586,0.9233330488204956,0.6309438943862915,23.0352846878767,0.8228237628936768,0.3333333432674408
0.3919641971588135,0.2528966963291168,929.51405487,-0.007645590182073647,7.593750000000004e-05,0.18857984244823456,0.3935610055923462,0.32484298944473267,12.221549034118652,0.0,-0.018988221883773804,41143,0.2927227020263672,0.6985715627670288,0.6673769950866699,12.548058223724365,,0.7777778506278992,0.39849624037742615,1784467138.7966855,0.37953606247901917,0.6273375153541565,1357,1.2916667461395264,444.37,1.9230163097381592,2.0965981483459473,0.08281361311674118,0.21474051475524902,8.75,-0.024704650044441223,0.07978349663317204,-0.8037524223327637,0.6497547626495361,3.074261426925659,0.8935501575469971,0.5975706577301025,22.76459283232689,0.8363165855407715,0.4583333432674408
0.4063619077205658,0.251226007938385,932.028018049,-0.00935797702986747,7.593750000000002e-05,0.1901748776435852,0.40461644530296326,0.35121774673461914,12.134349822998047,0.0,-0.02076314017176628,39873,0.33041930198669434,0.6733229160308838,0.6913669109344482,12.556936073303223,,0.7777778506278992,0.39718136191368103,1784467141.3772197,0.37966370582580566,0.6447954177856445,1358,0.875,457.86,1.8178062438964844,2.134964942932129,0.08088967204093933,0.22304868698120117,8.833333969116211,-0.028000902384519577,0.0641589768230915,-0.8400856852531433,0.6499487161636353,3.02276873588562,0.8681856989860535,0.5766057372093201,23.390265054255725,0.8683484792709351,0.5833333730697632
0.39855799078941345,0.24750058352947235,934.434223687,-0.008644694258691743,0.00011390625000000003,0.19485554099082947,0.39721542596817017,0.33625492453575134,12.548885345458984,0.0416666679084301,-0.01996433734893799,40937,0.28461527824401855,0.689206600189209,0.6793497800827026,12.562069988250732,,0.7777778506278992,0.3975573182106018,1784467143.8761923,0.37984123826026917,0.634494423866272,1359,0.875,464.01,1.896887183189392,2.116699457168579,0.08179733157157898,0.21761572360992432,7.25,-0.03040442429482937,0.07625235132873058,-0.8289403915405273,0.6502556204795837,3.119805335998535,0.89133620262146,0.5835803747177124,23.555669779479505,0.8543471097946167,0.2083333432674408
0.38945096731185913,0.27363288402557373,936.801261488,-0.008418545499444008,0.00017085937500000009,0.21488504111766815,0.38932105898857117,0.3113054037094116,12.49182415008545,0.0416666679084301,-0.01991242729127407,42591,0.2835562229156494,0.7223896384239197,0.6643797159194946,12.574521160125732,,0.7777778506278992,0.3999520540237427,1784467146.2854426,0.37988200783729553,0.6192640066146851,1360,1.0416667461395264,455.66,1.784632682800293,2.024512767791748,0.08626234531402588,0.21743065118789673,7.375,-0.02424882911145687,0.06381463408470153,-0.8084205389022827,0.6489428877830505,3.0574445724487305,0.9156725406646729,0.6227385401725769,23.091880213748663,0.8334131240844727,0.625
0.40835708379745483,0.25220930576324463,939.296404114,-0.008235400763805956,0.00011390625000000006,0.1882701814174652,0.41061586141586304,0.3326903283596039,12.027716636657715,0.0,-0.018300175666809082,43368,0.28637266159057617,0.6585767269134521,0.6953088045120239,12.57010359764099,,0.7777778506278992,0.40196070075035095,1784467148.658744,0.3798065185546875,0.6520692110061646,1361,0.75,467.13,1.8368408679962158,1.980325698852539,0.08192494511604309,0.2197418063879013,7.375,-0.025401845574378967,0.08541168347001075,-0.8299301862716675,0.6488381028175354,2.9780642986297607,0.8760883212089539,0.5687408447265625,23.943888978958128,0.8689932227134705,0.5833333730697632
0.3790737986564636,0.3147023320198059,941.714414286,-0.008190842010662891,0.00011390625000000006,0.25961852073669434,0.37887224555015564,0.3436323404312134,13.731165885925293,0.0416666679084301,-0.02295692078769207,41197,0.29940319061279297,0.8185052275657654,0.6449160575866699,12.567935895919799,,0.7777778506278992,0.4039214849472046,1784467151.1460192,0.3797864019870758,0.603782594203949,1362,1.375,446.44,2.1559360027313232,2.086735725402832,0.10339747369289398,0.20236162841320038,7.458333492279053,-0.02747187577188015,0.078361476957798,-0.7903284430503845,0.6484099626541138,3.4519355297088623,1.0348659753799438,0.6794923543930054,22.42139898836613,0.8117609024047852,0.875
0.39295244216918945,0.26496943831443787,944.223424022,-0.0083590017282404,7.593750000000004e-05,0.21585485339164734,0.3931538760662079,0.3301531970500946,12.716758728027344,0.0833333358168602,-0.022060435265302658,42400,0.28830671310424805,0.7205241918563843,0.6679970026016235,12.574662351608277,,0.7777778506278992,0.4067787528038025,1784467153.557864,0.3799715042114258,0.6257457733154297,1363,1.375,446.57,1.9988183975219727,2.030179738998413,0.08761678636074066,0.21377722918987274,7.333333492279053,-0.025374053046107292,0.06846183724701405,-0.8191149234771729,0.6473881602287292,3.182027816772461,0.8922631740570068,0.5919155478477478,22.55479790478945,0.842909574508667,0.4166666865348816
0.3876846432685852,0.27426010370254517,946.744043985,-0.007463558769086376,7.593750000000002e-05,0.2002837061882019,0.389462947845459,0.3513980805873871,12.307769775390625,0.0416666679084301,-0.01983996108174324,40662,0.28434276580810547,0.7325126528739929,0.6588144302368164,12.581894493103027,,0.7777778506278992,0.40452486276626587,1784467156.0736406,0.38002315163612366,0.6196092963218689,1364,0.875,450.35,2.0224609375,2.133225679397583,0.08810552954673767,0.2099786102771759,7.458333492279053,-0.02726181410253048,0.07601419538259506,-0.7994775772094727,0.6483930349349976,3.0991415977478027,0.8946897983551025,0.6316413283348083,22.807787345275283,0.8298743963241577,0.625
0.4071236550807953,0.26122865080833435,949.439258311,-0.008523633528966457,7.593750000000002e-05,0.19866232573986053,0.40776127576828003,0.31505247950553894,12.612730026245117,0.0,-0.02082439512014389,40613,0.29330921173095703,0.7077220678329468,0.6942145228385925,12.585595226287841,,0.7777778506278992,0.4057334363460541,1784467158.5902686,0.3801395893096924,0.6496669054031372,1365,1.0833333730697632,469.64,1.950393557548523,2.1271560192108154,0.08301615715026855,0.2249639928340912,7.583333492279053,-0.021407242864370346,0.07458993680775165,-0.838030219078064,0.6486746072769165,3.195855140686035,0.9062244296073914,0.6039503812789917,23.985020136982204,0.8693926334381104,0.6666666865348816
0.39694342017173767,0.26466572284698486,951.878322307,-0.009160700056236237,0.00011390625000000003,0.20137184858322144,0.3999384641647339,0.28203442692756653,12.730646133422852,0.0416666679084301,-0.018372170627117157,37848,0.32032060623168945,0.7218737602233887,0.6777176260948181,12.588069248199464,,0.7777778506278992,0.40618616342544556,1784467161.2911792,0.3800695240497589,0.6376727819442749,1366,0.9583333730697632,447.11,1.9517353773117065,2.2770066261291504,0.08574652671813965,0.2239498794078827,7.708333492279053,-0.024957455694675446,0.05911474712193012,-0.8097044229507446,0.6485944986343384,3.1788899898529053,0.9366288185119629,0.5893482565879822,22.915224601849914,0.8481202125549316,0.625
0.41311678290367126,0.24851199984550476,954.466404023,-0.008737933624070137,0.00011390625000000006,0.18546676635742188,0.41384848952293396,0.32087022066116333,12.357400894165039,0.0416666679084301,-0.019793272018432617,42086,0.30177760124206543,0.6813157796859741,0.7045530080795288,12.57937240600586,,0.7777778506278992,0.4073020815849304,1784467163.7268505,0.3799636960029602,0.6597581505775452,1367,1.0,466.88,1.7771852016448975,2.033966064453125,0.08094274252653122,0.23357388377189636,7.2916669845581055,-0.025650661438703537,0.06649325247853995,-0.8510745763778687,0.6491583585739136,3.0473296642303467,0.8490707278251648,0.5840921998023987,23.93355491295457,0.8844783306121826,0.1666666716337204
0.41110679507255554,0.2389439195394516,957.075165045,-0.007680144190089777,0.00011390625000000006,0.18270304799079895,0.411648690700531,0.3191746473312378,11.785444259643555,0.0416666679084301,-0.01979132369160652,39489,0.316082239151001,0.6198173761367798,0.69769686460495,12.58053183555603,,0.7777778506278992,0.40649542212486267,1784467166.3237648,0.38004133105278015,0.6534055471420288,1368,0.875,466.58,1.7405147552490234,2.173262357711792,0.07539846748113632,0.2174118608236313,7.75,-0.02370302937924862,0.07295996248722077,-0.8419517278671265,0.650634229183197,2.8965225219726562,0.8356884717941284,0.5320896506309509,23.817476300597193,0.8763355016708374,0.2916666865348816
0.39320605993270874,0.262118935585022,959.613330737,-0.007900269530364313,7.593750000000004e-05,0.20893174409866333,0.39438435435295105,0.3205817639827728,12.130045890808105,0.0416666679084301,-0.020994653925299644,39330,0.32682085037231445,0.6488758325576782,0.6686789393424988,12.582637453079224,,0.7777778506278992,0.4090219736099243,1784467168.9431908,0.3799804449081421,0.6290217638015747,1369,1.0416667461395264,453.18,1.7539196014404297,2.1726346015930176,0.08404239267110825,0.20936396718025208,7.25,-0.0264069102704525,0.05872789956629276,-0.8100292682647705,0.6508726477622986,3.016111373901367,0.8652819991111755,0.5305168628692627,22.996055888980628,0.8418642282485962,0.3333333432674408
0.3969056010246277,0.2375309318304062,962.031825914,-0.00879256104817614,0.00011390625000000003,0.1781536191701889,0.39974308013916016,0.3241773843765259,12.19869613647461,0.0416666679084301,-0.019305801019072533,40654,0.28737783432006836,0.6602483987808228,0.6780726313591003,12.566271638870239,,0.7777778506278992,0.40983492136001587,1784467171.463732,0.37976258993148804,0.6380487680435181,1370,0.875,454.59,1.786516547203064,2.1306703090667725,0.07699503749608994,0.22596094012260437,7.458333492279053,-0.02502531372010708,0.059913084097206595,-0.8120247721672058,0.6515293717384338,2.939094066619873,0.8190956115722656,0.568355917930603,23.42138901770115,0.8492013812065125,0.1666666716337204
0.4160774350166321,0.2175731062889099,964.625898564,-0.007670230572693981,0.00011390625000000006,0.15856176614761353,0.41664156317710876,0.28058868646621704,11.761530876159668,0.0416666679084301,-0.020022597163915634,42385,0.2993628978729248,0.6073180437088013,0.7084418535232544,12.559967613220214,,0.7777778506278992,0.409837543964386,1784467173.8816788,0.37985116243362427,0.6665669679641724,1371,0.625,475.12,1.6592973470687866,2.0199432373046875,0.0699457898736,0.22896432876586914,7.7916669845581055,-0.0212811641395092,0.06072046961635351,-0.8547834157943726,0.6511130332946777,2.848710536956787,0.8028898239135742,0.4965372681617737,24.5087140250206,0.8899964690208435,0.3333333432674408
0.40346086025238037,0.2396223545074463,967.920096506,-0.008745074336184188,0.00011390625000000006,0.17371535301208496,0.40583130717277527,0.3529908359050751,12.601984024047852,0.0416666679084301,-0.021433984860777855,39411,0.31469249725341797,0.6500794887542725,0.6884512305259705,12.570955181121827,,0.7777778506278992,0.4095258116722107,1784467176.487966,0.3800598978996277,0.6469697952270508,1372,1.0,452.4,1.8309783935546875,2.1795947551727295,0.07724268734455109,0.22702011466026306,7.833333492279053,-0.028264319524168968,0.06961589623242617,-0.8288401365280151,0.649373471736908,2.9912567138671875,0.8737818598747253,0.5448973774909973,22.970625309199093,0.8648771047592163,0.25
0.3882993459701538,0.27476561069488525,970.46190209,-0.007308440434280783,5.0625000000000024e-05,0.21179544925689697,0.39092200994491577,0.3211771249771118,13.039763450622559,0.0833333358168602,-0.0200180821120739,30919,0.3198361396789551,0.7063919305801392,0.6622345447540283,12.587407493591309,"{'path': 'media/videos/video_1373_3be26ed9d68d0754c1b7.mp4', 'size': 1663040.0, '_type': 'video-file', 'sha256': '3be26ed9d68d0754c1b773c0961df0412096c4b38574b6b04e265ae6e73ea311'}",0.7777778506278992,0.4094698429107666,1784467179.8696148,0.38018205761909485,0.6208959817886353,1373,1.125,447.76,2.066075325012207,2.8595221042633057,0.08826623857021332,0.21493546664714813,6.9166669845581055,-0.023703228682279587,0.07305352725088596,-0.8022689819335938,0.6502161026000977,3.248403310775757,0.9222564101219177,0.5836613774299622,23.07922446131706,0.8322253227233887,0.4583333432674408
0.4094245135784149,0.24493610858917236,972.905290534,-0.00829339848132804,7.593750000000002e-05,0.1839873194694519,0.41190657019615173,0.3296552300453186,12.098578453063965,0.125,-0.020878124982118607,41830,0.29171252250671387,0.6513857841491699,0.6975502967834473,12.586997270584106,,0.7777778506278992,0.41087955236434937,1784467182.3084955,0.3800891041755676,0.6559100151062012,1374,1.0,466.09,1.902233362197876,2.0583412647247314,0.07953717559576035,0.22886565327644348,8.458333969116211,-0.01985265128314495,0.07017193734645844,-0.8418077230453491,0.6490981578826904,3.0450000762939453,0.8326848745346069,0.5558512806892395,24.085703931376337,0.8771994113922119,0.25
0.4018014669418335,0.2547388970851898,975.424449008,-0.00916790694463998,7.593750000000002e-05,0.19267213344573975,0.4070107936859131,0.30145055055618286,12.657663345336914,0.0833333358168602,-0.02006296068429947,41871,0.2865726947784424,0.6667458415031433,0.6876906156539917,12.577186870574952,,0.7777778506278992,0.411411851644516,1784467184.7558131,0.37997063994407654,0.6491831541061401,1375,0.7083333730697632,459.67,1.9639670848846436,2.0611565113067627,0.08118630945682526,0.22640524804592133,7.1666669845581055,-0.023978834971785545,0.059377610310912134,-0.8200738430023193,0.6484686136245728,3.117300033569336,0.9023770093917847,0.566190242767334,23.591940124630927,0.8608205318450928,0.5416666865348816
0.4047878384590149,0.24540869891643524,977.855830379,-0.009001548192463816,7.593750000000002e-05,0.17949876189231873,0.4067561626434326,0.33064818382263184,12.809005737304688,0.0416666679084301,-0.02079383097589016,40626,0.30585718154907227,0.7110819220542908,0.6867052316665649,12.564664697647094,,0.7777778506278992,0.41213926672935486,1784467187.2726464,0.37983930110931396,0.6490198373794556,1376,0.9166666865348816,470.48,1.7729549407958984,2.113853693008423,0.08405878394842148,0.2273416370153427,7.208333492279053,-0.024690914899110794,0.08160023353993892,-0.832944393157959,0.6504634022712708,3.1458959579467773,0.8747577667236328,0.5950842499732971,23.862982560247183,0.8663444519042969,0.25
0.3879828453063965,0.2868916690349579,980.488573337,-0.008605050516780465,7.593750000000002e-05,0.22055082023143768,0.3918229043483734,0.3347695767879486,13.401423454284668,0.0833333358168602,-0.019380705431103706,42148,0.29062485694885254,0.7727181315422058,0.660306453704834,12.574384403228759,,0.7777778506278992,0.4148074984550476,1784467189.7063744,0.3801380395889282,0.6220374703407288,1377,1.4583333730697632,439.35,2.1344997882843018,2.041688919067383,0.09353675693273544,0.21992671489715576,6.7916669845581055,-0.01998263970017433,0.08301379792392254,-0.7954705953598022,0.6479222774505615,3.4008586406707764,0.9841746091842651,0.6441160440444946,22.749857668876647,0.8293871879577637,0.4583333432674408
0.415604829788208,0.23888707160949707,982.91573589,-0.009057773154927418,0.00011390625000000003,0.17171704769134521,0.419074147939682,0.32924169301986694,11.404528617858887,0.0,-0.02091645449399948,38826,0.30991649627685547,0.6322081089019775,0.7078723311424255,12.594521474838256,,0.7777778506278992,0.41908615827560425,1784467192.3401127,0.38025277853012085,0.6677471399307251,1378,0.9583333730697632,472.53,1.73768949508667,2.2219619750976562,0.07786150276660919,0.2288958877325058,9.208333969116211,-0.027266567572951317,0.06824660170823335,-0.8500072956085205,0.646178662776947,2.8258893489837646,0.8336237668991089,0.5419553518295288,24.35787960872054,0.8893765211105347,0.3333333432674408
0.394711434841156,0.2562372386455536,985.475294926,-0.007803231594152749,7.593750000000004e-05,0.18647831678390503,0.39907750487327576,0.33037954568862915,12.734235763549805,0.0,-0.01863277703523636,42302,0.3002293109893799,0.7177355289459229,0.6723507642745972,12.597944211959838,,0.7777778506278992,0.4186124801635742,1784467194.7645082,0.38024622201919556,0.6328909397125244,1379,1.1666667461395264,471.83,1.9309957027435303,2.0236146450042725,0.0849061906337738,0.21664176881313324,7.875,-0.027234015986323357,0.07647177018225193,-0.8079713582992554,0.6465689539909363,3.1543211936950684,0.9114179611206055,0.6009125709533691,24.23766463674605,0.8443557620048523,0.5
0.39935702085494995,0.2631784677505493,987.955708117,-0.009222214331384749,7.593750000000002e-05,0.1934690773487091,0.4004482626914978,0.32969462871551514,12.663467407226562,0.0416666679084301,-0.02090877667069435,39933,0.3037381172180176,0.7252711057662964,0.6786074042320251,12.597814655303955,,0.7777778506278992,0.4175071716308594,1784467197.3354764,0.3801068365573883,0.6376871466636658,1380,1.125,447.08,1.8705596923828125,2.1579813957214355,0.08683139085769653,0.22119924426078796,7.208333492279053,-0.019750870764255524,0.07515604197978973,-0.8238644599914551,0.6476487517356873,3.151928663253784,0.9259293079376221,0.5962493419647217,22.69877183586359,0.8549909591674805,0.4166666865348816
0.39817413687705994,0.2679876387119293,990.567912734,-0.009196894371416419,5.062500000000002e-05,0.2026369571685791,0.4029082655906677,0.35137152671813965,12.609957695007324,0.0,-0.020965052768588066,41459,0.2981874942779541,0.7120403051376343,0.6774615049362183,12.57813515663147,,0.7777778506278992,0.41613149642944336,1784467199.803565,0.37985315918922424,0.6396589279174805,1381,1.125,443.39,1.9896001815795898,2.072889804840088,0.08556046336889267,0.22447125613689423,8.0,-0.027844248339533806,0.06896625645458698,-0.8185058832168579,0.6483497619628906,3.164177656173706,0.9087060689926147,0.6117085218429565,22.706848753988744,0.8538643717765808,0.6666666865348816
0.40866097807884216,0.25347697734832764,993.008146111,-0.008839195291511715,0.00011390625000000003,0.191204234957695,0.41103482246398926,0.38965851068496704,11.406700134277344,0.0416666679084301,-0.020684000104665756,39090,0.29994797706604004,0.6574016809463501,0.693816602230072,12.570622539520263,,0.7777778506278992,0.41317638754844666,1784467202.4251711,0.37988588213920593,0.6538069248199463,1382,0.5833333730697632,474.2,1.7154302597045898,2.2148120403289795,0.08071652054786682,0.23277442157268524,6.958333492279053,-0.02007352188229561,0.05903054531663656,-0.8385695219039917,0.6516729593276978,2.8144643306732178,0.840197741985321,0.5738029479980469,24.299069915562868,0.8752683401107788,0.5416666865348816
0.4160163402557373,0.23198112845420837,995.63462676,-0.007887291949009523,7.593750000000004e-05,0.1750650703907013,0.4222075939178467,0.32632505893707275,11.170478820800781,0.0,-0.018063699826598167,42133,0.30157995223999023,0.6071698069572449,0.7079315185546875,12.574200630187988,,0.7777778506278992,0.4141899049282074,1784467204.8574016,0.3799351155757904,0.6711367964744568,1383,0.5416666865348816,483.18,1.7262446880340576,2.0315513610839844,0.07720831781625748,0.23403672873973846,8.291666984558105,-0.02317339926958084,0.0688335046172142,-0.8483457565307617,0.652707576751709,2.763917922973633,0.8083248138427734,0.5195538997650146,24.815152769088744,0.8906993269920349,0.4583333432674408
0.39493823051452637,0.2486056089401245,998.10056293,-0.008629167728940956,7.593750000000002e-05,0.1932155340909958,0.3981786370277405,0.31744927167892456,12.324859619140625,0.0833333358168602,-0.020820343866944313,38899,0.3051877021789551,0.6800739765167236,0.6713210940361023,12.566302299499512,,0.7777778506278992,0.41472190618515015,1784467207.4867568,0.3797127604484558,0.6333019137382507,1384,0.7916666865348816,467.57,2.01531982421875,2.2219395637512207,0.08243779838085175,0.2128067910671234,7.25,-0.02406301163136959,0.06409568544477225,-0.8173553943634033,0.6522620320320129,3.129575252532959,0.8770313262939453,0.5596083402633667,23.691076836884022,0.8490006327629089,0.4166666865348816
0.39101871848106384,0.2674904465675354,1000.680204524,-0.008464954677037895,0.00011390625000000003,0.20387957990169525,0.3948095738887787,0.3585565984249115,12.54639720916748,0.0,-0.018981242552399635,41655,0.28395771980285645,0.699951171875,0.6653884649276733,12.554571676254273,,0.7777778506278992,0.41398486495018005,1784467209.9521492,0.3797571361064911,0.6275120973587036,1385,1.0416667461395264,467.92,1.9456701278686523,2.075974225997925,0.08929339051246643,0.21308612823486328,7.708333492279053,-0.024366479367017746,0.0696895219385624,-0.8035928606987,0.6543508768081665,3.123429775238037,0.9065409898757935,0.5833133459091187,23.7143912255764,0.8380464911460876,0.5833333730697632
0.3710983395576477,0.27147987484931946,1003.263370455,-0.006912961573107168,7.593750000000004e-05,0.2143612504005432,0.37538135051727295,0.3198607861995697,14.342056274414062,0.0416666679084301,-0.019748598337173462,39689,0.30050063133239746,0.8483466506004333,0.6320502161979675,12.571791648864746,,0.7777778506278992,0.410552978515625,1784467212.532503,0.37994709610939026,0.5960597395896912,1386,1.2916667461395264,452.21,2.3135383129119873,2.1763100624084473,0.09179209917783737,0.20860396325588226,7.25,-0.022474734112620354,0.06418332494795323,-0.759922206401825,0.6562725305557251,3.5948963165283203,0.983424186706543,0.6891693472862244,23.285522270165384,0.7938942909240723,0.1666666716337204
0.3937399089336395,0.2730425000190735,1005.754986982,-0.008742294542025774,0.00011390625000000003,0.20995211601257324,0.39631304144859314,0.3215624988079071,12.601728439331055,0.0416666679084301,-0.02222343161702156,39630,0.3258781433105469,0.7101235389709473,0.6687068343162537,12.571035623550415,,0.7777778506278992,0.4075881838798523,1784467215.1212242,0.37981295585632324,0.6299593448638916,1387,1.0833333730697632,449.52,1.991214632987976,2.1546502113342285,0.08792199939489365,0.2152991145849228,7.6666669845581055,-0.02274329587817192,0.07041018456220627,-0.8090877532958984,0.6558414697647095,3.1275124549865723,0.9493834376335144,0.5940630435943604,23.093705605939032,0.8430055379867554,0.375
0.3935025632381439,0.25650620460510254,1008.140319299,-0.007012443619896658,7.593750000000004e-05,0.1992473602294922,0.3971737325191498,0.29675304889678955,12.571784973144531,0.0833333358168602,-0.020695760846138,41290,0.2939443588256836,0.6907870173454285,0.6689221262931824,12.570714902877807,,0.7777778506278992,0.4076305031776428,1784467217.60299,0.379888117313385,0.6303615570068359,1388,1.0833333730697632,442.02,1.9096102714538574,2.086843490600586,0.08507324755191803,0.21391324698925018,7.708333492279053,-0.022279933094978333,0.06724118366837502,-0.805693507194519,0.6545614004135132,3.123631238937378,0.8837048411369324,0.5744267702102661,22.308376652300357,0.8423497080802917,0.625
0.39274701476097107,0.25865525007247925,1010.640033445,-0.008629488025326282,0.00011390625000000003,0.20372669398784637,0.3958827257156372,0.362026184797287,12.51087760925293,0.0416666679084301,-0.021286820992827415,42929,0.29364800453186035,0.6954984068870544,0.6644952297210693,12.576108312606811,,0.7777778506278992,0.40677282214164734,1784467219.9932685,0.3798280358314514,0.6278769373893738,1389,1.0833333730697632,450.67,1.9417173862457275,1.9962198734283447,0.08596354722976685,0.21699050068855286,7.5416669845581055,-0.028956560418009758,0.059252084232866764,-0.8111419081687927,0.6552469730377197,3.0712382793426514,0.8986899852752686,0.579795777797699,23.033554171323775,0.8414353132247925,0.25
0.4069732129573822,0.24661782383918762,1013.138620281,-0.0070328881847672164,5.0625000000000024e-05,0.1979973316192627,0.4115335941314697,0.3312545120716095,12.343212127685547,0.125,-0.020387934520840645,41011,0.299330472946167,0.6688913702964783,0.691037654876709,12.563358068466187,,0.7777778506278992,0.4044896364212036,1784467222.489657,0.3796933889389038,0.651080310344696,1390,0.5833333730697632,476.82,1.832255244255066,2.0976669788360596,0.08112387359142303,0.22175905108451843,7.1666669845581055,-0.024784421548247337,0.06154072880744934,-0.8260182738304138,0.6571808457374573,2.9890975952148438,0.8929775953292847,0.576507031917572,24.38213786125183,0.8673295974731445,0.2916666865348816
0.3897084891796112,0.26543593406677246,1015.665903896,-0.007841706072213128,7.593750000000002e-05,0.197383314371109,0.3926982879638672,0.3224738836288452,12.846988677978516,0.0,-0.019250143319368362,40985,0.3202807903289795,0.7402271032333374,0.6611424684524536,12.55260124206543,,0.7777778506278992,0.4056190848350525,1784467225.0038695,0.37952905893325806,0.6248138546943665,1391,1.2083333730697632,454.29,1.9466590881347656,2.0782220363616943,0.09074636548757553,0.21933560073375702,7.458333492279053,-0.023828301578760147,0.07245838269591331,-0.7923442721366882,0.6571828126907349,3.157606601715088,0.9092016220092773,0.6382943391799927,23.74307355046272,0.8307904601097107,0.4166666865348816
0.39016076922416687,0.2687973380088806,1018.249410606,-0.008273984235711396,7.593750000000002e-05,0.21377569437026978,0.39298897981643677,0.3254724144935608,12.463226318359375,0.0416666679084301,-0.02026272937655449,40804,0.2851142883300781,0.7160080671310425,0.6630492806434631,12.542769193649292,,0.7777778506278992,0.40721726417541504,1784467227.5178413,0.3794978857040405,0.6256535053253174,1392,1.2083333730697632,433.21,1.8687620162963867,2.1240227222442627,0.08991187810897827,0.2190977782011032,7.458333492279053,-0.02454168163239956,0.06770549807697535,-0.7956904172897339,0.6560529470443726,3.116258382797241,0.9122573733329773,0.5942278504371643,22.328568580523132,0.8341561555862427,0.5
0.39990174770355225,0.27171987295150757,1021.317655254,-0.008625231128343102,7.593750000000002e-05,0.2223196029663086,0.4056033492088318,0.34623193740844727,13.03470516204834,0.125,-0.02101694419980049,39697,0.32750391960144043,0.7454940676689148,0.6810588240623474,12.53094162940979,,0.7777778506278992,0.41105756163597107,1784467230.1176858,0.37926071882247925,0.6454335451126099,1393,1.125,461.11,1.8286164999008179,2.1488308906555176,0.08718033879995346,0.2205209732055664,7.625,-0.025590328499674797,0.0666000597178936,-0.818048894405365,0.6551685333251953,3.246638059616089,0.9073185920715332,0.629136323928833,23.463286307156086,0.8567783832550049,0.375
0.40458354353904724,0.25644585490226746,1023.828051873,-0.007846715793857584,7.593750000000002e-05,0.18409769237041473,0.40901124477386475,0.3250609040260315,12.508955955505371,0.0,-0.019552156329154968,33330,0.29805684089660645,0.6804739832878113,0.6877836585044861,12.52458643913269,"{'_type': 'video-file', 'sha256': 'eae5eb0f9e4ea3ca4239c7070fe454bb47da6742bb5ccaecf23ac6f864280ecd', 'path': 'media/videos/video_1394_eae5eb0f9e4ea3ca4239.mp4', 'size': 1814947.0}",0.7777778506278992,0.4111233651638031,1784467233.264656,0.3793250322341919,0.6485660076141357,1394,1.0833333730697632,462.53,1.812293291091919,2.6513240337371826,0.08398127555847168,0.21918925642967224,7.1666669845581055,-0.020017322152853012,0.07917261309921741,-0.8176698684692383,0.6552338600158691,3.0375068187713623,0.8777679204940796,0.5724574327468872,23.849700202345847,0.8619146347045898,0.2916666865348816
0.392736554145813,0.28779351711273193,1026.424215911,-0.008543064529658296,7.593750000000002e-05,0.22655849158763885,0.39779409766197205,0.3195813298225403,12.979843139648438,0.0833333358168602,-0.020851608365774155,42327,0.2936115264892578,0.7452439665794373,0.6679849028587341,12.527384757995605,,0.7777778506278992,0.4103221297264099,1784467235.681954,0.37932541966438293,0.6325470805168152,1395,1.375,449.69,2.0660247802734375,2.0288729667663574,0.09147270023822784,0.21927762031555176,8.958333969116211,-0.02695794403553009,0.07320239059627057,-0.8030567169189453,0.6544456481933594,3.246758222579956,0.9594997763633728,0.6368149518966675,23.162714934591204,0.840893030166626,0.375
0.3920179009437561,0.2854476571083069,1028.846781906,-0.008754014759324491,7.593750000000002e-05,0.22416405379772186,0.3967946469783783,0.37449926137924194,12.443873405456543,0.0833333358168602,-0.021815961226820946,39480,0.31537866592407227,0.7027570605278015,0.6653639078140259,12.531682062149049,,0.7777778506278992,0.41338515281677246,1784467238.2870674,0.3795049786567688,0.6311094164848328,1396,0.9166666865348816,450.19,1.9913800954818726,2.174567699432373,0.09180821478366852,0.2169138789176941,7.0,-0.022156517952680588,0.07004994116723537,-0.8037886619567871,0.6529971957206726,3.1326451301574707,0.9119497537612915,0.6037634015083313,23.101136525943875,0.839754581451416,0.625
0.40044522285461426,0.2514439523220062,1031.22647799,-0.008267974766204134,7.593750000000002e-05,0.19145455956459045,0.4054028391838074,0.33319592475891113,12.673357009887695,0.0,-0.019632786512374878,42566,0.28405022621154785,0.7068061828613281,0.6814250349998474,12.547822618484497,,0.7777778506278992,0.4156317412853241,1784467240.6871138,0.3795982003211975,0.6447092890739441,1397,1.1666667461395264,466.31,1.9133294820785522,2.0253794193267822,0.08193167299032211,0.22522294521331787,7.458333492279053,-0.026176033541560173,0.07292007729411125,-0.815454363822937,0.6530569195747375,3.109981060028076,0.867584228515625,0.6025738716125488,23.970850051045417,0.8565075397491455,0.4166666865348816
0.39751729369163513,0.26744967699050903,1033.82357115,-0.008570341288577765,0.00011390625000000003,0.20190183818340302,0.4045395255088806,0.31877344846725464,12.802424430847168,0.0,-0.01981567218899727,42900,0.28464674949645996,0.7006270885467529,0.6773642301559448,12.552895975112914,,0.7777778506278992,0.41687482595443726,1784467243.0781102,0.3796927332878113,0.6398608088493347,1398,1.2083333730697632,454.91,2.0196170806884766,2.0067782402038574,0.08567029237747192,0.21919307112693787,7.2916669845581055,-0.02426479384303093,0.06822707280516624,-0.8052827715873718,0.6515360474586487,3.1347122192382812,0.9075702428817749,0.5858295559883118,23.663954599350692,0.8495508432388306,0.4583333432674408
0.40157175064086914,0.25238752365112305,1036.279474366,-0.008452855018549598,0.00011390625000000006,0.19079607725143433,0.4056285321712494,0.32414817810058594,12.351795196533203,0.0,-0.01888187974691391,39386,0.3106212615966797,0.6875709891319275,0.6808859705924988,12.572505044937134,,0.7777778506278992,0.4165290296077728,1784467245.6738775,0.3799925744533539,0.6424421072006226,1399,1.0416667461395264,447.48,1.9068764448165894,2.185237407684326,0.08298709243535995,0.22057132422924042,8.833333969116211,-0.02140001207590103,0.06238565221428871,-0.8123960494995117,0.6506723761558533,3.0635275840759277,0.8845416903495789,0.5869457125663757,22.983573877215385,0.8557581901550293,0.3333333432674408
0.41558152437210083,0.22895655035972595,1038.822969597,-0.007977045874577015,0.00011390625000000006,0.16866759955883026,0.4216080904006958,0.33676669001579285,11.929483413696289,0.125,-0.01940315216779709,41762,0.29485273361206055,0.6203934550285339,0.7077692747116089,12.594288969039917,,0.7777778506278992,0.4174688458442688,1784467248.1348708,0.38016554713249207,0.6655086278915405,1400,0.5416666865348816,473.52,1.7756929397583008,2.059044122695923,0.0746292993426323,0.22478407621383667,7.7916669845581055,-0.024325191974639893,0.07474589757621289,-0.8464025259017944,0.6507007479667664,2.849587917327881,0.8324200510978699,0.5179232358932495,24.2641090336442,0.8891312479972839,0.25
0.38632556796073914,0.29096144437789917,1041.232358728,-0.008053728158120065,7.593750000000004e-05,0.2309626340866089,0.39042145013809204,0.3203425109386444,13.858295440673828,0.0416666679084301,-0.019550997763872147,40341,0.303647518157959,0.8260554671287537,0.6580302715301514,12.596627235412598,,0.7777778506278992,0.41955453157424927,1784467250.6771586,0.38010916113853455,0.6198147535324097,1401,1.3333333730697632,427.92,2.0850648880004883,2.1331427097320557,0.09300549328327179,0.21761101484298706,7.375,-0.022965360432863235,0.07972394712269307,-0.7902237772941589,0.6508511900901794,3.4559695720672607,0.9915692806243896,0.6935495734214783,21.88567579872906,0.8279913663864136,0.5
0.40547651052474976,0.2502598166465759,1043.860053478,-0.008411855093436315,7.593750000000002e-05,0.18431156873703003,0.4113891124725342,0.3247794806957245,12.070802688598633,0.0833333358168602,-0.018190709874033928,42681,0.2850954532623291,0.6662299633026123,0.6886703968048096,12.601185178756714,,0.7777778506278992,0.42325252294540405,1784467253.0848954,0.38025858998298645,0.6504817008972168,1402,0.9166666865348816,466.19,1.9011008739471436,2.018087863922119,0.0822746604681015,0.22167722880840302,8.416666984558105,-0.02478918433189392,0.06762519516050816,-0.8173233270645142,0.6505550742149353,2.9901180267333984,0.8814880847930908,0.5602842569351196,24.499144275411965,0.8622834086418152,0.5416666865348816
0.4045078754425049,0.2662195563316345,1046.478219431,-0.008182405715342612,0.00011390625000000003,0.20038101077079773,0.4101793169975281,0.3351593017578125,12.20185661315918,0.0,-0.020965248346328735,38923,0.3075883388519287,0.714558482170105,0.6872915029525757,12.615029859542847,,0.7777778506278992,0.42476773262023926,1784467255.7228394,0.38043931126594543,0.6491208076477051,1403,0.8333333730697632,471.7,1.924281120300293,2.2179646492004395,0.08741601556539536,0.22444599866867065,7.208333492279053,-0.022770404815673828,0.0722472209483385,-0.8229278922080994,0.6513358950614929,3.090188980102539,0.8830263018608093,0.6073546409606934,24.468921647667884,0.8643121719360352,0.6666666865348816
0.38840150833129883,0.2717084586620331,1049.081216871,-0.007117569104593713,7.593750000000004e-05,0.20003162324428558,0.3930797576904297,0.34740138053894043,12.898730278015137,0.0,-0.02036363258957863,39253,0.31667208671569824,0.7535240054130554,0.6594626903533936,12.61644492149353,,0.7777778506278992,0.42234355211257935,1784467258.3485641,0.3802978992462158,0.6212688088417053,1404,1.25,457.11,2.0494823455810547,2.1876821517944336,0.08853643387556076,0.21637755632400513,7.583333492279053,-0.02372315526008606,0.07691676057875156,-0.7923659682273865,0.6540073752403259,3.2484946250915527,0.9310307502746582,0.6082078218460083,23.705686004161834,0.8286804556846619,0.2916666865348816
0.3986888825893402,0.2679588198661804,1051.584964306,-0.00884055854221515,0.00011390625000000003,0.20651692152023315,0.4021470248699188,0.3331737518310547,11.541773796081543,0.0416666679084301,-0.01856725476682186,39642,0.3408186435699463,0.648741602897644,0.6768321990966797,12.599401426315307,,0.7777778506278992,0.42048928141593933,1784467260.9432395,0.38012927770614624,0.6369602680206299,1405,0.75,479.72,1.784136176109314,2.138967990875244,0.08797208964824677,0.21825145184993744,7.4166669845581055,-0.023140311241149902,0.06736009865999222,-0.8121914863586426,0.6553904414176941,2.8511226177215576,0.8706874251365662,0.551914632320404,24.569455619752407,0.8513741493225098,0.5
0.40601035952568054,0.24384805560112,1054.0649572,-0.008234360325150191,0.00011390625000000006,0.1815292090177536,0.41179317235946655,0.32690656185150146,12.534210205078125,0.0416666679084301,-0.018923945724964142,41130,0.29413723945617676,0.681731641292572,0.69053053855896,12.597799396514892,,0.7777778506278992,0.41989994049072266,1784467263.434863,0.3801532983779907,0.649963915348053,1406,0.9583333730697632,470.11,1.9200809001922607,2.0959365367889404,0.0797824114561081,0.22389814257621765,7.125,-0.023757845163345337,0.06666780468076468,-0.8194534778594971,0.6559048891067505,3.13118052482605,0.8815943598747253,0.554145336151123,24.407057089805605,0.8629564046859741,0.2083333432674408
0.4095859229564667,0.24066272377967834,1056.607901725,-0.008170075243106112,7.593750000000004e-05,0.1713864654302597,0.4135974645614624,0.36002230644226074,12.756926536560059,0.0416666679084301,-0.019673537462949753,41316,0.32050490379333496,0.6461501121520996,0.6937083005905151,12.591484594345093,,0.7777778506278992,0.4167444109916687,1784467265.9371822,0.3800511360168457,0.6559865474700928,1407,0.9583333730697632,462.49,1.8631057739257812,2.058777332305908,0.07578714191913605,0.21799233555793762,7.625,-0.025545990094542503,0.07554806917905807,-0.8258247375488281,0.6575154662132263,3.092503070831299,0.8346184492111206,0.5129070281982422,23.950667240545155,0.8705681562423706,0.25
0.3923872709274292,0.27604588866233826,1059.200206257,-0.009303115392685867,7.593750000000002e-05,0.20931486785411835,0.39652419090270996,0.3092278242111206,13.27657699584961,0.0833333358168602,-0.022083893418312073,40690,0.28494834899902344,0.7780808210372925,0.6647107601165771,12.583774518966674,,0.7777778506278992,0.4169885516166687,1784467268.4621253,0.3800135552883148,0.6258038878440857,1408,1.2916667461395264,450.72,2.150979518890381,2.1309497356414795,0.09048264473676682,0.20987407863140106,7.083333492279053,-0.020855344831943512,0.06414295453578234,-0.805011510848999,0.6556504368782043,3.403817653656006,0.9513055682182312,0.6379203200340271,22.914867171049117,0.8390997648239136,0.5416666865348816
0.3957843780517578,0.26266181468963623,1061.864814148,-0.008519114492810332,7.593750000000002e-05,0.1991565227508545,0.4019744098186493,0.293296754360199,12.56025505065918,0.125,-0.02061428874731064,39529,0.3279714584350586,0.7134506106376648,0.6749168634414673,12.594730043411255,,0.7777778506278992,0.41588693857192993,1784467271.064604,0.38020220398902893,0.6360340118408203,1409,1.25,444.93,1.9522117376327515,2.1588613986968994,0.08528777956962585,0.22109562158584595,7.583333492279053,-0.023386243730783463,0.06392860002815723,-0.8038887977600098,0.6560570001602173,3.1258065700531006,0.8856023550033569,0.5918476581573486,22.78923424348235,0.8448761701583862,0.2916666865348816
0.4170951843261719,0.21613937616348267,1064.31571078,-0.008262371979071759,0.00011390625000000003,0.15129318833351135,0.42348408699035645,0.35205864906311035,11.368873596191406,0.0,-0.0190187469124794,38615,0.30517005920410156,0.6028370261192322,0.7099463939666748,12.592569303512573,,0.7777778506278992,0.4164525866508484,1784467273.7142274,0.37997472286224365,0.6683675646781921,1410,0.4166666865348816,479.56,1.6188509464263916,2.240513563156128,0.07211069762706757,0.22954511642456055,7.583333492279053,-0.02014550380408764,0.05312978252768517,-0.8465352058410645,0.6558497548103333,2.747802257537842,0.7837139964103699,0.5346193313598633,24.5898123941198,0.8912739753723145,0.375
0.4018111228942871,0.24706363677978516,1066.893758664,-0.007815804681740701,7.593750000000004e-05,0.179565891623497,0.4059752821922302,0.30955740809440613,12.023947715759277,0.0,-0.02030099742114544,41826,0.29961085319519043,0.6920678615570068,0.6823444366455078,12.571625518798829,,0.7777778506278992,0.4163338840007782,1784467276.170794,0.3798518478870392,0.6459769606590271,1411,0.9583333730697632,454.87,1.8952579498291016,2.050656318664551,0.08021853119134903,0.2256869077682495,7.083333492279053,-0.02311793528497219,0.06672866251319647,-0.8168694376945496,0.6566513776779175,3.0643014907836914,0.8676683306694031,0.5827321410179138,23.5338449466601,0.8569375872612,0.2916666865348816
0.4142429232597351,0.2536061704158783,1069.378984532,-0.009005092285224236,0.00011390625000000003,0.1932244896888733,0.42046400904655457,0.3368907868862152,11.925191879272461,0.0,-0.020650086924433708,39754,0.30346083641052246,0.6532187461853027,0.7048017978668213,12.57103247642517,,0.7777778506278992,0.4149917960166931,1784467278.7483275,0.3799947500228882,0.6659144163131714,1412,0.8333333730697632,460.31,1.879990816116333,2.1693365573883057,0.08134134113788605,0.22871427237987518,7.333333492279053,-0.022008275613188744,0.06856855973601342,-0.8419879674911499,0.6561094522476196,2.984172821044922,0.8792737722396851,0.5659144520759583,23.827495054006576,0.885616660118103,0.4166666865348816
0.39377233386039734,0.2626741826534271,1071.962948226,-0.007920749302866171,0.00011390625000000006,0.20179462432861328,0.39846426248550415,0.3222760856151581,12.805683135986328,0.0833333358168602,-0.019972821697592735,41310,0.28412580490112305,0.7198628187179565,0.670445442199707,12.57842230796814,,0.7777778506278992,0.4149254560470581,1784467281.230066,0.37994471192359924,0.633219301700592,1413,0.9583333730697632,448.48,1.9742426872253418,2.0955374240875244,0.0853734165430069,0.22517530620098114,7.5,-0.022385550662875175,0.05695697050541639,-0.8033757209777832,0.6559548377990723,3.173387050628662,0.9031299948692322,0.593909740447998,23.259515577070417,0.8417867422103882,0.3333333432674408
0.4019377827644348,0.2399604320526123,1075.040368434,-0.007854311959818006,0.00011390625000000006,0.16872934997081757,0.40544551610946655,0.3343898057937622,12.199080467224121,0.0,-0.022109754383563995,39596,0.302781343460083,0.6506804823875427,0.681830883026123,12.57410831451416,,0.7777778506278992,0.4123868942260742,1784467283.8156145,0.3800099790096283,0.6431739330291748,1414,0.875,468.36,1.8685147762298584,2.1798527240753174,0.07558859884738922,0.2260337918996811,7.875,-0.02242301031947136,0.06587925851345063,-0.8246747255325317,0.6568427085876465,2.960252523422241,0.8308347463607788,0.5613826513290405,23.93264172360301,0.8599810600280762,0.3333333432674408
0.4017767906188965,0.25168296694755554,1077.672018796,-0.006903287195018493,5.0625000000000024e-05,0.1910713165998459,0.4071149230003357,0.31128644943237305,12.677099227905273,0.125,-0.020563911646604538,33072,0.3070695400238037,0.6567636728286743,0.6827477216720581,12.578972625732423,"{'sha256': '16eb0b7b424b9141f319aa70c434357617156033f76d3f1a823e77ef68e2bc04', 'path': 'media/videos/video_1415_16eb0b7b424b9141f319.mp4', 'size': 1648883.0, '_type': 'video-file'}",0.7777778506278992,0.41230878233909607,1784467286.9703836,0.37991708517074585,0.6439468860626221,1415,0.7083333730697632,473.71,1.7570016384124756,2.6653270721435547,0.07866024971008301,0.22400492429733276,7.0416669845581055,-0.02292316034436226,0.05449732057750225,-0.8180944323539734,0.6555279493331909,3.0809476375579834,0.8727229833602905,0.540178120136261,24.595706976354123,0.8582841157913208,0.2083333432674408
0.4094375967979431,0.22886435687541962,1080.346197858,-0.008028563310654135,0.00011390625000000003,0.163688063621521,0.41497930884361267,0.3478491008281708,11.82245922088623,0.125,-0.018493469804525375,39952,0.30811476707458496,0.6173360347747803,0.6956832408905029,12.570199728012085,,0.7777778506278992,0.4124877154827118,1784467289.542106,0.37992310523986816,0.656875729560852,1416,0.6666666865348816,454.09,1.7655291557312012,2.1523845195770264,0.07285027951002121,0.22414152324199677,8.916666984558105,-0.023123836144804955,0.07562011927366256,-0.8294469118118286,0.6561436653137207,2.91255521774292,0.8000438213348389,0.5047488212585449,23.377513804882764,0.8736414313316345,0.3333333432674408
0.405836820602417,0.2756780982017517,1082.779863861,-0.0077012217894662175,0.00011390625000000006,0.21301090717315674,0.4099288880825043,0.30505073070526123,12.311378479003906,0.1666666716337204,-0.01914520561695099,38558,0.30071115493774414,0.7276511192321777,0.6880418658256531,12.580605268478394,,0.7777778506278992,0.41232967376708984,1784467292.2116542,0.3799687922000885,0.6484242677688599,1417,0.7916666865348816,457.34,2.013554573059082,2.248732805252075,0.08636067807674408,0.22249221801757812,7.583333492279053,-0.024746637791395187,0.06286647357046604,-0.8243527412414551,0.6569904088973999,3.147836685180664,0.908048152923584,0.6038529872894287,23.305484564602374,0.8645515441894531,0.4166666865348816
0.4055973291397095,0.25608399510383606,1085.236927085,-0.007437053933972493,7.593750000000004e-05,0.18674181401729584,0.41183337569236755,0.3688454329967499,12.230375289916992,0.0416666679084301,-0.02198132872581482,42426,0.2849893569946289,0.6982969045639038,0.6890894770622253,12.57752628326416,,0.7777778506278992,0.4109022319316864,1784467294.6210735,0.37983018159866333,0.6523784399032593,1418,0.6666666865348816,452.07,1.908862590789795,2.032071113586426,0.08383985608816147,0.22931978106498718,7.208333492279053,-0.02422582171857357,0.06743254158645869,-0.8267454504966736,0.6572614908218384,3.0665109157562256,0.8620233535766602,0.5956400632858276,23.467216883823276,0.8672269582748413,0.4583333432674408
0.3994102478027344,0.2560669779777527,1087.712547943,-0.00854018985410221,0.00011390625000000003,0.18840917944908142,0.40408217906951904,0.33855554461479187,12.389132499694824,0.0833333358168602,-0.020055269822478294,41523,0.29671144485473633,0.7055841684341431,0.6770464181900024,12.566327381134034,,0.7777778506278992,0.41279086470603943,1784467297.0910392,0.37970611453056335,0.639342725276947,1419,1.1666667461395264,458.1,1.951629877090454,2.0707449913024902,0.08175402134656906,0.22533319890499115,7.958333492279053,-0.023654049262404442,0.06612648889422416,-0.8156425356864929,0.6563268303871155,3.0546889305114746,0.8833233714103699,0.5909509062767029,23.4473247681465,0.8550605773925781,0.2916666865348816
0.40018507838249207,0.25037795305252075,1090.232262054,-0.00905309070367366,0.00011390625000000006,0.1932322233915329,0.4047534465789795,0.32051903009414673,12.057104110717773,0.125,-0.020300686359405518,41462,0.29469823837280273,0.6644026637077332,0.6800143122673035,12.568994522094727,,0.7777778506278992,0.41472989320755005,1784467299.5673852,0.37979626655578613,0.6408330798149109,1420,0.8333333730697632,474.05,1.9093303680419922,2.0762412548065186,0.0788407027721405,0.2179417461156845,8.833333969116211,-0.027901407331228256,0.06733787823468447,-0.814166247844696,0.6563644409179688,3.001540184020996,0.883114755153656,0.5448784232139587,24.29500013232231,0.8553166389465332,0.3333333432674408
0.39151716232299805,0.29298654198646545,1092.810954129,-0.007113617385039106,7.593750000000004e-05,0.23113374412059784,0.39545130729675293,0.35057181119918823,13.290008544921875,0.125,-0.019033772870898247,40718,0.2962615489959717,0.7912973165512085,0.6650423407554626,12.571492195129395,,0.7777778506278992,0.41563791036605835,1784467302.086806,0.3798389136791229,0.6256003379821777,1421,1.0,434.43,2.090102434158325,2.1179885864257812,0.09424575418233871,0.2217019498348236,6.583333492279053,-0.0270937941968441,0.06954481713473797,-0.7980529069900513,0.6569780111312866,3.3075616359710693,0.9581289291381836,0.6630451679229736,21.878876660317182,0.8356158137321472,0.5416666865348816
0.3969200551509857,0.2654131054878235,1095.29878386,-0.008626182132866233,7.593750000000002e-05,0.20353469252586365,0.4018999934196472,0.3437536358833313,12.955412864685059,0.1666666716337204,-0.019752120599150658,39728,0.3307666778564453,0.6942286491394043,0.6733939051628113,12.582217788696289,,0.7777778506278992,0.41508352756500244,1784467304.6796236,0.37994885444641113,0.6360539197921753,1422,1.2083333730697632,440.14,2.054318428039551,2.1436171531677246,0.08157151937484741,0.22331279516220093,7.958333492279053,-0.022142421454191208,0.07190875634551049,-0.808551013469696,0.6571915745735168,3.1639370918273926,0.9160569906234741,0.5671653151512146,22.310442703813315,0.8476036787033081,0.2083333432674408
0.4022909104824066,0.25282299518585205,1097.81239295,-0.008550938055850565,0.00011390625000000003,0.18781250715255737,0.4080713987350464,0.33814728260040283,12.116552352905273,0.0416666679084301,-0.018642518669366837,41544,0.29753994941711426,0.6911078691482544,0.6822354793548584,12.588141536712646,,0.7777778506278992,0.41320955753326416,1784467307.1485353,0.37996116280555725,0.6431059837341309,1423,1.0,449.19,1.9040942192077637,2.0686962604522705,0.07903533428907394,0.21618139743804932,8.375,-0.023076161742210388,0.06699520200490952,-0.8131465911865234,0.6590304374694824,3.0660881996154785,0.8639777898788452,0.6103870272636414,23.03330638848245,0.858028769493103,0.375
0.3948662281036377,0.2785464823246002,1100.535864945,-0.0075311401393264536,5.0625000000000024e-05,0.21077470481395721,0.39665815234184265,0.3679217994213104,12.847002983093262,0.0833333358168602,-0.022019848227500916,40715,0.29350948333740234,0.7357584834098816,0.6694170832633972,12.592742776870727,,0.7777778506278992,0.4117423892021179,1784467309.6613283,0.3800222873687744,0.6275454163551331,1424,1.125,437.97,2.0101494789123535,2.1209323406219482,0.08931110799312592,0.22085759043693542,7.2916669845581055,-0.024656403809785843,0.06956891156733036,-0.816297173500061,0.6592669486999512,3.1900384426116943,0.9343233108520508,0.6147900819778442,22.243243465386332,0.8468923568725586,0.5
0.4043425917625427,0.24469953775405884,1103.120168967,-0.008493624319089576,7.593750000000002e-05,0.18126079440116882,0.41078266501426697,0.3324848413467407,12.024371147155762,0.0,-0.020052609965205193,37455,0.30759429931640625,0.6342196464538574,0.686286211013794,12.598789691925049,,0.7777778506278992,0.41189631819725037,1784467312.3984551,0.38009950518608093,0.6493407487869263,1425,1.125,474.65,1.661463737487793,2.3169379234313965,0.07755422592163086,0.22539356350898743,8.291666984558105,-0.022161610424518585,0.0721729937940836,-0.8233274221420288,0.6586990356445312,2.886453628540039,0.8402972221374512,0.5292797088623047,24.734892618358135,0.8632487058639526,0.3333333432674408
0.3972433805465698,0.24363389611244202,1105.583623965,-0.008340915032022167,7.593750000000002e-05,0.17779116332530975,0.4020824134349823,0.3203147351741791,11.988241195678711,0.0416666679084301,-0.021549567580223083,39822,0.30795955657958984,0.6309874057769775,0.6749776601791382,12.601309204101563,,0.7777778506278992,0.41007572412490845,1784467314.9674969,0.38002917170524597,0.6371093988418579,1426,0.7916666865348816,456.91,1.7790669202804565,2.160597562789917,0.07932496070861816,0.2200462520122528,7.5416669845581055,-0.023992419242858887,0.06226905845105648,-0.8097052574157715,0.6600255370140076,2.958662509918213,0.8407732844352722,0.5477942824363708,23.549077829942107,0.8487868309020996,0.375
0.39096197485923767,0.26595234870910645,1108.225757705,-0.009244090295396745,0.00011390625000000003,0.1996265947818756,0.39603257179260254,0.3508720099925995,12.821043014526367,0.125,-0.02097945474088192,41518,0.2923314571380615,0.6861699819564819,0.6641857624053955,12.582786464691162,,0.7777778506278992,0.4087434411048889,1784467317.4327033,0.379766047000885,0.6253757476806641,1427,1.0833333730697632,444.2,1.9424413442611694,2.0753672122955322,0.08586210012435913,0.21485552191734314,7.2916669845581055,-0.019133567810058594,0.05907432939857245,-0.7987011671066284,0.6598672270774841,3.1491401195526123,0.8817111253738403,0.561787486076355,22.987203790433703,0.8357309699058533,0.375
0.38456758856773376,0.26068827509880066,1110.82737872,-0.007258379767881707,7.593750000000004e-05,0.19017764925956726,0.39192724227905273,0.3255966305732727,12.954035758972168,0.0833333358168602,-0.01997881755232811,38678,0.32007861137390137,0.6834949851036072,0.6560611724853516,12.566233825683593,,0.7777778506278992,0.41124027967453003,1784467320.089438,0.37958887219429016,0.6195896863937378,1428,0.9166666865348816,452.46,1.9123780727386475,2.2214999198913574,0.08140809834003448,0.22072428464889526,7.583333492279053,-0.02225501462817192,0.06218328922986984,-0.7874166369438171,0.6582802534103394,3.0757436752319336,0.9066025018692017,0.5640407800674438,23.421655151322483,0.8238239288330078,0.3333333432674408
0.39972633123397827,0.24621066451072693,1113.505528096,-0.008914238392026163,0.00011390625000000003,0.18193458020687103,0.4048939645290375,0.31402528285980225,12.0721435546875,0.0,-0.01896042935550213,39568,0.32858705520629883,0.6730248332023621,0.6784664392471313,12.547177171707153,,0.7777778506278992,0.4113536775112152,1784467322.687159,0.3792929947376251,0.6378682851791382,1429,1.1666667461395264,463.5,1.9125888347625732,2.15580153465271,0.08118730038404465,0.22251062095165253,7.833333492279053,-0.024903109297156334,0.0632200263440609,-0.8130576014518738,0.6580770015716553,2.959846019744873,0.8735048174858093,0.5714045763015747,23.666623430103062,0.8545299768447876,0.2916666865348816
0.4101238250732422,0.2271844446659088,1116.076737903,-0.007097371283452958,5.0625000000000024e-05,0.1692696511745453,0.4161456227302551,0.35657426714897156,10.806556701660156,0.0416666679084301,-0.020714160054922104,38310,0.30461716651916504,0.5967295169830322,0.6970393061637878,12.53340311050415,,0.7777778506278992,0.4120446443557739,1784467325.3593154,0.37920549511909485,0.656033456325531,1430,0.7083333730697632,476.01,1.68741774559021,2.261361837387085,0.07356564700603485,0.22556249797344208,7.583333492279053,-0.02273768186569214,0.06654775701463223,-0.8331375122070312,0.6583495140075684,2.6639139652252197,0.7953628301620483,0.4957362413406372,24.62769334077835,0.8763601183891296,0.25
0.4032934904098511,0.22973865270614624,1118.58513871,-0.008328479120973498,7.593750000000002e-05,0.1632445752620697,0.4119243025779724,0.3308955729007721,11.628569602966309,0.0,-0.017987828701734543,39852,0.31694841384887695,0.6355045437812805,0.6868385076522827,12.53259334564209,,0.7777778506278992,0.41203296184539795,1784467327.9446115,0.3792096674442291,0.6490193605422974,1431,0.7916666865348816,466.3,1.7857704162597656,2.1497459411621094,0.07643464207649231,0.22609977424144745,7.625,-0.02551124058663845,0.05976737458258867,-0.808957576751709,0.6590720415115356,2.8366096019744873,0.8361028432846069,0.5289920568466187,24.268955694884063,0.8588082194328308,0.2916666865348816
0.4198790490627289,0.2447359561920166,1121.179095883,-0.009023897323640995,0.00011390625000000003,0.17974655330181122,0.4247884750366211,0.3170231580734253,12.192245483398438,0.0833333358168602,-0.02020062878727913,41197,0.29425764083862305,0.6597388982772827,0.7105444669723511,12.529813432693482,,0.7777778506278992,0.41088974475860596,1784467330.4328058,0.37907129526138306,0.6696904897689819,1432,0.625,479.34,1.826502799987793,2.0919153690338135,0.07759609073400497,0.22265934944152832,7.4166669845581055,-0.025969233363866806,0.0601539408788085,-0.8469283580780029,0.6608625650405884,2.9805219173431396,0.8808449506759644,0.5660483241081238,24.617099428772928,0.8930281400680542,0.3333333432674408
0.4061070382595062,0.25356027483940125,1123.669567063,-0.007977697988098952,0.00011390625000000006,0.18313460052013397,0.41091784834861755,0.3240020275115967,12.848334312438965,0.0,-0.02096674218773842,39392,0.3251786231994629,0.7098168134689331,0.6887252330780029,12.526278638839722,,0.7777778506278992,0.41108274459838867,1784467333.044236,0.37920325994491577,0.6495646238327026,1433,1.0833333730697632,466.65,1.9068716764450073,2.170334815979004,0.08078800141811371,0.22946202754974365,6.958333492279053,-0.02761932834982872,0.0665573425590992,-0.8268401026725769,0.6604917049407959,3.126202344894409,0.8774911761283875,0.5970544815063477,24.24546253412962,0.8665752410888672,0.25
0.40112829208374023,0.26658475399017334,1126.251685627,-0.007717848604079336,7.593750000000004e-05,0.20353321731090546,0.4075969457626343,0.3287595212459564,12.51626968383789,0.0416666679084301,-0.01970423012971878,41390,0.2894299030303955,0.6913201808929443,0.6830369830131531,12.541642427444458,,0.7777778506278992,0.41226595640182495,1784467335.5185459,0.3792440593242645,0.6452471613883972,1434,1.0833333730697632,448.57,1.9862964153289795,2.0855958461761475,0.08461801707744598,0.22815248370170593,7.125,-0.021244874224066734,0.06490193903446198,-0.811534583568573,0.6601556539535522,3.084435224533081,0.910040557384491,0.5729751586914062,23.262499153465033,0.8562180399894714,0.2083333432674408
0.4032686650753021,0.2815518379211426,1129.473175015,-0.008319798877346329,0.00011390625000000003,0.21960940957069397,0.40681034326553345,0.3308197855949402,13.11549186706543,0.125,-0.02290797047317028,39589,0.3128979206085205,0.7190009951591492,0.6837353706359863,12.540224409103393,,0.7777778506278992,0.4167520999908447,1784467338.1202047,0.37934234738349915,0.6456732153892517,1435,1.0833333730697632,461.98,2.033684015274048,2.170154333114624,0.09011288732290268,0.22227171063423157,7.75,-0.024748045951128006,0.07440330162644386,-0.8214866518974304,0.6598243117332458,3.2517848014831543,0.9034125804901123,0.6142207384109497,23.815495968014,0.8610717058181763,0.4583333432674408
0.39739367365837097,0.2947498857975006,1132.141970933,-0.006349142093677073,5.0625000000000024e-05,0.22807982563972473,0.403413861989975,0.3515273928642273,13.17988109588623,0.125,-0.020277148112654686,31718,0.31702136993408203,0.7293674945831299,0.6726719737052917,12.551431465148926,"{'_type': 'video-file', 'sha256': '4a56d120557d9660d4a8b10c3f438491f367a65a58489a2357595f2920890a0f', 'path': 'media/videos/video_1436_4a56d120557d9660d4a8.mp4', 'size': 1525037.0}",0.7777778506278992,0.4173407554626465,1784467341.4247005,0.37941470742225647,0.6350976228713989,1436,0.75,463.23,2.1134629249572754,2.782241106033325,0.09612280130386353,0.21023285388946533,7.083333492279053,-0.023447509855031967,0.065648546628654,-0.8043863773345947,0.6599045991897583,3.258711338043213,0.9314855933189392,0.6051534414291382,23.76105460859835,0.8466587066650391,0.6666666865348816
0.4056129455566406,0.2487778663635254,1134.822456983,-0.008321591206185985,0.00011390625000000003,0.18711614608764648,0.4111728072166443,0.38721156120300293,12.35603141784668,0.0416666679084301,-0.019825363531708717,39697,0.2921791076660156,0.6478980779647827,0.6870900392532349,12.553120183944703,,0.7777778506278992,0.4184890687465668,1784467344.0010295,0.37951213121414185,0.6471735835075378,1437,1.2083333730697632,453.24,1.8347282409667969,2.1841700077056885,0.07927124202251434,0.21222743391990662,8.458333969116211,-0.02400694414973259,0.05748869832605123,-0.8218770027160645,0.6603119373321533,2.9745211601257324,0.865964412689209,0.5399154424667358,23.036697448119522,0.8643683195114136,0.375
0.41275879740715027,0.2242421805858612,1137.329352254,-0.007625555528647965,7.593750000000004e-05,0.17149464786052704,0.4154590964317322,0.31892144680023193,11.769227981567383,0.0833333358168602,-0.01996496506035328,38301,0.3130455017089844,0.6271100044250488,0.6994895935058594,12.565680456161498,,0.7777778506278992,0.42028695344924927,1784467346.6844919,0.3796180486679077,0.6560208201408386,1438,0.9583333730697632,455.67,1.7564047574996948,2.253554582595825,0.07159046828746796,0.22589021921157837,8.708333969116211,-0.02392437681555748,0.06686436459422111,-0.8423411250114441,0.6609579920768738,2.805549144744873,0.8194195628166199,0.5362911224365234,23.093773348331453,0.8811478614807129,0.375
0.38567841053009033,0.29077088832855225,1139.788021214,-0.008034096767369192,0.00011390625000000003,0.2283075451850891,0.387870192527771,0.3259998857975006,13.342620849609375,0.0833333358168602,-0.02046460472047329,41094,0.31339144706726074,0.7543558478355408,0.6535224914550781,12.562258338928222,,0.7777778506278992,0.42305809259414673,1784467349.2051075,0.3795320391654968,0.6129310131072998,1439,0.875,454.99,2.0892372131347656,2.0787806510925293,0.09166504442691803,0.2136324644088745,6.458333492279053,-0.02058955654501915,0.06625340152531863,-0.7908932566642761,0.6601196527481079,3.2892959117889404,0.9471461772918701,0.6366303563117981,23.373564356565474,0.8234076499938965,0.4583333432674408
0.40561312437057495,0.24565355479717255,1142.23384579,-0.0070773344719782475,7.593750000000004e-05,0.18622428178787231,0.41102904081344604,0.303499311208725,12.725536346435547,0.0,-0.02135767601430416,42197,0.29077935218811035,0.6719675064086914,0.6892197132110596,12.566300106048583,,0.7777778506278992,0.4232313334941864,1784467351.646227,0.3796309232711792,0.6513341665267944,1440,1.0,475.28,1.917123794555664,2.0388262271881104,0.0788860097527504,0.22664348781108856,7.625,-0.020096031948924065,0.07664752528071403,-0.833003044128418,0.6600281000137329,3.039846420288086,0.871131420135498,0.5843212604522705,24.422119349241257,0.8702515363693237,0.2916666865348816
0.40278002619743347,0.2573738694190979,1144.806473355,-0.008509786419745069,0.00011390625000000003,0.19907307624816895,0.40607839822769165,0.303791880607605,12.351924896240234,0.0416666679084301,-0.020370153710246086,42040,0.2955741882324219,0.7200579643249512,0.6850780248641968,12.574874353408813,,0.7777778506278992,0.42317694425582886,1784467354.0808356,0.3797529935836792,0.6439053416252136,1441,1.4166667461395264,472.38,2.027728319168091,2.0427675247192383,0.08497243374586105,0.22827784717082977,8.916666984558105,-0.02524632029235363,0.07308060601353646,-0.8218912482261658,0.658698558807373,3.11222243309021,0.8751389980316162,0.616629421710968,24.412783881425856,0.8589769601821899,0.3333333432674408
0.39317378401756287,0.2678389549255371,1147.259380533,-0.008402819958428153,0.00011390625000000006,0.20330052077770233,0.3963000476360321,0.327391654253006,12.25357723236084,0.0,-0.020945964381098747,39720,0.3119344711303711,0.7146830558776855,0.6675553321838379,12.580560541152954,,0.7777778506278992,0.42261558771133423,1784467356.665227,0.37972790002822876,0.6270963549613953,1442,0.8333333730697632,434.27,1.9056577682495117,2.1629724502563477,0.08540314435958862,0.21311333775520325,6.958333492279053,-0.02036891132593155,0.06929243560880423,-0.8050293922424316,0.6564796566963196,3.126347303390503,0.8968997001647949,0.6133815050125122,22.17785395927727,0.8396555781364441,0.6666666865348816
0.40934836864471436,0.23739832639694214,1149.750885806,-0.008754371816758066,0.00011390625000000006,0.16718582808971405,0.4130007028579712,0.3202090859413147,11.977259635925293,0.0,-0.01818620227277279,41983,0.2848818302154541,0.701318621635437,0.6952675580978394,12.569888257980347,,0.7777778506278992,0.4233568608760834,1784467359.1118846,0.37948039174079895,0.6540114283561707,1443,1.0833333730697632,458.09,1.894701361656189,2.0566136837005615,0.07707440108060837,0.22407984733581543,8.208333969116211,-0.022765008732676506,0.06370346657931805,-0.8306206464767456,0.6566034555435181,2.9729576110839844,0.866228461265564,0.6005529761314392,23.547044662721454,0.8722152709960938,0.3333333432674408
0.4125187397003174,0.22751502692699432,1152.301282427,-0.008798423508414999,7.593750000000004e-05,0.17494621872901917,0.4174315929412842,0.3484874665737152,11.159919738769531,0.0416666679084301,-0.01813267543911934,41161,0.31833934783935547,0.5957873463630676,0.700805127620697,12.55794816017151,,0.7777778506278992,0.4218975305557251,1784467361.618075,0.3793996274471283,0.6589133143424988,1444,0.7083333730697632,462.02,1.7390050888061523,2.0699164867401123,0.07279716432094574,0.22168771922588348,7.9166669845581055,-0.02047952264547348,0.07033587358891964,-0.8313344717025757,0.6570622324943542,2.7075366973876953,0.7856554985046387,0.5067417621612549,23.880016406327485,0.8777291774749756,0.25
0.39762622117996216,0.2726290225982666,1154.852129077,-0.009133682024548761,5.062500000000002e-05,0.20848040282726288,0.40292924642562866,0.32006198167800903,12.946477890014648,0.0833333358168602,-0.01877225749194622,40438,0.2926671504974365,0.7529205083847046,0.6769804358482361,12.556152057647704,,0.7777778506278992,0.4207216203212738,1784467364.1523292,0.3793649673461914,0.6352828741073608,1445,1.5416667461395264,450.15,2.0205249786376953,2.1382811069488525,0.08706717938184738,0.21835105121135712,8.208333969116211,-0.022862717509269714,0.07253594659268855,-0.800433337688446,0.6576873660087585,3.2242820262908936,0.9431494474411011,0.6316410899162292,23.379747482538225,0.8454911112785339,0.4166666865348816
0.3992992341518402,0.2611086666584015,1157.4287552,-0.00844744563992208,7.593750000000002e-05,0.19609355926513672,0.4024490714073181,0.351310670375824,11.641142845153809,0.0416666679084301,-0.019408002495765686,40166,0.2846195697784424,0.6577850580215454,0.6770347356796265,12.556481170654298,,0.7777778506278992,0.419975221157074,1784467366.7021677,0.37940144538879395,0.6357402801513672,1446,0.875,456.26,1.8554309606552124,2.162799596786499,0.08480748534202576,0.21276327967643738,7.75,-0.026339586824178696,0.06587397232651711,-0.8128423690795898,0.6575727462768555,2.9853522777557373,0.8734197616577148,0.5535805225372314,23.397244895249607,0.8507329225540161,0.3333333432674408
0.40272125601768494,0.2563510239124298,1160.110394314,-0.008701592002762482,7.593750000000002e-05,0.1987415999174118,0.40794169902801514,0.28283193707466125,12.35430908203125,0.0,-0.01678486540913582,39766,0.32749152183532715,0.657964289188385,0.6853055357933044,12.559083414077758,,0.7777778506278992,0.4208371341228485,1784467369.2970874,0.37942206859588623,0.6442350149154663,1447,0.75,465.64,1.7688463926315308,2.144552707672119,0.08134586364030838,0.2232043445110321,6.708333492279053,-0.021137278527021408,0.06909885630011559,-0.8129705190658569,0.6597874164581299,3.011195182800293,0.8389695882797241,0.5409806370735168,24.230382486581803,0.8576101064682007,0.25
0.3867172598838806,0.287085622549057,1162.582932254,-0.008960352685244288,7.593750000000002e-05,0.2269662320613861,0.3901720941066742,0.3149523138999939,12.882247924804688,0.0833333358168602,-0.02017127349972725,38423,0.3060429096221924,0.7102491855621338,0.6571512222290039,12.564343166351318,,0.7777778506278992,0.42114219069480896,1784467371.9678085,0.3795362412929535,0.6182109713554382,1448,1.1666667461395264,425.13,2.006087303161621,2.2523889541625977,0.09103690087795258,0.21286070346832275,7.375,-0.02149123325943947,0.07701860144734382,-0.7897109389305115,0.6604613661766052,3.221430778503418,0.9153963923454285,0.582579493522644,21.61925248792395,0.8256325721740723,0.5416666865348816
0.40457555651664734,0.25551772117614746,1165.145753664,-0.008700396251515485,7.593750000000002e-05,0.18813541531562805,0.4072389006614685,0.35194334387779236,11.971415519714355,0.0833333358168602,-0.016962526366114616,41597,0.3021693229675293,0.694270133972168,0.6881527900695801,12.56874771118164,,0.7777778506278992,0.4241064190864563,1784467374.432617,0.3794882893562317,0.6421056985855103,1449,0.9583333730697632,451.41,1.8445234298706055,2.061056137084961,0.0816517025232315,0.22308650612831116,7.958333492279053,-0.023855267092585564,0.06509669572114944,-0.8248081207275391,0.6577261686325073,2.9372830390930176,0.8846834897994995,0.5980775356292725,23.222809391021727,0.8626511096954346,0.3333333432674408
0.4052349925041199,0.24686428904533386,1167.598556817,-0.009330541657982394,7.593750000000002e-05,0.18186114728450775,0.41032326221466064,0.35306650400161743,12.554010391235352,0.0416666679084301,-0.0190243162214756,39919,0.30635738372802734,0.7087975740432739,0.6896793842315674,12.559566974639893,,0.7777778506278992,0.42545637488365173,1784467376.9938273,0.37938031554222107,0.6474684476852417,1450,0.875,439.15,1.8691896200180054,2.156174659729004,0.07957795262336731,0.22523772716522217,7.833333492279053,-0.0264425128698349,0.06817537732422352,-0.8238617777824402,0.6573647856712341,3.0434818267822266,0.856085479259491,0.6117278337478638,22.599116399101913,0.8655585050582886,0.2916666865348816
0.40314561128616333,0.24999329447746277,1170.225913362,-0.008716284540423658,0.00011390625000000003,0.18736255168914795,0.40636420249938965,0.3256572484970093,12.700214385986328,0.0,-0.0195804201066494,41777,0.287212610244751,0.7009932398796082,0.6861913204193115,12.558306312561035,,0.7777778506278992,0.4281187057495117,1784467379.4472585,0.3793909251689911,0.6431165337562561,1451,1.25,462.88,1.9013445377349854,2.0658295154571533,0.08070362359285355,0.2238473892211914,7.333333492279053,-0.023528074845671654,0.06611029468476773,-0.8235659599304199,0.6560988426208496,3.0903186798095703,0.86376953125,0.5948967933654785,23.56104196071625,0.8605947494506836,0.1666666716337204
0.4132806956768036,0.24099025130271912,1172.711813283,-0.007873879322505672,0.00011390625000000003,0.17773668467998505,0.4177866578102112,0.3650704324245453,12.06580924987793,0.0416666679084301,-0.017008943483233452,38893,0.3074777126312256,0.6810423731803894,0.701709508895874,12.555908966064454,,0.7777778506278992,0.4307100176811218,1784467382.0775712,0.37943610548973083,0.6587060689926147,1452,0.8333333730697632,470.46,1.7778809070587158,2.220067024230957,0.0776020959019661,0.22721123695373535,7.375,-0.019090859219431877,0.06259332168847323,-0.833331286907196,0.6536024808883667,2.9460015296936035,0.8596200942993164,0.5643431544303894,24.439219371676444,0.877567708492279,0.2083333432674408
0.40796706080436707,0.2548028826713562,1175.265373762,-0.007989576006366406,7.593750000000004e-05,0.1933801770210266,0.4117647111415863,0.31915393471717834,13.08399486541748,0.0416666679084301,-0.01816413179039955,41210,0.3009922504425049,0.7004756927490234,0.6938161849975586,12.560940074920655,,0.7777778506278992,0.42885786294937134,1784467384.5621817,0.3794991970062256,0.6503626108169556,1453,1.125,456.85,1.9498080015182495,2.084404706954956,0.08335322141647339,0.2245894968509674,7.0416669845581055,-0.026104550808668137,0.08078232035040855,-0.8267773389816284,0.6551535129547119,3.162522315979004,0.8992949724197388,0.585502564907074,23.615929305776955,0.8671147227287292,0.375
0.4092597961425781,0.2526125907897949,1177.696858856,-0.008423155380296522,7.593750000000002e-05,0.18465104699134827,0.4131142497062683,0.3279677629470825,12.526853561401367,0.0416666679084301,-0.01907573640346527,40075,0.3106851577758789,0.6678131818771362,0.6941888332366943,12.560952615737914,,0.7777778506278992,0.4280906319618225,1784467387.1202693,0.37944531440734863,0.6506797075271606,1454,1.1666667461395264,464.54,1.8355493545532227,2.142261505126953,0.07904305309057236,0.22102966904640198,6.958333492279053,-0.027411315590143204,0.06033951248973608,-0.8284362554550171,0.6545683145523071,3.046898603439331,0.834122896194458,0.5656846761703491,24.029590668529274,0.8697163462638855,0.3333333432674408
0.40792202949523926,0.24414187669754028,1180.3502451,-0.008502211768063716,0.00011390625000000003,0.18141019344329834,0.41112595796585083,0.31389546394348145,12.662581443786621,0.0833333358168602,-0.01958305388689041,42240,0.2861506938934326,0.6537114977836609,0.696713924407959,12.559289693832397,,0.7777778506278992,0.4274374842643738,1784467389.5498161,0.37942516803741455,0.6544003486633301,1455,0.875,474.47,1.8208487033843994,2.0410830974578857,0.07708077877759933,0.23318283259868622,7.2916669845581055,-0.020490359514951706,0.060071592964231965,-0.8383398056030273,0.6547995209693909,3.0380046367645264,0.8367489576339722,0.5386183261871338,24.445835129618644,0.8729230761528015,0.2083333432674408
0.4025545120239258,0.2650856375694275,1183.439629389,-0.00855680913082324,0.00011390625000000006,0.1995028555393219,0.40478023886680603,0.4041159152984619,12.471883773803711,0.0416666679084301,-0.017812058329582214,38555,0.30959010124206543,0.6925636529922485,0.6832417845726013,12.558883380889892,,0.7777778506278992,0.4281301498413086,1784467392.2000284,0.3794490694999695,0.6390613913536072,1456,1.0,449.85,1.8956173658370972,2.240108013153076,0.08327659219503403,0.2139512300491333,7.5,-0.025894075632095337,0.08117929250001907,-0.8178839683532715,0.6555198431015015,3.0856499671936035,0.8850657343864441,0.5738444328308105,23.018548192307353,0.8569968938827515,0.3333333432674408
0.3912397623062134,0.27269303798675537,1186.103105568,-0.008099782219505868,7.593750000000004e-05,0.20117054879665375,0.3931032121181488,0.3068310022354126,13.759516716003418,0.0416666679084301,-0.02074873074889183,32901,0.29154062271118164,0.737726092338562,0.6657617092132568,12.561971616744994,"{'_type': 'video-file', 'sha256': '6560b496f09e38f785775d2c51c776fea81be511f6214a2b7605f7eb2219bbdb', 'path': 'media/videos/video_1457_6560b496f09e38f78577.mp4', 'size': 1317261.0}",0.7777778506278992,0.42779749631881714,1784467395.39341,0.3793802261352539,0.6239243149757385,1457,1.2083333730697632,466.0,1.9737628698349,2.696321487426758,0.08573340624570847,0.22185266017913818,7.375,-0.018763495609164238,0.05270473025739193,-0.8051702380180359,0.6565476655960083,3.3120155334472656,0.9449695348739624,0.6305347681045532,23.905276174396278,0.8350648880004883,0.4166666865348816
0.4186100959777832,0.22913393378257751,1188.786779896,-0.008490906096994877,7.593750000000002e-05,0.17336279153823853,0.42451339960098267,0.3223259747028351,11.995176315307617,0.0416666679084301,-0.017228014767169952,39811,0.29877400398254395,0.6277152895927429,0.7135383486747742,12.547706699371338,,0.7777778506278992,0.42692217230796814,1784467397.9649222,0.37925541400909424,0.6712209582328796,1458,0.7083333730697632,458.84,1.7287416458129883,2.17047381401062,0.07251008599996567,0.23723456263542175,8.791666984558105,-0.022413259372115135,0.06410704832524061,-0.8419203162193298,0.6574870944023132,2.8940510749816895,0.830093264579773,0.5478594303131104,23.77910893149674,0.889228343963623,0.25
0.404819130897522,0.2338535040616989,1191.225493868,-0.00848873412469402,0.00011390625000000003,0.16366001963615417,0.4088154435157776,0.32706207036972046,12.568588256835938,0.0,-0.0199588593095541,38271,0.3155081272125244,0.6523776054382324,0.6877298355102539,12.541892671585083,,0.7777778506278992,0.42625880241394043,1784467400.645635,0.3791663348674774,0.6498982310295105,1459,1.0833333730697632,481.45,1.8538798093795776,2.253117322921753,0.07529407739639282,0.23243030905723572,8.041666984558105,-0.021186068654060364,0.056954925507307054,-0.82353276014328,0.6574248671531677,3.0385494232177734,0.8454446792602539,0.5399649739265442,25.304087977409363,0.862767219543457,0.25
0.392434298992157,0.2698906362056732,1193.899458317,-0.008246743554627756,0.00011390625000000006,0.21906433999538422,0.39394518733024597,0.3279739022254944,12.28812026977539,0.0833333358168602,-0.018968570977449417,42182,0.2861807346343994,0.7204446792602539,0.6666341423988342,12.531012535095215,,0.7777778506278992,0.4279622733592987,1784467403.0759082,0.3791296184062958,0.6233941912651062,1460,0.7916666865348816,461.57,1.967468023300171,2.0442583560943604,0.08777817338705063,0.21266329288482666,7.1666669845581055,-0.021131282672286034,0.06868125349283219,-0.805924117565155,0.6571325659751892,3.0965306758880615,0.9146980047225952,0.5940541625022888,23.541910281628372,0.8372482061386108,0.3333333432674408
0.4030822217464447,0.24063865840435028,1196.317602286,-0.007415912998840213,7.593750000000004e-05,0.17489862442016602,0.4062632918357849,0.3435437083244324,12.14405345916748,0.0,-0.01919115148484707,38202,0.3058600425720215,0.6752902865409851,0.6862647533416748,12.530209493637084,,0.7777778506278992,0.4290549159049988,1784467405.7628589,0.3791021704673767,0.6440744400024414,1461,1.125,449.23,1.8415263891220093,2.267385244369507,0.07813875377178192,0.2257038950920105,8.208333969116211,-0.020518910139799118,0.05344192460179329,-0.8205780982971191,0.657319962978363,2.9457712173461914,0.8753628730773926,0.5881903767585754,23.189754079580307,0.8582808375358582,0.375
0.4106615483760834,0.23620840907096863,1198.948351965,-0.008499877707799896,0.00011390625000000003,0.17465317249298096,0.4130926728248596,0.34702497720718384,12.52044677734375,0.0,-0.019263893365859985,42690,0.3010678291320801,0.6729884147644043,0.6974539160728455,12.522717094421386,,0.7777778506278992,0.42745256423950195,1784467408.1769888,0.378951758146286,0.6545202136039734,1462,0.9583333730697632,471.07,1.8840335607528687,2.001647710800171,0.0778648853302002,0.22645771503448486,8.416666984558105,-0.02382037043571472,0.0615001080557704,-0.8365181684494019,0.6582658886909485,3.091834783554077,0.8545662760734558,0.5774292945861816,24.285946635380387,0.8746718168258667,0.2083333432674408
0.41117140650749207,0.24725240468978882,1201.395718532,-0.007266963296569884,7.593750000000004e-05,0.17613226175308228,0.4155969023704529,0.33999595046043396,12.97690200805664,0.0,-0.01770107075572014,38985,0.3201866149902344,0.689264714717865,0.6985090970993042,12.513230800628662,,0.7777778506278992,0.42635393142700195,1784467410.8068957,0.37889230251312256,0.6537596583366394,1463,1.0416667461395264,460.66,1.828744649887085,2.201345205307007,0.08050701022148132,0.22312478721141815,7.1666669845581055,-0.02594853937625885,0.06140689980238676,-0.8292657136917114,0.65836501121521,3.087794303894043,0.8502632975578308,0.5873755812644958,23.832870838046073,0.873478889465332,0.375
0.41378554701805115,0.2385711669921875,1204.023020067,-0.008808951423270628,0.00011390625000000003,0.187677264213562,0.4158523976802826,0.32672080397605896,12.433634757995605,0.0416666679084301,-0.018932465463876724,42086,0.31037020683288574,0.6778459548950195,0.7031968832015991,12.504226446151733,,0.7777778506278992,0.42796748876571655,1784467413.2497246,0.3787069618701935,0.6586402654647827,1464,0.9583333730697632,455.56,1.8405377864837646,2.0254151821136475,0.08114002645015717,0.2298455834388733,7.625,-0.025828367099165916,0.06298427358269691,-0.839366614818573,0.6565601825714111,3.0568788051605225,0.8810286521911621,0.5430545210838318,23.377224644720556,0.8799203634262085,0.4166666865348816
0.4072762727737427,0.25365811586380005,1206.460702442,-0.00693077776231803,5.0625000000000024e-05,0.18911629915237427,0.4114217758178711,0.32548826932907104,12.536901473999023,0.0,-0.016962554305791855,38963,0.3105895519256592,0.6835616827011108,0.6939708590507507,12.490559148788453,,0.7777778506278992,0.4242174029350281,1784467415.8830316,0.3785386383533478,0.6482216715812683,1465,0.875,457.86,1.7848042249679565,2.212402582168579,0.07990171015262604,0.22244206070899963,7.7916669845581055,-0.023928139358758926,0.05603575240820646,-0.8254784345626831,0.656704306602478,2.970155715942383,0.8627802729606628,0.5903269052505493,23.66497960090637,0.8676437139511108,0.4166666865348816
0.41022786498069763,0.24159030616283417,1209.110253338,-0.008369445009157062,7.593750000000002e-05,0.18142831325531006,0.4154810309410095,0.34228190779685974,11.905386924743652,0.0,-0.019376739859580994,42247,0.3025956153869629,0.664770245552063,0.7005619406700134,12.48106951713562,,0.7777778506278992,0.42482537031173706,1784467418.313778,0.37850433588027954,0.6554735898971558,1466,0.75,463.14,1.8058971166610718,2.024245262145996,0.07938721030950546,0.22941473126411438,8.625,-0.0251776035875082,0.06266964077949524,-0.8353945016860962,0.6561854481697083,2.8964977264404297,0.8573979735374451,0.5693376064300537,23.800425126552582,0.8752447366714478,0.4583333432674408
0.4042834937572479,0.24725985527038574,1211.55936189,-0.008405794890131801,0.00011390625000000003,0.18788114190101624,0.40974992513656616,0.34069690108299255,12.514463424682617,0.0,-0.01836184784770012,38610,0.31656765937805176,0.6509579420089722,0.6902350187301636,12.48865852355957,,0.7777778506278992,0.4269137978553772,1784467420.9701872,0.3787018358707428,0.64703369140625,1467,1.2083333730697632,457.62,1.8541429042816162,2.229496955871582,0.0808035284280777,0.2221115082502365,7.9166669845581055,-0.018924199044704437,0.07417187727987766,-0.818347156047821,0.6556086540222168,2.9997870922088623,0.865210235118866,0.549569845199585,23.5739519392699,0.8615025281906128,0.3333333432674408
0.3793892562389374,0.3073011338710785,1214.208721302,-0.008522058557718992,0.00011390625000000006,0.23255738615989685,0.38582882285118103,0.3500552177429199,13.263263702392578,0.0,-0.020036017522215843,42048,0.292158842086792,0.7520221471786499,0.6486189961433411,12.496343660354615,,0.7777778506278992,0.42506879568099976,1784467423.4126713,0.37872937321662903,0.6097689867019653,1468,1.2083333730697632,438.55,2.028411388397217,2.045738458633423,0.09571995586156845,0.21040086448192596,6.083333492279053,-0.01967046409845352,0.07060516029596328,-0.7725843191146851,0.6586491465568542,3.3024001121520996,0.9865179061889648,0.6424664258956909,22.47959564000368,0.8085192441940308,0.4583333432674408
0.38729116320610046,0.2619946599006653,1216.649275354,-0.008020568569190801,7.593750000000004e-05,0.21109001338481903,0.39098942279815674,0.34496891498565674,11.83289623260498,0.0,-0.019047614187002182,38621,0.31174254417419434,0.6595714688301086,0.6612952947616577,12.491929483413696,,0.7777778506278992,0.4258834719657898,1784467426.0675128,0.37865784764289856,0.6179319024085999,1469,1.1666667461395264,448.55,1.8068174123764038,2.2335658073425293,0.08641675114631653,0.21519064903259277,8.0,-0.024600494652986526,0.06896808259189129,-0.7917227745056152,0.6595853567123413,2.8821773529052734,0.8937389254570007,0.5618414878845215,22.92748870715499,0.827820897102356,0.5
0.3986664414405823,0.2508985996246338,1219.235043707,-0.00877717463299632,0.00011390625000000003,0.18990054726600647,0.40555351972579956,0.30530375242233276,12.66352653503418,0.0833333358168602,-0.01920551247894764,42233,0.29427456855773926,0.7091186046600342,0.6822308301925659,12.488444900512695,,0.7777778506278992,0.4242536723613739,1784467428.5042133,0.3786250948905945,0.6409749388694763,1470,0.9583333730697632,455.04,1.9301704168319702,2.033352851867676,0.0798146054148674,0.22533047199249268,8.125,-0.024265795946121216,0.0645185636356473,-0.8095981478691101,0.6612775921821594,3.023175001144409,0.9035859107971191,0.575874924659729,23.58554788738489,0.8519878387451172,0.2083333432674408
0.40081876516342163,0.24532902240753174,1221.856889441,-0.007046059309504926,0.00011390625000000006,0.1852937936782837,0.4062364995479584,0.348738431930542,12.583402633666992,0.0,-0.018475009128451347,39631,0.31399059295654297,0.7080124616622925,0.6830567717552185,12.486048698425293,,0.7777778506278992,0.42218858003616333,1784467431.1012185,0.37861743569374084,0.6406806111335754,1471,1.0833333730697632,449.09,1.8692582845687866,2.1664764881134033,0.08077006787061691,0.21790310740470886,7.6666669845581055,-0.021277356892824173,0.06787047646939755,-0.8146776556968689,0.6607589721679688,3.049823760986328,0.8796595335006714,0.604215145111084,23.127472224086524,0.8557066321372986,0.2916666865348816
0.4043543040752411,0.25811558961868286,1224.412354243,-0.007086156329023652,7.593750000000004e-05,0.1958342045545578,0.4116824269294739,0.3570607602596283,12.222579002380371,0.0,-0.018972981721162796,39258,0.32124805450439453,0.7302929759025574,0.6899305582046509,12.489884662628175,,0.7777778506278992,0.4202166795730591,1784467433.7126257,0.3786277174949646,0.6482669115066528,1472,1.1666667461395264,435.03,1.8944190740585327,2.1827571392059326,0.08362042903900146,0.22387902438640594,8.208333969116211,-0.019246522337198257,0.060905824042856695,-0.8188075423240662,0.6623973250389099,3.0534095764160156,0.9019233584403992,0.6538543701171875,22.69951128706336,0.8619527816772461,0.5833333730697632
0.4133015275001526,0.21166209876537323,1227.13058412,-0.008931741397827864,0.00011390625000000003,0.1667424887418747,0.4209009110927582,0.3431704044342041,11.580327987670898,0.0416666679084301,-0.016406770795583725,40164,0.2964286804199219,0.613257110118866,0.7047135233879089,12.483779048919677,,0.7777778506278992,0.41878533363342285,1784467436.2724292,0.3785945773124695,0.6606835126876831,1473,0.5,460.66,1.770162582397461,2.1511189937591553,0.07294328510761261,0.22654657065868378,6.1666669845581055,-0.024416368454694748,0.0662695974111557,-0.8296235799789429,0.6616084575653076,2.812567710876465,0.8127173185348511,0.5050054788589478,23.837464392427353,0.8783820867538452,0.2083333432674408
0.4052109122276306,0.2406688928604126,1229.670205179,-0.008341963577549905,0.00011390625000000006,0.18649113178253174,0.4144589900970459,0.3498205542564392,11.990660667419434,0.0,-0.018526345491409302,37757,0.3177454471588135,0.6572964191436768,0.6930446624755859,12.481257390975951,,0.7777778506278992,0.41682207584381104,1784467438.9905703,0.3784429728984833,0.6517614722251892,1474,1.0,466.57,1.8120174407958984,2.2858009338378906,0.08041464537382126,0.22707657516002655,7.5416669845581055,-0.026245495304465294,0.0698769312351942,-0.8160719871520996,0.6630762815475464,2.9472880363464355,0.8668975830078125,0.5641955733299255,24.349466776289045,0.863288402557373,0.4166666865348816
0.39149928092956543,0.2794390320777893,1232.175487485,-0.008054159788298421,7.593750000000004e-05,0.21500596404075623,0.3972146511077881,0.3112500309944153,13.36042594909668,0.0,-0.017466485500335693,40520,0.32085752487182617,0.7766207456588745,0.6688070297241211,12.46685242652893,,0.7777778506278992,0.4152488112449646,1784467441.5320475,0.37830421328544617,0.6280500888824463,1475,1.2083333730697632,437.96,2.182433605194092,2.105203628540039,0.09191730618476868,0.21919584274291992,7.125,-0.025324612855911255,0.0676205437630415,-0.7955504655838013,0.6634168028831482,3.4107508659362793,0.9697744846343994,0.6544084548950195,22.723903778344393,0.8365992903709412,0.5
0.4018470048904419,0.2503870129585266,1234.771049977,-0.008630554552655666,7.593750000000002e-05,0.18745747208595276,0.40804094076156616,0.33438897132873535,12.44758415222168,0.0,-0.0180569589138031,41082,0.2846221923828125,0.680862307548523,0.6856679320335388,12.458041667938232,,0.7777778506278992,0.41412806510925293,1784467444.0289621,0.37820911407470703,0.6446843147277832,1476,1.0833333730697632,462.21,1.9066059589385986,2.1082212924957275,0.08163967728614807,0.22487317025661469,7.1666669845581055,-0.01952027902007103,0.06647439878433943,-0.8151326179504395,0.6629883050918579,3.0589756965637207,0.8923863768577576,0.5557798743247986,24.024620003094896,0.8572449684143066,0.25
0.4130013883113861,0.23437106609344482,1237.964998588,-0.008459856142872013,0.00011390625000000003,0.17592982947826385,0.4183981418609619,0.3379788398742676,11.648077964782715,0.0416666679084301,-0.017940331250429153,39497,0.3224208354949951,0.6394019722938538,0.7055083513259888,12.4580406665802,,0.7777778506278992,0.4137175977230072,1784467446.6536827,0.3782983422279358,0.6609510183334351,1477,0.7916666865348816,471.68,1.7266898155212402,2.1664531230926514,0.07589614391326904,0.23610292375087738,7.583333492279053,-0.020316697657108307,0.06950413025915622,-0.8348387479782104,0.6627775430679321,2.809457302093506,0.8317444324493408,0.540327787399292,24.525796997249127,0.8810170888900757,0.3333333432674408
0.40153878927230835,0.24946057796478271,1240.580040112,-0.00868631129269488,0.00011390625000000006,0.18630878627300262,0.4087599217891693,0.34154582023620605,12.886341094970703,0.0416666679084301,-0.0178483035415411,32184,0.31702089309692383,0.7038795351982117,0.6856881380081177,12.466026210784912,"{'_type': 'video-file', 'sha256': 'ea74afd40517982a2742a3f600f88caad12d4b9758aa117c7a868d22de77ffb5', 'path': 'media/videos/video_1478_ea74afd40517982a2742.mp4', 'size': 1543393.0}",0.7777778506278992,0.4139223098754883,1784467449.924042,0.3783933222293854,0.6450135707855225,1478,1.1666667461395264,474.17,1.9668686389923096,2.7374095916748047,0.08336164802312851,0.22057613730430603,7.875,-0.019844716414809227,0.061454742588102816,-0.8111494779586792,0.6632717847824097,3.136725425720215,0.8889801502227783,0.5720425844192505,24.73631336301565,0.8558794856071472,0.375
0.39828914403915405,0.25722068548202515,1243.107135136,-0.008312376201502047,0.00011390625000000006,0.19866840541362762,0.40275096893310547,0.38169413805007935,11.910201072692871,0.0416666679084301,-0.017243757843971252,40719,0.29293012619018555,0.6841696500778198,0.679836630821228,12.462202310562134,,0.7777778506278992,0.4160577952861786,1784467452.4310262,0.3782971203327179,0.6346461772918701,1479,1.0,437.3,1.8247398138046265,2.1212222576141357,0.08481761068105698,0.22028212249279022,8.5,-0.020933538675308228,0.06656150240451097,-0.8051972389221191,0.6635385751724243,3.013275146484375,0.8434993624687195,0.5817890763282776,22.703221318274736,0.84768146276474,0.5
0.4159003496170044,0.2316094934940338,1245.641140266,-0.00749694142723456,7.593750000000004e-05,0.17514221370220184,0.42112764716148376,0.38346442580223083,11.454573631286621,0.0833333358168602,-0.0187823548913002,40518,0.32022881507873535,0.6058487296104431,0.7081517577171326,12.456289052963257,,0.7777778506278992,0.4192562997341156,1784467454.9712098,0.3782414495944977,0.6631969809532166,1480,0.5833333730697632,479.75,1.6081126928329468,2.105926752090454,0.07653976231813431,0.2285851687192917,7.875,-0.022633299231529236,0.06984353475272656,-0.8385741114616394,0.6634989976882935,2.787548065185547,0.8238407969474792,0.5309683680534363,24.902926304638385,0.884865939617157,0.1666666716337204
0.4071364402770996,0.24593620002269745,1248.084406544,-0.008756740269018338,0.00011390625000000003,0.19446808099746704,0.41377824544906616,0.3579731583595276,11.839897155761719,0.0416666679084301,-0.017719246447086334,40634,0.282573938369751,0.6362278461456299,0.6934560537338257,12.440747594833374,,0.7777778506278992,0.4188547730445862,1784467457.4820516,0.3779752552509308,0.6491965055465698,1481,0.875,462.94,1.7868751287460327,2.1366803646087646,0.08080663532018661,0.22126293182373047,6.875,-0.02213580720126629,0.0535829471424222,-0.8218773603439331,0.6652392148971558,2.9270758628845215,0.8306736946105957,0.544409990310669,23.846597748696805,0.8661998510360718,0.25
0.4090215861797333,0.2324729859828949,1250.457017757,-0.008507030626060442,0.00011390625000000003,0.1781197488307953,0.4152258634567261,0.38127589225769043,11.815871238708496,0.0416666679084301,-0.01685907319188118,41795,0.29122209548950195,0.6363365650177002,0.6984696388244629,12.433150148391723,,0.7777778506278992,0.4185947775840759,1784467459.936365,0.37802553176879883,0.6528628468513489,1482,1.0416667461395264,452.62,1.7693818807601929,2.0607917308807373,0.07588309049606323,0.22517916560173035,8.666666984558105,-0.023576607927680016,0.08047884702682495,-0.8219895362854004,0.6654859781265259,2.8745694160461426,0.8449851870536804,0.5360051393508911,23.579670652542262,0.8699265718460083,0.3333333432674408
0.4084852337837219,0.2549123167991638,1253.088924871,-0.008636625774670392,0.00011390625000000006,0.19972825050354004,0.4151749014854431,0.3184557259082794,11.913886070251465,0.0833333358168602,-0.01712699607014656,43312,0.2899482250213623,0.6783663034439087,0.6976255178451538,12.445281553268433,,0.7777778506278992,0.4177582859992981,1784467462.3138733,0.378173828125,0.6529070734977722,1483,1.0,460.95,1.8128904104232788,1.9797155857086182,0.08038120716810226,0.2232019156217575,8.083333969116211,-0.020643524825572968,0.0655526703223586,-0.82603520154953,0.665504515171051,3.035033941268921,0.8719691634178162,0.5805877447128296,24.065846396386622,0.8715370893478394,0.4166666865348816
0.3963930606842041,0.25641605257987976,1255.532602045,-0.007445369591005146,7.593750000000004e-05,0.1910228729248047,0.4037449359893799,0.3242063522338867,12.051841735839844,0.0833333358168602,-0.01869281940162182,38972,0.3004899024963379,0.6890807151794434,0.6782773733139038,12.44913845062256,,0.7777778506278992,0.41647040843963623,1784467464.9445043,0.37816548347473145,0.6352847814559937,1484,1.25,448.18,1.8793810606002808,2.2218806743621826,0.0826437771320343,0.2197999209165573,7.125,-0.024146463721990585,0.06404583379626275,-0.8063783645629883,0.6670472025871277,3.003009557723999,0.8829233646392822,0.5607554912567139,23.106081379279495,0.8469559550285339,0.25
0.39654773473739624,0.2654125690460205,1258.097967029,-0.008814135135617107,0.00011390625000000003,0.20400147140026093,0.40430521965026855,0.3422861099243164,11.85639762878418,0.125,-0.016855387017130852,42037,0.3000941276550293,0.7117595076560974,0.6785585284233093,12.444749116897583,,0.7777778506278992,0.41717076301574707,1784467467.3882408,0.37812718749046326,0.6342331171035767,1485,0.9583333730697632,448.87,1.8992637395858765,2.0383944511413574,0.08215266466140747,0.21615681052207947,8.166666984558105,-0.018049102276563644,0.06537489164620638,-0.801935613155365,0.6681543588638306,2.9792449474334717,0.8838028907775879,0.6072279214859009,23.053968895971774,0.8467812538146973,0.2916666865348816
0.4067385196685791,0.2521651089191437,1260.720688368,-0.007917590076976922,0.00011390625000000006,0.19204573333263397,0.41296857595443726,0.32924115657806396,12.695135116577148,0.0416666679084301,-0.01973285712301731,39986,0.3061656951904297,0.6966888308525085,0.6968109607696533,12.435264158248902,,0.7777778506278992,0.41810786724090576,1784467469.9569237,0.3779011070728302,0.6505551338195801,1486,1.0833333730697632,466.35,1.9230626821517944,2.1522939205169678,0.08109262585639954,0.22728662192821503,7.9166669845581055,-0.023307330906391144,0.05863204598426819,-0.8271650671958923,0.6679076552391052,3.0838146209716797,0.8717546463012695,0.5817732810974121,24.27712740153074,0.8687219619750977,0.2083333432674408
0.4107712209224701,0.22822003066539764,1263.235947289,-0.007125535944942385,7.593750000000004e-05,0.16656506061553955,0.4173102378845215,0.30036962032318115,11.437037467956543,0.0,-0.020148390904068947,39129,0.316784143447876,0.6091776490211487,0.7016887664794922,12.408466482162476,,0.7777778506278992,0.41799479722976685,1784467472.58515,0.3775632977485657,0.6572556495666504,1487,0.5833333730697632,461.51,1.7722430229187012,2.195518970489502,0.07476840168237686,0.22766773402690887,8.083333969116211,-0.02394498512148857,0.05304976627230644,-0.8336501121520996,0.6684767603874207,2.8310084342956543,0.7948195934295654,0.5280104875564575,24.027650294452904,0.8761069178581238,0.3333333432674408
0.405010461807251,0.24737541377544403,1265.853503524,-0.008241559134330601,7.593750000000002e-05,0.18785446882247925,0.41226428747177124,0.33626624941825867,12.040611267089844,0.0,-0.019156742841005325,40962,0.294064998626709,0.6723918318748474,0.6931071281433105,12.389464378356934,,0.7777778506278992,0.417730450630188,1784467475.088569,0.377375990152359,0.6478441953659058,1488,0.9166666865348816,449.99,1.7855899333953857,2.1058125495910645,0.08001266419887543,0.21663853526115417,7.625,-0.020231055095791817,0.06673314813524485,-0.8289586305618286,0.6696481108665466,2.956544876098633,0.8501666784286499,0.5883721113204956,23.158187702521683,0.8676711320877075,0.3333333432674408
0.4178762435913086,0.23476764559745789,1268.287449214,-0.009034659090684728,0.00011390625000000003,0.17614611983299255,0.4261651635169983,0.3950422704219818,11.745229721069336,0.0,-0.018428031355142593,39080,0.31424999237060547,0.6622914671897888,0.714211642742157,12.362471961975098,,0.7777778506278992,0.4210308790206909,1784467477.714066,0.3769301772117615,0.6680307388305664,1489,0.875,470.93,1.8619015216827393,2.2011544704437256,0.078315868973732,0.22640840709209442,7.1666669845581055,-0.019933126866817474,0.0574967360123992,-0.8393718004226685,0.6693055629730225,2.9236507415771484,0.8265058994293213,0.5533079504966736,24.61879146158695,0.8896629214286804,0.3333333432674408
0.40812477469444275,0.23595303297042847,1270.836383258,-0.00804764243439422,0.00011390625000000006,0.17765045166015625,0.4156714379787445,0.3149367570877075,11.864999771118164,0.0416666679084301,-0.01696912758052349,42340,0.28688859939575195,0.6234203577041626,0.6988868713378906,12.324742078781128,,0.7777778506278992,0.4211558699607849,1784467480.140251,0.3765537142753601,0.6548057198524475,1490,0.75,477.72,1.7827104330062866,2.0348334312438965,0.07746385782957077,0.2260662019252777,8.041666984558105,-0.022738061845302582,0.059296834841370584,-0.8237324953079224,0.6694750189781189,2.900479316711426,0.8238005638122559,0.5288716554641724,25.078939121216536,0.8701422214508057,0.25
0.40650975704193115,0.22095172107219696,1273.316230057,-0.007569774255534867,0.00011390625000000006,0.1606699526309967,0.4143128991127014,0.33945319056510925,12.103391647338867,0.0,-0.017715541645884514,40193,0.3226478099822998,0.657006025314331,0.6964259147644043,12.306191349029541,,0.7777778506278992,0.4195314347743988,1784467482.6990008,0.3764994740486145,0.6491656303405762,1491,0.8333333730697632,468.99,1.8041698932647705,2.123100519180298,0.07297195494174957,0.2255135029554367,7.625,-0.02381511591374874,0.06337154097855091,-0.8231676816940308,0.6698223948478699,2.9983887672424316,0.8368300199508667,0.5371057987213135,24.196457135528327,0.8676923513412476,0.125
0.41098058223724365,0.2502487301826477,1275.936262269,-0.006363673794839997,7.593750000000004e-05,0.19711212813854218,0.41897672414779663,0.39072155952453613,12.422859191894531,0.0416666679084301,-0.017586056143045425,41579,0.29143476486206055,0.7398444414138794,0.7024723887443542,12.306216430664062,,0.7777778506278992,0.4177764058113098,1784467485.1694736,0.37645936012268066,0.6538515090942383,1492,1.0,459.2,1.8382800817489624,2.0727834701538086,0.0838516354560852,0.21973678469657898,7.625,-0.022184055298566818,0.061242029443383215,-0.823941171169281,0.6708551645278931,2.9852662086486816,0.8901114463806152,0.6476585268974304,23.768621871434153,0.8729097843170166,0.4166666865348816
0.40084999799728394,0.26796311140060425,1278.590530009,-0.008753182090003975,7.593750000000002e-05,0.20597606897354126,0.41342151165008545,0.3139399290084839,12.209770202636719,0.125,-0.01714889518916607,39078,0.31577563285827637,0.70414799451828,0.6886696815490723,12.301770353317261,,0.7777778506278992,0.4193681478500366,1784467487.7989414,0.37642815709114075,0.6480339765548706,1493,1.0416667461395264,457.42,1.8834513425827026,2.1997969150543213,0.0860004648566246,0.22725450992584229,7.833333492279053,-0.02212492749094963,0.06523464135825634,-0.8042486906051636,0.6705831289291382,3.0563697814941406,0.8905879855155945,0.59742271900177,23.93509443551302,0.8540512919425964,0.3333333432674408
0.39507120847702026,0.2486308515071869,1281.203476854,-0.008630313340108841,0.00011390625000000003,0.19071745872497559,0.40217435359954834,0.3659682273864746,12.435389518737793,0.0416666679084301,-0.01614026352763176,38779,0.3154892921447754,0.6797986030578613,0.6746062636375427,12.303434371948242,,0.7777778506278992,0.41943156719207764,1784467490.4597929,0.3763260245323181,0.6296594738960266,1494,1.0,441.84,1.798600196838379,2.2194368839263916,0.08191666007041931,0.214728444814682,6.7916669845581055,-0.017685210332274437,0.06614566147327423,-0.7887357473373413,0.6707303524017334,3.027965545654297,0.8927611708641052,0.5490521192550659,23.081868664324283,0.8378924131393433,0.2916666865348816
0.4028468132019043,0.2528303265571594,1283.663050201,-0.006788171321386471,7.593750000000004e-05,0.18838652968406677,0.4108150005340576,0.37910401821136475,11.579005241394043,0.0416666679084301,-0.01792219839990139,39477,0.29573655128479004,0.6808972358703613,0.6881649494171143,12.291189908981323,,0.7777778506278992,0.4189320206642151,1784467493.0538049,0.3762224018573761,0.6450092196464539,1495,1.0416667461395264,453.49,1.8791837692260742,2.1943984031677246,0.08256571739912033,0.21765312552452087,7.208333492279053,-0.022786404937505722,0.07397452220320702,-0.8113150000572205,0.6707167029380798,2.9742448329925537,0.8443747758865356,0.5807793736457825,23.54269321858883,0.8581892848014832,0.4166666865348816
0.39837202429771423,0.25831806659698486,1286.073087889,-0.008445231313817202,0.00011390625000000003,0.20713655650615692,0.406699538230896,0.3176153302192688,12.803411483764648,0.1666666716337204,-0.018685253337025642,41649,0.29210472106933594,0.7023031711578369,0.6827578544616699,12.280413627624512,,0.7777778506278992,0.4172605872154236,1784467495.5148249,0.3760663568973541,0.6392615437507629,1496,1.1666667461395264,464.41,1.9635202884674072,2.068171262741089,0.08327620476484299,0.22170868515968323,7.2916669845581055,-0.020647963508963585,0.07038520909845829,-0.8068870306015015,0.6703493595123291,3.1053085327148438,0.9005125761032104,0.572832465171814,24.16031780898571,0.8507994413375854,0.2916666865348816
0.39815160632133484,0.23617541790008545,1289.196813173,-0.0075209382106550034,7.593750000000004e-05,0.16931384801864624,0.4074338376522064,0.33375129103660583,11.548693656921387,0.0,-0.019413137808442116,42581,0.2854788303375244,0.6463589668273926,0.6841174960136414,12.26111125946045,,0.7777778506278992,0.4171258807182312,1784467497.9250312,0.37574267387390137,0.6389623284339905,1497,1.0,467.13,1.7381751537322998,2.0231528282165527,0.07756241410970688,0.219441220164299,7.375,-0.022746097296476364,0.05878940150141716,-0.811154842376709,0.6692390441894531,2.829458236694336,0.8214766383171082,0.5257511138916016,23.93432988539338,0.8525643348693848,0.25
0.4005087614059448,0.25839871168136597,1291.926087182,-0.008231823053210973,7.593750000000002e-05,0.1959717869758606,0.4083115756511688,0.3478824496269226,12.463011741638184,0.0833333358168602,-0.0185856930911541,32561,0.31856417655944824,0.6972047686576843,0.6871237754821777,12.237019681930542,"{'_type': 'video-file', 'sha256': '9b30243efa3f37e06695c75cb387910c8419ab9f8a667d265789fb1b66a84597', 'path': 'media/videos/video_1498_9b30243efa3f37e06695.mp4', 'size': 1548683.0}",0.7777778506278992,0.41570204496383667,1784467501.1508718,0.37556585669517517,0.6429647207260132,1498,0.9583333730697632,463.46,2.0106749534606934,2.700425386428833,0.08411042392253876,0.22898530960083008,7.5416669845581055,-0.018939845263957977,0.05940933376550674,-0.8084632754325867,0.6710633039474487,3.1297988891601562,0.8688070178031921,0.5731794834136963,24.264156851768494,0.8542930483818054,0.2916666865348816
0.4076748490333557,0.24352264404296875,1294.392626215,-0.008865632672677749,0.00011390625000000003,0.17666374146938324,0.4176550805568695,0.36421912908554077,11.936407089233398,0.0416666679084301,-0.019130047410726547,38810,0.29959869384765625,0.6758087873458862,0.6989152431488037,12.235993194580079,,0.7777778506278992,0.41471096873283386,1784467503.7801151,0.3755931556224823,0.6533219218254089,1499,0.9166666865348816,455.41,1.7774672508239746,2.233346462249756,0.0795835480093956,0.22767220437526703,8.166666984558105,-0.024550963193178177,0.05783367641270161,-0.818008303642273,0.6707341074943542,2.9985995292663574,0.8547025918960571,0.56036376953125,24.002181268408894,0.8689954280853271,0.3333333432674408
0.4192145764827728,0.22801721096038818,1297.088700416,-0.007811700910679065,0.00011390625000000006,0.1627897024154663,0.4289243221282959,0.28616902232170105,12.535425186157227,0.0,-0.017948463559150696,41599,0.288740873336792,0.673354983329773,0.7191454768180847,12.233567380905152,,0.7777778506278992,0.4131630063056946,1784467506.245268,0.3754636347293854,0.6733366847038269,1500,0.7916666865348816,475.13,1.8166100978851318,2.0743556022644043,0.07434163987636566,0.22999238967895508,8.25,-0.0235699862241745,0.05921528041362763,-0.8389750719070435,0.6700470447540283,2.981637954711914,0.8367160558700562,0.5521960258483887,25.051737312227488,0.8919044733047485,0.25
0.3982844948768616,0.2686999440193176,1299.561581232,-0.007843029768628185,7.593750000000004e-05,0.20156697928905487,0.408125102519989,0.3096553087234497,12.904764175415039,0.0,-0.017147338017821312,39825,0.30477094650268555,0.7360748052597046,0.6814433932304382,12.219326639175415,,0.7777778506278992,0.4100530743598938,1784467508.9464207,0.3753563463687897,0.6393324732780457,1501,0.9166666865348816,451.44,2.0208640098571777,2.1635725498199463,0.08778508007526398,0.22261065244674683,7.25,-0.022795051336288452,0.07077240683138371,-0.7985662817955017,0.6728832125663757,3.2422757148742676,0.9123739004135132,0.6370997428894043,23.410946442186834,0.848064124584198,0.5416666865348816
0.41224777698516846,0.2245686948299408,1302.04844133,-0.00868691790383309,0.00011390625000000003,0.1633358895778656,0.4228031635284424,0.35012370347976685,11.803770065307617,0.0416666679084301,-0.01740560680627823,41617,0.2851443290710449,0.6333690881729126,0.7075033187866211,12.21081805229187,,0.7777778506278992,0.41037416458129883,1784467511.4127984,0.3752407133579254,0.6621306538581848,1502,0.7083333730697632,458.05,1.8305572271347046,2.076943874359131,0.07378402352333069,0.22833029925823212,7.4166669845581055,-0.024393340572714806,0.06070820409804582,-0.8206807971000671,0.6735140681266785,2.8536248207092285,0.8046290278434753,0.5379148721694946,24.163842073008418,0.8762024641036987,0.2083333432674408
0.4031066298484802,0.24344971776008606,1304.508344055,-0.0077054691995726895,0.00011390625000000006,0.18282997608184814,0.4134470820426941,0.37616801261901855,12.150252342224121,0.0,-0.018960189074277878,41215,0.2995023727416992,0.6605640649795532,0.6893839836120605,12.21112699508667,,0.7777778506278992,0.4091683328151703,1784467513.9054782,0.37528878450393677,0.6455613970756531,1503,1.0,467.17,1.8516992330551147,2.085644245147705,0.07925963401794434,0.2165643870830536,8.375,-0.021411707624793053,0.06654524225741625,-0.8083897829055786,0.675320565700531,3.0760092735290527,0.8780364394187927,0.5392686128616333,24.203376174867152,0.8583146929740906,0.25
0.41301608085632324,0.2329081892967224,1307.058780377,-0.008611905254656448,0.00011390625000000006,0.1774579882621765,0.4251086115837097,0.3211098909378052,11.81416130065918,0.0833333358168602,-0.018708834424614906,41806,0.30487632751464844,0.633804440498352,0.7088622450828552,12.220871639251708,,0.7777778506278992,0.4058768153190613,1784467516.370923,0.3754480183124542,0.662580668926239,1504,0.9583333730697632,464.57,1.7656855583190918,2.0465338230133057,0.07749007642269135,0.2301231324672699,8.458333969116211,-0.020671311765909195,0.06528012584894896,-0.8282796144485474,0.6769798994064331,2.9127607345581055,0.8419638872146606,0.517134428024292,24.35215277876705,0.8799372911453247,0.2083333432674408
0.40425539016723633,0.25878992676734924,1309.692386978,-0.008515313112002331,0.00011390625000000006,0.20769254863262177,0.413219153881073,0.35760343074798584,12.003740310668945,0.125,-0.019356656819581985,40403,0.29062604904174805,0.6881263256072998,0.6929193735122681,12.230147409439088,,0.7777778506278992,0.4068998694419861,1784467518.9148,0.3755420744419098,0.6447937488555908,1505,1.0,467.55,1.8639445304870605,2.1424484252929688,0.08234722912311554,0.2166179120540619,7.5,-0.022905543446540833,0.06558844521641731,-0.815500020980835,0.6765247583389282,3.048892021179199,0.8946754336357117,0.5648499727249146,24.177552232295273,0.8634995818138123,0.3333333432674408
0.40656423568725586,0.25296521186828613,1312.323735665,-0.007752360234735534,7.593750000000004e-05,0.18857352435588837,0.4178205728530884,0.3143041729927063,12.336570739746094,0.0833333358168602,-0.018463484942913055,38909,0.3186643123626709,0.7014572024345398,0.696258008480072,12.241604232788086,,0.7777778506278992,0.40727314352989197,1784467521.5592115,0.3757210969924927,0.6521110534667969,1506,0.875,456.31,1.9991862773895264,2.2078423500061035,0.08043015748262405,0.22598397731781006,8.625,-0.019505849108099937,0.06896191537380218,-0.8117510080337524,0.6756167411804199,3.0392701625823975,0.8616375923156738,0.5919531583786011,23.717826163098216,0.86604905128479,0.4583333432674408
0.3962588906288147,0.24774181842803955,1314.863017132,-0.008516698249150068,0.00011390625000000003,0.19066321849822998,0.4033564031124115,0.3278246223926544,13.1337308883667,0.0416666679084301,-0.020049452781677246,39122,0.29955077171325684,0.7536214590072632,0.6786903142929077,12.255170392990113,,0.7777778506278992,0.40538930892944336,1784467524.1806815,0.37587717175483704,0.6340752243995667,1507,1.1666667461395264,457.36,1.9740442037582397,2.2131967544555664,0.08203507959842682,0.22294215857982635,7.2916669845581055,-0.025021225214004517,0.0687919445335865,-0.8026859164237976,0.6745693683624268,3.1897761821746826,0.925035834312439,0.6316169500350952,23.827897378206252,0.8465542197227478,0.25
0.4118669033050537,0.238765686750412,1317.367785352,-0.007685429711523284,7.593750000000004e-05,0.18097858130931854,0.4238344430923462,0.30356866121292114,12.370219230651855,0.0416666679084301,-0.018457233905792236,40426,0.29828977584838867,0.6635355353355408,0.7069762945175171,12.261337232589721,,0.7777778506278992,0.40281325578689575,1784467526.713718,0.37591850757598877,0.6648436784744263,1508,0.875,463.36,1.8374977111816406,2.1333858966827393,0.07807891815900803,0.22960416972637177,7.958333492279053,-0.020255196839571,0.06268410757184029,-0.8265849947929382,0.6735340356826782,2.973156690597534,0.8539721369743347,0.5505000948905945,24.25700470805168,0.8786503672599792,0.25
0.3885427415370941,0.26468539237976074,1319.968473865,-0.008751043421216308,7.593750000000002e-05,0.20883393287658691,0.4012526273727417,0.3155318796634674,12.911189079284668,0.0416666679084301,-0.018548548221588135,40926,0.3062710762023926,0.707122802734375,0.6686012148857117,12.26595959663391,,0.7777778506278992,0.40088221430778503,1784467529.2190502,0.37598147988319397,0.6253169178962708,1509,1.125,444.57,1.978806495666504,2.095669746398926,0.08554073423147202,0.21307949721813202,7.2916669845581055,-0.023050546646118164,0.0689785785973072,-0.7781494855880737,0.6736266613006592,3.319723606109619,0.9064868688583374,0.5859108567237854,23.204275492429733,0.8300492167472839,0.4583333432674408
0.41162943840026855,0.2496761530637741,1322.590567761,-0.008549515741469805,0.00011390625000000003,0.18947982788085938,0.4245927333831787,0.351440966129303,11.861205101013184,0.0,-0.017804797738790512,39358,0.3212721347808838,0.6485425233840942,0.7054154276847839,12.268855905532837,,0.7777778506278992,0.40064331889152527,1784467531.8285193,0.3759201765060425,0.6628516912460327,1510,0.9583333730697632,481.95,1.8762038946151733,2.176403760910034,0.07793779671192169,0.2218768298625946,7.7916669845581055,-0.020477106794714928,0.05330062303692103,-0.8196824789047241,0.6738278865814209,2.980611801147461,0.8759036064147949,0.5637244582176208,25.122716742753983,0.8768512010574341,0.25
0.41929739713668823,0.21539363265037537,1325.227631522,-0.0075911020918283615,7.593750000000004e-05,0.1590675711631775,0.42830678820610046,0.34904393553733826,10.748530387878418,0.0833333358168602,-0.018448762595653534,39198,0.3173668384552002,0.5367631912231445,0.717272937297821,12.262358236312867,,0.7777778506278992,0.4021642208099365,1784467534.456367,0.375849187374115,0.6706751585006714,1511,0.5416666865348816,473.22,1.611050009727478,2.1905148029327393,0.06788146495819092,0.22557953000068665,7.375,-0.022066228091716766,0.06505567152053118,-0.8345783948898315,0.6736325621604919,2.659273862838745,0.7658594846725464,0.45508337020874023,24.65678328573704,0.8927368521690369,0.125
0.39378732442855835,0.27134770154953003,1327.791607031,-0.009306525532156228,7.593750000000002e-05,0.20722654461860657,0.40746426582336426,0.35980844497680664,12.656107902526855,0.0416666679084301,-0.017521116882562637,39055,0.30217552185058594,0.7477774620056152,0.6752135157585144,12.255219745635987,,0.7777778506278992,0.4045565724372864,1784467537.0833628,0.3757602274417877,0.6337271928787231,1512,1.1666667461395264,459.83,1.99868905544281,2.2148540019989014,0.0863184779882431,0.21732285618782043,7.4166669845581055,-0.021895110607147217,0.05783280674368143,-0.7801003456115723,0.6720120906829834,3.149409294128418,0.9184576272964478,0.6439501643180847,24.41201897263527,0.8372100591659546,0.375
0.4011121392250061,0.252122700214386,1330.287256797,-0.008465872675878927,7.593750000000002e-05,0.19638483226299286,0.41374456882476807,0.339525431394577,12.325286865234375,0.0,-0.01747845858335495,39992,0.3143954277038574,0.6835235357284546,0.6876238584518433,12.257001209259034,,0.7777778506278992,0.4034441411495209,1784467539.6488476,0.37586668133735657,0.6467218399047852,1513,1.2083333730697632,454.03,1.82887601852417,2.1436715126037598,0.08188775181770325,0.2266676425933838,7.75,-0.020696520805358887,0.0686726901680231,-0.7943302989006042,0.6713536977767944,3.0489139556884766,0.8454892039299011,0.5998336672782898,24.037479796111583,0.8514944314956665,0.1666666716337204
0.4170706272125244,0.22462612390518188,1332.897951878,-0.007762771651323419,0.00011390625000000003,0.1526675820350647,0.4282534122467041,0.40039587020874023,10.908556938171387,0.0,-0.018706753849983215,41208,0.29088664054870605,0.5943201184272766,0.7123739123344421,12.26227684020996,,0.7777778506278992,0.40560203790664673,1784467542.1339903,0.3757956027984619,0.6683952212333679,1514,0.7916666865348816,478.73,1.679793119430542,2.094644069671631,0.07375352084636688,0.22659897804260254,7.4166669845581055,-0.021411124616861343,0.059047185257077216,-0.838866114616394,0.6699346303939819,2.674854278564453,0.76666659116745,0.5230597257614136,24.80850348815322,0.8921768069267273,0.375
0.399696946144104,0.2693958282470703,1335.473230874,-0.007779769797343761,7.593750000000004e-05,0.20684514939785004,0.4100319743156433,0.3201406002044678,12.783336639404297,0.125,-0.019969454035162926,39104,0.31405019760131836,0.7334445714950562,0.6853446364402771,12.254459619522095,,0.7777778506278992,0.407249391078949,1784467544.8875,0.3757058382034302,0.6413187980651855,1515,0.9583333730697632,451.27,2.0134565830230713,2.199803113937378,0.08765890449285507,0.21884498000144958,7.0416669845581055,-0.020001141354441643,0.071372614428401,-0.8011803030967712,0.6684823036193848,3.226417064666748,0.8844768404960632,0.6312921047210693,23.478584322333337,0.853171706199646,0.4166666865348816
0.4056880474090576,0.2550049126148224,1337.972132281,-0.008980307279853151,0.00011390625000000003,0.1989862024784088,0.4195190668106079,0.36341601610183716,12.43777847290039,0.0416666679084301,-0.01821490190923214,42108,0.2960987091064453,0.6562299728393555,0.6965382099151611,12.249993944168091,,0.7777778506278992,0.4100883901119232,1784467547.3255854,0.3756561577320099,0.6564947366714478,1516,1.125,458.7,1.9181244373321533,2.0384366512298584,0.08239603042602539,0.22924086451530457,7.458333492279053,-0.020610198378562927,0.07079563029110432,-0.8117217421531677,0.6665151119232178,3.0564658641815186,0.8723070621490479,0.5468636751174927,24.095564492940902,0.8675128221511841,0.375
0.39779409766197205,0.2549947202205658,1340.474286843,-0.007350820070132613,7.593750000000004e-05,0.19542881846427917,0.40953540802001953,0.3688346743583679,13.21560287475586,0.0416666679084301,-0.017550092190504074,41021,0.3098268508911133,0.7313891649246216,0.6817187070846558,12.242056226730346,,0.7777778506278992,0.4091864824295044,1784467549.8343356,0.3754836320877075,0.6419258713722229,1517,1.125,470.75,1.8989591598510742,2.0865490436553955,0.0826602429151535,0.21945294737815857,7.708333492279053,-0.019867394119501114,0.0551374401897192,-0.7911636233329773,0.6654129028320312,3.2755165100097656,0.8982127904891968,0.6055576205253601,24.947861375212668,0.8466663360595703,0.2083333432674408
0.4047953486442566,0.2532361149787903,1343.746920725,-0.007676780848851194,7.593750000000002e-05,0.19247590005397797,0.4170092046260834,0.3495011329650879,12.530902862548828,0.0,-0.01927841827273369,41208,0.28613758087158203,0.7065061330795288,0.6945791244506836,12.22924017906189,,0.7777778506278992,0.40781641006469727,1784467552.3239849,0.37534669041633606,0.6526601314544678,1518,0.9166666865348816,457.37,1.9666805267333984,2.099376916885376,0.08288705348968506,0.2206503003835678,7.208333492279053,-0.028764747083187103,0.08176255002617835,-0.8130723834037781,0.6651524305343628,3.100749969482422,0.8759568929672241,0.5919326543807983,23.322921454310418,0.8665313720703125,0.1666666716337204
0.3927791118621826,0.28616049885749817,1346.256767876,-0.008616339083528147,0.00011390625000000003,0.23337823152542114,0.40477901697158813,0.3228681683540344,13.002287864685059,0.25,-0.01987878419458866,30993,0.33689117431640625,0.7569875717163086,0.6734633445739746,12.228929996490479,"{'_type': 'video-file', 'sha256': '287a0ed311edaae17b03b30a875ec74d398fed203666f310995f07e11699c217', 'path': 'media/videos/video_1519_287a0ed311edaae17b03.mp4', 'size': 1524494.0}",0.7777778506278992,0.4105684757232666,1784467555.6933877,0.3753713071346283,0.6336555480957031,1519,0.9166666865348816,445.47,2.062185764312744,2.8348617553710938,0.09068268537521362,0.21466509997844696,7.6666669845581055,-0.023674841970205307,0.0657921964302659,-0.7884530425071716,0.6631285548210144,3.2477469444274902,0.9167126417160034,0.6147443056106567,23.255744928568603,0.8382877111434937,0.5416666865348816
0.40660160779953003,0.24726378917694092,1348.638682966,-0.00781747595174238,0.00011390625000000006,0.18250660598278046,0.41965731978416443,0.3324277400970459,11.893224716186523,0.0,-0.017869509756565094,42337,0.2879829406738281,0.6484371423721313,0.6998460292816162,12.229500102996827,,0.7777778506278992,0.4127109944820404,1784467558.107975,0.37537339329719543,0.6571840047836304,1520,0.8333333730697632,469.34,1.8209619522094727,2.0339460372924805,0.0797482430934906,0.22826769948005676,8.125,-0.024634357541799545,0.05556690637022257,-0.812524676322937,0.6643632650375366,2.9067578315734863,0.8386761546134949,0.5660123825073242,24.522611826471984,0.870445728302002,0.4583333432674408
0.4019666314125061,0.24562756717205048,1351.267501622,-0.0080080681364052,0.00011390625000000006,0.19146913290023804,0.4144086241722107,0.36503833532333374,11.470558166503906,0.0416666679084301,-0.01877683773636818,43075,0.2921876907348633,0.6579792499542236,0.6902294158935547,12.229201984405517,,0.7777778506278992,0.4147666394710541,1784467560.4871895,0.3753848373889923,0.6478840112686157,1521,0.9166666865348816,456.93,1.7646474838256836,1.9899468421936035,0.08072863519191742,0.21703916788101196,7.708333492279053,-0.020538248121738434,0.06481235977262259,-0.8039118051528931,0.6640815138816833,2.8336052894592285,0.843521773815155,0.5842059850692749,23.6671917283535,0.8590189814567566,0.2916666865348816
0.4070436954498291,0.24319826066493988,1353.67891324,-0.0074058165540918704,7.593750000000004e-05,0.19043397903442383,0.4171007573604584,0.3151243031024933,12.117259979248047,0.0833333358168602,-0.01856989972293377,38851,0.30016589164733887,0.6344029903411865,0.6978709697723389,12.23302001953125,,0.7777778506278992,0.41544634103775024,1784467563.1298282,0.37540408968925476,0.6555477380752563,1522,0.7916666865348816,454.93,1.7858327627182007,2.2300865650177,0.07861233502626419,0.22705528140068054,7.458333492279053,-0.022457286715507507,0.06920200884342194,-0.8197800517082214,0.664708137512207,2.948822021484375,0.8352429270744324,0.5182232856750488,23.574856388121844,0.8699140548706055,0.2916666865348816
0.4043528437614441,0.25141721963882446,1356.285347973,-0.009075129916891456,0.00011390625000000003,0.1992778480052948,0.41875720024108887,0.32993561029434204,12.150691986083984,0.0833333358168602,-0.018621327355504036,42763,0.2993810176849365,0.6925052404403687,0.6960334181785583,12.238000202178956,,0.7777778506278992,0.41540202498435974,1784467565.530499,0.37544891238212585,0.6555008888244629,1523,0.7083333730697632,448.7,1.946647047996521,1.9993960857391357,0.0840078592300415,0.22696129977703094,7.5,-0.021475858986377716,0.059951410815119746,-0.8066883087158203,0.6657129526138306,3.0631110668182373,0.848635196685791,0.5705387592315674,23.893428812772036,0.8645052909851074,0.4583333432674408
0.4199443459510803,0.23216769099235535,1358.85686972,-0.0074248202989110725,5.0625000000000024e-05,0.1785944402217865,0.4338192641735077,0.31265002489089966,11.999130249023438,0.125,-0.01730496995151043,39259,0.31352853775024414,0.6438279151916504,0.7219181060791016,12.234738492965699,,0.7777778506278992,0.41595181822776794,1784467568.1479506,0.37528952956199646,0.6763509511947632,1524,0.75,471.58,1.774776816368103,2.190415620803833,0.0763186365365982,0.2315163016319275,8.5,-0.024733593687415123,0.06866622045636177,-0.8310810923576355,0.6652246117591858,2.905120372772217,0.8390213847160339,0.5335148572921753,24.81315607070923,0.893125057220459,0.1666666716337204
0.404979407787323,0.24773633480072021,1361.325820755,-0.008133101483690553,7.593750000000002e-05,0.17935113608837128,0.416762113571167,0.3236878514289856,12.063261032104492,0.0,-0.019300421699881554,40030,0.326082706451416,0.6702994704246521,0.695563793182373,12.222732973098754,,0.7777778506278992,0.41453856229782104,1784467570.713332,0.3751622438430786,0.6532908082008362,1525,1.1666667461395264,457.57,1.9017655849456787,2.1296379566192627,0.07915551215410233,0.2264641970396042,8.083333969116211,-0.01953473500907421,0.07299741320312023,-0.8105188608169556,0.6669506430625916,3.0001180171966553,0.8494768142700195,0.5786676406860352,23.997973602712154,0.8649208545684814,0.375
0.40283069014549255,0.24857202172279358,1363.911926135,-0.007431961019756272,7.593750000000002e-05,0.187982976436615,0.41507479548454285,0.3299904763698578,12.235189437866211,0.0,-0.01900681108236313,41615,0.2862865924835205,0.6608251333236694,0.691215991973877,12.222418403625488,,0.7777778506278992,0.4142794609069824,1784467573.1757705,0.37516167759895325,0.6499600410461426,1526,0.875,467.11,1.7791576385498047,2.075908660888672,0.08028419315814972,0.22714892029762268,7.583333492279053,-0.02272329293191433,0.07269622348248958,-0.8014203906059265,0.6655711531639099,3.0763235092163086,0.8263482451438904,0.555966854095459,24.38380738914013,0.8588365316390991,0.4583333432674408
0.41807395219802856,0.21441751718521118,1366.466408246,-0.009147064835997299,7.593750000000002e-05,0.14970573782920837,0.4307370185852051,0.3644624650478363,11.2257080078125,0.0,-0.020643681287765503,39548,0.32311153411865234,0.6001017093658447,0.7174352407455444,12.2208918094635,,0.7777778506278992,0.41449564695358276,1784467575.7724795,0.37516990303993225,0.6723818182945251,1527,0.6666666865348816,483.28,1.665154218673706,2.1625638008117676,0.07051394134759903,0.22804370522499084,8.375,-0.018649816513061523,0.061598234437406064,-0.837465763092041,0.6656267642974854,2.720442533493042,0.7634320259094238,0.5361724495887756,25.28224938631058,0.8921701312065125,0.25
0.4032928943634033,0.24574610590934753,1369.133972655,-0.009016834862995893,0.00011390625000000003,0.18856367468833923,0.4149366021156311,0.3303503692150116,12.258288383483887,0.0,-0.019999783486127853,40303,0.30160093307495117,0.6832639575004578,0.6929168701171875,12.215634822845459,,0.7777778506278992,0.4140455722808838,1784467578.329749,0.3751039505004883,0.6496610045433044,1528,0.875,460.5,1.9361886978149414,2.1374881267547607,0.08074904978275299,0.2212747037410736,7.7916669845581055,-0.015809739008545876,0.05869952738285065,-0.8063355684280396,0.6658947467803955,2.9929282665252686,0.8682101964950562,0.5828716158866882,24.10281726002693,0.8616447448730469,0.4583333432674408
0.3995850682258606,0.25783294439315796,1371.758179403,-0.007536801669630222,5.0625000000000024e-05,0.20031040906906128,0.411600798368454,0.3578058183193207,12.385858535766602,0.0,-0.01852237991988659,38549,0.31093883514404297,0.6992422342300415,0.6866519451141357,12.215661096572877,,0.7777778506278992,0.4122719466686249,1784467580.994754,0.37515780329704285,0.6448593735694885,1529,0.9583333730697632,468.15,1.9240989685058594,2.2391600608825684,0.0836094468832016,0.22100017964839935,7.0416669845581055,-0.01671876572072506,0.06798400543630123,-0.7973718047142029,0.6672459840774536,3.0736403465270996,0.8424574732780457,0.5942350625991821,24.759534997940065,0.8523107767105103,0.4583333432674408
0.4047902524471283,0.248449444770813,1374.303504069,-0.0076587937946897,5.062500000000002e-05,0.18933585286140442,0.41756314039230347,0.3657410740852356,12.191093444824219,0.0416666679084301,-0.019926032051444054,39150,0.31998181343078613,0.7205028533935547,0.69667649269104,12.2130446434021,,0.7777778506278992,0.4117652177810669,1784467583.6105828,0.37507516145706177,0.6527476906776428,1530,1.0,462.28,1.9536856412887573,2.1909689903259277,0.08046551048755646,0.22068211436271667,7.6666669845581055,-0.026577454060316086,0.06659661792218685,-0.8104227781295776,0.6656706929206848,2.997427463531494,0.8784447908401489,0.6205219030380249,24.00216286420822,0.8648419380187988,0.2916666865348816
0.4067418575286865,0.24200034141540527,1376.981877746,-0.008412277552997694,7.593750000000002e-05,0.18152853846549988,0.4183496832847595,0.35558220744132996,11.906878471374512,0.0,-0.019621601328253746,40309,0.3022651672363281,0.6595903635025024,0.6999703645706177,12.203361701965331,,0.7777778506278992,0.41179847717285156,1784467586.1724474,0.3749772310256958,0.6528274416923523,1531,0.75,444.38,1.7678073644638062,2.1364405155181885,0.07946762442588806,0.2204616665840149,8.041666984558105,-0.022477304562926292,0.061620570905506614,-0.8137584924697876,0.6660212278366089,2.887481451034546,0.833480715751648,0.5965229868888855,23.086361521333455,0.8665598630905151,0.625
0.4129475951194763,0.21415744721889496,1379.354083176,-0.00821850624270155,0.00011390625000000003,0.15188294649124146,0.4232451915740967,0.34483999013900757,11.407936096191406,0.0,-0.018929459154605865,38473,0.31647539138793945,0.6246539354324341,0.7048650979995728,12.192063808441162,,0.7777778506278992,0.41164523363113403,1784467588.8413424,0.37485551834106445,0.6630383133888245,1532,0.6666666865348816,497.56,1.7331199645996094,2.238618850708008,0.07106274366378784,0.22206902503967285,7.1666669845581055,-0.02226421795785427,0.06447349414229393,-0.8202530145645142,0.666532039642334,2.8739373683929443,0.8024592399597168,0.5212401151657104,26.23319118499756,0.8770474791526794,0.2916666865348816
0.40255093574523926,0.2527005076408386,1381.935696963,-0.00699738587718457,7.593750000000004e-05,0.19563385844230652,0.4146192669868469,0.310648649930954,12.352897644042969,0.0,-0.01778985559940338,43496,0.2882089614868164,0.7231413125991821,0.6921605467796326,12.190568161010741,,0.7777778506278992,0.4096699655056,1784467591.2056415,0.37488648295402527,0.6472846269607544,1533,1.0833333730697632,451.56,1.9525235891342163,1.9718592166900635,0.08204267174005508,0.22111940383911133,7.5416669845581055,-0.022562770172953606,0.054477908089756964,-0.8004323244094849,0.6667398810386658,3.087449789047241,0.8709227442741394,0.6094555258750916,23.686304131001233,0.8567417860031128,0.3333333432674408
0.4143114984035492,0.2345898151397705,1384.370308097,-0.008038989431224764,0.00011390625000000003,0.1753009557723999,0.42553195357322693,0.316351979970932,11.41455364227295,0.0833333358168602,-0.017602331936359406,39649,0.3213932514190674,0.6216182112693787,0.7111899256706238,12.18794674873352,,0.7777778506278992,0.4082678258419037,1784467593.7936366,0.3748524487018585,0.6640439033508301,1534,0.75,460.38,1.7997591495513916,2.1579291820526123,0.0742102712392807,0.22682993113994598,7.958333492279053,-0.022600671276450157,0.05967575088143349,-0.8218581080436707,0.669206976890564,2.8285369873046875,0.8237878084182739,0.5176641941070557,24.268785730563103,0.8803121447563171,0.3333333432674408
0.3995271325111389,0.2689131498336792,1386.899373339,-0.008220825499574858,7.593750000000004e-05,0.2035822570323944,0.4124499261379242,0.3684844970703125,12.805770874023438,0.0416666679084301,-0.020380686968564987,42315,0.289074182510376,0.7595466375350952,0.685531497001648,12.1846182346344,,0.7777778506278992,0.40601882338523865,1784467596.216845,0.3747965395450592,0.6444639563560486,1535,1.0,442.58,1.9530115127563477,2.034071445465088,0.08649258315563202,0.22043845057487488,7.083333492279053,-0.016133051365613937,0.07460209093987942,-0.7994548082351685,0.6680701971054077,3.279484510421753,0.8886404037475586,0.6529126167297363,22.84242978390306,0.8527560234069824,0.4166666865348816
0.4001433253288269,0.25354304909706116,1389.332081677,-0.008806448426912538,0.00011390625000000003,0.19174933433532715,0.40982216596603394,0.36245644092559814,12.033740043640137,0.0416666679084301,-0.020769689232110977,40427,0.3176417350769043,0.652007520198822,0.6846145391464233,12.185639095306396,,0.7777778506278992,0.40436553955078125,1784467598.7518342,0.37490740418434143,0.6419572830200195,1536,1.2083333730697632,462.77,1.8816499710083008,2.1139869689941406,0.0838673934340477,0.2168322205543518,7.333333492279053,-0.022193362936377525,0.06244335416704416,-0.8088459968566895,0.6682178378105164,2.9850940704345703,0.8561452627182007,0.5800328254699707,24.168311118483544,0.8554341793060303,0.4166666865348816
0.4098351001739502,0.2516467571258545,1391.893256838,-0.007178606619709172,7.593750000000004e-05,0.18589463829994202,0.42094600200653076,0.332570880651474,12.270902633666992,0.1666666716337204,-0.02020515687763691,42218,0.2944014072418213,0.66966313123703,0.702526330947876,12.194224548339843,,0.7777778506278992,0.4029392600059509,1784467601.1817908,0.3750441074371338,0.657940149307251,1537,0.8333333730697632,466.82,1.8730639219284058,2.034040927886963,0.07935865223407745,0.2225259393453598,7.625,-0.021898984909057617,0.06815885491669178,-0.8135443925857544,0.6685547828674316,3.14551043510437,0.8833975195884705,0.5434602499008179,24.498937355577947,0.8717190027236938,0.1666666716337204
0.4068445861339569,0.25487443804740906,1394.368275229,-0.00882229689450469,7.593750000000002e-05,0.1929284781217575,0.4144268035888672,0.32194647192955017,12.232086181640625,0.0833333358168602,-0.0203553419560194,39971,0.31215715408325195,0.6932289004325867,0.6953942179679871,12.204441356658936,,0.7777778506278992,0.4017423093318939,1784467603.7596338,0.3751126825809479,0.6490955352783203,1538,1.0,454.0,1.8154815435409546,2.147181510925293,0.08226125687360764,0.2218252420425415,7.333333492279053,-0.021645288914442062,0.06336444895714521,-0.8169227838516235,0.6685091257095337,3.053128719329834,0.8642484545707703,0.5896769165992737,23.641899644881487,0.8667013049125671,0.3333333432674408
0.41213783621788025,0.24009910225868225,1397.572416414,-0.008376638451591135,7.593750000000002e-05,0.18408338725566864,0.4256720542907715,0.3227449655532837,11.627403259277344,0.0,-0.0189958643168211,41719,0.2954554557800293,0.62599778175354,0.7073132395744324,12.200475597381592,,0.7777778506278992,0.39913588762283325,1784467606.217922,0.37501052021980286,0.6639016270637512,1539,0.75,463.92,1.7984421253204346,2.0608296394348145,0.07871481776237488,0.22465834021568298,7.6666669845581055,-0.02161310613155365,0.048182446882128714,-0.8212386965751648,0.6709846258163452,2.8811497688293457,0.8193610906600952,0.5315174460411072,23.99965566754341,0.8783351182937622,0.5
0.4260701537132263,0.20304059982299805,1400.225059956,-0.008602342434460297,0.00011390625000000003,0.14079636335372925,0.43667861819267273,0.3784290552139282,10.942968368530273,0.0,-0.017279233783483505,31665,0.32034921646118164,0.6185890436172485,0.7262894511222839,12.190813398361206,"{'_type': 'video-file', 'sha256': '625a7f87c8b6c99dd3e12c447fa0f69ae643de4d91208869987c07a96787eed7', 'path': 'media/videos/video_1540_625a7f87c8b6c99dd3e1.mp4', 'size': 1373094.0}",0.7777778506278992,0.39859193563461304,1784467609.5099556,0.374878853559494,0.6797820329666138,1540,0.375,476.74,1.5888671875,2.7841343879699707,0.06598953902721405,0.21648988127708435,7.458333492279053,-0.023995360359549522,0.06032265163958073,-0.8448591232299805,0.6722034811973572,2.650050640106201,0.7533268928527832,0.5219738483428955,24.748139429092408,0.9046082496643066,0.125
0.41960495710372925,0.2329445779323578,1402.735190799,-0.00829148551565595,0.00011390625000000006,0.17437826097011566,0.4314963221549988,0.3164897859096527,11.415092468261719,0.0833333358168602,-0.01998373679816723,39743,0.3211212158203125,0.623936116695404,0.7181633710861206,12.174449634552001,,0.7777778506278992,0.3973807692527771,1784467612.0922973,0.37463507056236267,0.6751536130905151,1541,0.625,470.67,1.7800929546356201,2.1523616313934326,0.07640483975410461,0.23113614320755005,8.083333969116211,-0.01799475960433483,0.06076784860342741,-0.8336069583892822,0.6718899607658386,2.8128790855407715,0.8326424360275269,0.5165830850601196,24.72079929023981,0.8921574354171753,0.2916666865348816
0.4016270041465759,0.25536394119262695,1405.374093569,-0.007565679508843459,7.593750000000004e-05,0.20068934559822083,0.4151657223701477,0.3215591609477997,12.406381607055664,0.0833333358168602,-0.020131932571530342,41103,0.2859771251678467,0.7132145166397095,0.6881909370422363,12.155539417266846,,0.7777778506278992,0.39685583114624023,1784467614.5890796,0.3744933009147644,0.6490854024887085,1542,1.1666667461395264,453.76,2.0413968563079834,2.1056580543518066,0.0862046480178833,0.2211105078458786,7.7916669845581055,-0.018719453364610672,0.0680007079616189,-0.7986530065536499,0.674132764339447,3.214138984680176,0.8833991289138794,0.5474404096603394,24.03122615369037,0.8545111417770386,0.125
0.41861268877983093,0.22573530673980713,1407.86130649,-0.008953980886144564,0.00011390625000000003,0.17164652049541473,0.43041276931762695,0.36077195405960083,11.792736053466797,0.0,-0.020340483635663986,38857,0.321169376373291,0.5916881561279297,0.7156015634536743,12.150440549850464,,0.7777778506278992,0.39656543731689453,1784467617.234715,0.3745667040348053,0.6695938110351562,1543,0.5833333730697632,471.03,1.6668403148651123,2.2086825370788574,0.07426326721906662,0.2272074669599533,7.708333492279053,-0.020050056278705597,0.05444502104073763,-0.8325088024139404,0.6749706268310547,2.7866573333740234,0.7882677912712097,0.496356338262558,24.570419834181667,0.8898431062698364,0.2916666865348816
0.4068393111228943,0.2600324749946594,1410.425846917,-0.007925298094050959,7.593750000000004e-05,0.20477387309074402,0.41991251707077026,0.3412855565547943,12.075614929199219,0.0416666679084301,-0.018534667789936066,41382,0.30043601989746094,0.6837948560714722,0.6979052424430847,12.155611133575439,,0.7777778506278992,0.397777795791626,1784467619.7109616,0.37447208166122437,0.6555088758468628,1544,0.9583333730697632,447.73,1.8490285873413086,2.075056314468384,0.08265074342489243,0.22285275161266327,7.6666669845581055,-0.026554759591817856,0.054064000584185125,-0.8154203295707703,0.6745964884757996,2.9895503520965576,0.8420723676681519,0.5934354066848755,23.504713440686466,0.8689219355583191,0.375
0.42077744007110596,0.21729469299316406,1412.950497468,-0.008290322883112822,7.593750000000002e-05,0.15707118809223175,0.43129855394363403,0.336021363735199,11.09919548034668,0.0,-0.01828932762145996,39871,0.32337498664855957,0.6192478537559509,0.7205669283866882,12.140797138214111,,0.7777778506278992,0.39879846572875977,1784467622.2984865,0.37433868646621704,0.6750361323356628,1545,0.4583333432674408,477.34,1.634561538696289,2.1421592235565186,0.07127776741981506,0.22827111184597015,8.583333969116211,-0.027430325746536255,0.0477982422336936,-0.8347753286361694,0.675258994102478,2.7155165672302246,0.8028032183647156,0.5357028245925903,24.858182171434166,0.8940446376800537,0.25
0.41937124729156494,0.2209305465221405,1415.526304527,-0.008116742223501205,0.00017085937500000006,0.16037747263908386,0.42946919798851013,0.32157379388809204,10.971246719360352,0.0416666679084301,-0.017878446727991104,40960,0.28750038146972656,0.5889486074447632,0.7166327834129333,12.132720804214477,,0.7777778506278992,0.3979988992214203,1784467624.7974927,0.3741537034511566,0.6698108911514282,1546,0.5,482.69,1.5432310104370117,2.112492561340332,0.0718388482928276,0.2248709499835968,7.75,-0.023946460336446762,0.04922123812139034,-0.8310070037841797,0.6773266196250916,2.6459624767303467,0.7783589363098145,0.5157966613769531,25.431210807561875,0.889896035194397,0.2916666865348816
0.40766093134880066,0.24447129666805267,1418.033399544,-0.007804064059746452,7.593750000000004e-05,0.18916372954845428,0.4213140606880188,0.32306838035583496,12.056356430053711,0.0833333358168602,-0.020604964345693588,39655,0.31691741943359375,0.6469860672950745,0.7005687952041626,12.115208768844605,,0.7777778506278992,0.40020477771759033,1784467627.3928237,0.37396931648254395,0.6581236124038696,1547,0.8333333730697632,460.34,1.7823259830474854,2.162012815475464,0.07832871377468109,0.22866451740264893,8.166666984558105,-0.018897440284490585,0.0650869170203805,-0.8164908289909363,0.6768685579299927,2.9876115322113037,0.8370226621627808,0.5461879968643188,24.199242547154427,0.8700861930847168,0.25
0.40602636337280273,0.24577240645885468,1420.588176589,-0.00883930817944929,0.00011390625000000003,0.17630968987941742,0.4170343279838562,0.33725839853286743,11.998793601989746,0.0,-0.01968972012400627,41139,0.29677248001098633,0.6533364653587341,0.6940526962280273,12.103293895721436,,0.7777778506278992,0.401882529258728,1784467629.8828204,0.3738125264644623,0.649662435054779,1548,0.9583333730697632,459.08,1.8637785911560059,2.092757225036621,0.07918882369995117,0.22258417308330536,8.458333969116211,-0.022138971835374832,0.07121703252196313,-0.8083585500717163,0.674659013748169,2.9770665168762207,0.8196775317192078,0.5591036081314087,24.17408912241459,0.8619494438171387,0.4583333432674408
0.40595048666000366,0.2422637641429901,1423.097605598,-0.006987300427863374,5.0625000000000024e-05,0.17844323813915253,0.4167512357234955,0.31538400053977966,11.823954582214355,0.0416666679084301,-0.018312979489564896,40056,0.3229975700378418,0.6310093402862549,0.6958829760551453,12.08927125930786,,0.7777778506278992,0.4043648838996887,1784467632.4595041,0.37369805574417114,0.6503133773803711,1549,0.7916666865348816,474.45,1.7375242710113525,2.131108522415161,0.07910679280757904,0.22188310325145721,7.583333492279053,-0.021077757701277733,0.05235130917280913,-0.8099167346954346,0.6758855581283569,2.8623905181884766,0.8051877021789551,0.5721312761306763,24.655351559966803,0.8639401197433472,0.5
0.41104254126548767,0.2447735071182251,1425.725535172,-0.008391784981358796,7.593750000000002e-05,0.18922770023345947,0.42409616708755493,0.2985827326774597,11.362579345703125,0.0416666679084301,-0.018977727741003036,41185,0.29046201705932617,0.6251440644264221,0.7048835754394531,12.085533475875854,,0.7777778506278992,0.4046642780303955,1784467634.9482505,0.37366726994514465,0.6637174487113953,1550,0.75,459.75,1.8624167442321777,2.0963830947875977,0.07959024608135223,0.22744254767894745,7.25,-0.024375077337026596,0.06279678009450436,-0.8194696307182312,0.6771774291992188,2.9373903274536133,0.8223606944084167,0.5272154211997986,23.8745770265162,0.876670241355896,0.4583333432674408
0.40654438734054565,0.25029096007347107,1428.324782922,-0.008080260700080544,7.593750000000002e-05,0.1888527125120163,0.41796034574508667,0.34092187881469727,11.688387870788574,0.0833333358168602,-0.018084343522787094,38932,0.31664395332336426,0.6503334045410156,0.696016252040863,12.086473941802979,,0.7777778506278992,0.4057239890098572,1784467637.590941,0.37358030676841736,0.6515312194824219,1551,0.9583333730697632,452.49,1.7880115509033203,2.2083518505096436,0.08247581124305725,0.2207958698272705,7.5,-0.027188479900360107,0.05474737416952848,-0.8045485019683838,0.6769363284111023,2.935854434967041,0.8405054807662964,0.5359408259391785,23.724657059311866,0.8621963262557983,0.4166666865348816
0.4155859649181366,0.21920590102672577,1430.966754998,-0.009037393447943031,0.00017085937500000006,0.15827563405036926,0.4298226237297058,0.3108137249946594,11.10291576385498,0.0,-0.017439907416701317,39634,0.32411932945251465,0.6042520999908447,0.7114211916923523,12.065842962265014,,0.7777778506278992,0.406618595123291,1784467640.1890297,0.3731362223625183,0.6689037680625916,1552,0.6666666865348816,472.92,1.7502521276474,2.15617036819458,0.07194834202528,0.22830820083618164,8.041666984558105,-0.02158597856760025,0.05500121098011732,-0.8225234746932983,0.6752632856369019,2.7221734523773193,0.7986950278282166,0.5160425901412964,24.998032670915126,0.8824045062065125,0.3333333432674408
0.41433262825012207,0.2097456455230713,1433.427651887,-0.00940523972203664,0.00017085937500000009,0.14759671688079834,0.4246121346950531,0.3125789761543274,10.921916007995605,0.0,-0.018999261781573296,38913,0.3106067180633545,0.5749994516372681,0.7065562009811401,12.042576789855957,,0.7777778506278992,0.40477925539016724,1784467642.8280575,0.37291279435157776,0.6618185043334961,1553,0.7916666865348816,466.31,1.6272847652435303,2.215636730194092,0.06916888803243637,0.224717378616333,6.75,-0.024330129846930504,0.062038824893534184,-0.8196163177490234,0.676921546459198,2.7143654823303223,0.7737409472465515,0.4963122010231018,24.492558101415636,0.8767856359481812,0.1666666716337204
0.40400809049606323,0.2542133033275604,1436.038169294,-0.009234147080132971,0.00011390625000000006,0.19309405982494354,0.4171578884124756,0.3799605071544647,11.664731979370117,0.0416666679084301,-0.020929783582687378,41838,0.2995631694793701,0.6809859275817871,0.6911384463310242,12.035691213607787,,0.7777778506278992,0.40380311012268066,1784467645.2757933,0.37285834550857544,0.6476225256919861,1554,1.0833333730697632,466.11,1.821582555770874,2.050018072128296,0.08402353525161743,0.2244042605161667,8.291666984558105,-0.02647254429757595,0.05627220328897238,-0.8040325045585632,0.6786608695983887,2.9074018001556396,0.8594099283218384,0.5914454460144043,24.573672305196524,0.8595927953720093,0.4166666865348816
0.4116280972957611,0.22765791416168213,1438.457706393,-0.008066932223300682,0.00011390625000000006,0.17058835923671722,0.4266299903392792,0.36914581060409546,12.256503105163574,0.0416666679084301,-0.01970141939818859,39140,0.310225248336792,0.6517859101295471,0.7044309377670288,12.033367109298705,,0.7777778506278992,0.40451544523239136,1784467647.8929727,0.37283504009246826,0.6619779467582703,1555,0.7916666865348816,468.31,1.9259518384933472,2.201331377029419,0.07635615766048431,0.2225349396467209,7.6666669845581055,-0.023058004677295685,0.061211684718728065,-0.815788745880127,0.6779804229736328,3.0005979537963867,0.8423396944999695,0.5495842695236206,24.595385226607323,0.8736523389816284,0.125
0.39438360929489136,0.26261287927627563,1441.053412285,-0.007315607991768047,5.0625000000000024e-05,0.2058907002210617,0.40536898374557495,0.30766505002975464,12.26573371887207,0.0833333358168602,-0.01900167018175125,42504,0.28705501556396484,0.6836665868759155,0.6743326187133789,12.027437162399291,,0.7777778506278992,0.4036758840084076,1784467650.3045216,0.3726505935192108,0.6302149891853333,1556,1.0,455.26,1.8952624797821045,2.025731086730957,0.0844932496547699,0.2196098268032074,7.5416669845581055,-0.02555767260491848,0.06698995586484671,-0.7817039489746094,0.6779218912124634,3.085183620452881,0.8716856241226196,0.5672763586044312,23.81569966353476,0.8353732824325562,0.5416666865348816
0.41405805945396423,0.22783446311950684,1443.475127845,-0.008901272935327142,0.00011390625000000005,0.1611575484275818,0.42879781126976013,0.31199049949645996,11.288125991821289,0.0416666679084301,-0.019816480576992035,39379,0.30418920516967773,0.6308797597885132,0.7078999876976013,12.012486219406128,,0.7777778506278992,0.4050406217575073,1784467652.9149952,0.37256699800491333,0.664138913154602,1557,0.7916666865348816,474.68,1.7942724227905273,2.1921279430389404,0.07308879494667053,0.22111305594444275,7.9166669845581055,-0.02228696271777153,0.08344627246260643,-0.8140065670013428,0.6765912771224976,2.7645368576049805,0.7793102264404297,0.5372052192687988,24.961289291083812,0.8766155242919922,0.2916666865348816
0.394631028175354,0.2810401916503906,1446.060857855,-0.008531588027835824,0.00011390625000000006,0.21043288707733154,0.4075498580932617,0.32133591175079346,13.013239860534668,0.0833333358168602,-0.019930880516767502,42580,0.2953784465789795,0.7386066317558289,0.6749625205993652,12.019054841995239,,0.7777778506278992,0.4038662910461426,1784467655.33099,0.37259286642074585,0.6350044012069702,1558,1.5,451.65,2.211239814758301,2.0133097171783447,0.08849072456359863,0.21292643249034882,7.833333492279053,-0.020187094807624817,0.07054750435054302,-0.7848660349845886,0.6757065653800964,3.3439431190490723,0.9152523279190063,0.6142339110374451,23.44968321442604,0.8394834399223328,0.375
0.4143297076225281,0.24509024620056152,1448.65863547,-0.007629154180176556,7.593750000000004e-05,0.18383386731147766,0.4276353716850281,0.3216688334941864,11.522753715515137,0.0,-0.019839897751808167,39658,0.3092367649078369,0.6723552942276001,0.7098474502563477,12.01971082687378,,0.7777778506278992,0.4018959701061249,1784467657.9262571,0.3726177513599396,0.666109561920166,1559,0.8333333730697632,473.4,1.8487895727157593,2.1695492267608643,0.08010570704936981,0.23267357051372528,7.125,-0.01983676105737686,0.0657086217775941,-0.8203288316726685,0.6769278049468994,2.9186313152313232,0.8455249667167664,0.5701794624328613,24.916202923879027,0.8799588680267334,0.2916666865348816
0.4056066870689392,0.24922913312911987,1451.843199064,-0.0077810194939957,7.593750000000002e-05,0.1906358003616333,0.4199311137199402,0.34752964973449707,11.900384902954102,0.0416666679084301,-0.018594956025481224,39656,0.3222005367279053,0.6724375486373901,0.6926285624504089,12.019999551773072,,0.7777778506278992,0.4026202857494354,1784467660.5178711,0.37255096435546875,0.6478998064994812,1560,0.875,470.58,1.7935855388641357,2.1566596031188965,0.07948663085699081,0.21787258982658386,7.333333492279053,-0.02228277549147606,0.05879571847617626,-0.7960472106933594,0.6777467727661133,2.9317786693573,0.8407489657402039,0.5716251134872437,24.546081443056465,0.8591300845146179,0.2916666865348816
0.4068278670310974,0.24152302742004395,1454.586724593,-0.008684246294433252,0.00011390625000000003,0.18429617583751678,0.4216257333755493,0.37069201469421387,11.457942962646484,0.0416666679084301,-0.01960624009370804,31986,0.3283352851867676,0.6202577948570251,0.6965817213058472,12.01098175048828,"{'_type': 'video-file', 'sha256': '0d4664bf6248414cef236ce363a9fa2e9efe8adc3a77a6788886fcd209de30a3', 'path': 'media/videos/video_1561_0d4664bf6248414cef23.mp4', 'size': 1347659.0}",0.7777778506278992,0.40432071685791016,1784467663.7731812,0.3724460005760193,0.6541906595230103,1561,0.75,467.08,1.8668397665023804,2.744971513748169,0.07875549793243408,0.22470740973949432,7.458333492279053,-0.022550199180841446,0.066879609413445,-0.8018879890441895,0.6782523989677429,2.861647605895996,0.8153483867645264,0.5272767543792725,24.809422803521155,0.8639251589775085,0.4166666865348816
0.41390281915664673,0.24367374181747437,1457.198787357,-0.006816936598625034,5.0625000000000024e-05,0.17469024658203125,0.4278438091278076,0.3365481495857239,11.6114501953125,0.0,-0.019955400377511978,38239,0.3063187599182129,0.6702038645744324,0.7073863744735718,12.009976148605347,,0.7777778506278992,0.4076216220855713,1784467666.4453027,0.37243810296058655,0.6641280651092529,1562,0.7916666865348816,463.65,1.8836712837219238,2.2644362449645996,0.07913665473461151,0.2284976691007614,8.083333969116211,-0.023823721334338188,0.07778580784797669,-0.8185439109802246,0.6767503619194031,2.9004507064819336,0.836726188659668,0.5783629417419434,24.285442521050573,0.8781919479370117,0.5
0.41625285148620605,0.24106965959072113,1459.68287677,-0.008524777053389698,7.593750000000002e-05,0.1819058358669281,0.43318164348602295,0.32870492339134216,11.365041732788086,0.0833333358168602,-0.017636563628911972,39281,0.31656479835510254,0.6414494514465332,0.7121996879577637,12.009368133544921,,0.7777778506278992,0.41099056601524353,1784467669.0579817,0.3724297285079956,0.6686729192733765,1563,0.875,466.16,1.8537272214889526,2.185985803604126,0.07983575761318207,0.22554633021354675,8.416666984558105,-0.021035118028521538,0.0680900789797306,-0.8140632510185242,0.6758469343185425,2.8850455284118652,0.8122448921203613,0.5559779405593872,24.76613919019699,0.8802344799041748,0.5
0.40118417143821716,0.25218361616134644,1462.273697221,-0.008049701937125064,0.00011390625000000003,0.18473085761070251,0.4154796004295349,0.33363789319992065,12.402735710144043,0.0416666679084301,-0.02026209980249405,41414,0.2907216548919678,0.6914122104644775,0.688135027885437,12.007335376739501,,0.7777778506278992,0.41512545943260193,1784467671.5369368,0.3722844123840332,0.6445303559303284,1564,0.9166666865348816,454.76,1.9098557233810425,2.082932233810425,0.08148203790187836,0.22213754057884216,7.25,-0.022831713780760765,0.05897880643606186,-0.7957016229629517,0.6746246218681335,3.0656590461730957,0.8662967681884766,0.5704021453857422,23.77014679081738,0.8540120124816895,0.3333333432674408
0.40441322326660156,0.23950700461864471,1464.887273316,-0.00781507676729234,7.593750000000004e-05,0.17855602502822876,0.4204338490962982,0.335742712020874,12.05438232421875,0.0833333358168602,-0.01821712777018547,39515,0.32393646240234375,0.6198294162750244,0.6925596594810486,11.995054817199707,,0.7777778506278992,0.4153692126274109,1784467674.1398625,0.3722027838230133,0.6522343158721924,1565,0.6666666865348816,455.75,1.832311987876892,2.1638174057006836,0.077510766685009,0.22352981567382812,7.083333492279053,-0.020615186542272568,0.07818071208894253,-0.7953890562057495,0.6745521426200867,2.95206880569458,0.8166953325271606,0.5021634101867676,24.192602975666524,0.8574447631835938,0.375
0.4050184190273285,0.2540085017681122,1467.522984534,-0.008137993079435546,7.593750000000002e-05,0.1968725174665451,0.4194965362548828,0.35207033157348633,12.071893692016602,0.0416666679084301,-0.019476186484098434,39438,0.31861233711242676,0.6750431060791016,0.694929301738739,12.000879621505737,,0.7777778506278992,0.4162202775478363,1784467676.763467,0.37237319350242615,0.6517070531845093,1566,1.0833333730697632,465.67,1.9027389287948608,2.1739890575408936,0.08131909370422363,0.22370652854442596,8.875,-0.027874965220689774,0.06671645827591419,-0.8005965948104858,0.6758884191513062,2.9827494621276855,0.8344196081161499,0.5937175154685974,24.462082636356353,0.8610286712646484,0.5416666865348816
0.4022037982940674,0.23863479495048523,1469.976423739,-0.008761881315149368,0.00011390625000000003,0.17680421471595764,0.41634401679039,0.3121378421783447,11.682459831237793,0.0,-0.020377160981297493,39310,0.3046407699584961,0.6433102488517761,0.6904858350753784,12.008427000045776,,0.7777778506278992,0.4135618209838867,1784467679.3719294,0.3723684847354889,0.6485552787780762,1567,1.0416667461395264,468.33,1.9065334796905518,2.196094036102295,0.0784439966082573,0.2239082157611847,7.083333492279053,-0.023557214066386223,0.050641907192766664,-0.7964931726455688,0.675602376461029,2.952310085296631,0.8330663442611694,0.5454440712928772,24.571976951360703,0.854802131652832,0.25
0.4187808632850647,0.20629934966564178,1472.58310023,-0.007463809160981327,7.593750000000004e-05,0.1482599824666977,0.433128297328949,0.342126727104187,11.91892147064209,0.0416666679084301,-0.019013315439224243,41726,0.3045198917388916,0.6170204877853394,0.7173122763633728,11.994935035705566,,0.7777778506278992,0.4110749661922455,1784467681.8285105,0.37216269969940186,0.6737785339355469,1568,0.875,470.98,1.763813853263855,2.051365613937378,0.06874574720859528,0.23078416287899017,8.291666984558105,-0.019739780575037003,0.063890546746552,-0.8217560648918152,0.675409734249115,2.9142189025878906,0.8002268671989441,0.5237331390380859,25.095536950528622,0.8877848386764526,0.0833333358168602
0.4220775365829468,0.23234586417675018,1475.091547691,-0.00861856212723069,0.00011390625000000003,0.17327909171581268,0.43674540519714355,0.3285805583000183,11.709272384643555,0.2083333432674408,-0.01864594779908657,39254,0.30971384048461914,0.6118414402008057,0.7224529981613159,11.98722219467163,,0.7777778506278992,0.40997153520584106,1784467684.4377897,0.37211671471595764,0.6779539585113525,1569,0.7083333730697632,479.57,1.7918457984924316,2.1945505142211914,0.0739997923374176,0.23026448488235474,8.458333969116211,-0.020218517631292343,0.05810169782489538,-0.8233312368392944,0.6757591962814331,2.8589885234832764,0.8078595399856567,0.4966989755630493,25.704999928325414,0.8941218852996826,0.125
0.40138334035873413,0.26664072275161743,1477.682081184,-0.007823030452709646,7.593750000000004e-05,0.21116523444652557,0.4134579598903656,0.3452730178833008,12.838709831237793,0.0833333358168602,-0.02071329951286316,40945,0.28659701347351074,0.7155395746231079,0.6870535612106323,11.992010831832886,,0.7777778506278992,0.41199609637260437,1784467686.947035,0.3721647560596466,0.6419998407363892,1570,0.9583333730697632,441.14,1.9103198051452637,2.1142377853393555,0.08511670678853989,0.21598383784294128,7.7916669845581055,-0.019778002053499222,0.07098354510962963,-0.7944483757019043,0.6752204895019531,3.141055107116699,0.8956642150878906,0.5915435552597046,22.993565483614802,0.8534260988235474,0.375
0.40467628836631775,0.2532680630683899,1480.157076029,-0.007788932215771638,7.593750000000002e-05,0.19012705981731415,0.4174884557723999,0.31915581226348877,13.119013786315918,0.0,-0.021591126918792725,39575,0.2966725826263428,0.7142540812492371,0.6910175085067749,11.990589475631714,,0.7777778506278992,0.41173920035362244,1784467689.5358357,0.3720817565917969,0.6452683210372925,1571,0.875,473.93,1.8700345754623413,2.1872878074645996,0.082112155854702,0.21379733085632324,7.125,-0.020164286717772484,0.05552785210311413,-0.803926944732666,0.6740745306015015,3.2408645153045654,0.8908247351646423,0.5886188745498657,24.901108473539352,0.8607410192489624,0.25
0.4002314507961273,0.26787590980529785,1482.710407214,-0.008497587821329944,7.593750000000002e-05,0.1985800713300705,0.41155821084976196,0.35353463888168335,12.791282653808594,0.1666666716337204,-0.021126266568899155,41458,0.29627442359924316,0.7126830816268921,0.6849114298820496,11.98492980003357,,0.7777778506278992,0.4127967357635498,1784467692.0091512,0.37206435203552246,0.6396391987800598,1572,0.9166666865348816,436.58,1.9126237630844116,2.0748775005340576,0.08349643647670746,0.21728333830833435,7.25,-0.022820111364126205,0.06974311843514443,-0.7935027480125427,0.6732280254364014,3.148315191268921,0.8798441886901855,0.5906277298927307,22.804600996971132,0.8498016595840454,0.3333333432674408
0.42155832052230835,0.23575589060783386,1485.121304319,-0.00796612903359346,7.593750000000002e-05,0.18537788093090057,0.44120270013809204,0.3132268786430359,11.329217910766602,0.1666666716337204,-0.019610673189163208,40123,0.3061802387237549,0.5876469612121582,0.7251834273338318,11.994990968704224,,0.7777778506278992,0.41431212425231934,1784467694.559426,0.37229716777801514,0.6839669942855835,1573,0.5416666865348816,461.75,1.8458020687103271,2.143834114074707,0.07593931257724762,0.23861560225486755,7.333333492279053,-0.02404649183154106,0.06419319342821836,-0.8207871317863464,0.6745260953903198,2.7900290489196777,0.8195853233337402,0.46013814210891724,24.321689587160947,0.8948156833648682,0.25
0.40519556403160095,0.25719159841537476,1487.746589321,-0.008308054025110322,0.00011390625000000003,0.20065248012542725,0.42116475105285645,0.360138475894928,11.928749084472656,0.0,-0.020124679431319237,42537,0.2913856506347656,0.6339367628097534,0.6957575082778931,11.999842357635497,,0.7777778506278992,0.41888388991355896,1784467696.9714804,0.3722001910209656,0.6522229909896851,1574,0.7083333730697632,470.84,1.8154420852661133,2.01961350440979,0.08328419923782349,0.22449159622192383,7.25,-0.021620340645313263,0.05199052933603525,-0.8022310137748718,0.6740998029708862,2.958972692489624,0.827176034450531,0.5132787227630615,24.955323331952094,0.863436222076416,0.5
0.415873259305954,0.2382875680923462,1490.320847885,-0.007407002188119805,7.593750000000004e-05,0.17632077634334564,0.4319007098674774,0.3070472478866577,12.097773551940918,0.0,-0.022153262048959732,38912,0.31033897399902344,0.6499680280685425,0.7108168601989746,11.989164972305298,,0.7777778506278992,0.41983771324157715,1784467699.5975482,0.3721889555454254,0.6684658527374268,1575,0.9583333730697632,456.38,1.8019731044769287,2.215914011001587,0.07885979115962982,0.2274460792541504,8.208333969116211,-0.02059514820575714,0.05948526132851839,-0.8202481269836426,0.673689067363739,2.933161735534668,0.8371403217315674,0.5734140872955322,24.034440212249756,0.8822469711303711,0.3333333432674408
0.4200730323791504,0.232747882604599,1492.899028487,-0.008514482839382253,0.00017085937500000006,0.16745047271251678,0.4371870458126068,0.30626657605171204,11.33698558807373,0.125,-0.020483583211898804,39790,0.31210923194885254,0.6267756223678589,0.7200627326965332,11.986669301986694,,0.7777778506278992,0.4205104112625122,1784467702.1918974,0.372048556804657,0.6768295168876648,1576,0.4166666865348816,474.34,1.7975610494613647,2.158428430557251,0.07498767971992493,0.2320028394460678,7.5416669845581055,-0.02057570219039917,0.0556917330250144,-0.8201191425323486,0.6750279664993286,2.8463103771209717,0.8175110816955566,0.5127086639404297,25.09463372156024,0.8903312683105469,0.2916666865348816
0.4014592170715332,0.23071500658988953,1495.578466042,-0.008391636679880321,0.00011390625000000006,0.17456990480422974,0.4143100678920746,0.2979997992515564,12.345779418945312,0.0416666679084301,-0.019320815801620483,40046,0.3282637596130371,0.6584048271179199,0.684962272644043,11.981043529510497,,0.7777778506278992,0.4179130792617798,1784467704.7671964,0.37201154232025146,0.6415470838546753,1577,0.9583333730697632,445.03,1.836179494857788,2.1265077590942383,0.0775049477815628,0.2121039628982544,7.4166669845581055,-0.02214832417666912,0.0603554867208004,-0.7960965037345886,0.6748541593551636,3.046950101852417,0.8621999025344849,0.5275515913963318,23.32985125914216,0.8516108393669128,0.2083333432674408
0.40591299533843994,0.24718503654003143,1498.218827443,-0.007581065307022072,7.593750000000004e-05,0.186655193567276,0.42172735929489136,0.3288729190826416,11.76130199432373,0.0416666679084301,-0.02052576094865799,38477,0.3026695251464844,0.6465286612510681,0.6969072222709656,11.984844541549682,,0.7777778506278992,0.4167354702949524,1784467707.4276464,0.3721120059490204,0.654591977596283,1578,0.9166666865348816,470.5,1.849287986755371,2.2521703243255615,0.0790838673710823,0.22129127383232117,7.875,-0.020170271396636963,0.07370145693421364,-0.7991498708724976,0.6737825274467468,2.884117603302002,0.8624057769775391,0.5489603281021118,24.795654494315386,0.862427830696106,0.375
0.42201074957847595,0.22346821427345276,1500.669364401,-0.008745943501708098,0.00011390625000000003,0.16554352641105652,0.4385228157043457,0.32371196150779724,11.443313598632812,0.0,-0.021313216537237167,38732,0.32415342330932617,0.5913217067718506,0.7247962355613708,11.98938512802124,,0.7777778506278992,0.4145127236843109,1784467710.0763302,0.3721488118171692,0.6802933216094971,1579,0.6666666865348816,481.21,1.6828927993774414,2.2138402462005615,0.07254162430763245,0.23298732936382294,8.041666984558105,-0.02332029864192009,0.05135184396058321,-0.8286306262016296,0.6733474135398865,2.8205575942993164,0.8279096484184265,0.4921444356441498,25.460459232628345,0.89646315574646,0.25
0.40735122561454773,0.24273943901062012,1503.034543083,-0.007460675347829238,7.593750000000004e-05,0.18488168716430664,0.42292213439941406,0.3346507251262665,11.818717002868652,0.0833333358168602,-0.018872341141104698,41990,0.2865164279937744,0.624902606010437,0.6978611350059509,11.986752223968505,,0.7777778506278992,0.41674765944480896,1784467712.5217974,0.3721010088920593,0.6557663679122925,1580,0.7916666865348816,447.43,1.7282381057739258,2.0545785427093506,0.07655409723520279,0.22291281819343567,7.333333492279053,-0.019832652062177658,0.057624983601272106,-0.7946308851242065,0.6730279922485352,2.847764730453491,0.8279101252555847,0.5097507834434509,23.87580253839493,0.8639416694641113,0.3333333432674408
0.41187453269958496,0.2385340929031372,1506.288917783,-0.00887331523699686,7.593750000000002e-05,0.17843326926231384,0.4274718761444092,0.3036419153213501,11.999126434326172,0.0833333358168602,-0.019922716543078423,43406,0.2993171215057373,0.6544758677482605,0.7074379920959473,11.980873394012452,,0.7777778506278992,0.4175400733947754,1784467714.8847365,0.3721177875995636,0.6643699407577515,1581,0.7083333730697632,463.05,1.8937629461288452,1.9653873443603516,0.07576072216033936,0.22803235054016113,7.125,-0.020411476492881775,0.06963921748101712,-0.8087549209594727,0.671678900718689,2.9788661003112793,0.884076714515686,0.553170919418335,24.301142054200174,0.8746749758720398,0.3333333432674408
0.40130314230918884,0.24959155917167664,1508.817365674,-0.009137450476919185,7.593750000000002e-05,0.18730700016021729,0.4160487651824951,0.34396886825561523,11.920780181884766,0.0416666679084301,-0.020477470010519028,31169,0.3014976978302002,0.653302788734436,0.68866366147995,11.977359962463378,"{'_type': 'video-file', 'sha256': 'c5da02c3f8cff1577ede1f605e338792dba9046fa59e9dfb8142e1c350dbfcc2', 'path': 'media/videos/video_1582_c5da02c3f8cff1577ede.mp4', 'size': 1409591.0}",0.7777778506278992,0.4193076491355896,1784467718.216766,0.37199002504348755,0.6452121138572693,1582,1.1666667461395264,465.79,1.809804916381836,2.8523142337799072,0.07906167954206467,0.22506801784038544,8.0,-0.024350127205252647,0.047701614536345006,-0.7934437990188599,0.6709771156311035,2.975653648376465,0.8476387858390808,0.5607049465179443,24.634072843939066,0.8539038896560669,0.25
0.4077916145324707,0.23496350646018982,1511.372913994,-0.00891174003481865,0.00017085937500000006,0.172751784324646,0.4249644875526428,0.29958856105804443,11.961631774902344,0.0,-0.02073116973042488,41608,0.2977008819580078,0.6455943584442139,0.7014193534851074,11.96631350517273,,0.7777778506278992,0.4174691140651703,1784467720.6686256,0.372013121843338,0.660554826259613,1583,1.125,446.46,1.9277875423431396,2.064879894256592,0.07447551190853119,0.2298164814710617,8.166666984558105,-0.02095807157456875,0.05930778421461582,-0.8011907935142517,0.6706807017326355,2.9439427852630615,0.8261048793792725,0.5467886328697205,23.616317544691263,0.86613929271698,0.375
0.41475945711135864,0.2472982406616211,1513.826455813,-0.007878580602118745,0.00011390625000000006,0.18559935688972473,0.43267619609832764,0.32340654730796814,11.784510612487793,0.0416666679084301,-0.01783686690032482,40045,0.304760217666626,0.6738561391830444,0.7118309736251831,11.98290433883667,,0.7777778506278992,0.4170662760734558,1784467723.226203,0.37231507897377014,0.6698216795921326,1584,0.5833333730697632,457.16,1.8049228191375732,2.150073766708374,0.08135182410478592,0.23230788111686707,8.125,-0.018292447552084923,0.06332411821931601,-0.8104532957077026,0.6705907583236694,2.8695030212402344,0.8773658275604248,0.5805619955062866,24.26617420643568,0.8808108568191528,0.4166666865348816
0.4020852744579315,0.26868486404418945,1516.427932205,-0.006896316862548701,7.593750000000004e-05,0.2015625685453415,0.41528213024139404,0.3240402638912201,11.861384391784668,0.0416666679084301,-0.02094218134880066,41873,0.2865259647369385,0.6881904602050781,0.6882645487785339,11.996568489074708,,0.7777778506278992,0.4182705581188202,1784467725.6762397,0.37235260009765625,0.6456496715545654,1585,0.9583333730697632,455.49,1.954722285270691,2.061143159866333,0.08900942653417587,0.21686312556266785,7.5416669845581055,-0.027681127190589905,0.05774893742054701,-0.7918944358825684,0.6697953939437866,3.045988082885742,0.8707549571990967,0.5637822151184082,24.190864844918252,0.853937029838562,0.625
0.40837550163269043,0.24771475791931152,1519.089909493,-0.008401563662755508,7.593750000000002e-05,0.18356341123580933,0.42350828647613525,0.3314206600189209,11.86888313293457,0.0416666679084301,-0.019368678331375122,39309,0.3046417236328125,0.6516175866127014,0.7011019587516785,11.987699508666992,,0.7777778506278992,0.41828998923301697,1784467728.2994223,0.3721970319747925,0.6575512886047363,1586,0.6666666865348816,467.23,1.6754554510116577,2.1961593627929688,0.08060198277235031,0.22594742476940155,7.5,-0.021782662719488144,0.05607342626899481,-0.8016406297683716,0.6700088381767273,2.8482470512390137,0.8615573644638062,0.5730280876159668,24.846654788032176,0.8687399625778198,0.4166666865348816
0.41890770196914673,0.22537504136562347,1521.556312191,-0.008929446712136269,7.593750000000002e-05,0.16749978065490723,0.43495747447013855,0.31176722049713135,11.449030876159668,0.0416666679084301,-0.019527459517121315,38740,0.3148014545440674,0.5759711265563965,0.719375491142273,11.99277367591858,,0.7777778506278992,0.4180704951286316,1784467730.9505684,0.3723892569541931,0.6755954027175903,1587,0.875,466.26,1.833207130432129,2.222682237625122,0.07218465209007263,0.2326563596725464,8.625,-0.019659003242850304,0.06361078713089227,-0.8199936151504517,0.6705543398857117,2.817453384399414,0.8250035643577576,0.4793701171875,24.855341638326646,0.8902686834335327,0.125
0.40198880434036255,0.2527778148651123,1523.937117806,-0.008600489661330358,7.593750000000002e-05,0.18346309661865234,0.41878271102905273,0.3292269706726074,11.917606353759766,0.0,-0.01938011683523655,41738,0.2956266403198242,0.6348311901092529,0.6918377876281738,12.009711694717407,,0.7777778506278992,0.41605401039123535,1784467733.3949986,0.37250131368637085,0.652266263961792,1588,0.9166666865348816,463.53,1.763994574546814,2.0596048831939697,0.08124352991580963,0.22497868537902832,7.458333492279053,-0.024998288601636887,0.06137752067297697,-0.7937216758728027,0.673258900642395,2.859276533126831,0.8351809978485107,0.5327801704406738,24.495599381029606,0.8573257923126221,0.4583333432674408
0.4172186255455017,0.2279413938522339,1526.527236498,-0.008394691788998898,0.00011390625000000003,0.16547833383083344,0.43021059036254883,0.3183286190032959,12.657358169555664,0.0416666679084301,-0.01849815621972084,42876,0.2895474433898926,0.6458843946456909,0.7162686586380005,11.998380899429321,,0.7777778506278992,0.414447158575058,1784467735.7872262,0.3723061680793762,0.6720547080039978,1589,0.625,477.31,1.7935962677001953,2.003199577331543,0.07504212111234665,0.2342362105846405,8.375,-0.01965436153113842,0.05611345022916794,-0.8142799139022827,0.6754042506217957,3.0154876708984375,0.8381962776184082,0.5553359985351562,25.263122613281013,0.8821930885314941,0.2916666865348816
0.41951245069503784,0.22000786662101746,1529.141537529,-0.008241225307574495,0.00011390625000000006,0.16721545159816742,0.4342424273490906,0.3580961227416992,11.087942123413086,0.125,-0.018216926604509354,39491,0.297976016998291,0.5608185529708862,0.7206277847290039,11.986982917785644,,0.7777778506278992,0.41698068380355835,1784467738.3844898,0.3721243739128113,0.6745424270629883,1590,0.625,474.98,1.750260353088379,2.191237211227417,0.07044227421283722,0.2327335774898529,7.9166669845581055,-0.020058736205101013,0.06076336745172739,-0.8227207064628601,0.6743195056915283,2.693659543991089,0.7945611476898193,0.4777485728263855,25.459462280869484,0.8903400301933289,0.25
0.40421101450920105,0.2423826903104782,1531.608758246,-0.007381369866197929,5.0625000000000024e-05,0.18985405564308167,0.4175547957420349,0.33620405197143555,12.442839622497559,0.0,-0.019585024565458298,39211,0.32360267639160156,0.6942697763442993,0.6928767561912537,11.968149662017822,,0.7777778506278992,0.41723132133483887,1784467740.9970732,0.371930867433548,0.6488169431686401,1591,1.0,455.92,1.8727229833602905,2.183444023132324,0.07970079779624939,0.22283552587032318,7.5,-0.023415913805365562,0.05780958086252212,-0.8018648028373718,0.6745221018791199,3.0637688636779785,0.8810240030288696,0.5786675214767456,23.691634372770785,0.8615193367004395,0.3333333432674408
0.41705697774887085,0.2234591245651245,1534.136475628,-0.00811746243853122,7.593750000000002e-05,0.1656695306301117,0.4326728284358978,0.31840378046035767,11.29352855682373,0.0416666679084301,-0.017566338181495667,41673,0.29575276374816895,0.6249614357948303,0.7153834104537964,11.95649299621582,,0.7777778506278992,0.41674837470054626,1784467743.4599216,0.37185239791870117,0.6717231273651123,1592,0.5833333730697632,470.07,1.6793391704559326,2.0631799697875977,0.07415178418159485,0.23300842940807343,7.5,-0.02333023026585579,0.06645752117037773,-0.818689227104187,0.6726692914962769,2.808688163757324,0.8147906064987183,0.5270156860351562,25.225226012468337,0.8857125639915466,0.25
0.40458834171295166,0.2559114396572113,1536.625126951,-0.008158067933982239,7.593750000000002e-05,0.19009026885032654,0.41734203696250916,0.33431172370910645,12.043128967285156,0.0416666679084301,-0.018042461946606636,40548,0.32102036476135254,0.6728630065917969,0.6913577914237976,11.960869884490966,,0.7777778506278992,0.41777920722961426,1784467746.0014613,0.37190741300582886,0.6488655805587769,1593,0.9166666865348816,459.86,1.8296582698822021,2.1033153533935547,0.08384668827056885,0.221552312374115,7.0,-0.02365698665380478,0.07055840492248536,-0.7956767082214355,0.6717125177383423,2.9600627422332764,0.8825735449790955,0.5716879963874817,24.24684291422367,0.8573645353317261,0.375
0.3981006145477295,0.27011919021606445,1539.211615809,-0.008667086367495358,0.00011390625000000003,0.21498563885688782,0.4121119976043701,0.29555410146713257,12.333290100097656,0.0,-0.018559155985713005,41444,0.28829240798950195,0.7216266989707947,0.6824333071708679,11.969480180740357,,0.7777778506278992,0.4175048768520355,1784467748.4775524,0.37210845947265625,0.6402300596237183,1594,0.9166666865348816,451.98,1.8784935474395752,2.083669900894165,0.08536273241043091,0.21867209672927856,7.7916669845581055,-0.021660901606082916,0.07373222075402737,-0.7848871946334839,0.6716548204421997,3.0333199501037598,0.916791558265686,0.6283003091812134,23.81259241119027,0.845425009727478,0.4583333432674408
0.395538866519928,0.257207453250885,1541.785552592,-0.007198733923723921,7.593750000000004e-05,0.1991877257823944,0.41152316331863403,0.30447033047676086,12.88276481628418,0.0416666679084301,-0.019423913210630417,39596,0.3193817138671875,0.7129772901535034,0.6795928478240967,11.98622794151306,,0.7777778506278992,0.4177798926830292,1784467751.0827863,0.3722396492958069,0.6398155689239502,1595,1.25,442.45,1.9226540327072144,2.163278341293335,0.08738330006599426,0.22143858671188354,7.625,-0.022404875606298447,0.06704888604581356,-0.7803365588188171,0.6708756685256958,3.17114520072937,0.8981609344482422,0.592747151851654,23.279681138843298,0.8412444591522217,0.375
0.4189307689666748,0.22825047373771667,1544.459489175,-0.008489340604864993,7.593750000000002e-05,0.16818666458129883,0.4363557696342468,0.33717256784439087,11.883523941040039,0.0416666679084301,-0.017613528296351433,40169,0.3223400115966797,0.6259194612503052,0.7197960615158081,11.986856508255006,,0.7777778506278992,0.4150312542915344,1784467753.6575897,0.37219786643981934,0.6766057014465332,1596,0.75,471.22,1.8279194831848145,2.1249005794525146,0.07196038961410522,0.23516300320625305,8.25,-0.02248404175043106,0.06451790519058705,-0.8138004541397095,0.6714116930961609,2.9058310985565186,0.8582582473754883,0.5158767700195312,25.313131818175314,0.8867232203483582,0.125
0.4116320013999939,0.23659968376159668,1546.847892018,-0.008541095405234955,7.593750000000002e-05,0.17896990478038788,0.42896029353141785,0.3078358769416809,11.327970504760742,0.0,-0.01833445206284523,38539,0.3133254051208496,0.6098325252532959,0.7047170400619507,11.993684768676758,,0.7777778506278992,0.4143338203430176,1784467756.3170154,0.37233954668045044,0.6651010513305664,1597,0.9166666865348816,464.61,1.7419804334640503,2.237440347671509,0.077265165746212,0.23262211680412292,7.0416669845581055,-0.022388851270079613,0.06889127977192402,-0.8019081354141235,0.6725907325744629,2.776637554168701,0.8168620467185974,0.5171554088592529,24.860942409485578,0.8720409870147705,0.4166666865348816
0.4096470773220062,0.2439790815114975,1549.420748057,-0.007480237545678392,7.593750000000002e-05,0.1896047443151474,0.4261936545372009,0.3278058171272278,12.136991500854492,0.0833333358168602,-0.018603969365358353,43112,0.2860126495361328,0.6981709003448486,0.7039338946342468,11.996302270889283,,0.7777778506278992,0.4169093370437622,1784467758.7037961,0.37227386236190796,0.6589686870574951,1598,0.9166666865348816,444.33,1.85619056224823,1.9941740036010742,0.08233137428760529,0.22495505213737488,7.208333492279053,-0.02813691459596157,0.05689724627882242,-0.8039021492004395,0.6721533536911011,3.0133056640625,0.8828489780426025,0.5704513788223267,23.525930658951403,0.8684877157211304,0.3333333432674408
0.41822606325149536,0.22763685882091522,1551.849218548,-0.00864330338081345,7.593750000000002e-05,0.1669122576713562,0.43703651428222656,0.3314865231513977,11.361006736755371,0.0416666679084301,-0.019190575927495956,39871,0.31680917739868164,0.5986952185630798,0.7199379801750183,11.98357367515564,,0.7777778506278992,0.41685646772384644,1784467761.28381,0.3721134066581726,0.6807980537414551,1599,0.7083333730697632,462.43,1.8120759725570679,2.148730516433716,0.0748349279165268,0.2358269989490509,8.416666984558105,-0.020058853551745415,0.06662392001599074,-0.8214883804321289,0.6721641421318054,2.7834556102752686,0.8115677833557129,0.5078456401824951,24.494643735289575,0.890856921672821,0.375
0.40950125455856323,0.24286936223506927,1554.506593032,-0.008070719915849622,0.00011390625000000003,0.18949085474014282,0.428353488445282,0.31110191345214844,11.998400688171387,0.0416666679084301,-0.017892662435770035,42451,0.2959256172180176,0.6244286894798279,0.7060806155204773,11.97556438446045,,0.7777778506278992,0.4195147752761841,1784467763.7050996,0.3721020519733429,0.6654644012451172,1600,0.8333333730697632,456.01,1.7632224559783936,2.0197739601135254,0.07807093858718872,0.2320900559425354,7.125,-0.021417884156107903,0.06685468964278699,-0.7980687618255615,0.6711363196372986,2.911686658859253,0.8279559016227722,0.5474345088005066,24.280317065417766,0.8688554763793945,0.3333333432674408
0.4086620807647705,0.253751277923584,1556.952610156,-0.00827732154284604,0.00011390625000000006,0.1936383694410324,0.4237227439880371,0.35293149948120117,11.683512687683105,0.0,-0.01896769367158413,38549,0.31964588165283203,0.6509604454040527,0.704195499420166,11.977230501174926,,0.7777778506278992,0.41981279850006104,1784467766.3649273,0.3721795380115509,0.6600650548934937,1601,0.625,459.51,1.8560066223144531,2.230437755584717,0.08106008172035217,0.2281559705734253,7.458333492279053,-0.019625652581453323,0.055746840126812455,-0.8092085719108582,0.6734943389892578,2.897355556488037,0.8737518787384033,0.5699321627616882,24.422605585977436,0.8711087703704834,0.5833333730697632
0.4120621085166931,0.23527100682258606,1560.170132922,-0.007152784860227257,7.593750000000004e-05,0.18720392882823944,0.4295129179954529,0.3464675843715668,12.095169067382812,0.0,-0.016919385641813278,42108,0.29442358016967773,0.6694204211235046,0.7086483836174011,11.99031834602356,,0.7777778506278992,0.42234086990356445,1784467768.8078818,0.37238216400146484,0.6648396253585815,1602,0.7916666865348816,469.86,1.8596748113632202,2.040140390396118,0.07688989490270615,0.22831766307353973,7.5416669845581055,-0.024304382503032684,0.06422807574272156,-0.8054461479187012,0.6737233996391296,2.8982486724853516,0.8859236240386963,0.5836751461029053,25.024611456394197,0.8745012283325195,0.3333333432674408
0.3961082100868225,0.26970919966697693,1562.670230626,-0.009573801336227917,7.593750000000002e-05,0.20326384902000427,0.4130936861038208,0.36814242601394653,13.332681655883789,0.0416666679084301,-0.01852402836084366,31596,0.31070876121520996,0.7454367876052856,0.6800847053527832,11.995859003067016,"{'_type': 'video-file', 'sha256': '0888032d48b639da9c2991421c2e9043513ad8be1e78e1466302069ff68cd787', 'path': 'media/videos/video_1603_0888032d48b639da9c29.mp4', 'size': 1626954.0}",0.7777778506278992,0.41958627104759216,1784467772.105619,0.37235018610954285,0.6415702700614929,1603,1.2916667461395264,452.46,2.102173089981079,2.8004844188690186,0.08797347545623779,0.21732668578624725,8.208333969116211,-0.023228704929351807,0.060734841227531436,-0.7860116958618164,0.6756340265274048,3.293822765350342,0.9260764122009277,0.6346555948257446,23.887924447655678,0.8446398973464966,0.375
0.4137152135372162,0.2326335906982422,1565.181646032,-0.008707428537309169,0.00011390625000000003,0.17672938108444214,0.43065547943115234,0.34364134073257446,11.361056327819824,0.0416666679084301,-0.018275659531354904,42305,0.29177069664001465,0.6276954412460327,0.7101321220397949,11.99662446975708,,0.7777778506278992,0.41673731803894043,1784467774.5259929,0.37247613072395325,0.6676155924797058,1604,0.6666666865348816,455.16,1.6098079681396484,2.031909704208374,0.07554569840431213,0.23026391863822937,8.166666984558105,-0.027292799204587936,0.07105818651616573,-0.8146817088127136,0.6787842512130737,2.7253987789154053,0.8262943625450134,0.5472263097763062,23.828933918699622,0.8798460960388184,0.375
0.40756773948669434,0.2452763020992279,1567.765468863,-0.00697007110575214,0.00011390625000000006,0.17873983085155487,0.4263429641723633,0.32330048084259033,12.49634838104248,0.0,-0.01889755390584469,40865,0.30031251907348633,0.665586531162262,0.6991119384765625,12.016216850280761,,0.7777778506278992,0.41881704330444336,1784467777.030403,0.37271350622177124,0.6580004692077637,1605,0.75,465.53,1.8021228313446045,2.10524320602417,0.08148050308227539,0.22432944178581238,7.833333492279053,-0.02157934010028839,0.06333694066852331,-0.7936879396438599,0.6783945560455322,3.016024112701416,0.8608040809631348,0.5760490894317627,24.61911099553108,0.863517165184021,0.5416666865348816
0.4232405126094818,0.22074344754219055,1570.375761986,-0.00805803425027989,0.00011390625000000006,0.1459856629371643,0.44042548537254333,0.30435699224472046,11.414403915405273,0.0,-0.019652269780635834,39574,0.3312194347381592,0.5962845087051392,0.7260606288909912,12.023951864242553,,0.7777778506278992,0.4177670478820801,1784467779.633121,0.3727591037750244,0.6832627654075623,1606,0.7083333730697632,467.37,1.6376270055770874,2.1528241634368896,0.07172509282827377,0.24086730182170868,7.5416669845581055,-0.02727561444044113,0.07045125402510166,-0.8297027349472046,0.6788925528526306,2.7754082679748535,0.8010916709899902,0.5008399486541748,24.748019147217274,0.8986005783081055,0.2916666865348816
0.4090507924556732,0.2452332228422165,1572.889859027,-0.0067855256609618666,7.593750000000004e-05,0.19085341691970825,0.429185152053833,0.3267528712749481,11.711784362792969,0.0,-0.0182737298309803,39491,0.2957143783569336,0.6241008043289185,0.7046524882316589,12.036575508117675,,0.7777778506278992,0.4166049361228943,1784467782.2281053,0.3729932904243469,0.6626206636428833,1607,0.9583333730697632,474.82,1.8684585094451904,2.1935064792633057,0.07915065437555313,0.2321876734495163,7.458333492279053,-0.02514806017279625,0.07794200591742992,-0.7983642816543579,0.6784998178482056,2.941640853881836,0.8773430585861206,0.5145806074142456,25.562579317092897,0.8685519099235535,0.3333333432674408
0.40275344252586365,0.2504708766937256,1575.471204828,-0.008883922989480198,0.00011390625000000003,0.19106535613536835,0.42200589179992676,0.314538836479187,11.913610458374023,0.0416666679084301,-0.019126607105135918,40753,0.2882661819458008,0.664165735244751,0.6929998397827148,12.05817003250122,,0.7777778506278992,0.4165118336677551,1784467784.739492,0.373229444026947,0.6526057124137878,1608,1.1666667461395264,460.41,1.7720332145690918,2.1239070892333984,0.07978431135416031,0.22251451015472412,8.458333969116211,-0.024430058896541595,0.06373385973274708,-0.7884587645530701,0.6776649355888367,2.884371280670166,0.8680462837219238,0.562592625617981,24.348715262413023,0.8563671112060547,0.5
0.41252702474594116,0.25433406233787537,1578.158687519,-0.008401105491793714,0.00011390625000000006,0.18757757544517517,0.42991524934768677,0.2993193566799164,11.941554069519043,0.0416666679084301,-0.017919160425662994,39622,0.29714417457580566,0.6550228595733643,0.7079975605010986,12.055975246429444,,0.7777778506278992,0.4170975685119629,1784467787.328877,0.3731537163257599,0.6685623526573181,1609,0.6666666865348816,471.75,1.8463119268417358,2.1838977336883545,0.0818127915263176,0.23396389186382294,7.4166669845581055,-0.02737361751496792,0.06347751691937446,-0.8060870170593262,0.6784920692443848,2.950554609298706,0.9029791355133057,0.5396069288253784,25.059992051124574,0.8738150596618652,0.375
0.4123736619949341,0.25050413608551025,1580.816170947,-0.008182655298151075,7.593750000000004e-05,0.1861262321472168,0.4332052171230316,0.3589046001434326,11.457496643066406,0.0,-0.018185731023550034,38158,0.31711649894714355,0.6553987264633179,0.7095886468887329,12.053269338607787,,0.7777778506278992,0.41991373896598816,1784467790.0211875,0.37305060029029846,0.6723026037216187,1610,0.6666666865348816,469.78,1.946049690246582,2.2590715885162354,0.08286416530609131,0.23311755061149597,8.166666984558105,-0.02812202088534832,0.05907112248241901,-0.8041447401046753,0.6776663064956665,2.894739866256714,0.853652834892273,0.5634634494781494,25.339601117372514,0.876422643661499,0.4583333432674408
0.39816880226135254,0.24536852538585663,1583.403066183,-0.008555302937747911,7.593750000000002e-05,0.18914946913719177,0.41584116220474243,0.3457527756690979,12.168363571166992,0.1666666716337204,-0.0184975303709507,38700,0.31620168685913086,0.654287576675415,0.6842993497848511,12.046663999557495,,0.7777778506278992,0.42116862535476685,1784467792.6950493,0.37300974130630493,0.6453086137771606,1611,0.7916666865348816,441.98,1.97129225730896,2.2238945960998535,0.07935827225446701,0.22229459881782532,7.583333492279053,-0.02432887814939022,0.07194261364638806,-0.7831592559814453,0.6796895861625671,3.0362982749938965,0.87284255027771,0.5424591302871704,23.482638726457953,0.8467737436294556,0.4166666865348816
0.3996419608592987,0.25387218594551086,1586.118065192,-0.008965105592506007,0.00011390625000000003,0.19266840815544128,0.41605350375175476,0.33627161383628845,11.967257499694824,0.0,-0.017317814752459526,40077,0.3108832836151123,0.6682308912277222,0.6856778860092163,12.048590564727784,,0.7777778506278992,0.4190158247947693,1784467795.271146,0.3730226755142212,0.6471099853515625,1612,1.25,454.79,1.8781766891479492,2.141950845718384,0.08260152488946915,0.22319629788398743,7.458333492279053,-0.02697168104350567,0.06720297001302242,-0.7852765917778015,0.6823910474777222,2.9847798347473145,0.8569743633270264,0.5681456327438354,24.02267987821251,0.8505375385284424,0.4583333432674408
0.4068809151649475,0.24873052537441254,1588.576752258,-0.007054336450528354,7.593750000000004e-05,0.1851639598608017,0.4242587089538574,0.3152092397212982,11.525650024414062,0.0833333358168602,-0.018519319593906403,37857,0.31801748275756836,0.6354864835739136,0.6977083086967468,12.052816343307494,,0.7777778506278992,0.4188353419303894,1784467797.9722185,0.37309321761131287,0.6578355431556702,1613,0.7916666865348816,455.43,1.9125776290893555,2.2786450386047363,0.08296048641204834,0.22889666259288788,6.958333492279053,-0.02647743746638298,0.06804223451763391,-0.7960247993469238,0.6830841302871704,2.9049453735351562,0.8688921332359314,0.5175951719284058,24.179327955543997,0.8642538785934448,0.5416666865348816
0.41843780875205994,0.2258683443069458,1591.173670848,-0.008692471173708327,0.00011390625000000003,0.16707830131053925,0.43443018198013306,0.3419343829154968,11.360827445983887,0.0,-0.019337324425578117,41804,0.2958376407623291,0.6366750001907349,0.7159144878387451,12.050903701782227,,0.7777778506278992,0.41881856322288513,1784467800.4309165,0.3730347156524658,0.6755756139755249,1614,0.4166666865348816,474.25,1.7185020446777344,2.055662155151367,0.07593109458684921,0.23204073309898376,7.208333492279053,-0.018084168434143066,0.051295827887952325,-0.8302041292190552,0.6832696795463562,2.7715587615966797,0.8030375838279724,0.5452721118927002,24.86118063926697,0.8921937942504883,0.4583333432674408
0.40640518069267273,0.23857080936431885,1593.778269071,-0.008604792668484152,7.593750000000004e-05,0.18009178340435028,0.4243273437023163,0.3797011375427246,11.097677230834961,0.0416666679084301,-0.020545490086078644,39438,0.31588053703308105,0.6337422132492065,0.6960598826408386,12.044732189178466,,0.7777778506278992,0.4213067889213562,1784467803.0292873,0.37299102544784546,0.6589750647544861,1615,0.625,455.41,1.7798833847045898,2.1767029762268066,0.07789012789726257,0.23501208424568176,7.625,-0.023893071338534355,0.060794530622661117,-0.8008116483688354,0.6831912398338318,2.7861697673797607,0.8282022476196289,0.5603420734405518,24.062685116231442,0.8648667335510254,0.5
0.41206595301628113,0.24981212615966797,1596.302063207,-0.009061455156188458,0.00011390625000000003,0.18864791095256805,0.42890191078186035,0.31408217549324036,11.948602676391602,0.0416666679084301,-0.02103305421769619,39328,0.31511354446411133,0.6411595344543457,0.7036689519882202,12.037335729598999,,0.7777778506278992,0.42049312591552734,1784467805.6433399,0.3727530837059021,0.6654837131500244,1616,0.8333333730697632,481.82,1.8044670820236206,2.1844310760498047,0.0792555883526802,0.23404598236083984,8.083333969116211,-0.02069305256009102,0.058785962872207165,-0.8122045397758484,0.6857399344444275,2.953608274459839,0.8603489398956299,0.546795129776001,25.56195344388485,0.8754590749740601,0.2916666865348816
0.4174118936061859,0.24405965209007263,1598.886890184,-0.007783804222708568,7.593750000000004e-05,0.17243191599845886,0.434051513671875,0.3412054777145386,11.769195556640625,0.0416666679084301,-0.019323645159602165,40861,0.28923726081848145,0.6707474589347839,0.7125207781791687,12.018812990188598,,0.7777778506278992,0.41942429542541504,1784467808.1523242,0.3725654184818268,0.6712579727172852,1617,0.5833333730697632,475.48,1.749044418334961,2.116523265838623,0.07605202496051788,0.22925588488578796,8.083333969116211,-0.027122270315885544,0.06085711177438498,-0.8183697462081909,0.6865010261535645,2.9037318229675293,0.8322304487228394,0.576625406742096,25.030012829303743,0.8869004249572754,0.4166666865348816
0.4193929135799408,0.21336053311824799,1601.475212008,-0.008309255341009703,0.00011390625000000003,0.15090860426425934,0.43763312697410583,0.3404579162597656,10.656070709228516,0.0,-0.02037116140127182,39597,0.3200995922088623,0.5469001531600952,0.7172123789787292,12.002701473236083,,0.7777778506278992,0.42101502418518066,1784467810.7516708,0.3723374605178833,0.6786118745803833,1618,0.5416666865348816,476.54,1.627593994140625,2.162489891052246,0.07046552002429962,0.23042520880699158,7.375,-0.024140162393450737,0.054713147692382336,-0.8240776062011719,0.6867896914482117,2.5875489711761475,0.7821289896965027,0.4758076071739197,24.920255013108253,0.8930491209030151,0.4583333432674408
0.41737931966781616,0.251039981842041,1604.114968953,-0.007745549744868185,0.00011390625000000006,0.18673408031463623,0.4370351731777191,0.3251388370990753,12.488863945007324,0.0833333358168602,-0.020287521183490753,39845,0.3189816474914551,0.690994918346405,0.715808629989624,11.988703489303589,,0.7777778506278992,0.41906195878982544,1784467813.3409173,0.37219861149787903,0.6763666868209839,1619,0.9166666865348816,456.49,1.9582651853561401,2.1481239795684814,0.0780392438173294,0.23677384853363037,7.833333492279053,-0.02638567052781582,0.06808009967207909,-0.8169093132019043,0.6896857023239136,3.1462724208831787,0.8851280212402344,0.5747816562652588,24.285324854552744,0.8856254816055298,0.2916666865348816
0.41362470388412476,0.23853175342082977,1606.620121088,-0.006138656823895872,5.0625000000000024e-05,0.18237344920635223,0.43047580122947693,0.30424463748931885,11.637855529785156,0.0,-0.02003267966210842,39011,0.3038175106048584,0.6272048354148865,0.7072607278823853,11.977212238311768,,0.7777778506278992,0.4189475476741791,1784467815.9718018,0.37206408381462097,0.669163703918457,1620,0.5833333730697632,466.14,1.7226972579956055,2.216074228286743,0.0775897204875946,0.23393642902374268,8.083333969116211,-0.020049063488841057,0.065150448679924,-0.8131489753723145,0.6895422339439392,2.8863332271575928,0.8309957385063171,0.5168248414993286,24.912134585827587,0.8797968626022339,0.5
0.4060114324092865,0.2505350112915039,1609.192515748,-0.008668601594399661,0.00011390625000000005,0.18864929676055908,0.4213413596153259,0.3007356524467468,12.039175033569336,0.0416666679084301,-0.0202083270996809,41008,0.29354357719421387,0.6705164313316345,0.6942569613456726,11.967646980285645,,0.7777778506278992,0.41942164301872253,1784467818.4646044,0.3719264566898346,0.6551026701927185,1621,1.2083333730697632,459.78,1.818041205406189,2.1036438941955566,0.07845639437437057,0.2280297577381134,7.2916669845581055,-0.020360659807920456,0.06708998456597329,-0.7997244596481323,0.6884489059448242,2.9923653602600098,0.8807463645935059,0.559795618057251,24.479086899161338,0.8630338907241821,0.125
0.41120433807373047,0.23153901100158691,1612.470440916,-0.008496509783435613,7.593750000000004e-05,0.17251770198345184,0.42748433351516724,0.35300227999687195,10.972721099853516,0.0,-0.018866267055273056,39675,0.3091714382171631,0.5665890574455261,0.7044011354446411,11.957253742218018,,0.7777778506278992,0.4211251735687256,1784467821.047068,0.37180301547050476,0.6641218662261963,1622,0.875,472.52,1.6797981262207031,2.1684999465942383,0.07510904967784882,0.2314889281988144,7.458333492279053,-0.023086484521627426,0.05830793511122465,-0.8042554259300232,0.6890182495117188,2.7104556560516357,0.811090886592865,0.4740837514400482,24.95048178076744,0.8741316795349121,0.2916666865348816
0.4026217460632324,0.2637844979763031,1615.154986963,-0.008520630694692954,0.00011390625000000003,0.21235015988349915,0.4211779534816742,0.34128040075302124,12.302627563476562,0.0833333358168602,-0.018527528271079063,30985,0.326474666595459,0.6534565687179565,0.690165638923645,11.948038148880006,"{'sha256': '6f7239f5a7b54cc0aa4fab43e6afe98c6a71a0d5c4c13dbb95fdd76ba597622c', 'path': 'media/videos/video_1623_6f7239f5a7b54cc0aa4f.mp4', 'size': 1558217.0, '_type': 'video-file'}",0.7777778506278992,0.423226535320282,1784467824.4179294,0.3717254102230072,0.651991605758667,1623,0.8333333730697632,465.84,1.8032476902008057,2.8460912704467773,0.08285805583000183,0.22189906239509583,7.1666669845581055,-0.023431193083524704,0.06010812725871802,-0.792949378490448,0.688466489315033,3.0400376319885254,0.9119481444358826,0.5402552485466003,24.55462808519602,0.8574206233024597,0.4166666865348816
0.4167867600917816,0.22935692965984344,1617.669152383,-0.00777893130434677,7.593750000000004e-05,0.172988623380661,0.4355246424674988,0.33026906847953796,11.432777404785156,0.0,-0.01972426101565361,39401,0.3176693916320801,0.6445208787918091,0.7139548063278198,11.944330406188964,,0.7777778506278992,0.42468613386154175,1784467827.0113297,0.37169572710990906,0.6743752956390381,1624,0.5833333730697632,464.4,1.8521145582199097,2.17724871635437,0.07521522045135498,0.23486754298210144,8.458333969116211,-0.026399604976177216,0.06815237030386925,-0.8138634562492371,0.6886205673217773,2.812542676925659,0.8337997198104858,0.5361210107803345,24.905666338726878,0.8865973353385925,0.4166666865348816
0.4018745422363281,0.2347126007080078,1620.257308264,-0.008524360868614167,0.00011390625000000003,0.1700781285762787,0.41947755217552185,0.3066595792770386,12.065074920654297,0.0,-0.020497964695096016,40859,0.28434038162231445,0.633073091506958,0.6873486042022705,11.939578437805176,,0.7777778506278992,0.4250122904777527,1784467829.5175588,0.37164533138275146,0.6484823226928711,1625,0.875,470.58,1.6838860511779785,2.121567726135254,0.07709483802318573,0.2223389595746994,7.625,-0.02467004954814911,0.06291766054928302,-0.7927079200744629,0.6874244213104248,2.909104824066162,0.8357075452804565,0.5233157277107239,25.003242346048356,0.8554999232292175,0.3333333432674408
0.4124828279018402,0.22870197892189026,1622.769690234,-0.00743691426081341,7.593750000000004e-05,0.1718783974647522,0.42987295985221863,0.32546573877334595,11.913508415222168,0.0416666679084301,-0.019441906362771988,39495,0.3252842426300049,0.6389249563217163,0.7057830095291138,11.942208862304687,,0.7777778506278992,0.4248591363430023,1784467832.1313322,0.3716488182544708,0.6673264503479004,1626,0.875,462.52,1.757500410079956,2.1636993885040283,0.07584342360496521,0.23029839992523193,7.6666669845581055,-0.027016280218958855,0.07681830525398255,-0.8097032308578491,0.6871396899223328,2.8819093704223633,0.8340631723403931,0.5395819544792175,24.307560247033834,0.8771828413009644,0.2083333432674408
0.4151934087276459,0.243639275431633,1625.339627281,-0.008379547006916255,0.00011390625000000003,0.18321357667446136,0.4342498779296875,0.2871992290019989,12.046905517578125,0.0416666679084301,-0.020007474347949028,41171,0.297527551651001,0.6556539535522461,0.7116777300834656,11.933961200714112,,0.7777778506278992,0.42168110609054565,1784467834.6192412,0.37147054076194763,0.6717783808708191,1627,1.0,472.52,1.8792214393615723,2.090156078338623,0.07892397791147232,0.2280186116695404,7.458333492279053,-0.022599181160330772,0.04882039204239845,-0.8098597526550293,0.6888666152954102,2.9681098461151123,0.8510205745697021,0.5409852862358093,25.297966713011263,0.8821688890457153,0.4166666865348816
0.41392406821250916,0.23052792251110077,1627.86520817,-0.0080709011584986,7.593750000000004e-05,0.17294955253601074,0.43134015798568726,0.34495991468429565,11.972188949584961,0.0,-0.019211404025554657,39821,0.32761693000793457,0.6076359748840332,0.7073666453361511,11.924015188217163,,0.7777778506278992,0.4186452329158783,1784467837.2096255,0.3714730739593506,0.6650146245956421,1628,0.7916666865348816,471.16,1.93967604637146,2.1409878730773926,0.07187096774578094,0.22902485728263855,7.833333492279053,-0.025163762271404266,0.0684831466525793,-0.8058080077171326,0.6906203627586365,2.9448280334472656,0.8415299654006958,0.4967413544654846,24.78036314278841,0.8774681091308594,0.2916666865348816
0.41393882036209106,0.23692326247692108,1630.475707572,-0.008024984018993564,0.00011390625000000003,0.1681530922651291,0.43522152304649353,0.3590090274810791,11.325798034667969,0.0416666679084301,-0.01906682923436165,40880,0.2828230857849121,0.6273485422134399,0.7091435194015503,11.935768222808838,,0.7777778506278992,0.4167931079864502,1784467839.7156491,0.3717481195926666,0.6694161295890808,1629,0.75,456.25,1.6958621740341187,2.121844530105591,0.07555904239416122,0.22385255992412567,8.333333969116211,-0.02347787469625473,0.07105010375380516,-0.8035658597946167,0.6903566718101501,2.847012996673584,0.8274492025375366,0.5234679579734802,24.214148525595665,0.8773285746574402,0.4166666865348816
0.4091193377971649,0.2372376024723053,1632.951918656,-0.007492868330155033,7.593750000000004e-05,0.17068210244178772,0.42703089118003845,0.3500603139400482,11.359118461608887,0.0416666679084301,-0.0188886858522892,39190,0.310957670211792,0.608119010925293,0.6994574069976807,11.956240367889404,,0.7777778506278992,0.41652148962020874,1784467842.3410597,0.37191686034202576,0.6617118120193481,1630,0.75,464.46,1.7479934692382812,2.197387933731079,0.07558298110961914,0.22043578326702118,7.4166669845581055,-0.027551939710974693,0.07027795277535916,-0.7972837686538696,0.6905443072319031,2.8478832244873047,0.834102988243103,0.5261890292167664,24.70661710575223,0.8694391250610352,0.3333333432674408
0.3983151912689209,0.2823246121406555,1635.327549559,-0.008524433779530226,7.593750000000002e-05,0.22230510413646698,0.4164525866508484,0.3211543560028076,12.065933227539062,0.1666666716337204,-0.019466418772935867,41656,0.2907230854034424,0.6770831942558289,0.6821988821029663,11.949234771728516,,0.7777778506278992,0.4174482226371765,1784467844.8046603,0.37179628014564514,0.646403968334198,1631,0.8333333730697632,449.11,1.9166768789291382,2.0691232681274414,0.08641058206558228,0.2247767448425293,8.958333969116211,-0.02348102629184723,0.06946036256849766,-0.7749584913253784,0.6926247477531433,3.048413038253784,0.8833240866661072,0.5805339217185974,23.64539218723774,0.8452696800231934,0.6666666865348816
0.40214380621910095,0.24312055110931396,1637.9442638,-0.007637493409856688,5.062500000000002e-05,0.1808129996061325,0.4199545383453369,0.34634050726890564,11.675804138183594,0.0833333358168602,-0.019497543573379517,43254,0.28806591033935547,0.5901985168457031,0.6870589256286621,11.951059770584106,,0.7777778506278992,0.4186844825744629,1784467847.181966,0.37190160155296326,0.6498701572418213,1632,0.7916666865348816,459.29,1.7480968236923218,1.984605073928833,0.07917410880327225,0.2197589874267578,7.0,-0.019263077527284622,0.0638500651344657,-0.7844502925872803,0.6950926780700684,2.822465419769287,0.8375927805900574,0.48949337005615234,24.414304465949535,0.854911208152771,0.3333333432674408
0.40748757123947144,0.24662910401821136,1640.390274688,-0.008214834157843142,7.593750000000002e-05,0.1767396628856659,0.42537981271743774,0.29613980650901794,11.666933059692383,0.0416666679084301,-0.02044503390789032,39136,0.3087644577026367,0.6344690322875977,0.6995158195495605,11.95764355659485,,0.7777778506278992,0.4214164912700653,1784467849.8066306,0.37195947766304016,0.6604005694389343,1633,1.125,449.86,1.8064484596252441,2.203054904937744,0.07729407399892807,0.22885696589946747,7.7916669845581055,-0.02386818826198578,0.0686427690088749,-0.801819920539856,0.6949900388717651,2.9058403968811035,0.8446855545043945,0.5251743793487549,23.78904535442591,0.8684963583946228,0.4166666865348816
0.4071734845638275,0.25714045763015747,1642.975999266,-0.00886912498390302,0.00011390625000000003,0.1899396777153015,0.4252549111843109,0.36070364713668823,12.081228256225586,0.0,-0.01994236186146736,42159,0.3035163879394531,0.6616857051849365,0.6971582174301147,11.957780742645264,,0.7777778506278992,0.42194947600364685,1784467852.2459536,0.37195271253585815,0.658211886882782,1634,0.875,467.42,1.8589348793029785,2.028184413909912,0.08284057676792145,0.22574174404144287,7.6666669845581055,-0.023306623101234436,0.061007047444581984,-0.7941970825195312,0.6951512098312378,3.0024917125701904,0.8368174433708191,0.5560697317123413,24.764190136007965,0.8646056056022644,0.5416666865348816
0.41237184405326843,0.2412438839673996,1645.409185281,-0.009526529436698183,7.593750000000002e-05,0.17881670594215393,0.43100929260253906,0.3034188151359558,11.544464111328125,0.0416666679084301,-0.020120523869991302,39654,0.2963724136352539,0.6446618437767029,0.7070783376693726,11.958902645111085,,0.7777778506278992,0.42177075147628784,1784467854.8403177,0.3719685971736908,0.6650813817977905,1635,0.7916666865348816,460.95,1.8711724281311035,2.182630777359009,0.07561710476875305,0.2297477424144745,7.458333492279053,-0.02550831064581871,0.06401695553213357,-0.8013945817947388,0.6971566677093506,2.9123172760009766,0.8387316465377808,0.5264246463775635,24.54385559823364,0.8748648166656494,0.2083333432674408
0.41180381178855896,0.22697409987449646,1648.035413667,-0.008977527930255746,7.593750000000002e-05,0.16873882710933685,0.4295254647731781,0.34041690826416016,11.446097373962402,0.0416666679084301,-0.019836142659187317,42399,0.2946281433105469,0.5812869668006897,0.7058718204498291,11.954551124572754,,0.7777778506278992,0.4239039421081543,1784467857.2599163,0.3718898296356201,0.6656324863433838,1636,0.7083333730697632,470.04,1.70530104637146,2.023909568786621,0.07288286089897156,0.2245192527770996,7.4166669845581055,-0.02231263369321823,0.04980996679514647,-0.8094691634178162,0.6977326273918152,2.8110904693603516,0.7920107245445251,0.4859093427658081,25.05791866876185,0.8778051137924194,0.25
0.4200875759124756,0.21324512362480164,1650.698451362,-0.00793772607758001,7.593750000000002e-05,0.15840671956539154,0.4395352303981781,0.33080655336380005,11.253439903259277,0.0,-0.02100270614027977,38931,0.31664395332336426,0.5663110017776489,0.7199866771697998,11.948770713806152,,0.7777778506278992,0.424028217792511,1784467859.886543,0.3718358278274536,0.679252564907074,1637,0.625,460.69,1.7185313701629639,2.208435535430908,0.06968705356121063,0.23286846280097961,7.833333492279053,-0.026376105844974518,0.057746218703687194,-0.8193403482437134,0.6979717016220093,2.7849669456481934,0.8049156069755554,0.46467775106430054,24.59348237335682,0.8916074633598328,0.1666666716337204
0.4110012650489807,0.2433292120695114,1653.291827137,-0.0074849405296845365,7.593750000000002e-05,0.18043027818202972,0.43234574794769287,0.33123499155044556,12.198806762695312,0.0,-0.019513525068759918,38393,0.3144652843475342,0.6422380805015564,0.7056808471679688,11.949018955230713,,0.7777778506278992,0.42376694083213806,1784467862.5585058,0.3718582093715668,0.6669597625732422,1638,1.0416667461395264,453.63,1.9165538549423218,2.2459349632263184,0.0774344950914383,0.22988471388816833,8.416666984558105,-0.026148956269025803,0.059243368543684484,-0.801772952079773,0.6973682641983032,3.0207438468933105,0.8406610488891602,0.5421855449676514,24.499227018281818,0.8750261068344116,0.25
0.41912001371383667,0.230952188372612,1655.834734482,-0.008097843831637874,7.593750000000002e-05,0.1786574125289917,0.4373757243156433,0.3301050662994385,11.827432632446289,0.0,-0.01869879476726055,39616,0.31044530868530273,0.603320837020874,0.7173826694488525,11.955698251724243,,0.7777778506278992,0.4257114827632904,1784467865.1597834,0.3719998002052307,0.6766058802604675,1639,0.5416666865348816,457.8,1.741403579711914,2.1709678173065186,0.07517576217651367,0.23940405249595642,7.208333492279053,-0.022160036489367485,0.06606491841375828,-0.8114871978759766,0.695096492767334,2.8256194591522217,0.8197572231292725,0.5245375633239746,24.55942218825221,0.8869746923446655,0.4166666865348816
0.41473788022994995,0.2383991926908493,1658.300590938,-0.008810279277713561,0.00011390625000000003,0.17433516681194305,0.43311652541160583,0.31183671951293945,11.743947982788086,0.0416666679084301,-0.01839793100953102,40551,0.299208402633667,0.6684200763702393,0.7103402018547058,11.96753830909729,,0.7777778506278992,0.42815399169921875,1784467867.6845024,0.37209582328796387,0.6706187129020691,1640,0.9166666865348816,475.01,1.8157131671905518,2.1249849796295166,0.07650312781333923,0.22981952130794525,7.4166669845581055,-0.026168007403612137,0.06038279440253973,-0.8112797737121582,0.6936521530151367,2.916715145111084,0.8353165984153748,0.5540310144424438,25.017556205242872,0.8822493553161621,0.1666666716337204
0.42293795943260193,0.22470927238464355,1660.83929636,-0.006883532123174519,5.0625000000000024e-05,0.16576319932937622,0.44178149104118347,0.3189987540245056,10.7494535446167,0.0416666679084301,-0.016716253012418747,41538,0.2898252010345459,0.6105002760887146,0.7232481837272644,11.96754412651062,,0.7777778506278992,0.4273175597190857,1784467870.1517203,0.372050940990448,0.6855921149253845,1641,0.5416666865348816,470.05,1.6668014526367188,2.0767292976379395,0.07353450357913971,0.23689399659633636,8.375,-0.02948577329516411,0.06165640633553267,-0.815467357635498,0.6950516104698181,2.724456548690796,0.7999939322471619,0.5038045644760132,25.276423203647138,0.8955783247947693,0.3333333432674408
0.41057801246643066,0.25056391954421997,1663.369740284,-0.008439694817934652,0.00011390625000000005,0.18364763259887695,0.42759430408477783,0.31076425313949585,11.60521125793457,0.0,-0.019985731691122055,40337,0.2849411964416504,0.6504492163658142,0.7025378942489624,11.952301359176635,,0.7777778506278992,0.4262107312679291,1784467872.6904724,0.37177619338035583,0.6644713878631592,1642,0.7916666865348816,466.45,1.7616345882415771,2.15209698677063,0.07988464087247849,0.22860249876976013,7.1666669845581055,-0.02404172718524933,0.05462042465806007,-0.8038381338119507,0.6957038640975952,2.9168128967285156,0.869455099105835,0.5685563087463379,24.95495552137494,0.87455815076828,0.4166666865348816
0.41182923316955566,0.2364441156387329,1666.68159788,-0.0076056904974393545,0.00011390625000000006,0.1671641767024994,0.4316713809967041,0.32455307245254517,11.657644271850586,0.0,-0.01858208142220974,40478,0.2915029525756836,0.6158615946769714,0.7080942988395691,11.928595590591431,,0.7777778506278992,0.4267161786556244,1784467875.2230074,0.3715650737285614,0.6684577465057373,1643,0.7916666865348816,464.57,1.7955511808395386,2.137042284011841,0.07408313453197479,0.23273377120494843,7.4166669845581055,-0.028389310464262962,0.05700487587600946,-0.8003283739089966,0.6947975158691406,2.8930673599243164,0.831886887550354,0.5185880661010742,25.070640907883643,0.8755723237991333,0.3333333432674408
0.4136797785758972,0.22929072380065918,1669.228188958,-0.007159135228721425,7.593750000000004e-05,0.16233301162719727,0.43440327048301697,0.3328167498111725,11.52175521850586,0.0416666679084301,-0.017281517386436462,30662,0.31226396560668945,0.5933429002761841,0.7097348570823669,11.918491077423095,"{'_type': 'video-file', 'sha256': '9750843cf7c188e8290997930afe38c08aba224d2adaf9757c0a63c473d56de6', 'path': 'media/videos/video_1644_9750843cf7c188e82909.mp4', 'size': 1609322.0}",0.7777778506278992,0.4266149401664734,1784467878.6144128,0.371444970369339,0.6712274551391602,1644,0.5,485.1,1.6587257385253906,2.8937230110168457,0.07252980023622513,0.22935733199119568,7.375,-0.02182180993258953,0.050094880349934104,-0.8016009330749512,0.6944155693054199,2.8390281200408936,0.8162896037101746,0.5165905952453613,26.03707145228982,0.8799704313278198,0.2916666865348816
0.4088056981563568,0.23006883263587952,1671.794315203,-0.008590760151855647,0.00011390625000000003,0.1686248481273651,0.4289834499359131,0.33045831322669983,11.81546401977539,0.0,-0.0170900821685791,41407,0.2956709861755371,0.6357131004333496,0.7003523111343384,11.90743932723999,,0.7777778506278992,0.4261366128921509,1784467881.0778599,0.3713749051094055,0.6621251702308655,1645,0.875,461.67,1.8295972347259521,2.0784082412719727,0.07534512877464294,0.22778701782226562,8.166666984558105,-0.02384517714381218,0.06298282705247402,-0.7954241633415222,0.6953243017196655,2.9036872386932373,0.8225337266921997,0.5235186219215393,24.54329627133906,0.8697116374969482,0.25
0.42431220412254333,0.21431520581245422,1674.21978333,-0.007372021491028136,7.593750000000004e-05,0.15437647700309753,0.4446680545806885,0.34266936779022217,11.10545539855957,0.0416666679084301,-0.018528681248426437,39854,0.3087944984436035,0.5863789916038513,0.7280255556106567,11.908885765075684,,0.7777778506278992,0.4264861047267914,1784467883.6526012,0.37138673663139343,0.687413215637207,1646,0.5833333730697632,471.68,1.6809343099594116,2.1577539443969727,0.06814809888601303,0.23302733898162842,7.75,-0.02582978829741478,0.05528729576617479,-0.8244991302490234,0.6953763365745544,2.698002815246582,0.8014707565307617,0.525600790977478,25.120495556592942,0.9030291438102722,0.2083333432674408
0.4114115238189697,0.23365983366966248,1676.841426834,-0.00785910855338443,0.00011390625000000003,0.17405888438224792,0.42829036712646484,0.3571974039077759,11.404989242553711,0.0,-0.01957659423351288,42395,0.2951369285583496,0.6382460594177246,0.7044944763183594,11.912208986282348,,0.7777778506278992,0.42759427428245544,1784467886.0633664,0.3714658319950104,0.6633696556091309,1647,0.7916666865348816,463.38,1.8165960311889648,2.023608684539795,0.07473579049110413,0.2337343692779541,8.458333969116211,-0.024947231635451317,0.056924652121961114,-0.8076547384262085,0.6942991018295288,2.8002328872680664,0.8339012861251831,0.5361602306365967,24.444254661202432,0.877038836479187,0.3333333432674408
0.409353107213974,0.2342558354139328,1679.289882438,-0.007725984003627673,7.593750000000004e-05,0.16879872977733612,0.4291815161705017,0.3176223635673523,11.552050590515137,0.0416666679084301,-0.01723482832312584,38882,0.30802226066589355,0.6325365304946899,0.7013813257217407,11.914097309112549,,0.7777778506278992,0.4288012683391571,1784467888.699566,0.37146979570388794,0.6615103483200073,1648,0.7083333730697632,448.01,1.8661277294158936,2.22023868560791,0.07420662045478821,0.22565403580665588,6.875,-0.022212211042642593,0.056231938488781455,-0.7919244170188904,0.6931929588317871,2.888397693634033,0.8592163920402527,0.5175471901893616,23.79629740687087,0.8684496283531189,0.2083333432674408
0.42258843779563904,0.20675429701805115,1681.862784748,-0.007475719467038289,7.593750000000002e-05,0.15077467262744904,0.4459831416606903,0.34488916397094727,10.79108715057373,0.0,-0.016312886029481888,42062,0.30016589164733887,0.5330227613449097,0.7257992029190063,11.908690309524536,,0.7777778506278992,0.428803414106369,1784467891.1473227,0.3713732361793518,0.6868256330490112,1649,0.5833333730697632,471.83,1.5743240118026733,2.036904811859131,0.0680915117263794,0.2291371077299118,7.9166669845581055,-0.023042723536491394,0.04979739245027304,-0.8158332705497742,0.6928400993347168,2.5836892127990723,0.779476523399353,0.46007201075553894,25.218578832149504,0.897606372833252,0.2083333432674408
0.4210624396800995,0.2224401831626892,1684.286597719,-0.007357567091821693,7.593750000000002e-05,0.1689843237400055,0.4414840340614319,0.31925079226493835,11.449745178222656,0.0,-0.0195419043302536,39884,0.3075113296508789,0.6025478839874268,0.7220982909202576,11.906619548797607,,0.7777778506278992,0.42915910482406616,1784467893.7239444,0.3713977038860321,0.6827988624572754,1650,0.75,473.0,1.8096868991851807,2.157179832458496,0.07214657962322235,0.23227600753307343,8.0,-0.02440948411822319,0.06812884360551834,-0.8194767832756042,0.6927114725112915,2.835395336151123,0.7820073962211609,0.5075987577438354,25.206977284997702,0.8951064348220825,0.1666666716337204
0.4093407094478607,0.25964319705963135,1686.89861157,-0.008343065803637728,0.00011390625000000003,0.20111356675624847,0.42958003282546997,0.2911629378795624,12.171323776245117,0.125,-0.017450477927923203,42511,0.2884640693664551,0.6619980335235596,0.7032134532928467,11.907132053375244,,0.7777778506278992,0.42846304178237915,1784467896.1360433,0.3713071048259735,0.6655137538909912,1651,0.8333333730697632,455.35,2.0030455589294434,2.0239505767822266,0.08463768661022186,0.23331956565380096,7.875,-0.02355576679110527,0.045472804084420206,-0.7929551005363464,0.6935290694236755,3.1002883911132812,0.8929735422134399,0.528076171875,24.47950325459242,0.8694917559623718,0.3333333432674408
0.423357218503952,0.20303134620189667,1689.35585738,-0.00808031228807522,0.00011390625000000006,0.14195138216018677,0.4434663653373718,0.38835811614990234,10.408422470092773,0.0,-0.018053486943244934,39119,0.30275702476501465,0.5309022068977356,0.7243621349334717,11.894146013259888,,0.7777778506278992,0.4285448491573334,1784467898.7600002,0.3710504174232483,0.6828147768974304,1652,0.375,471.64,1.5449422597885132,2.2101364135742188,0.06510844826698303,0.2291632890701294,9.166666984558105,-0.02626575529575348,0.04815956763923168,-0.8203980326652527,0.695288360118866,2.4986276626586914,0.7580429911613464,0.46981215476989746,24.91793194629252,0.8981243968009949,0.2083333432674408
0.4147266745567322,0.23602305352687836,1691.958096238,-0.00836694642639486,0.00011390625000000006,0.1692492663860321,0.43355679512023926,0.3313261568546295,11.930059432983398,0.0,-0.018031161278486252,41916,0.2915689945220947,0.6385468244552612,0.7099260687828064,11.868690490722656,,0.7777778506278992,0.4290890097618103,1784467901.2054374,0.37068650126457214,0.6699953079223633,1653,0.7083333730697632,465.4,1.787065863609314,2.0536582469940186,0.0752832219004631,0.22783051431179047,7.7916669845581055,-0.024015819653868675,0.04834147691726685,-0.8002815246582031,0.6948208212852478,2.9078166484832764,0.838262677192688,0.5342646241188049,24.853365996405483,0.8791965246200562,0.2916666865348816
0.41557103395462036,0.24299150705337524,1694.398036207,-0.007963100566121284,7.593750000000004e-05,0.18703588843345642,0.43519705533981323,0.33698198199272156,12.43651008605957,0.0416666679084301,-0.017463788390159607,39286,0.3084444999694824,0.6669869422912598,0.7116419672966003,11.841720962524414,,0.7777778506278992,0.4275802969932556,1784467903.8174098,0.3704858422279358,0.6704796552658081,1654,0.9583333730697632,456.03,1.7601318359375,2.193807363510132,0.0768742561340332,0.22476433217525482,7.583333492279053,-0.025462251156568527,0.07018169835209846,-0.8035130500793457,0.695152223110199,3.0461535453796387,0.8701351881027222,0.5590449571609497,23.98274969488382,0.8814372420310974,0.1666666716337204
0.4114464223384857,0.22000551223754883,1697.005119891,-0.007953483597520971,7.593750000000002e-05,0.1655653417110443,0.4311337471008301,0.336792916059494,11.302177429199219,0.0,-0.015888143330812454,42261,0.3029053211212158,0.6088297367095947,0.7045004367828369,11.837481021881104,,0.7777778506278992,0.42828863859176636,1784467906.2508907,0.37045902013778687,0.6667556762695312,1655,0.8333333730697632,462.21,1.7363181114196777,2.0231945514678955,0.07317021489143372,0.22583787143230438,7.5416669845581055,-0.024442341178655624,0.061040171049535276,-0.7924301028251648,0.6949254274368286,2.8774967193603516,0.8079473376274109,0.48993366956710815,24.709688717871906,0.8724051713943481,0.2916666865348816
0.41789478063583374,0.24289417266845703,1699.453981401,-0.008596893501817249,7.593750000000002e-05,0.17196369171142578,0.43887919187545776,0.359122633934021,11.439372062683105,0.0,-0.016055110841989517,39258,0.3045198917388916,0.6664835214614868,0.7157864570617676,11.835992288589477,,0.7777778506278992,0.42752477526664734,1784467908.8716145,0.3704114556312561,0.6757253408432007,1656,0.7083333730697632,477.82,1.7176984548568726,2.1994802951812744,0.07866781949996948,0.2259136289358139,8.041666984558105,-0.021182578057050705,0.058245136961340906,-0.8035540580749512,0.6956065893173218,2.7888283729553223,0.8246169090270996,0.5779834985733032,25.63711376607418,0.8868141174316406,0.2083333432674408
0.408918559551239,0.25693029165267944,1702.048279026,-0.008533318125410005,0.00011390625000000003,0.19944220781326294,0.4292965829372406,0.3570173382759094,11.620649337768555,0.0416666679084301,-0.01868198625743389,42145,0.2989652156829834,0.6388405561447144,0.6999081373214722,11.836792612075806,,0.7777778506278992,0.4299168586730957,1784467911.3025372,0.37051522731781006,0.6616089940071106,1657,0.5833333730697632,476.83,1.826483130455017,2.0335137844085693,0.08099555969238281,0.2256268858909607,7.1666669845581055,-0.024550504982471466,0.06697195842862129,-0.7998886108398438,0.694671094417572,2.863778591156006,0.8570837378501892,0.5643848776817322,25.675740604400634,0.8714765310287476,0.4166666865348816
0.4182426929473877,0.22229468822479248,1704.48550954,-0.008246723155025393,5.0625000000000024e-05,0.16155484318733215,0.4409470558166504,0.3700130879878998,11.632755279541016,0.0,-0.014858330599963665,39428,0.310471773147583,0.614546537399292,0.7188469767570496,11.84229588508606,,0.7777778506278992,0.42889833450317383,1784467913.9113002,0.37051156163215637,0.6825240850448608,1658,0.625,464.81,1.6918904781341553,2.182734727859497,0.07201235741376877,0.24069994688034058,7.958333492279053,-0.027066241949796677,0.06262628119438887,-0.8023907542228699,0.6952261328697205,2.8705594539642334,0.8008756637573242,0.5158776044845581,25.117914474904538,0.8878549337387085,0.4583333432674408
0.41814857721328735,0.22775956988334656,1707.143624815,-0.008555462927324698,7.593750000000002e-05,0.17353853583335876,0.4395732879638672,0.3451237082481384,11.765096664428711,0.0,-0.017335880547761917,42340,0.3063619136810303,0.6031697988510132,0.7176551818847656,11.835123586654664,,0.7777778506278992,0.43127602338790894,1784467916.338506,0.3704051673412323,0.6796419024467468,1659,0.6666666865348816,475.38,1.7125614881515503,2.0153615474700928,0.07371243089437485,0.23575803637504578,8.041666984558105,-0.024641510099172592,0.050477995350956914,-0.8053553104400635,0.694719672203064,2.804816961288452,0.8429359197616577,0.5010853409767151,25.590189484357833,0.8871821165084839,0.3333333432674408
0.4207833707332611,0.23006658256053925,1709.709129515,-0.008483185779186896,0.00011390625000000003,0.16523700952529907,0.4398348927497864,0.33563995361328125,11.192302703857422,0.0,-0.014748032204806805,38506,0.3201627731323242,0.6071117520332336,0.7182190418243408,11.826422834396363,,0.7777778506278992,0.4304330348968506,1784467919.004425,0.37030932307243347,0.6781675219535828,1660,0.5833333730697632,470.03,1.7403939962387085,2.232731342315674,0.07622109353542328,0.22858479619026184,7.333333492279053,-0.022319084033370018,0.058843029849231246,-0.808259904384613,0.6958438754081726,2.815150260925293,0.8116342425346375,0.5189856886863708,25.182795879542827,0.890857458114624,0.25
0.41364502906799316,0.24083909392356873,1712.338589506,-0.007972886750940234,7.593750000000004e-05,0.17938852310180664,0.43555277585983276,0.3471795320510864,11.799551010131836,0.0,-0.018608486279845238,40110,0.3090338706970215,0.6475430727005005,0.710188090801239,11.831573915481567,,0.7777778506278992,0.4304050803184509,1784467921.5755265,0.37040451169013977,0.6706403493881226,1661,0.75,463.51,1.7321494817733765,2.14176869392395,0.0780196413397789,0.2308056801557541,7.708333492279053,-0.02472718432545662,0.0698132187128067,-0.8022198677062988,0.696269690990448,2.9289824962615967,0.8421611785888672,0.525840699672699,24.945180874168873,0.8804106116294861,0.2916666865348816
0.40230870246887207,0.26197177171707153,1714.866742522,-0.008365943103854079,7.593750000000002e-05,0.19416961073875427,0.42110347747802734,0.32280516624450684,11.773608207702637,0.0,-0.018192656338214874,39243,0.31232690811157227,0.6607364416122437,0.6885234713554382,11.832146978378296,,0.7777778506278992,0.43198081851005554,1784467924.1972055,0.3703322112560272,0.6504902839660645,1662,1.125,456.44,1.8405746221542358,2.192671775817871,0.08269836753606796,0.22059357166290283,8.333333969116211,-0.024771809577941895,0.05867388602346182,-0.7829820513725281,0.6957311630249023,2.9140231609344482,0.8715154528617859,0.5527325868606567,24.108201795108616,0.8556697368621826,0.5416666865348816
0.4113619029521942,0.22940348088741302,1717.414745356,-0.008725285861873999,7.593750000000002e-05,0.1717071235179901,0.4309324622154236,0.31477442383766174,11.086710929870605,0.0,-0.015502726659178734,40693,0.3030850887298584,0.6350984573364258,0.7056385278701782,11.819789218902589,,0.7777778506278992,0.43113207817077637,1784467926.7200394,0.3702069818973541,0.6654895544052124,1663,0.7916666865348816,477.48,1.8217942714691162,2.1126599311828613,0.07522913068532944,0.22991858422756195,7.5,-0.021247534081339836,0.05909111332148313,-0.7907807230949402,0.6961683034896851,2.825345754623413,0.8145382404327393,0.5427049994468689,25.828194542229177,0.8726457357406616,0.3333333432674408
0.4050558805465698,0.23908981680870056,1720.567773924,-0.00868203078280203,5.062500000000002e-05,0.18544554710388184,0.4266018271446228,0.32163816690444946,12.113458633422852,0.0,-0.01679738610982895,40240,0.322568416595459,0.6436556577682495,0.6944469213485718,11.81846489906311,,0.7777778506278992,0.4327411651611328,1784467929.2814653,0.37022462487220764,0.6574517488479614,1664,1.0833333730697632,467.14,1.779618501663208,2.120326042175293,0.07768270373344421,0.22508196532726288,7.375,-0.02054821327328682,0.06452566888183356,-0.7834075689315796,0.6944745779037476,2.9623992443084717,0.83906090259552,0.5443524122238159,24.835009639263152,0.8617629408836365,0.2916666865348816
0.41281741857528687,0.24157261848449707,1723.139353523,-0.008089844972710125,7.593750000000002e-05,0.17582961916923523,0.43464601039886475,0.3854226768016815,11.97755241394043,0.0,-0.01648910716176033,32422,0.3207101821899414,0.6892056465148926,0.7076746225357056,11.811338567733765,"{'path': 'media/videos/video_1665_20b11182829e0640c130.mp4', 'size': 1776938.0, '_type': 'video-file', 'sha256': '20b11182829e0640c1306db68a33a29e887a98e085b7177e6114eb4777167f16'}",0.7777778506278992,0.434802383184433,1784467932.5294988,0.3700532615184784,0.6688017845153809,1665,0.7083333730697632,468.66,1.8748548030853271,2.711214542388916,0.07781493663787842,0.22586366534233093,7.1666669845581055,-0.02606133371591568,0.05345669537782669,-0.7974238395690918,0.6930513381958008,2.9405860900878906,0.8584592342376709,0.5825752019882202,25.196930908858775,0.8779624700546265,0.2083333432674408
0.41708457469940186,0.2225537896156311,1725.692512924,-0.00860584243782796,0.00011390625000000003,0.16772650182247162,0.44061657786369324,0.33529090881347656,11.352045059204102,0.0416666679084301,-0.01607145182788372,41500,0.29155683517456055,0.5854238867759705,0.7164173126220703,11.801816654205322,,0.7777778506278992,0.4331965446472168,1784467934.9901645,0.3700714409351349,0.6787312030792236,1666,0.7083333730697632,473.9,1.720153570175171,2.077176332473755,0.07044276595115662,0.22908124327659607,8.75,-0.024123240262269974,0.07254037968814372,-0.806449294090271,0.693356990814209,2.798251152038574,0.8178977370262146,0.4966089129447937,25.36746408313513,0.8881270289421082,0.1666666716337204
0.4006543755531311,0.2618049681186676,1728.287920232,-0.008066062291618437,0.00011390625000000006,0.20411841571331024,0.42117270827293396,0.3286125063896179,12.295084953308105,0.125,-0.018327541649341583,40099,0.3191673755645752,0.7073836326599121,0.687476634979248,11.81099443435669,,0.7777778506278992,0.4329896867275238,1784467937.561665,0.3700951337814331,0.6480752229690552,1667,0.875,464.44,1.9237136840820312,2.1323182582855225,0.0843031108379364,0.2224847376346588,7.5416669845581055,-0.02511199377477169,0.05836055595427751,-0.7779878377914429,0.6929763555526733,3.118955373764038,0.9124996066093445,0.6022269129753113,24.751785645745695,0.8521779775619507,0.375
0.4090058505535126,0.2454494833946228,1730.921249353,-0.006641183281317353,7.593750000000004e-05,0.18103228509426117,0.43038058280944824,0.2950217127799988,11.951083183288574,0.0,-0.01787586137652397,39727,0.31895923614501953,0.656794548034668,0.7013667821884155,11.807834053039551,,0.7777778506278992,0.4323638081550598,1784467940.146953,0.3700137138366699,0.6649926900863647,1668,0.7916666865348816,472.84,1.8889710903167725,2.1555027961730957,0.07943831384181976,0.22921070456504822,8.166666984558105,-0.020343948155641556,0.05014763493090868,-0.7923325300216675,0.6927847862243652,3.060544490814209,0.8778575658798218,0.5407199859619141,25.512171164155006,0.8708351850509644,0.25
0.4223002791404724,0.21234732866287231,1733.421112058,-0.008887701004277914,0.00011390625000000003,0.14756327867507935,0.446868360042572,0.3147728443145752,10.548264503479004,0.0,-0.0162028931081295,38983,0.2998476028442383,0.567002534866333,0.7231316566467285,11.788944387435913,,0.7777778506278992,0.4314344823360443,1784467942.7795336,0.3695700168609619,0.6858364939689636,1669,0.5833333730697632,484.92,1.6051900386810303,2.221818447113037,0.06888704746961594,0.22644607722759247,7.0,-0.025755805894732475,0.04682549834251404,-0.8126558065414429,0.6939513087272644,2.575211524963379,0.788266122341156,0.49499940872192383,26.02897768855095,0.8970870971679688,0.25
0.41924571990966797,0.2237321138381958,1735.883388741,-0.007895401994755958,7.593750000000004e-05,0.1631031483411789,0.4428710639476776,0.28352630138397217,11.079391479492188,0.0416666679084301,-0.01798001490533352,41164,0.2847158908843994,0.5979844927787781,0.7195798754692078,11.758118915557862,,0.7777778506278992,0.43131908774375916,1784467945.2707725,0.3693196177482605,0.6811615824699402,1670,0.5,476.7,1.7062228918075562,2.1033706665039062,0.07390215247869492,0.2379230260848999,7.875,-0.024834265932440758,0.054819800332188605,-0.8033005595207214,0.6944529414176941,2.6911869049072266,0.8043848872184753,0.5046775937080383,25.718548445105554,0.8900861144065857,0.3333333432674408
0.422111451625824,0.20911869406700134,1738.291537694,-0.008494970231549815,7.593750000000002e-05,0.1537514328956604,0.4459822177886963,0.3219466507434845,11.078300476074219,0.0,-0.01628086343407631,41619,0.29471611976623535,0.5718574523925781,0.726148247718811,11.745075035095216,,0.7777778506278992,0.42989134788513184,1784467947.738678,0.3691753149032593,0.6847467422485352,1671,0.6666666865348816,482.29,1.6960338354110718,2.0672268867492676,0.06791232526302338,0.23562394082546234,7.958333492279053,-0.02425532042980194,0.0484781950712204,-0.8115589022636414,0.6955124139785767,2.6940369606018066,0.7857150435447693,0.4722871482372284,25.8543239235878,0.8987650871276855,0.1666666716337204
0.4292541444301605,0.21085557341575623,1740.953169041,-0.008566372282803058,7.593750000000002e-05,0.15428434312343597,0.4525361955165863,0.3644963204860687,11.184847831726074,0.0,-0.016292724758386612,42701,0.2935664653778076,0.5965067148208618,0.7357906103134155,11.738360357284545,,0.7777778506278992,0.4303969740867615,1784467950.146184,0.36906862258911133,0.694610059261322,1672,0.4166666865348816,480.21,1.6156281232833862,2.008543014526367,0.07025834918022156,0.23610900342464447,7.875,-0.024514436721801758,0.05513999294489622,-0.8247408866882324,0.6961153745651245,2.6897714138031006,0.7616568803787231,0.5183883905410767,25.766758938133716,0.910233199596405,0.2083333432674408
0.41160982847213745,0.24339477717876434,1743.44704782,-0.009164505905937403,0.00011390625000000003,0.18589401245117188,0.4331504702568054,0.30539843440055847,12.020648002624512,0.0,-0.017172424122691154,38474,0.32071518898010254,0.6632903814315796,0.7059494853019714,11.73623480796814,,0.7777778506278992,0.43116816878318787,1784467952.8250031,0.36907389760017395,0.6675309538841248,1673,0.9583333730697632,465.51,1.7851403951644897,2.2343196868896484,0.07928243279457092,0.2317640632390976,8.708333969116211,-0.02149047516286373,0.06010263655334711,-0.7979388236999512,0.6963886022567749,2.984405517578125,0.850714385509491,0.5263179540634155,24.914485545679927,0.8764791488647461,0.25
0.41447269916534424,0.24656781554222107,1746.048095212,-0.007917093846481293,5.0625000000000024e-05,0.18444299697875977,0.4377952218055725,0.35150691866874695,11.863184928894043,0.0833333358168602,-0.017719700932502747,41527,0.3032517433166504,0.6578783392906189,0.7121952772140503,11.735249900817871,,0.7777778506278992,0.432715505361557,1784467955.3055432,0.3690626621246338,0.6721965670585632,1674,0.875,463.16,1.8854869604110718,2.0639760494232178,0.07989390194416046,0.2309655398130417,7.833333492279053,-0.02679513953626156,0.06589753199368716,-0.8015803694725037,0.6957949995994568,2.928394317626953,0.8321184515953064,0.5335484743118286,25.030220779553055,0.8834782838821411,0.25
0.4172973334789276,0.22173354029655457,1748.619709896,-0.008211417339043691,7.593750000000002e-05,0.16454994678497314,0.4393138885498047,0.3341144919395447,10.953726768493652,0.0,-0.01714702509343624,39466,0.3202781677246094,0.6163097620010376,0.716431736946106,11.741589736938476,,0.7777778506278992,0.43497511744499207,1784467957.9095733,0.36919718980789185,0.6766362190246582,1675,0.75,479.28,1.6853539943695068,2.1705501079559326,0.0751018226146698,0.23493096232414246,7.625,-0.028769223019480705,0.06209625825285912,-0.8057779669761658,0.6948703527450562,2.6538584232330322,0.7709201574325562,0.5412848591804504,25.706321840286254,0.8885759115219116,0.4583333432674408
0.4045831561088562,0.2704869508743286,1751.29625812,-0.008541632289416156,0.00011390625000000003,0.21497485041618347,0.42820867896080017,0.3000633120536804,12.10114860534668,0.0416666679084301,-0.018502231687307358,40042,0.3229365348815918,0.6848394870758057,0.6977139711380005,11.74923095703125,,0.7777778506278992,0.4411240518093109,1784467960.490277,0.36925357580184937,0.6574638485908508,1676,0.75,467.47,1.836687445640564,2.132073163986206,0.08697795867919922,0.23034977912902832,7.2916669845581055,-0.020996302366256714,0.06757108252495528,-0.7841787338256836,0.6935860514640808,2.971477508544922,0.8671219348907471,0.5980501770973206,25.102043397426606,0.8634950518608093,0.4583333432674408
0.41176900267601013,0.24496600031852722,1753.984291897,-0.007315725629450753,7.593750000000004e-05,0.18359574675559998,0.4330434799194336,0.3639974296092987,11.783133506774902,0.0,-0.018534306436777115,38547,0.29897189140319824,0.6499176025390625,0.7051496505737305,11.760761880874634,,0.7777778506278992,0.44654691219329834,1784467963.1473923,0.3693450093269348,0.6635975241661072,1677,1.0833333730697632,455.87,1.8072212934494019,2.2512223720550537,0.08226977288722992,0.2246340960264206,8.583333969116211,-0.028175711631774902,0.07264344450086355,-0.7967574000358582,0.6912939548492432,2.92824125289917,0.8310496211051941,0.5223706960678101,24.331499997377396,0.8757774233818054,0.25
0.4039822816848755,0.24965421855449677,1756.601362026,-0.007969819780555554,0.00011390625000000003,0.19172611832618713,0.4269220530986786,0.3444448709487915,10.96337890625,0.0,-0.01739843562245369,37988,0.31641626358032227,0.6393567323684692,0.6925660967826843,11.762005805969238,,0.7777778506278992,0.4456956386566162,1784467965.845682,0.3692953586578369,0.6545462012290955,1678,0.7916666865348816,470.64,1.6933200359344482,2.2713189125061035,0.08021895587444305,0.22034792602062225,6.9166669845581055,-0.020376747474074364,0.05374822821468115,-0.778444230556488,0.6912721991539001,2.8051605224609375,0.8210111856460571,0.5533396601676941,25.341034359633923,0.8603323698043823,0.5
0.40995728969573975,0.24839626252651215,1759.135641042,-0.007670527894515544,0.00011390625000000006,0.199457049369812,0.43414998054504395,0.35009199380874634,12.090659141540527,0.0416666679084301,-0.017607763409614563,39308,0.3222017288208008,0.653008222579956,0.704164981842041,11.749429273605347,,0.7777778506278992,0.4482974708080292,1784467968.4676006,0.3690570890903473,0.6657928228378296,1679,0.8333333730697632,463.79,1.819084882736206,2.178605556488037,0.07921154797077179,0.23068194091320038,8.333333969116211,-0.027381202206015587,0.05282016284763813,-0.7893487811088562,0.6895091533660889,3.0015456676483154,0.9066305160522461,0.5413228869438171,24.906262838095426,0.8723578453063965,0.2916666865348816
0.418675035238266,0.21918052434921265,1761.72619103,-0.008073281387623865,0.00011390625000000006,0.161327064037323,0.44306081533432007,0.3168790340423584,10.615921020507812,0.0,-0.01818392239511013,40704,0.2927675247192383,0.5807496905326843,0.7198485136032104,11.733016300201417,,0.7777778506278992,0.451673686504364,1784467970.991112,0.3690027594566345,0.6819421648979187,1680,0.625,478.48,1.710921287536621,2.1223082542419434,0.06979017704725266,0.23419973254203796,8.041666984558105,-0.024511849507689476,0.049481592141091824,-0.8100454211235046,0.6880406141281128,2.68438982963562,0.8074878454208374,0.4872679114341736,25.755583140850067,0.8937176465988159,0.25
0.4205613136291504,0.21510718762874603,1764.255746964,-0.007756109454203397,7.593750000000004e-05,0.1547740399837494,0.4462057054042816,0.30398377776145935,11.321401596069336,0.0,-0.015655692666769028,39580,0.3148200511932373,0.5807589888572693,0.7235250473022461,11.731853532791138,,0.7777778506278992,0.4501224458217621,1784467973.5960422,0.36891981959342957,0.6836031675338745,1681,0.625,478.8,1.6279700994491577,2.1688179969787598,0.06985129415988922,0.24513086676597595,7.5,-0.026083871722221375,0.04559845924377441,-0.799152135848999,0.6888437271118164,2.704106092453003,0.7883431315422058,0.4835078716278076,26.13968852505088,0.8916777968406677,0.1666666716337204
0.4157477021217346,0.23222629725933075,1766.76216031,-0.008980821253499017,0.00011390625000000003,0.17317858338356018,0.4392579197883606,0.30291658639907837,11.351566314697266,0.0,-0.017132673412561417,40829,0.3068366050720215,0.6177557706832886,0.7132649421691895,11.715500354766846,,0.7777778506278992,0.4487120509147644,1784467976.1100178,0.3687556982040405,0.6734902262687683,1682,0.7916666865348816,472.68,1.7243831157684326,2.100832223892212,0.07405826449394226,0.2309170961380005,7.833333492279053,-0.021078433841466904,0.05952680725604296,-0.7988420724868774,0.6900348663330078,2.7988181114196777,0.8358558416366577,0.5296937823295593,25.390974141657352,0.8834205865859985,0.2916666865348816
0.4194207787513733,0.2300272434949875,1769.43997721,-0.007935995579464361,7.593750000000004e-05,0.1651831716299057,0.4425533711910248,0.342212438583374,11.196334838867188,0.0,-0.017417989671230316,40922,0.31769514083862305,0.6151593923568726,0.7201830744743347,11.713470506668092,,0.7777778506278992,0.44920119643211365,1784467978.6235456,0.36881405115127563,0.6791664958000183,1683,0.625,472.49,1.5955699682235718,2.084514856338501,0.07736760377883911,0.2346218079328537,8.166666984558105,-0.02616441808640957,0.0494637968018651,-0.8118163347244263,0.6911470293998718,2.7267470359802246,0.8243134021759033,0.5168928503990173,25.089350243657826,0.8934971690177917,0.25
0.4069380760192871,0.25920432806015015,1771.988357785,-0.00805364644038491,0.00011390625000000003,0.19942355155944824,0.42783427238464355,0.3207589387893677,12.377764701843262,0.0416666679084301,-0.01705796830356121,38371,0.30377793312072754,0.6668338775634766,0.6963858604431152,11.715821838378906,,0.7777778506278992,0.44675517082214355,1784467981.2941349,0.36882105469703674,0.6557357311248779,1684,0.7916666865348816,470.96,1.8659324645996094,2.258101224899292,0.08321640640497208,0.2159266173839569,7.083333492279053,-0.02269582822918892,0.0660321369767189,-0.7850872278213501,0.6936728358268738,3.044891357421875,0.8725665807723999,0.5676687955856323,24.951842241585254,0.8666071891784668,0.25
0.4037047326564789,0.24343769252300262,1775.025261651,-0.008129139529773965,5.0625000000000024e-05,0.18804506957530975,0.4251425862312317,0.3484001159667969,11.891847610473633,0.0416666679084301,-0.017204931005835533,40188,0.2878530025482178,0.6765397787094116,0.6924475431442261,11.71930742263794,,0.7777778506278992,0.44536206126213074,1784467983.8367946,0.368811696767807,0.6522576212882996,1685,0.9583333730697632,455.87,2.025252342224121,2.1582322120666504,0.08006107807159424,0.2227606624364853,7.2916669845581055,-0.02667776308953762,0.059906862676143646,-0.7803902626037598,0.6930283904075623,3.057180404663086,0.8828400373458862,0.5415242314338684,24.195473154708743,0.859382152557373,0.3333333432674408
0.41283297538757324,0.24255536496639252,1777.505801585,-0.008391468215268105,7.593750000000002e-05,0.19096896052360535,0.4390432834625244,0.3336507976055145,11.462020874023438,0.0833333358168602,-0.016399791464209557,33470,0.2984621524810791,0.6345776915550232,0.7112005949020386,11.705240964889526,"{'size': 1657364.0, '_type': 'video-file', 'sha256': 'ca4570931d258a265fb4a7229a4e428dadd430a08d71d0ca07d9de53df666f50', 'path': 'media/videos/video_1686_ca4570931d258a265fb4.mp4'}",0.7777778506278992,0.44385671615600586,1784467986.956998,0.3685871362686157,0.6744599342346191,1686,0.875,468.39,1.6732325553894043,2.638536214828491,0.07957004755735397,0.24063867330551147,7.708333492279053,-0.023007048293948174,0.056316418759524825,-0.7872468829154968,0.694666862487793,2.824130058288574,0.8392238020896912,0.530686616897583,25.469727420210837,0.8773268461227417,0.375
0.421528697013855,0.2206353396177292,1779.998901467,-0.008884493599180133,0.00011390625000000003,0.16977155208587646,0.4484957158565521,0.31595900654792786,11.188230514526367,0.0833333358168602,-0.016814354807138443,42562,0.28439950942993164,0.5570130348205566,0.7245964407920837,11.691686773300171,,0.7777778506278992,0.44359010457992554,1784467989.3540375,0.36853623390197754,0.6881378889083862,1687,0.4583333432674408,474.01,1.6773555278778076,2.025237560272217,0.0727577805519104,0.23932132124900818,8.083333969116211,-0.022118404507637024,0.05786442458629608,-0.8016712665557861,0.6954337358474731,2.707329273223877,0.7936191558837891,0.4613909125328064,25.54100374907255,0.8935356140136719,0.3333333432674408
0.4128742814064026,0.24152550101280212,1782.537581503,-0.007784995925612747,7.593750000000004e-05,0.18607231974601746,0.43536442518234253,0.33936524391174316,11.071611404418945,0.0,-0.017026077955961227,41045,0.292374849319458,0.6208370923995972,0.7058035731315613,11.686742448806763,,0.7777778506278992,0.4434020519256592,1784467991.8474514,0.3683805763721466,0.6650403738021851,1688,0.9583333730697632,455.22,1.6691973209381104,2.102644443511963,0.08034711331129074,0.22105666995048523,8.416666984558105,-0.02295827493071556,0.06045468468219042,-0.7930790781974792,0.6963449716567993,2.8576302528381348,0.8372578620910645,0.509651243686676,24.139596888385714,0.8768628835678101,0.2916666865348816
0.41636785864830017,0.23993456363677979,1785.258219191,-0.008625348727218807,7.593750000000002e-05,0.1821761578321457,0.4401434063911438,0.33639419078826904,11.481378555297852,0.0,-0.01678391732275486,40277,0.3168301582336426,0.6294107437133789,0.7152690291404724,11.664556503295898,,0.7777778506278992,0.44272345304489136,1784467994.403156,0.3681080639362335,0.6751676797866821,1689,0.5833333730697632,481.53,1.687239646911621,2.123838186264038,0.08011608570814133,0.24216824769973755,7.875,-0.026159873232245445,0.049190026521682736,-0.7978324294090271,0.697394073009491,2.869405746459961,0.8316460847854614,0.5399481654167175,26.082354655750095,0.8839584589004517,0.2916666865348816
0.414776086807251,0.21437548100948334,1787.710126609,-0.008721849118592218,0.00011390625000000003,0.1619304120540619,0.4386875331401825,0.37270471453666687,11.22572135925293,0.0,-0.01760299876332283,37765,0.3100566864013672,0.6173003911972046,0.7106146812438965,11.669143962860108,,0.7777778506278992,0.4417034089565277,1784467997.110881,0.36837342381477356,0.6729400157928467,1690,0.6666666865348816,472.99,1.695927381515503,2.2929584980010986,0.07654568552970886,0.23343253135681152,6.75,-0.021254532039165497,0.06792848482728005,-0.7929199934005737,0.7000994086265564,2.7868857383728027,0.7798928022384644,0.5148656368255615,25.596843227148057,0.8801231384277344,0.375
0.4058558940887451,0.2721515893936157,1790.363641553,-0.006621418586655636,3.3750000000000014e-05,0.216758131980896,0.42873090505599976,0.3438182771205902,12.144208908081055,0.0,-0.0192404817789793,41860,0.29253458976745605,0.7071757316589355,0.6960771083831787,11.690325021743774,,0.7777778506278992,0.44230958819389343,1784467999.5577462,0.36848387122154236,0.6577579975128174,1691,1.0833333730697632,472.28,1.8758171796798706,2.055854320526123,0.08785387128591537,0.22930268943309784,8.208333969116211,-0.023723458871245384,0.0620019257068634,-0.7819311022758484,0.701655387878418,3.0103907585144043,0.8783493041992188,0.6016715168952942,25.33850186826661,0.8621026277542114,0.5416666865348816
0.41119861602783203,0.24138891696929932,1792.99393025,-0.008837888203561305,0.00011390625000000005,0.18556354939937592,0.4359421730041504,0.34660500288009644,11.93597412109375,0.0416666679084301,-0.016554253175854683,38463,0.31554245948791504,0.6755849123001099,0.7077773809432983,11.692814493179322,,0.7777778506278992,0.4418298006057739,1784468002.2232192,0.3685133159160614,0.6668800711631775,1692,0.875,463.02,1.778099775314331,2.2402572631835938,0.08137810230255127,0.2326796054840088,7.583333492279053,-0.022677524015307426,0.05869849007576704,-0.787551760673523,0.7022451162338257,2.92332124710083,0.8605536222457886,0.5716209411621094,25.030104292482136,0.8725131750106812,0.3333333432674408
0.41430768370628357,0.2386118620634079,1795.579934783,-0.006347646878566593,5.0625000000000024e-05,0.18194469809532166,0.43975958228111267,0.32319673895835876,11.163715362548828,0.0,-0.01624428480863571,39031,0.3215327262878418,0.5959559679031372,0.7133695483207703,11.698274326324462,,0.7777778506278992,0.44400137662887573,1784468004.8562999,0.3685366213321686,0.6719635725021362,1693,0.7916666865348816,459.46,1.6836321353912354,2.1970372200012207,0.07689839601516724,0.23400819301605225,7.5,-0.021234583109617233,0.06122918464243412,-0.7898596525192261,0.7011910676956177,2.7732796669006348,0.8250960111618042,0.5054417848587036,24.944362718760967,0.8795098662376404,0.375
0.4236525893211365,0.21849843859672546,1798.099516988,-0.008170220827742014,0.00011390625000000003,0.15655609965324402,0.446624755859375,0.32990604639053345,10.833151817321777,0.0416666679084301,-0.015158293768763542,39800,0.30783843994140625,0.5458583235740662,0.726231575012207,11.694475460052491,,0.7777778506278992,0.44240161776542664,1784468007.4230056,0.368406742811203,0.6841992735862732,1694,0.7083333730697632,477.54,1.6477349996566772,2.162109851837158,0.0660683661699295,0.23089908063411713,8.041666984558105,-0.023380562663078308,0.05836427621543407,-0.8071613311767578,0.7012020945549011,2.6208131313323975,0.7932164072990417,0.44604140520095825,25.662970056533812,0.8983170390129089,0.0833333358168602
0.4241132140159607,0.22187940776348114,1800.570288365,-0.00743666564085288,7.593750000000004e-05,0.16023612022399902,0.449603796005249,0.3006236255168915,10.972745895385742,0.0,-0.015273506753146648,40499,0.29605817794799805,0.5883353352546692,0.7290164232254028,11.685057020187378,,0.7777778506278992,0.4426459074020386,1784468009.9536507,0.36830052733421326,0.6893271207809448,1695,0.6666666865348816,470.25,1.715839147567749,2.1312577724456787,0.07224117964506149,0.24544614553451538,8.208333969116211,-0.024289747700095177,0.051790449768304825,-0.8103981018066406,0.7011071443557739,2.7633042335510254,0.8225473761558533,0.4822145104408264,25.445248366594313,0.8999843597412109,0.25
0.4194346070289612,0.23987023532390594,1803.273239778,-0.007284726082195903,7.593750000000002e-05,0.17992380261421204,0.4458898901939392,0.326490581035614,11.396141052246094,0.0,-0.01516893319785595,41562,0.32083916664123535,0.6214419603347778,0.7228922843933105,11.673433971405029,,0.7777778506278992,0.44270750880241394,1784468012.4381359,0.3681405186653137,0.6819758415222168,1696,0.75,466.72,1.7879575490951538,2.04439115524292,0.07916498184204102,0.23915138840675354,7.458333492279053,-0.020443979650735855,0.055898363888263705,-0.7935718894004822,0.7005376815795898,2.7863712310791016,0.8335961103439331,0.5533766746520996,25.597401521503926,0.8882445693016052,0.2083333432674408
0.414012610912323,0.2332843393087387,1805.744078937,-0.0074118174496106805,5.062500000000002e-05,0.17143991589546204,0.4375227093696594,0.3294486999511719,11.36532211303711,0.0,-0.016731534153223038,38049,0.30403685569763184,0.5976583361625671,0.7107185125350952,11.669704866409301,,0.7777778506278992,0.44379180669784546,1784468015.128467,0.3682141900062561,0.671137809753418,1697,0.875,472.61,1.8428926467895508,2.279515504837036,0.07788529992103577,0.2352128028869629,7.208333492279053,-0.022292610257864,0.06810757331550121,-0.7890917658805847,0.7005438804626465,2.8569607734680176,0.83152174949646,0.5106687545776367,25.762501314878463,0.8762454390525818,0.1666666716337204
0.4213407635688782,0.24185964465141296,1808.221430178,-0.008424537246173713,0.00011390625000000003,0.17671601474285126,0.4458979070186615,0.32068219780921936,10.870847702026367,0.0416666679084301,-0.01687648519873619,41614,0.2850372791290283,0.633222758769989,0.7255181074142456,11.670158576965331,,0.7777778506278992,0.44517630338668823,1784468017.5901835,0.3681454658508301,0.6805673837661743,1698,0.7083333730697632,484.21,1.751522421836853,2.0772318840026855,0.07775586098432541,0.23887178301811218,8.333333969116211,-0.026010921224951744,0.053876913525164126,-0.8053490519523621,0.6993814706802368,2.7494935989379883,0.8245252370834351,0.5725438594818115,26.074317893758415,0.8934096693992615,0.3333333432674408
0.4090571105480194,0.25104963779449463,1810.784354672,-0.006922009016852826,7.593750000000004e-05,0.1972719430923462,0.43481287360191345,0.3237795829772949,11.597758293151855,0.0833333358168602,-0.015263991430401802,41258,0.29549384117126465,0.6534780263900757,0.7041691541671753,11.651064825057983,,0.7777778506278992,0.4477306306362152,1784468020.0724134,0.3679295778274536,0.6660722494125366,1699,0.75,460.72,1.8662117719650269,2.087124824523926,0.08413136005401611,0.22823505103588104,7.6666669845581055,-0.024573108181357384,0.06034170053899288,-0.7770951986312866,0.6993515491485596,2.858491897583008,0.8414416313171387,0.564674437046051,25.105098839104176,0.8665021657943726,0.5
0.41375064849853516,0.22942793369293213,1813.433739356,-0.009012419656210113,7.593750000000002e-05,0.16938340663909912,0.43872150778770447,0.3220161199569702,11.260546684265137,0.0416666679084301,-0.015440938994288445,39981,0.3207106590270996,0.6130073070526123,0.711661696434021,11.641045522689819,,0.7777778506278992,0.44973331689834595,1784468022.6522574,0.367853581905365,0.6712102293968201,1700,0.7083333730697632,470.02,1.7187364101409912,2.138000965118408,0.07276982069015503,0.23791536688804626,8.666666984558105,-0.023859597742557526,0.06056164801120758,-0.7872948050498962,0.6983541250228882,2.8266196250915527,0.8310434222221375,0.5234342813491821,25.421323996782302,0.8772964477539062,0.2916666865348816
0.41233038902282715,0.24265050888061523,1816.094292138,-0.008195970367523842,5.062500000000002e-05,0.18193680047988892,0.43723368644714355,0.3278447091579437,11.311923027038574,0.0,-0.01709219627082348,38866,0.3120241165161133,0.61712247133255,0.7092506885528564,11.640523195266724,,0.7777778506278992,0.44981318712234497,1784468025.2899745,0.3678928315639496,0.6677412986755371,1701,0.7916666865348816,461.48,1.68328857421875,2.2172343730926514,0.0756043866276741,0.2297070324420929,7.7916669845581055,-0.02360960841178894,0.07520616389811038,-0.7842404246330261,0.6992630958557129,2.817025899887085,0.8234555125236511,0.5376499891281128,25.086159754544497,0.8740913271903992,0.3333333432674408
0.4081657826900482,0.2488369643688202,1818.550208635,-0.008947057445766404,0.00011390625000000003,0.18809953331947327,0.43300431966781616,0.3512304723262787,11.78477668762207,0.0,-0.01555591356009245,38521,0.3030085563659668,0.6478168964385986,0.7027283906936646,11.638359212875367,,0.7777778506278992,0.45298752188682556,1784468027.956366,0.36773255467414856,0.660834014415741,1702,0.7083333730697632,469.2,1.8588075637817383,2.2489054203033447,0.08127711713314056,0.22741541266441345,6.958333492279053,-0.026777779683470726,0.05951571278274059,-0.7758753299713135,0.6977192759513855,2.8970096111297607,0.8822914958000183,0.5624797344207764,25.4221436008811,0.8643600940704346,0.375
0.42028185725212097,0.24808132648468018,1821.162719807,-0.007632354316592682,7.593750000000004e-05,0.1984238624572754,0.4471242427825928,0.3155076503753662,11.233648300170898,0.0416666679084301,-0.016356106847524643,41979,0.2918846607208252,0.6179353594779968,0.725381076335907,11.620503902435303,,0.7777778506278992,0.45341259241104126,1784468030.3975334,0.36757194995880127,0.6860713362693787,1703,0.5833333730697632,471.29,1.7295336723327637,2.0498218536376953,0.08019109070301056,0.24488887190818787,7.875,-0.026075487956404686,0.05242311842739582,-0.7951624393463135,0.6981284022331238,2.8213393688201904,0.8559224009513855,0.529877781867981,25.6934171596542,0.888776421546936,0.4166666865348816
0.41852182149887085,0.22629237174987793,1823.636441618,-0.00840375442057848,0.00011390625000000003,0.1703406274318695,0.44475436210632324,0.33443769812583923,11.358856201171875,0.0416666679084301,-0.016197621822357178,39086,0.3192131519317627,0.5730112791061401,0.7216954231262207,11.602597379684449,,0.7777778506278992,0.4491867423057556,1784468033.0236464,0.36735525727272034,0.6811814308166504,1704,0.625,467.9,1.7356171607971191,2.1958556175231934,0.07411305606365204,0.2337050437927246,7.875,-0.02415667474269867,0.057244616001844405,-0.7956987619400024,0.7006868720054626,2.8161110877990723,0.8191050887107849,0.48585790395736694,25.19427035301924,0.887022852897644,0.25
0.40033936500549316,0.2729176878929138,1826.179753284,-0.008116806023463142,0.00011390625000000006,0.21420449018478394,0.4238077998161316,0.32364100217819214,12.974580764770508,0.0,-0.015850141644477844,41672,0.29075169563293457,0.7154593467712402,0.6887538433074951,11.59836835861206,,0.7777778506278992,0.4495699405670166,1784468035.4866412,0.3673943877220154,0.6466610431671143,1705,1.1666667461395264,456.76,1.9379405975341797,2.0682191848754883,0.08683892339468002,0.22364848852157593,7.4166669845581055,-0.02102292701601982,0.0651320980861783,-0.7677062749862671,0.6994624137878418,3.1975955963134766,0.891608476638794,0.6096488833427429,24.87607089459896,0.8495961427688599,0.375
0.406727135181427,0.2547948956489563,1829.406252991,-0.007579266501124948,7.593750000000004e-05,0.20845364034175873,0.43269485235214233,0.340423047542572,11.952104568481445,0.125,-0.017141912132501602,40243,0.3102455139160156,0.6338820457458496,0.7001010775566101,11.59659161567688,,0.7777778506278992,0.45197033882141113,1784468038.035381,0.36732247471809387,0.6597393751144409,1706,1.0,444.63,1.829100489616394,2.132458448410034,0.08361228555440903,0.2229628562927246,7.375,-0.024067219346761703,0.06391752772033214,-0.7761940956115723,0.6976869106292725,3.00331449508667,0.8736453056335449,0.5335911512374878,24.013149176836013,0.8618042469024658,0.1666666716337204
0.4096427857875824,0.24414168298244476,1831.982939653,-0.007718197023496032,7.593750000000002e-05,0.18686263263225555,0.43677955865859985,0.33965742588043213,12.084836959838867,0.0416666679084301,-0.015328733250498772,31558,0.32303714752197266,0.621758222579956,0.7069063186645508,11.590330743789673,"{'_type': 'video-file', 'sha256': '09bd6f23c729991d1c77c4cfac8c71d1bdb7bdce7b01ec02d2f53c6c686f0cb6', 'path': 'media/videos/video_1707_09bd6f23c729991d1c77.mp4', 'size': 1363583.0}",0.7777778506278992,0.4539062976837158,1784468041.3389213,0.3672572076320648,0.6659438610076904,1707,1.0,459.76,1.7694909572601318,2.7919888496398926,0.07955765724182129,0.22309470176696777,7.875,-0.020955776795744896,0.06338469553738832,-0.7740050554275513,0.6945402026176453,2.9420433044433594,0.866794764995575,0.5253266096115112,24.80895343929529,0.8682347536087036,0.375
0.4220307767391205,0.21656584739685059,1834.54977176,-0.007877256135179778,0.00017085937500000006,0.1663948893547058,0.4494665265083313,0.33344554901123047,10.676706314086914,0.0,-0.015634559094905853,40900,0.2850162982940674,0.5820011496543884,0.7281052470207214,11.578692197799683,,0.7777778506278992,0.4538980722427368,1784468043.8335464,0.36693844199180603,0.6855082511901855,1708,0.625,477.0,1.6791789531707764,2.118501663208008,0.07216478139162064,0.2373981922864914,7.7916669845581055,-0.023657258599996567,0.0571883101016283,-0.7997996211051941,0.6944887042045593,2.661991834640503,0.8042672872543335,0.4975437521934509,26.088855522498488,0.8939921855926514,0.2916666865348816
0.4233165979385376,0.21104231476783752,1837.157899521,-0.007809842471033335,0.00011390625000000006,0.1561354398727417,0.4520762860774994,0.3619678020477295,10.859572410583496,0.0416666679084301,-0.015112224966287613,39871,0.3232259750366211,0.5362097024917603,0.7296956777572632,11.558420848846435,,0.7777778506278992,0.4536173343658447,1784468046.4116647,0.36683425307273865,0.6879505515098572,1709,0.625,484.27,1.5462831258773804,2.1422958374023438,0.06828528642654419,0.23369809985160828,8.041666984558105,-0.023345505818724632,0.05706777647137642,-0.7974119186401367,0.6953425407409668,2.618891716003418,0.7714008092880249,0.44846659898757935,26.33381167538464,0.8949806094169617,0.1666666716337204
0.4072211980819702,0.24848365783691406,1839.65473311,-0.006477536253805738,7.593750000000004e-05,0.19626286625862122,0.4331303536891937,0.3043138086795807,11.843786239624023,0.0416666679084301,-0.015864064916968346,39429,0.3007056713104248,0.6611335277557373,0.7019216418266296,11.560818243026734,,0.7777778506278992,0.45273464918136597,1784468049.0116944,0.3669249415397644,0.6626126766204834,1710,0.5,456.49,1.903122901916504,2.1924540996551514,0.08168791234493256,0.2303728461265564,7.5416669845581055,-0.02584563009440899,0.06694773957133293,-0.7745916247367859,0.6974503397941589,3.0042738914489746,0.8258726596832275,0.5668913125991821,24.70567990384996,0.863018274307251,0.5416666865348816
0.4082486033439636,0.25142401456832886,1842.199262818,-0.008828506813733839,7.593750000000002e-05,0.194820374250412,0.4353806972503662,0.33519285917282104,11.475479125976562,0.0833333358168602,-0.016504188999533653,41075,0.2876152992248535,0.6676316261291504,0.7052671313285828,11.565412330627442,,0.7777778506278992,0.4550555944442749,1784468051.5050292,0.36693501472473145,0.6641486883163452,1711,0.8333333730697632,462.21,1.9609787464141846,2.1056487560272217,0.08417598903179169,0.22859370708465576,7.1666669845581055,-0.020790643990039825,0.05197022166103125,-0.7766637206077576,0.6960574984550476,3.0240790843963623,0.8595037460327148,0.5416905879974365,24.976086718440055,0.8657482862472534,0.4583333432674408
0.41942501068115234,0.2207392156124115,1844.701965198,-0.0076828038101666605,0.00011390625000000003,0.16121196746826172,0.44636306166648865,0.3208942711353302,10.436267852783203,0.0416666679084301,-0.014743220061063766,40244,0.30527353286743164,0.58191978931427,0.7236906290054321,11.55508370399475,,0.7777778506278992,0.4564143419265747,1784468054.0533514,0.36672529578208923,0.6816797256469727,1712,0.5416666865348816,480.21,1.612906813621521,2.1374120712280273,0.07161471247673035,0.23328232765197754,8.166666984558105,-0.02855651080608368,0.048196770064532754,-0.7914909720420837,0.6963607668876648,2.671583890914917,0.7968918085098267,0.49810051918029785,26.223466046750545,0.8886107802391052,0.2916666865348816
0.42151927947998047,0.20645985007286072,1847.284388326,-0.00785080560053757,0.00011390625000000006,0.14449428021907806,0.45114001631736755,0.3471314609050751,10.236272811889648,0.0,-0.015429206192493439,40959,0.28897595405578613,0.5558937788009644,0.7262109518051147,11.542343378067017,,0.7777778506278992,0.4559769630432129,1784468056.5527062,0.36670365929603577,0.684553325176239,1713,0.75,473.35,1.6282219886779785,2.1110665798187256,0.06919160485267639,0.22829878330230713,8.041666984558105,-0.025433212518692017,0.05224358011037111,-0.7926651835441589,0.6969318389892578,2.563573122024536,0.7682286500930786,0.48982733488082886,26.04975055731833,0.892190158367157,0.1666666716337204
0.42085713148117065,0.21929427981376648,1849.753744009,-0.006869201094377786,7.593750000000004e-05,0.16324739158153534,0.4498929977416992,0.36186420917510986,11.121711730957031,0.0,-0.016242677345871925,39602,0.30542778968811035,0.6133054494857788,0.7262368202209473,11.551011180877685,,0.7777778506278992,0.45521044731140137,1784468059.1403072,0.3668268918991089,0.6879113912582397,1714,0.625,474.92,1.7455815076828003,2.1768248081207275,0.07447826117277145,0.2356570065021515,7.75,-0.02138114534318447,0.05762670431286097,-0.7936868667602539,0.6973723769187927,2.7868783473968506,0.8205784559249878,0.51202392578125,26.13428981743753,0.8914448618888855,0.2083333432674408
0.40742647647857666,0.25576072931289673,1852.298407427,-0.008891635423060507,7.593750000000002e-05,0.19660314917564392,0.43427774310112,0.3661925196647644,11.464556694030762,0.0416666679084301,-0.016147540882229805,41587,0.2998957633972168,0.6575046181678772,0.7024627923965454,11.554930925369263,,0.7777778506278992,0.4531826376914978,1784468061.6039722,0.36686909198760986,0.6625461578369141,1715,0.9583333730697632,451.98,1.9436185359954834,2.0639142990112305,0.07994048297405243,0.2221497744321823,7.625,-0.021108156070113182,0.05843837913125753,-0.7746907472610474,0.6987459063529968,2.9485538005828857,0.8968362808227539,0.5443758368492126,24.309586884379385,0.8645294904708862,0.3333333432674408
0.42632707953453064,0.2172493189573288,1854.930916795,-0.00818448861828074,7.593750000000002e-05,0.15399900078773499,0.45673149824142456,0.3486664891242981,10.766364097595215,0.0,-0.016246628016233444,40217,0.30638694763183594,0.5606392621994019,0.7337762713432312,11.556642436981202,,0.7777778506278992,0.4513861835002899,1784468064.1555715,0.36681851744651794,0.696535050868988,1716,0.7083333730697632,483.25,1.589501142501831,2.1379292011260986,0.07085911929607391,0.2405296266078949,8.458333969116211,-0.02221985161304474,0.05403224229812622,-0.803469181060791,0.6990501880645752,2.620293140411377,0.8208045959472656,0.46620306372642517,26.31148676097393,0.9030782580375671,0.125
0.4222968816757202,0.2202134132385254,1857.429434558,-0.00854054747032933,7.593750000000002e-05,0.164725199341774,0.44991323351860046,0.3390030860900879,10.822368621826172,0.0,-0.01597181335091591,38997,0.317460298538208,0.5633213520050049,0.7269832491874695,11.534578847885133,,0.7777778506278992,0.45118221640586853,1784468066.79243,0.36642393469810486,0.685360848903656,1717,0.5833333730697632,477.09,1.677665114402771,2.2032999992370605,0.07256142795085907,0.23594260215759277,7.5,-0.019903048872947693,0.04748213086277246,-0.7954386472702026,0.7011411190032959,2.661151885986328,0.7743229866027832,0.47350308299064636,26.153986867666244,0.8928498029708862,0.3333333432674408
0.41900476813316345,0.21382808685302734,1860.017322239,-0.007842066563898697,0.00011390625000000003,0.15718509256839752,0.4476091265678406,0.3855288028717041,10.4105863571167,0.0,-0.015840426087379456,41245,0.2953507900238037,0.5450286865234375,0.7231082916259766,11.510390329360963,,0.7777778506278992,0.45090168714523315,1784468069.2759528,0.36621251702308655,0.6796344518661499,1718,0.5416666865348816,482.22,1.607771635055542,2.0880584716796875,0.06762036681175232,0.23706279695034027,7.5,-0.030541544780135155,0.06507957875728607,-0.7906786799430847,0.702610194683075,2.606344699859619,0.8112687468528748,0.47868889570236206,26.16659504160285,0.8877431750297546,0.125
0.4009101390838623,0.2627345621585846,1862.591964537,-0.007512475945986807,7.593750000000004e-05,0.19727659225463867,0.42941999435424805,0.30171871185302734,12.557792663574219,0.0,-0.016150470823049545,39513,0.3176558017730713,0.7047500610351562,0.6912273168563843,11.505074977874756,,0.7777778506278992,0.4506022334098816,1784468071.8779407,0.36621904373168945,0.6530052423477173,1719,1.0,451.43,1.890197515487671,2.1702301502227783,0.08740487694740295,0.22689315676689148,7.833333492279053,-0.02463323436677456,0.0673570478335023,-0.7638393640518188,0.7014078497886658,3.1358582973480225,0.9501152038574219,0.5999741554260254,24.69127070657909,0.8516237735748291,0.5416666865348816
0.4119681119918823,0.23254629969596863,1865.261933353,-0.0077600026459549555,5.062500000000002e-05,0.17625969648361206,0.4425821304321289,0.30555853247642517,10.948896408081055,0.0,-0.015879567712545395,39970,0.3293342590332031,0.574232816696167,0.7135853171348572,11.506874227523804,,0.7777778506278992,0.4514504075050354,1784468074.457169,0.3661872446537018,0.6754257678985596,1720,1.0,465.35,1.695212721824646,2.1300711631774902,0.07731228321790695,0.24046020209789276,7.958333492279053,-0.024897349998354912,0.0621855977922678,-0.7756718397140503,0.7000492811203003,2.7917895317077637,0.8154932856559753,0.4857906997203827,25.490703509151935,0.8747819662094116,0.2083333432674408
0.4200793206691742,0.21211183071136475,1867.723953404,-0.007723848475143314,0.00011390625000000003,0.15545451641082764,0.45118582248687744,0.33039891719818115,11.106306076049805,0.0,-0.014315205626189709,38530,0.3032104969024658,0.5804309248924255,0.724961519241333,11.505798625946046,,0.7777778506278992,0.4514612555503845,1784468077.1173432,0.36618512868881226,0.688014030456543,1721,0.7916666865348816,470.08,1.628617525100708,2.2480990886688232,0.07122272253036499,0.24129188060760498,8.833333969116211,-0.02151426672935486,0.0639424704015255,-0.7918521761894226,0.7014260292053223,2.7269465923309326,0.7671184539794922,0.48891425132751465,25.82888440310955,0.8911845684051514,0.2916666865348816
0.41443300247192383,0.24224793910980225,1870.316232606,-0.007001933610717969,7.593750000000004e-05,0.18513256311416626,0.44226011633872986,0.33610042929649353,11.451604843139648,0.0416666679084301,-0.0174216628074646,41750,0.3034806251525879,0.6152600049972534,0.7139430046081543,11.511145830154419,,0.7777778506278992,0.45322179794311523,1784468079.5726972,0.3662263751029968,0.6733856201171875,1722,0.9166666865348816,478.09,1.8862364292144775,2.0510928630828857,0.07779489457607269,0.2376765012741089,7.5416669845581055,-0.02538885921239853,0.05792909879237414,-0.7884075045585632,0.6997852325439453,2.8956286907196045,0.8320347666740417,0.5236690044403076,26.05305407986045,0.880125880241394,0.375
0.4182424545288086,0.24528054893016815,1872.946936357,-0.007129995297873393,7.593750000000002e-05,0.18007050454616547,0.4494783282279968,0.3274703025817871,11.251044273376465,0.0,-0.01588445156812668,39421,0.30928897857666016,0.601406455039978,0.7215327024459839,11.508255767822266,,0.7777778506278992,0.4539133906364441,1784468082.1720722,0.3660850524902344,0.6878105998039246,1723,0.875,460.29,1.7299875020980835,2.184387445449829,0.07898826897144318,0.2409960925579071,7.1666669845581055,-0.029352989047765732,0.05953528918325901,-0.7850755453109741,0.7002078890800476,2.8052783012390137,0.8459818363189697,0.49091029167175293,25.132478274703026,0.8865599036216736,0.2916666865348816
0.41685089468955994,0.22217391431331635,1875.444810498,-0.008532398055831437,7.593750000000002e-05,0.17255792021751404,0.4474340081214905,0.3201298117637634,11.083715438842773,0.0833333358168602,-0.015663793310523033,38948,0.31374263763427734,0.5850292444229126,0.7188547849655151,11.489516687393188,,0.7777778506278992,0.4517390727996826,1784468084.8108072,0.3658582270145416,0.6819084882736206,1724,0.6666666865348816,450.05,1.8769197463989258,2.210204839706421,0.07357621192932129,0.23882560431957245,7.7916669845581055,-0.025666486471891403,0.057338231801986696,-0.7811636924743652,0.7016574740409851,2.796875,0.8204523921012878,0.48826655745506287,24.628685414418577,0.8833049535751343,0.25
0.4043501615524292,0.2455333173274994,1878.059045875,-0.008256001689005643,7.593750000000002e-05,0.1807447373867035,0.4329213500022888,0.3626425266265869,11.64905834197998,0.0,-0.01715223118662834,41241,0.2903568744659424,0.6780009269714355,0.6966025829315186,11.481911277770996,,0.7777778506278992,0.45189040899276733,1784468087.294099,0.36586183309555054,0.658808171749115,1725,1.0,448.51,1.942201018333435,2.093235731124878,0.08372478932142258,0.22457334399223328,7.125,-0.02459130249917507,0.060439545474946496,-0.7640694975852966,0.7010939121246338,2.9612765312194824,0.8528846502304077,0.5775001645088196,24.11236234001815,0.8582797050476074,0.375
0.4074527621269226,0.2507295608520508,1880.52925407,-0.008144462003838272,0.00011390625000000003,0.2030702829360962,0.4390451908111572,0.30283358693122864,11.736474990844727,0.0833333358168602,-0.015427572652697563,39109,0.31682896614074707,0.6344932913780212,0.705945611000061,11.476933574676513,,0.7777778506278992,0.4512046277523041,1784468089.9201221,0.365728497505188,0.6669406890869141,1726,0.8333333730697632,462.77,1.8212112188339233,2.196704864501953,0.08024805784225464,0.2342274785041809,8.0,-0.020311899483203888,0.05814492348581553,-0.7606780529022217,0.7015079259872437,2.909578323364258,0.847558856010437,0.541885495185852,25.627982474211603,0.8637170791625977,0.4166666865348816
0.41692107915878296,0.2259771078824997,1883.465580733,-0.00752599929110147,0.00011390625000000006,0.16779649257659912,0.4482881724834442,0.3261495530605316,11.223254203796387,0.0,-0.01558048278093338,41688,0.29367876052856445,0.5910418629646301,0.7195900678634644,11.455724239349365,,0.7777778506278992,0.45389026403427124,1784468092.3764708,0.36541080474853516,0.6826839447021484,1727,0.75,473.07,1.780256986618042,2.064396858215332,0.0723457783460617,0.23871782422065735,7.875,-0.02348722517490387,0.04486933294683695,-0.7856258749961853,0.6993953585624695,2.760133743286133,0.8000218868255615,0.4933184087276459,25.74587880343199,0.8846724033355713,0.375
0.4191780090332031,0.22558525204658508,1886.035104926,-0.007263446730212309,0.00011390625000000006,0.16947484016418457,0.4504709243774414,0.30191197991371155,11.273422241210938,0.0833333358168602,-0.014456252567470074,34609,0.31527066230773926,0.577193021774292,0.7241594195365906,11.43456335067749,"{'path': 'media/videos/video_1728_141eedbb3cd1f47af09c.mp4', 'size': 1558926.0, '_type': 'video-file', 'sha256': '141eedbb3cd1f47af09c60deaa96bf57b1ac7648f7fe369c7098dbc2ed411171'}",0.7777778506278992,0.45331665873527527,1784468095.4122975,0.365298867225647,0.6842595934867859,1728,0.7083333730697632,481.79,1.6689977645874023,2.5251007080078125,0.07029332965612411,0.23693063855171204,8.083333969116211,-0.021881937980651855,0.05858487710356712,-0.7813927531242371,0.7005380392074585,2.761500120162964,0.8164238929748535,0.4740067422389984,26.49000840306282,0.8862543106079102,0.2083333432674408
0.427479088306427,0.21637015044689178,1888.564748109,-0.007288485165918246,0.00011390625000000006,0.162462517619133,0.4610191285610199,0.30420807003974915,11.271308898925781,0.0,-0.013889772817492485,41251,0.2971377372741699,0.6215915083885193,0.7394096255302429,11.440043020248414,,0.7777778506278992,0.45363473892211914,1784468097.8873699,0.36541643738746643,0.6991018056869507,1729,0.5,467.06,1.7900218963623047,2.085906505584717,0.0728784129023552,0.24214735627174377,7.7916669845581055,-0.02588988095521927,0.06658624224364758,-0.7922593951225281,0.700664758682251,2.7445321083068848,0.7920236587524414,0.5590007305145264,25.972688932567834,0.9041097164154053,0.2916666865348816
0.41008704900741577,0.25735801458358765,1891.100634423,-0.007427530342829414,5.0625000000000024e-05,0.1954459398984909,0.4405885636806488,0.3292718529701233,11.597480773925781,0.0416666679084301,-0.014915857464075089,40504,0.31905508041381836,0.667513370513916,0.7072949409484863,11.440484952926635,,0.7777778506278992,0.45318838953971863,1784468100.4381852,0.36533841490745544,0.666378915309906,1730,0.9166666865348816,449.78,1.8926657438278198,2.1079068183898926,0.08556787669658661,0.22000885009765625,7.2916669845581055,-0.02139456383883953,0.06314576771110296,-0.7728828191757202,0.7014371752738953,2.879702568054199,0.8602086901664734,0.5544127821922302,24.172000303417445,0.8702548742294312,0.4166666865348816
0.42401403188705444,0.21585330367088318,1893.751002514,-0.008376444136956707,0.00011390625000000005,0.16421394050121307,0.4553462862968445,0.3242775499820709,11.045778274536133,0.0416666679084301,-0.014748886227607727,40804,0.29089927673339844,0.56004798412323,0.7317451238632202,11.425934267044067,,0.7777778506278992,0.45265480875968933,1784468102.9580271,0.36511364579200745,0.6897722482681274,1731,0.7083333730697632,463.03,1.6725578308105469,2.118242025375366,0.07194378972053528,0.23673056066036224,7.708333492279053,-0.019671296700835228,0.05289925523102283,-0.7930695414543152,0.7019699811935425,2.703538417816162,0.7754192352294922,0.4655388593673706,25.515092048048974,0.8984581232070923,0.2916666865348816
0.417919397354126,0.23088201880455017,1896.374221875,-0.007994367515982504,0.00011390625000000006,0.1719905436038971,0.4492339491844177,0.2997707724571228,11.15962028503418,0.0833333358168602,-0.01579086296260357,38672,0.3236832618713379,0.6291160583496094,0.7231788635253906,11.41648817062378,,0.7777778506278992,0.4538964629173279,1784468105.614837,0.36511334776878357,0.6826076507568359,1732,0.75,464.2,1.789141058921814,2.2182819843292236,0.07334887236356735,0.23677659034729004,7.625,-0.022497594356536865,0.054267622902989386,-0.7877602577209473,0.7014055252075195,2.7336978912353516,0.8468555212020874,0.5315790176391602,25.253954520821573,0.8884060382843018,0.1666666716337204
0.41370248794555664,0.22094576060771942,1899.055235792,-0.006636807834729553,7.593750000000004e-05,0.16498331725597382,0.4465104043483734,0.34641993045806885,10.712958335876465,0.0,-0.016459833830595016,39239,0.3202841281890869,0.601103663444519,0.7148224115371704,11.413982009887695,,0.7777778506278992,0.45546090602874756,1784468108.2481673,0.36507558822631836,0.6771824359893799,1733,0.7916666865348816,461.56,1.701781988143921,2.1849658489227295,0.07280661910772324,0.23426145315170288,7.6666669845581055,-0.024097492918372154,0.05339968223124743,-0.7798080444335938,0.7002660632133484,2.6798534393310547,0.775669276714325,0.5050441026687622,25.018384269177915,0.8802997469902039,0.2083333432674408
0.41923999786376953,0.2141573280096054,1901.478979116,-0.00674656706978567,7.593750000000002e-05,0.15303602814674377,0.45152220129966736,0.33878201246261597,11.393125534057617,0.0,-0.014674397185444832,38516,0.3108491897583008,0.5846265554428101,0.7243444323539734,11.413706064224243,,0.7777778506278992,0.4565959870815277,1784468110.9174366,0.36506387591362,0.6841763257980347,1734,0.75,460.95,1.6043765544891357,2.2413816452026367,0.06946489959955215,0.23998090624809265,7.6666669845581055,-0.02219393476843834,0.05359913520514965,-0.7801281809806824,0.6988625526428223,2.6476831436157227,0.8304815292358398,0.4997166395187378,25.388839078992604,0.8866736888885498,0.125
0.4238778054714203,0.22973023355007172,1904.121932918,-0.008175114053301513,0.00011390625000000003,0.17258650064468384,0.45271605253219604,0.3624361753463745,11.408323287963867,0.0416666679084301,-0.01748163439333439,42515,0.29299426078796387,0.6341440081596375,0.73021399974823,11.407528638839722,,0.7777778506278992,0.4566805362701416,1784468113.327787,0.3649774193763733,0.686187207698822,1735,0.7916666865348816,474.41,1.7143663167953491,2.0192065238952637,0.07413842529058456,0.23513683676719666,7.9166669845581055,-0.023378655314445496,0.058545221388339994,-0.7999390363693237,0.6988434195518494,2.769465208053589,0.8287984132766724,0.5315417647361755,25.923135398030283,0.8987600207328796,0.2083333432674408
0.42443782091140747,0.21852628886699677,1906.605254521,-0.006984144041780382,7.593750000000004e-05,0.16013416647911072,0.45594310760498047,0.32600826025009155,10.811017990112305,0.0,-0.01731955073773861,38636,0.3112680912017822,0.6000849604606628,0.7350045442581177,11.397763729095459,,0.7777778506278992,0.4554924964904785,1784468115.978676,0.3648255467414856,0.6915421485900879,1736,0.6666666865348816,477.37,1.720560073852539,2.233035087585449,0.07182206213474274,0.23784682154655457,8.125,-0.02633947692811489,0.05564171802252531,-0.7967613935470581,0.698296308517456,2.7203402519226074,0.782750129699707,0.5162189602851868,26.149678110778332,0.9022358655929565,0.2083333432674408
0.4219267964363098,0.21992246806621552,1909.210723293,-0.008396072074538097,0.00011390625000000003,0.16844713687896729,0.45473620295524597,0.308211088180542,11.205915451049805,0.0,-0.014669230207800865,41432,0.2879502773284912,0.6258946657180786,0.7304189205169678,11.38222360610962,,0.7777778506278992,0.4540638327598572,1784468118.459982,0.36464759707450867,0.6891378164291382,1737,0.9166666865348816,462.06,1.5965198278427124,2.084660291671753,0.07442685961723328,0.23545554280281067,8.083333969116211,-0.022469788789749146,0.057284300215542316,-0.7879732847213745,0.6997605562210083,2.680056571960449,0.7949891090393066,0.5488675832748413,25.103812949731946,0.8940482139587402,0.2083333432674408
0.42295289039611816,0.2361184060573578,1911.699539586,-0.006450798219884746,5.0625000000000024e-05,0.18370936810970306,0.4548628330230713,0.3481092154979706,11.531458854675293,0.0,-0.01581045240163803,39336,0.30596137046813965,0.6281590461730957,0.7305333018302917,11.37353448867798,,0.7777778506278992,0.45191478729248047,1784468121.0644145,0.36452504992485046,0.6886553168296814,1738,0.875,478.32,1.7778677940368652,2.1931004524230957,0.07726282626390457,0.23244963586330414,7.25,-0.028228502720594406,0.05489930361509323,-0.7857288718223572,0.7016963362693787,2.7838752269744873,0.8301601409912109,0.5266684889793396,26.179195073544978,0.8945876955986023,0.2916666865348816
0.40635809302330017,0.24755650758743286,1914.273658679,-0.00827999614411965,0.00011390625000000005,0.19826911389827728,0.43621546030044556,0.3523383140563965,10.966350555419922,0.0,-0.01514435838907957,41230,0.29328417778015137,0.6423687934875488,0.7025973200798035,11.366702651977539,,0.7777778506278992,0.45481204986572266,1784468123.5556617,0.3644832968711853,0.6607073545455933,1739,0.7916666865348816,455.48,1.7310996055603027,2.090980291366577,0.0812755599617958,0.22599320113658905,7.0,-0.017932720482349396,0.060662895627319816,-0.7555254697799683,0.7013370990753174,2.7425003051757812,0.8261839747428894,0.5639984607696533,25.105385573506354,0.8601025342941284,0.5
0.4172533452510834,0.23010092973709106,1916.772573008,-0.006735470157582313,7.593750000000004e-05,0.17715182900428772,0.4487135410308838,0.31982049345970154,11.210149765014648,0.0833333358168602,-0.016036398708820343,39888,0.30637311935424805,0.6375292539596558,0.7222346067428589,11.366845321655273,,0.7777778506278992,0.4550101161003113,1784468126.1308692,0.3644317388534546,0.6810421943664551,1740,0.6666666865348816,463.47,1.767134428024292,2.158125400543213,0.07345402240753174,0.23868247866630554,8.166666984558105,-0.021926362067461014,0.056464397348463535,-0.7829686403274536,0.702441394329071,2.788442373275757,0.804387092590332,0.5371314883232117,25.271436746269465,0.8862525820732117,0.25
0.4283434748649597,0.22258436679840088,1919.363454283,-0.00821331046463456,0.00017085937500000006,0.1686679571866989,0.46311134099960327,0.3467983603477478,11.214422225952148,0.0833333358168602,-0.015548191964626312,41190,0.2962164878845215,0.622848391532898,0.7433270215988159,11.355463314056397,,0.7777778506278992,0.4539794325828552,1784468128.6292489,0.36417707800865173,0.6997513175010681,1741,0.625,485.29,1.7177103757858276,2.0903332233428955,0.07366317510604858,0.2436743974685669,8.041666984558105,-0.02901415340602398,0.04988216608762741,-0.792982280254364,0.7037744522094727,2.7370333671569824,0.8005310297012329,0.5262984037399292,26.792498015761375,0.9060551524162292,0.375
0.4163171052932739,0.22657577693462372,1921.853565086,-0.007898907306662295,0.00011390625000000006,0.17739355564117432,0.447954386472702,0.3268943727016449,11.147826194763184,0.0833333358168602,-0.016646482050418854,39573,0.30842113494873047,0.6296149492263794,0.7214568853378296,11.343620109558106,,0.7777778506278992,0.45404642820358276,1784468131.2180464,0.3641941249370575,0.6795400977134705,1742,0.875,465.23,1.7257708311080933,2.1756482124328613,0.07615502923727036,0.23829662799835205,8.958333969116211,-0.02074231393635273,0.06447372063994408,-0.7799062132835388,0.7036392688751221,2.8235034942626953,0.8422377109527588,0.5261703729629517,25.532563783824443,0.8849522471427917,0.125
0.40961095690727234,0.23995748162269592,1924.457222552,-0.007477673231915105,0.00011390625000000006,0.19144730269908905,0.44160956144332886,0.32611140608787537,11.902198791503906,0.0416666679084301,-0.016028717160224915,41195,0.29268884658813477,0.6666164398193359,0.7102416753768921,11.351877021789551,,0.7777778506278992,0.4526328444480896,1784468133.6998725,0.36430591344833374,0.6671217679977417,1743,0.9166666865348816,456.86,1.9260900020599365,2.093599796295166,0.07952363789081573,0.22900426387786865,7.5416669845581055,-0.025634821504354477,0.0647344771772623,-0.7674704790115356,0.7035382986068726,2.9732003211975098,0.8417153358459473,0.5678353905677795,24.899264434427025,0.8692675828933716,0.3333333432674408
0.4106709361076355,0.2397804707288742,1926.94776533,-0.0065941174143517856,7.593750000000004e-05,0.19327716529369354,0.44126957654953003,0.38922667503356934,11.620123863220215,0.0416666679084301,-0.01709684729576111,39203,0.30437588691711426,0.6412287950515747,0.7097519636154175,11.365833950042724,,0.7777778506278992,0.45512139797210693,1784468136.3147745,0.36453622579574585,0.6684381365776062,1744,0.9166666865348816,457.64,1.7916154861450195,2.2031702995300293,0.078252412378788,0.23278364539146423,7.333333492279053,-0.02387969009578228,0.07673745863139629,-0.7753771543502808,0.7019200325012207,2.9439444541931152,0.8474170565605164,0.5350664258003235,25.014662500619888,0.874079704284668,0.375
0.4109025001525879,0.24555078148841858,1929.519737578,-0.007957750448258593,5.062500000000002e-05,0.18405291438102722,0.44339537620544434,0.3334490656852722,11.936710357666016,0.0416666679084301,-0.01602425053715706,41244,0.28951478004455566,0.6698845624923706,0.7125608325004578,11.387852907180786,,0.7777778506278992,0.45505040884017944,1784468138.7961133,0.3647956848144531,0.6708365678787231,1745,0.9583333730697632,465.48,1.8466880321502686,2.093907117843628,0.08134354650974274,0.23103773593902588,7.6666669845581055,-0.023378998041152954,0.07370321229100227,-0.7660659551620483,0.7021187543869019,2.9981727600097656,0.8390259742736816,0.57766193151474,25.56500213444233,0.871597409248352,0.3333333432674408
0.40705907344818115,0.25476163625717163,1931.949262842,-0.007642525411210954,0.00011390625000000003,0.19428245723247528,0.4376612603664398,0.32668155431747437,11.414306640625,0.0,-0.01775125041604042,39750,0.2978708744049072,0.6714104413986206,0.7055454254150391,11.396642684936523,,0.7777778506278992,0.45760735869407654,1784468141.3705995,0.36487284302711487,0.6622102856636047,1746,0.875,463.0,1.7155746221542358,2.175182342529297,0.08280566334724426,0.22564435005187988,7.7916669845581055,-0.023259487003087997,0.06407319959253073,-0.7676865458488464,0.7010443210601807,2.870962619781494,0.8413896560668945,0.5948560237884521,25.247393975257875,0.8662380576133728,0.3333333432674408
0.4131925702095032,0.24055215716362,1935.166387112,-0.0065537333794054575,5.0625000000000024e-05,0.17980965971946716,0.4472053647041321,0.3276538550853729,11.026948928833008,0.0416666679084301,-0.015041930601000786,42239,0.3065755367279053,0.6165645122528076,0.718768298625946,11.395206642150878,,0.7777778506278992,0.45903438329696655,1784468143.8011334,0.3647703528404236,0.6778162717819214,1747,0.5416666865348816,482.01,1.6989105939865112,2.020705223083496,0.07781793177127838,0.23929493129253387,7.875,-0.024123018607497215,0.04761253092437982,-0.7689061164855957,0.7012605667114258,2.7332160472869873,0.8263670802116394,0.5335848331451416,26.68884820446372,0.8775354623794556,0.4583333432674408
0.41262897849082947,0.22722744941711426,1937.649869521,-0.007431311084656045,7.593750000000002e-05,0.17042051255702972,0.44153857231140137,0.3474188446998596,11.5648832321167,0.0833333358168602,-0.015968194231390953,31556,0.325178861618042,0.5830355286598206,0.7130130529403687,11.382173538208008,"{'_type': 'video-file', 'sha256': 'cb6e9316c010cc418ed8c78dc085d1d8a01d7cd4586888a6b653ab4a624e8696', 'path': 'media/videos/video_1748_cb6e9316c010cc418ed8.mp4', 'size': 1709859.0}",0.7777778506278992,0.46086737513542175,1784468147.0868359,0.364686518907547,0.666973352432251,1748,0.7083333730697632,455.02,1.7552999258041382,2.7899630069732666,0.0741407573223114,0.22683849930763245,7.2916669845581055,-0.0192026998847723,0.06587652433663607,-0.769871711730957,0.7009557485580444,2.8324475288391113,0.7883647680282593,0.5116298794746399,24.919485171437262,0.8724093437194824,0.25
0.41057324409484863,0.23505079746246338,1940.285849757,-0.007796754187438637,7.593750000000002e-05,0.17497262358665466,0.44277223944664,0.31582096219062805,11.113982200622559,0.0,-0.01611141301691532,42312,0.3100109100341797,0.6111578941345215,0.7125768661499023,11.3802996635437,,0.7777778506278992,0.4622821509838104,1784468149.512206,0.36462923884391785,0.6684056520462036,1749,0.875,479.62,1.724111557006836,2.013296365737915,0.07850922644138336,0.22837917506694794,8.541666984558105,-0.025120092555880547,0.05423593893647194,-0.7657279372215271,0.6997950077056885,2.714397430419922,0.807909369468689,0.5230781435966492,26.39002420604229,0.8700964450836182,0.3333333432674408
0.41964834928512573,0.22386310994625092,1942.973994767,-0.007775187645893311,7.593750000000002e-05,0.17018984258174896,0.45274513959884644,0.2991529405117035,10.941622734069824,0.0833333358168602,-0.015014739707112312,39042,0.29416418075561523,0.6058460474014282,0.7297903895378113,11.377081060409546,,0.7777778506278992,0.46311435103416443,1784468152.1351035,0.36470258235931396,0.684576690196991,1750,0.5,467.13,1.7125542163848877,2.2237067222595215,0.07151159644126892,0.23869548738002777,6.958333492279053,-0.022813931107521057,0.06920216009020805,-0.7813868522644043,0.6992074251174927,2.754500150680542,0.8067607879638672,0.504313588142395,25.697293304502963,0.8909041285514832,0.1666666716337204
0.41308146715164185,0.2503369152545929,1945.55706266,-0.00822748250211589,7.593750000000002e-05,0.19099652767181396,0.4467129111289978,0.28616878390312195,12.030454635620117,0.125,-0.01632647216320038,37983,0.31512904167175293,0.6340258121490479,0.7170381546020508,11.394338846206665,,0.7777778506278992,0.46374446153640747,1784468154.8390448,0.3649413287639618,0.6760565638542175,1751,0.9583333730697632,449.71,1.8693597316741943,2.272942066192627,0.07800287008285522,0.23016223311424255,7.75,-0.02054276131093502,0.08002901338040828,-0.7721136808395386,0.6977874040603638,2.9765334129333496,0.914566695690155,0.5161541700363159,24.440003135725856,0.8772968649864197,0.1666666716337204
0.4132845401763916,0.25267887115478516,1948.070829651,-0.008745993244519922,0.00011390625000000003,0.19471679627895355,0.446613609790802,0.34223994612693787,11.05427360534668,0.0833333358168602,-0.016581472009420395,39913,0.3280961513519287,0.6306735873222351,0.7186969518661499,11.413305139541626,,0.7777778506278992,0.4661523699760437,1784468157.4142084,0.36508309841156006,0.674911379814148,1752,0.9166666865348816,465.22,1.7170171737670898,2.1348342895507812,0.08404219150543213,0.23261034488677979,7.833333492279053,-0.025043893605470657,0.0688317645341158,-0.770169734954834,0.6964408159255981,2.791559934616089,0.8572737574577332,0.5294109582901001,25.66320236094296,0.8771979808807373,0.4166666865348816
0.41267701983451843,0.23131005465984344,1950.544124978,-0.006577575573464856,5.0625000000000024e-05,0.17605708539485931,0.44674575328826904,0.3186163306236267,11.45759105682373,0.0416666679084301,-0.01392810232937336,40893,0.30181312561035156,0.6330407857894897,0.7161855697631836,11.41518497467041,,0.7777778506278992,0.46870195865631104,1784468159.9198587,0.36509642004966736,0.6731828451156616,1753,0.7916666865348816,471.45,1.7279176712036133,2.1020779609680176,0.07781974971294403,0.22742486000061035,7.625,-0.02103559486567974,0.061031769029796124,-0.7644028067588806,0.6980482339859009,2.868588924407959,0.7939660549163818,0.5334205031394958,25.902496398985384,0.8743142485618591,0.3333333432674408
0.4171358346939087,0.2274949848651886,1953.210068771,-0.008628944319207221,7.593750000000002e-05,0.17045891284942627,0.45059913396835327,0.32534512877464294,11.163084030151367,0.0,-0.014612702652812004,41426,0.3136725425720215,0.5947980880737305,0.7252172231674194,11.416244745254517,,0.7777778506278992,0.46662458777427673,1784468162.403361,0.3651350736618042,0.6793767809867859,1754,0.875,471.84,1.8248599767684937,2.0593268871307373,0.07556068897247314,0.22876136004924774,7.7916669845581055,-0.02447773516178131,0.06281018033623695,-0.7682689428329468,0.7021750807762146,2.8543014526367188,0.8280967473983765,0.48443803191185,26.144085005149247,0.8825165629386902,0.3333333432674408
0.41255277395248413,0.26071465015411377,1955.676174958,-0.008120888227131218,7.593750000000002e-05,0.20756298303604126,0.44365161657333374,0.36467522382736206,12.502188682556152,0.0833333358168602,-0.016551759093999863,38505,0.3123955726623535,0.6795940399169922,0.714413583278656,11.427158403396607,,0.7777778506278992,0.46457475423812866,1784468165.0597816,0.36529719829559326,0.6689614057540894,1755,0.75,471.23,1.810289740562439,2.2406091690063477,0.08324114978313446,0.2244451940059662,7.5416669845581055,-0.02384065091609955,0.06385269407182932,-0.76816725730896,0.7037331461906433,3.054553508758545,0.8581913709640503,0.5549228191375732,25.736630286723376,0.8730971813201904,0.1666666716337204
0.417775958776474,0.22881703078746796,1958.31800861,-0.00777469506720081,0.00011390625000000003,0.181564062833786,0.45292553305625916,0.33802303671836853,10.762128829956055,0.125,-0.016692956909537315,41545,0.28824830055236816,0.5866509079933167,0.7259620428085327,11.44125394821167,,0.7777778506278992,0.4654693603515625,1784468167.531682,0.3654573857784271,0.6839327812194824,1756,0.5,470.12,1.6180267333984375,2.077944278717041,0.0759025514125824,0.23520301282405853,8.583333969116211,-0.026884883642196655,0.07075401321053505,-0.7816798090934753,0.7044166326522827,2.6887025833129883,0.7781823873519897,0.49196332693099976,25.90983275488019,0.8882488012313843,0.4583333432674408
0.40747952461242676,0.24054646492004395,1960.790569127,-0.007220066944137215,7.593750000000004e-05,0.17969673871994019,0.4400928020477295,0.2911415696144104,11.925407409667969,0.0833333358168602,-0.016155418008565903,38772,0.29633545875549316,0.6633843183517456,0.7062081098556519,11.441422176361083,,0.7777778506278992,0.46531304717063904,1784468170.1652887,0.3653218448162079,0.6637033224105835,1757,0.9583333730697632,469.71,1.847487449645996,2.239079475402832,0.07711191475391388,0.22711116075515747,7.083333492279053,-0.024268552660942078,0.06170067619532347,-0.7592462301254272,0.7036649584770203,2.9443511962890625,0.8399738073348999,0.5319867134094238,25.95643482208252,0.8627049922943115,0.2916666865348816
0.41192197799682617,0.23070017993450165,1963.38165292,-0.007781484874431044,7.593750000000002e-05,0.1819649636745453,0.44542965292930603,0.3318121135234833,10.729658126831055,0.0,-0.015580832026898861,41400,0.3040003776550293,0.5839022994041443,0.715989351272583,11.431208181381226,,0.7777778506278992,0.4623512625694275,1784468172.6453853,0.3652811050415039,0.6727790832519531,1758,0.7083333730697632,455.7,1.7589151859283447,2.07047963142395,0.07703940570354462,0.23433594405651093,8.291666984558105,-0.021608799695968628,0.054643566347658636,-0.7677556872367859,0.706447958946228,2.7149264812469482,0.8157415390014648,0.48450273275375366,24.956785056442023,0.8734545111656189,0.375
0.4328650236129761,0.20189452171325684,1965.873719338,-0.008327744493726641,0.00011390625000000003,0.1503174751996994,0.46810978651046753,0.32293325662612915,10.451748847961426,0.0,-0.013928426429629326,39539,0.2987041473388672,0.5372445583343506,0.7516724467277527,11.424495124816895,,0.7777778506278992,0.462545245885849,1784468175.2285054,0.3651134967803955,0.703605055809021,1759,0.375,495.4,1.5792317390441895,2.1875040531158447,0.06631164252758026,0.24164414405822754,7.083333492279053,-0.027425777167081833,0.04937923289835453,-0.8005099296569824,0.7064355611801147,2.5537233352661133,0.7313863039016724,0.47603437304496765,27.362244491577147,0.9159218072891235,0.2083333432674408
0.41177552938461304,0.249874085187912,1968.350067948,-0.007262297999113798,7.593750000000004e-05,0.18984441459178925,0.44249147176742554,0.30817288160324097,11.391761779785156,0.125,-0.01732020452618599,41036,0.2855823040008545,0.619961142539978,0.7123171091079712,11.411572647094726,,0.7777778506278992,0.46301770210266113,1784468177.724259,0.3651060461997986,0.6684920191764832,1760,0.7083333730697632,473.58,1.8438115119934082,2.1099724769592285,0.0787343680858612,0.22912481427192688,7.875,-0.0232025608420372,0.05696930270642042,-0.7720739245414734,0.7062308192253113,2.8714256286621094,0.8077173233032227,0.530540943145752,25.993446818590165,0.8725153803825378,0.375
0.4197370409965515,0.23133063316345215,1970.812282654,-0.008664067002246156,0.00011390625000000003,0.1673623025417328,0.45099782943725586,0.35339921712875366,11.50767707824707,0.0,-0.016694866120815277,41386,0.29715681076049805,0.6188422441482544,0.7270070314407349,11.41747612953186,,0.7777778506278992,0.46190565824508667,1784468180.2060454,0.36516061425209045,0.68236243724823,1761,0.75,474.89,1.773153305053711,2.078105926513672,0.07293051481246948,0.23667553067207336,7.7916669845581055,-0.025287196040153503,0.05207821875810623,-0.7866555452346802,0.7059741020202637,2.8143908977508545,0.8382612466812134,0.5040735006332397,25.942150332927703,0.8905434608459473,0.2083333432674408
0.4205501973628998,0.21950910985469818,1973.337613391,-0.0066566815716214475,7.593750000000004e-05,0.16108018159866333,0.4542655944824219,0.31593722105026245,11.177633285522461,0.0416666679084301,-0.016475828364491463,41730,0.3126857280731201,0.6200367212295532,0.7306033968925476,11.413516092300416,,0.7777778506278992,0.4605506658554077,1784468182.67665,0.36509352922439575,0.6865978240966797,1762,0.5,465.5,1.6465120315551758,2.043015718460083,0.0731019377708435,0.24247704446315765,7.833333492279053,-0.0222693532705307,0.04846453107893467,-0.7869681119918823,0.7068280577659607,2.759814739227295,0.7742022275924683,0.5083999633789062,25.64661891400814,0.8932399749755859,0.4166666865348816
0.4216307997703552,0.20333342254161835,1975.9687423,-0.008216076334065292,7.593750000000002e-05,0.14080801606178284,0.4571240544319153,0.3720126748085022,10.31319808959961,0.0,-0.015174789354205132,40843,0.28926825523376465,0.5258854627609253,0.7340483665466309,11.4110098361969,,0.7777778506278992,0.46079277992248535,1784468185.1879811,0.365167498588562,0.6900033950805664,1763,0.6666666865348816,472.29,1.5794401168823242,2.1175589561462402,0.06758429855108261,0.24425050616264343,8.833333969116211,-0.023437924683094025,0.07056895904242992,-0.7844210863113403,0.7071329951286316,2.5236196517944336,0.7587350606918335,0.45182472467422485,26.103668690025806,0.8955280184745789,0.2916666865348816
0.4128410220146179,0.2416256070137024,1978.565184674,-0.00889190406887792,7.593750000000002e-05,0.185982346534729,0.44559603929519653,0.35518425703048706,11.165496826171875,0.0416666679084301,-0.01533577125519514,38866,0.3208742141723633,0.6294620037078857,0.7172508239746094,11.419521713256836,,0.7777778506278992,0.460099995136261,1784468187.8267672,0.3652343153953552,0.6709787249565125,1764,0.9166666865348816,480.14,1.7162399291992188,2.2083935737609863,0.07775330543518066,0.23014390468597412,7.5,-0.025113672018051147,0.04956291690468788,-0.7720726728439331,0.7085348963737488,2.821277618408203,0.8295817375183105,0.5369219779968262,26.20230064459145,0.8760305643081665,0.375
0.41518253087997437,0.23314952850341797,1981.253446404,-0.007648933706514071,7.593750000000002e-05,0.17477640509605408,0.4479377269744873,0.3208690881729126,11.47321891784668,0.0833333358168602,-0.014738052152097225,39727,0.3144257068634033,0.5983231067657471,0.7203941345214844,11.414229774475098,,0.7777778506278992,0.46068280935287476,1784468190.4308467,0.36516907811164856,0.6755608320236206,1765,0.7083333730697632,459.32,1.7004518508911133,2.160045623779297,0.07438281923532486,0.23353628814220428,7.458333492279053,-0.02220257744193077,0.06427011359483004,-0.7702438235282898,0.7087440490722656,2.7659356594085693,0.8443912267684937,0.5037875175476074,25.07338860347867,0.8778945803642273,0.25
0.40819403529167175,0.2510532736778259,1983.836169128,-0.008106727281119674,0.00011390625000000003,0.1902778148651123,0.4387478232383728,0.3251514434814453,12.062065124511719,0.0416666679084301,-0.017253469675779343,38249,0.31339359283447266,0.672011137008667,0.7066325545310974,11.403819227218628,,0.7777778506278992,0.4609392583370209,1784468193.1151845,0.36502161622047424,0.6631330847740173,1766,1.0416667461395264,466.2,1.9740521907806396,2.2566561698913574,0.07903379946947098,0.229789599776268,8.541666984558105,-0.026842456310987473,0.06121477615088224,-0.7661163210868835,0.7090243101119995,3.01997447013855,0.8399357199668884,0.5641732215881348,25.626449785381556,0.8663641810417175,0.3333333432674408
0.4193173348903656,0.22271744906902313,1986.453934643,-0.008027211474609431,0.00011390625000000006,0.17275957763195038,0.45079195499420166,0.3413132429122925,11.336870193481445,0.0,-0.016474399715662003,39838,0.31269264221191406,0.6093841791152954,0.7272610664367676,11.385823392868042,,0.7777778506278992,0.45885738730430603,1784468195.703492,0.36461687088012695,0.6827465891838074,1767,0.7083333730697632,484.12,1.7767469882965088,2.1549007892608643,0.0725332498550415,0.2379591166973114,7.0,-0.02434879168868065,0.045136908255517486,-0.7871640920639038,0.7087687849998474,2.8182168006896973,0.8169850707054138,0.5193157196044922,26.591115879900755,0.8898555636405945,0.125
0.41646045446395874,0.2257208675146103,1989.521479631,-0.008330641686916352,0.00017085937500000009,0.17048799991607666,0.44972002506256104,0.34482747316360474,10.717451095581055,0.0416666679084301,-0.015105444006621838,39381,0.29461193084716797,0.6142390966415405,0.7227377891540527,11.3459951877594,,0.7777778506278992,0.457446813583374,1784468198.3051863,0.3642199635505676,0.680243730545044,1768,0.5,463.71,1.666818618774414,2.201587200164795,0.07352688908576965,0.2360270619392395,7.458333492279053,-0.027886152267456055,0.048464723862707615,-0.7756938934326172,0.7101664543151855,2.682655096054077,0.7588257789611816,0.536419689655304,25.524736260548234,0.8822296857833862,0.2916666865348816
0.42082715034484863,0.21775440871715546,1992.263449823,-0.007755597254072199,7.593750000000004e-05,0.15915387868881226,0.4540198743343353,0.3102855086326599,10.52638053894043,0.0,-0.015612717717885971,33155,0.2893495559692383,0.5849002599716187,0.7299191951751709,11.331077718734742,"{'sha256': 'a8adf87727ab3dd8422ef9b84f750a741d71d185f054f35fb0575357c3d41929', 'path': 'media/videos/video_1769_a8adf87727ab3dd8422e.mp4', 'size': 1559795.0, '_type': 'video-file'}",0.7777778506278992,0.4553929567337036,1784468201.4622297,0.3641126751899719,0.6862108111381531,1769,0.625,476.1,1.6178768873214722,2.675626754760742,0.07023999840021133,0.2348564714193344,7.625,-0.02142954431474209,0.053033079020679,-0.7880507707595825,0.7112647891044617,2.631242513656616,0.7587007284164429,0.5223950147628784,26.136483500003816,0.8921154737472534,0.25
0.4145882725715637,0.2390764206647873,1994.803306451,-0.00793897484545596,0.00017085937500000006,0.18368200957775116,0.4473089873790741,0.2893441617488861,10.872965812683105,0.0,-0.015206354670226574,38418,0.3280973434448242,0.6004931926727295,0.719918429851532,11.330106496810913,,0.7777778506278992,0.45597514510154724,1784468204.1291983,0.3641548752784729,0.6788553595542908,1770,0.75,455.34,1.7756890058517456,2.2306530475616455,0.07755483686923981,0.2392038106918335,8.083333969116211,-0.027605827897787094,0.04775877837091684,-0.7732295989990234,0.7108708620071411,2.745133399963379,0.8126039505004883,0.528831422328949,25.164356172680854,0.8776261210441589,0.4166666865348816
0.4259462356567383,0.20007380843162537,1997.397048926,-0.007759515551151707,0.00011390625000000006,0.148418590426445,0.45765233039855957,0.3139297664165497,10.673322677612305,0.0,-0.016875533387064934,40630,0.2857508659362793,0.5496340990066528,0.7394441366195679,11.333537817001343,,0.7777778506278992,0.45423340797424316,1784468206.6487086,0.36419913172721863,0.6938529014587402,1771,0.4583333432674408,483.71,1.6486260890960693,2.1337172985076904,0.06798271834850311,0.24740588665008545,7.1666669845581055,-0.023890821263194084,0.06426093373447657,-0.7983565330505371,0.7130028605461121,2.6170907020568848,0.7253310680389404,0.46098971366882324,26.578563206791877,0.9041172862052917,0.25
0.4217781722545624,0.22780047357082367,2000.007075719,-0.006674307311186567,7.593750000000004e-05,0.18209759891033173,0.45736727118492126,0.27182695269584656,11.028639793395996,0.0416666679084301,-0.014886250719428062,39408,0.3162353038787842,0.5679233074188232,0.7347792387008667,11.338483762741088,,0.7777778506278992,0.4524923264980316,1784468209.2593122,0.3642255961894989,0.6937047839164734,1772,0.5416666865348816,468.83,1.573768138885498,2.1782610416412354,0.07596464455127716,0.24019692838191986,8.416666984558105,-0.021516606211662292,0.05136846266686916,-0.7816765308380127,0.7142319679260254,2.677812099456787,0.7920093536376953,0.4840020537376404,25.962881841361522,0.8938686847686768,0.375
0.4177353084087372,0.21878544986248016,2002.69313533,-0.008665923620992545,7.593750000000002e-05,0.16697685420513153,0.4504076838493347,0.3139733076095581,11.17939567565918,0.0,-0.016440805047750473,39427,0.3035275936126709,0.5855059623718262,0.7245122790336609,11.33589572906494,,0.7777778506278992,0.4482048451900482,1784468211.8502076,0.36420002579689026,0.6805412173271179,1773,0.75,462.57,1.6655848026275635,2.18977689743042,0.07125940173864365,0.23386721312999725,7.583333492279053,-0.023908820003271103,0.05340294260531664,-0.7845513820648193,0.7183027267456055,2.773014545440674,0.839503288269043,0.4962082803249359,25.32976270750165,0.8863548636436462,0.2083333432674408
0.416806697845459,0.22430191934108734,2005.146957839,-0.008016923139803112,7.593750000000002e-05,0.16927361488342285,0.4476686418056488,0.2927761673927307,11.059959411621094,0.0416666679084301,-0.015935929492115974,37951,0.31229352951049805,0.5974600315093994,0.7218836545944214,11.332497453689575,,0.7777778506278992,0.44656118750572205,1784468214.5509202,0.36412549018859863,0.6765186190605164,1774,0.5833333730697632,479.05,1.7998619079589844,2.2779417037963867,0.07096020877361298,0.23730069398880005,7.7916669845581055,-0.024412337690591812,0.062197870947420596,-0.7815234065055847,0.7191731929779053,2.7398650646209717,0.7976444959640503,0.5195964574813843,26.180657756328582,0.8832097053527832,0.2916666865348816
0.41299208998680115,0.2566474676132202,2007.583363158,-0.007916849217144773,0.00011390625000000003,0.20230942964553833,0.4489893317222595,0.3298117518424988,11.549856185913086,0.0416666679084301,-0.01610913872718811,41935,0.2882068157196045,0.6215154528617859,0.719321608543396,11.330084180831909,,0.7777778506278992,0.4472420811653137,1784468217.0030458,0.3641265034675598,0.6780585050582886,1775,0.75,469.26,1.7632898092269897,2.0559375286102295,0.08259658515453339,0.23544752597808838,7.2916669845581055,-0.023472025990486145,0.05743442755192518,-0.770518958568573,0.7193088531494141,2.9241130352020264,0.810606837272644,0.540194571018219,25.990841778814794,0.8776969909667969,0.4166666865348816
0.4190821647644043,0.2227853238582611,2010.076765,-0.007466790312901139,0.00011390625000000006,0.1706249713897705,0.4510628581047058,0.3312908411026001,10.86787223815918,0.0,-0.017354674637317657,42199,0.2843034267425537,0.5471309423446655,0.7268768548965454,11.322134304046632,,0.7777778506278992,0.448322594165802,1784468219.4375894,0.3639800250530243,0.6823467016220093,1776,0.75,478.49,1.549767255783081,2.0452284812927246,0.07166574895381927,0.2373858541250229,8.0,-0.025982823222875595,0.051828034594655036,-0.7922220230102539,0.7184450626373291,2.667327642440796,0.793136715888977,0.4490474462509155,26.241881905794145,0.8912526369094849,0.4166666865348816
0.41727781295776367,0.21957573294639587,2012.580434501,-0.0073823056009132415,7.593750000000004e-05,0.16808930039405823,0.4495314061641693,0.3256676197052002,11.027557373046875,0.125,-0.01588280126452446,41172,0.2935643196105957,0.5977914333343506,0.7225015163421631,11.310053157806397,,0.7777778506278992,0.44340962171554565,1784468221.9237049,0.36390817165374756,0.6793715953826904,1777,0.7083333730697632,487.25,1.6774568557739258,2.0940628051757812,0.07170744240283966,0.23612600564956665,8.75,-0.025021973997354507,0.07051910385489464,-0.7803975939750671,0.722109317779541,2.727412700653076,0.8062303066253662,0.49276480078697205,27.037825297415257,0.8839475512504578,0.1666666716337204
0.4067508578300476,0.2537016272544861,2015.219051375,-0.008297720182872581,0.00011390625000000003,0.1926950067281723,0.43837422132492065,0.31327253580093384,11.563018798828125,0.0416666679084301,-0.016240347176790237,40851,0.314969539642334,0.6575651168823242,0.705551266670227,11.305110120773316,,0.7777778506278992,0.44148537516593933,1784468224.442465,0.36390987038612366,0.6626428365707397,1778,0.875,459.62,1.8840011358261108,2.091423273086548,0.08070512115955353,0.2266620397567749,7.25,-0.02401149831712246,0.05499604474753141,-0.752978503704071,0.7229153513908386,2.9411561489105225,0.8828150629997253,0.5490157604217529,25.40992145895958,0.8608958125114441,0.5416666865348816
0.4212642312049866,0.20820645987987518,2017.662001968,-0.00545400163391605,5.0625000000000024e-05,0.14642685651779175,0.4545738697052002,0.29917576909065247,10.200613975524902,0.0,-0.01727248728275299,38986,0.305908203125,0.5526403188705444,0.7300654649734497,11.308146715164185,,0.7777778506278992,0.44219669699668884,1784468227.072899,0.3639560639858246,0.685111403465271,1779,0.4166666865348816,468.48,1.6449413299560547,2.2155885696411133,0.06740140914916992,0.23794996738433838,8.041666984558105,-0.026290949434041977,0.05439874660223722,-0.7875902652740479,0.7237757444381714,2.5042550563812256,0.7626139521598816,0.49390992522239685,25.643775403350592,0.893287181854248,0.3333333432674408
0.4148051142692566,0.23597043752670288,2020.272082919,-0.008305941766593605,0.00011390625000000005,0.17649392783641815,0.4476087987422943,0.33064574003219604,11.877090454101562,0.0,-0.016053687781095505,42042,0.2852742671966553,0.6513571739196777,0.7198376059532166,11.305222177505494,,0.7777778506278992,0.43879061937332153,1784468229.5101852,0.36385998129844666,0.6777633428573608,1780,0.7916666865348816,465.97,1.8094911575317383,2.052903652191162,0.07805705815553665,0.24304704368114471,6.9166669845581055,-0.021019235253334045,0.05470364615321159,-0.7754348516464233,0.7255725264549255,2.966982364654541,0.8496798872947693,0.5420610904693604,25.556505320817234,0.8787355422973633,0.4583333432674408
0.4160102307796478,0.2299957573413849,2022.78323738,-0.008450014796108008,0.00011390625000000003,0.17287006974220276,0.45145711302757263,0.3201349377632141,10.710814476013184,0.0,-0.014713093638420105,39138,0.3043355941772461,0.6195352077484131,0.7232403755187988,11.293368530273437,,0.7777778506278992,0.4368458390235901,1784468232.1376073,0.36382338404655457,0.6810867786407471,1781,0.7083333730697632,477.2,1.759232997894287,2.207346200942993,0.07300177961587906,0.24202924966812134,8.041666984558105,-0.023723497986793518,0.0606007257476449,-0.7772828340530396,0.726943850517273,2.746727705001831,0.8269466161727905,0.5290027856826782,26.251987774819135,0.8843902349472046,0.375
0.40908241271972656,0.24086615443229675,2025.377552325,-0.007389310048893094,7.593750000000004e-05,0.18024542927742004,0.44045406579971313,0.3090430498123169,11.474043846130371,0.1666666716337204,-0.01590166613459587,41036,0.30016112327575684,0.5944399833679199,0.7075210809707642,11.296182203292847,,0.7777778506278992,0.43723639845848083,1784468234.6334357,0.3638387620449066,0.6673026084899902,1782,0.875,447.98,1.7456979751586914,2.095353841781616,0.0774003267288208,0.24117402732372284,8.125,-0.020940056070685387,0.05504100639373064,-0.7687122821807861,0.7280056476593018,2.853189468383789,0.8497797846794128,0.4743744730949402,24.77644501790404,0.8684303164482117,0.2916666865348816
0.4279814660549164,0.21143826842308044,2027.815388525,-0.007769380315949093,7.593750000000002e-05,0.1542227864265442,0.4639223515987396,0.32469338178634644,10.638662338256836,0.0416666679084301,-0.015692269429564476,39413,0.3087325096130371,0.5341693162918091,0.7422137260437012,11.295362663269042,,0.7777778506278992,0.43905895948410034,1784468237.2334597,0.3638378977775574,0.6996655464172363,1783,0.5,475.47,1.542123556137085,2.1854190826416016,0.06722724437713623,0.23515325784683228,8.375,-0.02546297386288643,0.05906875804066658,-0.7914341688156128,0.7262964248657227,2.626521348953247,0.7783682346343994,0.4469084143638611,26.18841207951307,0.9054110050201416,0.2916666865348816
0.42563122510910034,0.22070598602294922,2030.481590877,-0.008585070412664209,0.00011390625000000003,0.16595780849456787,0.45966288447380066,0.3317602872848511,10.781457901000977,0.125,-0.015605337917804718,42179,0.28734827041625977,0.5859645009040833,0.7361418604850769,11.293505191802979,,0.7777778506278992,0.43860992789268494,1784468239.661572,0.3637325167655945,0.6920468807220459,1784,0.3333333432674408,480.39,1.7181298732757568,2.0432629585266113,0.072479248046875,0.24360203742980957,8.125,-0.02143518254160881,0.05829771403223276,-0.7926892042160034,0.7264574766159058,2.6917262077331543,0.8048253059387207,0.5105887651443481,26.459498699605465,0.9014865756034851,0.5416666865348816
0.40815994143486023,0.2429136335849762,2032.919047545,-0.006429428141564131,5.0625000000000024e-05,0.18479856848716736,0.4437415599822998,0.33704662322998047,11.255531311035156,0.0,-0.015546049922704697,38262,0.3090081214904785,0.6113904714584351,0.7100681066513062,11.287528562545777,,0.7777778506278992,0.4361046254634857,1784468242.334511,0.36368316411972046,0.669858455657959,1785,0.6666666865348816,460.22,1.6375411748886108,2.2602055072784424,0.07956776022911072,0.23476138710975647,7.708333492279053,-0.027830686420202255,0.06534497663378716,-0.760230541229248,0.728659987449646,2.71985125541687,0.8680004477500916,0.5121991634368896,25.241435260772704,0.8673188090324402,0.4166666865348816
0.42188215255737305,0.21826419234275818,2035.499734104,-0.008359601331176237,0.00011390625000000005,0.1716826856136322,0.45826005935668945,0.3198798894882202,12.010675430297852,0.0,-0.015919368714094162,42117,0.3022923469543457,0.6006714701652527,0.73321932554245,11.285282564163207,,0.7777778506278992,0.4330856204032898,1784468244.7660708,0.3636382520198822,0.6909899115562439,1786,0.7083333730697632,481.06,1.6885865926742554,2.0317695140838623,0.07362072169780731,0.24486437439918518,7.375,-0.02549402043223381,0.054215718246996406,-0.7837388515472412,0.7311409711837769,2.902179718017578,0.8256151676177979,0.5000568628311157,26.481609065532684,0.8962926268577576,0.2083333432674408
0.42329734563827515,0.2195919007062912,2037.936747838,-0.007867393677588552,7.593750000000004e-05,0.16132450103759766,0.4578831195831299,0.3056038022041321,11.347960472106934,0.0833333358168602,-0.016600284725427628,39584,0.314633846282959,0.6022013425827026,0.7341283559799194,11.285545301437377,,0.7777778506278992,0.4302205443382263,1784468247.3569598,0.3636384606361389,0.6928531527519226,1787,0.6666666865348816,479.78,1.7033100128173828,2.1687705516815186,0.07030312716960907,0.24302804470062256,9.041666984558105,-0.026443392038345337,0.059272826090455054,-0.795155942440033,0.7321048974990845,2.834843397140503,0.8035835027694702,0.5131980180740356,26.39593367099762,0.899967610836029,0.25
0.42255839705467224,0.222646102309227,2040.459198973,-0.00862602056004107,0.00011390625000000003,0.161994069814682,0.4561198949813843,0.3185698986053467,11.46546745300293,0.0,-0.015699999406933784,42198,0.2854461669921875,0.6188629865646362,0.7311614751815796,11.289805269241333,,0.7777778506278992,0.4284753203392029,1784468249.7875712,0.3637343943119049,0.687923789024353,1788,0.4583333432674408,471.4,1.8651055097579956,2.0440990924835205,0.07370685786008835,0.23375284671783447,7.1666669845581055,-0.024127855896949768,0.07217329405248166,-0.7874932289123535,0.7326943874359131,2.843461513519287,0.8016111850738525,0.5089437961578369,25.909672220945357,0.8967145681381226,0.3333333432674408
0.4001390337944031,0.28176212310791016,2043.514460683,-0.006751931307371705,3.3750000000000014e-05,0.22206401824951172,0.4347626864910126,0.3396143317222595,11.711267471313477,0.0416666679084301,-0.016027092933654785,40588,0.29399752616882324,0.7207154035568237,0.6950995326042175,11.293744707107544,,0.7777778506278992,0.4284695088863373,1784468252.31677,0.363669216632843,0.6565620303153992,1789,0.875,460.28,1.9450671672821045,2.127959966659546,0.09308581799268723,0.22560648620128632,7.333333492279053,-0.023819981142878532,0.05732747316360474,-0.7429470419883728,0.732787013053894,3.0418288707733154,0.8790372610092163,0.6439766883850098,25.579060467332603,0.8491382598876953,0.75
0.4182613790035248,0.22273597121238708,2046.147560779,-0.008311374799814076,0.00011390625000000005,0.1563165932893753,0.45567750930786133,0.3766293525695801,11.141885757446289,0.0,-0.01383127085864544,33379,0.3136568069458008,0.6281297206878662,0.7253744602203369,11.28118371963501,"{'path': 'media/videos/video_1790_7f3a89ea6fb35e4453cb.mp4', 'size': 1436750.0, '_type': 'video-file', 'sha256': '7f3a89ea6fb35e4453cb7e4ab013b48fd3f1930374459fc6f4ef72f1f23742d3'}",0.7777778506278992,0.43118295073509216,1784468255.4754014,0.3634316921234131,0.6844741702079773,1790,0.5,474.88,1.5460786819458008,2.6314280033111572,0.07172657549381256,0.23234188556671143,7.208333492279053,-0.022278327494859695,0.051739183627068995,-0.7723977565765381,0.7312444448471069,2.6746299266815186,0.8051559329032898,0.5433260202407837,26.772290766239166,0.8852399587631226,0.2916666865348816
0.42498549818992615,0.2255614846944809,2048.60888768,-0.006797150538477581,7.593750000000004e-05,0.16945338249206543,0.46192502975463867,0.2994502782821655,11.011110305786133,0.0,-0.016537727788090706,40432,0.28567981719970703,0.5649906396865845,0.7393233776092529,11.27029824256897,,0.7777778506278992,0.4310806691646576,1784468258.0083208,0.3633851408958435,0.6955921649932861,1791,0.7916666865348816,478.43,1.6736657619476318,2.1456243991851807,0.0724228024482727,0.24320349097251892,8.0,-0.0264345221221447,0.05561559163033962,-0.7954425811767578,0.7322842478752136,2.7754626274108887,0.8126012682914734,0.464547336101532,26.495503764152527,0.9030017256736755,0.25
0.4304901957511902,0.21532902121543884,2051.109625312,-0.008328309369971976,0.00011390625000000003,0.14841261506080627,0.4678819179534912,0.32145828008651733,10.264501571655273,0.0,-0.014542920514941216,41837,0.2885587215423584,0.5750494003295898,0.7461883425712585,11.263944101333617,,0.7777778506278992,0.43128713965415955,1784468260.462722,0.3632648289203644,0.7012216448783875,1792,0.3333333432674408,481.17,1.5946468114852905,2.0611236095428467,0.07123258709907532,0.24672923982143402,7.25,-0.025009140372276306,0.06240807715803385,-0.7994810938835144,0.732563853263855,2.567206382751465,0.7846023440361023,0.5022640228271484,26.311139960289,0.9132199287414551,0.375
0.4103655517101288,0.24667303264141083,2053.631057614,-0.007768070488236844,0.00011390625000000006,0.19120213389396667,0.4431506097316742,0.3154866099357605,11.407308578491211,0.0,-0.01672949641942978,41020,0.31528306007385254,0.655037522315979,0.7102087736129761,11.254427003860474,,0.7777778506278992,0.43053457140922546,1784468262.9776664,0.3631850779056549,0.6705508232116699,1793,0.75,470.65,1.8148887157440186,2.081183910369873,0.08001019805669785,0.235477015376091,8.083333969116211,-0.02684696577489376,0.0608352106064558,-0.7697265148162842,0.7338139414787292,2.817892551422119,0.851237952709198,0.5683997869491577,25.924805493354796,0.8704432845115662,0.4583333432674408
0.40570759773254395,0.2537633180618286,2056.306919675,-0.008430110977496953,0.00011390625000000006,0.19184045493602753,0.44123411178588867,0.3307643234729767,11.44493293762207,0.0,-0.01671046018600464,40970,0.2980339527130127,0.6167968511581421,0.7029440402984619,11.245973062515258,,0.7777778506278992,0.43125495314598083,1784468265.4834206,0.36314859986305237,0.6636580228805542,1794,0.875,446.96,1.7777704000473022,2.1013638973236084,0.08116047084331512,0.22667071223258972,7.708333492279053,-0.024731149896979332,0.06679283007979393,-0.7617287039756775,0.7350597381591797,2.8963184356689453,0.8588147163391113,0.5058426856994629,24.555419940054417,0.8629207015037537,0.5416666865348816
0.41639649868011475,0.23092448711395264,2058.884013412,-0.007894414395559579,7.593750000000004e-05,0.1748950183391571,0.4533935487270355,0.3048762381076813,11.191726684570312,0.0,-0.015382650308310986,38204,0.31061840057373047,0.6352313756942749,0.7236618995666504,11.243602418899536,,0.7777778506278992,0.4309495687484741,1784468268.1661055,0.3630853295326233,0.6844358444213867,1795,0.9166666865348816,473.6,1.709746241569519,2.262491464614868,0.07744865119457245,0.2402629256248474,7.5,-0.028126291930675507,0.053325026482343676,-0.7703336477279663,0.734776496887207,2.767655372619629,0.8286561369895935,0.5338631868362427,26.405148406028747,0.882901668548584,0.5
0.4254365861415863,0.20194683969020844,2061.521251381,-0.008301582832064013,7.593750000000002e-05,0.14528469741344452,0.4651685655117035,0.33124861121177673,10.249109268188477,0.0416666679084301,-0.015456363558769226,39875,0.31270551681518555,0.5217193961143494,0.7389711737632751,11.235985040664673,,0.7777778506278992,0.42870864272117615,1784468270.753658,0.363030344247818,0.6982251405715942,1796,0.375,476.24,1.5992295742034912,2.1525537967681885,0.06579053401947021,0.24404454231262207,7.208333492279053,-0.024081628769636154,0.05018689259886742,-0.7897820472717285,0.7367137670516968,2.4843451976776123,0.7763664126396179,0.4462798237800598,26.36607878483832,0.9032251238822937,0.2083333432674408
0.39846718311309814,0.25783127546310425,2064.036109665,-0.007467669941252098,7.593750000000002e-05,0.20521126687526703,0.4304347634315491,0.3129149377346039,11.632925033569336,0.0,-0.01905442401766777,39119,0.3026266098022461,0.6344109773635864,0.690062403678894,11.242508220672608,,0.7777778506278992,0.42797064781188965,1784468273.377404,0.36317622661590576,0.64897221326828,1797,0.8333333730697632,447.51,1.8144900798797607,2.2102603912353516,0.08298202604055405,0.22480261325836182,7.75,-0.027827385812997818,0.06574782282114029,-0.7546653747558594,0.7380725145339966,2.8795573711395264,0.8405377268791199,0.5084952712059021,24.57015460371971,0.8499457240104675,0.4583333432674408
0.4177258014678955,0.23832982778549194,2066.6117863,-0.0077718756023386956,7.593750000000002e-05,0.1856875717639923,0.4559400677680969,0.3504865765571594,11.545873641967773,0.0416666679084301,-0.015473293140530586,40867,0.29464077949523926,0.6229150295257568,0.7268458604812622,11.250474834442139,,0.7777778506278992,0.42587584257125854,1784468275.8917282,0.36316126585006714,0.68357253074646,1798,0.7083333730697632,456.9,1.703468680381775,2.1107802391052246,0.07762321829795837,0.23726141452789307,8.541666984558105,-0.02527317777276039,0.06218481082469225,-0.7784597277641296,0.7396044135093689,2.8299050331115723,0.8364905714988708,0.5198861956596375,25.025692656636238,0.8876341581344604,0.4166666865348816
0.41190534830093384,0.22867445647716522,2069.106348648,-0.007447651674738154,7.593750000000002e-05,0.16963915526866913,0.4490177035331726,0.285484254360199,11.4071683883667,0.0416666679084301,-0.014692014083266258,39830,0.3093752861022949,0.6216920614242554,0.7149958610534668,11.244934558868408,,0.7777778506278992,0.42189502716064453,1784468278.4646373,0.36307650804519653,0.6774925589561462,1799,0.625,454.56,1.7379415035247803,2.158687114715576,0.07449578493833542,0.23130765557289124,7.9166669845581055,-0.021713195368647575,0.05091515276581049,-0.7617282867431641,0.7409013509750366,2.8129372596740723,0.8367502093315125,0.5164707899093628,25.194898712858556,0.8741167783737183,0.4166666865348816
0.4166324734687805,0.22228768467903137,2071.704465684,-0.008153729888726957,7.593750000000002e-05,0.16187606751918793,0.45479899644851685,0.32743510603904724,10.858745574951172,0.0,-0.01431211270391941,41115,0.28424811363220215,0.6310333013534546,0.7228450775146484,11.234671258926392,,0.7777778506278992,0.41976198554039,1784468280.958608,0.36287063360214233,0.681673526763916,1800,0.5416666865348816,455.82,1.5873827934265137,2.1066482067108154,0.07379813492298126,0.23730897903442383,7.583333492279053,-0.02291569672524929,0.04936311952769756,-0.7668795585632324,0.7411088943481445,2.6616973876953125,0.8316342234611511,0.5572713017463684,25.2477306163311,0.8825544118881226,0.375
0.4259929060935974,0.22017088532447815,2074.150024068,-0.0074336256773676725,5.062500000000002e-05,0.16513942182064056,0.46048566699028015,0.3311355710029602,10.57425594329834,0.0,-0.014940275810658932,39411,0.30411672592163086,0.5784698724746704,0.7378883361816406,11.21909146308899,,0.7777778506278992,0.41764992475509644,1784468283.5589528,0.36274275183677673,0.695564866065979,1801,0.375,465.95,1.5077036619186401,2.1901679039001465,0.07255979627370834,0.23838047683238983,7.125,-0.028550684452056885,0.05366206653416157,-0.7924799919128418,0.744286298751831,2.588010787963867,0.7816925048828125,0.49226826429367065,25.738116583228113,0.9036776423454285,0.4583333432674408
0.4195898175239563,0.21754464507102966,2076.754395222,-0.008215909923455911,7.593750000000002e-05,0.15891024470329285,0.45826125144958496,0.3090055286884308,10.863577842712402,0.0416666679084301,-0.016039248555898666,41999,0.28763580322265625,0.5618281364440918,0.7282238006591797,11.216041755676269,,0.7777778506278992,0.41952261328697205,1784468286.007746,0.3627180755138397,0.6880194544792175,1802,0.4166666865348816,466.55,1.6772921085357666,2.052948236465454,0.07164528220891953,0.24081562459468842,7.875,-0.02672955021262169,0.05899405926465988,-0.7803434133529663,0.7434964179992676,2.6382033824920654,0.7750279903411865,0.4869273900985718,25.60274569787085,0.8904848098754883,0.5
0.40874630212783813,0.2416876256465912,2079.346611987,-0.008762520557502285,0.00011390625000000003,0.1801428496837616,0.4455840289592743,0.29308632016181946,11.908342361450195,0.0416666679084301,-0.015983503311872482,39411,0.3096647262573242,0.6413666009902954,0.707547128200531,11.212846994400024,,0.7777778506278992,0.4208000600337982,1784468288.6146798,0.36268484592437744,0.6695677042007446,1803,0.9166666865348816,459.09,1.7953962087631226,2.1846024990081787,0.07844369113445282,0.22671258449554443,8.125,-0.02488037571310997,0.04848152101039886,-0.7567428946495056,0.7421659827232361,2.878012180328369,0.8339046239852905,0.5643762350082397,25.13684234302491,0.8660039305686951,0.4166666865348816
0.42118650674819946,0.214494526386261,2081.88385453,-0.00671674135774083,7.593750000000004e-05,0.15309709310531616,0.4598015248775482,0.30001166462898254,11.268150329589844,0.0833333358168602,-0.015228993259370327,39660,0.31624507904052734,0.5871465802192688,0.7309273481369019,11.210461807250976,,0.7777778506278992,0.4203757643699646,1784468291.2172015,0.3626784086227417,0.6900500059127808,1804,0.5416666865348816,479.06,1.6623351573944092,2.1624226570129395,0.07097147405147552,0.23854956030845642,8.708333969116211,-0.024921964854002,0.058248361200094224,-0.7844151258468628,0.7411734461784363,2.719165563583374,0.8194111585617065,0.5145310163497925,26.341805225610734,0.8945999145507812,0.4166666865348816
0.4169648587703705,0.21463820338249207,2084.482582262,-0.00873955774004571,7.593750000000002e-05,0.16680049896240234,0.4543779492378235,0.3104998767375946,10.590676307678223,0.0,-0.014803899452090263,40697,0.2904481887817383,0.5667159557342529,0.7220234274864197,11.20931568145752,,0.7777778506278992,0.41819530725479126,1784468293.7322385,0.36267992854118347,0.6807454824447632,1805,0.5416666865348816,475.52,1.4572514295578003,2.125032663345337,0.07138083875179291,0.23821060359477997,7.6666669845581055,-0.02523007057607174,0.06478575840592385,-0.7745857238769531,0.742900550365448,2.6215083599090576,0.7713650465011597,0.4799066483974457,26.388339391052725,0.8847378492355347,0.2916666865348816
0.39868664741516113,0.26954466104507446,2087.021627822,-0.008020396230858751,0.00011390625000000003,0.20307672023773193,0.4340852200984955,0.33429867029190063,11.780563354492188,0.0416666679084301,-0.016438288614153862,39357,0.30960583686828613,0.6524510383605957,0.689976155757904,11.217809343338013,,0.7777778506278992,0.4175724685192108,1784468296.3443773,0.3628145754337311,0.651832103729248,1806,0.875,445.14,1.8645350933074951,2.1881370544433594,0.08516918122768402,0.22617755830287933,7.333333492279053,-0.02376292273402214,0.055978544428944586,-0.7452225089073181,0.7437522411346436,2.988030195236206,0.8965964317321777,0.5261256098747253,24.35023699015379,0.8467199206352234,0.6666666865348816
0.413163423538208,0.24680088460445404,2089.707548758,-0.006806095750653185,7.593750000000004e-05,0.18440787494182587,0.45049428939819336,0.32220256328582764,11.440977096557617,0.0416666679084301,-0.01619388535618782,40585,0.30202674865722656,0.5878294110298157,0.7157057523727417,11.225201320648193,,0.7777778506278992,0.4171629846096039,1784468298.8842208,0.362748920917511,0.6764092445373535,1807,0.7916666865348816,460.94,1.6660703420639038,2.1201274394989014,0.08121724426746368,0.23712727427482605,7.958333492279053,-0.02312753163278103,0.057979346625506877,-0.7697172164916992,0.7448605298995972,2.805743932723999,0.8455354571342468,0.5013596415519714,25.41632257377729,0.8768177032470703,0.4166666865348816
0.4199889898300171,0.22029589116573334,2092.169896447,-0.006727378183859401,5.062500000000002e-05,0.16502220928668976,0.4594211280345917,0.31645432114601135,11.001012802124023,0.0416666679084301,-0.014820391312241554,38306,0.3053724765777588,0.5698856115341187,0.7284444570541382,11.217972755432129,,0.7777778506278992,0.41606688499450684,1784468301.570754,0.3626730144023895,0.6889283061027527,1808,0.5416666865348816,474.18,1.5325521230697632,2.260903835296631,0.07078158855438232,0.23846867680549622,8.625,-0.023439010605216026,0.05955986175686121,-0.7733666300773621,0.7466219663619995,2.6789679527282715,0.7975063323974609,0.4870239198207855,26.33998162865639,0.8901097178459167,0.2916666865348816
0.4083384871482849,0.2324819266796112,2094.591911876,-0.008314569978392684,0.00011390625000000003,0.1730976104736328,0.44664913415908813,0.3196575343608856,10.796034812927246,0.0,-0.01748291589319706,41886,0.2923712730407715,0.6073071956634521,0.7081812620162964,11.217678689956665,,0.7777778506278992,0.4131884276866913,1784468304.0169845,0.36267155408859253,0.6723729968070984,1809,0.7916666865348816,465.6,1.6212856769561768,2.0545196533203125,0.07743846625089645,0.2291988581418991,6.6666669845581055,-0.021538270637392998,0.05792235247790813,-0.7679340243339539,0.748415470123291,2.709293842315674,0.8275734782218933,0.5267951488494873,25.545499761104583,0.8709031939506531,0.4583333432674408
0.4132632911205292,0.2458643615245819,2097.598980649,-0.006809921864442003,0.00011390625000000006,0.18491177260875702,0.4497101306915283,0.33837971091270447,11.258201599121094,0.0416666679084301,-0.014584753662347794,42291,0.28746485710144043,0.6287497282028198,0.7154422998428345,11.214660882949829,,0.7777778506278992,0.4153054654598236,1784468306.446535,0.36254772543907166,0.6765667796134949,1810,0.4583333432674408,470.83,1.8425086736679077,2.036947250366211,0.08043369650840759,0.23146884143352509,7.375,-0.02353249303996563,0.05793114621192217,-0.7667312622070312,0.7476004362106323,2.8518524169921875,0.8450978994369507,0.5230362415313721,25.865289661884308,0.8765069842338562,0.4583333432674408
0.41824549436569214,0.22398464381694794,2100.256193818,-0.008085593511350454,0.00011390625000000006,0.16651946306228638,0.4547053277492523,0.3114015460014343,11.64477825164795,0.0,-0.01700757071375847,33870,0.29369616508483887,0.6205942034721375,0.725557267665863,11.193914556503296,"{'_type': 'video-file', 'sha256': 'f9c07c35880da97b650f4fe9763765305dfa4e2bdd299d598c085ee11bd20e3b', 'path': 'media/videos/video_1811_f9c07c35880da97b650f.mp4', 'size': 1392206.0}",0.7777778506278992,0.41460126638412476,1784468309.5163934,0.3623623549938202,0.6819211840629578,1811,0.375,468.35,1.7147035598754883,2.6086747646331787,0.07208220660686493,0.23241417109966278,7.6666669845581055,-0.02585616335272789,0.06223694588989019,-0.785332441329956,0.7484509944915771,2.7980995178222656,0.8204066157341003,0.5343914031982422,25.59428547501564,0.8909656405448914,0.4166666865348816
0.41173118352890015,0.2509450316429138,2102.738052212,-0.007654299421119504,7.593750000000004e-05,0.19139251112937927,0.4511656165122986,0.32347971200942993,11.680870056152344,0.0,-0.01692860573530197,39349,0.31852030754089355,0.6615947484970093,0.7135977745056152,11.186329746246338,,0.7777778506278992,0.41571855545043945,1784468312.125301,0.36232271790504456,0.6741859912872314,1812,0.8333333730697632,458.42,1.7178218364715576,2.1796813011169434,0.08125215768814087,0.22820070385932922,7.9166669845581055,-0.024852003902196884,0.06323573142290115,-0.7603227496147156,0.7478364706039429,2.899203062057495,0.8588597774505615,0.5814239978790283,25.171717810928822,0.8737863302230835,0.5833333730697632
0.4128282964229584,0.2368330955505371,2105.312210176,-0.007861290497385199,7.593750000000002e-05,0.18003199994564056,0.4511250853538513,0.33901020884513855,11.054117202758789,0.0416666679084301,-0.016628248617053032,41667,0.28942203521728516,0.6045553684234619,0.7149378657341003,11.187361192703246,,0.7777778506278992,0.41469067335128784,1784468314.5866165,0.36240366101264954,0.6765171885490417,1813,0.3333333432674408,472.21,1.6507372856140137,2.0698535442352295,0.07682687044143677,0.22861722111701965,7.875,-0.024279430508613586,0.06277451943606138,-0.7685600519180298,0.7484171390533447,2.71985125541687,0.81523597240448,0.5303524136543274,25.83231197029352,0.8783442378044128,0.5416666865348816
0.4192221164703369,0.2215278148651123,2107.898865108,-0.00813023395021446,0.00011390625000000003,0.16795627772808075,0.45774707198143005,0.42787623405456543,10.734970092773438,0.0,-0.01768885739147663,39762,0.3116607666015625,0.5471111536026001,0.7249771952629089,11.196593809127808,,0.7777778506278992,0.4152558743953705,1784468317.1778793,0.36247169971466064,0.6844193339347839,1814,0.625,475.61,1.458091139793396,2.160618782043457,0.07178708910942078,0.2330481857061386,7.5416669845581055,-0.025854183360934258,0.05934027321636677,-0.781579852104187,0.7504076957702637,2.597222089767456,0.802935779094696,0.4736189544200897,26.43140173688531,0.8907915949821472,0.3333333432674408
0.4099876880645752,0.2426265925168991,2110.384455695,-0.00682383725506952,7.593750000000004e-05,0.1781347393989563,0.44816121459007263,0.3198540210723877,11.974738121032715,0.0,-0.015549935400485992,39804,0.3277769088745117,0.638176441192627,0.7101652026176453,11.193512678146362,,0.7777778506278992,0.41334962844848633,1784468319.7598104,0.3623562157154083,0.669863224029541,1815,0.75,474.72,1.7237809896469116,2.1419029235839844,0.07811583578586578,0.22623877227306366,8.125,-0.023160699754953384,0.055550796911120415,-0.7599779963493347,0.7530280947685242,2.9135308265686035,0.8593370914459229,0.5248007774353027,25.84765677124262,0.869827389717102,0.5
0.41492414474487305,0.22745707631111145,2112.957295024,-0.008826357510406524,0.00011390625000000003,0.17261776328086853,0.4519461989402771,0.3019334673881531,11.27799129486084,0.0833333358168602,-0.015556040219962597,41423,0.29971814155578613,0.584870457649231,0.7175151705741882,11.173540830612183,,0.7777778506278992,0.41370028257369995,1784468322.236935,0.3620704412460327,0.6757399439811707,1816,0.375,465.72,1.7097676992416382,2.073431968688965,0.07504694163799286,0.23234587907791138,7.958333492279053,-0.026663020253181458,0.050191149674355985,-0.7682098746299744,0.7525905966758728,2.7573022842407227,0.7925909757614136,0.4874986410140991,25.578972546570004,0.8787044882774353,0.5416666865348816
0.4084324538707733,0.2485654205083847,2115.665404472,-0.0074694000009913,5.0625000000000024e-05,0.18198399245738983,0.44578561186790466,0.364541232585907,12.201873779296875,0.0416666679084301,-0.016639921814203262,39796,0.33502769470214844,0.6928402185440063,0.7055811882019043,11.159938383102418,,0.7777778506278992,0.4137336015701294,1784468324.8212996,0.3619644045829773,0.6669456362724304,1817,0.375,453.02,1.7252535820007324,2.135167360305786,0.08059699833393097,0.2200058549642563,7.4166669845581055,-0.026392724364995956,0.0611156290397048,-0.7604185938835144,0.7530961036682129,2.8859825134277344,0.8627009391784668,0.6170575618743896,24.689646620750427,0.8685016632080078,0.5833333730697632
0.4069640040397644,0.24622207880020142,2118.328446129,-0.0084476144042128,0.00011390625000000003,0.1957540512084961,0.4427511692047119,0.33930572867393494,12.477039337158203,0.0,-0.017321087419986725,37928,0.30638909339904785,0.6600527763366699,0.7044756412506104,11.164330434799194,,0.7777778506278992,0.41283342242240906,1784468327.5220869,0.3622044026851654,0.6636625528335571,1818,0.9166666865348816,465.31,1.8556326627731323,2.2854299545288086,0.07993697375059128,0.2314002960920334,7.708333492279053,-0.02021479420363903,0.056324865110218524,-0.7608963251113892,0.7527951002120972,3.0104472637176514,0.8817998766899109,0.5654065608978271,25.782108552381395,0.8658870458602905,0.3333333432674408
0.41295763850212097,0.22981761395931244,2120.781466059,-0.0070196315937209874,5.0625000000000024e-05,0.173516184091568,0.4502395987510681,0.33594363927841187,11.20035457611084,0.0,-0.01595488376915455,38445,0.314237117767334,0.622425377368927,0.7146193981170654,11.18097095489502,,0.7777778506278992,0.41043663024902344,1784468330.200937,0.3621794581413269,0.6733075976371765,1819,0.7916666865348816,461.39,1.6055028438568115,2.2427382469177246,0.07585883140563965,0.22984811663627625,8.708333969116211,-0.022762661799788475,0.051662766933441163,-0.7629482746124268,0.7518782615661621,2.712604522705078,0.8152244091033936,0.5293484330177307,25.57823592543602,0.874572217464447,0.2916666865348816
0.4189867675304413,0.22147242724895477,2123.364189326,-0.008393543548299931,0.00011390625000000005,0.16592468321323395,0.45464205741882324,0.3471132218837738,11.355697631835938,0.0,-0.015765123069286346,42239,0.2978053092956543,0.5958939790725708,0.7236444354057312,11.166288614273071,,0.7777778506278992,0.41104257106781006,1784468332.6275737,0.36198100447654724,0.6816849708557129,1820,0.5,470.38,1.7560052871704102,2.0295071601867676,0.07202756404876709,0.22814099490642548,7.958333492279053,-0.025377308949828148,0.05451167356222868,-0.778962254524231,0.7527660131454468,2.7636427879333496,0.8252868056297302,0.4848848283290863,25.868827352821828,0.8874441981315613,0.4166666865348816
0.41380879282951355,0.22880131006240845,2125.826004603,-0.007466278510401025,7.593750000000004e-05,0.1754024475812912,0.4520722031593323,0.3645983338356018,10.735346794128418,0.0,-0.017373284325003624,39583,0.31474900245666504,0.5978270769119263,0.7165684700012207,11.16355881690979,,0.7777778506278992,0.40788954496383667,1784468335.2298975,0.3619929552078247,0.6751511096954346,1821,0.8333333730697632,455.17,1.6183894872665405,2.1686952114105225,0.0747489333152771,0.22917817533016205,7.625,-0.02456533908843994,0.05726890694350004,-0.7673207521438599,0.7545346021652222,2.706625461578369,0.8245491981506348,0.49745675921440125,25.041368599683047,0.8787409067153931,0.5
0.418526828289032,0.21968868374824524,2128.226188973,-0.00838604242890142,0.00011390625000000003,0.16228151321411133,0.4567277431488037,0.33068376779556274,11.048568725585938,0.0,-0.015213115140795708,41926,0.2921566963195801,0.5724623203277588,0.7252702713012695,11.149712800979614,,0.7777778506278992,0.40752142667770386,1784468337.6760366,0.3617245852947235,0.6863736510276794,1822,0.625,467.46,1.5770463943481445,2.0525057315826416,0.073270283639431,0.23848098516464233,6.875,-0.02205059491097927,0.05601496249437332,-0.7778892517089844,0.7543447017669678,2.696155309677124,0.7876984477043152,0.4907173812389374,25.669736501276493,0.8882250189781189,0.25
0.4246562421321869,0.23142418265342712,2130.88219248,-0.006797491357428953,7.593750000000004e-05,0.18159803748130798,0.46659159660339355,0.2963831126689911,11.224505424499512,0.0,-0.017073074355721474,42702,0.29123473167419434,0.624983549118042,0.7376508116722107,11.13618860244751,,0.7777778506278992,0.40678948163986206,1784468340.0734043,0.36162883043289185,0.6993989944458008,1823,0.5833333730697632,469.8,1.664796233177185,2.0108542442321777,0.07494237273931503,0.24131032824516296,8.083333969116211,-0.022593863308429718,0.05620587542653084,-0.7851413488388062,0.7559744715690613,2.743818759918213,0.819163978099823,0.532435417175293,25.93447856724262,0.9025590419769287,0.375
0.42083367705345154,0.22057418525218964,2133.539436046,-0.0076619066225248385,7.593750000000002e-05,0.17165224254131317,0.4605465829372406,0.30673491954803467,10.80756664276123,0.0,-0.017018798738718033,38420,0.31172728538513184,0.5831053256988525,0.7303177714347839,11.124243593215942,,0.7777778506278992,0.40705761313438416,1784468342.7389925,0.3614118695259094,0.6896123290061951,1824,0.3333333432674408,477.03,1.482863426208496,2.2468960285186768,0.07261902093887329,0.23332469165325165,8.041666984558105,-0.022465836256742477,0.04584035165607929,-0.7791351079940796,0.7573273181915283,2.5736682415008545,0.8007164001464844,0.5121532678604126,26.44319324821234,0.8945965766906738,0.4583333432674408
0.4235895872116089,0.2030484974384308,2136.214291387,-0.008610016928287223,7.593750000000002e-05,0.14278681576251984,0.4635166525840759,0.2952992916107178,10.531800270080566,0.0,-0.017303122207522392,38524,0.32175564765930176,0.5142765045166016,0.7339496612548828,11.105136060714722,,0.7777778506278992,0.4075411260128021,1784468345.4023979,0.36128830909729004,0.6929344534873962,1825,0.5,480.12,1.5332244634628296,2.2299442291259766,0.06506519019603729,0.23952142894268036,8.375,-0.022833069786429405,0.05739692132920027,-0.7871412634849548,0.7571276426315308,2.540055751800537,0.7680854797363281,0.4477451741695404,26.322005724310873,0.9004039764404297,0.25
0.41060635447502136,0.24268779158592224,2138.737417695,-0.007827906112652272,7.593750000000002e-05,0.1854441612958908,0.4475794732570648,0.3041633069515228,11.857589721679688,0.0416666679084301,-0.01766498014330864,38439,0.31673598289489746,0.6192944049835205,0.7113223075866699,11.10367684364319,,0.7777778506278992,0.40890204906463623,1784468348.083951,0.36122938990592957,0.6697415113449097,1826,0.625,464.44,1.7629833221435547,2.240652322769165,0.07855428755283356,0.23024913668632507,7.75,-0.023534610867500305,0.042623618990182875,-0.7595678567886353,0.7556161880493164,2.862244129180908,0.865433394908905,0.5010936260223389,25.618421317711473,0.8690006136894226,0.5
0.4174778461456299,0.21899452805519104,2141.292916438,-0.007390257634688169,7.593750000000002e-05,0.16550467908382416,0.45385417342185974,0.3209327459335327,11.14367961883545,0.0,-0.01720999926328659,40945,0.3009529113769531,0.6119873523712158,0.7207850217819214,11.105525255203247,,0.7777778506278992,0.4094735383987427,1784468350.594269,0.3614058196544647,0.6810430288314819,1827,0.5416666865348816,467.61,1.7107791900634766,2.099902629852295,0.0711529478430748,0.23555317521095276,7.458333492279053,-0.023753907531499863,0.06610444616526365,-0.7761867046356201,0.7554863691329956,2.7601776123046875,0.8159036636352539,0.5134912729263306,25.380766110420225,0.888663649559021,0.2083333432674408
0.41631612181663513,0.23352718353271484,2143.868753128,-0.008730085747083649,0.00011390625000000003,0.17275869846343994,0.4551128149032593,0.3057941496372223,11.76691722869873,0.0,-0.016023647040128708,40169,0.3252987861633301,0.6384726762771606,0.7216879725456238,11.125535583496093,,0.7777778506278992,0.40796780586242676,1784468353.152878,0.361521452665329,0.6811590194702148,1828,0.6666666865348816,481.65,1.8563779592514038,2.1219613552093506,0.07327444851398468,0.23101578652858734,7.708333492279053,-0.022518128156661987,0.04540214836597443,-0.7706621885299683,0.7571662664413452,2.9452598094940186,0.8223093748092651,0.5481747388839722,26.579484021663667,0.8832663893699646,0.4583333432674408
0.42305195331573486,0.2081838846206665,2146.372622251,-0.007991130973096006,7.593750000000004e-05,0.1564113348722458,0.46315646171569824,0.3187701404094696,10.230279922485352,0.0416666679084301,-0.01776726171374321,39922,0.29965996742248535,0.5560935735702515,0.7338523864746094,11.124637985229493,,0.7777778506278992,0.4064292907714844,1784468355.7178247,0.36149534583091736,0.6940701007843018,1829,0.4166666865348816,461.7,1.5956025123596191,2.1627302169799805,0.06752275675535202,0.24183925986289978,8.5,-0.024364827200770378,0.06222671363502741,-0.78190678358078,0.7576946020126343,2.57887864112854,0.7638407945632935,0.475083589553833,25.501137941256165,0.8988616466522217,0.375
0.41850337386131287,0.23096489906311035,2148.955653664,-0.008058927685488016,7.593750000000002e-05,0.17408177256584167,0.45600923895835876,0.32600414752960205,10.946859359741211,0.0,-0.019002355635166168,40885,0.2875828742980957,0.598305344581604,0.7233900427818298,11.132860898971558,,0.7777778506278992,0.40521785616874695,1784468358.2272174,0.3616393804550171,0.6820029020309448,1830,0.5416666865348816,476.87,1.7258508205413818,2.116811990737915,0.07562846690416336,0.23145692050457,7.25,-0.023217743262648582,0.05423193760216236,-0.7774056196212769,0.7593197822570801,2.750582218170166,0.8168460726737976,0.5228984951972961,26.193359041213988,0.8885640501976013,0.4166666865348816
0.40296730399131775,0.24607834219932556,2152.111217981,-0.007654747797641903,0.00011390625000000003,0.18554751574993134,0.444379985332489,0.2967213988304138,11.482906341552734,0.0416666679084301,-0.01539378147572279,39687,0.30426692962646484,0.6342996954917908,0.7005640864372253,11.12753186225891,,0.7777778506278992,0.40481728315353394,1784468360.8084762,0.361322283744812,0.6648067831993103,1831,0.5833333730697632,465.05,1.7595962285995483,2.1726980209350586,0.07819220423698425,0.22594070434570312,7.125,-0.024702981114387512,0.05100010689347982,-0.7392663359642029,0.7607367038726807,2.9082565307617188,0.8295412063598633,0.539563775062561,26.058865931481122,0.8542842268943787,0.5
0.41977399587631226,0.22393719851970673,2154.618097585,-0.007064657114096917,0.00011390625000000006,0.17356109619140625,0.45927566289901733,0.37335488200187683,10.789484024047852,0.0,-0.01704202964901924,32211,0.2870643138885498,0.6022055149078369,0.7282867431640625,11.096167182922363,"{'_type': 'video-file', 'sha256': 'c3d2711e063f123898d4a0b338538288c3673435e65d1e5cf93e8d52d937bb62', 'path': 'media/videos/video_1832_c3d2711e063f123898d4.mp4', 'size': 1648046.0}",0.7777778506278992,0.40322113037109375,1784468364.034665,0.3609796464443207,0.6874944567680359,1832,0.5416666865348816,468.02,1.5727615356445312,2.7647225856781006,0.07453720271587372,0.22595784068107605,7.5,-0.028881072998046875,0.048516418784856796,-0.7772602438926697,0.7612811326980591,2.6538875102996826,0.8255929946899414,0.5024414658546448,25.605513335056603,0.8942571878433228,0.375
0.4269225597381592,0.22402255237102509,2157.245307293,-0.00822793552360963,0.00011390625000000006,0.17366743087768555,0.467792272567749,0.3051317632198334,11.447421073913574,0.0,-0.016627280041575432,41936,0.28589868545532227,0.6046549081802368,0.742919921875,11.086620712280274,,0.7777778506278992,0.40410566329956055,1784468366.4660392,0.3609568476676941,0.7009419202804565,1833,0.375,475.74,1.6520030498504639,2.0581984519958496,0.0721685141324997,0.24658522009849548,8.041666984558105,-0.02604222297668457,0.06031744461506605,-0.786359965801239,0.7605311274528503,2.800227642059326,0.8069033026695251,0.49440261721611023,26.46426706790924,0.9072257876396179,0.5
0.41722068190574646,0.23136655986309052,2159.844100974,-0.008054490985523443,7.593750000000004e-05,0.17619620263576508,0.45548588037490845,0.34348011016845703,10.950569152832031,0.0416666679084301,-0.016232173889875412,38895,0.3238847255706787,0.610468864440918,0.7230422496795654,11.07411298751831,,0.7777778506278992,0.4060169458389282,1784468369.1087894,0.3607187271118164,0.6808454394340515,1834,0.6666666865348816,459.06,1.6993063688278198,2.203486204147339,0.07605447620153427,0.23637551069259644,7.6666669845581055,-0.021803362295031548,0.057542169094085695,-0.7648952007293701,0.7590084075927734,2.7043492794036865,0.7863610982894897,0.5322792530059814,25.48910752363503,0.8827356100082397,0.4583333432674408
0.4221465289592743,0.2101612389087677,2162.371610297,-0.008071364642819389,0.00011390625000000003,0.15738916397094727,0.46080225706100464,0.3399466872215271,10.80747127532959,0.0416666679084301,-0.01742355152964592,39603,0.3181192874908447,0.5680508613586426,0.7320742011070251,11.064181137084962,,0.7777778506278992,0.40718984603881836,1784468371.7119951,0.3606984317302704,0.690582275390625,1835,0.5,462.34,1.6307538747787476,2.1640729904174805,0.06956349313259125,0.2369949072599411,7.5416669845581055,-0.027678867802023888,0.06334761623293161,-0.7782329320907593,0.7576984167098999,2.6506402492523193,0.7798629999160767,0.46126803755760193,25.626130617260934,0.896418035030365,0.2916666865348816
0.4083935618400574,0.237322136759758,2164.858113416,-0.006699801993090659,5.0625000000000024e-05,0.18148517608642578,0.4468502998352051,0.3345906436443329,11.038702011108398,0.0,-0.017886806279420853,40845,0.29088687896728516,0.5971859693527222,0.7106895446777344,11.068600034713745,,0.7777778506278992,0.4063531160354614,1784468374.228391,0.36070379614830017,0.6690942049026489,1836,0.9583333730697632,471.88,1.774727702140808,2.115818500518799,0.07861766219139099,0.224643737077713,8.083333969116211,-0.024120977148413658,0.05852228868752718,-0.7573480606079102,0.7598732709884644,2.7539918422698975,0.8128620982170105,0.5153834819793701,26.0270740647614,0.8703905940055847,0.5416666865348816
0.4148894250392914,0.2178843468427658,2167.561468785,-0.008511931350221857,7.593750000000002e-05,0.159576877951622,0.4545254409313202,0.34077155590057373,10.88499641418457,0.0416666679084301,-0.01628118008375168,41307,0.33171868324279785,0.5747057795524597,0.7221702933311462,11.066046285629273,,0.7777778506278992,0.40583404898643494,1784468376.727218,0.36066320538520813,0.6803070902824402,1837,0.625,473.51,1.6235787868499756,2.048067092895508,0.07135125994682312,0.2307865023612976,8.208333969116211,-0.02176005020737648,0.059898636490106585,-0.7695202231407166,0.760406494140625,2.619143009185791,0.7968427538871765,0.4834342896938324,25.77211630642414,0.8849238753318787,0.4583333432674408
0.4092549979686737,0.2479487508535385,2170.162763407,-0.008837842695356812,7.593750000000002e-05,0.18436715006828308,0.44548603892326355,0.3498726785182953,10.772514343261719,0.0,-0.018287550657987595,38103,0.30549073219299316,0.6000643372535706,0.7085801959037781,11.067568302154541,,0.7777778506278992,0.40562304854393005,1784468379.4198468,0.3607600927352905,0.6659511923789978,1838,0.7083333730697632,466.18,1.684303641319275,2.2744534015655518,0.07913464307785034,0.22963349521160126,7.5416669845581055,-0.02051517367362976,0.06347278095781803,-0.7565826177597046,0.7607563734054565,2.719947576522827,0.8098767995834351,0.5279819965362549,25.53915575146675,0.8690540194511414,0.5833333730697632
0.4067760407924652,0.2668955326080322,2172.772805546,-0.00755973439081572,7.593750000000002e-05,0.21272647380828857,0.44410547614097595,0.32893040776252747,12.314958572387695,0.0416666679084301,-0.019494470208883286,39461,0.3277621269226074,0.6761013865470886,0.7075518369674683,11.079155158996581,,0.7777778506278992,0.4054264426231384,1784468382.021754,0.36085930466651917,0.6686056852340698,1839,0.8333333730697632,466.11,1.7774922847747803,2.1633660793304443,0.08846572041511536,0.23432636260986328,8.041666984558105,-0.021751409396529198,0.06295680608600378,-0.7644369006156921,0.76133793592453,3.062171459197998,0.8944234848022461,0.5780541896820068,25.690577578544616,0.8700753450393677,0.6666666865348816
0.40593618154525757,0.2463117241859436,2175.320329645,-0.008153460029279812,7.593750000000002e-05,0.19339363276958466,0.4436967372894287,0.2899922728538513,11.33738899230957,0.0,-0.01669158786535263,39373,0.3072981834411621,0.6419696807861328,0.7053059339523315,11.080819511413575,,0.7777778506278992,0.40626853704452515,1784468384.6329527,0.3609124422073364,0.666341245174408,1840,0.625,446.43,1.67727792263031,2.1893749237060547,0.08081042021512985,0.22597819566726685,8.208333969116211,-0.02449440211057663,0.06565910074859857,-0.7532297372817993,0.7615964412689209,2.8230533599853516,0.8401509523391724,0.5536452531814575,24.56613093815744,0.8664236068725586,0.625
0.4130007028579712,0.2527977228164673,2177.913008458,-0.0074986765277571974,7.593750000000002e-05,0.19432410597801208,0.45278000831604004,0.3076157867908478,12.483448028564453,0.0416666679084301,-0.018132276833057404,40361,0.28909730911254883,0.6320862770080566,0.7197067737579346,11.088623476028442,,0.7777778506278992,0.40870150923728943,1784468387.1760423,0.3609984219074249,0.6811528205871582,1841,0.75,468.37,1.783612608909607,2.1465206146240234,0.0803917795419693,0.23667776584625244,7.958333492279053,-0.023270517587661743,0.0643392639234662,-0.7630473971366882,0.7604960203170776,3.0308189392089844,0.8934881091117859,0.5151634216308594,25.793643845617773,0.8797928094863892,0.4583333432674408
0.41437816619873047,0.22835949063301086,2180.441487183,-0.008499293238855898,0.00011390625000000003,0.1680571287870407,0.45709091424942017,0.33889567852020264,11.103495597839355,0.0416666679084301,-0.015447976067662239,39570,0.3175983428955078,0.6049803495407104,0.7231881022453308,11.086618661880493,,0.7777778506278992,0.4099545180797577,1784468389.7816546,0.3609151244163513,0.68364018201828,1842,0.4583333432674408,460.78,1.5889619588851929,2.166682243347168,0.07518932223320007,0.23734328150749207,7.833333492279053,-0.0247662290930748,0.04917737375944853,-0.7571370005607605,0.7601606845855713,2.7358040809631348,0.7722422480583191,0.5249722003936768,25.88030456736684,0.8801783323287964,0.5833333730697632
0.4252132773399353,0.20223349332809448,2182.942638986,-0.00794307769392617,7.593750000000004e-05,0.14147263765335083,0.467612624168396,0.3139037489891052,10.751360893249512,0.0416666679084301,-0.01551869511604309,40885,0.29525041580200195,0.5667168498039246,0.7390426397323608,11.079290437698365,,0.7777778506278992,0.414237380027771,1784468392.290889,0.3608543872833252,0.7024494409561157,1843,0.5,467.33,1.5483850240707397,2.1091363430023193,0.06743330508470535,0.2524172067642212,6.958333492279053,-0.021081848070025444,0.06159312892705202,-0.7762259244918823,0.7578848600387573,2.565882682800293,0.7803093791007996,0.4814416766166687,26.09277426660061,0.904283881187439,0.1666666716337204
0.41140222549438477,0.24955356121063232,2185.49439176,-0.008056466016569175,7.593750000000002e-05,0.18849754333496094,0.44943684339523315,0.3374708294868469,11.427370071411133,0.0833333358168602,-0.017605416476726532,40948,0.30737996101379395,0.6118229627609253,0.7165418863296509,11.075162935256959,,0.7777778506278992,0.4141981601715088,1784468394.8048573,0.3608573079109192,0.675855815410614,1844,0.5,467.45,1.7166718244552612,2.0932729244232178,0.07683774828910828,0.23421242833137512,7.625,-0.023144692182540894,0.05696632135659456,-0.7618026733398438,0.7581456899642944,2.8232178688049316,0.8392176628112793,0.5313141345977783,25.68207718938589,0.8779004812240601,0.5416666865348816
0.41351646184921265,0.23110739886760712,2188.112157411,-0.008423819357994944,7.593750000000002e-05,0.17721006274223328,0.4525313377380371,0.2997148633003235,11.489898681640625,0.0,-0.016391532495617867,40316,0.2916989326477051,0.6237598657608032,0.7198917269706726,11.074071836471557,,0.7777778506278992,0.41366058588027954,1784468397.347709,0.3607649803161621,0.679729163646698,1845,0.6666666865348816,460.44,1.7404594421386719,2.14660382270813,0.07368801534175873,0.23534294962882996,8.208333969116211,-0.022036179900169373,0.05461779572069645,-0.7672513723373413,0.7571024894714355,2.832211971282959,0.8490731120109558,0.537691056728363,25.48979332745075,0.8831343650817871,0.375
0.4221181273460388,0.21350058913230896,2190.649719472,-0.007905195199418813,0.00011390625000000003,0.15865567326545715,0.4667273461818695,0.30318111181259155,10.627158164978027,0.0416666679084301,-0.01399284414947033,39119,0.3266429901123047,0.5543393492698669,0.7382084727287292,11.05506453514099,,0.7777778506278992,0.41200894117355347,1784468399.9714565,0.36043602228164673,0.6967515349388123,1846,0.5,472.3,1.639055609703064,2.1862573623657227,0.06990467011928558,0.2419358491897583,8.083333969116211,-0.023856326937675476,0.04358053039759398,-0.7709031105041504,0.7571086883544922,2.621812105178833,0.7799636721611023,0.46837037801742554,26.283649559617043,0.8982564806938171,0.3333333432674408
0.42370232939720154,0.21519827842712402,2193.217444989,-0.007260810313164256,0.00011390625000000006,0.15496084094047546,0.46637237071990967,0.32824215292930603,10.819704055786133,0.0416666679084301,-0.01771358586847782,40517,0.3005545139312744,0.5695680379867554,0.7376803159713745,11.0279456615448,,0.7777778506278992,0.41042304039001465,1784468402.500687,0.3601393401622772,0.6974610090255737,1847,0.4583333432674408,473.96,1.6055272817611694,2.1256587505340576,0.07072728872299194,0.2365514039993286,7.7916669845581055,-0.02468990907073021,0.058812440186738965,-0.7792353630065918,0.7588553428649902,2.6797406673431396,0.7981942892074585,0.47558245062828064,26.453658687770368,0.9035142660140991,0.25
0.40944212675094604,0.25556397438049316,2195.751693896,-0.007169160739795189,7.593750000000004e-05,0.19336166977882385,0.4493181109428406,0.2983752191066742,11.61014461517334,0.0,-0.01640050671994686,39863,0.32292962074279785,0.6800495982170105,0.7119539976119995,11.009538936614991,,0.7777778506278992,0.41083285212516785,1784468405.0880265,0.36000216007232666,0.6730736494064331,1848,0.7083333730697632,462.79,1.7155258655548096,2.143059492111206,0.08334222435951233,0.23248666524887085,7.7916669845581055,-0.027303997427225113,0.0603033185005188,-0.7524917125701904,0.7587547302246094,2.9060587882995605,0.8621021509170532,0.5808423757553101,25.58988469451666,0.8715655207633972,0.4583333432674408
0.3998175859451294,0.2466907501220703,2198.326504544,-0.007986264662758914,0.00011390625000000003,0.18423420190811157,0.43861615657806396,0.31468820571899414,11.395071029663086,0.0416666679084301,-0.01616334170103073,40808,0.2901170253753662,0.6533474922180176,0.6943148374557495,11.003843545913696,,0.7777778506278992,0.40847158432006836,1784468407.6011727,0.35997316241264343,0.6570137739181519,1849,0.9166666865348816,461.71,1.8062471151351929,2.118814706802368,0.07728726416826248,0.22473326325416565,7.5,-0.02342534065246582,0.0691873136907816,-0.7379434108734131,0.7590389251708984,2.8533971309661865,0.867184042930603,0.544486939907074,25.53116559907794,0.8531808853149414,0.4583333432674408
0.4181289076805115,0.22476819157600403,2200.834640918,-0.00723370464911568,7.593750000000004e-05,0.1634199619293213,0.4570010304450989,0.33323580026626587,10.47236156463623,0.0,-0.0164792537689209,39788,0.3196864128112793,0.5780020952224731,0.7251898646354675,11.005500602722169,,0.7777778506278992,0.4074922502040863,1784468410.1960714,0.35988685488700867,0.6853553056716919,1850,0.6666666865348816,479.53,1.671242594718933,2.1509628295898438,0.07052065432071686,0.23169760406017303,7.958333492279053,-0.02139286696910858,0.05204731095582247,-0.769626259803772,0.7587804794311523,2.56850528717041,0.8022779822349548,0.5118395090103149,26.485659901760517,0.8901307582855225,0.625
0.4240250587463379,0.22383999824523926,2203.329370935,-0.008113692690676544,0.00011390625000000003,0.17249932885169983,0.4660062789916992,0.27747321128845215,11.592885971069336,0.0,-0.017224393784999847,41159,0.2948949337005615,0.6092129945755005,0.7384829521179199,10.989434576034546,,0.7777778506278992,0.4062698781490326,1784468412.6859195,0.3598398268222809,0.6999467611312866,1851,0.6666666865348816,476.1,1.6665281057357788,2.093489646911621,0.0732290968298912,0.2433660477399826,7.2916669845581055,-0.023059945553541183,0.054635316133499146,-0.781730592250824,0.7587379217147827,2.8225598335266113,0.8195475935935974,0.5099178552627563,26.6019682431221,0.9050571322441101,0.1666666716337204
0.4210740029811859,0.2215270698070526,2206.568849305,-0.007715908176032826,7.593750000000004e-05,0.16839055716991425,0.4613633155822754,0.3196914792060852,10.272698402404785,0.0,-0.018767479807138443,41100,0.30487489700317383,0.53807532787323,0.732069194316864,10.999534702301025,,0.7777778506278992,0.4039804935455322,1784468415.199039,0.35993286967277527,0.689922571182251,1852,0.5833333730697632,489.98,1.4767112731933594,2.086918830871582,0.06833571940660477,0.24644705653190613,7.9166669845581055,-0.018948782235383987,0.04556365590542555,-0.7788524627685547,0.7602073550224304,2.5231151580810547,0.7736891508102417,0.4657267928123474,27.17010940849781,0.898352324962616,0.375
0.42233484983444214,0.22589318454265594,2209.176492809,-0.008126488598645665,7.593750000000002e-05,0.15711545944213867,0.4648202359676361,0.3350708484649658,11.281573295593262,0.0416666679084301,-0.015873730182647705,31568,0.2967226505279541,0.567473828792572,0.734480082988739,10.996506071090698,"{'_type': 'video-file', 'sha256': 'ff163a16ccbb30c7dc83abebe95a31fe95a950e8c68c239f21a685cc64a05a49', 'path': 'media/videos/video_1853_ff163a16ccbb30c7dc83.mp4', 'size': 1660881.0}",0.7777778506278992,0.40340638160705566,1784468418.5294228,0.3598938286304474,0.6933192610740662,1853,0.6666666865348816,479.57,1.616594672203064,2.8172478675842285,0.06901650875806808,0.23578178882598877,7.6666669845581055,-0.02495661936700344,0.05877082981169224,-0.7702023386955261,0.7602671384811401,2.7512080669403076,0.813995361328125,0.4755370020866394,26.681467564702032,0.8972470164299011,0.25
0.41111254692077637,0.23808059096336365,2211.737420776,-0.007608867684029974,7.593750000000002e-05,0.179915189743042,0.4527397155761719,0.32572945952415466,11.311050415039062,0.0416666679084301,-0.01754729449748993,40870,0.2877070903778076,0.6286938786506653,0.7154756784439087,10.991449451446533,,0.7777778506278992,0.4041692614555359,1784468421.0314739,0.35974422097206116,0.6768328547477722,1854,0.625,458.46,1.7784783840179443,2.117530107498169,0.07609455287456512,0.23015692830085754,7.25,-0.018940679728984833,0.05296919811517,-0.7565688490867615,0.7596405744552612,2.799971342086792,0.8293721079826355,0.5450046062469482,25.26010805055499,0.8763012290000916,0.3333333432674408
0.41757699847221375,0.23987647891044617,2214.249382246,-0.008027864267933182,5.062500000000002e-05,0.1756366491317749,0.4589724540710449,0.3133918046951294,11.468284606933594,0.0,-0.017368555068969727,40066,0.3244495391845703,0.6266872882843018,0.726348876953125,10.971418285369873,,0.7777778506278992,0.403508722782135,1784468423.6009514,0.3595815598964691,0.6878299713134766,1855,0.7083333730697632,466.16,1.6921100616455078,2.1290409564971924,0.07551530003547668,0.24164317548274994,7.875,-0.02350599132478237,0.0715897861868143,-0.7675654292106628,0.7609413862228394,2.8242995738983154,0.8539150953292847,0.5479954481124878,25.804667979478836,0.8893523216247559,0.4583333432674408
0.41522735357284546,0.24620717763900757,2216.763695555,-0.008497701317537576,0.00011390625000000003,0.1872846484184265,0.4571217894554138,0.3128916919231415,11.128085136413574,0.0416666679084301,-0.01745566353201866,41067,0.29306507110595703,0.6069711446762085,0.7239627838134766,10.9692973613739,,0.7777778506278992,0.4057053029537201,1784468426.1031826,0.35951873660087585,0.6842601299285889,1856,0.625,462.94,1.6410102844238281,2.1006386280059814,0.07762832939624786,0.2377777099609375,7.0416669845581055,-0.026344265788793564,0.04646879807114601,-0.7669736742973328,0.7602986097335815,2.7326574325561523,0.8226349353790283,0.5085022449493408,25.52047347255051,0.8871088027954102,0.4583333432674408
0.4246788024902344,0.21155738830566406,2219.505220287,-0.007273442466976121,7.593750000000004e-05,0.14919504523277283,0.4668980538845062,0.2862307131290436,10.704292297363281,0.0416666679084301,-0.01722731441259384,40803,0.3152930736541748,0.5640147924423218,0.7382888793945312,10.961798191070557,,0.7777778506278992,0.40946489572525024,1784468428.6363113,0.35938793420791626,0.6989110708236694,1857,0.4166666865348816,480.61,1.6386346817016602,2.0939090251922607,0.06592121720314026,0.24606159329414368,8.333333969116211,-0.025367392227053642,0.0511596754193306,-0.7847515940666199,0.7587810754776001,2.6113440990448,0.7530891299247742,0.4983326196670532,26.66141637146473,0.9078946113586426,0.2916666865348816
0.4177533984184265,0.2123992145061493,2221.94221991,-0.008213128620991484,0.00011390625000000003,0.15391027927398682,0.4613804221153259,0.3248049020767212,10.984550476074219,0.0416666679084301,-0.016055278480052948,37631,0.3078317642211914,0.5831863880157471,0.72679203748703,10.942285013198852,,0.7777778506278992,0.40754008293151855,1784468431.3646495,0.35902419686317444,0.6897023916244507,1858,0.7916666865348816,470.46,1.5774716138839722,2.304460287094116,0.07091256976127625,0.23607200384140015,7.833333492279053,-0.024808533489704132,0.051691007986664775,-0.7683008909225464,0.7587646842002869,2.6874051094055176,0.811931312084198,0.48170897364616394,26.094036742970346,0.8907928466796875,0.3333333432674408
0.42300233244895935,0.21674996614456177,2224.557288962,-0.007279389502946288,7.593750000000004e-05,0.15880905091762543,0.4649287462234497,0.34075650572776794,10.833589553833008,0.0,-0.014293095096945763,42278,0.28626370429992676,0.5804418921470642,0.7344623804092407,10.911407661437988,,0.7777778506278992,0.40507590770721436,1784468433.789264,0.35880061984062195,0.6936010122299194,1859,0.5,484.13,1.6565570831298828,2.0389139652252197,0.06791545450687408,0.23499588668346405,8.25,-0.020283861085772514,0.05989738497883081,-0.7709581255912781,0.7594842910766602,2.692768096923828,0.8046984672546387,0.5001757144927979,26.83066360473633,0.8988010287284851,0.2083333432674408
0.404854416847229,0.2489250898361206,2227.210135582,-0.00786518363893265,0.00011390625000000003,0.20039521157741547,0.44417688250541687,0.31754496693611145,11.385099411010742,0.0,-0.015102177858352661,39073,0.31333231925964355,0.6545878052711487,0.7028295993804932,10.90603265762329,,0.7777778506278992,0.40498313307762146,1784468436.4140797,0.35873904824256897,0.6638136506080627,1860,0.7083333730697632,474.9,1.7645457983016968,2.202552556991577,0.0808158665895462,0.22256211936473846,8.125,-0.021508609876036644,0.0480923080816865,-0.746092677116394,0.7596688270568848,2.9544131755828857,0.8750971555709839,0.5317932367324829,26.596244582533835,0.8626185655593872,0.5416666865348816
0.42097437381744385,0.21547262370586395,2229.857571845,-0.006527369554805773,5.0625000000000024e-05,0.15906676650047302,0.4623816907405853,0.3482506275177002,10.784927368164062,0.0,-0.01656579039990902,38657,0.3221607208251953,0.5968376398086548,0.7303670644760132,10.891527318954468,,0.7777778506278992,0.4031147360801697,1784468439.0780432,0.35857176780700684,0.6910707950592041,1861,0.7083333730697632,491.27,1.6116132736206055,2.2208077907562256,0.06999869644641876,0.22855061292648315,8.583333969116211,-0.023117680102586746,0.05380216799676418,-0.7665943503379822,0.7599775791168213,2.6909797191619873,0.8132456541061401,0.5118393898010254,27.416988518461586,0.893545389175415,0.25
0.41576072573661804,0.22027558088302612,2232.538454255,-0.00827944807970198,0.00011390625000000005,0.16276240348815918,0.4588330388069153,0.2986737787723541,11.300857543945312,0.0,-0.01607384905219078,38931,0.33074951171875,0.5650886297225952,0.7229001522064209,10.879123544692993,,0.7777778506278992,0.39901202917099,1784468441.7196338,0.3583616018295288,0.6862235069274902,1862,0.6666666865348816,451.01,1.7015118598937988,2.1942858695983887,0.07091560959815979,0.237289696931839,7.625,-0.0266763623803854,0.05430358145385981,-0.7622901797294617,0.7624193429946899,2.721033811569214,0.828941822052002,0.4510717988014221,24.90543090686202,0.885775089263916,0.3333333432674408
0.4213044345378876,0.21083007752895355,2234.981072827,-0.007267282335669733,7.593750000000004e-05,0.15584951639175415,0.46477651596069336,0.3041371703147888,10.39432430267334,0.0,-0.01739414781332016,38305,0.30925750732421875,0.5504965782165527,0.7307404279708862,10.860730075836182,,0.7777778506278992,0.40110525488853455,1784468444.3957036,0.3581598997116089,0.6923424601554871,1863,0.625,478.02,1.6420238018035889,2.2570834159851074,0.06776531040668488,0.2389233559370041,7.75,-0.02855696901679039,0.057949474826455113,-0.7761783003807068,0.7607293128967285,2.5786995887756348,0.7739238142967224,0.4726129472255707,26.30513967245817,0.8976832628250122,0.2916666865348816
0.415136456489563,0.238819420337677,2237.587203806,-0.008178158407099545,5.062500000000002e-05,0.178678959608078,0.4563294053077698,0.35499703884124756,11.591483116149902,0.0416666679084301,-0.017280811443924904,42136,0.2942366600036621,0.6425120234489441,0.7206504344940186,10.848549270629883,,0.7777778506278992,0.40217193961143494,1784468446.8364353,0.3580985367298126,0.6828107833862305,1864,0.5,468.66,1.8767808675765991,2.0387258529663086,0.0764450654387474,0.23541168868541718,6.708333492279053,-0.023479167371988297,0.06009344104677439,-0.766649603843689,0.759793221950531,2.9169697761535645,0.8676892518997192,0.5176299810409546,25.991075513362883,0.8859033584594727,0.4583333432674408
0.417617529630661,0.22022545337677002,2240.039547646,-0.008489552570972591,0.00011390625000000003,0.15843652188777924,0.45651087164878845,0.34140345454216003,10.892400741577148,0.0,-0.016257286071777344,39314,0.3142526149749756,0.5817652940750122,0.7208552360534668,10.850100183486939,,0.7777778506278992,0.39975613355636597,1784468449.4463477,0.35813990235328674,0.6831498146057129,1865,0.5416666865348816,472.49,1.5871829986572266,2.1861960887908936,0.07140550017356873,0.2336694449186325,7.75,-0.024160385131835938,0.05725016314536333,-0.768265426158905,0.761235237121582,2.6294000148773193,0.7998894453048706,0.49591565132141113,25.948392633348703,0.8880139589309692,0.4166666865348816
0.396275132894516,0.26575255393981934,2242.713932031,-0.006796505593229085,7.593750000000004e-05,0.19396328926086426,0.4366767108440399,0.34334105253219604,11.276533126831055,0.0,-0.016355367377400398,42029,0.2868678569793701,0.6958750486373901,0.687666118144989,10.853532314300537,,0.7777778506278992,0.40159738063812256,1784468451.898229,0.35814744234085083,0.6498539447784424,1866,0.5833333730697632,447.82,1.9113011360168457,2.052043914794922,0.08611339330673218,0.22219574451446533,7.833333492279053,-0.021196022629737854,0.055844665691256526,-0.7235161662101746,0.7625546455383301,2.974536895751953,0.8761423826217651,0.6027862429618835,24.91306396596134,0.843481719493866,0.7083333730697632
0.4246808886528015,0.2048581838607788,2245.130905548,-0.007439562201034278,7.593750000000002e-05,0.14117996394634247,0.4701794981956482,0.3545336127281189,10.174901962280273,0.0,-0.014212562702596188,38332,0.3133563995361328,0.5242078304290771,0.737601637840271,10.855201816558838,,0.7777778506278992,0.4018671214580536,1784468454.5728495,0.35816434025764465,0.6981927752494812,1867,0.5416666865348816,472.02,1.5246553421020508,2.2511398792266846,0.06649484485387802,0.23813119530677795,8.666666984558105,-0.020729852840304375,0.05652589648962021,-0.773688793182373,0.7623319625854492,2.462965965270996,0.7874621152877808,0.4501133859157562,26.28623575091362,0.9037701487541199,0.2916666865348816
0.41928786039352417,0.2167494297027588,2247.741381533,-0.007672122724034125,0.00011390625000000003,0.16331695020198822,0.46357107162475586,0.37274932861328125,11.475311279296875,0.0,-0.014970304444432259,42621,0.2893240451812744,0.6109369397163391,0.7264028787612915,10.858008480072021,,0.7777778506278992,0.40362924337387085,1784468456.986816,0.3582219183444977,0.688228964805603,1868,0.5,471.31,1.568267822265625,2.0171120166778564,0.07162004709243774,0.22734223306179047,7.583333492279053,-0.01989746280014515,0.055229381658136845,-0.7630337476730347,0.7623872756958008,2.7039413452148438,0.7973896265029907,0.5244264602661133,26.029511191919447,0.8919738531112671,0.2916666865348816
0.4249870181083679,0.20189562439918518,2250.180127447,-0.008868087967857718,7.593750000000004e-05,0.14894065260887146,0.4709642827510834,0.3250579237937927,10.64023494720459,0.0,-0.015123806893825531,39262,0.3211488723754883,0.5488236546516418,0.7387599945068359,10.863527727127074,,0.7777778506278992,0.402994841337204,1784468459.5907822,0.35826417803764343,0.7011309862136841,1869,0.4583333432674408,487.17,1.510443925857544,2.1826224327087402,0.06780385226011276,0.24210026860237122,8.041666984558105,-0.023485785350203514,0.06422550473362207,-0.7752852439880371,0.7622353434562683,2.623871088027954,0.7944390773773193,0.47140735387802124,27.119302785396577,0.9062802195549011,0.25
0.40251296758651733,0.24201279878616333,2252.793333228,-0.009137809346430003,5.062500000000002e-05,0.17628046870231628,0.44527876377105713,0.3193160891532898,11.133020401000977,0.0,-0.01607329770922661,42082,0.29812026023864746,0.6291371583938599,0.6989333033561707,10.85290789604187,,0.7777778506278992,0.40208280086517334,1784468462.0307357,0.3580659329891205,0.6643844842910767,1870,0.875,472.35,1.72930908203125,2.037841320037842,0.07523438334465027,0.22623348236083984,8.0,-0.022382445633411407,0.05447314940392971,-0.7311722636222839,0.7622432708740234,2.825795888900757,0.8147834539413452,0.5361154675483704,26.28099427729845,0.8564662933349609,0.4166666865348816
0.4260346293449402,0.22746668756008148,2255.444895023,-0.007948635483626277,7.593750000000002e-05,0.17269329726696014,0.4700261950492859,0.3362741470336914,11.072482109069824,0.0416666679084301,-0.015453372150659561,39152,0.31024670600891113,0.5975131988525391,0.7382526397705078,10.843584537506104,,0.7777778506278992,0.40229496359825134,1784468464.6531248,0.35800597071647644,0.6987981200218201,1871,0.5416666865348816,463.84,1.623766303062439,2.2005221843719482,0.07435397803783417,0.2341301143169403,7.9166669845581055,-0.028075847774744034,0.0476970549672842,-0.7778078317642212,0.7621673345565796,2.721944808959961,0.8280768394470215,0.5098497867584229,25.654211636930704,0.9065937995910645,0.4166666865348816
0.4157051742076874,0.24248731136322021,2258.483212409,-0.008392824936890975,0.00011390625000000003,0.1818394660949707,0.46063607931137085,0.37236088514328003,12.167723655700684,0.0416666679084301,-0.01462455652654171,38724,0.31388235092163086,0.6590300798416138,0.7236527800559998,10.83962149620056,,0.7777778506278992,0.4040122926235199,1784468467.306463,0.3579312264919281,0.6846777200698853,1872,0.7083333730697632,456.93,1.797898292541504,2.2246389389038086,0.07740172743797302,0.230398029088974,7.5,-0.019905632361769676,0.06348276045173407,-0.7538072466850281,0.7617803812026978,2.985816717147827,0.8767110109329224,0.5547472238540649,25.509038767814637,0.8853707313537598,0.2916666865348816
0.41603609919548035,0.2221587598323822,2261.178595226,-0.006357274940819479,5.0625000000000024e-05,0.16453388333320618,0.4620739221572876,0.31958192586898804,11.325704574584961,0.0,-0.013379978947341442,33600,0.2879338264465332,0.6407941579818726,0.7251953482627869,10.828768825531006,"{'_type': 'video-file', 'sha256': '434af44efd6c81228c37cc79f1ba7ea40ddadb7b1d5a673482c098e2a7955f1e', 'path': 'media/videos/video_1873_434af44efd6c81228c37.mp4', 'size': 1473961.0}",0.7777778506278992,0.40402185916900635,1784468470.3979204,0.3577773869037628,0.6864675879478455,1873,0.6666666865348816,458.83,1.7067816257476807,2.6377735137939453,0.07112088799476624,0.23095986247062683,7.583333492279053,-0.019871331751346588,0.059724359214305876,-0.7488752603530884,0.7619375586509705,2.7178845405578613,0.7933992743492126,0.5696374177932739,25.707004906535147,0.8841020464897156,0.3333333432674408
0.423834890127182,0.2132156491279602,2263.649861467,-0.008902981374922092,0.00011390625000000005,0.15778353810310364,0.4692187011241913,0.37007999420166016,10.715925216674805,0.0,-0.015550144016742706,38701,0.3145315647125244,0.5553662180900574,0.7354331016540527,10.81920313835144,,0.7777778506278992,0.4059605598449707,1784468473.0336525,0.35773593187332153,0.6971763372421265,1874,0.4166666865348816,477.77,1.5069159269332886,2.225498676300049,0.06940259784460068,0.23948317766189575,8.333333969116211,-0.027648650109767914,0.05923329256474972,-0.7721442580223083,0.7608852386474609,2.5632643699645996,0.7928141951560974,0.49039483070373535,26.484746493697166,0.9027246236801147,0.4166666865348816
0.3909541964530945,0.26388978958129883,2266.034722026,-0.007435672479914501,5.0625000000000024e-05,0.19718894362449646,0.43153366446495056,0.34010809659957886,11.596357345581055,0.0,-0.015780258923768997,41583,0.2913680076599121,0.6692115068435669,0.6798275709152222,10.827319860458374,,0.7777778506278992,0.40700873732566833,1784468475.4998806,0.3578377068042755,0.6420469284057617,1875,1.25,454.99,1.7837324142456055,2.072667121887207,0.08472269773483276,0.21527723968029022,6.6666669845581055,-0.023821428418159485,0.06199936196208,-0.7184041738510132,0.7610280513763428,2.910569667816162,0.8816789388656616,0.5751537680625916,25.218837905824184,0.8346652388572693,0.4583333432674408
0.4170301556587219,0.2395908087491989,2268.619106036,-0.008569184312364087,0.00011390625000000003,0.18436479568481445,0.46249908208847046,0.34617313742637634,11.566875457763672,0.0,-0.014992679469287395,43023,0.29181694984436035,0.632827877998352,0.7249476313591003,10.829196643829345,,0.7777778506278992,0.4050617814064026,1784468477.8894103,0.3578663170337677,0.6862356662750244,1876,0.875,457.01,1.7197937965393066,1.9930903911590576,0.07654871791601181,0.23222342133522034,7.583333492279053,-0.01941533014178276,0.06131151802837849,-0.7555292844772339,0.7630856037139893,2.9014010429382324,0.8678345084190369,0.5288254022598267,25.604886033833026,0.8858094215393066,0.375
0.41034436225891113,0.24908387660980225,2271.017536519,-0.007396190508734435,7.593750000000004e-05,0.1865520179271698,0.4562563896179199,0.3278583884239197,11.766992568969727,0.0416666679084301,-0.016058847308158875,39668,0.3251805305480957,0.6626644134521484,0.7151204347610474,10.832463455200195,,0.7777778506278992,0.403847873210907,1784468480.4662623,0.3579406440258026,0.6779288053512573,1877,0.625,458.31,1.6945470571517944,2.1529839038848877,0.07995840907096863,0.23377680778503418,7.6666669845581055,-0.026243939995765686,0.05749432556331158,-0.7495622634887695,0.7638921737670898,2.86954665184021,0.890291690826416,0.5620454549789429,25.51052021294832,0.8750500082969666,0.5
0.4149218499660492,0.23379509150981903,2273.657618584,-0.008277456468204037,0.00011390625000000003,0.17031781375408173,0.4611174762248993,0.30969130992889404,11.548529624938965,0.0416666679084301,-0.014991970732808113,42771,0.29779052734375,0.6247073411941528,0.7224400043487549,10.839497804641724,,0.7777778506278992,0.4008067548274994,1784468482.8684704,0.3580348789691925,0.6834666132926941,1878,0.7916666865348816,467.97,1.764509916305542,2.0005457401275635,0.07218816876411438,0.229435533285141,7.833333492279053,-0.02339177578687668,0.05924909822642803,-0.7547565698623657,0.7654638290405273,2.9009132385253906,0.8376659750938416,0.5093228816986084,26.067917870730163,0.884688138961792,0.4166666865348816
0.41087886691093445,0.23638004064559937,2276.075607776,-0.006796356465201825,5.0625000000000024e-05,0.1725667119026184,0.4535178542137146,0.3310629725456238,10.318150520324707,0.0,-0.014471525326371193,38700,0.3091435432434082,0.5579099655151367,0.7127816677093506,10.842405366897584,,0.7777778506278992,0.4019765853881836,1784468485.5193079,0.35801005363464355,0.6747612953186035,1879,0.5,459.36,1.5202951431274414,2.2309982776641846,0.07432544231414795,0.2278175801038742,7.833333492279053,-0.02184135839343071,0.06065898630768061,-0.7530815005302429,0.7653177976608276,2.612288475036621,0.8136047124862671,0.4640301465988159,25.28523930311203,0.8778132200241089,0.5833333730697632
0.4074861407279968,0.2427813708782196,2278.667861738,-0.00880705815507099,0.00011390625000000005,0.184759259223938,0.449490487575531,0.33595308661460876,11.504050254821777,0.0416666679084301,-0.013548707589507103,42664,0.2978553771972656,0.6251011490821838,0.7069934606552124,10.844635915756225,,0.7777778506278992,0.4021993577480316,1784468487.9291112,0.35810261964797974,0.6673532724380493,1880,0.75,451.76,1.6928186416625977,2.0062668323516846,0.07794170826673508,0.21895861625671387,8.0,-0.024304639548063278,0.06148168668150902,-0.7431793212890625,0.7658259272575378,2.8379969596862793,0.8617937564849854,0.5089682936668396,24.988424984142185,0.8680006861686707,0.4583333432674408
0.4079093337059021,0.23748156428337097,2281.137498634,-0.007367986788449343,7.593750000000004e-05,0.18013714253902435,0.45003342628479004,0.34416675567626953,11.56982707977295,0.0,-0.01571113057434559,39508,0.3146250247955322,0.6226286888122559,0.7083901166915894,10.854142904281616,,0.7777778506278992,0.40402835607528687,1784468490.5431294,0.35815730690956116,0.6682981848716736,1881,0.75,477.2,1.7309845685958862,2.173536539077759,0.07395943254232407,0.22058646380901337,8.708333969116211,-0.02198372408747673,0.05016041062772274,-0.7454273104667664,0.7643718719482422,2.840373992919922,0.8552824854850769,0.5434666872024536,26.385099500715732,0.870215117931366,0.2916666865348816
0.42708802223205566,0.2228529304265976,2283.813475724,-0.007295573223382234,0.00011390625000000003,0.1604282408952713,0.47282493114471436,0.35945314168930054,10.540977478027344,0.0,-0.014351900666952133,42028,0.28830480575561523,0.57649165391922,0.7419509887695312,10.854321908950805,,0.7777778506278992,0.4056684970855713,1784468492.9885626,0.3581952452659607,0.7018011808395386,1882,0.6666666865348816,483.64,1.7090896368026733,2.0506975650787354,0.0730065107345581,0.23730087280273438,7.583333492279053,-0.03436851128935814,0.05627200845628977,-0.7723698616027832,0.7632321715354919,2.591860771179199,0.806534469127655,0.4832083582878113,26.771960401535033,0.9080256819725037,0.3333333432674408
0.4213724732398987,0.20317904651165009,2286.396099106,-0.007258789788465947,7.593750000000004e-05,0.15195530652999878,0.4658336639404297,0.3255545496940613,10.535215377807617,0.0,-0.014306193217635155,38186,0.3139066696166992,0.5270721912384033,0.7307600975036621,10.864862632751464,,0.7777778506278992,0.40815603733062744,1784468495.670684,0.3582767844200134,0.691710889339447,1883,0.3333333432674408,462.93,1.5315883159637451,2.2603790760040283,0.06633960455656052,0.23731087148189545,7.75,-0.023901715874671936,0.04468692429363728,-0.761913001537323,0.7620824575424194,2.5227978229522705,0.7930452227592468,0.45660215616226196,25.78686387076974,0.8945087194442749,0.4583333432674408
0.42357906699180603,0.20461609959602356,2288.878271331,-0.008269821965950542,7.593750000000002e-05,0.15652532875537872,0.4700300395488739,0.3351535201072693,10.507636070251465,0.0,-0.013838179409503937,39724,0.31136536598205566,0.5236330628395081,0.7379715442657471,10.872691631317139,,0.7777778506278992,0.4090217053890228,1784468498.2601326,0.3584628105163574,0.7002444267272949,1884,0.625,463.43,1.6197474002838135,2.163280725479126,0.06639400869607925,0.24146199226379395,7.7916669845581055,-0.023529401049017906,0.0581160893663764,-0.7634136080741882,0.7615081071853638,2.560124397277832,0.7732874751091003,0.44313597679138184,26.048925211112945,0.9019977450370789,0.25
0.4225603938102722,0.2270982712507248,2291.451118958,-0.0074653730051068125,7.593750000000002e-05,0.17477858066558838,0.46686333417892456,0.3568904995918274,11.127487182617188,0.0,-0.01649164780974388,41607,0.29569268226623535,0.6040791869163513,0.7342686057090759,10.885092210769653,,0.7777778506278992,0.4101899564266205,1784468500.727385,0.35846996307373047,0.6946777105331421,1885,0.3333333432674408,489.96,1.582720160484314,2.0669686794281006,0.07322244346141815,0.22725200653076172,7.458333492279053,-0.02350853756070137,0.052801042422652246,-0.7796587944030762,0.7611249685287476,2.7110421657562256,0.8254131078720093,0.49894365668296814,27.07279541015625,0.9065285921096802,0.375
0.4197502136230469,0.21831779181957245,2294.046875556,-0.008503953534091124,0.00011390625000000003,0.16213586926460266,0.46386727690696716,0.3275189697742462,10.934630393981934,0.0,-0.01392826996743679,39783,0.31962156295776367,0.6019904613494873,0.7274715900421143,10.873450660705567,,0.7777778506278992,0.41126152873039246,1784468503.3104656,0.3583107888698578,0.6883242130279541,1886,0.625,467.18,1.5123651027679443,2.1513795852661133,0.06993646919727325,0.23582279682159424,7.333333492279053,-0.02826111577451229,0.05709611568599939,-0.7581528425216675,0.7610595226287842,2.731102705001831,0.8238706588745117,0.4820023775100708,26.089464123919605,0.8917214870452881,0.375
0.40056678652763367,0.26958560943603516,2296.724284117,-0.006649473147990648,5.0625000000000024e-05,0.2130320966243744,0.44362086057662964,0.2970941960811615,12.100226402282715,0.0,-0.014383316040039062,39613,0.3016316890716553,0.6651616096496582,0.6966347098350525,10.863819313049316,,0.7777778506278992,0.41012001037597656,1784468505.9157476,0.35822921991348267,0.6623790860176086,1887,0.7916666865348816,442.94,1.8962438106536865,2.1799209117889404,0.08537550270557404,0.23207132518291473,7.708333492279053,-0.02120494470000267,0.05700704902410507,-0.7272297739982605,0.7633665800094604,3.0116233825683594,0.897509753704071,0.5522953271865845,24.591546429358424,0.8526886701583862,0.5416666865348816
0.415365070104599,0.21717619895935059,2299.325610158,-0.008120254124514758,0.00011390625000000005,0.16258232295513153,0.4624147415161133,0.3294615149497986,9.993106842041016,0.0,-0.014136805199086666,38457,0.31175756454467773,0.5472927093505859,0.7232415080070496,10.864960622787475,,0.7777778506278992,0.41505131125450134,1784468508.5915704,0.35827699303627014,0.6850249767303467,1888,0.4583333432674408,468.11,1.5039594173431396,2.244408130645752,0.07196473330259323,0.23538732528686523,8.625,-0.023970259353518486,0.04786165673285723,-0.7493295669555664,0.7602591514587402,2.47109317779541,0.7711206674575806,0.4774106442928314,26.03567131087184,0.8846182227134705,0.5
0.4119630753993988,0.22714218497276306,2301.92613519,-0.006871406012214721,5.0625000000000024e-05,0.17119376361370087,0.4549422264099121,0.33579835295677185,11.026609420776367,0.0416666679084301,-0.015947211533784866,39623,0.3206934928894043,0.5819483995437622,0.714279055595398,10.866955947875976,,0.7777778506278992,0.4186527132987976,1784468511.1857665,0.35825908184051514,0.6751359701156616,1889,0.4166666865348816,464.06,1.7310060262680054,2.1602423191070557,0.07039468735456467,0.2263595312833786,7.25,-0.020815547555685043,0.04438679628074169,-0.7515117526054382,0.7589544057846069,2.7600982189178467,0.8318262100219727,0.5059772729873657,25.759465002566575,0.8775415420532227,0.4166666865348816
0.4135831296443939,0.22816312313079834,2304.41533146,-0.00830653390585212,0.00011390625000000005,0.1715797632932663,0.4587123394012451,0.31356602907180786,11.389593124389648,0.0,-0.015343800187110901,39515,0.2952156066894531,0.6176698207855225,0.7194468379020691,10.856505012512207,,0.7777778506278992,0.4160397946834564,1784468513.774197,0.35807573795318604,0.6802349090576172,1890,0.7083333730697632,468.11,1.7151365280151367,2.1925010681152344,0.07368429005146027,0.2305556982755661,7.5,-0.021550755947828293,0.049979758076369764,-0.7586590647697449,0.7594980001449585,2.7661585807800293,0.8567887544631958,0.5321225523948669,26.03023439452052,0.8848177194595337,0.4583333432674408
0.4215313792228699,0.2207879275083542,2307.029610497,-0.007124021439813078,7.593750000000004e-05,0.1636117398738861,0.4667336940765381,0.3245024085044861,10.698222160339355,0.0,-0.014684341847896576,41121,0.28650712966918945,0.5874536633491516,0.7327766418457031,10.84140977859497,,0.7777778506278992,0.41305917501449585,1784468516.271573,0.35793739557266235,0.6947011351585388,1891,0.5833333730697632,472.97,1.6815853118896484,2.1040921211242676,0.07159510254859924,0.22964927554130554,8.833333969116211,-0.024681366980075836,0.060219266824424265,-0.7669558525085449,0.7606784701347351,2.6671085357666016,0.8457959890365601,0.5067363381385803,26.289678313434123,0.8988454341888428,0.5
0.4031454026699066,0.2529987394809723,2309.483493962,-0.00889596922788769,0.00011390625000000003,0.18541082739830017,0.44670364260673523,0.30802565813064575,11.437655448913574,0.0416666679084301,-0.015143012627959251,39212,0.3020904064178467,0.6174293756484985,0.7014619708061218,10.828838539123534,,0.7777778506278992,0.4111400544643402,1784468518.8795183,0.3578568398952484,0.6645081639289856,1892,0.5833333730697632,458.65,1.764318823814392,2.204866409301758,0.07989433407783508,0.22435790300369263,7.4166669845581055,-0.024696968495845795,0.053731306828558444,-0.7342528104782104,0.7614257335662842,2.8206355571746826,0.8510112166404724,0.5208380818367004,25.563929112181068,0.8604075312614441,0.4583333432674408
0.4117515981197357,0.24776451289653778,2312.730842205,-0.007083905427134596,7.593750000000004e-05,0.18262380361557007,0.45399004220962524,0.3308963179588318,11.515316009521484,0.0,-0.015241740271449089,41752,0.29804325103759766,0.6311793923377991,0.7150059938430786,10.829303455352782,,0.7777778506278992,0.4102266728878021,1784468521.3404646,0.3579236567020416,0.6754357814788818,1893,0.875,460.6,1.8726155757904053,2.0563769340515137,0.07786224037408829,0.22707810997962952,7.75,-0.02596934698522091,0.05846984311938286,-0.7546817660331726,0.7614288330078125,2.9173426628112793,0.866287112236023,0.5455536842346191,25.456697610914706,0.8785731792449951,0.4583333432674408
0.4261800944805145,0.20605479180812836,2315.305841298,-0.00816804303904064,7.593750000000002e-05,0.15336523950099945,0.4748447835445404,0.3494296967983246,10.237971305847168,0.0,-0.012725664302706718,31303,0.29655909538269043,0.5638235807418823,0.7408223152160645,10.82877197265625,"{'path': 'media/videos/video_1894_ad95547fae63d4465113.mp4', 'size': 1422975.0, '_type': 'video-file', 'sha256': 'ad95547fae63d44651133d32fb7426a01358229c55ae628e53ef5c522448f784'}",0.7777778506278992,0.4055345952510834,1784468524.6473165,0.35782894492149353,0.7032519578933716,1894,0.3333333432674408,470.92,1.5374521017074585,2.843813896179199,0.06647138297557831,0.23842334747314453,7.4166669845581055,-0.026108037680387497,0.05278715193271637,-0.7633885145187378,0.7630302906036377,2.5220282077789307,0.7545304298400879,0.49343594908714294,26.355700275972485,0.9054988622665405,0.3333333432674408
0.4191240668296814,0.22250697016716003,2317.868533642,-0.008492216508602723,7.593750000000002e-05,0.15679433941841125,0.46337080001831055,0.3522411584854126,10.444131851196289,0.0,-0.012624291703104973,40633,0.2875044345855713,0.592086911201477,0.7273659706115723,10.819482040405273,,0.7777778506278992,0.40434664487838745,1784468527.1530852,0.3577709496021271,0.6864794492721558,1895,0.5,481.85,1.6338609457015991,2.1318063735961914,0.07191004604101181,0.2242610901594162,8.333333969116211,-0.026928048580884933,0.054968778230249885,-0.7597411870956421,0.7654749751091003,2.558560848236084,0.7997357249259949,0.527981698513031,26.653965089470148,0.8931211829185486,0.4166666865348816
0.41566354036331177,0.23299932479858398,2320.417596484,-0.008580539107788355,0.00011390625000000003,0.16745541989803314,0.46173954010009766,0.32792240381240845,10.79260540008545,0.0,-0.012446574866771698,39876,0.29406070709228516,0.5998959541320801,0.7212650775909424,10.818015956878662,,0.7777778506278992,0.40389078855514526,1784468529.7242749,0.357816219329834,0.6824647784233093,1896,0.625,463.21,1.5845798254013062,2.171147108078003,0.0726083517074585,0.22441992163658142,7.375,-0.022740080952644348,0.0475870257243514,-0.7435325980186462,0.7662422060966492,2.6791129112243652,0.8203716278076172,0.5225746631622314,25.937377288490534,0.8808401823043823,0.4166666865348816
0.41129550337791443,0.23494121432304382,2322.938235796,-0.008041750879783649,0.00011390625000000006,0.1738307923078537,0.4553605020046234,0.3032084107398987,10.60852336883545,0.0,-0.013342531397938728,40284,0.2936720848083496,0.6168889403343201,0.714272677898407,10.826991176605224,,0.7777778506278992,0.4015364348888397,1784468532.2725453,0.35792845487594604,0.6743453741073608,1897,0.375,470.12,1.6663734912872314,2.146557331085205,0.07429954409599304,0.22321486473083496,7.9166669845581055,-0.021503381431102753,0.053174850344657895,-0.7417440414428711,0.7685742378234863,2.6978251934051514,0.8446778655052185,0.5322097539901733,26.182291759848596,0.8739111423492432,0.7083333730697632
0.41449618339538574,0.22390858829021454,2325.480978471,-0.006704580152290873,7.593750000000004e-05,0.15951018035411835,0.4594501852989197,0.36672550439834595,11.383414268493652,0.0416666679084301,-0.013467399403452873,40725,0.30182814598083496,0.6155776977539062,0.7187778949737549,10.832508516311645,,0.7777778506278992,0.39970117807388306,1784468534.7907088,0.3579666316509247,0.6787443161010742,1898,0.7083333730697632,464.97,1.7712512016296387,2.11202073097229,0.0722586065530777,0.2237141728401184,7.4166669845581055,-0.02776418998837471,0.050454266369342804,-0.7453470230102539,0.7698895335197449,2.8391635417938232,0.8316382169723511,0.5198671817779541,25.794468100667,0.8794728517532349,0.2083333432674408
0.42085355520248413,0.22438333928585052,2328.034638425,-0.0072891798336058855,7.593750000000002e-05,0.16415368020534515,0.4686047434806824,0.36668822169303894,10.42588996887207,0.0,-0.01230570673942566,40282,0.2862210273742676,0.5899727940559387,0.732024610042572,10.835579442977906,,0.7777778506278992,0.398689329624176,1784468537.3274808,0.35789164900779724,0.690870463848114,1899,0.4583333432674408,469.05,1.6789178848266602,2.1541240215301514,0.07428227365016937,0.22896252572536469,7.958333492279053,-0.02375238947570324,0.04653552211821079,-0.7595211863517761,0.7705215215682983,2.565668821334839,0.8145455121994019,0.5115706920623779,26.23053276360035,0.8964774012565613,0.5
0.4221125543117523,0.20945703983306885,2330.710612491,-0.008368593902559951,0.00011390625000000003,0.15091829001903534,0.4719693064689636,0.3536974787712097,10.7540922164917,0.0,-0.014512516558170319,40036,0.29653167724609375,0.5372716188430786,0.7352356910705566,10.82924780845642,,0.7777778506278992,0.399436891078949,1784468539.8877594,0.35787540674209595,0.696802020072937,1900,0.5,463.79,1.5894362926483154,2.1588244438171387,0.06752282381057739,0.2258710116147995,7.75,-0.0251134242862463,0.05704562459141016,-0.7613462805747986,0.7713582515716553,2.5653886795043945,0.776861846446991,0.4600297808647156,25.603381453007458,0.8997296094894409,0.2916666865348816
0.41012632846832275,0.23969098925590515,2333.398842408,-0.007687299090321176,0.00011390625000000006,0.17687062919139862,0.4550129771232605,0.3667505979537964,11.39039421081543,0.0416666679084301,-0.014887619763612747,38253,0.31550097465515137,0.5829546451568604,0.7134742736816406,10.832899618148804,,0.7777778506278992,0.3945629596710205,1784468542.5725822,0.3578824996948242,0.6755701303482056,1901,0.7916666865348816,464.81,1.7492852210998535,2.254314422607422,0.07625161856412888,0.229704350233078,8.25,-0.02107708714902401,0.05544048845767975,-0.744780957698822,0.7750846743583679,2.783808469772339,0.8486382365226746,0.48748111724853516,26.085498149096967,0.8742491602897644,0.5
0.43096327781677246,0.2129555344581604,2335.918778497,-0.006687449035234749,7.593750000000004e-05,0.15131178498268127,0.4783276915550232,0.3434950113296509,11.46937084197998,0.0416666679084301,-0.013021591119468212,38243,0.31818056106567383,0.59215247631073,0.7485203146934509,10.83158917427063,,0.7777778506278992,0.3905946612358093,1784468545.2585304,0.3578079044818878,0.7084080576896667,1902,0.4583333432674408,488.66,1.5031328201293945,2.252286195755005,0.06620672345161438,0.23559221625328064,8.708333969116211,-0.027406712993979454,0.042321207001805305,-0.7750915288925171,0.7775182723999023,2.6994876861572266,0.812660813331604,0.5057818293571472,27.44262101560831,0.9158336520195007,0.1666666716337204
0.41688013076782227,0.23859643936157227,2338.463547826,-0.00782080726348795,7.593750000000002e-05,0.18679749965667725,0.4626719653606415,0.3912627100944519,11.534215927124023,0.0833333358168602,-0.01390756294131279,40849,0.2983109951019287,0.6223911046981812,0.7242317199707031,10.826307201385498,,0.7777778506278992,0.3894062638282776,1784468547.7893374,0.3577919006347656,0.6824743151664734,1903,0.5833333730697632,465.11,1.7190847396850586,2.108160972595215,0.07752757519483566,0.22001805901527405,7.583333492279053,-0.023404594510793686,0.06444585956633091,-0.7519536018371582,0.7786784172058105,2.8158679008483887,0.8714779615402222,0.5282673239707947,25.952687516212464,0.8857475519180298,0.4166666865348816
0.41988322138786316,0.22329628467559814,2341.010352887,-0.00859562356636161,0.00011390625000000003,0.16187933087348938,0.4679039418697357,0.3883173167705536,10.097563743591309,0.0,-0.012039250694215298,40620,0.2989614009857178,0.539297342300415,0.7308597564697266,10.817963075637817,,0.7777778506278992,0.39083561301231384,1784468550.3136716,0.35761967301368713,0.6897866725921631,1904,0.4583333432674408,467.23,1.5696570873260498,2.1211016178131104,0.07148976624011993,0.23133651912212372,7.583333492279053,-0.02586699090898037,0.043646034225821494,-0.7520983219146729,0.7784123420715332,2.517099618911743,0.7742072343826294,0.48576050996780396,26.30907697021961,0.8916079998016357,0.4583333432674408
0.43104562163352966,0.19612249732017517,2343.542068714,-0.007367275928845629,7.593750000000004e-05,0.13996875286102295,0.48058170080184937,0.33097347617149353,10.362740516662598,0.0,-0.012868630699813366,40181,0.3148167133331299,0.5165988206863403,0.748354434967041,10.799601936340332,,0.7777778506278992,0.3911522626876831,1784468552.8753653,0.35741785168647766,0.7073535919189453,1905,0.4583333432674408,467.7,1.5430364608764648,2.1317098140716553,0.062183819711208344,0.231154203414917,8.0,-0.028716376051306725,0.04829824976623058,-0.7735597491264343,0.7788516879081726,2.520885944366455,0.7631397247314453,0.44608157873153687,25.966085430979728,0.9157242178916931,0.25
0.4061744213104248,0.23445384204387665,2346.168590934,-0.008159468644589652,7.593750000000002e-05,0.17585930228233337,0.4534040093421936,0.3402148187160492,11.196762084960938,0.0416666679084301,-0.013136102817952633,40780,0.2927279472351074,0.590160071849823,0.7071837782859802,10.790178203582764,,0.7777778506278992,0.387728214263916,1784468555.3966823,0.35752150416374207,0.6694666743278503,1906,0.625,456.27,1.7304719686508179,2.1178205013275146,0.07495693862438202,0.2247420847415924,7.0,-0.024872686713933945,0.06998436190187932,-0.7379080653190613,0.781574010848999,2.7769784927368164,0.8293487429618835,0.4817478060722351,25.404654498696328,0.8671571016311646,0.4583333432674408
0.4130568504333496,0.23701171576976776,2348.801862199,-0.008608706728409743,5.062500000000002e-05,0.1791429966688156,0.46177634596824646,0.3659343421459198,11.04085922241211,0.0416666679084301,-0.014002619311213493,39009,0.30806970596313477,0.5947176218032837,0.7191097736358643,10.807615900039673,,0.7777778506278992,0.38666725158691406,1784468558.033903,0.35759615898132324,0.6815666556358337,1907,0.875,469.64,1.6297200918197632,2.2119243144989014,0.07677813619375229,0.22629883885383606,8.125,-0.02166464552283287,0.05367584303021431,-0.7436211109161377,0.7820490598678589,2.7709414958953857,0.8348643779754639,0.49732011556625366,26.432803025320172,0.879226803779602,0.4583333432674408
0.42709463834762573,0.20407508313655853,2351.310054436,-0.008259895583614707,0.00011390625000000003,0.14660441875457764,0.47503337264060974,0.31099480390548706,10.373560905456543,0.0,-0.013593122363090515,39099,0.30509161949157715,0.5598534941673279,0.7429728507995605,10.788957118988037,,0.7777778506278992,0.3863832354545593,1784468560.655988,0.3573082387447357,0.7003557085990906,1908,0.3333333432674408,490.16,1.5913866758346558,2.209141254425049,0.06498391926288605,0.2310480773448944,8.041666984558105,-0.021130111068487167,0.06016283184289932,-0.771073579788208,0.7833660840988159,2.5169320106506348,0.7806886434555054,0.495510995388031,27.477809410095215,0.9090348482131958,0.4166666865348816
0.41443079710006714,0.2193547487258911,2353.889705045,-0.007629234559135512,0.00011390625000000006,0.16285517811775208,0.4615786075592041,0.34143131971359253,10.518529891967773,0.0,-0.01327967457473278,40908,0.30065035820007324,0.5831186771392822,0.7219175696372986,10.772724294662476,,0.7777778506278992,0.3861249089241028,1784468563.1629694,0.3571470379829407,0.6788394451141357,1909,0.5416666865348816,484.3,1.6478617191314697,2.1023638248443604,0.07053972780704498,0.2253851592540741,8.166666984558105,-0.026418395340442657,0.048075766675174235,-0.7510986328125,0.783397912979126,2.5489501953125,0.8005390167236328,0.5196161270141602,26.885785906910897,0.8844728469848633,0.4583333432674408
0.4289082884788513,0.21000197529792786,2356.413474041,-0.007207211182685569,7.593750000000004e-05,0.1433783620595932,0.47844523191452026,0.3443906307220459,10.64052963256836,0.0,-0.012325542978942394,39723,0.3053882122039795,0.5593084692955017,0.745364785194397,10.756914472579956,,0.7777778506278992,0.3886682391166687,1784468565.7426553,0.35694828629493713,0.7042255401611328,1910,0.4583333432674408,482.39,1.4888103008270264,2.169327974319458,0.06829100847244263,0.22907213866710663,7.708333492279053,-0.02301052212715149,0.04728814251720905,-0.7661868929862976,0.7825369834899902,2.5728750228881836,0.797463595867157,0.4718363285064697,27.193852984309196,0.9108214378356934,0.2916666865348816
0.40789473056793213,0.23184338212013245,2359.006123829,-0.008592035850597313,0.00011390625000000003,0.1678604930639267,0.454690158367157,0.3454618453979492,11.388776779174805,0.0416666679084301,-0.012616775929927826,40641,0.29857921600341797,0.5840123891830444,0.7098495364189148,10.741957569122315,,0.7777778506278992,0.3913690745830536,1784468568.2720163,0.3569119870662689,0.6686155200004578,1911,0.5,467.64,1.5842747688293457,2.1202495098114014,0.07296096533536911,0.21858112514019012,7.125,-0.021680286154150963,0.06354160234332085,-0.7386764287948608,0.7808653116226196,2.7934584617614746,0.8561031222343445,0.5145361423492432,26.06530947569758,0.869623064994812,0.2916666865348816
0.4152686297893524,0.22166185081005096,2361.543642214,-0.007430436093454773,7.593750000000004e-05,0.16547593474388123,0.46308434009552,0.3723737597465515,10.191797256469727,0.0,-0.013422760181128979,39613,0.2982349395751953,0.5635441541671753,0.7217463254928589,10.746800708770753,,0.7777778506278992,0.39060354232788086,1784468570.867019,0.35694068670272827,0.681172251701355,1912,0.5416666865348816,473.81,1.5598686933517456,2.1833529472351074,0.07256434857845306,0.21950063109397888,8.583333969116211,-0.02565814182162285,0.04775439910590649,-0.7493095397949219,0.781932532787323,2.5856239795684814,0.7793351411819458,0.47750431299209595,26.24245369590819,0.884532630443573,0.5833333730697632
0.40906640887260437,0.2351885437965393,2364.150324896,-0.008588155683173681,0.00011390625000000003,0.1842341423034668,0.4538577198982239,0.3169368803501129,10.96418571472168,0.0,-0.013583365827798843,40542,0.28513026237487793,0.607088565826416,0.7094457149505615,10.747061777114869,,0.7777778506278992,0.3884943425655365,1784468573.4217813,0.35692864656448364,0.6695233583450317,1913,0.625,461.28,1.7432149648666382,2.139601469039917,0.07787017524242401,0.22412995994091034,7.583333492279053,-0.026462038978934288,0.05273979417979717,-0.7426092028617859,0.7831008434295654,2.7738966941833496,0.813306987285614,0.5232378244400024,25.522086127251388,0.871365487575531,0.4583333432674408
0.4244938790798187,0.20976576209068298,2367.415298698,-0.006771616575497319,5.0625000000000024e-05,0.1561852991580963,0.4726336896419525,0.36559969186782837,10.228326797485352,0.0833333358168602,-0.014542355202138424,39694,0.3153567314147949,0.5274117588996887,0.7387086749076843,10.749943399429322,,0.7777778506278992,0.3886551856994629,1784468576.0132384,0.3569507896900177,0.6962547302246094,1914,0.375,473.16,1.5545767545700073,2.1611266136169434,0.06476721167564392,0.22739362716674805,8.333333969116211,-0.025510957464575768,0.051321590691804884,-0.7683305144309998,0.783776044845581,2.5058212280273438,0.7853145599365234,0.44501563906669617,26.210777549594642,0.905603289604187,0.25
0.42978405952453613,0.19521737098693848,2369.959713042,-0.008529434143565596,7.593750000000002e-05,0.137076273560524,0.47803613543510437,0.4051685929298401,10.393182754516602,0.0,-0.014163902960717678,31244,0.302473783493042,0.5831817388534546,0.7457191348075867,10.749968957901,"{'size': 1461952.0, '_type': 'video-file', 'sha256': '71658f0134267994d6625ddae45059eb1524017eac0d34fc825a584d24ce7bd5', 'path': 'media/videos/video_1915_71658f0134267994d662.mp4'}",0.7777778506278992,0.387746661901474,1784468579.3435607,0.35691145062446594,0.7010960578918457,1915,0.25,494.09,1.6102412939071655,2.8438243865966797,0.06429660320281982,0.22999690473079681,7.1666669845581055,-0.030609456822276115,0.05198547653853893,-0.7808880805969238,0.7842561602592468,2.4815480709075928,0.7740311622619629,0.4977550208568573,27.120327032133936,0.9167596101760864,0.2083333432674408
0.41725262999534607,0.22065405547618866,2372.553009915,-0.008614566386677324,7.593750000000002e-05,0.1591462790966034,0.4659193158149719,0.347585529088974,10.83265209197998,0.0416666679084301,-0.011999930255115032,41355,0.2929706573486328,0.558203399181366,0.7265719175338745,10.74256706237793,,0.7777778506278992,0.3890262544155121,1784468581.8062572,0.356812059879303,0.6852075457572937,1916,0.5416666865348816,467.25,1.5474591255187988,2.0840511322021484,0.0694364458322525,0.22007839381694794,8.333333969116211,-0.021693721413612366,0.039333361014723775,-0.7480780482292175,0.7849015593528748,2.5916876792907715,0.7912659645080566,0.4862236976623535,26.07303799569607,0.8876427412033081,0.3333333432674408
0.41807493567466736,0.2022806704044342,2375.054412463,-0.008433021043310873,0.00011390625000000003,0.14710651338100433,0.4668700098991394,0.35326191782951355,9.818790435791016,0.0,-0.013128144666552544,39385,0.3052101135253906,0.5427145957946777,0.7277488708496094,10.73588604927063,,0.7777778506278992,0.3890568017959595,1784468584.4076672,0.3567007780075073,0.6881029009819031,1917,0.4583333432674408,450.12,1.4398572444915771,2.190757989883423,0.06398129463195801,0.24076125025749207,7.125,-0.02076079323887825,0.047108500823378564,-0.7557535171508789,0.7856683731079102,2.463975429534912,0.7439576387405396,0.47755736112594604,25.400087827071548,0.8898506164550781,0.2916666865348816
0.4218027591705322,0.2068149745464325,2377.653609948,-0.008114435148308985,7.593750000000004e-05,0.1427614688873291,0.4702053666114807,0.33020147681236267,10.60876750946045,0.0,-0.012436611577868462,41020,0.29314351081848145,0.5702676773071289,0.7338539958000183,10.727870607376099,,0.7777778506278992,0.38990041613578796,1784468586.9028192,0.3566562235355377,0.6927950382232666,1918,0.5416666865348816,465.93,1.5593714714050293,2.103339672088623,0.06839863955974579,0.23000721633434296,8.25,-0.021486734971404076,0.051042713969945905,-0.7547640800476074,0.7859095931053162,2.5769429206848145,0.7736694812774658,0.48867493867874146,26.352158255577088,0.8944253921508789,0.2916666865348816
0.422325074672699,0.21746611595153809,2380.28579647,-0.008714180451352149,0.00011390625000000003,0.15883220732212067,0.47322162985801697,0.3512807786464691,10.526573181152344,0.0416666679084301,-0.012511874549090862,39313,0.3069145679473877,0.5600085258483887,0.7375166416168213,10.716007041931153,,0.7777778506278992,0.3881012797355652,1784468589.5071118,0.35642537474632263,0.693515419960022,1919,0.4583333432674408,472.98,1.5157783031463623,2.193601608276367,0.07000907510519028,0.2259654998779297,7.958333492279053,-0.018461165949702263,0.05304700657725334,-0.75621497631073,0.786273181438446,2.4883391857147217,0.8145334124565125,0.5000200271606445,26.67508543934673,0.9003019332885742,0.4583333432674408
0.42595410346984863,0.22090423107147217,2382.84655146,-0.007546037947759032,7.593750000000004e-05,0.1651112139225006,0.47564393281936646,0.4007290303707123,10.605295181274414,0.0,-0.014557348564267159,38913,0.32294416427612305,0.5761067271232605,0.7417370080947876,10.699695253372193,,0.7777778506278992,0.38724422454833984,1784468592.1709533,0.35628390312194824,0.6984760165214539,1920,0.625,472.82,1.5823032855987549,2.2032651901245117,0.0707068219780922,0.2235683798789978,7.5416669845581055,-0.021452322602272034,0.05659880992025137,-0.7645528316497803,0.7867927551269531,2.6179604530334473,0.7819120287895203,0.5102602243423462,26.364141762554645,0.9052634239196777,0.2916666865348816
0.4284113049507141,0.2161732167005539,2385.387428102,-0.007098573629627935,0.00011390625000000003,0.16202178597450256,0.4773484170436859,0.3617112338542938,10.948946952819824,0.0,-0.012924715876579285,40578,0.32512784004211426,0.5770189166069031,0.7448460459709167,10.693656969070435,,0.7777778506278992,0.38953787088394165,1784468594.7146642,0.35622185468673706,0.700894296169281,1921,0.4166666865348816,472.69,1.6385247707366943,2.0974650382995605,0.0689619705080986,0.232869490981102,7.625,-0.025667358189821243,0.04484174977988005,-0.7665790319442749,0.7863479852676392,2.6258389949798584,0.7727117538452148,0.5204080939292908,26.500926382392645,0.9089142084121704,0.5833333730697632
0.41712698340415955,0.21150290966033936,2387.868352925,-0.007219892690773122,7.593750000000004e-05,0.1527569741010666,0.46503132581710815,0.33885249495506287,10.54959487915039,0.0,-0.013257156126201153,40639,0.29955506324768066,0.5579055547714233,0.7253103256225586,10.687255334854125,,0.7777778506278992,0.38625454902648926,1784468597.2403133,0.3560894727706909,0.6843456029891968,1922,0.4166666865348816,473.7,1.6228368282318115,2.1193995475769043,0.06714494526386261,0.2236606329679489,8.791666984558105,-0.02564932033419609,0.042890763469040395,-0.748426079750061,0.7881007194519043,2.5623326301574707,0.7992614507675171,0.4765678346157074,26.303148223683237,0.8879734873771667,0.3333333432674408
0.4172219932079315,0.2262050360441208,2390.348196867,-0.007623776441323571,0.00011390625000000003,0.17680704593658447,0.46475648880004883,0.3486948013305664,11.009458541870117,0.0416666679084301,-0.013580910861492157,41343,0.3003847599029541,0.5916478633880615,0.7257637977600098,10.673256826400756,,0.7777778506278992,0.38291844725608826,1784468599.7134302,0.35602790117263794,0.6852771639823914,1923,0.5416666865348816,468.63,1.6575912237167358,2.0773568153381348,0.071463942527771,0.22178511321544647,8.0,-0.023007987067103386,0.044470856338739394,-0.749825656414032,0.7893590331077576,2.7497756481170654,0.8356448411941528,0.48132914304733276,26.007440256252885,0.8875787258148193,0.25
0.42150065302848816,0.21653060615062714,2392.905888013,-0.006190438460907899,3.3750000000000014e-05,0.17130570113658905,0.47059011459350586,0.38280004262924194,10.515124320983887,0.0,-0.01383044384419918,41241,0.28459715843200684,0.5767618417739868,0.7322031855583191,10.676317024230958,,0.7777778506278992,0.38367873430252075,1784468602.1991303,0.3560763895511627,0.6910807490348816,1924,0.5833333730697632,475.13,1.4925029277801514,2.098997116088867,0.06880307197570801,0.21995043754577637,7.7916669845581055,-0.022266343235969543,0.0617409449070692,-0.7555514574050903,0.7899109721183777,2.525692939758301,0.8316898345947266,0.5141573548316956,26.56199785962701,0.8969728350639343,0.25
0.4047158360481262,0.2431640625,2395.429783684,-0.008646240248344839,0.00011390625000000005,0.1829575002193451,0.4538309574127197,0.3555689752101898,11.649242401123047,0.0833333358168602,-0.012658020481467247,40016,0.2954895496368408,0.6482363939285278,0.7036017179489136,10.666780614852906,,0.7777778506278992,0.38310956954956055,1784468604.758366,0.35577601194381714,0.6644681692123413,1925,0.5833333730697632,451.4,1.8566397428512573,2.161074161529541,0.07555664330720901,0.21604448556900024,7.583333492279053,-0.020063553005456924,0.039504199847579004,-0.7234088182449341,0.7896441221237183,2.89877986907959,0.8575145602226257,0.5359518527984619,25.454971337094904,0.8588990569114685,0.4583333432674408
0.43163442611694336,0.18730378150939941,2397.953533177,-0.008650329645024612,0.00017085937500000006,0.13569217920303345,0.48207616806030273,0.29834455251693726,9.646465301513672,0.0,-0.013391297310590744,40616,0.29451942443847656,0.49677762389183044,0.7519419193267822,10.632976961135864,,0.7777778506278992,0.3805330693721771,1784468607.285905,0.35536861419677734,0.7095441222190857,1926,0.25,483.65,1.3270076513290405,2.12576961517334,0.060835689306259155,0.23012785613536835,7.833333492279053,-0.021807797253131866,0.04433964211493731,-0.7753764986991882,0.7901074290275574,2.3211703300476074,0.7156226634979248,0.44497430324554443,26.98097574993968,0.9189278483390808,0.25
0.4149922728538513,0.24246415495872498,2400.460058584,-0.007658165418979479,7.593750000000004e-05,0.17805413901805878,0.46610039472579956,0.3382963538169861,11.24558162689209,0.0,-0.0146790174767375,40685,0.3095896244049072,0.6227730512619019,0.7214351892471313,10.6197274684906,,0.7777778506278992,0.37908074259757996,1784468609.804583,0.3553754389286041,0.6803687810897827,1927,0.6666666865348816,461.71,1.816139578819275,2.106598377227783,0.07768704742193222,0.2141554355621338,7.625,-0.02154417708516121,0.05624886248260737,-0.7446179389953613,0.7922164797782898,2.9118077754974365,0.8680548071861267,0.5333415865898132,25.833159369155766,0.8833373785018921,0.5416666865348816
0.43103131651878357,0.19814592599868774,2403.073360071,-0.008144320209976286,7.593750000000002e-05,0.13648287951946259,0.4828803539276123,0.35380858182907104,9.838472366333008,0.0,-0.01362433098256588,40875,0.28667712211608887,0.5282753705978394,0.7498430013656616,10.623313474655152,,0.7777778506278992,0.378065288066864,1784468612.3131232,0.35537585616111755,0.7069851160049438,1928,0.5,490.37,1.4509639739990234,2.1182971000671387,0.06252141296863556,0.22448894381523132,8.458333969116211,-0.0234513096511364,0.05052109956741333,-0.769218921661377,0.7918953895568848,2.3919734954833984,0.7472989559173584,0.4726431369781494,27.52476133584976,0.9160416126251221,0.2916666865348816
0.4259718358516693,0.20681196451187134,2405.56647305,-0.008508277396322228,7.593750000000002e-05,0.14654546976089478,0.4781537652015686,0.3337786793708801,10.295466423034668,0.0416666679084301,-0.013716178946197033,39187,0.2995333671569824,0.5445266962051392,0.742491602897644,10.61152229309082,,0.7777778506278992,0.3781598210334778,1784468614.9209836,0.35526520013809204,0.7006305456161499,1929,0.625,476.01,1.524896502494812,2.2090187072753906,0.06647761166095734,0.23055586218833923,8.291666984558105,-0.02468392811715603,0.04136586952954531,-0.760887622833252,0.7913944125175476,2.5573630332946777,0.7647660970687866,0.4718809127807617,26.709172049313782,0.9060583114624023,0.2083333432674408
0.41412386298179626,0.2375931739807129,2408.092490678,-0.00826847780845128,7.593750000000002e-05,0.17698559165000916,0.4625283479690552,0.3198942542076111,11.701215744018555,0.0,-0.01577301137149334,41038,0.294048547744751,0.6303015947341919,0.7192875742912292,10.607882261276245,,0.7777778506278992,0.3767026662826538,1784468617.4163008,0.35527703166007996,0.6786024570465088,1930,0.625,460.52,1.7932356595993042,2.1013824939727783,0.0754491537809372,0.22627055644989014,8.0,-0.022932276129722595,0.06524072345346213,-0.749548614025116,0.7918848991394043,2.8916053771972656,0.8825201988220215,0.5379316210746765,25.612493565902113,0.8825075030326843,0.4583333432674408
0.41500017046928406,0.22956737875938416,2410.499569324,-0.007699683246028144,0.00011390625000000003,0.16769346594810486,0.46401548385620117,0.3356653153896332,10.943220138549805,0.0416666679084301,-0.013923398219048977,40540,0.30698251724243164,0.5566145181655884,0.7206739187240601,10.610869932174683,,0.7777778506278992,0.3758522868156433,1784468619.9475827,0.35535135865211487,0.6789960265159607,1931,0.5,479.98,1.7232879400253296,2.117863655090332,0.07286062836647034,0.2204168289899826,7.458333492279053,-0.019568223506212234,0.042241185903549194,-0.7470716238021851,0.7909464240074158,2.757617473602295,0.8092107176780701,0.4595766067504883,26.898960864692928,0.8832162618637085,0.4583333432674408
0.426943838596344,0.2045668661594391,2413.172879106,-0.006988781422842294,7.593750000000004e-05,0.143621563911438,0.48007601499557495,0.33218836784362793,10.315986633300781,0.0,-0.013929760083556175,42713,0.285186767578125,0.5625631213188171,0.744476318359375,10.609503841400146,,0.7777778506278992,0.37436211109161377,1784468622.3514507,0.35526183247566223,0.7007399797439575,1932,0.4583333432674408,484.26,1.5633056163787842,2.0162816047668457,0.06668504327535629,0.22626927495002747,7.2916669845581055,-0.0314507894217968,0.0411108311265707,-0.7643495798110962,0.7912387847900391,2.5090041160583496,0.7860281467437744,0.48695921897888184,27.0376887213625,0.9074890613555908,0.2083333432674408
0.4238312244415283,0.204306960105896,2415.630736499,-0.007366436478332616,0.00011390625000000003,0.15146365761756897,0.4735669493675232,0.34244632720947266,10.072844505310059,0.0,-0.013459963724017143,38254,0.31152939796447754,0.5314122438430786,0.736688494682312,10.589101266860961,,0.7777778506278992,0.37361568212509155,1784468625.029557,0.35499104857444763,0.6949192881584167,1933,0.3333333432674408,476.7,1.4847657680511475,2.258190631866455,0.06796228885650635,0.2283998429775238,8.583333969116211,-0.022772571071982384,0.04432101715356111,-0.7564527988433838,0.7907676696777344,2.4480433464050293,0.7452483177185059,0.46024617552757263,26.888446632921696,0.899967610836029,0.4583333432674408
0.42396414279937744,0.21167032420635223,2418.208988677,-0.007585883715000819,0.00011390625000000006,0.15039046108722687,0.4744642972946167,0.31373050808906555,10.7625732421875,0.0,-0.01465798169374466,41838,0.29814624786376953,0.5707544088363647,0.7379202842712402,10.567534828186036,,0.7777778506278992,0.3747367262840271,1784468627.475582,0.35482680797576904,0.6971642374992371,1934,0.5,465.94,1.5739539861679077,2.051482677459717,0.06823574006557465,0.23077110946178436,7.333333492279053,-0.022590622305870056,0.044672823138535024,-0.7612156867980957,0.7899130582809448,2.66871976852417,0.7764975428581238,0.48405084013938904,25.96382932573557,0.9030594825744629,0.4166666865348816
0.4222775399684906,0.23801207542419434,2421.236145103,-0.00724014532752335,7.593750000000004e-05,0.17437514662742615,0.46995633840560913,0.3476100564002991,11.122333526611328,0.0,-0.014578333124518394,39595,0.3114163875579834,0.6324667930603027,0.7329062223434448,10.557692813873292,,0.7777778506278992,0.3745594918727875,1784468630.0670245,0.35475635528564453,0.6905262470245361,1935,0.4583333432674408,473.93,1.6764487028121948,2.1712851524353027,0.07500852644443512,0.22695496678352356,7.875,-0.027353685349225998,0.05496726464480162,-0.7594664096832275,0.7903681993484497,2.8038330078125,0.8150684237480164,0.5511050224304199,26.364928347766398,0.8983941078186035,0.5
0.4240100383758545,0.2185671329498291,2423.943125762,-0.008835328844725154,7.593750000000002e-05,0.16682998836040497,0.47734975814819336,0.29456827044487,10.671836853027344,0.0,-0.012887336313724518,33691,0.31382107734680176,0.5525639057159424,0.7400469779968262,10.546140575408936,"{'_type': 'video-file', 'sha256': '2bbc2e651de677745ffe557afbc40748e061a91d478e121a6034bde1374f4f31', 'path': 'media/videos/video_1936_2bbc2e651de677745ffe.mp4', 'size': 1740708.0}",0.7777778506278992,0.37569403648376465,1784468633.1864157,0.35462328791618347,0.7020409107208252,1936,0.2916666865348816,480.31,1.652301549911499,2.6039819717407227,0.07250403612852097,0.2346612513065338,7.1666669845581055,-0.02168983221054077,0.03972239997237921,-0.7538133859634399,0.7894877195358276,2.608873128890991,0.7616144418716431,0.4878259599208832,27.354533505141735,0.9006180763244629,0.3333333432674408
0.41806110739707947,0.22357413172721863,2426.468140539,-0.006893078863504343,7.593750000000002e-05,0.16475531458854675,0.46733540296554565,0.3525227904319763,10.795412063598633,0.0,-0.01619471237063408,39083,0.29320812225341797,0.5883386731147766,0.7260452508926392,10.541200971603393,,0.7777778506278992,0.37655362486839294,1784468635.790526,0.35467252135276794,0.6827404499053955,1937,0.5833333730697632,453.14,1.6641687154769897,2.2220265865325928,0.07331649959087372,0.22261732816696167,7.958333492279053,-0.02480795606970787,0.044539122469723226,-0.7553895711898804,0.7889205813407898,2.650916814804077,0.8197445869445801,0.5059494972229004,24.987829610910268,0.8908615112304688,0.4166666865348816
0.4219358563423157,0.21211348474025726,2428.962286697,-0.007894479023525492,0.00017085937500000006,0.15525251626968384,0.4746720492839813,0.32927554845809937,10.35472297668457,0.0833333358168602,-0.01319333165884018,40495,0.29188013076782227,0.5428056120872498,0.7358592748641968,10.54478325843811,,0.7777778506278992,0.373075008392334,1784468638.3218796,0.3546818196773529,0.6945966482162476,1938,0.4583333432674408,460.03,1.5521539449691772,2.1356301307678223,0.06637143343687057,0.23381954431533813,7.9166669845581055,-0.025959551334381104,0.04520561397075653,-0.7527022361755371,0.7894088625907898,2.5550625324249268,0.7626605033874512,0.4479891061782837,25.82303330130875,0.8979524374008179,0.2916666865348816
0.42970019578933716,0.1987142264842987,2431.485239808,-0.0086358473286964,0.00011390625000000006,0.1500529944896698,0.4821339547634125,0.3470533490180969,10.706336975097656,0.0416666679084301,-0.013913656584918499,41152,0.30406951904296875,0.5702187418937683,0.7474740743637085,10.534256029129029,,0.7777778506278992,0.3722451329231262,1784468640.8148444,0.35453999042510986,0.7054274082183838,1939,0.375,479.43,1.5988633632659912,2.0846993923187256,0.06743615865707397,0.23027250170707703,7.625,-0.020152878016233444,0.05154347326606512,-0.76181960105896,0.7902728915214539,2.4912285804748535,0.7843517661094666,0.5069400668144226,27.111505343019964,0.9110149145126343,0.2083333432674408
0.42857658863067627,0.2022319734096527,2434.069484733,-0.008371576233184897,0.00011390625000000006,0.14403295516967773,0.4797879159450531,0.33091461658477783,9.976668357849121,0.0,-0.01474604569375515,40650,0.29245758056640625,0.5238180160522461,0.7451510429382324,10.524509763717651,,0.7777778506278992,0.37023672461509705,1784468643.3413885,0.35431012511253357,0.7047633528709412,1940,0.375,490.37,1.5331710577011108,2.125821828842163,0.0661201998591423,0.22836804389953613,8.041666984558105,-0.025150101631879807,0.04026604760438204,-0.7664825320243835,0.7920519113540649,2.477224349975586,0.740515410900116,0.46247726678848267,27.399521923065187,0.9107334017753601,0.25
0.4258328378200531,0.18976011872291565,2436.800997799,-0.007333267643116414,7.593750000000004e-05,0.13454745709896088,0.47932860255241394,0.3313266932964325,10.45151138305664,0.0,-0.014761838130652905,39708,0.29942941665649414,0.5229526162147522,0.7408093214035034,10.499593114852905,,0.7777778506278992,0.3681696057319641,1784468645.9401681,0.3540797829627991,0.7017771601676941,1941,0.5,476.67,1.3864638805389404,2.1762049198150635,0.06318547576665878,0.22169816493988037,7.875,-0.02132897451519966,0.0454347787424922,-0.7589569091796875,0.7923697233200073,2.4304897785186768,0.7441897392272949,0.4662643373012543,26.73045719653368,0.9052184820175171,0.1666666716337204
0.42414426803588867,0.21459457278251648,2439.231181943,-0.007635577663313598,7.593750000000002e-05,0.15479189157485962,0.4761887490749359,0.40535956621170044,10.195423126220703,0.0,-0.014745421707630157,37739,0.3115072250366211,0.54120934009552,0.7376574277877808,10.488409948348998,,0.7777778506278992,0.3698384761810303,1784468648.6538942,0.3539901077747345,0.6941502094268799,1942,0.2916666865348816,461.31,1.481353521347046,2.2932636737823486,0.06841385364532471,0.22499418258666992,7.875,-0.019807714968919754,0.04916316997259855,-0.7584475874900818,0.7915136814117432,2.4111955165863037,0.7426695823669434,0.48623594641685486,25.751371330916882,0.9023008346557617,0.5
0.42023786902427673,0.21123725175857544,2441.849765312,-0.008320270164404064,7.593750000000002e-05,0.1497809886932373,0.4742177128791809,0.3471323847770691,10.734113693237305,0.0,-0.014513133093714714,42291,0.2991020679473877,0.5676472187042236,0.7326297163963318,10.47830672264099,,0.7777778506278992,0.3702431619167328,1784468651.0830843,0.3538271486759186,0.6929499506950378,1943,0.5833333730697632,482.52,1.6809678077697754,2.025317907333374,0.06847590208053589,0.22965437173843384,8.416666984558105,-0.027860205620527267,0.049957813881337645,-0.7475368976593018,0.7922886610031128,2.6104421615600586,0.7784274816513062,0.4986528754234314,27.28711513519287,0.8929014205932617,0.3333333432674408
0.43274709582328796,0.193717360496521,2444.280189694,-0.008687643983284943,0.00011390625000000003,0.1310529112815857,0.487311452627182,0.3349592089653015,10.385370254516602,0.0,-0.013785155490040779,39052,0.310621976852417,0.48762398958206177,0.7533998489379883,10.465030241012574,,0.7777778506278992,0.36875832080841064,1784468653.7073932,0.35367023944854736,0.7106563448905945,1944,0.5833333730697632,481.14,1.404850959777832,2.206592559814453,0.06373536586761475,0.23501478135585785,8.291666984558105,-0.02967168018221855,0.04885381702333689,-0.7640080451965332,0.792174756526947,2.454925060272217,0.7243322730064392,0.42428144812583923,27.221697210073472,0.9157797694206238,0.0833333358168602
0.4324459433555603,0.19234779477119446,2446.697837828,-0.007117730495519936,7.593750000000004e-05,0.14781276881694794,0.4861127734184265,0.34657931327819824,10.12424373626709,0.0,-0.012519516050815582,42329,0.2882375717163086,0.5342243909835815,0.7515139579772949,10.458335256576538,,0.7777778506278992,0.3698882758617401,1784468656.130042,0.3536387085914612,0.710483729839325,1945,0.375,484.34,1.494367003440857,2.0341100692749023,0.06447472423315048,0.23837891221046448,7.708333492279053,-0.024234578013420105,0.04672989696264267,-0.7603015899658203,0.7925809621810913,2.4017791748046875,0.7454824447631836,0.45688486099243164,27.525678600110112,0.914810836315155,0.2083333432674408
0.4117041826248169,0.22913478314876556,2449.256718352,-0.0074553784041199835,0.00011390625000000003,0.18025121092796326,0.46172547340393066,0.3691262900829315,10.795730590820312,0.0,-0.014643518254160881,42443,0.2979094982147217,0.6022862792015076,0.7146053314208984,10.461573457717895,,0.7777778506278992,0.36789390444755554,1784468658.5499673,0.3537106215953827,0.6732451319694519,1946,0.5416666865348816,459.26,1.700534701347351,2.0181987285614014,0.07759779691696167,0.22089967131614685,7.6666669845581055,-0.022273538634181023,0.04426207207143307,-0.7343279123306274,0.793667733669281,2.673168897628784,0.8033468723297119,0.4994102120399475,25.85397574484348,0.8732234239578247,0.5833333730697632
0.419242799282074,0.20937274396419525,2451.742749849,-0.0072508272867708,5.0625000000000024e-05,0.14879150688648224,0.4684038758277893,0.33854299783706665,11.019462585449219,0.0,-0.014094299636781216,40032,0.30977392196655273,0.5848111510276794,0.7275810241699219,10.462458992004395,,0.7777778506278992,0.36981698870658875,1784468661.1082528,0.35372236371040344,0.6866977214813232,1947,0.4583333432674408,452.99,1.7673819065093994,2.1458218097686768,0.07069995999336243,0.2293986678123474,7.583333492279053,-0.021701358258724213,0.06651140376925468,-0.7438065409660339,0.7939300537109375,2.7176036834716797,0.7844345569610596,0.5036427974700928,25.448804098591207,0.8859440088272095,0.4166666865348816
0.4192480444908142,0.22470149397850037,2454.32833253,-0.007448655206826515,7.593750000000002e-05,0.16469275951385498,0.4718650281429291,0.3433104157447815,10.812273025512695,0.0,-0.014643138274550438,41250,0.2856566905975342,0.5900599360466003,0.730573832988739,10.462442922592164,,0.7777778506278992,0.3685959279537201,1784468663.5927887,0.35368889570236206,0.6916458010673523,1948,0.625,473.21,1.469132423400879,2.097433090209961,0.07729281485080719,0.23597371578216553,8.041666984558105,-0.02234319970011711,0.053537949360907076,-0.7478072047233582,0.7943768501281738,2.633025646209717,0.7716391086578369,0.49912914633750916,26.501125264316798,0.8908173441886902,0.5416666865348816
0.423830509185791,0.21851277351379395,2456.787011456,-0.0071295921050477775,5.062500000000002e-05,0.16478614509105682,0.47651952505111694,0.33564233779907227,10.362751960754395,0.0,-0.014407472684979439,39543,0.3003251552581787,0.5737903118133545,0.7372028231620789,10.452274084091187,,0.7777778506278992,0.3751426637172699,1784468666.1814575,0.3535906672477722,0.6947511434555054,1949,0.5833333730697632,476.69,1.5832545757293701,2.185640335083008,0.07304710894823074,0.232492595911026,8.166666984558105,-0.021895509213209152,0.040131351165473464,-0.7494654655456543,0.7920670509338379,2.5667595863342285,0.7573634386062622,0.5021147727966309,26.8539058804512,0.8970486521720886,0.375
0.43422412872314453,0.19277958571910858,2459.341641627,-0.008966856042388827,0.00011390625000000003,0.14081981778144836,0.4924270510673523,0.3194682002067566,10.326355934143066,0.0,-0.013205001130700111,41745,0.29822707176208496,0.5418557524681091,0.7586507797241211,10.438170385360717,,0.7777778506278992,0.37703022360801697,1784468668.6358662,0.3533342778682709,0.718555212020874,1950,0.375,492.42,1.5161027908325195,2.0566134452819824,0.06606441736221313,0.24389111995697021,8.125,-0.022017717361450195,0.042886620946228506,-0.7632238864898682,0.7914408445358276,2.4415535926818848,0.7435450553894043,0.4790284037590027,27.934698943793773,0.9185323715209961,0.2083333432674408
0.42279133200645447,0.20482885837554932,2461.995744353,-0.0076065163812018,7.593750000000004e-05,0.14972838759422302,0.4760311543941498,0.3577955663204193,10.05907154083252,0.0,-0.016178101301193237,40043,0.3032503128051758,0.5528096556663513,0.7373857498168945,10.42239956855774,,0.7777778506278992,0.37425339221954346,1784468671.1921315,0.35324445366859436,0.6940919160842896,1951,0.5833333730697632,466.24,1.5533250570297241,2.1516590118408203,0.0686303898692131,0.23127976059913635,8.166666984558105,-0.02449909597635269,0.05063897781074047,-0.7520788908004761,0.7935521602630615,2.5048956871032715,0.7754590511322021,0.48068055510520935,26.181160629093647,0.8978756666183472,0.1666666716337204
0.4237605929374695,0.2259589433670044,2464.602639749,-0.008174837176920847,5.062500000000002e-05,0.17043647170066833,0.4796142578125,0.3208116888999939,10.735174179077148,0.0,-0.014192629605531693,38524,0.31694555282592773,0.5743662118911743,0.7392998933792114,10.422937297821045,,0.7777778506278992,0.37337470054626465,1784468673.8590305,0.3532942235469818,0.696897029876709,1952,0.5,464.77,1.4973567724227905,2.2347683906555176,0.07407855242490768,0.22895082831382751,7.5,-0.02339823916554451,0.04175420086830854,-0.7444753646850586,0.7940346598625183,2.612825393676758,0.7947725057601929,0.4916433095932007,26.03375140760094,0.8964351415634155,0.3333333432674408
0.42379504442214966,0.2154044806957245,2467.14107693,-0.007658661127788946,0.00011390625000000003,0.16871508955955505,0.47938627004623413,0.3381713330745697,10.491504669189453,0.0416666679084301,-0.014965012669563293,39510,0.3188660144805908,0.5842987298965454,0.7390384674072266,10.42053017616272,,0.7777778506278992,0.37469929456710815,1784468676.4738982,0.35316240787506104,0.6978787183761597,1953,0.4583333432674408,472.58,1.718854308128357,2.169189214706421,0.07069370150566101,0.2296014279127121,7.6666669845581055,-0.024091247469186783,0.055083699710667136,-0.7460774183273315,0.7945955991744995,2.6080121994018555,0.7589112520217896,0.5006696581840515,26.840820653103293,0.8978707790374756,0.375
0.4197638928890228,0.22265127301216125,2469.572973607,-0.0065943955210968856,7.593750000000004e-05,0.16837553679943085,0.4732033610343933,0.35411810874938965,11.05364990234375,0.0,-0.014294362626969814,40751,0.29145002365112305,0.5623849630355835,0.7325472831726074,10.416319274902344,,0.7777778506278992,0.3773430287837982,1784468678.995769,0.35322487354278564,0.6902689933776855,1954,0.7916666865348816,467.04,1.6607359647750854,2.1208178997039795,0.07241007685661316,0.21938149631023407,8.25,-0.02741871401667595,0.04939319435507059,-0.7421163320541382,0.7929962873458862,2.677743911743164,0.7671847343444824,0.47945961356163025,26.15516630679369,0.8894996643066406,0.4166666865348816
0.410377562046051,0.22346758842468262,2472.19742277,-0.008107716450467706,7.593750000000002e-05,0.1625378131866455,0.4611820578575134,0.33106091618537903,11.157377243041992,0.0416666679084301,-0.014610222540795803,42252,0.28978657722473145,0.6185696125030518,0.713459849357605,10.420428657531739,,0.7777778506278992,0.37860307097435,1784468681.4269211,0.3532172739505768,0.6713498830795288,1955,0.7083333730697632,464.76,1.7054523229599,2.036785364151001,0.0714634582400322,0.21401670575141907,7.25,-0.018166713416576385,0.04584603253751993,-0.7290774583816528,0.7905012965202332,2.7617766857147217,0.8088427782058716,0.5048352479934692,26.028874473236502,0.8700716495513916,0.25
0.4310656487941742,0.1962377279996872,2475.343315529,-0.008546340937027708,0.00011390625000000003,0.1494101732969284,0.4848586320877075,0.36894041299819946,10.05152702331543,0.0,-0.015054076910018921,39035,0.3204493522644043,0.5180599689483643,0.7492095232009888,10.405593633651733,,0.7777778506278992,0.3772708773612976,1784468684.0608954,0.35304829478263855,0.7049972414970398,1956,0.2916666865348816,478.46,1.4511935710906982,2.197875738143921,0.06513620913028717,0.22194114327430725,7.833333492279053,-0.02304573729634285,0.050713141821324824,-0.7583081126213074,0.7914149165153503,2.4104695320129395,0.7210617065429688,0.4700617790222168,26.81965790748596,0.911038339138031,0.4166666865348816
0.40214627981185913,0.24403750896453857,2478.075066277,-0.0069781264144694434,7.593750000000004e-05,0.1830788552761078,0.4569980502128601,0.3092837929725647,10.962748527526855,0.0416666679084301,-0.013534724712371826,32489,0.3054006099700928,0.598241925239563,0.7036832571029663,10.406908226013183,"{'_type': 'video-file', 'sha256': 'e75bc6ef75639a6c919d007f77658d5397428c9dadf8d14fe763ba87b1b1771f', 'path': 'media/videos/video_1957_e75bc6ef75639a6c919d.mp4', 'size': 1490015.0}",0.7777778506278992,0.3779512643814087,1784468687.3109174,0.35321158170700073,0.665126383304596,1957,0.7083333730697632,447.54,1.7346389293670654,2.7203335762023926,0.07688431441783905,0.2216663360595703,7.208333492279053,-0.021745625883340836,0.055639488622546196,-0.7035591006278992,0.7921017408370972,2.742351531982422,0.7927218675613403,0.5026518106460571,25.60270137041807,0.8500398397445679,0.4583333432674408
0.42374491691589355,0.22042588889598846,2480.587027859,-0.008383995800977572,0.00011390625000000003,0.15998271107673645,0.47771796584129333,0.3689689636230469,11.389463424682617,0.0,-0.01504607405513525,38964,0.2948472499847412,0.5806409120559692,0.7373797297477722,10.422773170471192,,0.7777778506278992,0.38224029541015625,1784468689.922573,0.3533239960670471,0.6948882341384888,1958,0.7916666865348816,474.61,1.672706127166748,2.2280807495117188,0.07149703800678253,0.22672729194164276,8.208333969116211,-0.02237771451473236,0.05143556594848633,-0.7459925413131714,0.790287971496582,2.721317768096924,0.7830522060394287,0.4959237575531006,26.541888906359674,0.8971161842346191,0.3333333432674408
0.42101582884788513,0.23150579631328583,2483.148133021,-0.007116122049046681,7.593750000000004e-05,0.18012630939483643,0.47858643531799316,0.3435605764389038,10.408843040466309,0.0416666679084301,-0.01289563998579979,40694,0.2908165454864502,0.592940628528595,0.7348875403404236,10.412925004959106,,0.7777778506278992,0.3858325183391571,1784468692.435647,0.3530733287334442,0.6925104856491089,1959,0.4166666865348816,459.25,1.609891653060913,2.1248650550842285,0.07684601098299026,0.22805368900299072,7.583333492279053,-0.021827658638358116,0.04269613958895206,-0.7393797636032104,0.7886443138122559,2.6245906352996826,0.7750527262687683,0.5156675577163696,25.71966892912984,0.8926270008087158,0.4583333432674408
0.4113399386405945,0.22915618121623993,2485.797383338,-0.007444524802849628,7.593750000000002e-05,0.17123202979564667,0.4646415114402771,0.29530248045921326,11.460986137390137,0.0416666679084301,-0.015230519697070122,39928,0.2951078414916992,0.6270580887794495,0.7178655862808228,10.389649820327758,,0.7777778506278992,0.3861238956451416,1784468694.998006,0.35282620787620544,0.676608681678772,1960,0.5416666865348816,464.47,1.6198476552963257,2.166895627975464,0.07334690541028976,0.22006069123744965,7.2916669845581055,-0.0219285786151886,0.04955060686916113,-0.7275010347366333,0.7889919281005859,2.8031063079833984,0.8041359782218933,0.5139161348342896,26.249362604171036,0.8717656135559082,0.25
0.42697256803512573,0.2081078290939331,2488.259370069,-0.007918179013358895,5.062500000000002e-05,0.15079957246780396,0.4840916097164154,0.3362969756126404,10.032352447509766,0.0,-0.013346731662750244,38570,0.31765151023864746,0.526800274848938,0.7458699941635132,10.37308669090271,,0.7777778506278992,0.3834333121776581,1784468697.6649246,0.35269004106521606,0.7021368741989136,1961,0.5416666865348816,474.33,1.5445129871368408,2.2310092449188232,0.06767674535512924,0.22845792770385742,8.041666984558105,-0.025162771344184875,0.05752754043787718,-0.7487355470657349,0.7902771830558777,2.4478464126586914,0.7617369890213013,0.4335353374481201,26.865589274764062,0.9051135778427124,0.2083333432674408
0.40537771582603455,0.2493872344493866,2490.756299141,-0.008369538211263716,7.593750000000002e-05,0.19321464002132416,0.45784562826156616,0.35881656408309937,11.040355682373047,0.0,-0.015737656503915787,41954,0.2942373752593994,0.6221812963485718,0.7087135314941406,10.376512432098389,,0.7777778506278992,0.3833560347557068,1784468700.1084962,0.35279765725135803,0.6674501299858093,1962,0.7083333730697632,463.56,1.7230594158172607,2.0488815307617188,0.08103235065937042,0.22435937821865082,7.708333492279053,-0.024494633078575134,0.055922345258295536,-0.7234174609184265,0.790107250213623,2.8308959007263184,0.8173346519470215,0.5215623378753662,26.08846392720938,0.8639764785766602,0.75
0.42656296491622925,0.21224990487098694,2493.241033489,-0.008122195804025978,7.593750000000002e-05,0.16109734773635864,0.4858276844024658,0.3279508948326111,10.271591186523438,0.0,-0.016406647861003876,41019,0.3290257453918457,0.5574926733970642,0.7464718818664551,10.388014364242554,,0.7777778506278992,0.3831680715084076,1784468702.6161456,0.35288840532302856,0.7069416046142578,1963,0.4583333432674408,471.79,1.5208463668823242,2.0674896240234375,0.06939332187175751,0.23711004853248596,7.875,-0.02899951860308647,0.05239110868424177,-0.7529079914093018,0.7902809977531433,2.465453624725342,0.7612090110778809,0.4784491956233978,26.30686785504222,0.9074996709823608,0.4166666865348816
0.4233980178833008,0.20143792033195496,2495.702138599,-0.008853710380208213,0.00011390625000000003,0.1503574252128601,0.4791508615016937,0.35670289397239685,10.004642486572266,0.0416666679084301,-0.014748917892575264,41465,0.28547096252441406,0.48681509494781494,0.738832950592041,10.381871652603149,,0.7777778506278992,0.379876971244812,1784468705.0927186,0.35267314314842224,0.6953778266906738,1964,0.5833333730697632,477.47,1.4463932514190674,2.085249185562134,0.06467359513044357,0.22944208979606628,8.333333969116211,-0.02237154170870781,0.034394245222210885,-0.7465295791625977,0.7927727699279785,2.4305224418640137,0.7310182452201843,0.417090505361557,26.836652352586388,0.899239718914032,0.125
0.427482545375824,0.19524727761745453,2498.282859091,-0.0074134016671450805,7.593750000000004e-05,0.13833364844322205,0.4832952916622162,0.3161878287792206,10.259660720825195,0.0,-0.014827403239905834,41675,0.3036940097808838,0.5194037556648254,0.7453583478927612,10.370152950286865,,0.7777778506278992,0.37817245721817017,1784468707.5542357,0.35256361961364746,0.7028598785400391,1965,0.375,490.66,1.5110081434249878,2.055112838745117,0.06472811102867126,0.2306888997554779,8.25,-0.025308411568403244,0.04612697567790747,-0.7469598650932312,0.7938911318778992,2.489206075668335,0.7444486618041992,0.4308869242668152,27.820880294367672,0.9045421481132507,0.1666666716337204
0.42348548769950867,0.19592875242233276,2500.725791163,-0.008058871455432381,0.00011390625000000003,0.14859247207641602,0.4792313575744629,0.37286901473999023,10.426924705505371,0.0,-0.01323012262582779,39669,0.3074769973754883,0.5264919400215149,0.7376474738121033,10.356798982620239,,0.7777778506278992,0.378421425819397,1784468710.1418355,0.35237377882003784,0.6944582462310791,1966,0.625,478.02,1.5320188999176025,2.1705856323242188,0.065244160592556,0.22750751674175262,7.5416669845581055,-0.025383614003658295,0.04616628549993038,-0.7400991320610046,0.7942426204681396,2.5959556102752686,0.7288588285446167,0.4351602792739868,27.421348578184844,0.8939698934555054,0.2083333432674408
0.4294451177120209,0.2006261795759201,2503.355757601,-0.00811003147973679,0.00011390625000000006,0.14245444536209106,0.48569750785827637,0.31558549404144287,10.097639083862305,0.0,-0.014109738171100616,42145,0.28856754302978516,0.5338093042373657,0.748006284236908,10.340881824493408,,0.7777778506278992,0.3815595507621765,1784468712.5772562,0.3522661626338959,0.7054444551467896,1967,0.3333333432674408,474.52,1.4401153326034546,2.0439388751983643,0.06890800595283508,0.22999384999275208,7.7916669845581055,-0.023910831660032272,0.046407892182469365,-0.753032386302948,0.7930065989494324,2.4264893531799316,0.7294322848320007,0.4541971683502197,26.824685660526157,0.9084705114364624,0.4166666865348816
0.4279062747955322,0.22539447247982025,2505.868608249,-0.007577556220348924,5.0625000000000024e-05,0.17137250304222107,0.4858839511871338,0.32417428493499756,11.162168502807617,0.0833333358168602,-0.015228059142827988,38895,0.30757665634155273,0.5768043994903564,0.74652099609375,10.342133569717408,,0.7777778506278992,0.38110893964767456,1784468715.2174485,0.35234349966049194,0.7067973613739014,1968,0.5416666865348816,477.77,1.5942680835723877,2.219813585281372,0.07273203879594803,0.2338583916425705,7.708333492279053,-0.027253858745098114,0.05486425403505564,-0.754856526851654,0.7938199043273926,2.704113721847534,0.7991862297058105,0.4604625403881073,26.809664892330765,0.9096423387527466,0.1666666716337204
0.41432052850723267,0.24712342023849487,2508.425299018,-0.007341280671971618,7.593750000000002e-05,0.19258879125118256,0.47161006927490234,0.3589637279510498,10.745650291442871,0.0416666679084301,-0.01485453825443983,41036,0.3051166534423828,0.5999462604522705,0.7243695259094238,10.341853427886964,,0.7777778506278992,0.3827817440032959,1784468717.7251742,0.3523558974266052,0.6844303607940674,1969,0.7083333730697632,454.73,1.6212843656539917,2.090388059616089,0.07777000963687897,0.22786633670330048,7.833333492279053,-0.02289735898375511,0.05408210046589375,-0.725622296333313,0.7932125329971313,2.710618495941162,0.82825767993927,0.4959351420402527,25.832545845359565,0.8780789375305176,0.5
0.4269671142101288,0.19535057246685028,2511.04736533,-0.0069345902389613915,0.00011390625000000003,0.13690635561943054,0.4851687550544739,0.37140369415283203,10.688029289245605,0.0,-0.014381873421370983,40117,0.3058600425720215,0.5433108806610107,0.746005654335022,10.346566820144654,,0.7777778506278992,0.3841193914413452,1784468720.2877634,0.3524860143661499,0.7064429521560669,1970,0.375,471.89,1.481987714767456,2.144533157348633,0.0658276304602623,0.23318861424922943,8.333333969116211,-0.021416185423731804,0.0600917024537921,-0.7492966651916504,0.7921862006187439,2.5853657722473145,0.7326010465621948,0.4593287408351898,26.669457060694693,0.9060295820236206,0.1666666716337204
0.42366787791252136,0.2080327719449997,2513.695324529,-0.006962898644269444,7.593750000000004e-05,0.15275226533412933,0.481101393699646,0.35413146018981934,10.171003341674805,0.0,-0.014431100338697433,39225,0.3223080635070801,0.560961127281189,0.7388318777084351,10.35159420967102,,0.7777778506278992,0.3807987868785858,1784468722.9145226,0.3523969054222107,0.6970009803771973,1971,0.6666666865348816,470.92,1.5660990476608276,2.1838059425354004,0.0661228597164154,0.22884880006313324,7.625,-0.01944669894874096,0.04338746853172779,-0.7389828562736511,0.7929703593254089,2.4985809326171875,0.7562168836593628,0.4861770570278168,26.94000581264496,0.8967224955558777,0.25
0.43410664796829224,0.1930943727493286,2516.227882824,-0.008131113917625044,7.593750000000002e-05,0.13344570994377136,0.4932069182395935,0.34942933917045593,10.323183059692383,0.0,-0.015190055593848228,38923,0.32102417945861816,0.5506507754325867,0.7554203271865845,10.3319580078125,,0.7777778506278992,0.381750226020813,1784468725.5650918,0.35217002034187317,0.713944673538208,1972,0.2916666865348816,488.36,1.4615116119384766,2.204524278640747,0.06313738226890564,0.22929100692272186,8.041666984558105,-0.021348267793655396,0.04260887131094933,-0.76146000623703,0.7921069860458374,2.454880714416504,0.728613555431366,0.5042934417724609,27.361810188740492,0.92145836353302,0.2916666865348816
0.4290483891963959,0.2062912881374359,2518.752144686,-0.008414808171801269,7.593750000000002e-05,0.14945654571056366,0.48799559473991394,0.3140910863876343,10.169994354248047,0.0416666679084301,-0.01599612459540367,40764,0.28670454025268555,0.5324589014053345,0.7480370998382568,10.320866870880128,,0.7777778506278992,0.3821958899497986,1784468728.0803092,0.35220807790756226,0.7066564559936523,1973,0.5,472.14,1.4787347316741943,2.1248040199279785,0.06666629016399384,0.23115059733390808,7.7916669845581055,-0.021944746375083923,0.049900183081626893,-0.7488768100738525,0.7921075224876404,2.497657060623169,0.7704538106918335,0.4331654906272888,26.76107434526086,0.9075498580932617,0.1666666716337204
0.41998744010925293,0.21215447783470154,2521.261892799,-0.007817944791167975,7.593750000000002e-05,0.15975455939769745,0.4779844284057617,0.3313383460044861,11.34002685546875,0.0,-0.01517794281244278,40641,0.32048654556274414,0.62871915102005,0.7341911196708679,10.322745752334594,,0.7777778506278992,0.3800083100795746,1784468730.618067,0.352142870426178,0.6936286687850952,1974,0.875,468.51,1.5139501094818115,2.0983245372772217,0.07212471961975098,0.22588936984539032,7.958333492279053,-0.022821128368377686,0.046633480861783025,-0.7337419390678406,0.7952885031700134,2.6951351165771484,0.7917532920837402,0.5230711102485657,26.61746043473482,0.8884643912315369,0.125
0.42196473479270935,0.20946471393108368,2523.785091871,-0.008446417486993596,0.00011390625000000003,0.1545785516500473,0.4790804386138916,0.3382740616798401,10.716818809509277,0.0416666679084301,-0.013983022421598434,41130,0.29897189140319824,0.5592641830444336,0.7357542514801025,10.305831813812256,,0.7777778506278992,0.3779833912849426,1784468733.1132135,0.3519323170185089,0.6935135722160339,1975,0.3333333432674408,481.6,1.5929745435714722,2.091074228286743,0.06873660534620285,0.2264011800289154,8.0,-0.02323828637599945,0.04550737850368023,-0.7420503497123718,0.7976927757263184,2.563293218612671,0.7743167877197266,0.4688318967819214,27.125201599299906,0.8957421183586121,0.3333333432674408
0.42734265327453613,0.2065151035785675,2526.347880621,-0.006536870251875371,5.0625000000000024e-05,0.14921146631240845,0.48739442229270935,0.3064107298851013,10.622599601745605,0.0,-0.015073488466441631,40621,0.3112185001373291,0.5544642210006714,0.7481131553649902,10.296836137771606,,0.7777778506278992,0.3742693066596985,1784468735.6598864,0.35192370414733887,0.7077701091766357,1976,0.5,483.44,1.6316452026367188,2.1087770462036133,0.06776848435401917,0.23554584383964539,7.583333492279053,-0.029678888618946075,0.05039031561464071,-0.748241126537323,0.8012513518333435,2.638214111328125,0.7754360437393188,0.477123498916626,27.37417559802532,0.90788733959198,0.1666666716337204
0.42388421297073364,0.21529804170131683,2529.35904741,-0.006954911077627912,7.593750000000002e-05,0.1606999933719635,0.4828961491584778,0.37228602170944214,10.330059051513672,0.0,-0.014351057820022106,40399,0.29085278511047363,0.535970151424408,0.7406001091003418,10.303301906585693,,0.7777778506278992,0.37127265334129333,1784468738.1968305,0.3520337641239166,0.698114812374115,1977,0.7916666865348816,471.53,1.6391475200653076,2.1424648761749268,0.07293383032083511,0.22811636328697205,8.0,-0.025864314287900925,0.052423631958663466,-0.7382469177246094,0.8033155202865601,2.5279972553253174,0.7549425959587097,0.44676312804222107,27.030105548501016,0.8967482447624207,0.375
0.4263755977153778,0.20164239406585693,2531.854732519,-0.0076687331515131515,5.062500000000002e-05,0.15216779708862305,0.4861050546169281,0.3474019765853882,10.020752906799316,0.0416666679084301,-0.015543307177722454,33745,0.28858160972595215,0.5385194420814514,0.745090901851654,10.30725736618042,"{'_type': 'video-file', 'sha256': '6cd86826d0a00722b893e714cf8807d1cb12fd2821afd6596ad5ed14082210e6', 'path': 'media/videos/video_1978_6cd86826d0a00722b893.mp4', 'size': 1373227.0}",0.7777778506278992,0.3697390556335449,1784468741.2798815,0.3519948422908783,0.7026830911636353,1978,0.5,468.06,1.4582041501998901,2.624479055404663,0.06805965304374695,0.23200111091136932,7.75,-0.025389468297362328,0.04513676222413778,-0.7438492178916931,0.8047250509262085,2.4762980937957764,0.7355276942253113,0.45847558975219727,26.399019272625445,0.903260350227356,0.5
0.43183740973472595,0.19135084748268127,2534.339955729,-0.00874825828068424,0.00011390625000000003,0.13786323368549347,0.48891961574554443,0.3424735963344574,10.206472396850586,0.0416666679084301,-0.01614600419998169,42091,0.2911078929901123,0.5166684985160828,0.7528027892112732,10.294183778762818,,0.7777778506278992,0.3717855215072632,1784468743.7052715,0.3517955541610718,0.709796130657196,1979,0.4166666865348816,476.8,1.381946086883545,2.0443906784057617,0.06200478598475456,0.23260357975959778,7.6666669845581055,-0.025359850376844406,0.05182527303695679,-0.7585660815238953,0.8040630221366882,2.4302866458892822,0.7431787252426147,0.4301522672176361,27.035693366527557,0.9151468276977539,0.1666666716337204
0.4172564446926117,0.241233691573143,2536.875090352,-0.007690567563986406,0.00011390625000000006,0.17149817943572998,0.4755333364009857,0.3084855079650879,11.301572799682617,0.0416666679084301,-0.016258904710412025,41229,0.3009192943572998,0.6181633472442627,0.7298261523246765,10.292397785186768,,0.7777778506278992,0.37314867973327637,1784468746.191783,0.3519214689731598,0.6880182027816772,1980,0.4583333432674408,467.79,1.6970977783203125,2.083364486694336,0.07621362060308456,0.22523877024650574,7.6666669845581055,-0.021570434793829918,0.0485281627625227,-0.7296261787414551,0.8036074638366699,2.8423213958740234,0.8299562335014343,0.5163366794586182,26.596504931151866,0.8845521807670593,0.375
0.4273851811885834,0.20275631546974182,2539.534605071,-0.006502504173113266,7.593750000000004e-05,0.14643749594688416,0.4844153821468353,0.3614893853664398,10.126331329345703,0.0,-0.014256663620471954,40394,0.31555724143981934,0.5456595420837402,0.7459313273429871,10.308197069168092,,0.7777778506278992,0.37263283133506775,1784468748.7437127,0.3521052300930023,0.7024084329605103,1981,0.2916666865348816,467.9,1.5694985389709473,2.1180646419525146,0.06449233740568161,0.23167148232460022,7.4166669845581055,-0.020296402275562286,0.053740131109952925,-0.7448978424072266,0.8035485744476318,2.4208321571350098,0.7697100639343262,0.4657437205314636,26.769147465229036,0.9038834571838379,0.375
0.42496442794799805,0.22099541127681732,2542.077048438,-0.007263549778144807,0.00011390625000000003,0.16830679774284363,0.4806651473045349,0.38379085063934326,10.430078506469727,0.0,-0.015333795920014381,38721,0.2979772090911865,0.5888086557388306,0.7409688830375671,10.317429971694946,,0.7777778506278992,0.3693079352378845,1784468751.3865645,0.35216838121414185,0.6965886950492859,1982,0.625,477.41,1.5355052947998047,2.2407851219177246,0.07289831340312958,0.22394272685050964,7.9166669845581055,-0.024240173399448395,0.045912142097949984,-0.748138427734375,0.8065957427024841,2.6031088829040527,0.7847119569778442,0.5100038647651672,26.853589676357807,0.9011098742485046,0.25
0.4210195541381836,0.2156173288822174,2544.653365041,-0.006531423934939084,5.0625000000000024e-05,0.16122904419898987,0.47804149985313416,0.3487040400505066,10.941024780273438,0.0,-0.015434505417943,40264,0.29491758346557617,0.5881475806236267,0.734845757484436,10.315780448913575,,0.7777778506278992,0.36844807863235474,1784468753.9277577,0.3520849645137787,0.6899644732475281,1983,0.625,473.8,1.6205705404281616,2.1465537548065186,0.0721711739897728,0.22211980819702148,7.875,-0.026243939995765686,0.057064324244856836,-0.7371536493301392,0.8070144653320312,2.6925463676452637,0.7929524183273315,0.4981539249420166,26.542941259145735,0.8922224044799805,0.25
0.4143773913383484,0.22094890475273132,2547.148412729,-0.008253275894094258,0.00011390625000000005,0.16631072759628296,0.47182393074035645,0.3167104125022888,10.871851921081543,0.0,-0.01370614767074585,39724,0.3026161193847656,0.5789875388145447,0.7236819267272949,10.321087741851807,,0.7777778506278992,0.3721497654914856,1784468756.4994638,0.35238415002822876,0.684470534324646,1984,0.4583333432674408,468.31,1.5360631942749023,2.1720094680786133,0.07287007570266724,0.22928032279014587,8.208333969116211,-0.022868994623422623,0.06423046328127384,-0.7199058532714844,0.8045976161956787,2.688199996948242,0.7791385650634766,0.5122391581535339,26.72913960389793,0.8755577802658081,0.4166666865348816
0.4217173457145691,0.21658861637115479,2549.699065419,-0.007640744443051517,7.593750000000004e-05,0.15367144346237183,0.4821567237377167,0.29855474829673767,10.90561580657959,0.0416666679084301,-0.015562882646918297,40967,0.29836368560791016,0.5619518160820007,0.7376664876937866,10.342248010635377,,0.7777778506278992,0.3742581307888031,1784468758.9997964,0.3524206876754761,0.6967769861221313,1985,0.5416666865348816,481.52,1.6259253025054932,2.1012189388275146,0.06988997757434845,0.22766660153865814,8.125,-0.023186787962913513,0.05206312946975231,-0.732029914855957,0.8036987781524658,2.6533641815185547,0.7588852643966675,0.4697737693786621,27.571393601298332,0.8916795253753662,0.2083333432674408
0.43561112880706787,0.19227346777915955,2552.875683876,-0.008323064117575996,5.062500000000002e-05,0.1274268925189972,0.49787741899490356,0.35782092809677124,9.405881881713867,0.0,-0.014626587741076946,40131,0.30078816413879395,0.5013326406478882,0.7613615989685059,10.323101472854614,,0.7777778506278992,0.3730868697166443,1784468762.057305,0.352176696062088,0.717376708984375,1986,0.3333333432674408,482.42,1.4090875387191772,2.1487538814544678,0.06411614269018173,0.2341683804988861,8.541666984558105,-0.016568610444664955,0.04873901084065437,-0.7527551054954529,0.8045410513877869,2.344869375228882,0.7047410011291504,0.45018014311790466,27.6539389154315,0.9209194183349609,0.2916666865348816
0.4114534854888916,0.22902753949165344,2555.336180607,-0.008322369953384623,0.00011390625000000003,0.17172536253929138,0.4699922800064087,0.3593660295009613,10.527807235717773,0.0416666679084301,-0.014707282185554504,38342,0.3052988052368164,0.5699952840805054,0.7193204760551453,10.312335681915282,,0.7777778506278992,0.37139567732810974,1784468764.7337568,0.35208407044410706,0.6766185164451599,1987,0.5833333730697632,466.57,1.5336374044418335,2.2585203647613525,0.07503633201122284,0.21802882850170135,7.25,-0.023761814460158348,0.05718251802027226,-0.719488799571991,0.8067411184310913,2.6296958923339844,0.7979108095169067,0.46943411231040955,26.405819351375104,0.8723176717758179,0.4583333432674408
0.42551714181900024,0.20733609795570374,2557.982763453,-0.008891971060074865,7.593750000000002e-05,0.14802345633506775,0.4846750497817993,0.3212958574295044,10.847887992858887,0.0,-0.014952966943383217,41825,0.28675174713134766,0.567010760307312,0.7441338300704956,10.292318153381348,,0.7777778506278992,0.36916667222976685,1784468767.189098,0.35175269842147827,0.6989312171936035,1988,0.5833333730697632,463.58,1.5895774364471436,2.063602924346924,0.06796108931303024,0.23491518199443817,7.75,-0.02391507476568222,0.042315061762928964,-0.7440261244773865,0.8067264556884766,2.661774158477783,0.7714303731918335,0.47953927516937256,26.39978786662221,0.9012958407402039,0.5
0.4090483784675598,0.2137042135000229,2560.453833806,-0.008199572749435901,0.00011390625000000003,0.15569968521595,0.46882110834121704,0.35774803161621094,10.805227279663086,0.0,-0.01568779908120632,38660,0.30239439010620117,0.5647429823875427,0.7159389853477478,10.282751321792603,,0.7777778506278992,0.3650246262550354,1784468769.8385155,0.351857990026474,0.6748535633087158,1989,0.8333333730697632,449.63,1.7746763229370117,2.240367889404297,0.07031071931123734,0.21645884215831757,7.208333492279053,-0.020777102559804916,0.0642288139089942,-0.7179369926452637,0.8074884414672852,2.723210096359253,0.7781144380569458,0.46916747093200684,25.336610684245827,0.8685814738273621,0.3333333432674408
0.41946738958358765,0.2308656871318817,2563.040961266,-0.007079761114437133,7.593750000000004e-05,0.17068779468536377,0.47858986258506775,0.3410748839378357,11.215291976928711,0.0,-0.01619274541735649,41578,0.2974865436553955,0.6192953586578369,0.7323414087295532,10.29775562286377,,0.7777778506278992,0.36464256048202515,1784468772.304828,0.3519253432750702,0.6887573003768921,1990,0.7083333730697632,460.0,1.7204241752624512,2.066836357116699,0.07623260468244553,0.22758236527442932,8.583333969116211,-0.020793477073311806,0.059647480957210064,-0.7297717928886414,0.8066290616989136,2.7339417934417725,0.7806254625320435,0.5160178542137146,26.12891898036003,0.8868268728256226,0.5416666865348816
0.4108603000640869,0.23804625868797302,2565.536061698,-0.008254794800450327,0.00011390625000000003,0.1808134764432907,0.4670378863811493,0.3363257348537445,10.653675079345703,0.0,-0.01525329239666462,39543,0.30502915382385254,0.5895421504974365,0.7159831523895264,10.298884391784668,,0.7777778506278992,0.36502766609191895,1784468774.8900826,0.3520289361476898,0.6728441119194031,1991,0.875,442.77,1.567617654800415,2.1809325218200684,0.07906350493431091,0.21968796849250793,7.458333492279053,-0.020489899441599846,0.05199033487588167,-0.721572756767273,0.8069740533828735,2.7336270809173584,0.7861577272415161,0.5089380145072937,24.687746449559928,0.8704947829246521,0.5
0.42998218536376953,0.21665382385253906,2568.137905286,-0.006108688388485462,5.0625000000000024e-05,0.15588852763175964,0.49156540632247925,0.36219048500061035,10.23675537109375,0.0,-0.014203988015651703,41017,0.28661370277404785,0.578055739402771,0.7512385249137878,10.309338092803955,,0.7777778506278992,0.365784227848053,1784468777.3873868,0.3520553708076477,0.7072524428367615,1992,0.5416666865348816,483.73,1.553344964981079,2.1100430488586426,0.07263834774494171,0.23222701251506805,8.291666984558105,-0.020913509652018547,0.058512385562062265,-0.7482757568359375,0.80705726146698,2.520615577697754,0.7775393724441528,0.4881827235221863,27.513215923309325,0.9109967947006226,0.3333333432674408
0.4191323518753052,0.22609059512615204,2570.610202461,-0.007889710665767779,0.00011390625000000005,0.17430365085601807,0.47914978861808777,0.38535499572753906,10.487003326416016,0.0,-0.014727970585227013,39336,0.3051912784576416,0.5622767806053162,0.7342302799224854,10.305541133880615,,0.7777778506278992,0.36721372604370117,1784468779.9862533,0.3520087003707886,0.6906046867370605,1993,0.6666666865348816,471.75,1.546046257019043,2.1938796043395996,0.07413121312856674,0.2231355607509613,7.625,-0.024859126657247543,0.047926845587790014,-0.7342619299888611,0.8051388263702393,2.598670482635498,0.765493631362915,0.4897986352443695,26.528325807265936,0.8897171020507812,0.5
0.42376846075057983,0.20616444945335388,2573.181786939,-0.007350353267975151,7.593750000000004e-05,0.1513686329126358,0.4849759042263031,0.38979417085647583,9.6281156539917,0.0,-0.014260693453252316,41457,0.30292272567749023,0.5385645031929016,0.7381806373596191,10.303602457046509,,0.7777778506278992,0.3689325749874115,1784468782.462497,0.3518771827220917,0.6964375376701355,1994,0.5833333730697632,478.44,1.5006446838378906,2.068284273147583,0.06863963603973389,0.22534793615341187,7.583333492279053,-0.019621971994638443,0.040311725623905656,-0.7358686327934265,0.8042566180229187,2.4171223640441895,0.7175556421279907,0.4796604812145233,27.537002029418947,0.8960138559341431,0.2083333432674408
0.4225575923919678,0.19736841320991516,2575.676803153,-0.007816638684016653,5.062500000000002e-05,0.14646457135677338,0.4831112027168274,0.3646397292613983,10.489734649658203,0.0,-0.015698637813329697,39827,0.30170106887817383,0.5243194103240967,0.7380821108818054,10.292466115951537,,0.7777778506278992,0.3688102662563324,1784468785.0329962,0.35186266899108887,0.6952832937240601,1995,0.4166666865348816,490.68,1.5233376026153564,2.1665477752685547,0.06817883253097534,0.2200363278388977,8.25,-0.02515154704451561,0.06045329049229622,-0.7405804991722107,0.8040347099304199,2.5074944496154785,0.7436521053314209,0.43325430154800415,27.842246022224426,0.8967787027359009,0.4166666865348816
0.41443073749542236,0.23028919100761414,2578.283859401,-0.008584758336655795,0.00011390625000000003,0.17775307595729828,0.47576794028282166,0.39786359667778015,10.447061538696289,0.0416666679084301,-0.01432005688548088,41078,0.29399585723876953,0.6072109937667847,0.723822295665741,10.306830263137817,,0.7777778506278992,0.3691965341567993,1784468787.5337822,0.35202276706695557,0.6834322810173035,1996,0.8333333730697632,461.32,1.6386216878890991,2.0991098880767822,0.0778978168964386,0.22723130881786346,7.875,-0.021112214773893356,0.04868117794394493,-0.7171470522880554,0.804200291633606,2.626312255859375,0.7666472792625427,0.5311099290847778,26.2492639015615,0.8765929937362671,0.5416666865348816
0.43102845549583435,0.18803858757019043,2581.574988031,-0.007954300270648673,0.00011390625000000006,0.1392148733139038,0.4911063611507416,0.3471129536628723,9.45147705078125,0.0,-0.014960607513785362,39362,0.30034852027893066,0.5071156024932861,0.7509720325469971,10.314208793640137,,0.7777778506278992,0.371051162481308,1784468790.129286,0.35202205181121826,0.7072564363479614,1997,0.375,483.38,1.4548211097717285,2.1970438957214355,0.06489935517311096,0.22734829783439636,7.625,-0.021480489522218704,0.04170993212610483,-0.7487291097640991,0.8043984770774841,2.3730509281158447,0.7193635702133179,0.43397876620292664,27.30006989598274,0.911369264125824,0.2083333432674408
0.4247414469718933,0.20640020072460175,2581.88797773,-0.0063780099939322096,7.593750000000004e-05,0.14503490924835205,0.4833524227142334,0.3812375068664551,10.321340560913086,0.0416666679084301,-0.015784330666065216,30762,0.31386327743530273,0.589309573173523,0.7401546239852905,10.306525373458863,"{'sha256': 'b505a7c4dd2466b2d76108c65f9bbcd937298bd2f9432e8586f1be13e0da181a', 'path': 'media/videos/video_1998_b505a7c4dd2466b2d761.mp4', 'size': 1593482.0, '_type': 'video-file'}",0.7777778506278992,0.3705533444881439,1784468793.5129457,0.3518337905406952,0.6933719515800476,1998,0.4166666865348816,473.37,1.6156600713729858,2.8817028999328613,0.06748402118682861,0.21472784876823425,7.25,-0.022595778107643127,0.0391050485894084,-0.7437931895256042,0.804223895072937,2.540395736694336,0.7863154411315918,0.49888235330581665,26.830197441875935,0.8994592428207397,0.2083333432674408
