Loss/learning_rate,Episode_Reward/motion_global_root_pos,Metrics/motion/sampling_top1_bin,_timestamp,Metrics/motion/error_anchor_ang_vel,Perf/total_fps,Metrics/motion/error_anchor_pos,_step,Perf/collection_time,Metrics/motion/error_anchor_rot,Metrics/motion/error_body_pos,Metrics/motion/error_body_ang_vel,Episode_Termination/anchor_ori,Episode_Termination/ee_body_pos,video,Train/mean_reward,Episode_Reward/self_collisions,Metrics/motion/error_joint_vel,Train/mean_episode_length,Episode_Reward/motion_body_pos,Loss/surrogate,Metrics/motion/error_body_rot,Episode_Reward/action_rate_l2,Episode_Reward/motion_body_lin_vel,Metrics/motion/error_anchor_lin_vel,Episode_Reward/motion_body_ang_vel,Metrics/motion/sampling_top1_prob,Episode_Termination/anchor_pos,Metrics/motion/error_joint_pos,Loss/value,Policy/mean_std,Metrics/motion/error_body_lin_vel,Episode_Reward/joint_limit,Metrics/motion/sampling_entropy,Perf/learning_time,Episode_Reward/motion_global_root_ori,Loss/entropy,Episode_Reward/motion_body_ori,Episode_Termination/time_out,_runtime
1e-05,0.006148619577288628,0.3888889253139496,1784482224.2053032,2.2625083923339844,21518,0.11788575351238251,999,4.006152629852295,0.25087010860443115,1.9824227094650269,3.774183988571167,0.125,1.875,,-0.26077464457601307,-0.003512539668008685,14.659097671508789,20.1,0.013691830448806286,0.04420226973597892,0.32487958669662476,-0.035352133214473724,0.001373034785501659,0.6651678681373596,3.328359889565036e-05,0.15218868851661682,0.625,1.0561888217926025,0.16101700589060783,0.4153071939945221,0.8450344800949097,-0.005913616623729467,0.9879550337791443,0.5621645450592041,0.0036296704784035683,15.232951021194458,0.0017437683418393135,8.041666984558105,10.157013734
5.062500000000001e-05,0.012428142130374908,0.6990741491317749,1784482226.5559516,1.9707229137420654,43606,0.2261040210723877,1000,1.9615702629089355,0.2187151163816452,0.08711760491132736,3.256793975830078,0.0416666679084301,1.1666667461395264,,-0.05802316572517156,-0.005100265610963106,12.947784423828125,42.65,0.03928624838590622,-0.004644845832081046,0.28992512822151184,-0.08380874246358871,0.007249104790389538,0.635131299495697,0.00019307664479129016,0.1963699460029602,0.3333333432674408,1.0053629875183105,0.11773055009543895,0.41526392102241516,0.7621898055076599,-0.004913711454719305,0.9558138847351074,0.29277658462524414,0.012445643544197083,15.237799739837646,0.0048625958152115345,8.416666984558105,14.835453368
0.00017085937500000006,0.014293445274233818,0.763888955116272,1784482231.251336,1.7576007843017578,37903,0.3128012716770172,1001,2.281369924545288,0.1962318867444992,0.08318179100751877,2.9248218536376953,0.0,0.875,,-0.1935172900930047,-0.004317672923207283,11.687000274658203,63.67,0.06399761140346527,-0.008564231649506837,0.27301156520843506,-0.1290285587310791,0.015920281410217285,0.5854407548904419,0.00040149263804778457,0.19701680541038513,0.375,0.9075630903244019,0.1207996379584074,0.414750337600708,0.6802611351013184,-0.005698353052139282,0.9528819918632507,0.31218457221984863,0.02194836735725403,15.211365222930908,0.009089413098990917,8.208333969116211,17.434944234
0.0002562890625000001,0.01659759134054184,0.7222222685813904,1784482233.8322852,1.753300666809082,39652,0.3572865426540375,1002,2.1753218173980713,0.16674625873565674,0.07875802367925644,3.0613465309143066,0.0,0.6666666865348816,,0.14226137361489236,-0.0062982807867228985,12.070621490478516,88.42,0.09487651288509369,-0.00945418405754026,0.24838392436504364,-0.17166768014431,0.026757940649986267,0.5718125104904175,0.0007227600435726345,0.1998884379863739,0.0833333358168602,0.8866558074951172,0.10366854332387447,0.41430601477622986,0.6817006468772888,-0.005276970099657774,0.9479197263717651,0.3038294315338135,0.035127490758895874,15.178955173492431,0.014033160172402859,7.625,19.789953822
0.0002562890625000001,0.01884210668504238,0.7685185670852661,1784482236.1899436,1.768146276473999,43453,0.4299132823944092,1003,1.9743189811706543,0.18035906553268433,0.07949532568454742,2.984959125518799,0.0,0.6666666865348816,,0.20593784719705582,-0.004742773249745369,12.018969535827637,112.24,0.12273505330085754,-0.007471142802387476,0.2588347792625427,-0.22236114740371704,0.03753116726875305,0.5635071992874146,0.0010280401911586523,0.2030562162399292,0.4583333432674408,0.8804916739463806,0.08386354446411133,0.41394826769828796,0.6623058319091797,-0.006976680364459753,0.9399370551109314,0.2879819869995117,0.04461663216352463,15.154537153244018,0.02006581798195839,8.041666984558105,22.246927088
0.00017085937500000009,0.018535124137997627,0.773148238658905,1784482238.6608033,1.8789829015731812,41659,0.4792201519012451,1004,2.0486462116241455,0.2018159031867981,0.08365271985530853,3.056978940963745,0.0,1.0,,0.05051284270361066,-0.006603021174669266,12.230302810668945,131.12,0.14310340583324432,-0.0057647425914183256,0.27618321776390076,-0.2609174847602844,0.04450755938887596,0.6605584025382996,0.0012211734429001808,0.2101883888244629,0.4166666865348816,0.9219333529472351,0.06813075747340917,0.4135857820510864,0.7422486543655396,-0.00807100534439087,0.9360040426254272,0.31105470657348633,0.051527976989746094,15.129222393035889,0.02346564643085003,8.708333969116211,24.686220796
0.0002562890625000001,0.021330736577510834,0.7314815521240234,1784482241.0839384,1.9428361654281616,42239,0.48442208766937256,1005,2.0344669818878174,0.18687483668327332,0.08305424451828003,3.156940221786499,0.0,0.9583333730697632,,0.15091481637209653,-0.007133806124329567,12.7003173828125,152.57,0.17130160331726074,-0.009401988113404513,0.26862573623657227,-0.3020403981208801,0.05531702935695648,0.622162938117981,0.0015657078474760056,0.21015486121177673,0.2916666865348816,0.9148802757263184,0.0800750158727169,0.4131350517272949,0.7414692640304565,-0.008735919371247292,0.9335491061210632,0.292816162109375,0.06289654225111008,15.095675468444824,0.02804875746369362,8.041666984558105,27.16004633
0.00017085937500000009,0.023661402985453606,0.6666667461395264,1784482243.5830388,1.7711451053619385,41329,0.5558710098266602,1006,2.0827808380126953,0.18422356247901917,0.08000363409519196,2.9789881706237793,0.0,0.8333333730697632,,0.2291895680502057,-0.00854259543120861,11.941737174987793,184.45,0.20425349473953247,-0.005832862155511975,0.25935444235801697,-0.360236257314682,0.06391645222902298,0.5984089374542236,0.001803561463020742,0.22651290893554688,0.5416666865348816,0.9054720401763916,0.05692666061222553,0.41298165917396545,0.6938300132751465,-0.009440870955586433,0.9216107130050659,0.29573726654052734,0.076683908700943,15.083865118026733,0.033437035977840424,8.625,29.624476415
0.00017085937500000009,0.02646660804748535,0.6666667461395264,1784482246.0268428,1.9383573532104492,41967,0.5091959238052368,1007,2.047348976135254,0.20332735776901245,0.08388906717300415,3.132779598236084,0.0,0.8333333730697632,,0.38004016855731604,-0.008685817010700703,12.517881393432617,198.56,0.23079904913902283,-0.009706073685083538,0.2754974365234375,-0.40522027015686035,0.07439207285642624,0.6621888875961304,0.0020563702564686537,0.2243744134902954,0.3333333432674408,0.9316903948783875,0.06121407188475132,0.41245296597480774,0.7536144256591797,-0.01043991930782795,0.9222175478935242,0.2950146198272705,0.08646707236766815,15.054215478897095,0.04047265648841858,7.208333492279053,32.126293939
0.00017085937500000009,0.0252801813185215,0.6944445371627808,1784482248.5448768,1.78863525390625,40925,0.6419118046760559,1008,2.0840673446655273,0.18438535928726196,0.08225031197071075,2.978414535522461,0.0,1.0,,0.3694644230045378,-0.010918720625340939,12.188097953796387,231.35,0.2587476670742035,-0.007723695086315274,0.26424604654312134,-0.4566822648048401,0.08383675664663315,0.6089223623275757,0.0023942128755152225,0.22663180530071259,0.1666666716337204,0.8707525134086609,0.05023446045815945,0.41204404830932617,0.7027058601379395,-0.012310350313782692,0.9206579923629761,0.3179759979248047,0.09776073694229126,15.02643632888794,0.04589901491999626,7.875,34.592215801
0.0002562890625000001,0.02739630453288555,0.75,1784482250.99255,1.8652734756469727,41816,0.571886420249939,1009,2.06274151802063,0.19640527665615082,0.0821743756532669,3.221680164337158,0.0416666679084301,1.2916667461395264,,0.5266185845434666,-0.010558148846030235,12.988059997558594,238.96,0.27657365798950195,-0.010585693398024888,0.2647470235824585,-0.4873906970024109,0.09019047021865845,0.5577907562255859,0.002539012348279357,0.2309471219778061,0.25,0.8945090770721436,0.05324494652450085,0.4114845097064972,0.690032958984375,-0.013472316786646843,0.9141320586204529,0.2881052494049072,0.1043509766459465,14.98345489501953,0.049153268337249756,6.875,37.066026494
0.0002562890625000001,0.032464008778333664,0.7685185670852661,1784482253.4657884,1.815720796585083,41371,0.5741970539093018,1010,2.062828779220581,0.18100258708000183,0.0789790228009224,2.9525372982025146,0.0,0.5833333730697632,,0.7363235224783421,-0.011497361585497856,11.793731689453125,272.95,0.3135225772857666,-0.008989438647404313,0.25539135932922363,-0.5395632982254028,0.1062559187412262,0.551393449306488,0.002997902687638998,0.2379644364118576,0.5,0.8613263964653015,0.044689178466796875,0.41090089082717896,0.6396418809890747,-0.01365293376147747,0.9082287549972534,0.31329822540283203,0.1213085949420929,14.953705215454102,0.05766017362475395,7.333333492279053,39.505612713
0.0002562890625000001,0.03502286970615387,0.7777778506278992,1784482255.9088717,1.821272611618042,41930,0.538594126701355,1011,2.0497865676879883,0.1873650848865509,0.08105004578828812,3.148050308227539,0.0,0.9166666865348816,,0.5407948887720704,-0.012936465442180634,12.832147598266602,292.92,0.3433184027671814,-0.009082738519646227,0.2544267773628235,-0.5942635536193848,0.11364280432462692,0.6431294083595276,0.0031884934287518263,0.24603286385536194,0.125,0.8960358500480652,0.043331770785152914,0.41048645973205566,0.7363578677177429,-0.015506263822317123,0.9035423994064331,0.29468441009521484,0.12966327369213104,14.914536905288696,0.06241004914045334,7.833333492279053,41.946928465
0.00017085937500000009,0.03562933951616287,0.7777778506278992,1784482258.3618865,1.8836240768432617,41977,0.5401219129562378,1012,2.0168709754943848,0.18406109511852264,0.08239992707967758,3.109935760498047,0.0416666679084301,1.0416667461395264,,0.6782397547457367,-0.014250023290514946,12.552680969238281,308.83,0.35828813910484314,-0.010691467084689066,0.26311370730400085,-0.6234592795372009,0.11911004781723022,0.6192185878753662,0.0033968049101531506,0.2504122853279114,0.1666666716337204,0.9119853973388672,0.037595453578978776,0.40984055399894714,0.723736047744751,-0.0161387100815773,0.8972259759902954,0.32497406005859375,0.135288804769516,14.88037075996399,0.0663510411977768,6.7916669845581055,44.440847649
0.00017085937500000009,0.034523189067840576,0.7777778506278992,1784482260.8441973,1.8779547214508057,41302,0.5799604058265686,1013,2.0943009853363037,0.1906423270702362,0.0820760577917099,3.0515379905700684,0.0,1.0,,0.8726502601988614,-0.014265733771026134,12.171178817749023,333.3,0.38445186614990234,-0.011446640195208602,0.2607569694519043,-0.6631964445114136,0.12831029295921326,0.6083918809890747,0.003673477564007044,0.2597080171108246,0.5,0.8845300674438477,0.03296948997303843,0.40889352560043335,0.6966942548751831,-0.016472218558192253,0.8904991149902344,0.2857940196990967,0.14693395793437958,14.821259927749633,0.07066114246845245,7.875,46.947330528
0.0002562890625000001,0.04126165062189102,0.7777778506278992,1784482263.3580616,1.99884033203125,40855,0.5225856304168701,1014,2.0930066108703613,0.19748012721538544,0.08925594389438629,3.200143814086914,0.0,1.0833333730697632,,0.982094956189394,-0.012223518453538418,12.505800247192383,358.01,0.41536325216293335,-0.008130824705585838,0.27500927448272705,-0.7120580673217773,0.13713327050209045,0.6341876983642578,0.003922800533473492,0.2701532244682312,0.3333333432674408,0.9116069674491882,0.03200385216623545,0.4084012806415558,0.7538642883300781,-0.017059821635484695,0.8874382972717285,0.3131570816040039,0.1587512195110321,14.77651505470276,0.07669620215892792,7.625,49.507610521
0.0002562890625000001,0.04129371792078018,0.7777778506278992,1784482265.9179196,1.8692305088043213,40128,0.44156238436698914,1015,2.1461548805236816,0.207970529794693,0.08817844092845917,3.1353213787078857,0.0,1.0416667461395264,,1.1173078284878284,-0.014926470816135406,12.266642570495605,378.05,0.4340687692165375,-0.01076764309545979,0.2755212187767029,-0.7421735525131226,0.1478271782398224,0.6398167610168457,0.004225507844239473,0.2774636149406433,0.6666666865348816,0.9176194071769714,0.03207792807370424,0.4076942205429077,0.7587618827819824,-0.01706555113196373,0.8820956945419312,0.3035449981689453,0.1676144003868103,14.73006076812744,0.08073648065328598,7.4166669845581055,51.888289241
0.00011390625000000006,0.04388047754764557,0.7777778506278992,1784482268.2865138,1.9514174461364746,43219,0.4312809407711029,1016,1.9827873706817627,0.1864459365606308,0.08152548223733902,3.2486350536346436,0.0,1.2083333730697632,,1.001429140456021,-0.01896369829773903,12.839763641357422,393.67,0.45675867795944214,-0.009983164492587094,0.26144111156463623,-0.7875385284423828,0.15096861124038696,0.6284002065658569,0.004173624329268932,0.2852243185043335,0.2916666865348816,0.9022340774536133,0.026202007196843624,0.4070143401622772,0.7315284609794617,-0.01880522631108761,0.8755337595939636,0.2917330265045166,0.177355095744133,14.678590297698975,0.08486835658550262,7.25,54.265148373
0.0002562890625000001,0.04787765070796013,0.7777778506278992,1784482270.6713798,1.7668135166168213,43062,0.4645056426525116,1017,1.995152473449707,0.1761399209499359,0.07778294384479523,2.9308886528015137,0.0,0.875,,1.2981481841951608,-0.014437047764658928,11.533773422241211,426.2,0.5014572143554688,-0.010295372625114397,0.25217363238334656,-0.8590487241744995,0.169415682554245,0.5898496508598328,0.004759620875120163,0.28002697229385376,0.2916666865348816,0.8331438302993774,0.026383167132735252,0.40610724687576294,0.68245530128479,-0.020555559545755386,0.8758053779602051,0.28765082359313965,0.19320182502269745,14.628461456298828,0.09342712163925171,8.0,56.815445752
0.0002562890625000001,0.04570026695728302,0.7777778506278992,1784482273.2179646,1.8698606491088867,40166,0.4323989748954773,1018,2.1465413570404053,0.2072223275899887,0.08909627050161362,3.263772964477539,0.0,1.2083333730697632,,1.1019583485275506,-0.016950305551290512,12.96515941619873,418.15,0.5037036538124084,-0.01002551433048211,0.2836593985557556,-0.8570069074630737,0.16860032081604004,0.6351543664932251,0.0047626374289393425,0.28651943802833557,0.5,0.9629822969436646,0.02486201310530305,0.4048967957496643,0.7642917037010193,-0.0194241963326931,0.8711849451065063,0.3008739948272705,0.19605869054794312,14.550662660598755,0.0953889712691307,7.083333492279053,59.831335217
0.00017085937500000009,0.046904828399419785,0.7777778506278992,1784482276.3201075,2.0460987091064453,33697,0.4993158280849457,1019,2.6216225624084473,0.20297853648662567,0.09039725363254547,3.3216285705566406,0.0,1.375,"{'sha256': 'c3f0dc9a1132218dff8daff83cc32cde5d98f78620be877c755101ce6895e1c9', 'path': 'media/videos/video_1019_c3f0dc9a1132218dff8d.mp4', 'size': 1882530.0, '_type': 'video-file'}",1.2318995570018887,-0.0178617425262928,13.033918380737305,443.95,0.5201277136802673,-0.009090703388210386,0.28277134895324707,-0.8887389898300171,0.17769166827201843,0.6877647638320923,0.005170254968106747,0.288207083940506,0.2916666865348816,0.9610299468040466,0.02528443606570363,0.4040161669254303,0.7935859560966492,-0.01963823474943638,0.8663284182548523,0.29561853408813477,0.2025122046470642,14.478062391281128,0.09791707992553711,6.2916669845581055,62.366974514
0.00017085937500000009,0.04976116865873337,0.7777778506278992,1784482278.7705748,1.8443683385849,41671,0.4892759323120117,1020,2.070746898651123,0.1860174834728241,0.08112819492816925,3.0904502868652344,0.0833333358168602,1.0833333730697632,,1.4755859585851432,-0.017940964549779892,12.588838577270508,455.06,0.5385693311691284,-0.010806894177221693,0.26451489329338074,-0.9147736430168152,0.18468217551708221,0.6077579855918884,0.00530552864074707,0.28794729709625244,0.5,0.8767654299736023,0.02446939339861274,0.40313559770584106,0.6975548267364502,-0.021293168887495995,0.8630098104476929,0.2882997989654541,0.2117595374584198,14.417300701141357,0.10317224264144897,9.375,64.875303253
0.00011390625000000006,0.04851643368601799,0.7777778506278992,1784482281.306435,1.8224265575408936,40830,0.4983541965484619,1021,2.078305244445801,0.20100149512290955,0.08391758054494858,3.1573328971862793,0.0416666679084301,1.125,,1.451873975545168,-0.017439603805541992,12.69046401977539,456.82,0.5450029373168945,-0.01034782687202096,0.2670910358428955,-0.9301363825798035,0.18505942821502686,0.6274821758270264,0.005269271787256002,0.2916337251663208,0.375,0.9081417322158813,0.02482230281457305,0.4023250639438629,0.7272374033927917,-0.02120298519730568,0.8583747148513794,0.32930827140808105,0.21248221397399902,14.359931039810181,0.10319551825523376,8.083333969116211,67.413520646
0.00017085937500000009,0.04686408489942551,0.7777778506278992,1784482283.8186095,2.106775999069214,40892,0.5762813091278076,1022,2.0962984561920166,0.23484240472316742,0.09986039251089096,3.3494038581848145,0.0416666679084301,1.5416667461395264,,1.265690790824592,-0.01920326054096222,13.163683891296387,445.89,0.5214594602584839,-0.009673034283332526,0.3082675337791443,-0.8937149047851562,0.17961084842681885,0.7261611819267273,0.005245695821940899,0.29442504048347473,0.5416666865348816,1.0108981132507324,0.02319936566054821,0.4011538624763489,0.8533457517623901,-0.022051408886909485,0.8560347557067871,0.30763673782348633,0.20477208495140076,14.283509445190429,0.10100039094686508,7.708333492279053,69.810460515
0.00017085937500000009,0.0503963828086853,0.7777778506278992,1784482286.2121708,1.8582394123077393,42829,0.5818466544151306,1023,2.0015249252319336,0.20317083597183228,0.08586663007736206,3.0470638275146484,0.0833333358168602,1.2083333730697632,,1.5481844694912434,-0.01749517023563385,11.594932556152344,445.99,0.5332961082458496,-0.009106328757479788,0.27653342485427856,-0.904104471206665,0.18538443744182587,0.6220217943191528,0.005469928495585918,0.2982251048088074,0.25,0.9126483798027039,0.02264103926718235,0.40022751688957214,0.7106719017028809,-0.01889457181096077,0.8550059199333191,0.29373645782470703,0.2119545191526413,14.215091991424561,0.10436749458312988,7.708333492279053,72.312928559
0.00017085937500000009,0.04952080547809601,0.7777778506278992,1784482288.7152255,1.9699314832687378,40856,0.5020249485969543,1024,2.1098861694335938,0.2425726354122162,0.09680648893117905,3.157796621322632,0.0416666679084301,1.375,,1.659346085637808,-0.022364672273397446,12.245710372924805,446.3,0.5038731098175049,-0.011712362888647476,0.3075745701789856,-0.8540605306625366,0.17465679347515106,0.6928979754447937,0.005137346219271421,0.29850122332572937,0.5416666865348816,0.9560415148735046,0.021048030257225035,0.39899274706840515,0.7616195678710938,-0.018899813294410706,0.8569635152816772,0.29619812965393066,0.2027824968099594,14.130915546417237,0.10015200078487396,7.125,74.780590036
0.00017085937500000009,0.04988696426153183,0.7777778506278992,1784482291.1813967,1.8423097133636475,41479,0.5140770673751831,1025,2.076064348220825,0.1881151795387268,0.08379365503787994,3.1100223064422607,0.0,1.25,,1.8234571458399296,-0.02204526960849762,12.391741752624512,459.26,0.5458058714866638,-0.010535559980780818,0.25950562953948975,-0.9052623510360718,0.19314268231391907,0.6450640559196472,0.005807661917060614,0.3038216829299927,0.2916666865348816,0.8990334868431091,0.020454907417297365,0.3980829417705536,0.7601616382598877,-0.018137579783797264,0.8518009185791016,0.29386162757873535,0.22080914676189423,14.056186866760253,0.1100621223449707,8.208333969116211,77.237632618
0.0002562890625000001,0.050414007157087326,0.7777778506278992,1784482293.6463902,1.7762908935546875,41633,0.4834401607513428,1026,2.063361883163452,0.2004990428686142,0.08563908189535141,3.1092288494110107,0.0,1.3333333730697632,,1.5353895460814238,-0.016124283894896507,12.399953842163086,437.51,0.5308973789215088,-0.011743012926308439,0.27416354417800903,-0.8939917087554932,0.18473458290100098,0.660814106464386,0.00541350431740284,0.30370113253593445,0.375,0.9077140688896179,0.021004249807447195,0.39712661504745483,0.7436653971672058,-0.020225297659635544,0.8499408960342407,0.2978076934814453,0.21104268729686737,13.984953022003173,0.1046644076704979,8.375,79.714697012
0.00017085937500000009,0.05057737976312637,0.7777778506278992,1784482296.125922,1.7470836639404297,41429,0.505771815776825,1027,2.076598644256592,0.20084045827388763,0.08344273269176483,3.065594434738159,0.0833333358168602,1.375,,1.4635230074077845,-0.019893590360879898,12.376504898071289,449.6,0.5250968933105469,-0.010051710160041694,0.2666415274143219,-0.8791050910949707,0.1834503412246704,0.6206388473510742,0.005620225798338652,0.3045800030231476,0.25,0.8854822516441345,0.02130469586700201,0.39643341302871704,0.687502384185791,-0.017014004290103912,0.848875880241394,0.2962038516998291,0.21066129207611084,13.92634482383728,0.10432412475347519,8.083333969116211,82.152003919
0.00017085937500000009,0.053080569952726364,0.7777778506278992,1784482298.5618832,1.972970962524414,42195,0.4664820432662964,1028,2.0432019233703613,0.22335991263389587,0.09237085282802582,3.2133841514587402,0.0416666679084301,1.5,,1.7936988073959947,-0.015324550680816174,12.445098876953125,442.24,0.538642406463623,-0.010689810023177416,0.290432870388031,-0.8894394636154175,0.19222289323806763,0.6939492225646973,0.005921039264649153,0.3104502856731415,0.625,0.9521864652633667,0.02160357991233468,0.3954644799232483,0.7821669578552246,-0.01962433010339737,0.8459781408309937,0.2865424156188965,0.21916644275188446,13.862903356552124,0.1103053018450737,7.333333492279053,84.737253968
0.00017085937500000009,0.04992362856864929,0.7777778506278992,1784482301.1446638,1.8325384855270386,39674,0.4882565438747406,1029,2.18058180809021,0.19083884358406067,0.08620905131101608,3.0673434734344482,0.0,1.25,,1.9855769327282906,-0.01795855723321438,12.219733238220215,454.48,0.5351401567459106,-0.01072814236395061,0.2715085744857788,-0.8762367963790894,0.18872171640396118,0.6306376457214355,0.005941957235336304,0.3140779137611389,0.3333333432674408,0.914643406867981,0.022584370616823436,0.3945944905281067,0.7367860674858093,-0.016533037647604942,0.8449003100395203,0.29720640182495117,0.21809689700603485,13.792063188552856,0.1093592569231987,7.5,87.166644345
0.0002562890625000001,0.0526035875082016,0.7777778506278992,1784482303.5689473,1.9068406820297241,42295,0.44490861892700195,1030,2.026916980743408,0.20777621865272522,0.08892958611249924,3.148045063018799,0.0,1.2083333730697632,,2.0096425168216228,-0.017629509791731834,12.386019706726074,456.38,0.5422592759132385,-0.011139079350209613,0.28012150526046753,-0.8853071928024292,0.19372761249542236,0.6624311208724976,0.005877403076738119,0.3136059641838074,0.3333333432674408,0.930375337600708,0.020096732210367917,0.3934861123561859,0.7690790891647339,-0.018894631415605545,0.8452695608139038,0.29732847213745117,0.22104516625404358,13.728270387649536,0.11197192966938019,7.083333492279053,89.68364557
0.00017085937500000009,0.05033404752612114,0.7777778506278992,1784482306.089025,1.9967515468597412,40642,0.4638010859489441,1031,2.1107048988342285,0.2339959591627121,0.09460259974002838,3.317727565765381,0.0,1.5,,2.1366366183385255,-0.017751656472682953,13.047052383422852,443.72,0.5118155479431152,-0.01089397668838501,0.29925107955932617,-0.8342186808586121,0.18254785239696503,0.6495347023010254,0.005673029460012913,0.31266677379608154,0.625,0.9715919494628906,0.019115845300257207,0.3925721049308777,0.7561966776847839,-0.01754429005086422,0.8457310199737549,0.3080625534057617,0.20957061648368835,13.645569658279419,0.10612156242132187,7.4166669845581055,92.080832704
0.00017085937500000009,0.05246895179152489,0.7777778506278992,1784482308.4832466,1.8018897771835327,42806,0.44090986251831055,1032,2.0024449825286865,0.19121453166007996,0.08318792283535004,3.1651053428649902,0.0416666679084301,0.9583333730697632,,2.0324408666789533,-0.019285127520561218,12.679095268249512,445.47,0.5505287647247314,-0.009856969822430983,0.2747788429260254,-0.8916413187980652,0.19356200098991394,0.5924056172370911,0.006070549599826336,0.3169596791267395,0.375,0.9015007019042969,0.019305286463350058,0.3915530741214752,0.7026132941246033,-0.016871344298124313,0.8438519835472107,0.2940104007720947,0.2264564484357834,13.581035041809082,0.11681854724884033,7.4166669845581055,94.671208053
0.00017085937500000009,0.057422831654548645,0.7777778506278992,1784482311.0735543,1.8928439617156982,39432,0.40862786769866943,1033,2.178892135620117,0.19964900612831116,0.08420183509588242,3.0800719261169434,0.0416666679084301,0.875,,2.738099662810564,-0.01781059056520462,12.071882247924805,457.4,0.5496280193328857,-0.011544334673089907,0.2686893939971924,-0.8672098517417908,0.2004578560590744,0.5701707601547241,0.006417877972126007,0.3234758973121643,0.375,0.9128827452659607,0.016582204028964043,0.3902322053909302,0.6821958422660828,-0.01544567383825779,0.8401264548301697,0.3140580654144287,0.22676050662994385,13.48407597541809,0.11821296066045761,6.625,97.242790014
0.00017085937500000009,0.052715964615345,0.7777778506278992,1784482313.65998,1.7775191068649292,39797,0.5183643102645874,1034,2.1515276432037354,0.19183866679668427,0.0866684839129448,3.1917884349823,0.0,1.2916667461395264,,2.498219376951456,-0.012639550492167473,13.095300674438477,457.87,0.5629532337188721,-0.010388710140250623,0.2709605097770691,-0.8907129168510437,0.2059352695941925,0.6680392622947693,0.006483630742877722,0.3265293538570404,0.375,0.9353551268577576,0.018471877556294203,0.38915181159973145,0.7615737915039062,-0.016430044546723366,0.8371865153312683,0.3185899257659912,0.23354002833366394,13.404661750793457,0.12143304198980331,7.583333492279053,99.801522537
0.0002562890625000001,0.0519009493291378,0.7777778506278992,1784482316.2053065,1.9029672145843506,40235,0.45554685592651367,1035,2.1463515758514404,0.2331617772579193,0.0956978052854538,3.2518327236175537,0.0833333358168602,1.2916667461395264,,2.261150996275246,-0.018662791699171066,12.633512496948242,426.15,0.542352557182312,-0.01042560995556414,0.29872703552246094,-0.8574068546295166,0.19891008734703064,0.693504810333252,0.006652085110545158,0.33154284954071045,0.4583333432674408,0.9407491683959961,0.018847937136888503,0.3882898688316345,0.7816449403762817,-0.01743995025753975,0.8342482447624207,0.29688143730163574,0.22309724986553192,13.330307865142823,0.11808255314826965,7.708333492279053,102.20073774
0.00017085937500000009,0.053146492689847946,0.7777778506278992,1784482318.6062157,1.9169106483459473,42726,0.47392719984054565,1036,2.0089986324310303,0.1860734224319458,0.07958094030618668,3.206389904022217,0.0416666679084301,1.1666667461395264,,2.4052526119351385,-0.01874053105711937,12.879961967468262,445.5,0.5514994859695435,-0.009979640762321652,0.2583099603652954,-0.8679132461547852,0.20304140448570251,0.6233298778533936,0.0067113665863871574,0.33191320300102234,0.4166666865348816,0.90458744764328,0.01806386895477772,0.38735154271125793,0.7291768789291382,-0.01597263477742672,0.8336381316184998,0.29178690910339355,0.23052620887756348,13.262205266952515,0.11934319138526917,7.0416669845581055,104.75045343
0.00017085937500000009,0.05206676572561264,0.7777778506278992,1784482321.1616967,1.8400893211364746,40164,0.4758474826812744,1037,2.1342391967773438,0.19032680988311768,0.08475933969020844,3.0622048377990723,0.0,0.9583333730697632,,2.456582947522402,-0.015259298495948315,11.970782279968262,448.2,0.5503958463668823,-0.010460744573174452,0.2673928439617157,-0.8591340780258179,0.19938379526138306,0.6419543623924255,0.006482386961579323,0.3313043713569641,0.5416666865348816,0.895155131816864,0.017735648900270462,0.38627922534942627,0.7136692404747009,-0.016417277976870537,0.831375002861023,0.31328296661376953,0.2322058528661728,13.18209719657898,0.12029901146888733,7.333333492279053,107.29851276
0.00017085937500000009,0.05666321516036987,0.7777778506278992,1784482323.711079,1.7893235683441162,40282,0.4273099899291992,1038,2.123664379119873,0.19618235528469086,0.08408822119235992,3.1106555461883545,0.0,1.1666667461395264,,2.57376918181777,-0.017579004168510437,12.408140182495117,429.92,0.5562155246734619,-0.01059803031384945,0.26495444774627686,-0.8600606322288513,0.20371167361736298,0.6496162414550781,0.006826357450336218,0.3328774869441986,0.4583333432674408,0.8898689150810242,0.019971370324492456,0.3850855231285095,0.7377346754074097,-0.015990210697054863,0.828339695930481,0.3166790008544922,0.23296402394771576,13.094891262054443,0.12247349321842194,7.7916669845581055,109.838327809
0.00011390625000000006,0.05468731373548508,0.7777778506278992,1784482326.24136,1.9257968664169312,40444,0.4846232831478119,1039,2.134307622909546,0.21127621829509735,0.08913194388151169,3.1889305114746094,0.0,0.9583333730697632,,3.056315813213587,-0.016816258430480957,12.518327713012695,446.29,0.5473003387451172,-0.011728370044147595,0.28717270493507385,-0.845666766166687,0.2003869116306305,0.6310162544250488,0.006703102961182594,0.33527201414108276,0.5833333730697632,0.9242772459983826,0.017874427791684865,0.3842298090457916,0.7272164225578308,-0.01600022055208683,0.8255805969238281,0.29627013206481934,0.23280268907546997,13.018956995010376,0.12304738163948059,6.833333492279053,112.817542336
0.00017085937500000009,0.05151600390672684,0.7777778506278992,1784482329.3382936,1.8704564571380615,34138,0.47215598821640015,1040,2.5621721744537354,0.209307461977005,0.09437759965658188,3.194648265838623,0.0416666679084301,1.2083333730697632,"{'path': 'media/videos/video_1040_559d2685c7c469995ced.mp4', 'size': 1672088.0, '_type': 'video-file', 'sha256': '559d2685c7c469995ced1484c3666d938066748fd0b766ace41ad5f335aad91d'}",2.91644982367754,-0.017205357551574707,12.293661117553711,452.04,0.5349103212356567,-0.010360127719468436,0.2871370315551758,-0.827667236328125,0.20040160417556763,0.6581957340240479,0.006881778594106436,0.34004390239715576,0.5833333730697632,0.9300028681755066,0.018538100086152552,0.38358771800994873,0.7641028165817261,-0.01700730435550213,0.8232007026672363,0.31743335723876953,0.22950419783592224,12.966807174682618,0.12310995906591415,6.7916669845581055,115.418127583
0.00017085937500000009,0.05242117494344711,0.7777778506278992,1784482331.823097,1.8673832416534424,41082,0.47689270973205566,1041,2.0938260555267334,0.20539554953575134,0.08830415457487106,3.1790270805358887,0.0416666679084301,1.5416667461395264,,3.096209621205926,-0.01609843783080578,12.269765853881836,451.35,0.5591130256652832,-0.011247964401263744,0.27548375725746155,-0.8545624613761902,0.20851826667785645,0.631133496761322,0.007189594209194183,0.3466340899467468,0.4166666865348816,0.9093765616416931,0.017784519400447608,0.3824582099914551,0.7447441816329956,-0.015284394845366478,0.8201903104782104,0.29900145530700684,0.2390807867050171,12.898971796035767,0.12703438103199005,8.791666984558105,117.933745985
0.00017085937500000009,0.0556371808052063,0.7777778506278992,1784482334.3586874,1.7262227535247803,40727,0.47100573778152466,1042,2.0993733406066895,0.18226508796215057,0.08343006670475006,2.9130074977874756,0.0,1.25,,3.2588485667482017,-0.017964765429496765,11.231532096862793,439.52,0.5636903047561646,-0.009488365970901214,0.2614179849624634,-0.841387927532196,0.21081149578094482,0.5656940340995789,0.007327676750719547,0.34923839569091797,0.5833333730697632,0.8539514541625977,0.01921090353280306,0.3813442289829254,0.6431178450584412,-0.01437439676374197,0.8179885149002075,0.31432652473449707,0.24058592319488525,12.807488775253296,0.12999072670936584,7.583333492279053,120.413156853
0.00017085937500000009,0.0537007674574852,0.7777778506278992,1784482336.8240635,1.935774326324463,41724,0.4386758804321289,1043,2.0693295001983643,0.2110752910375595,0.08918531239032745,3.119398593902588,0.0,1.5416667461395264,,3.2947087264060975,-0.018096940591931343,12.193403244018555,449.71,0.5420799255371094,-0.009862106535001658,0.28375038504600525,-0.8191326856613159,0.20572112500667572,0.6219786405563354,0.007218595594167709,0.35233625769615173,0.4583333432674408,0.9160479307174683,0.019919911865144968,0.3802313208580017,0.7313427329063416,-0.015129225328564644,0.8147875070571899,0.2867012023925781,0.23223823308944702,12.729438591003419,0.12535572052001953,8.0,122.949073903
0.00017085937500000009,0.0554971918463707,0.7777778506278992,1784482339.3679483,2.1311588287353516,40518,0.4036332070827484,1044,2.1080236434936523,0.24071156978607178,0.0956166684627533,3.465196132659912,0.0,1.7083333730697632,,3.3272245287895204,-0.01660524494946003,12.864481925964355,442.32,0.528825044631958,-0.011730548685591202,0.3011041283607483,-0.8009628057479858,0.19850751757621765,0.6954746246337891,0.007231163792312145,0.3552638292312622,0.7916666865348816,0.9753516912460327,0.018944350909441708,0.3790466785430908,0.8124712705612183,-0.017316531389951706,0.8104938268661499,0.31812047958374023,0.22504937648773193,12.63784899711609,0.12465259432792664,7.958333492279053,125.579424924
0.00017085937500000009,0.05782785639166832,0.7777778506278992,1784482341.9845397,1.8888921737670898,39183,0.3744470477104187,1045,2.201791524887085,0.21856755018234253,0.09183607995510101,3.123502731323242,0.0,1.3333333730697632,,3.7095635790750383,-0.015987930819392204,12.005538940429688,451.22,0.5572910308837891,-0.011147522382452734,0.2864496409893036,-0.8212637901306152,0.2144935578107834,0.6526657342910767,0.007760467007756233,0.3563322424888611,0.7916666865348816,0.9160730838775635,0.017939490173012017,0.3780485689640045,0.7463151812553406,-0.013222431764006615,0.8084089159965515,0.30701136589050293,0.24128155410289764,12.55345401763916,0.13572946190834045,7.583333492279053,128.018418666
0.00017085937500000009,0.056462910026311874,0.7777778506278992,1784482344.4215488,1.935715675354004,42068,0.46635866165161133,1046,2.0404109954833984,0.2297135889530182,0.09209460020065308,3.2770678997039795,0.0,1.5833333730697632,,3.6619372728466986,-0.016164226457476616,12.840171813964844,439.9,0.5551348924636841,-0.010977265547262504,0.2854871451854706,-0.8199824094772339,0.2152038812637329,0.6258293390274048,0.007954973727464676,0.35861536860466003,0.5,0.9537851810455322,0.019692459050565957,0.3769605755805969,0.7594005465507507,-0.013529084622859955,0.8071612119674683,0.2963447570800781,0.24073264002799988,12.47379379272461,0.13404631614685059,7.458333492279053,130.563553014
0.00017085937500000009,0.0584193617105484,0.7777778506278992,1784482346.970835,1.870733618736267,40187,0.4435569941997528,1047,2.130876064300537,0.1790890097618103,0.07979550957679749,2.9837303161621094,0.0,1.1666667461395264,,3.8491671496629714,-0.02056296169757843,11.755958557128906,454.11,0.5710145235061646,-0.010606735511100852,0.2490902543067932,-0.8340697288513184,0.22040359675884247,0.6016768217086792,0.008358679711818695,0.35908639430999756,0.3333333432674408,0.8348402380943298,0.019446455407887697,0.3763023316860199,0.6879567503929138,-0.013960026204586029,0.8056344985961914,0.31525540351867676,0.24831831455230713,12.412656497955322,0.13993613421916962,8.25,132.950222042
0.00017085937500000009,0.057413630187511444,0.7777778506278992,1784482349.3505278,2.0757944583892822,43081,0.39493855834007263,1048,1.992436408996582,0.24510256946086884,0.10334264487028122,3.334531784057617,0.0,2.0416667461395264,,3.530009198524058,-0.019379891455173492,12.866207122802734,424.06,0.5354578495025635,-0.009698063330142758,0.32619214057922363,-0.7835890650749207,0.20773333311080933,0.7249829173088074,0.007765650749206543,0.35782402753829956,0.75,1.028437614440918,0.0199109572917223,0.3754922151565552,0.8409082293510437,-0.01508400123566389,0.8045217394828796,0.2893862724304199,0.23197820782661438,12.351028060913086,0.13231109082698822,7.5,135.458121654
0.00017085937500000009,0.0535721480846405,0.7777778506278992,1784482351.8843126,1.9829130172729492,40806,0.47483110427856445,1049,2.0968406200408936,0.21934229135513306,0.09362151473760605,3.250084638595581,0.0,1.7083333730697632,,3.9615013317018746,-0.01630733720958233,12.711176872253418,452.23,0.5387856364250183,-0.010775434868992306,0.29220837354660034,-0.7817789912223816,0.2082870453596115,0.7145149111747742,0.007995475083589554,0.35839182138442993,0.6666666865348816,0.9538077712059021,0.018906252458691597,0.37447237968444824,0.7892450094223022,-0.013890041969716549,0.8020820617675781,0.31220555305480957,0.23662260174751282,12.275135612487793,0.13304631412029266,7.958333492279053,137.915888935
0.0002562890625000001,0.0581602118909359,0.7777778506278992,1784482354.3228586,1.9438161849975586,42116,0.4416169822216034,1050,2.04560923576355,0.2062591165304184,0.09016595780849457,3.2014853954315186,0.0,1.4166667461395264,,3.741199361458421,-0.01493040006607771,12.686622619628906,433.07,0.554110586643219,-0.009288015071069822,0.2822083532810211,-0.8015793561935425,0.21576397120952606,0.6886957883834839,0.008263719268143177,0.3599233031272888,0.5,0.9216054677963257,0.018307985551655293,0.3736375868320465,0.7791053652763367,-0.014800332486629486,0.799500584602356,0.2885110378265381,0.24294202029705048,12.205816316604615,0.13859587907791138,7.6666669845581055,140.382383463
0.00017085937500000009,0.05428051948547363,0.7777778506278992,1784482356.803187,1.836478590965271,41630,0.4661746919155121,1051,2.0470714569091797,0.1940440535545349,0.08738616108894348,3.0729596614837646,0.0,1.5,,3.8423236767575144,-0.016387032344937325,12.219347953796387,438.17,0.5626664161682129,-0.007778889749897644,0.2667689919471741,-0.8097354769706726,0.21886882185935974,0.6006900668144226,0.008640438318252563,0.3583909869194031,0.4166666865348816,0.8903111815452576,0.020711337961256505,0.3728303611278534,0.7091862559318542,-0.014123229309916496,0.798653244972229,0.31429314613342285,0.24950674176216125,12.139404439926148,0.14104878902435303,6.9166669845581055,142.968436329
0.00017085937500000009,0.05365404486656189,0.7777778506278992,1784482359.3683755,2.0939416885375977,39864,0.4452492892742157,1052,2.1631810665130615,0.2470700740814209,0.09875619411468506,3.4104113578796387,0.0416666679084301,1.875,,3.6453782494366167,-0.016972867771983147,13.101092338562012,410.39,0.5257164835929871,-0.011451530095655471,0.30753597617149353,-0.7526192665100098,0.20366498827934265,0.6490395665168762,0.008162891492247581,0.35574764013290405,0.6666666865348816,1.0178072452545166,0.019776909798383712,0.3715902864933014,0.7908802032470703,-0.01434430293738842,0.7980813980102539,0.30277347564697266,0.23315584659576416,12.054506063461304,0.1323772668838501,7.4166669845581055,145.515736326
0.00017085937500000009,0.052447061985731125,0.7777778506278992,1784482361.9211051,1.9594745635986328,40111,0.45508909225463867,1053,2.1584019660949707,0.23386965692043304,0.09629428386688232,3.290637493133545,0.0,1.6666667461395264,,3.93710935048759,-0.011914832517504692,12.96094036102295,407.12,0.5369739532470703,-0.009844324770892855,0.2963242530822754,-0.754849910736084,0.2128734290599823,0.6611940860748291,0.008515427820384502,0.3560047149658203,0.6666666865348816,0.9565215110778809,0.01845099851489067,0.37072011828422546,0.7755300998687744,-0.012752319686114788,0.7955049872398376,0.29235410690307617,0.24124084413051605,11.977904176712036,0.13944295048713684,6.5416669845581055,148.053893827
0.00017085937500000009,0.05558276176452637,0.7777778506278992,1784482364.4552946,1.9480751752853394,40335,0.46720659732818604,1054,2.135608673095703,0.2119448482990265,0.09391512721776962,3.1917662620544434,0.0416666679084301,1.375,,4.660729719996453,-0.014509427361190319,12.739550590515137,454.29,0.5602403283119202,-0.010172059672186151,0.28041231632232666,-0.7809803485870361,0.2219163030385971,0.6563737392425537,0.009100103750824928,0.3579537272453308,0.7916666865348816,0.9135698676109314,0.019787070341408253,0.36980438232421875,0.7643386721611023,-0.011734111234545708,0.7913250923156738,0.3015742301940918,0.24928295612335205,11.903505420684814,0.1476915180683136,6.9166669845581055,150.422231857
0.00011390625000000006,0.060012996196746826,0.7777778506278992,1784482366.8300679,1.9880270957946777,43285,0.423458456993103,1055,1.9776337146759033,0.23939070105552673,0.09678158164024353,3.2829997539520264,0.0,1.7916667461395264,,4.202024682760238,-0.017398729920387268,12.803009033203125,425.79,0.5396096706390381,-0.008837147268059198,0.3066116273403168,-0.7508758306503296,0.2160419076681137,0.6855539083480835,0.008882593363523483,0.35897204279899597,0.5833333730697632,0.9507669806480408,0.02027494991198182,0.36916279792785645,0.7746841311454773,-0.011651064269244671,0.7875152826309204,0.29340291023254395,0.24199140071868896,11.850265216827392,0.14391633868217468,7.375,152.994193357
0.00011390625000000006,0.05604703724384308,0.7777778506278992,1784482369.4076433,1.9640779495239258,39839,0.42996156215667725,1056,2.153125524520874,0.2060626745223999,0.09190662950277328,3.2119784355163574,0.0,1.75,,4.525387661457062,-0.014064419083297253,12.648605346679688,447.24,0.5441844463348389,-0.008993593812920152,0.2800595164299011,-0.7589423060417175,0.21481382846832275,0.676485538482666,0.009023805148899555,0.35870271921157837,0.8333333730697632,0.8899425268173218,0.0204907039180398,0.36844661831855774,0.7663829326629639,-0.01329936645925045,0.7867040038108826,0.3143906593322754,0.24415120482444763,11.792583751678468,0.14440453052520752,7.5,155.412126741
0.00011390625000000006,0.05489339679479599,0.7777778506278992,1784482371.8029585,2.053539752960205,42608,0.4179198145866394,1057,2.0185980796813965,0.2229471653699875,0.09721653163433075,3.2749271392822266,0.0416666679084301,1.5833333730697632,,4.099576323479414,-0.01586461439728737,12.445155143737793,427.32,0.5331357717514038,-0.009504805147298612,0.2970171570777893,-0.7435429096221924,0.2143648862838745,0.7171155214309692,0.009062867611646652,0.35880741477012634,0.9166666865348816,0.9377593398094177,0.019805023819208144,0.3677217662334442,0.8183147311210632,-0.012539152055978775,0.7852823138237,0.28856635093688965,0.24015548825263977,11.731757116317748,0.14199455082416534,6.9166669845581055,157.818319227
0.00011390625000000006,0.054645322263240814,0.7777778506278992,1784482374.228477,1.8031110763549805,42372,0.48227447271347046,1058,2.0264174938201904,0.20689967274665833,0.09256189316511154,2.9485766887664795,0.0,1.1666667461395264,,4.500461877137423,-0.015432741492986679,11.521535873413086,456.94,0.559048056602478,-0.009487251017708332,0.2794490456581116,-0.7776660323143005,0.22387513518333435,0.6327213048934937,0.009532323107123375,0.35751575231552124,0.75,0.8808635473251343,0.01995560433715582,0.36705368757247925,0.7165994048118591,-0.011067131534218788,0.783617377281189,0.2935764789581299,0.2545801103115082,11.6789231300354,0.15154002606868744,7.375,160.347080493
0.00011390625000000006,0.060844533145427704,0.7777778506278992,1784482376.7469747,1.928362250328064,40617,0.421073317527771,1059,2.1106293201446533,0.20984041690826416,0.08967354893684387,3.3066861629486084,0.0,1.5416667461395264,,4.808612184822559,-0.015418387949466705,13.06300163269043,441.44,0.566281795501709,-0.009269302902976052,0.27480998635292053,-0.7668604850769043,0.23096448183059692,0.6314136981964111,0.009740513749420643,0.36220240592956543,0.7083333730697632,0.8998174667358398,0.02056289752945304,0.36637988686561584,0.754765510559082,-0.010784151963889599,0.7802045345306396,0.30962681770324707,0.2553882598876953,11.630954360961914,0.15661859512329102,6.875,162.78327241
0.00011390625000000006,0.0553620420396328,0.7777778506278992,1784482379.1863394,2.1700327396392822,42044,0.44358691573143005,1060,2.0465574264526367,0.26742810010910034,0.10778206586837769,3.553163528442383,0.0,1.8333333730697632,,4.520553598739207,-0.01625308208167553,13.110008239746094,416.8,0.5180135369300842,-0.008288556329353014,0.33113235235214233,-0.7176111936569214,0.21236419677734375,0.6982561349868774,0.00910844188183546,0.3646732270717621,0.5416666865348816,1.025303840637207,0.019555953331291676,0.36562126874923706,0.8518791198730469,-0.012763193808495998,0.7771283984184265,0.291517972946167,0.2338496297597885,11.573182773590087,0.1424078792333603,6.208333492279053,166.044558699
0.00017085937500000009,0.05555623024702072,0.7777778506278992,1784482382.5234094,1.8893368244171143,31090,0.4430348575115204,1061,2.856687307357788,0.24148592352867126,0.0988566130399704,3.1588268280029297,0.0,1.5416667461395264,"{'path': 'media/videos/video_1061_7040fa92e918df0b1fc3.mp4', 'size': 1622487.0, '_type': 'video-file', 'sha256': '7040fa92e918df0b1fc355dd3ed22a20104d0ca757c462a1d64eb453482b31f2'}",4.775498140603304,-0.0165422186255455,12.104047775268555,430.34,0.5524611473083496,-0.010751264484133572,0.30562376976013184,-0.7421168684959412,0.2271488755941391,0.7020440101623535,0.009950545616447926,0.3681771159172058,0.8333333730697632,0.9289205074310303,0.021174912806600332,0.36451011896133423,0.8056892156600952,-0.012575095519423485,0.7740832567214966,0.30515265464782715,0.25158560276031494,11.497796154022216,0.15649832785129547,7.583333492279053,168.618663656
0.00017085937500000009,0.0547647587954998,0.7777778506278992,1784482385.0222826,1.9762647151947021,40826,0.4215535521507263,1062,2.1187338829040527,0.22460274398326874,0.09429442137479782,3.18308687210083,0.0,1.5,,4.7813362711668015,-0.017589692026376724,12.386270523071289,446.9,0.562209963798523,-0.009849463046703023,0.29468902945518494,-0.7574796676635742,0.22603768110275269,0.6655488610267639,0.00988813117146492,0.37251782417297363,0.7916666865348816,0.9353017807006836,0.021261981595307587,0.36360499262809753,0.7609200477600098,-0.011434009298682213,0.7699363231658936,0.28913140296936035,0.25845155119895935,11.41468505859375,0.15754017233848572,8.458333969116211,171.191012532
0.00017085937500000009,0.06017302721738815,0.7777778506278992,1784482387.5901232,1.7610807418823242,39777,0.4060452878475189,1063,2.1700761318206787,0.20843768119812012,0.0912347286939621,3.145393133163452,0.0,1.625,,5.124530896693468,-0.02386014722287655,12.206655502319336,447.75,0.56465083360672,-0.011505373361615057,0.28446289896965027,-0.7587170600891113,0.23488645255565643,0.6544040441513062,0.010388115420937538,0.3729618191719055,0.625,0.9101272821426392,0.020446773804724216,0.3627106845378876,0.7526034116744995,-0.011409901082515717,0.7686545848846436,0.301271915435791,0.2590552568435669,11.341313791275024,0.1613970845937729,8.5,173.600201111
0.00017085937500000009,0.05605192482471466,0.7777778506278992,1784482390.000106,1.8566370010375977,42502,0.42910706996917725,1064,2.0163636207580566,0.23177263140678406,0.09722888469696045,3.2114925384521484,0.0416666679084301,1.5833333730697632,,4.736431823521852,-0.019391454756259918,11.94312572479248,424.64,0.538419246673584,-0.010318696399917827,0.296575129032135,-0.733033299446106,0.22155249118804932,0.718557596206665,0.010048191994428635,0.37359869480133057,0.5416666865348816,0.9152790307998657,0.02291971752420068,0.36196696758270264,0.8036613464355469,-0.011610914021730423,0.768478274345398,0.2965238094329834,0.24740611016750336,11.274545478820801,0.1539323925971985,7.0416669845581055,176.200685783
0.00017085937500000009,0.058854855597019196,0.7777778506278992,1784482392.6054816,1.9407069683074951,39247,0.4109745919704437,1065,2.2024807929992676,0.22261345386505127,0.0933767780661583,3.176373243331909,0.0416666679084301,1.6666667461395264,,5.183579525649548,-0.012617248110473156,12.526774406433105,432.79,0.5477806329727173,-0.010423621458176057,0.29017385840415955,-0.7286679148674011,0.22792796790599823,0.6480318307876587,0.010375145822763443,0.37565430998802185,0.6666666865348816,0.9124366641044617,0.01853397749364376,0.36120662093162537,0.7617880702018738,-0.010931843891739845,0.7669011950492859,0.302232027053833,0.25239038467407227,11.21195478439331,0.15880760550498962,7.5416669845581055,178.616511008
0.00017085937500000009,0.05893430858850479,0.7777778506278992,1784482395.0177946,1.8726673126220703,42475,0.40762728452682495,1066,2.024738311767578,0.1969219446182251,0.08967985957860947,3.0637664794921875,0.0,1.5833333730697632,,4.953003970459104,-0.01883123442530632,12.034189224243164,440.65,0.5537667870521545,-0.009939781168941408,0.2643626928329468,-0.7402464747428894,0.23003754019737244,0.6142473220825195,0.010573986917734146,0.3736295700073242,0.5,0.8925778865814209,0.02090721009299159,0.3604477643966675,0.7202824354171753,-0.011259414255619049,0.7668551206588745,0.28964924812316895,0.2554413080215454,11.148693943023682,0.16339629888534546,7.6666669845581055,181.125830163
0.00011390625000000006,0.058472778648138046,0.7777778506278992,1784482397.540296,1.77179753780365,40762,0.4722771644592285,1067,2.1003472805023193,0.19184130430221558,0.08335267007350922,2.962568759918213,0.0,1.125,,5.097093326859176,-0.015233027748763561,11.662363052368164,450.98,0.5632811784744263,-0.01002373822266236,0.2602514624595642,-0.7564119696617126,0.23116159439086914,0.5924422144889832,0.010700767859816551,0.37015435099601746,0.375,0.8668274879455566,0.020600330736488103,0.3595331609249115,0.6809970736503601,-0.011011868715286255,0.767783522605896,0.3112602233886719,0.26006272435188293,11.077358102798462,0.1623275727033615,6.833333492279053,183.642948852
0.00017085937500000009,0.06627258658409119,0.7777778506278992,1784482400.0687296,1.7912845611572266,40921,0.4054344594478607,1068,2.0881879329681396,0.20127534866333008,0.08703920245170593,2.991621732711792,0.0,1.25,,5.547958631962538,-0.015023399144411087,11.780489921569824,436.12,0.5767674446105957,-0.011230340163456276,0.2679233253002167,-0.7531484365463257,0.2439325749874115,0.606739342212677,0.011668051593005657,0.3687874972820282,0.5416666865348816,0.858468234539032,0.021380266174674034,0.35892805457115173,0.6890119910240173,-0.00985655002295971,0.7680975794792175,0.31404924392700195,0.2665778398513794,11.021201848983765,0.17121416330337524,7.875,186.217614053
0.00017085937500000009,0.05970751494169235,0.7777778506278992,1784482402.6259217,1.860493540763855,40152,0.4370303153991699,1069,2.157954454421997,0.21230749785900116,0.08916869014501572,3.013434886932373,0.0,1.8333333730697632,,5.08873323649168,-0.018848422914743423,11.4187650680542,428.43,0.5642995834350586,-0.010272984235780314,0.2740809917449951,-0.7384559512138367,0.2347944676876068,0.6283003091812134,0.011077135801315308,0.37029820680618286,0.625,0.8850759267807007,0.020121827162802218,0.3581286370754242,0.7263895869255066,-0.012029347941279411,0.7671345472335815,0.29028844833374023,0.26355797052383423,10.956797361373901,0.1664707511663437,7.875,188.746809895
0.00017085937500000009,0.05957617610692978,0.7777778506278992,1784482405.1509407,1.8324320316314697,40549,0.42912134528160095,1070,2.1280786991119385,0.21468126773834229,0.08992936462163925,3.169712781906128,0.0,1.7083333730697632,,5.323089801669121,-0.01964978128671646,12.320841789245605,435.89,0.5646686553955078,-0.009032393159577623,0.2804581820964813,-0.7368712425231934,0.24003998935222626,0.626034677028656,0.011596737429499626,0.370513916015625,0.625,0.8962306976318359,0.02304354403167963,0.3574471175670624,0.7476929426193237,-0.011612444184720516,0.7662539482116699,0.29619455337524414,0.2620580196380615,10.894934034347534,0.17002706229686737,8.125,191.248966359
0.00017085937500000009,0.058844439685344696,0.7777778506278992,1784482407.6563706,1.8876851797103882,40925,0.42163464426994324,1071,2.1077873706817627,0.20800386369228363,0.08798515051603317,3.186245918273926,0.0416666679084301,1.5833333730697632,,5.591711601018906,-0.016918960958719254,12.207629203796387,444.48,0.5528781414031982,-0.009334070445038378,0.26614391803741455,-0.7185890078544617,0.2339847981929779,0.6025145053863525,0.011173397302627563,0.3722716271877289,0.4583333432674408,0.8844876289367676,0.023274717666208745,0.3567151129245758,0.7381471395492554,-0.01150206383317709,0.7634655833244324,0.29424142837524414,0.25707879662513733,10.837568950653075,0.1652039736509323,7.1666669845581055,193.791462168
0.00011390625000000006,0.058084867894649506,0.7777778506278992,1784482410.1935825,2.024223804473877,40341,0.4139346778392792,1072,2.1321394443511963,0.24243378639221191,0.10302998125553131,3.318392753601074,0.0,1.7916667461395264,,5.6068130861222745,-0.014126061461865902,12.657638549804688,438.47,0.5448362827301025,-0.009981410348700592,0.31311649084091187,-0.7006592750549316,0.23128896951675415,0.7271817922592163,0.011270265094935894,0.37155628204345703,0.7916666865348816,0.9814119338989258,0.022705172654241323,0.35629040002822876,0.8300840854644775,-0.010754179209470749,0.7618071436882019,0.3046550750732422,0.2527235746383667,10.788722944259643,0.16616451740264893,6.625,196.278961178
0.00011390625000000006,0.06134999543428421,0.7777778506278992,1784482412.6831086,1.791603446006775,41158,0.3702215850353241,1073,2.08944034576416,0.20353803038597107,0.08832209557294846,3.016625165939331,0.0,1.2916667461395264,,5.6722683504223825,-0.020339112728834152,11.474822044372559,440.01,0.5745745301246643,-0.007840234783361665,0.2624968886375427,-0.7321394681930542,0.24381709098815918,0.6148435473442078,0.01187205221503973,0.37068891525268555,0.625,0.8664056658744812,0.024917866010218857,0.3558984100818634,0.7187445163726807,-0.010587189346551895,0.7617992758750916,0.299008846282959,0.268189013004303,10.761245441436767,0.1752646267414093,7.2916669845581055,198.858878772
0.00017085937500000009,0.057551681995391846,0.7777778506278992,1784482415.2633884,1.9961836338043213,39643,0.4216180741786957,1074,2.1755261421203613,0.2167338728904724,0.0932987779378891,3.2392585277557373,0.0,1.625,,5.43552383184433,-0.02312949299812317,12.376666069030762,437.01,0.5437526702880859,-0.009970969136338681,0.2877296805381775,-0.704568088054657,0.23047028481960297,0.6850387454032898,0.011566142551600933,0.3699871003627777,0.6666666865348816,0.9400997161865234,0.022267574165016412,0.35528212785720825,0.8016246557235718,-0.011282660067081451,0.7602802515029907,0.3041508197784424,0.25547921657562256,10.708536434173585,0.16819095611572266,7.1666669845581055,201.291034103
0.00017085937500000009,0.06320037692785263,0.7777778506278992,1784482417.6920996,2.0847630500793457,42233,0.38103458285331726,1075,2.031106472015381,0.21547167003154755,0.09305166453123093,3.3688578605651855,0.0,1.5416667461395264,,6.0607916620373725,-0.01656610146164894,12.486895561218262,461.87,0.5716456174850464,-0.009240220056381077,0.28018802404403687,-0.7244105339050293,0.24117189645767212,0.6516798138618469,0.011941546574234962,0.3704163432121277,0.4166666865348816,0.9588251113891602,0.021588171273469924,0.35461312532424927,0.8086197376251221,-0.010165686719119549,0.7578421831130981,0.29654860496520996,0.26645293831825256,10.667228651046752,0.17498791217803955,6.958333492279053,203.871207332
0.00017085937500000009,0.06256785243749619,0.7777778506278992,1784482420.271471,1.8613195419311523,39569,0.40443313121795654,1076,2.178833484649658,0.2136751413345337,0.0920410007238388,3.2519099712371826,0.0,1.3333333730697632,,5.585979584120214,-0.017167992889881134,12.419974327087402,425.21,0.558343768119812,-0.010506105312379077,0.2696201205253601,-0.7105525732040405,0.2434540092945099,0.6390301585197449,0.01245032250881195,0.3709121644496918,0.625,0.9004690051078796,0.02269772356376052,0.3536660671234131,0.7732419371604919,-0.010676415637135506,0.7556173205375671,0.305478572845459,0.26014626026153564,10.590338087081909,0.17501914501190186,7.125,206.344445037
0.00017085937500000009,0.06156884878873825,0.7777778506278992,1784482422.7470472,1.946246862411499,41338,0.42577505111694336,1077,2.0854454040527344,0.2337140291929245,0.09923132508993149,3.283846855163574,0.0416666679084301,2.0416667461395264,,5.585523908734322,-0.016564762219786644,12.766016006469727,429.15,0.5473250150680542,-0.009013329813024029,0.298042893409729,-0.6901132464408875,0.23494315147399902,0.6533724665641785,0.012041062116622925,0.37026247382164,0.6666666865348816,0.9528343081474304,0.02405530186370015,0.35327765345573425,0.7937344312667847,-0.010372627526521683,0.7527205944061279,0.29259705543518066,0.2573060989379883,10.536412620544434,0.1713709831237793,7.333333492279053,208.828591603
0.00011390625000000006,0.05749031901359558,0.7777778506278992,1784482425.2312393,1.9913880825042725,41222,0.4204322099685669,1078,2.088953733444214,0.21002589166164398,0.09057669341564178,3.218137502670288,0.0,1.875,,6.00114051297307,-0.02007158100605011,12.251358032226562,449.16,0.5716580748558044,-0.009932409906105022,0.2701563835144043,-0.7201308608055115,0.24678730964660645,0.6576815247535706,0.012725377455353737,0.36913225054740906,0.5416666865348816,0.9065216779708862,0.022750888578593732,0.35266998410224915,0.7780818939208984,-0.010599680244922638,0.7510679960250854,0.2957615852355957,0.2696552574634552,10.496252536773682,0.17829501628875732,7.5416669845581055,211.396679375
0.00017085937500000009,0.060182712972164154,0.7777778506278992,1784482427.8009167,1.7618887424468994,39809,0.43140339851379395,1079,2.146306037902832,0.2094387710094452,0.08980842679738998,3.073836326599121,0.0,1.5833333730697632,,6.031195816099643,-0.015308961272239685,12.016073226928711,449.56,0.5732998251914978,-0.010151152848266065,0.2668651342391968,-0.7187141180038452,0.24591581523418427,0.6279990673065186,0.012865222059190273,0.3675243854522705,0.5833333730697632,0.8968501091003418,0.02321828780695796,0.35183510184288025,0.734320342540741,-0.010346733033657074,0.7491841316223145,0.3230423927307129,0.270266056060791,10.440043735504151,0.17905095219612122,7.4166669845581055,213.924709181
0.00017085937500000009,0.061582714319229126,0.7777778506278992,1784482430.3270733,1.8607652187347412,40535,0.43701276183128357,1080,2.139047384262085,0.22884735465049744,0.09568938612937927,3.139556884765625,0.0416666679084301,1.375,,6.288039454817772,-0.017698984593153,12.433874130249023,447.93,0.5697218179702759,-0.009548000933136791,0.29418545961380005,-0.7086341381072998,0.24917761981487274,0.705849826335907,0.013044474646449089,0.36875009536743164,0.75,0.9159385561943054,0.022478641010820866,0.3509952127933502,0.7976183891296387,-0.010096493177115917,0.7480313181877136,0.28609204292297363,0.2690572440624237,10.360037326812744,0.18405704200267792,6.583333492279053,216.486055446
0.00011390625000000006,0.059675365686416626,0.7777778506278992,1784482432.9005604,1.881589651107788,39935,0.4588247239589691,1081,2.1408214569091797,0.23950910568237305,0.09383946657180786,3.1978023052215576,0.0,1.8333333730697632,,5.714822098612785,-0.01875011995434761,12.43183708190918,427.0,0.5574343204498291,-0.01143759594997391,0.2945186495780945,-0.7000418901443481,0.2436767816543579,0.6970855593681335,0.012946206144988537,0.36990875005722046,0.5833333730697632,0.9578366279602051,0.02363246576860547,0.35030654072761536,0.7939121127128601,-0.011046248488128185,0.7468345165252686,0.3207433223724365,0.2615518569946289,10.298136043548585,0.17871946096420288,6.2916669845581055,219.60799824
0.00017085937500000009,0.061142321676015854,0.7777778506278992,1784482436.086757,1.9750440120697021,32687,0.4002283811569214,1082,2.7108757495880127,0.22156810760498047,0.09189528226852417,3.2540788650512695,0.0,1.9166667461395264,"{'path': 'media/videos/video_1082_488dcf81146fc76a506c.mp4', 'size': 1510938.0, '_type': 'video-file', 'sha256': '488dcf81146fc76a506c002f9e50b426157f6b1eae8f1271409799f91e8060c8'}",6.112534648776054,-0.017732907086610794,12.394149780273438,446.05,0.5503789186477661,-0.009505360367802496,0.2811487913131714,-0.6866313815116882,0.24171344935894012,0.640425443649292,0.012899800203740597,0.37159308791160583,0.5416666865348816,0.9264804720878601,0.02369396258145571,0.3496084213256836,0.7663087844848633,-0.01144303660839796,0.7458529472351074,0.29648852348327637,0.259915292263031,10.245267152786255,0.17850038409233093,7.875,222.113169896
0.00017085937500000009,0.05566941946744919,0.7777778506278992,1784482438.5166342,2.1573781967163086,41996,0.41165420413017273,1083,2.044121742248535,0.24009393155574799,0.10206340253353119,3.5445165634155273,0.0416666679084301,1.9166667461395264,,5.404533754363656,-0.015127940103411674,13.016992568969727,403.32,0.5365015268325806,-0.01003924491815269,0.30913621187210083,-0.6724869608879089,0.23474256694316864,0.7433071136474609,0.012362982146441936,0.3732888698577881,0.75,0.9991215467453003,0.02534023253247142,0.34890562295913696,0.8860611915588379,-0.011092349886894226,0.7450952529907227,0.29666733741760254,0.2542210519313812,10.181439304351807,0.17168959975242615,7.708333492279053,224.467184725
0.00017085937500000009,0.05831227824091911,0.7777778506278992,1784482440.8700027,1.8368926048278809,43590,0.44249290227890015,1084,1.9578220844268799,0.2005928009748459,0.08820842206478119,3.005762815475464,0.0,1.625,,6.5124910572171215,-0.020286690443754196,11.806842803955078,460.34,0.5717722177505493,-0.009346375678433105,0.26421496272087097,-0.7069499492645264,0.2512374520301819,0.6497704386711121,0.01373591460287571,0.37161898612976074,0.625,0.8665812015533447,0.02375536747276783,0.34835538268089294,0.7390217185020447,-0.010954467579722404,0.7446850538253784,0.2973289489746094,0.2709815800189972,10.136565208435059,0.1858614683151245,8.666666984558105,227.062008186
0.00011390625000000006,0.05760630965232849,0.7777778506278992,1784482443.4779396,2.047455072402954,39413,0.4044259488582611,1085,2.18738055229187,0.2673780918121338,0.10644432157278061,3.2949700355529785,0.125,1.4166667461395264,,6.162466520667076,-0.017974093556404114,12.201823234558105,430.93,0.5282682776451111,-0.009586851944914088,0.32158932089805603,-0.6584223508834839,0.2331724613904953,0.7141505479812622,0.012932581827044487,0.373210072517395,0.7916666865348816,0.9547922611236572,0.024726777244359253,0.34786710143089294,0.8329075574874878,-0.011151778511703014,0.7434347867965698,0.30676984786987305,0.251017689704895,10.087074184417725,0.17106276750564575,6.875,229.510814009
0.00017085937500000009,0.05723881721496582,0.7777778506278992,1784482445.9124372,1.7330901622772217,42075,0.46302956342697144,1086,2.0280537605285645,0.22447971999645233,0.09580987691879272,2.9574830532073975,0.0833333358168602,1.7916667461395264,,6.363959773033858,-0.015217280015349388,11.362228393554688,449.71,0.5606175661087036,-0.009704660158604383,0.2859724462032318,-0.6932902336120605,0.2450346052646637,0.6331787109375,0.01360153965651989,0.37608546018600464,0.5,0.8652515411376953,0.025620578601956368,0.34730851650238037,0.7330452799797058,-0.011368054896593094,0.7437240481376648,0.30831289291381836,0.2679138779640198,10.052070760726929,0.1832321733236313,7.833333492279053,232.100920652
0.00017085937500000009,0.05850811302661896,0.7777778506278992,1784482448.508105,2.100433826446533,39448,0.43955397605895996,1087,2.1747891902923584,0.26437443494796753,0.10838767141103745,3.5266828536987305,0.0416666679084301,2.0416667461395264,,5.9591513568162915,-0.019544009119272232,13.197733879089355,418.51,0.5304076671600342,-0.009186481056758566,0.330413818359375,-0.6600165963172913,0.2328457087278366,0.7757615447044373,0.013279492035508156,0.3783866763114929,0.7083333730697632,1.0204910039901733,0.02441495405510068,0.34656983613967896,0.8997138738632202,-0.012186860665678978,0.7435600161552429,0.3171885013580322,0.2509952187538147,9.987205648422242,0.17584000527858734,6.833333492279053,234.536842654
0.00017085937500000009,0.05493038892745972,0.7777778506278992,1784482450.9478118,1.8983063697814941,42174,0.39615678787231445,1088,2.0416135787963867,0.2229955643415451,0.0985952764749527,3.2774715423583984,0.0,1.7916667461395264,,6.010739441215992,-0.019136030226945877,12.78480339050293,428.62,0.5476901531219482,-0.009001468048882088,0.296786904335022,-0.6722649931907654,0.2388814091682434,0.6968628764152527,0.01377162616699934,0.37651216983795166,0.7083333730697632,0.9624816179275513,0.023651741351932286,0.3462393879890442,0.8009510040283203,-0.010235100984573364,0.745988130569458,0.2892754077911377,0.260709285736084,9.946404314041137,0.17963723838329315,6.5416669845581055,237.107216141
0.00011390625000000006,0.06429879367351532,0.7777778506278992,1784482453.521822,1.7358354330062866,39909,0.41501307487487793,1089,2.1491317749023438,0.16665445268154144,0.08201677352190018,2.992631673812866,0.0416666679084301,1.5,,6.615717878937721,-0.018893219530582428,11.804412841796875,450.16,0.5837304592132568,-0.00843950111011509,0.24370935559272766,-0.7093254923820496,0.2601093351840973,0.6359841823577881,0.015179015696048737,0.3774353265762329,0.5,0.8303381204605103,0.024822212103754283,0.3458445370197296,0.7368171215057373,-0.009510891512036324,0.7444484233856201,0.3140711784362793,0.28038936853408813,9.913925695419312,0.1961899846792221,7.625,239.702179414
0.00017085937500000009,0.061589717864990234,0.7777778506278992,1784482456.119727,1.8055665493011475,39667,0.39544054865837097,1090,2.1598119735717773,0.18456053733825684,0.08403237164020538,2.98350191116333,0.0,1.2916667461395264,,6.677570317983627,-0.01888279616832733,11.623927116394043,472.6,0.5774755477905273,-0.009907315527379978,0.2558619976043701,-0.7126327753067017,0.25806039571762085,0.5860034227371216,0.014863645657896996,0.3762377202510834,0.3333333432674408,0.861689031124115,0.022892914805561305,0.3453892767429352,0.6829441785812378,-0.012240804731845856,0.7442445755004883,0.3183903694152832,0.2773980498313904,9.879904508590698,0.19367681443691254,8.291666984558105,242.382870753
0.00017085937500000009,0.06140100955963135,0.7777778506278992,1784482458.7924454,2.1248276233673096,38367,0.39139723777770996,1091,2.2486696243286133,0.19175118207931519,0.08807351440191269,3.189706802368164,0.0,1.4583333730697632,,6.482600847929716,-0.018669914454221725,12.699580192565918,434.19,0.5698927640914917,-0.010301989257277456,0.2667326331138611,-0.6890320777893066,0.25922298431396484,0.7182096242904663,0.01519199088215828,0.37495407462120056,0.5,0.9112074375152588,0.025561539456248283,0.3449394702911377,0.8049291372299194,-0.010695410892367363,0.7439538240432739,0.3134770393371582,0.27311402559280396,9.838736867904663,0.19444231688976288,7.375,244.892076469
0.00011390625000000006,0.05881977081298828,0.7777778506278992,1784482461.2966366,1.8623075485229492,40917,0.453218549489975,1092,2.0908117294311523,0.20185498893260956,0.0941169410943985,3.1884613037109375,0.0,1.625,,6.5047189438343045,-0.01953853666782379,12.460795402526855,450.7,0.559467077255249,-0.010219332337146624,0.2744120657444,-0.685478687286377,0.25087589025497437,0.6539459228515625,0.014576902613043785,0.3755565583705902,0.5416666865348816,0.9177809953689575,0.02525854567065835,0.3444303274154663,0.7961186766624451,-0.011454032734036446,0.7424303889274597,0.31168389320373535,0.27103757858276367,9.79858832359314,0.19010405242443085,7.5416669845581055,247.533262044
0.00017085937500000009,0.05646010488271713,0.7777778506278992,1784482463.9411013,1.8812974691390991,38716,0.3895237147808075,1093,2.231703758239746,0.22789451479911804,0.1010093092918396,3.160737991333008,0.0,1.5,,6.088553210496903,-0.01993701420724392,12.133288383483887,417.45,0.5499894022941589,-0.009395754940487677,0.2934825122356415,-0.6707180738449097,0.2454777956008911,0.6867834329605103,0.014461187645792961,0.37618374824523926,0.8333333730697632,0.9001201391220093,0.02461382942274213,0.3439452648162842,0.7781068682670593,-0.010843705385923386,0.7417265772819519,0.30736684799194336,0.2646995782852173,9.757091236114501,0.1871705949306488,6.708333492279053,249.906282137
0.00017085937500000009,0.06084778159856796,0.7777778506278992,1784482466.2994828,1.943588137626648,43387,0.42966169118881226,1094,1.9824748039245605,0.2436334788799286,0.10047310590744019,3.2568442821502686,0.0,2.0833334922790527,,6.403657451272011,-0.020162317901849747,12.67950439453125,425.46,0.5527656674385071,-0.009519654943142086,0.3047322630882263,-0.6684713363647461,0.2491239309310913,0.678137481212616,0.014914213679730892,0.3776077926158905,0.6666666865348816,0.9630386829376221,0.02554432051256299,0.3433355987071991,0.7994723320007324,-0.011391624808311462,0.7413276433944702,0.2832305431365967,0.26713794469833374,9.713334798812866,0.19137510657310486,7.375,252.290860837
0.00017085937500000009,0.05584489554166794,0.7777778506278992,1784482468.7004476,1.7802671194076538,42796,0.4375090003013611,1095,2.011399507522583,0.20627163350582123,0.08864735811948776,3.0542173385620117,0.0416666679084301,1.5833333730697632,,6.473025381267071,-0.019230639562010765,11.799158096313477,425.72,0.5546008944511414,-0.009834914520615712,0.2638796865940094,-0.6657108664512634,0.24643366038799286,0.650406539440155,0.014582833275198936,0.3772338330745697,0.4583333432674408,0.8750358819961548,0.02426265710964799,0.34260094165802,0.7579025030136108,-0.010015166364610195,0.7406598925590515,0.2855968475341797,0.26780542731285095,9.649766397476196,0.19121913611888885,6.9166669845581055,254.887183783
0.00011390625000000006,0.05683651566505432,0.7777778506278992,1784482471.2974856,1.9384286403656006,39503,0.399085134267807,1096,2.182554006576538,0.2316327542066574,0.0947246253490448,3.107059955596924,0.0416666679084301,1.2916667461395264,,6.464348266273737,-0.02059093303978443,11.991178512573242,435.36,0.5697201490402222,-0.009625408386636992,0.29382210969924927,-0.6848239302635193,0.25582611560821533,0.6581684947013855,0.015541221015155315,0.3777651786804199,0.5416666865348816,0.9210206866264343,0.026070344913750886,0.34221723675727844,0.7624446749687195,-0.011293127201497555,0.7393257021903992,0.3059518337249756,0.276654452085495,9.600772523880005,0.1998938024044037,6.833333492279053,257.32714721
0.00017085937500000009,0.05955091118812561,0.7777778506278992,1784482473.7354667,1.7577316761016846,42150,0.4529189467430115,1097,2.036916732788086,0.21736788749694824,0.09427845478057861,3.0838985443115234,0.0,1.25,,6.4444955264031885,-0.021969497203826904,12.103156089782715,424.45,0.563637912273407,-0.009484315454028548,0.28367817401885986,-0.6797401905059814,0.25764721632003784,0.6359890103340149,0.01571303978562355,0.37913721799850464,0.7916666865348816,0.896135687828064,0.02619329784065485,0.34193772077560425,0.735984742641449,-0.011776848696172237,0.7379295825958252,0.29531288146972656,0.27466851472854614,9.576901197433472,0.19569778442382812,7.375,259.930894338
0.00011390625000000006,0.05989675968885422,0.7777778506278992,1784482476.3376698,1.8467111587524414,39355,0.38831886649131775,1098,2.1908881664276123,0.2152452915906906,0.09234070777893066,3.1939425468444824,0.0,1.8333333730697632,,6.3942062958329915,-0.021456778049468994,12.227201461791992,434.19,0.557981014251709,-0.008664594474248588,0.2753487527370453,-0.6687431335449219,0.2576228380203247,0.6559044122695923,0.015833992511034012,0.3802427649497986,0.6666666865348816,0.8899620771408081,0.025600409600883722,0.3415829837322235,0.7776753306388855,-0.012114321812987328,0.7373608946800232,0.3069286346435547,0.27153605222702026,9.540939235687256,0.1995178461074829,7.625,262.36466586
0.00011390625000000006,0.06218665838241577,0.7777778506278992,1784482478.7712054,1.9813296794891357,42173,0.4424235224723816,1099,2.0303382873535156,0.19867631793022156,0.08902537822723389,3.0625100135803223,0.0416666679084301,1.3333333730697632,,6.531346060633659,-0.014452185481786728,11.6502685546875,424.1,0.5592048168182373,-0.008532679633935914,0.2645561993122101,-0.6650676131248474,0.25633516907691956,0.6209394931793213,0.015900379046797752,0.3803348243236542,0.6666666865348816,0.8927690386772156,0.02557142497971654,0.3410668671131134,0.7384628653526306,-0.011225378140807152,0.73562091588974,0.30059218406677246,0.2726897895336151,9.510645723342895,0.19872409105300903,7.125,264.969428378
0.00011390625000000006,0.05651184171438217,0.7777778506278992,1784482481.3818467,1.9294060468673706,39293,0.4474906921386719,1100,2.185702085494995,0.2261054962873459,0.0985633134841919,3.259007215499878,0.0,2.0,,6.7243209120631215,-0.01815797947347164,12.599681854248047,428.64,0.5405358076095581,-0.00850829317150783,0.29181456565856934,-0.6434091329574585,0.24714434146881104,0.6660169363021851,0.015280100516974926,0.38019347190856934,0.75,0.9290067553520203,0.02496529445052147,0.3403090536594391,0.795057475566864,-0.010685533285140991,0.7347022294998169,0.31609201431274414,0.2637394368648529,9.450574827194213,0.19121596217155457,7.583333492279053,267.388720836
0.00011390625000000006,0.0653800368309021,0.7777778506278992,1784482483.7944562,1.7746680974960327,42544,0.3970472812652588,1101,2.024218797683716,0.1875845044851303,0.0814298465847969,2.9535892009735107,0.0,1.4583333730697632,,6.880954585969448,-0.022959809750318527,11.248510360717773,450.88,0.5789023637771606,-0.008853675099089742,0.24674533307552338,-0.6912233233451843,0.2656105160713196,0.5486277937889099,0.016374535858631134,0.3788684010505676,0.4583333432674408,0.8350566625595093,0.023577590379863976,0.3395693898200989,0.6655371189117432,-0.011162210255861282,0.7339299917221069,0.2864041328430176,0.2829931378364563,9.379327058792114,0.2103039026260376,7.25,269.767136283
0.00017085937500000009,0.05970054864883423,0.7777778506278992,1784482486.1734736,1.818375587463379,43188,0.43646401166915894,1102,1.9905619621276855,0.19348464906215668,0.0857008546590805,2.991494655609131,0.0,1.3333333730697632,,7.394560428261757,-0.019934281706809998,11.627998352050781,458.07,0.5768601298332214,-0.01014147758251056,0.25109565258026123,-0.6804822683334351,0.2665999233722687,0.6163420081138611,0.01690945029258728,0.3799476623535156,0.5416666865348816,0.823943018913269,0.024475745297968386,0.33905482292175293,0.6986558437347412,-0.011291193775832653,0.7327749133110046,0.28562068939208984,0.28254222869873047,9.332960605621338,0.20773139595985413,6.5,272.969036061
0.00011390625000000006,0.06405404955148697,0.7777778506278992,1784482489.4481027,1.846313238143921,31731,0.3907293677330017,1103,2.7999839782714844,0.18445640802383423,0.08574797958135605,2.9744536876678467,0.0,1.5833333730697632,"{'path': 'media/videos/video_1103_e5854592f2c9dd48a5a4.mp4', 'size': 1325778.0, '_type': 'video-file', 'sha256': 'e5854592f2c9dd48a5a461afb950126cbff6f0b53c8bfdc670e3c896f94e3f87'}",7.258960519731045,-0.016608810052275658,11.84124755859375,453.93,0.5744479894638062,-0.00872979885316454,0.25822144746780396,-0.6793235540390015,0.26565438508987427,0.6228291988372803,0.016923684626817703,0.3807827830314636,0.375,0.8300966620445251,0.02191746886819601,0.33856263756752014,0.7232493162155151,-0.01113361120223999,0.7312561869621277,0.29802536964416504,0.2827311158180237,9.281888008117676,0.20875725150108337,8.125,275.511179741
0.00011390625000000006,0.06323264539241791,0.7777778506278992,1784482491.9113915,1.69833505153656,41386,0.42590126395225525,1104,2.072672128677368,0.1875026524066925,0.08355042338371277,2.8822202682495117,0.0416666679084301,0.9166666865348816,,7.207333427667618,-0.022180674597620964,11.136561393737793,459.22,0.5876947641372681,-0.008650991934700869,0.24677209556102753,-0.6933714747428894,0.2697807848453522,0.5882301330566406,0.017058266326785088,0.3798411786556244,0.7083333730697632,0.8079580068588257,0.02469619605690241,0.3381844758987427,0.6800119876861572,-0.012353276833891869,0.7316528558731079,0.30260181427001953,0.28752851486206055,9.248082590103149,0.21393857896327972,7.9166669845581055,278.09438367
7.593750000000004e-05,0.06090962514281273,0.7777778506278992,1784482494.4964201,1.8491014242172241,39526,0.45455464720726013,1105,2.177719831466675,0.2268301546573639,0.09372386336326599,3.1838278770446777,0.0,1.7083333730697632,,6.905067351460457,-0.01788417622447014,12.473475456237793,438.86,0.5672494173049927,-0.007993297618668294,0.28954705595970154,-0.6650139093399048,0.26182520389556885,0.6989218592643738,0.0168339591473341,0.3807554244995117,0.6666666865348816,0.931196391582489,0.025177319906651972,0.3377280533313751,0.7984318137168884,-0.01087092887610197,0.7300819158554077,0.30931663513183594,0.2803519368171692,9.207594442367554,0.20683620870113373,8.25,280.514179926
0.00011390625000000003,0.06420121341943741,0.7777778506278992,1784482496.9218655,2.0888824462890625,42341,0.3931064009666443,1106,2.0360944271087646,0.23572275042533875,0.09963394701480865,3.481689929962158,0.0,1.5833333730697632,,7.13040789604187,-0.017796717584133148,12.989662170410156,451.04,0.5633732080459595,-0.009114456339739263,0.3030211925506592,-0.663780927658081,0.2642204463481903,0.7109770774841309,0.01703554391860962,0.38082069158554077,0.7083333730697632,1.0067487955093384,0.02674211896955967,0.33706510066986084,0.8575918078422546,-0.012306160293519497,0.729364275932312,0.28557562828063965,0.2753925025463104,9.154226875305175,0.20704948902130127,6.833333492279053,283.132502734
0.00011390625000000006,0.05809039995074272,0.7777778506278992,1784482499.5353227,1.8790688514709473,39124,0.4698309302330017,1107,2.2034475803375244,0.21042953431606293,0.09403639286756516,3.0542304515838623,0.0416666679084301,1.75,,6.977882726192474,-0.021610071882605553,11.937665939331055,439.75,0.5689377188682556,-0.008746516244718805,0.28149643540382385,-0.6663882732391357,0.2630403935909271,0.6476401686668396,0.0170378889888525,0.3829442858695984,0.7916666865348816,0.8955926299095154,0.023719374742358922,0.33664509654045105,0.7607256174087524,-0.011706311255693436,0.7273914217948914,0.3091440200805664,0.2801285982131958,9.111631774902344,0.2061268538236618,7.7916669845581055,285.538011899
0.00011390625000000006,0.058249346911907196,0.7777778506278992,1784482501.937852,2.1227974891662598,42647,0.40842995047569275,1108,2.010618209838867,0.23879602551460266,0.10087932646274567,3.349364995956421,0.0,2.375,,6.64709126919508,-0.018197637051343918,12.836989402770996,404.22,0.5256071090698242,-0.009343414881732315,0.3099222779273987,-0.6152327060699463,0.24419307708740234,0.7362899780273438,0.015942005440592766,0.3838554322719574,0.4166666865348816,0.9655028581619263,0.02577015748247504,0.3359735310077667,0.8578579425811768,-0.010876129381358624,0.7271923422813416,0.29441094398498535,0.25838562846183777,9.056252002716064,0.19304585456848145,7.0416669845581055,288.100620316
0.00017085937500000009,0.06188906729221344,0.7777778506278992,1784482504.5170453,1.9458755254745483,39858,0.4126681685447693,1109,2.149811267852783,0.2224031686782837,0.09897919744253159,3.282059669494629,0.0,2.0416667461395264,,7.035470990538597,-0.015672240406274796,13.039749145507812,436.77,0.5482757091522217,-0.009388001897605136,0.2962226867675781,-0.6379873752593994,0.2567597031593323,0.6930410265922546,0.016885187476873398,0.3840177655220032,0.5416666865348816,0.9315458536148071,0.02587150726467371,0.335703045129776,0.8124341368675232,-0.010953381657600403,0.7264022827148438,0.3164963722229004,0.27100467681884766,9.01873984336853,0.20504194498062134,7.375,290.595470383
0.00011390625000000006,0.0570279024541378,0.7777778506278992,1784482506.999211,1.9319782257080078,41282,0.4137095808982849,1110,2.08829927444458,0.2300262749195099,0.09725131839513779,3.320847272872925,0.0833333358168602,1.75,,6.715267055630684,-0.021906297653913498,12.847272872924805,420.15,0.5511153936386108,-0.009128860787313897,0.2943803668022156,-0.647555947303772,0.2565745711326599,0.7015106081962585,0.016975045204162598,0.3837432861328125,0.5416666865348816,0.9517962336540222,0.02538412194699049,0.33527588844299316,0.820684552192688,-0.012163247913122177,0.7253732681274414,0.2929501533508301,0.2719111442565918,8.984076118469238,0.20172500610351562,6.875,292.977569397
0.00011390625000000006,0.06304370611906052,0.7777778506278992,1784482509.3853683,1.6239399909973145,43058,0.4197562634944916,1111,1.983820915222168,0.16551870107650757,0.08301901817321777,2.893897533416748,0.0,1.2916667461395264,,7.61232936412096,-0.024755652993917465,11.666290283203125,459.65,0.586759090423584,-0.008898726105690003,0.23999850451946259,-0.6724824905395508,0.27464190125465393,0.59730064868927,0.018165085464715958,0.38311967253685,0.5833333730697632,0.8274941444396973,0.026652483083307744,0.33490341901779175,0.6874257922172546,-0.009426664561033249,0.7241578102111816,0.29921531677246094,0.29043048620224,8.949604749679565,0.21782982349395752,8.041666984558105,295.621141649
0.00011390625000000006,0.062181293964385986,0.7777778506278992,1784482512.0330698,1.9984064102172852,38735,0.42156192660331726,1112,2.2316794395446777,0.21155154705047607,0.09279417246580124,3.199270009994507,0.0416666679084301,1.8333333730697632,,7.734168961644173,-0.015900881960988045,12.442767143249512,444.83,0.5549071431159973,-0.008052187704015524,0.27867037057876587,-0.6396557092666626,0.25874412059783936,0.6826478838920593,0.017381995916366577,0.3838160037994385,0.5833333730697632,0.9075600504875183,0.02435777969658375,0.33462417125701904,0.8194133639335632,-0.011139090172946453,0.7229639887809753,0.3061792850494385,0.275006502866745,8.923911714553833,0.20716148614883423,7.375,298.238414848
0.00017085937500000009,0.05918629467487335,0.7777778506278992,1784482514.657944,1.8739855289459229,39240,0.39210790395736694,1113,2.1773314476013184,0.19417992234230042,0.0895545706152916,3.1748712062835693,0.0,1.5,,7.250658112317324,-0.01822318509221077,12.645758628845215,438.53,0.5633031725883484,-0.009712462594325188,0.26860272884368896,-0.6498948931694031,0.26196908950805664,0.6531962156295776,0.01783153787255287,0.38492733240127563,0.5,0.8747510313987732,0.029808449745178222,0.3344382643699646,0.7723478078842163,-0.010797145776450634,0.7208434343338013,0.32782840728759766,0.277290403842926,8.901058435440063,0.2104012370109558,6.7916669845581055,300.862079183
0.00011390625000000006,0.061634376645088196,0.7777778506278992,1784482517.2655778,1.8518565893173218,39231,0.4024776816368103,1114,2.2069008350372314,0.21741776168346405,0.09534712880849838,3.106769561767578,0.0,1.9583333730697632,,7.087162699066102,-0.02159554325044155,11.771796226501465,431.81,0.5667396783828735,-0.008836989803239704,0.27902376651763916,-0.6594959497451782,0.26588547229766846,0.6373710632324219,0.01793205365538597,0.38473087549209595,0.6666666865348816,0.9068555235862732,0.028162798192352057,0.33408674597740173,0.7480863928794861,-0.011526061221957207,0.7197224497795105,0.29883408546447754,0.27969133853912354,8.876801443099975,0.2129097878932953,7.333333492279053,303.31434373
0.00017085937500000009,0.06081962585449219,0.7777778506278992,1784482519.7173426,1.8186004161834717,41740,0.44022566080093384,1115,2.060296058654785,0.20163987576961517,0.0901823490858078,3.076974391937256,0.0,1.6666667461395264,,7.234488849937915,-0.01711946539580822,12.106810569763184,428.37,0.568323016166687,-0.00999258465017192,0.26872795820236206,-0.6574558019638062,0.2653219699859619,0.6284463405609131,0.018138859421014786,0.38488954305648804,0.5416666865348816,0.8947398066520691,0.025580215733498335,0.3335168659687042,0.7383512854576111,-0.011817782185971737,0.7193540334701538,0.2948338985443115,0.2825564742088318,8.833834362030029,0.21060244739055634,7.6666669845581055,305.914572808
7.593750000000004e-05,0.06236409768462181,0.7777778506278992,1784482522.3198106,1.8018882274627686,39320,0.41581642627716064,1116,2.1891865730285645,0.19592279195785522,0.08795386552810669,3.0993666648864746,0.0,1.5833333730697632,,7.337113184332847,-0.017805226147174835,12.46430778503418,430.0,0.5696660280227661,-0.009062647086102516,0.26932236552238464,-0.6478475332260132,0.2697772979736328,0.7028934359550476,0.018277693539857864,0.38219308853149414,0.25,0.9373361468315125,0.025017349887639283,0.3330051004886627,0.8070245981216431,-0.009839433245360851,0.7193028926849365,0.31085824966430664,0.2826729416847229,8.788888788223266,0.21466682851314545,6.458333492279053,308.375102694
0.00011390625000000003,0.06075378879904747,0.7777777910232544,1784482524.78374,1.8031102418899536,41656,0.3724079132080078,1117,2.071378707885742,0.21371987462043762,0.09368212521076202,3.061293363571167,0.0,1.6956522464752197,,7.334381370469928,-0.017664244398474693,12.021272659301758,438.59,0.5738736987113953,-0.008650435934396229,0.27150601148605347,-0.6586312651634216,0.2701495289802551,0.5983656048774719,0.018530990928411484,0.3802686929702759,0.739130437374115,0.8776655197143555,0.0256181332282722,0.33285126090049744,0.7115883231163025,-0.011150242760777473,0.7192915081977844,0.28850293159484863,0.2839905619621277,8.760758399963379,0.21879850327968597,7.217391490936279,310.959185652
0.00011390625000000006,0.06164045259356499,0.7777778506278992,1784482527.3666577,1.972104787826538,39690,0.3875231146812439,1118,2.1666014194488525,0.21714846789836884,0.09573638439178467,3.305349349975586,0.0,2.0833334922790527,,7.288052786588668,-0.019794106483459473,12.744579315185547,430.67,0.5499876737594604,-0.008484496288292575,0.2894984483718872,-0.6289423108100891,0.2588103413581848,0.7270869016647339,0.017988258972764015,0.3789474666118622,0.5416666865348816,0.9449140429496765,0.02593205450102687,0.33274057507514954,0.8471246957778931,-0.010379436425864697,0.7186049818992615,0.3101317882537842,0.2727636992931366,8.749801015853881,0.2098652571439743,6.958333492279053,313.408521591
0.00011390625000000006,0.06384369730949402,0.7777778506278992,1784482529.8087988,1.741194486618042,41890,0.3674567639827728,1119,2.0524144172668457,0.19664011895656586,0.08893822133541107,2.9326181411743164,0.0,1.3333333730697632,,8.047482556328177,-0.01770399883389473,11.41037654876709,458.59,0.5725193023681641,-0.008605844160774723,0.25585228204727173,-0.6554568409919739,0.27284473180770874,0.6248854398727417,0.019001150503754616,0.3782464861869812,0.6666666865348816,0.8363103866577148,0.028520052041858434,0.3322853744029999,0.725532054901123,-0.010385802015662193,0.7175049781799316,0.2942478656768799,0.28585729002952576,8.7186279296875,0.21844229102134705,7.75,316.032487559
0.00017085937500000009,0.06077256426215172,0.7777778506278992,1784482532.440447,2.027466297149658,38918,0.4138016104698181,1120,2.211332321166992,0.2369432896375656,0.09974701702594757,3.3914222717285156,0.0416666679084301,2.0,,6.911309719085693,-0.023540301248431206,12.821066856384277,416.19,0.5437222719192505,-0.009582922887057066,0.2875399589538574,-0.6182318329811096,0.25739461183547974,0.7058960795402527,0.017900904640555382,0.37758469581604004,0.6666666865348816,0.9180488586425781,0.028193005360662937,0.33166176080703735,0.8400592803955078,-0.010683211497962475,0.7166163325309753,0.3145415782928467,0.2701474726200104,8.6747061252594,0.20836028456687927,6.5,318.458731974
0.00017085937500000009,0.06395062804222107,0.7777778506278992,1784482534.8530493,1.8315362930297852,42405,0.37879014015197754,1121,2.0346906185150146,0.2352648228406906,0.1017335057258606,3.220343589782715,0.0,2.0833334922790527,,8.016453847885131,-0.019783399999141693,12.646150588989258,449.52,0.5641381740570068,-0.008870322084112559,0.2972320020198822,-0.6355169415473938,0.27021488547325134,0.7357120513916016,0.019073553383350372,0.37759995460510254,0.9583333730697632,0.9492473602294922,0.02614544043317437,0.3309953212738037,0.8350696563720703,-0.01096007414162159,0.7142537832260132,0.28349876403808594,0.28112897276878357,8.615669107437133,0.21867024898529053,8.541666984558105,320.851514114
0.00017085937500000009,0.0625828430056572,0.7777778506278992,1784482537.258961,1.9838694334030151,42690,0.36129748821258545,1122,2.012540340423584,0.2194610834121704,0.10110849142074585,3.305962324142456,0.0,2.2083334922790527,,7.493761363178492,-0.020469997078180313,12.891277313232422,433.88,0.5618564486503601,-0.009612777648726478,0.2905430793762207,-0.6341032385826111,0.26642999053001404,0.7261261343955994,0.018895205110311508,0.3768620491027832,0.5,0.9217629432678223,0.027209742460399866,0.33055049180984497,0.846533477306366,-0.010838608257472515,0.7127906680107117,0.29018568992614746,0.2800332307815552,8.565292453765869,0.21871475875377655,6.708333492279053,324.041250438
0.00011390625000000006,0.05963727831840515,0.7777778506278992,1784482540.5265229,1.8503707647323608,31861,0.37408632040023804,1123,2.762707471847534,0.21303096413612366,0.09342145919799805,3.1245384216308594,0.0,1.6666667461395264,"{'path': 'media/videos/video_1123_deb88de1383be5401e1c.mp4', 'size': 1656156.0, '_type': 'video-file', 'sha256': 'deb88de1383be5401e1c7d0aad5642888ffea588554b762da1e43eb8fe3cb277'}",7.526626733243465,-0.015012543648481369,12.20942211151123,430.83,0.5522711873054504,-0.00785686679300852,0.27434858679771423,-0.6237965822219849,0.2626328468322754,0.6777867078781128,0.018488837406039238,0.3762597441673279,0.5833333730697632,0.9126243591308594,0.027724530920386313,0.3302628993988037,0.7872714996337891,-0.010711285285651684,0.7110645174980164,0.3226313591003418,0.2747986912727356,8.533236265182495,0.21009692549705505,6.875,326.486658843
0.00011390625000000006,0.062119610607624054,0.7777778506278992,1784482542.890479,1.7687687873840332,43250,0.40747666358947754,1124,1.97743821144104,0.19187794625759125,0.08937489986419678,3.050015926361084,0.0,1.7916667461395264,,7.812087626680732,-0.018876563757658005,11.923701286315918,446.35,0.5689272880554199,-0.009683288063388317,0.262469619512558,-0.6377736926078796,0.2724180817604065,0.6467635631561279,0.019578371196985245,0.3799140453338623,0.6666666865348816,0.8597990870475769,0.02648639464750886,0.3299257755279541,0.7527193427085876,-0.010418986901640892,0.7085577249526978,0.29544878005981445,0.2843405604362488,8.50053391456604,0.22235356271266937,8.0,329.117428118
0.00017085937500000009,0.06111810356378555,0.7777778506278992,1784482545.531068,1.8107185363769531,38844,0.3635314404964447,1125,2.223604202270508,0.20864813029766083,0.09608139842748642,3.1399054527282715,0.0833333358168602,1.625,,7.25014819085598,-0.01718520186841488,12.337569236755371,419.02,0.5598878860473633,-0.008716700330842287,0.27602896094322205,-0.6295122504234314,0.26836609840393066,0.6622779369354248,0.019041772931814194,0.379220187664032,0.5,0.9094170331954956,0.028285727277398108,0.32962438464164734,0.7760485410690308,-0.010627113282680511,0.7076565027236938,0.3071095943450928,0.27902817726135254,8.470747709274292,0.218826025724411,7.0,331.578704147
0.00011390625000000006,0.061851732432842255,0.7777778506278992,1784482547.9754946,1.7294429540634155,41859,0.393531858921051,1126,2.05428147315979,0.18282513320446014,0.08567671477794647,3.0044867992401123,0.0,2.0416667461395264,,7.724471927583218,-0.01645321398973465,11.890360832214355,437.86,0.5681663751602173,-0.009244852291885763,0.2511152923107147,-0.634392261505127,0.27500733733177185,0.6509130597114563,0.019742051139473915,0.3789026141166687,0.5833333730697632,0.8621830940246582,0.025714386161416768,0.3292817771434784,0.7508566379547119,-0.010172184556722641,0.7053887248039246,0.29415011405944824,0.2839169502258301,8.438655757904053,0.22531327605247498,8.375,333.954303956
0.00017085937500000009,0.060284048318862915,0.7777778506278992,1784482550.362611,1.7623710632324219,43051,0.4325820207595825,1127,1.9894764423370361,0.22743026912212372,0.0979379266500473,3.0252206325531006,0.0,1.5416667461395264,,7.420749492943287,-0.01934199221432209,11.815679550170898,432.29,0.5558609366416931,-0.009788059646962211,0.2911994457244873,-0.6247941851615906,0.26107579469680786,0.6782152056694031,0.01886749267578125,0.37869858741760254,0.6666666865348816,0.8880645036697388,0.02731783175840974,0.3288199305534363,0.7671250104904175,-0.011946934275329113,0.7043279409408569,0.2939298152923584,0.27677878737449646,8.405397129058837,0.2143767774105072,7.125,336.532592054
0.00017085937500000009,0.05916570872068405,0.7777778506278992,1784482552.9408686,1.9293544292449951,39757,0.3774692714214325,1128,2.1647095680236816,0.21064910292625427,0.09839271008968353,3.262263298034668,0.0,2.0833334922790527,,6.8730929863080386,-0.0172575693577528,12.788973808288574,401.79,0.5484211444854736,-0.009399237780598924,0.2817889153957367,-0.6187744140625,0.2626851797103882,0.7306270003318787,0.019032975658774376,0.37756216526031494,0.625,0.9043798446655273,0.031879549566656354,0.3284090459346771,0.8535938262939453,-0.011252107098698616,0.7039546966552734,0.3078896999359131,0.2739054560661316,8.360754346847534,0.2141510248184204,7.5,339.083611239
0.00011390625000000006,0.058360885828733444,0.7777778506278992,1784482555.4929397,2.09539794921875,40203,0.375118225812912,1129,2.116529941558838,0.22567228972911835,0.09898620843887329,3.535747528076172,0.0,2.6666667461395264,,7.121531660705805,-0.015674127265810966,13.67023754119873,406.31,0.540878415107727,-0.008414427837124094,0.28885018825531006,-0.6087026596069336,0.2578056752681732,0.7085703611373901,0.019118811935186386,0.37778252363204956,0.5416666865348816,0.954217791557312,0.029059662763029338,0.32807981967926025,0.8502181768417358,-0.011641539633274078,0.70208740234375,0.3286552429199219,0.2703355848789215,8.330039024353027,0.21254441142082214,7.208333492279053,341.601304596
0.00011390625000000006,0.06580211967229843,0.7777778506278992,1784482558.0026941,1.9680894613265991,40756,0.3811880946159363,1130,2.1233136653900146,0.2203764021396637,0.10063933581113815,3.2912681102752686,0.0,1.9583333730697632,,7.694769409000873,-0.01832154579460621,12.719783782958984,431.57,0.5676009058952332,-0.008981637679971755,0.2861570119857788,-0.6253840923309326,0.27415719628334045,0.7179363965988159,0.020170575007796288,0.37734004855155945,0.7916666865348816,0.9579808115959167,0.028515360411256553,0.3278872072696686,0.845245361328125,-0.01071417611092329,0.7003890872001648,0.2886660099029541,0.2826640009880066,8.307460165023803,0.22536897659301758,7.083333492279053,344.16875718
0.00011390625000000006,0.06323082745075226,0.7777778506278992,1784482560.577987,1.9501460790634155,39812,0.4140664041042328,1131,2.1569700241088867,0.21160179376602173,0.09474378079175949,3.212583303451538,0.0,1.75,,8.173255266547203,-0.018053565174341202,12.545900344848633,457.48,0.5644985437393188,-0.008476839680224658,0.2788548171520233,-0.6264485716819763,0.2718176245689392,0.6381300091743469,0.02033739537000656,0.3771921992301941,0.5416666865348816,0.8982336521148682,0.027557543851435183,0.32765552401542664,0.765534520149231,-0.009858514182269573,0.7003063559532166,0.3122122287750244,0.2823687791824341,8.287032318115234,0.22354882955551147,6.833333492279053,346.686914267
0.00011390625000000006,0.06333297491073608,0.7777778506278992,1784482563.0822835,1.721970796585083,40789,0.3935019373893738,1132,2.1085100173950195,0.20674382150173187,0.09061670303344727,2.9770865440368652,0.0,1.625,,7.656635831594468,-0.02191135101020336,11.550979614257812,421.69,0.5638509392738342,-0.007696520123863593,0.2642478346824646,-0.6257278323173523,0.2719535231590271,0.6071271300315857,0.02021173946559429,0.3757910132408142,0.6666666865348816,0.8368638753890991,0.030512540880590678,0.3273783326148987,0.6990562677383423,-0.010781554505228996,0.7017416954040527,0.30150532722473145,0.28277450799942017,8.259544563293456,0.22260306775569916,7.583333492279053,349.080309159
0.00011390625000000006,0.06505197286605835,0.7777778506278992,1784482565.4783523,1.8988349437713623,42672,0.40254515409469604,1133,2.0111403465270996,0.20557901263237,0.09345579147338867,3.148111343383789,0.0,1.9166667461395264,,7.976923814117908,-0.01833426207304001,12.183462142944336,438.75,0.5812926292419434,-0.008334264522272861,0.26644203066825867,-0.639340877532959,0.27893826365470886,0.6350557208061218,0.020969649776816368,0.37622901797294617,0.7083333730697632,0.8860514163970947,0.02888011233881116,0.3270929157733917,0.752366304397583,-0.010858277790248394,0.7027530074119568,0.292522668838501,0.2928258776664734,8.235895919799805,0.22915148735046387,7.375,351.468008327
0.00017085937500000009,0.06033117696642876,0.7777778506278992,1784482567.871783,1.9657909870147705,42872,0.3764210641384125,1134,1.994234561920166,0.2253723442554474,0.09615941345691681,3.2349624633789062,0.0833333358168602,1.9166667461395264,,7.061206042170524,-0.016645440831780434,12.644065856933594,407.25,0.5546793937683105,-0.008791017963085323,0.2817884087562561,-0.6125001907348633,0.2651565968990326,0.6895747184753418,0.02005591243505478,0.3756944537162781,0.625,0.9435590505599976,0.027631656546145678,0.32678133249282837,0.817351758480072,-0.010194115340709686,0.7013083696365356,0.2987215518951416,0.27829617261886597,8.204640007019043,0.22050099074840546,6.958333492279053,354.026888762
0.00017085937500000009,0.06484797596931458,0.7777778506278992,1784482570.438625,1.7697232961654663,39977,0.35568779706954956,1135,2.1507558822631836,0.21084633469581604,0.09416534751653671,3.1364951133728027,0.0,1.8333333730697632,,7.574205261170864,-0.018280895426869392,12.3111572265625,436.44,0.5711653232574463,-0.008297902485355734,0.2804630696773529,-0.6352282166481018,0.2728802263736725,0.6831479072570801,0.020401012152433395,0.3788699507713318,0.7083333730697632,0.8770684599876404,0.029334967955946922,0.326637327671051,0.7888094186782837,-0.011263723485171795,0.6981064677238464,0.3081998825073242,0.2853642702102661,8.187142848968506,0.22610239684581757,7.583333492279053,356.621072051
0.00011390625000000006,0.06491651386022568,0.7777778506278992,1784482573.0235991,1.7773501873016357,39559,0.3871561288833618,1136,2.156668186187744,0.19130945205688477,0.08976103365421295,2.9748446941375732,0.0,1.75,,7.663841993510723,-0.018185816705226898,11.794164657592773,434.95,0.5708287954330444,-0.008766437449958175,0.2625766098499298,-0.6306893825531006,0.27543458342552185,0.6436260938644409,0.021022019907832146,0.38055145740509033,0.5416666865348816,0.8654594421386719,0.02993612578138709,0.32638198137283325,0.7280725836753845,-0.011488042771816254,0.6971741914749146,0.32832860946655273,0.2866147458553314,8.161091995239257,0.22590920329093933,7.0,359.153617119
0.00011390625000000006,0.0655810683965683,0.7777778506278992,1784482575.5547795,1.8998336791992188,40377,0.4103628098964691,1137,2.137112617492676,0.1888938546180725,0.08886902779340744,3.1428914070129395,0.0,1.5,,7.88264470949769,-0.0201064795255661,12.152872085571289,430.05,0.5836154818534851,-0.01015483810333535,0.2502096891403198,-0.634472131729126,0.28370201587677,0.6787213683128357,0.021867474541068077,0.37788456678390503,0.4583333432674408,0.8577677011489868,0.028844369389116765,0.32609206438064575,0.7918695211410522,-0.011000662110745907,0.6970674395561218,0.29749011993408203,0.29388296604156494,8.13754644393921,0.23509041965007782,6.125,361.638621991
0.00017085937500000009,0.05847759544849396,0.7777778506278992,1784482578.0577824,2.0530452728271484,41203,0.3726128935813904,1138,2.054403781890869,0.2549446225166321,0.10667296499013901,3.4896554946899414,0.0416666679084301,2.25,,7.662795808911324,-0.017392205074429512,13.565715789794922,420.18,0.5263583660125732,-0.008746249484829605,0.3179991841316223,-0.580656886100769,0.2554721534252167,0.7303797006607056,0.01964750699698925,0.37906691431999207,0.8333333730697632,0.9828118085861206,0.029101203382015228,0.32578346133232117,0.8676698207855225,-0.011504346504807472,0.6967042684555054,0.33141040802001953,0.2648612856864929,8.113228464126587,0.21071551740169525,6.958333492279053,364.171467219
0.00011390625000000006,0.06172692030668259,0.7777778506278992,1784482580.5809505,1.8809325695037842,40723,0.37323814630508423,1139,2.114743232727051,0.2415529489517212,0.10369846224784851,3.1576716899871826,0.0416666679084301,1.4583333730697632,,8.005571622028947,-0.018537722527980804,12.34543228149414,438.99,0.5613731741905212,-0.009454236621968449,0.3065335154533386,-0.6160039901733398,0.2703544497489929,0.6825003623962402,0.021095741540193558,0.3841404318809509,0.7083333730697632,0.928797721862793,0.026432106085121632,0.3256637454032898,0.7888035774230957,-0.012190386652946472,0.6955947279930115,0.29918885231018066,0.28032219409942627,8.097195482254028,0.22518113255500793,6.833333492279053,366.662632233
0.00017085937500000009,0.06388582289218903,0.7777778506278992,1784482583.069834,1.7983235120773315,41226,0.38975071907043457,1140,2.088332176208496,0.19331496953964233,0.08705109357833862,3.0391287803649902,0.0,1.7083333730697632,,7.845318909585476,-0.02188791148364544,12.103721618652344,432.14,0.5723854303359985,-0.008732080503250472,0.26076456904411316,-0.6286341547966003,0.27477848529815674,0.6290987730026245,0.02181828022003174,0.38719743490219116,0.5416666865348816,0.8442079424858093,0.028247311897575855,0.325405478477478,0.7399432063102722,-0.011317064985632896,0.6946394443511963,0.2961404323577881,0.2888844609260559,8.079290056228638,0.2286810576915741,7.6666669845581055,369.345833569
0.00011390625000000006,0.06403515487909317,0.7777778506278992,1784482585.757476,1.8615775108337402,38161,0.3851628303527832,1141,2.263329267501831,0.23155252635478973,0.09992080926895142,3.1479873657226562,0.0416666679084301,1.625,,7.979389746785164,-0.01853189431130886,11.851362228393555,436.37,0.5699777603149414,-0.009389991450007074,0.29749590158462524,-0.6177818775177002,0.27897197008132935,0.7418762445449829,0.021893173456192017,0.3875015676021576,0.6666666865348816,0.931996762752533,0.02690303763374686,0.32510891556739807,0.8257073760032654,-0.011665565893054008,0.694330096244812,0.31264352798461914,0.2850393056869507,8.060041809082032,0.23009619116783142,6.708333492279053,371.797261523
0.00017085937500000009,0.0634939968585968,0.7777778506278992,1784482588.2024393,1.7323522567749023,41957,0.41122323274612427,1142,2.0485970973968506,0.1979672908782959,0.08928963541984558,2.9471347332000732,0.0416666679084301,1.3333333730697632,,7.4488698130846025,-0.0194147489964962,11.344873428344727,420.67,0.5783077478408813,-0.008415697410237044,0.26060914993286133,-0.627174973487854,0.2760617136955261,0.6254888772964478,0.021619830280542374,0.3876742124557495,0.9166666865348816,0.8575384616851807,0.02943518487736583,0.3247760534286499,0.726155161857605,-0.01126818172633648,0.6937092542648315,0.29433178901672363,0.29074689745903015,8.031389856338501,0.23172299563884735,8.416666984558105,374.391076732
0.00017085937500000009,0.059268854558467865,0.7777778506278992,1784482590.8117604,1.9129588603973389,39442,0.3639094829559326,1143,2.1757254600524902,0.2220388948917389,0.09839256852865219,3.168041229248047,0.0,1.75,,7.428742015659809,-0.021049782633781433,12.480979919433594,416.39,0.5407904982566833,-0.009111479041166604,0.29627472162246704,-0.5966347455978394,0.2580875754356384,0.7169479131698608,0.0206458643078804,0.38923096656799316,0.6666666865348816,0.9532656073570251,0.02946089645847678,0.32466626167297363,0.8126025199890137,-0.012144583277404308,0.6929563283920288,0.3166203498840332,0.2717183828353882,8.014061784744262,0.21637742221355438,7.0,377.426715327
0.00011390625000000006,0.05989786237478256,0.7777778506278992,1784482593.8998098,1.874598503112793,33712,0.43581780791282654,1144,2.6218109130859375,0.20837460458278656,0.0910198986530304,2.952331066131592,0.0416666679084301,1.75,"{'size': 1644812.0, '_type': 'video-file', 'sha256': 'b1638b46bfaabd7345086e63a4b4067d8e729f6d199796279f7f13720f952152', 'path': 'media/videos/video_1144_b1638b46bfaabd734508.mp4'}",8.130532051920891,-0.015196261927485466,11.645183563232422,435.03,0.5737425088882446,-0.008374346137861722,0.264298677444458,-0.6218218207359314,0.2804005444049835,0.6410260200500488,0.02260098233819008,0.3908664584159851,0.4166666865348816,0.8614983558654785,0.027617634739726782,0.3243579864501953,0.743831992149353,-0.012022155337035656,0.6908488273620605,0.2941594123840332,0.28861868381500244,7.994361758232117,0.23201927542686462,6.583333492279053,380.042042022
0.00011390625000000006,0.06307251006364822,0.7777778506278992,1784482596.4466307,1.7593486309051514,40006,0.4646871089935303,1145,2.1554081439971924,0.19718009233474731,0.08607912063598633,2.9637601375579834,0.0,1.75,,8.234031253755093,-0.019436202943325043,11.555331230163574,444.92,0.5718497037887573,-0.009191961117903703,0.25410711765289307,-0.6208462715148926,0.2806885540485382,0.5608694553375244,0.022301552817225456,0.39167070388793945,0.7083333730697632,0.8342210650444031,0.029510743636637925,0.32394471764564514,0.6834201216697693,-0.011338293552398682,0.6894142031669617,0.3017888069152832,0.28660163283348083,7.95952341556549,0.22981396317481995,8.0,382.583782786
0.00011390625000000006,0.0625760406255722,0.7777778506278992,1784482599.0039644,1.7716257572174072,40291,0.3687572181224823,1146,2.13940167427063,0.20594581961631775,0.09271715581417084,3.0988519191741943,0.0,1.6666667461395264,,8.126343379914761,-0.016128599643707275,12.029844284057617,434.65,0.5710769891738892,-0.008776573473005556,0.27303367853164673,-0.6173216104507446,0.27727025747299194,0.6591388583183289,0.022017886862158775,0.39172810316085815,0.4583333432674408,0.9099701642990112,0.029982056096196176,0.3236182928085327,0.7592945098876953,-0.011252391152083874,0.6891137957572937,0.30039191246032715,0.2861449122428894,7.926884961128235,0.2332117259502411,7.458333492279053,385.269690508
0.00011390625000000006,0.0641176700592041,0.7777778506278992,1784482601.6781948,1.9273672103881836,38302,0.38724106550216675,1147,2.252697229385376,0.21967868506908417,0.09649764001369476,3.236785888671875,0.0416666679084301,2.0833334922790527,,7.981703572571278,-0.02025100588798523,12.470848083496094,423.43,0.5651382207870483,-0.008627865044400097,0.2895941138267517,-0.6105610132217407,0.2785750925540924,0.6915194988250732,0.022152429446578026,0.3916792869567871,0.7083333730697632,0.9318124651908875,0.02981048487126827,0.3231630027294159,0.8093954920768738,-0.010819191113114357,0.6885436773300171,0.3138127326965332,0.2831456959247589,7.8891526222229,0.23275630176067352,8.083333969116211,387.714043806
0.00017085937500000009,0.06239234656095505,0.7777778506278992,1784482604.1170442,1.7918742895126343,42060,0.37869343161582947,1148,2.05317759513855,0.19196105003356934,0.08649324625730515,3.096848487854004,0.0,1.7083333730697632,,7.791963476985693,-0.019399238750338554,12.266780853271484,418.07,0.571645975112915,-0.008220153575530275,0.26107656955718994,-0.6155732870101929,0.27737587690353394,0.6898937225341797,0.022328387945890427,0.39246875047683716,0.4166666865348816,0.876022458076477,0.03200134811922908,0.3231917917728424,0.7900692224502563,-0.010212613269686699,0.6859084963798523,0.2840418815612793,0.2875986099243164,7.8687307119369505,0.23040568828582764,7.4166669845581055,390.203260197
0.00017085937500000009,0.06529839336872101,0.7777778506278992,1784482606.6130123,1.8315911293029785,41155,0.3315478563308716,1149,2.0759787559509277,0.19761967658996582,0.09147165715694427,2.9617795944213867,0.0416666679084301,1.625,,8.231064823865891,-0.0197069700807333,11.40131950378418,446.43,0.5751861333847046,-0.009115508085233159,0.26429039239883423,-0.6257661581039429,0.2782225012779236,0.6678857803344727,0.02218428999185562,0.3916555643081665,0.4583333432674408,0.8460431098937988,0.02940117660909891,0.32298988103866577,0.7683172225952148,-0.01193520799279213,0.6839351058006287,0.31261157989501953,0.2894291877746582,7.867987489700317,0.23438093066215515,7.375,392.726648047
0.00017085937500000009,0.06523890793323517,0.7777778506278992,1784482609.130299,1.8356378078460693,40713,0.410421222448349,1150,2.1269690990448,0.2163575142621994,0.09937582910060883,3.1076807975769043,0.0,1.8333333730697632,,8.107164867818355,-0.02489379607141018,12.601710319519043,434.72,0.5798280239105225,-0.008562398300273343,0.2881215810775757,-0.6291110515594482,0.2849748134613037,0.693795382976532,0.023378241807222366,0.39040690660476685,0.6666666865348816,0.9344356060028076,0.02851751521229744,0.3225170075893402,0.8038498759269714,-0.011999006383121014,0.683947741985321,0.2875692844390869,0.29243385791778564,7.829827332496643,0.2364402711391449,7.458333492279053,395.130891824
0.00011390625000000006,0.0695849284529686,0.7777778506278992,1784482611.5343394,1.7256067991256714,42670,0.38318952918052673,1151,2.0074267387390137,0.1858350932598114,0.08792513608932495,2.8821516036987305,0.0,1.6666667461395264,,8.047135773599148,-0.018579494208097458,11.204501152038574,426.54,0.581669270992279,-0.00893672180827707,0.25216051936149597,-0.6208891868591309,0.28699707984924316,0.5991171598434448,0.023670723661780357,0.38959091901779175,0.625,0.8593806028366089,0.030269929207861423,0.3222498893737793,0.6985793113708496,-0.011401834897696972,0.6835953593254089,0.29634690284729004,0.29076096415519714,7.7969725131988525,0.24299971759319305,7.583333492279053,397.690012842
0.00011390625000000006,0.06165146455168724,0.7777778506278992,1784482614.1089537,1.8432906866073608,39968,0.41814395785331726,1152,2.1428415775299072,0.2033681571483612,0.0954667329788208,3.1472835540771484,0.0,1.75,,8.336958404928446,-0.02255244553089142,12.549415588378906,432.13,0.5629298090934753,-0.009366993425646796,0.2772565484046936,-0.6072465181350708,0.2775067090988159,0.6855320930480957,0.023211024701595306,0.38873371481895447,0.5833333730697632,0.8839103579521179,0.028352403454482554,0.322085976600647,0.786583662033081,-0.010964879766106606,0.6841709613800049,0.3166947364807129,0.2851284146308899,7.774049639701843,0.2336317002773285,6.625,400.188522484
0.00011390625000000006,0.06322499364614487,0.7777778506278992,1784482616.5936542,1.7863729000091553,41282,0.42236149311065674,1153,2.0935232639312744,0.21773216128349304,0.0980711281299591,3.0071611404418945,0.0,1.75,,8.010222936570644,-0.023121386766433716,11.406009674072266,431.81,0.5706288814544678,-0.010327130975201725,0.28051692247390747,-0.6182794570922852,0.28113847970962524,0.6770889163017273,0.023173144087195396,0.3888603448867798,0.75,0.9008393287658691,0.028114456869661807,0.3218664526939392,0.7664096355438232,-0.012048925273120403,0.6848078966140747,0.2877366542816162,0.2876264750957489,7.762461519241333,0.23561501502990723,7.625,402.914094597
0.00017085937500000009,0.06361673772335052,0.7777778506278992,1784482619.3314483,1.8147048950195312,37501,0.3652154207229614,1154,2.3027186393737793,0.20605844259262085,0.092759869992733,2.990882635116577,0.0,1.7916667461395264,,8.410941997170449,-0.017458496615290642,11.761309623718262,446.53,0.5670132637023926,-0.009697002473217253,0.27600258588790894,-0.6127265691757202,0.2802870273590088,0.6487752199172974,0.023363187909126282,0.38901203870773315,0.6666666865348816,0.8895373344421387,0.029127922002226116,0.3216056227684021,0.7504083514213562,-0.011770635843276978,0.6844958662986755,0.31858301162719727,0.286034494638443,7.73018627166748,0.23608985543251038,7.958333492279053,405.384658754
7.593750000000004e-05,0.06305859237909317,0.7777778506278992,1784482621.7874506,2.022630453109741,41717,0.3417503237724304,1155,2.0548012256622314,0.21457690000534058,0.09463566541671753,3.3245720863342285,0.0,1.875,,8.687791568636895,-0.01653469167649746,12.917277336120605,451.56,0.5503503084182739,-0.008362540014786646,0.2807561755180359,-0.5942575335502625,0.2765403389930725,0.6812226176261902,0.023380478844046593,0.38764986395835876,0.4583333432674408,0.9222947955131531,0.03166454052552581,0.3215354084968567,0.8291285037994385,-0.012183530256152153,0.6860868334770203,0.30161237716674805,0.27789923548698425,7.716780781745911,0.22952823340892792,6.708333492279053,408.018493601
0.00011390625000000003,0.0627536028623581,0.7777778506278992,1784482624.4274547,1.6802949905395508,38783,0.42162197828292847,1156,2.2225992679595947,0.1904628872871399,0.08884797990322113,2.8633782863616943,0.0,1.3333333730697632,,8.853534038774669,-0.017536360770463943,11.409917831420898,454.76,0.5834335088729858,-0.009326384523592423,0.2562682628631592,-0.6287949085235596,0.2877029776573181,0.6180381774902344,0.024108625948429108,0.3865066468715668,0.5833333730697632,0.8449958562850952,0.032057993579655886,0.3213596045970917,0.6915308833122253,-0.010482760146260262,0.6854050159454346,0.3120887279510498,0.29487064480781555,7.697779107093811,0.24301978945732117,7.1666669845581055,410.460191916
0.00017085937500000006,0.061223603785037994,0.7777778506278992,1784482626.8667443,1.8555411100387573,42073,0.39907655119895935,1157,2.041435480117798,0.2417343705892563,0.10645736753940582,3.1825156211853027,0.0,2.0833334922790527,,7.574074315726757,-0.020511941984295845,12.235170364379883,401.36,0.5395655632019043,-0.009071578277507797,0.3066793978214264,-0.5889989137649536,0.2682461142539978,0.6933562159538269,0.02264312468469143,0.38838300108909607,1.2083333730697632,0.9360173940658569,0.031136299204081296,0.32122763991355896,0.8113424181938171,-0.01144375279545784,0.6848462820053101,0.29506516456604004,0.2722291648387909,7.689761662483216,0.22496038675308228,7.875,413.07685449
0.00017085937500000009,0.06020396947860718,0.7777778506278992,1784482629.4899921,1.794584035873413,39120,0.4326956868171692,1158,2.196399688720703,0.22175675630569458,0.09546451270580292,3.1759660243988037,0.0,1.875,,8.257555724531413,-0.020825065672397614,12.199979782104492,423.6,0.5562650561332703,-0.009531207440886647,0.2843303382396698,-0.5937301516532898,0.27573904395103455,0.6467232704162598,0.023412032052874565,0.39097413420677185,0.5416666865348816,0.912973165512085,0.02772872233763337,0.32083651423454285,0.7729085683822632,-0.00991114228963852,0.684104859828949,0.31647753715515137,0.2818468511104584,7.661800742149353,0.23296165466308594,6.625,415.516878423
0.00011390625000000006,0.05787193775177002,0.7777778506278992,1784482631.9119227,2.090451717376709,42225,0.36314648389816284,1159,2.033647060394287,0.23297879099845886,0.10732828080654144,3.319505214691162,0.0,2.0,,8.065424818694591,-0.020736439153552055,12.617969512939453,419.28,0.5295957326889038,-0.008689047896768897,0.30635708570480347,-0.5742169618606567,0.26065418124198914,0.7558417320251465,0.02177770435810089,0.3919754922389984,0.9583333730697632,0.9975451231002808,0.027894033398479224,0.3205121159553528,0.8774513006210327,-0.011407825164496899,0.6844348311424255,0.2944519519805908,0.2686655819416046,7.628006100654602,0.22071826457977295,6.75,417.907188254
7.593750000000004e-05,0.06348718702793121,0.7777778506278992,1784482634.3117657,1.568507432937622,42755,0.3865217864513397,1160,1.9982621669769287,0.15826359391212463,0.08244543522596359,2.7021484375,0.0,1.6666667461395264,,7.985988380014897,-0.020036382600665092,10.616135597229004,421.49,0.566848874092102,-0.010278953070519492,0.23302024602890015,-0.6065070033073425,0.2773974537849426,0.5651623606681824,0.02409503608942032,0.3899443745613098,0.4166666865348816,0.8147640228271484,0.02667441898956895,0.3202187418937683,0.6774043440818787,-0.010190698318183422,0.6844119429588318,0.3009474277496338,0.28913283348083496,7.597919893264771,0.2359742969274521,6.6666669845581055,420.497402135
0.00011390625000000003,0.06092411279678345,0.7777778506278992,1784482636.908872,1.739366888999939,39508,0.39182084798812866,1161,2.182138204574585,0.18809489905834198,0.08607333898544312,2.879817485809326,0.0416666679084301,1.3333333730697632,,8.511710416674614,-0.02174985036253929,11.458518981933594,436.12,0.5843924283981323,-0.008201904309680685,0.2518455386161804,-0.6157776117324829,0.2909862995147705,0.610973060131073,0.02510080114006996,0.387983500957489,0.4166666865348816,0.8234273791313171,0.02656596712768078,0.3201321065425873,0.7121106386184692,-0.01023849193006754,0.6850590705871582,0.3060433864593506,0.29813864827156067,7.582670497894287,0.24586841464042664,7.625,422.945877601
0.00017085937500000006,0.06797084212303162,0.7777778506278992,1784482639.3487134,1.7348637580871582,42020,0.3607688546180725,1162,2.0504860877990723,0.18367063999176025,0.08772622048854828,2.8777270317077637,0.0,1.4166667461395264,,8.649356521368027,-0.01742447353899479,11.30174446105957,449.82,0.5868403911590576,-0.008804480952676386,0.2522451877593994,-0.6252078413963318,0.2941074073314667,0.5676998496055603,0.025487929582595825,0.3876338005065918,0.7083333730697632,0.810900866985321,0.028946513775736094,0.31992319226264954,0.6765351295471191,-0.011617738753557205,0.6852277517318726,0.28896236419677734,0.2976231276988983,7.568741130828857,0.2493131458759308,6.9166669845581055,425.592453192
0.00011390625000000006,0.06344969570636749,0.7777778506278992,1784482642.0036304,1.6793267726898193,38610,0.4179569184780121,1163,2.2366256713867188,0.1914146989583969,0.08952464908361435,3.0352580547332764,0.0,1.9583333730697632,,8.343221920281648,-0.01964655891060829,12.032140731811523,431.92,0.5700357556343079,-0.008856735106382985,0.26484349370002747,-0.6082791090011597,0.2838198244571686,0.6717488169670105,0.024583695456385612,0.38682112097740173,0.75,0.8939247131347656,0.031210896093398333,0.3198584318161011,0.7719384431838989,-0.009857493452727795,0.6854590773582458,0.3094356060028076,0.29078763723373413,7.560784530639649,0.24101023375988007,8.291666984558105,428.01976059
0.00011390625000000006,0.060586996376514435,0.7777778506278992,1784482644.4280422,1.9038413763046265,42395,0.3949846625328064,1164,2.0228354930877686,0.20415183901786804,0.09389110654592514,2.9951610565185547,0.0,1.7083333730697632,,7.5193229572102425,-0.020708784461021423,11.610034942626953,402.51,0.5519425272941589,-0.009253251086920499,0.2743988633155823,-0.5988531708717346,0.27216801047325134,0.6710101962089539,0.023210983723402023,0.38778743147850037,0.7083333730697632,0.8716615438461304,0.029240773431956767,0.3195400536060333,0.7666774988174438,-0.010790127329528332,0.6857517957687378,0.2959141731262207,0.28139445185661316,7.541979169845581,0.23229113221168518,6.4166669845581055,431.255723799
0.00017085937500000009,0.06789253652095795,0.7777778506278992,1784482647.7473316,1.8364696502685547,31413,0.38133472204208374,1165,2.8250508308410645,0.17696556448936462,0.08557819575071335,2.914478302001953,0.0416666679084301,1.25,"{'path': 'media/videos/video_1165_9766ab2472ded3789d64.mp4', 'size': 1535796.0, '_type': 'video-file', 'sha256': '9766ab2472ded3789d6496d09bdadce19ef4d49d559a1b308488e8d106c8404b'}",8.810306087434292,-0.022706419229507446,12.094783782958984,449.15,0.5802027583122253,-0.008999985351692885,0.2517029047012329,-0.6149759292602539,0.2921791672706604,0.6332061290740967,0.025172408670186996,0.3867252767086029,0.375,0.8512551188468933,0.029452580865472554,0.31928572058677673,0.7202452421188354,-0.010262304916977882,0.6861228942871094,0.3042583465576172,0.2957356572151184,7.516321849822998,0.24805067479610443,7.4166669845581055,433.761395928
0.00011390625000000006,0.06058318167924881,0.7777778506278992,1784482650.1714957,1.873478889465332,42250,0.4023783802986145,1166,2.0272178649902344,0.1952032744884491,0.09133753180503845,3.122267246246338,0.0,1.9583333730697632,,8.523672925233841,-0.02140907198190689,12.234918594360352,433.37,0.5720503926277161,-0.008604855024896097,0.26701992750167847,-0.6100987195968628,0.2864653170108795,0.671829342842102,0.02502249740064144,0.38512811064720154,0.5416666865348816,0.8695794343948364,0.03336987681686878,0.3190920054912567,0.7818147540092468,-0.010472389869391918,0.6873051524162292,0.29945921897888184,0.29244327545166016,7.496529674530029,0.24265334010124207,7.708333492279053,436.392836054
0.00011390625000000006,0.0661148652434349,0.7777778506278992,1784482652.8049402,1.8257473707199097,38941,0.3782617747783661,1167,2.2077138423919678,0.21796181797981262,0.09817926585674286,3.092026472091675,0.0,1.9166667461395264,,8.382959360331297,-0.020006828010082245,12.157772064208984,431.64,0.5599852204322815,-0.009364420233760029,0.2844694256782532,-0.5978621244430542,0.2817883789539337,0.7022039294242859,0.024589985609054565,0.3860187232494354,1.0416667461395264,0.9007472395896912,0.030983883142471313,0.31888771057128906,0.7959572076797485,-0.011781699024140835,0.686860978603363,0.31671953201293945,0.2846817970275879,7.474990487098694,0.24097275733947754,7.625,438.865881734
0.00017085937500000009,0.0662723109126091,0.7777778506278992,1784482655.2795281,1.6712045669555664,41605,0.4617782235145569,1168,2.068488597869873,0.19425301253795624,0.0893295556306839,2.932546377182007,0.0,1.5416667461395264,,8.601794449985027,-0.019228260964155197,11.483297348022461,434.27,0.5923060178756714,-0.009639050858095289,0.2561537027359009,-0.6244955062866211,0.29705771803855896,0.6275042295455933,0.026306159794330597,0.3864712417125702,0.625,0.8379461169242859,0.03166560083627701,0.31883183121681213,0.7237745523452759,-0.010028552263975143,0.6870856285095215,0.2942948341369629,0.3033594489097595,7.466377520561219,0.253248929977417,8.375,441.439672588
0.00011390625000000006,0.06045151874423027,0.7777778506278992,1784482657.8417892,1.888343334197998,39952,0.4015093445777893,1169,2.162848472595215,0.22498604655265808,0.10100771486759186,3.251878261566162,0.0,2.2083334922790527,,8.40333527058363,-0.019996613264083862,12.815345764160156,435.64,0.5557671785354614,-0.008777580213791224,0.2986636757850647,-0.5912620425224304,0.27810078859329224,0.7487861514091492,0.024725329130887985,0.38638338446617126,0.5833333730697632,0.9506098628044128,0.031388953886926176,0.3187606930732727,0.8518220782279968,-0.011324870400130749,0.6886478662490845,0.2976510524749756,0.2823916971683502,7.462336373329163,0.23729312419891357,8.0,443.947883807
7.593750000000004e-05,0.060234300792217255,0.7777778506278992,1784482660.3505876,1.8292148113250732,40805,0.37987250089645386,1170,2.1142959594726562,0.23351117968559265,0.09974855184555054,3.1040306091308594,0.0,1.7916667461395264,,7.931702563539147,-0.018251489847898483,11.800529479980469,400.36,0.5533410310745239,-0.009281551928870613,0.2991805672645569,-0.5826988220214844,0.2743327021598816,0.7229997515678406,0.024344254285097122,0.3867676854133606,0.7916666865348816,0.9241296648979187,0.03160269632935524,0.31841742992401123,0.816697359085083,-0.009815438650548458,0.6883329153060913,0.29479002952575684,0.28280121088027954,7.442295527458191,0.2367289513349533,6.7916669845581055,446.414742996
0.00011390625000000003,0.06508590281009674,0.7777778506278992,1784482662.8172228,1.8627500534057617,41531,0.3672652244567871,1171,2.0751473903656006,0.20325520634651184,0.09201589226722717,2.9933621883392334,0.0,1.5416667461395264,,8.371256724745034,-0.018042970448732376,11.733447074890137,428.32,0.5656737089157104,-0.008518993115285412,0.27493488788604736,-0.5995528697967529,0.2849884629249573,0.6903972029685974,0.02523481473326683,0.3877899646759033,0.8333333730697632,0.8777722120285034,0.029670923296362162,0.318097859621048,0.7921639680862427,-0.011011960916221142,0.6881929636001587,0.291806697845459,0.28890666365623474,7.40738697052002,0.24252378940582275,7.833333492279053,449.015617542
0.00011390625000000006,0.06735759228467941,0.7777778506278992,1784482665.419027,1.7478628158569336,39277,0.37572211027145386,1172,2.1989617347717285,0.1928343027830124,0.08860324323177338,2.984917402267456,0.0,1.75,,8.540736815333366,-0.019661033526062965,11.68294906616211,441.14,0.5820499658584595,-0.008441288879839703,0.2593299150466919,-0.6171241998672485,0.29261088371276855,0.6158425211906433,0.02589978277683258,0.3883766531944275,0.5,0.8525838851928711,0.0322910119779408,0.3180721402168274,0.7205400466918945,-0.01083429902791977,0.6880194544792175,0.3038358688354492,0.2959097921848297,7.397112441062927,0.2498515546321869,7.5,451.460334041
0.00011390625000000006,0.06765110790729523,0.7777778506278992,1784482667.8634312,1.9294967651367188,41894,0.37731146812438965,1173,2.0515105724334717,0.24132680892944336,0.10414306819438934,3.197345733642578,0.0,2.125,,8.357048784196376,-0.016561515629291534,12.160526275634766,423.75,0.5498961806297302,-0.009967271250934573,0.30567920207977295,-0.5797756314277649,0.27893441915512085,0.7394282221794128,0.02495645545423031,0.3894532322883606,0.75,0.954154372215271,0.03326070439070463,0.31784242391586304,0.834625244140625,-0.010417441837489605,0.6871497631072998,0.29494762420654297,0.2812110185623169,7.386408352851868,0.23794536292552948,6.208333492279053,453.877690064
0.00011390625000000006,0.06472968310117722,0.7777778506278992,1784482670.286457,1.7645114660263062,42434,0.38758301734924316,1174,2.029033899307251,0.17609629034996033,0.08702351897954941,2.8569436073303223,0.0,1.75,,8.944289955496789,-0.020905103534460068,10.868639945983887,450.04,0.5862976312637329,-0.008907456637825818,0.2420741766691208,-0.6159031391143799,0.2950446605682373,0.5929890871047974,0.0268479622900486,0.38873928785324097,0.7083333730697632,0.7983333468437195,0.0286388685926795,0.3177054822444916,0.6895329356193542,-0.009997124783694744,0.6863511800765991,0.2875518798828125,0.29999256134033203,7.369444704055786,0.2516375482082367,7.6666669845581055,456.357782814
0.00011390625000000006,0.061605971306562424,0.7777778506278992,1784482672.76545,2.046618938446045,41406,0.4122312068939209,1175,2.0810670852661133,0.20681647956371307,0.0988011285662651,3.2333788871765137,0.0,2.0,,8.49511282980442,-0.021840503439307213,12.676719665527344,419.58,0.5654613971710205,-0.009164538513869048,0.27621015906333923,-0.5896416902542114,0.28832632303237915,0.6734621524810791,0.02611715905368328,0.39112192392349243,0.5833333730697632,0.9094895124435425,0.032975041307508945,0.317535400390625,0.8098230361938477,-0.009509695693850517,0.6845223307609558,0.2930309772491455,0.2891273498535156,7.35443069934845,0.24792811274528503,6.7916669845581055,458.897460547
0.00011390625000000006,0.06048685312271118,0.7777778506278992,1784482675.309679,1.8979319334030151,40389,0.3725449740886688,1176,2.1181390285491943,0.23350873589515686,0.1007142961025238,3.1831092834472656,0.0,2.1666667461395264,,8.162322084009647,-0.018915299326181412,11.996015548706055,407.02,0.5451894998550415,-0.00848281279031653,0.2901855409145355,-0.5703687071800232,0.2759475111961365,0.7085520625114441,0.024585667997598648,0.39122289419174194,0.8333333730697632,0.9062581062316895,0.028964793868362905,0.3172701299190521,0.8222430944442749,-0.009080884046852589,0.6818656921386719,0.3157660961151123,0.27985620498657227,7.3372172832489015,0.23603348433971405,7.458333492279053,461.441218188
7.593750000000004e-05,0.06276468932628632,0.7777778506278992,1784482677.848311,1.8347690105438232,40404,0.35249608755111694,1177,2.13777494430542,0.21576765179634094,0.09606282413005829,3.1665914058685303,0.0,1.8333333730697632,,8.773361707925796,-0.01964649371802807,12.224891662597656,444.78,0.5624449253082275,-0.00814296840399038,0.28296682238578796,-0.5951566696166992,0.28290754556655884,0.667992353439331,0.02566283568739891,0.39194953441619873,0.75,0.9217974543571472,0.03114323616027832,0.3172098994255066,0.7886193990707397,-0.00989452376961708,0.6807565093040466,0.2951955795288086,0.2880147695541382,7.323560118675232,0.24321363866329193,7.0,464.050729728
0.00011390625000000003,0.06168399378657341,0.7777778506278992,1784482680.4647074,1.836169958114624,39274,0.3552875220775604,1178,2.1929423809051514,0.2130579948425293,0.10086315125226974,3.0896010398864746,0.0416666679084301,1.875,,8.120238639712333,-0.022745642811059952,12.055048942565918,414.92,0.5605018138885498,-0.00879950417438522,0.28105926513671875,-0.593735933303833,0.2790660858154297,0.6843184232711792,0.02531614899635315,0.3933100700378418,0.8333333730697632,0.9084596037864685,0.032365675270557406,0.31681910157203674,0.7826967239379883,-0.009586082771420479,0.6798640489578247,0.310075044631958,0.28730320930480957,7.300406980514526,0.242265522480011,6.9166669845581055,466.698967877
0.00017085937500000006,0.05945297330617905,0.7777778506278992,1784482683.1044407,1.922003149986267,38824,0.40575236082077026,1179,2.2264747619628906,0.22270715236663818,0.09934874624013901,3.0953118801116943,0.0,1.5833333730697632,,8.792274852246045,-0.017574917525053024,11.667497634887695,448.81,0.5730847716331482,-0.010212619600497418,0.28447026014328003,-0.6084012985229492,0.28349432349205017,0.6642715930938721,0.025506531819701195,0.39337724447250366,0.75,0.9127165675163269,0.02872831905260682,0.31663978099823,0.779016375541687,-0.011090077459812164,0.678612232208252,0.30550670623779297,0.2925274670124054,7.2716354608535765,0.2431982010602951,6.5416669845581055,469.183004771
0.00017085937500000009,0.061443742364645004,0.7777778506278992,1784482685.5853465,1.8659799098968506,41276,0.40141618251800537,1180,2.0839359760284424,0.2258049100637436,0.10288047790527344,3.1850991249084473,0.0,2.0833334922790527,,7.744882875159383,-0.020741451531648636,12.350095748901367,407.47,0.5599216818809509,-0.007784396805800497,0.2948729991912842,-0.5947832465171814,0.281161904335022,0.718911349773407,0.025489015504717827,0.3944273889064789,0.5833333730697632,0.9432229995727539,0.027200287487357856,0.3165058195590973,0.8249763250350952,-0.009928552433848381,0.678935170173645,0.29764509201049805,0.2868124544620514,7.262486934661865,0.241367906332016,7.125,471.773230423
0.00017085937500000009,0.06554240733385086,0.7777778506278992,1784482688.1762974,2.068147659301758,39442,0.338822603225708,1181,2.1800901889801025,0.22820639610290527,0.09916948527097702,3.328916072845459,0.0,2.125,,7.921098196506501,-0.0194061528891325,12.47220230102539,397.23,0.5446507930755615,-0.009047000407008454,0.2858797013759613,-0.5745946168899536,0.2742171585559845,0.6981712579727173,0.025002693757414818,0.39616522192955017,0.4583333432674408,0.9248957633972168,0.03289883714169264,0.31624332070350647,0.8376482725143433,-0.010569210164248943,0.6772807836532593,0.3122570514678955,0.27818983793258667,7.244020676612854,0.23459115624427795,6.2916669845581055,474.201382338
0.00017085937500000009,0.06706968694925308,0.7777778506278992,1784482690.6086519,1.8882009983062744,42256,0.3919331431388855,1182,2.030470609664917,0.2242148220539093,0.10018646717071533,3.2687625885009766,0.0,2.25,,8.338503889590502,-0.016507364809513092,12.533832550048828,407.04,0.5559083819389343,-0.008835110568907113,0.28677430748939514,-0.5814857482910156,0.2801212668418884,0.6890694499015808,0.02567203715443611,0.3958161771297455,0.7083333730697632,0.9320632219314575,0.029854485671967267,0.31607621908187866,0.8216401934623718,-0.008996032178401947,0.675414502620697,0.29591917991638184,0.2839896082878113,7.224863862991333,0.24206161499023438,7.4166669845581055,476.804935692
7.593750000000004e-05,0.06556917726993561,0.7777778506278992,1784482693.222011,1.750309705734253,39343,0.369548499584198,1183,2.1822474002838135,0.2220515012741089,0.09449592232704163,3.0246787071228027,0.0,1.625,,9.197225134074689,-0.021856723353266716,11.81294059753418,443.68,0.5829743146896362,-0.00966962504608091,0.28099554777145386,-0.6071690320968628,0.29317963123321533,0.6641920804977417,0.026780402287840843,0.3982773721218109,0.4166666865348816,0.9129675626754761,0.028744196239858865,0.3158539831638336,0.7733834981918335,-0.01097288727760315,0.6748051643371582,0.3163728713989258,0.2979985475540161,7.199092626571655,0.25329506397247314,7.25,479.266794533
0.00011390625000000003,0.06138211488723755,0.7777778506278992,1784482695.6623456,1.717958688735962,41895,0.3633343577384949,1184,2.0625901222229004,0.19172601401805878,0.08887084573507309,2.9094505310058594,0.0,1.75,,8.969139832258225,-0.017637059092521667,11.659557342529297,451.39,0.5838127136230469,-0.008756328700110316,0.2543397545814514,-0.6101104021072388,0.29342496395111084,0.5996742248535156,0.026854734867811203,0.39810240268707275,0.4166666865348816,0.8597627878189087,0.029224540386348963,0.3155909478664398,0.7028316855430603,-0.010239151306450367,0.6743524074554443,0.2837989330291748,0.2991970181465149,7.182242894172669,0.25386109948158264,7.833333492279053,481.667308758
7.593750000000004e-05,0.06391414999961853,0.7777778506278992,1784482698.0711985,1.8466510772705078,42565,0.40222644805908203,1185,2.016613245010376,0.20322278141975403,0.09069369733333588,3.00345778465271,0.0,1.5,,8.697796547412873,-0.018173102289438248,11.818639755249023,431.26,0.5806991457939148,-0.0069263246976333905,0.2719516158103943,-0.6015825271606445,0.2948462963104248,0.6697937846183777,0.026926472783088684,0.3971606492996216,0.625,0.8714649677276611,0.03085840092971921,0.315195232629776,0.7567653656005859,-0.009946714155375957,0.6745455265045166,0.29287123680114746,0.29661333560943604,7.144385600090027,0.2540518343448639,6.2916669845581055,484.723382888
0.00011390625000000003,0.06336387991905212,0.7777778506278992,1784482701.2024527,1.8335838317871094,33278,0.3846270442008972,1186,2.65303111076355,0.2006802260875702,0.09204509109258652,2.9682188034057617,0.0,1.7916667461395264,"{'_type': 'video-file', 'sha256': '7a0232dfece986b0c99e599c0e468f41320cb2bcf29e940d61510914f1ea60e7', 'path': 'media/videos/video_1186_7a0232dfece986b0c99e.mp4', 'size': 1490318.0}",9.308953359723091,-0.020558498799800873,11.210639953613281,454.0,0.5849000215530396,-0.008927903592120857,0.2655176818370819,-0.6077133417129517,0.2961857318878174,0.6616896390914917,0.027480652555823326,0.39694973826408386,0.5833333730697632,0.8778645992279053,0.02911157365888357,0.3148328959941864,0.7742725610733032,-0.009565095417201519,0.6742097735404968,0.30094385147094727,0.3002721071243286,7.104349493980408,0.2538408041000366,7.625,487.344327502
0.00011390625000000003,0.06448934227228165,0.7777778506278992,1784482703.7546923,1.8702325820922852,40053,0.44825661182403564,1187,2.1218018531799316,0.21191196143627167,0.09998703002929688,3.182368755340576,0.0,1.5833333730697632,,8.235762571096421,-0.022933360189199448,12.223499298095703,410.79,0.5604665875434875,-0.009588485456515628,0.2880198657512665,-0.5825873613357544,0.28100186586380005,0.737179160118103,0.02606401965022087,0.3969418704509735,0.8333333730697632,0.9393286108970642,0.030706360191106796,0.31490039825439453,0.8641580939292908,-0.009787159040570259,0.6736849546432495,0.3325183391571045,0.28690916299819946,7.097546815872192,0.24167081713676453,7.2916669845581055,489.871325766
0.00011390625000000003,0.06710222363471985,0.7777778506278992,1784482706.279879,1.7109146118164062,40661,0.3850542902946472,1188,2.129868268966675,0.18884798884391785,0.08663319796323776,2.951073408126831,0.0,1.75,,8.749046766459943,-0.021242951974272728,11.806437492370605,426.15,0.5822718739509583,-0.008271863841218873,0.2579061985015869,-0.5995298624038696,0.29419976472854614,0.6453871726989746,0.027455462142825127,0.39938580989837646,0.625,0.8482235670089722,0.03208313416689634,0.31478142738342285,0.7370295524597168,-0.009225569665431976,0.6716231107711792,0.28772807121276855,0.29860931634902954,7.097716045379639,0.2566773593425751,8.541666984558105,492.462277835
0.00011390625000000003,0.06290431320667267,0.7777778506278992,1784482708.8676224,1.8367681503295898,39578,0.4165121912956238,1189,2.1545844078063965,0.20864388346672058,0.09505923837423325,2.87097430229187,0.0,1.9166667461395264,,8.890249074697495,-0.022027742117643356,11.123985290527344,449.32,0.5745100975036621,-0.009600099505041726,0.2729611396789551,-0.5910435914993286,0.2893458306789398,0.6720163822174072,0.0272521935403347,0.402262806892395,0.7916666865348816,0.8548380136489868,0.03318570405244827,0.31470897793769836,0.761951208114624,-0.00971186999231577,0.6698760986328125,0.3291757106781006,0.2945351004600525,7.083207678794861,0.2504703402519226,8.333333969116211,495.017289591
0.00011390625000000003,0.05933738499879837,0.7777778506278992,1784482711.422017,2.0175788402557373,40101,0.36959683895111084,1190,2.150757074356079,0.2209009975194931,0.10102945566177368,3.2206239700317383,0.0,1.875,,8.725802771300078,-0.017470281571149826,12.189876556396484,429.09,0.5554753541946411,-0.009743557751062327,0.2853935956954956,-0.5769854784011841,0.279885470867157,0.7198147773742676,0.026239454746246338,0.4025309085845947,0.7916666865348816,0.9580345153808594,0.0292707659304142,0.3144584000110626,0.8496343493461609,-0.009541897103190422,0.6684772968292236,0.3006093502044678,0.2835422158241272,7.0751392364501955,0.24010126292705536,7.333333492279053,497.488326985
0.00017085937500000006,0.06810636818408966,0.7777778506278992,1784482713.8863826,1.6092870235443115,41476,0.42232972383499146,1191,2.077584981918335,0.16511136293411255,0.08125930279493332,2.6207199096679688,0.0,0.9166666865348816,,9.109539178833366,-0.02033369429409504,10.416360855102539,448.22,0.6070533990859985,-0.00897762366948882,0.23279312252998352,-0.6249037981033325,0.30564188957214355,0.6258949637413025,0.028520306572318077,0.4014612138271332,0.5416666865348816,0.7742089033126831,0.031464678794145585,0.31419238448143005,0.6981102824211121,-0.00933980755507946,0.669761061668396,0.2925221920013428,0.3112236559391022,7.046684265136719,0.26558637619018555,6.958333492279053,499.988274418
0.00011390625000000006,0.06301455199718475,0.7777778506278992,1784482716.392358,1.831468939781189,40849,0.3694521188735962,1192,2.1191635131835938,0.22767820954322815,0.1007617712020874,3.051264524459839,0.0,2.25,,7.941221273839473,-0.01943955197930336,11.76751708984375,397.72,0.5541425347328186,-0.008713149131926912,0.292303204536438,-0.5814613103866577,0.2784390449523926,0.6508490443229675,0.02593955397605896,0.4011821746826172,0.7083333730697632,0.8787926435470581,0.032528560142964125,0.31401902437210083,0.7399188280105591,-0.009810678660869598,0.6699475049972534,0.2873058319091797,0.2828896641731262,7.02821204662323,0.24131731688976288,7.25,502.498699725
0.00011390625000000006,0.06614406406879425,0.7777778506278992,1784482718.8987155,1.8052036762237549,40871,0.34667450189590454,1193,2.1105358600616455,0.2133987843990326,0.09499005973339081,3.099832534790039,0.0,1.75,,9.21405838266015,-0.018250159919261932,11.68525505065918,441.17,0.5862637758255005,-0.009295070974621922,0.2747454047203064,-0.6039333343505859,0.2965315580368042,0.6573634147644043,0.0279191043227911,0.4043057858943939,0.7083333730697632,0.8794426321983337,0.03246475560590625,0.31401970982551575,0.7670688629150391,-0.010363933630287647,0.6688488721847534,0.29466772079467773,0.29895591735839844,7.020580458641052,0.2558155655860901,7.625,504.912445773
0.00011390625000000006,0.059648431837558746,0.7777778506278992,1784482721.314529,1.9004762172698975,42392,0.38602542877197266,1194,2.026510715484619,0.23119036853313446,0.10173550248146057,3.1101253032684326,0.0416666679084301,1.625,,8.60036140114069,-0.025084536522626877,11.707159042358398,428.36,0.5642764568328857,-0.009103974583558739,0.3004879951477051,-0.5851882696151733,0.28352004289627075,0.6939027309417725,0.026645122095942497,0.40275073051452637,1.0833333730697632,0.9317787885665894,0.03317480543628335,0.31393295526504517,0.7995951175689697,-0.011028347536921501,0.6698858737945557,0.29238224029541016,0.28954583406448364,7.016644406318664,0.2472085952758789,6.9166669845581055,507.347420555
0.00011390625000000006,0.06139754503965378,0.7777778506278992,1784482723.7484748,1.8525766134262085,42045,0.40615105628967285,1195,2.0385727882385254,0.2236270010471344,0.10146608203649521,3.1133697032928467,0.0,1.5,,8.121389219164849,-0.018072089180350304,11.899900436401367,405.86,0.5676997900009155,-0.009072445996571333,0.2953227162361145,-0.5889321565628052,0.28665369749069214,0.6717677116394043,0.027052339166402817,0.40498945116996765,0.7916666865348816,0.8909437656402588,0.03292027059942484,0.313687264919281,0.7944251894950867,-0.009865963831543922,0.6702171564102173,0.29946064949035645,0.2913723886013031,6.99814670085907,0.248918816447258,7.125,509.992421815
0.00011390625000000006,0.06206236034631729,0.7777778506278992,1784482726.3998778,1.8719253540039062,38593,0.4160095453262329,1196,2.233858108520508,0.22175323963165283,0.09912478178739548,3.112018585205078,0.0416666679084301,1.7083333730697632,,8.567011951357125,-0.020078912377357483,11.458975791931152,415.6,0.5677241086959839,-0.009727913263486699,0.28045666217803955,-0.5840632915496826,0.287322998046875,0.6542066335678101,0.027220647782087326,0.4051702916622162,0.6666666865348816,0.8735965490341187,0.03102489924058318,0.31362494826316833,0.7671689391136169,-0.00933994073420763,0.6715532541275024,0.3132898807525635,0.29473692178726196,6.98216302394867,0.2502129077911377,6.875,512.422801865
0.00011390625000000006,0.062125496566295624,0.7777778506278992,1784482728.8247466,1.7460949420928955,42281,0.3777084946632385,1197,2.033604621887207,0.1918172836303711,0.08911649882793427,3.0598487854003906,0.0,1.625,,8.525748606026173,-0.020828746259212494,11.914762496948242,420.22,0.5759624242782593,-0.008270092498668192,0.25794604420661926,-0.5974611639976501,0.28814467787742615,0.6255983710289001,0.027196910232305527,0.4045076370239258,0.5416666865348816,0.8630787134170532,0.032380598783493045,0.31340470910072327,0.7366697192192078,-0.009066264145076275,0.6718168258666992,0.2913651466369629,0.2949270009994507,6.973985958099365,0.25166139006614685,8.083333969116211,515.064279896
0.00017085937500000009,0.06127697229385376,0.7777778506278992,1784482731.4656997,1.9043962955474854,38666,0.4383189082145691,1198,2.2274510860443115,0.1925365924835205,0.09209714829921722,3.017061948776245,0.0,2.0416667461395264,,8.85807467572391,-0.020679235458374023,11.479467391967773,432.12,0.5749555230140686,-0.008272409081109799,0.2648865282535553,-0.5893665552139282,0.2906239926815033,0.6420403718948364,0.027524158358573914,0.4051828384399414,0.625,0.8715841770172119,0.03159016352146864,0.3130961060523987,0.7605355978012085,-0.009462956339120865,0.6711492538452148,0.31493544578552246,0.29779502749443054,6.950709056854248,0.25145429372787476,6.75,517.492264307
0.00017085937500000009,0.06483928859233856,0.7777778506278992,1784482733.897473,1.985917329788208,42223,0.35820454359054565,1199,2.0387208461761475,0.21296881139278412,0.09375214576721191,3.271289587020874,0.0,2.0416667461395264,,9.208338945806027,-0.019636666402220726,12.514892578125,432.68,0.5769027471542358,-0.00881581770372577,0.27668091654777527,-0.586785614490509,0.2922268211841583,0.6744153499603271,0.02803736925125122,0.40485748648643494,0.7083333730697632,0.9280760288238525,0.027563268318772316,0.3129129409790039,0.791674017906189,-0.008869518525898457,0.6700830459594727,0.28948044776916504,0.29617083072662354,6.928965044021607,0.2566028833389282,7.333333492279053,520.038836596
0.00011390625000000006,0.06423336267471313,0.7777778506278992,1784482736.4489503,1.6787084341049194,40208,0.39941835403442383,1200,2.1257736682891846,0.18216904997825623,0.0866192877292633,2.95703125,0.0,1.2083333730697632,,8.818926619291306,-0.0192938894033432,11.105413436889648,435.42,0.5923818349838257,-0.008010235824622213,0.24827449023723602,-0.6049541234970093,0.30290359258651733,0.5998579263687134,0.028579240664839745,0.4043106436729431,0.5416666865348816,0.8166095614433289,0.029488983564078808,0.31283143162727356,0.7044326663017273,-0.009166883304715157,0.6691293120384216,0.319077730178833,0.3041714131832123,6.925479769706726,0.26189905405044556,6.625,522.536382148
0.00011390625000000006,0.06955458223819733,0.7777778506278992,1784482738.9346905,1.878637671470642,41176,0.34574663639068604,1201,2.0955753326416016,0.196938157081604,0.08987025916576385,3.0470638275146484,0.0416666679084301,1.375,,8.99131906375289,-0.019665149971842766,11.704315185546875,431.99,0.5792151689529419,-0.008114819892216473,0.25261175632476807,-0.5944124460220337,0.29793262481689453,0.6148324012756348,0.028543006628751755,0.4042549133300781,0.75,0.8825548887252808,0.02970477268099785,0.3129725456237793,0.750440776348114,-0.00983971357345581,0.6684800982475281,0.29178905487060547,0.296695739030838,6.927957248687744,0.2572695016860962,7.0416669845581055,525.119855012
0.00011390625000000006,0.060221921652555466,0.7777778506278992,1784482741.5251405,2.042741537094116,39522,0.4066087603569031,1202,2.172266721725464,0.2366945743560791,0.10451720654964447,3.2606048583984375,0.0,2.0416667461395264,,8.63561955422163,-0.01656646840274334,12.78367805480957,418.84,0.555176854133606,-0.009500405105063692,0.3062760531902313,-0.5712708234786987,0.282106876373291,0.7803521156311035,0.027103211730718613,0.4050184190273285,0.8333333730697632,0.9884369373321533,0.0323787678964436,0.3129737973213196,0.8683141469955444,-0.009937718510627747,0.6688843965530396,0.31505370140075684,0.28602325916290283,6.936337780952454,0.24432045221328735,6.7916669845581055,527.60357947
0.00011390625000000006,0.0634392574429512,0.7777778506278992,1784482744.0038376,1.8645800352096558,41284,0.3826390206813812,1203,2.0926411151885986,0.22329336404800415,0.0960431918501854,3.2188968658447266,0.0,1.75,,8.589502390027047,-0.02038423903286457,12.164129257202148,416.81,0.567367434501648,-0.008732058812165632,0.2846696078777313,-0.5812402367591858,0.2872752845287323,0.6772891879081726,0.027578508481383324,0.40621256828308105,0.7916666865348816,0.9479670524597168,0.0320511813275516,0.3129463493824005,0.8064249753952026,-0.009452886879444122,0.6675896048545837,0.2884707450866699,0.28937190771102905,6.935016465187073,0.24809011816978455,7.875,530.131555392
0.00011390625000000006,0.0658843144774437,0.7777778506278992,1784482746.550174,1.8216030597686768,40455,0.38566362857818604,1204,2.1140992641448975,0.22455960512161255,0.10093625634908676,3.228166341781616,0.0416666679084301,1.625,,9.49858306258917,-0.023362349718809128,13.040372848510742,456.24,0.5832942724227905,-0.00898302146106289,0.30236247181892395,-0.5987708568572998,0.29533952474594116,0.7199200987815857,0.02872861921787262,0.4055851101875305,1.0,0.9667052030563354,0.03138660741969943,0.3128121495246887,0.8333336114883423,-0.0095057412981987,0.6686603426933289,0.31585121154785156,0.3001132905483246,6.92399365901947,0.2566555440425873,7.4166669845581055,532.738369679
0.00011390625000000006,0.06441649049520493,0.7777778506278992,1784482749.1415398,2.0170092582702637,39553,0.34013962745666504,1205,2.185922145843506,0.22468183934688568,0.10012872517108917,3.282414436340332,0.0,2.0833334922790527,,8.579843007922172,-0.02054191380739212,12.550373077392578,417.69,0.5587605237960815,-0.008960565354209393,0.28366681933403015,-0.575795590877533,0.2846934199333191,0.6888653039932251,0.027531718835234642,0.40651842951774597,0.625,0.9276630282402039,0.03291881866753101,0.312804251909256,0.8053430318832397,-0.011034233495593071,0.6688655614852905,0.2994399070739746,0.2868102788925171,6.919621920585632,0.24828729033470154,6.583333492279053,535.262693787
0.00011390625000000006,0.063864566385746,0.7777778506278992,1784482751.6653674,2.163205623626709,40548,0.35473868250846863,1206,2.1338140964508057,0.24072763323783875,0.10488152503967285,3.386279821395874,0.0,2.0833334922790527,,8.637926151752472,-0.017712153494358063,12.521961212158203,408.26,0.553918182849884,-0.009521742002107203,0.3053724765777588,-0.5709900856018066,0.28040528297424316,0.7357640266418457,0.027327023446559906,0.4085744321346283,0.9166666865348816,0.9549442529678345,0.03443456012755632,0.3126232922077179,0.8702017664909363,-0.010396003723144531,0.6658198833465576,0.2905592918395996,0.2831365168094635,6.909508585929871,0.24377648532390594,6.583333492279053,538.51180016
0.00011390625000000006,0.06785710901021957,0.7777778506278992,1784482755.0351524,1.8544137477874756,31211,0.38259491324424744,1207,2.8472235202789307,0.1929263174533844,0.0903855413198471,3.0163183212280273,0.0,1.7083333730697632,"{'size': 1691520.0, '_type': 'video-file', 'sha256': '3239ff62f73c6e3ad03ca0d09db65f1c53f8dd08a63b9a8cf3db0dd20f29657d', 'path': 'media/videos/video_1207_3239ff62f73c6e3ad03c.mp4'}",9.529612448215484,-0.01799282245337963,11.849617004394531,451.12,0.5883181095123291,-0.009687483042944223,0.2583616375923157,-0.5887609720230103,0.29738152027130127,0.6755975484848022,0.029201596975326538,0.40734732151031494,0.75,0.859135091304779,0.03183960085734725,0.3123801350593567,0.7846448421478271,-0.007879076525568962,0.6658468842506409,0.3023645877838135,0.3022282123565674,6.888209390640259,0.2608855068683624,7.75,541.298887249
0.00011390625000000006,0.06211265176534653,0.7777778506278992,1784482757.7116551,2.0585131645202637,38179,0.3632892072200775,1208,2.2649130821228027,0.25737708806991577,0.10954871028661728,3.3810324668884277,0.0416666679084301,1.8333333730697632,,8.773782512843608,-0.018778793513774872,12.972286224365234,423.62,0.5397515296936035,-0.008865335676819085,0.31983503699302673,-0.557982861995697,0.2746760845184326,0.7580947279930115,0.027145612984895706,0.40713024139404297,1.2083333730697632,0.9999596476554871,0.032435674034059045,0.3120945394039154,0.8788463473320007,-0.01000581867992878,0.6654415726661682,0.3098444938659668,0.2764400243759155,6.868927693367004,0.24098747968673706,7.333333492279053,543.754540195
0.00011390625000000006,0.06678272783756256,0.7777778506278992,1784482760.1522453,1.889327883720398,41902,0.35916435718536377,1209,2.0539541244506836,0.21417641639709473,0.09390847384929657,3.0770509243011475,0.0,1.875,,8.937961255908013,-0.01856725662946701,11.636198043823242,428.96,0.5838451385498047,-0.009417098718404304,0.2750738859176636,-0.5910095572471619,0.2980344891548157,0.6869080066680908,0.029231131076812744,0.4075181186199188,0.75,0.8802961111068726,0.03384534157812595,0.31186479330062866,0.7852625250816345,-0.00984762143343687,0.6655870676040649,0.2920804023742676,0.298419713973999,6.840615630149841,0.25771981477737427,7.9166669845581055,546.286066806
7.593750000000004e-05,0.06596149504184723,0.7777778506278992,1784482762.7030635,1.9621293544769287,40344,0.3728935718536377,1210,2.1212658882141113,0.2190745770931244,0.09679552167654037,3.1712234020233154,0.0833333358168602,1.875,,8.855898634195327,-0.015882328152656555,12.206306457519531,428.14,0.5691845417022705,-0.00947815641266061,0.28515732288360596,-0.5796622037887573,0.28852447867393494,0.698104739189148,0.02835436537861824,0.4080498218536377,0.9583333730697632,0.9484792947769165,0.03008200479671359,0.3119237720966339,0.8311516642570496,-0.009808201342821121,0.6640893220901489,0.31537532806396484,0.2926866412162781,6.839118838310242,0.24961066246032715,8.458333969116211,548.828550916
0.00011390625000000003,0.06681767106056213,0.7777778506278992,1784482765.2277591,1.9422391653060913,40537,0.33964353799819946,1211,2.1326022148132324,0.2173171043395996,0.09745600074529648,3.1717543601989746,0.0,1.625,,9.169443465322257,-0.02038688026368618,12.103530883789062,443.13,0.5763020515441895,-0.008764173154486344,0.28105294704437256,-0.5841089487075806,0.29486629366874695,0.6969069242477417,0.028842948377132416,0.41129565238952637,0.7083333730697632,0.9299700260162354,0.03246051408350468,0.31192827224731445,0.8115835189819336,-0.009456937201321125,0.6616972088813782,0.2924227714538574,0.29609042406082153,6.841305112838745,0.25741440057754517,6.875,551.408016035
0.00011390625000000003,0.0613027922809124,0.7777778506278992,1784482767.8124719,1.9719318151474,39581,0.3560135066509247,1212,2.193143129348755,0.23060429096221924,0.09854285418987274,3.2127580642700195,0.0,1.5833333730697632,,9.046298777461052,-0.020113836973905563,11.874720573425293,437.32,0.5756486654281616,-0.009124949475517497,0.2880321145057678,-0.5888598561286926,0.29506629705429077,0.6974576711654663,0.028653090819716454,0.4130270481109619,0.9583333730697632,0.8896440267562866,0.03186277113854885,0.31179654598236084,0.8002058863639832,-0.010956148616969585,0.6611462831497192,0.2904164791107178,0.29509806632995605,6.833939862251282,0.2546543478965759,5.875,553.955612724
0.00011390625000000003,0.06200619786977768,0.7777778506278992,1784482770.3806393,1.9546129703521729,40196,0.353421688079834,1213,2.1441335678100586,0.21380898356437683,0.09775381535291672,3.211864948272705,0.0,1.7916667461395264,,8.564346403330564,-0.018017107620835304,12.220939636230469,416.69,0.5703951716423035,-0.00908782173646614,0.28236818313598633,-0.5849174857139587,0.2848351001739502,0.6552271842956543,0.028244923800230026,0.41430580615997314,0.875,0.9160484671592712,0.03354631271213293,0.31173643469810486,0.779956579208374,-0.009817734360694885,0.6606537103652954,0.30147790908813477,0.2927238941192627,6.8240580558776855,0.2503301501274109,7.5416669845581055,556.672458325
7.593750000000002e-05,0.06463264673948288,0.7777778506278992,1784482773.0841033,1.9387798309326172,37966,0.368289589881897,1214,2.2764642238616943,0.21570436656475067,0.09362059831619263,3.2316722869873047,0.0,1.8333333730697632,,8.941869188249111,-0.020055074244737625,12.357980728149414,434.06,0.5794935822486877,-0.009354907064698636,0.28087425231933594,-0.5853533744812012,0.2921665608882904,0.6614512205123901,0.028882745653390884,0.41518592834472656,0.7083333730697632,0.9244643449783325,0.03535455893725157,0.3115288019180298,0.8101708292961121,-0.008686104789376259,0.6592909097671509,0.31275081634521484,0.297382116317749,6.808321809768676,0.25529617071151733,7.333333492279053,559.105756121
0.00011390625000000003,0.06223408132791519,0.7777778506278992,1784482775.5143032,1.829183578491211,42270,0.3977956473827362,1215,2.0307257175445557,0.22458235919475555,0.09606897830963135,3.1225099563598633,0.0,1.7083333730697632,,8.708922718614339,-0.019895361736416817,11.978461265563965,422.87,0.5694953203201294,-0.007694718893617392,0.28919243812561035,-0.5817344188690186,0.2854763865470886,0.6757187843322754,0.028320780023932457,0.41653022170066833,0.8333333730697632,0.9163975715637207,0.03019748693332076,0.311455637216568,0.7838773131370544,-0.009438600391149521,0.6582680940628052,0.29484987258911133,0.29094111919403076,6.7962470054626465,0.251248836517334,7.25,561.739095794
7.593750000000004e-05,0.06573024392127991,0.7777778506278992,1784482778.1501381,1.902782917022705,38867,0.3754544258117676,1216,2.2145819664001465,0.22148548066616058,0.09853136539459229,3.0901103019714355,0.0,1.7916667461395264,,8.959751802831889,-0.02200501225888729,11.483999252319336,432.64,0.572905421257019,-0.009131747193168848,0.28152185678482056,-0.5837764143943787,0.29003116488456726,0.65639328956604,0.029112637042999268,0.41622841358184814,0.8333333730697632,0.9090580344200134,0.033721867203712466,0.31153348088264465,0.7660900950431824,-0.009594152681529522,0.6595284342765808,0.31459498405456543,0.2944100499153137,6.796474361419678,0.2527812719345093,6.875,564.195854356
0.00011390625000000003,0.0674738809466362,0.7777778506278992,1784482780.5989585,1.8055280447006226,41861,0.33619046211242676,1217,2.058483600616455,0.20478704571723938,0.09231206029653549,3.04976749420166,0.0,1.6666667461395264,,8.938120054602622,-0.0154797388240695,11.813356399536133,413.27,0.585114598274231,-0.009551599709084257,0.27380818128585815,-0.5833298563957214,0.2968922555446625,0.6430990695953369,0.029241833835840225,0.4176756739616394,0.6666666865348816,0.8796102404594421,0.029307043459266425,0.3113262355327606,0.7601618766784668,-0.008685272186994553,0.6581761240959167,0.28984689712524414,0.29883426427841187,6.795058917999268,0.2597595751285553,7.4166669845581055,566.826247079
0.00011390625000000003,0.06322380900382996,0.7777778506278992,1784482783.236659,1.9627563953399658,38842,0.37961694598197937,1218,2.221316337585449,0.20318375527858734,0.09393849968910217,3.1171767711639404,0.0,1.4583333730697632,,8.833763774037362,-0.01579194888472557,12.297452926635742,425.69,0.575781524181366,-0.009784283436601982,0.27712976932525635,-0.5879372954368591,0.293010950088501,0.6771332621574402,0.029201433062553406,0.419369101524353,0.75,0.9133347272872925,0.032360433135181665,0.3111427426338196,0.7927448153495789,-0.009428955614566803,0.6575592756271362,0.3095207214355469,0.2942694425582886,6.771491122245789,0.2539393901824951,6.958333492279053,569.369880952
0.00011390625000000006,0.066746786236763,0.7777778506278992,1784482785.7950497,1.9090598821640015,40383,0.3191206157207489,1219,2.1081044673919678,0.21580374240875244,0.0974072813987732,3.242598533630371,0.0,1.875,,8.74930909946561,-0.017647262662649155,12.021240234375,409.48,0.5673455595970154,-0.008627236673783045,0.2803770899772644,-0.568346381187439,0.2911332845687866,0.6604409217834473,0.029294557869434357,0.41625475883483887,0.7916666865348816,0.9021115303039551,0.03356280289590359,0.3112502992153168,0.781287431716919,-0.008677345700562,0.6588538289070129,0.32615160942077637,0.2893415093421936,6.770282769203186,0.2504436671733856,6.9166669845581055,571.954173876
0.00011390625000000006,0.066226065158844,0.7777778506278992,1784482788.3610806,1.8466691970825195,39997,0.36712774634361267,1220,2.158576011657715,0.19716182351112366,0.09107622504234314,2.9536616802215576,0.0,1.5416667461395264,,9.397703884243965,-0.018865840509533882,11.4801664352417,442.9,0.5980961322784424,-0.009261157806031406,0.2755352258682251,-0.6027922630310059,0.3029560446739197,0.6517597436904907,0.030064210295677185,0.4151949882507324,0.75,0.9013687968254089,0.028094256203621625,0.31105926632881165,0.7433991432189941,-0.008571602404117584,0.6589173078536987,0.2991805076599121,0.30695515871047974,6.766693663597107,0.26434704661369324,7.375,574.489128803
0.00011390625000000006,0.06894388794898987,0.7777778506278992,1784482790.914817,1.8770623207092285,40427,0.36508965492248535,1221,2.1226754188537598,0.20537778735160828,0.09017404168844223,3.1215929985046387,0.0,1.625,,9.15632213279605,-0.020082492381334305,11.60429573059082,435.9,0.590189516544342,-0.008950006563100032,0.26385435461997986,-0.5959852337837219,0.29696691036224365,0.6378779411315918,0.029513776302337646,0.41338884830474854,0.25,0.893071174621582,0.0299184774979949,0.31081876158714294,0.7620565295219421,-0.009619033895432949,0.6597528457641602,0.3089444637298584,0.30217576026916504,6.739513206481933,0.2604423761367798,6.333333492279053,577.046948213
0.00011390625000000006,0.06756604462862015,0.7777778506278992,1784482793.45721,1.8574550151824951,40438,0.3730621337890625,1222,2.1409826278686523,0.20199017226696014,0.09372119605541229,3.1274325847625732,0.0,1.5,,9.223215467631817,-0.018081244081258774,12.092988967895508,435.09,0.5943390727043152,-0.008728155482094735,0.27905821800231934,-0.5985320806503296,0.3050220310688019,0.7016780376434326,0.03073146939277649,0.41174185276031494,0.5416666865348816,0.9094626307487488,0.032047849614173174,0.31081143021583557,0.8116967082023621,-0.009431945160031319,0.6600475311279297,0.2899656295776367,0.3035926818847656,6.723981475830078,0.2629631459712982,7.1666669845581055,579.614410371
0.00011390625000000006,0.06559474766254425,0.7777778506278992,1784482796.0371773,1.9577586650848389,39964,0.3504490852355957,1223,2.1493136882781982,0.20219561457633972,0.09243948757648468,3.111374855041504,0.0416666679084301,1.9583333730697632,,9.467145817577839,-0.020263466984033585,12.231123924255371,442.1,0.5901988744735718,-0.00891278534400044,0.2803136110305786,-0.5920983552932739,0.2978762090206146,0.6510756015777588,0.030326202511787415,0.4100327491760254,0.7083333730697632,0.8851118087768555,0.03515624813735485,0.3108590841293335,0.7557501196861267,-0.009684685617685318,0.6602132320404053,0.31047773361206055,0.3022874593734741,6.730528450012207,0.2626870274543762,7.0416669845581055,582.300720077
0.00011390625000000006,0.06272608786821365,0.7777778506278992,1784482798.711172,1.98098886013031,38358,0.3460039496421814,1224,2.247411012649536,0.23629015684127808,0.10506656020879745,3.354687213897705,0.0,2.0833334922790527,,8.386517415344715,-0.01878538727760315,12.7127103805542,406.7,0.5443570017814636,-0.009402502718148752,0.3108920454978943,-0.5561408400535583,0.27558910846710205,0.7233976721763611,0.027275297790765762,0.4114767909049988,0.9583333730697632,0.9712845683097839,0.032026666775345804,0.3107142746448517,0.8594748973846436,-0.009618524461984634,0.6591065526008606,0.3153340816497803,0.2780149579048157,6.724915385246277,0.24099445343017578,7.4166669845581055,584.910338865
0.00011390625000000006,0.06846588850021362,0.7777778506278992,1784482801.3224082,1.6943354606628418,39307,0.3878537118434906,1225,2.1890668869018555,0.18603293597698212,0.08905166387557983,2.9327545166015625,0.0,1.6666667461395264,,9.532624704837799,-0.020386580377817154,11.370829582214355,461.15,0.5777179598808289,-0.008164570608641952,0.2632915675640106,-0.5929047465324402,0.29506662487983704,0.6375579833984375,0.029469456523656845,0.41352659463882446,0.5416666865348816,0.8464772701263428,0.03381569236516953,0.31052741408348083,0.7389329671859741,-0.01021154597401619,0.6575485467910767,0.3118164539337158,0.29504504799842834,6.709333872795105,0.2566370368003845,7.5416669845581055,587.426062112
0.00011390625000000006,0.06972278654575348,0.7777778506278992,1784482803.8324945,1.7915480136871338,40896,0.3553032875061035,1226,2.1092662811279297,0.2063598483800888,0.09359877556562424,2.9619929790496826,0.0,1.7916667461395264,,9.325181712955237,-0.014692714437842369,11.439059257507324,430.36,0.5821363925933838,-0.009263440262293443,0.26781919598579407,-0.580345869064331,0.2996165156364441,0.639421820640564,0.03043452464044094,0.414655864238739,0.6666666865348816,0.8477016687393188,0.03257414717227221,0.3103470504283905,0.7609440684318542,-0.008775611408054829,0.6574178338050842,0.2944619655609131,0.2982724606990814,6.692411112785339,0.26080650091171265,7.125,589.98158317
0.00017085937500000009,0.06231843680143356,0.7777778506278992,1784482806.3968022,1.9307998418807983,40099,0.3590184450149536,1227,2.127300977706909,0.2225075215101242,0.0978422686457634,3.1281898021698,0.0,1.6666667461395264,,9.325539055764676,-0.02138219028711319,11.738048553466797,436.87,0.562464714050293,-0.008794605758157558,0.2923954725265503,-0.5674107074737549,0.2866254448890686,0.6876160502433777,0.02898731455206871,0.41559070348739624,0.75,0.9205539226531982,0.030066919326782227,0.31007012724876404,0.7909128665924072,-0.009410027414560318,0.6556693911552429,0.3242208957672119,0.28729650378227234,6.671628189086914,0.2522910237312317,6.4166669845581055,593.154493795
0.00017085937500000009,0.06440006196498871,0.7777778506278992,1784482809.6439111,1.7953460216522217,32147,0.3819890022277832,1228,2.75344181060791,0.1788981407880783,0.08811080455780029,2.975971221923828,0.0,1.4166667461395264,"{'path': 'media/videos/video_1228_0cdf4b3d5fec0f505d80.mp4', 'size': 1526904.0, '_type': 'video-file', 'sha256': '0cdf4b3d5fec0f505d80d07318b94dd1f040131848fcb0e683ab3af4e42ab658'}",9.736679106652737,-0.018554022535681725,11.477470397949219,463.93,0.579045295715332,-0.0078003415343118835,0.25211283564567566,-0.5845456123352051,0.2974429130554199,0.6539266109466553,0.030138477683067322,0.4147319793701172,0.5833333730697632,0.8549556732177734,0.03284423304721713,0.3100391924381256,0.7494964003562927,-0.00942031480371952,0.6569793820381165,0.3044722080230713,0.29727649688720703,6.658326625823975,0.25966912508010864,7.5,595.704395505
0.00011390625000000006,0.06651915609836578,0.7777778506278992,1784482812.1077602,1.7885246276855469,41404,0.3771195113658905,1229,2.083731174468994,0.2023504674434662,0.09378552436828613,3.097153663635254,0.0,1.8333333730697632,,8.88067956507206,-0.01909470185637474,12.02442741394043,427.46,0.5757413506507874,-0.007519662134291139,0.27217721939086914,-0.5843758583068848,0.29205793142318726,0.6884814500808716,0.029822280630469322,0.4126718044281006,0.5416666865348816,0.8789725303649902,0.03553971573710442,0.3098892569541931,0.7934052348136902,-0.009786226786673069,0.6569850444793701,0.2904832363128662,0.29657143354415894,6.6510944128036495,0.25815072655677795,7.833333492279053,598.305602353
0.00011390625000000006,0.06817319989204407,0.7777778506278992,1784482814.7055519,1.775787353515625,39318,0.3584741950035095,1230,2.193237066268921,0.19080638885498047,0.09093067049980164,3.0004477500915527,0.0,1.5833333730697632,,9.342122942507267,-0.022955914959311485,11.644001007080078,448.33,0.5878725051879883,-0.009204498335020617,0.26084965467453003,-0.594048798084259,0.29967057704925537,0.6686781644821167,0.030515585094690323,0.4117669463157654,0.625,0.8492931127548218,0.028542290907353163,0.30965760350227356,0.751450777053833,-0.009626319631934166,0.656521201133728,0.3069725036621094,0.30064713954925537,6.630372214317322,0.2625797390937805,8.208333969116211,600.753601227
0.00011390625000000006,0.06726148724555969,0.7777778506278992,1784482817.15109,1.7234535217285156,41781,0.3841181695461273,1231,2.0563137531280518,0.18574802577495575,0.08798587322235107,2.9045023918151855,0.0,1.6666667461395264,,9.607131571769715,-0.014226331375539303,11.5466947555542,448.85,0.595680832862854,-0.008520651573780924,0.25946587324142456,-0.6004557609558105,0.3054240345954895,0.5885916948318481,0.03159944713115692,0.4130745530128479,0.5833333730697632,0.8568155765533447,0.032250843849033116,0.3096032738685608,0.7092735171318054,-0.008962362073361874,0.6557431221008301,0.29651618003845215,0.3053148686885834,6.616551327705383,0.26791390776634216,8.083333969116211,603.389068973
0.00011390625000000006,0.0690935030579567,0.7777778506278992,1784482819.7981186,1.8760584592819214,38638,0.3496955335140228,1232,2.2367377281188965,0.19472810626029968,0.09158925712108612,3.0875403881073,0.0,1.7083333730697632,,9.600860301554203,-0.016297632828354836,11.967742919921875,440.65,0.5833698511123657,-0.008842333495340426,0.2695210576057434,-0.5833476185798645,0.29959583282470703,0.655382513999939,0.03051445446908474,0.4112564027309418,0.625,0.8911995887756348,0.033126539923250674,0.30950507521629333,0.7674475908279419,-0.00874901469796896,0.6550683975219727,0.30748844146728516,0.2987719476222992,6.615845274925232,0.26107388734817505,7.208333492279053,605.860628597
0.00011390625000000006,0.07053326815366745,0.7777778506278992,1784482822.2696638,1.8902896642684937,41539,0.3701164126396179,1233,2.0690972805023193,0.20629605650901794,0.09557370841503143,3.0783843994140625,0.0,1.75,,9.5405826613307,-0.01655583083629608,11.820289611816406,434.82,0.5633496642112732,-0.00853332801052602,0.2835298180580139,-0.5657411217689514,0.2916874885559082,0.6847617626190186,0.029612353071570396,0.41207581758499146,0.6666666865348816,0.8960095643997192,0.03166693327948451,0.30938178300857544,0.7811025977134705,-0.009540058672428131,0.6544135808944702,0.297435998916626,0.2865458130836487,6.601401090621948,0.25522756576538086,6.458333492279053,608.463961616
0.00011390625000000006,0.06807786971330643,0.7777778506278992,1784482824.8590844,1.8242170810699463,39354,0.3340640068054199,1234,2.186505079269409,0.19799701869487762,0.08942653983831406,2.9573302268981934,0.0416666679084301,1.375,,9.06818226158619,-0.018229246139526367,11.708815574645996,431.37,0.5778020620346069,-0.009514385662623682,0.2693077325820923,-0.5859123468399048,0.2952026128768921,0.6320884823799133,0.03024950623512268,0.41120943427085876,0.5833333730697632,0.8760730624198914,0.030417281296104194,0.30916085839271545,0.7291578054428101,-0.00986911915242672,0.6549699306488037,0.31142711639404297,0.29495859146118164,6.585674619674682,0.26013728976249695,7.333333492279053,610.893121215
0.00011390625000000006,0.06677420437335968,0.7777778506278992,1784482827.298708,1.8625082969665527,42024,0.3590620160102844,1235,2.0481619834899902,0.21451473236083984,0.09403695911169052,3.0147595405578613,0.0416666679084301,1.7916667461395264,,8.747734876368195,-0.016863636672496796,11.497103691101074,416.14,0.5706689953804016,-0.008983412041561677,0.27715736627578735,-0.57796311378479,0.29231488704681396,0.6264387369155884,0.030036810785531998,0.41108080744743347,0.6666666865348816,0.8482699394226074,0.032090408820658924,0.30918049812316895,0.7313566207885742,-0.010331153869628906,0.6539860963821411,0.29105162620544434,0.2910875082015991,6.575163888931274,0.25679224729537964,7.333333492279053,613.430431613
0.00011390625000000006,0.06750616431236267,0.7777778506278992,1784482829.8520312,1.7813056707382202,40367,0.38308876752853394,1236,2.112908124923706,0.2054804414510727,0.09179642796516418,3.067246437072754,0.0416666679084301,1.875,,9.156493693888187,-0.022622983902692795,12.129008293151855,436.63,0.5819547176361084,-0.009121426451019942,0.2725023031234741,-0.5876744985580444,0.2977878153324127,0.6358349323272705,0.030634470283985138,0.4096605181694031,0.625,0.897098958492279,0.032246114872395995,0.30921635031700134,0.742966890335083,-0.009893806651234627,0.6538288593292236,0.32231736183166504,0.295276939868927,6.576921653747559,0.264604777097702,8.166666984558105,615.992854925
7.593750000000004e-05,0.06747211515903473,0.7777778506278992,1784482832.4022539,1.9319490194320679,40270,0.3853355348110199,1237,2.1468665599823,0.22001245617866516,0.0951419398188591,3.1276092529296875,0.0,1.625,,9.519585342407227,-0.01815192773938179,12.224958419799805,444.25,0.5662429332733154,-0.00871830924297683,0.28596580028533936,-0.5702191591262817,0.2899364233016968,0.6761888265609741,0.02962329611182213,0.41019362211227417,0.7916666865348816,0.9312304258346558,0.03174567837268114,0.30916255712509155,0.7855920195579529,-0.009737500920891762,0.6540173888206482,0.29424166679382324,0.28797075152397156,6.5762347936630245,0.2577418088912964,7.0416669845581055,618.514706706
0.00011390625000000003,0.0687752515077591,0.7777778506278992,1784482834.9186165,1.8720215559005737,40735,0.36730772256851196,1238,2.1179871559143066,0.18426541984081268,0.08995655179023743,3.038825750350952,0.0416666679084301,1.5833333730697632,,9.66700059235096,-0.019281161949038506,11.707832336425781,447.5,0.5849353671073914,-0.008174238016363234,0.2692052125930786,-0.5887864828109741,0.3051004409790039,0.6658600568771362,0.0316544771194458,0.41001641750335693,0.5833333730697632,0.8743398189544678,0.03157290043309331,0.30917561054229736,0.7591685652732849,-0.009787325747311115,0.6537576913833618,0.29522204399108887,0.29927825927734375,6.572223711013794,0.26879072189331055,8.0,620.960707706
0.00011390625000000006,0.07275120913982391,0.7777778506278992,1784482837.368574,1.7460554838180542,41894,0.3625297546386719,1239,2.061136484146118,0.1948411911725998,0.08968250453472137,3.0843608379364014,0.0,1.4583333730697632,,9.507117403633892,-0.023073580116033554,11.908365249633789,450.63,0.6061224937438965,-0.008675955404760316,0.27001953125,-0.610639214515686,0.3116414546966553,0.6145617961883545,0.0321161262691021,0.40957897901535034,0.4583333432674408,0.9053694605827332,0.032080044969916344,0.309037446975708,0.7275476455688477,-0.010341777466237545,0.6538518667221069,0.28530216217041016,0.31064265966415405,6.567929625511169,0.27595987915992737,7.458333492279053,623.603337727
0.00011390625000000006,0.06803025305271149,0.7777778506278992,1784482840.0220318,1.6833906173706055,38757,0.37807321548461914,1240,2.2205452919006348,0.21070407330989838,0.09358837455511093,3.0643813610076904,0.0,1.375,,9.940519548654557,-0.014271344058215618,11.914468765258789,452.28,0.5871467590332031,-0.009231441783776972,0.2761983871459961,-0.5887054800987244,0.30518609285354614,0.6346039175987244,0.03186725825071335,0.41060611605644226,0.8333333730697632,0.8533448576927185,0.033688957802951336,0.30887266993522644,0.7400044798851013,-0.009841660037636757,0.6536731719970703,0.31586718559265137,0.3014683723449707,6.548149657249451,0.2698456048965454,7.0416669845581055,626.215496577
0.00017085937500000009,0.06697102636098862,0.7777778506278992,1784482842.6197627,1.9598830938339233,39394,0.35248956084251404,1241,2.1992619037628174,0.23939746618270874,0.0989898294210434,3.2525949478149414,0.0416666679084301,1.4583333730697632,,8.519170356541872,-0.020112838596105576,11.946044921875,404.17,0.5834490656852722,-0.009082310885423795,0.30202269554138184,-0.5907613635063171,0.3002244830131531,0.7225543260574341,0.03085148148238659,0.4110211730003357,0.9583333730697632,0.9503781199455261,0.03213937059044838,0.3089403212070465,0.8363218307495117,-0.01097459252923727,0.6543504595756531,0.2961242198944092,0.2972180247306824,6.55261640548706,0.26608774065971375,7.0,628.737645444
7.593750000000004e-05,0.0693359449505806,0.7777778506278992,1784482845.1434693,1.9023574590682983,40592,0.31170904636383057,1242,2.128819704055786,0.19310209155082703,0.08931554853916168,3.063533306121826,0.0,1.5833333730697632,,9.049401680976153,-0.021749643608927727,11.719645500183105,427.7,0.5917422771453857,-0.008781060669571161,0.26334771513938904,-0.5941486358642578,0.305412232875824,0.6157951354980469,0.03188486397266388,0.4105236232280731,0.4583333432674408,0.8695145845413208,0.03179313819855452,0.30885955691337585,0.7526070475578308,-0.009483512490987778,0.6545038819313049,0.292893648147583,0.3046296238899231,6.554239892959595,0.27354347705841064,6.708333492279053,631.226721315
0.00011390625000000003,0.06819866597652435,0.7777778506278992,1784482847.6315572,1.9101974964141846,41195,0.3509666621685028,1243,2.091153383255005,0.2205277532339096,0.09644242376089096,3.164330244064331,0.0,1.4583333730697632,,9.327294116020203,-0.020780574530363083,12.109945297241211,434.46,0.5889526009559631,-0.009350522828754038,0.29394763708114624,-0.5926849842071533,0.30376189947128296,0.6761093139648438,0.03195234388113022,0.4122428297996521,0.75,0.9586988687515259,0.031123419851064683,0.308736115694046,0.8002251982688904,-0.01109179388731718,0.6532674431800842,0.29514336585998535,0.3015390932559967,6.542406702041626,0.2721576392650604,6.9166669845581055,633.788811046
0.00011390625000000003,0.06991204619407654,0.7777778506278992,1784482850.6026425,1.784264326095581,39948,0.3736611008644104,1244,2.1438629627227783,0.17346817255020142,0.08400778472423553,2.9732460975646973,0.0,1.4583333730697632,,9.538107244074345,-0.021474700421094894,11.634637832641602,448.63,0.6014918088912964,-0.009201971176662483,0.2543874979019165,-0.6104109287261963,0.3082297444343567,0.6451591849327087,0.03226345777511597,0.41032156348228455,0.4166666865348816,0.8375665545463562,0.028771672770380972,0.3084926903247833,0.7407090663909912,-0.010753078386187553,0.6542654633522034,0.31691646575927734,0.30769675970077515,6.527667117118836,0.27569520473480225,7.25,636.80242464
0.00011390625000000006,0.06812851876020432,0.7777778506278992,1784482853.2110672,1.8816688060760498,39339,0.37265509366989136,1245,2.2026445865631104,0.19182035326957703,0.0882369726896286,3.1148953437805176,0.0,1.6666667461395264,,9.328231827318668,-0.018737709149718285,11.763124465942383,434.69,0.5925230979919434,-0.009161813685204833,0.2638956904411316,-0.5964843034744263,0.30528509616851807,0.653786301612854,0.031285420060157776,0.40851038694381714,0.4583333432674408,0.8512594103813171,0.028540914598852395,0.30838921666145325,0.7600499987602234,-0.010201138444244862,0.6540927290916443,0.2962343692779541,0.30285611748695374,6.510645246505737,0.27420562505722046,6.958333492279053,639.503608615
7.593750000000004e-05,0.06868591159582138,0.7777778506278992,1784482855.914848,1.658493995666504,37922,0.34807491302490234,1246,2.2847695350646973,0.17689195275306702,0.08701138198375702,3.0388107299804688,0.0,1.5833333730697632,,9.724488759040833,-0.016523588448762894,11.896673202514648,441.25,0.5961833596229553,-0.009192685002926738,0.2552729547023773,-0.5922691226005554,0.30776089429855347,0.6149296164512634,0.03248056396842003,0.40681540966033936,0.5416666865348816,0.8499969244003296,0.030391407292336227,0.30836233496665955,0.7197887301445007,-0.009930899366736412,0.6537958383560181,0.30744051933288574,0.3055925965309143,6.506025266647339,0.27599653601646423,7.958333492279053,641.981176788
0.00011390625000000003,0.06387026607990265,0.7777778506278992,1784482858.382377,1.8514959812164307,41510,0.38242241740226746,1247,2.0841808319091797,0.20926153659820557,0.09123661369085312,3.0804996490478516,0.0,1.625,,9.028913177996873,-0.020295429974794388,11.943534851074219,431.78,0.5768737196922302,-0.00858445347585075,0.27762848138809204,-0.5816491842269897,0.2895268201828003,0.6275913119316101,0.030120402574539185,0.406216561794281,0.7083333730697632,0.8899242877960205,0.029856908321380615,0.3081919252872467,0.7308580875396729,-0.009411069564521313,0.6544684171676636,0.2839775085449219,0.29525095224380493,6.499886608123779,0.2614225149154663,6.9166669845581055,645.187635455
0.00011390625000000006,0.06413140892982483,0.7777778506278992,1784482861.678261,1.7961125373840332,31619,0.3693556785583496,1248,2.7895004749298096,0.21115002036094666,0.09541206806898117,3.039480209350586,0.0416666679084301,1.5,"{'path': 'media/videos/video_1248_e58cf81c40054b7f5a79.mp4', 'size': 1491334.0, '_type': 'video-file', 'sha256': 'e58cf81c40054b7f5a795c894441ea92ca6d5c3c70db5fc8d6270c22c7402cea'}",9.236023250892758,-0.014589902013540268,11.762876510620117,427.69,0.5835084915161133,-0.007489118579542264,0.28896480798721313,-0.5862951874732971,0.30127155780792236,0.6965926885604858,0.03135107830166817,0.4076964259147644,0.6666666865348816,0.8823947310447693,0.03295458750799298,0.3080318570137024,0.7831859588623047,-0.010052252560853958,0.6548382639884949,0.3195154666900635,0.3012150228023529,6.483419346809387,0.2681156098842621,7.0,647.726745803
7.593750000000004e-05,0.0670047253370285,0.7777778506278992,1784482864.1265767,1.7124710083007812,41639,0.427848756313324,1249,2.065323829650879,0.19759081304073334,0.09220650047063828,3.003265380859375,0.0416666679084301,1.9166667461395264,,9.931407631635667,-0.017992965877056122,11.88167953491211,457.97,0.5880769491195679,-0.00860381475649774,0.2732742130756378,-0.5891107320785522,0.2996138036251068,0.6555947661399841,0.03156610578298569,0.41036003828048706,0.5416666865348816,0.8734995722770691,0.0321735905483365,0.30803728103637695,0.7574652433395386,-0.010347369126975536,0.6533724665641785,0.29549312591552734,0.30030369758605957,6.47833514213562,0.26910531520843506,7.5,650.234582699
7.593750000000002e-05,0.06392499804496765,0.7777778506278992,1784482866.6385741,2.0126953125,40764,0.3665606677532196,1250,2.116190195083618,0.2187318652868271,0.0988616868853569,3.203143835067749,0.0416666679084301,1.9583333730697632,,8.724082797318697,-0.01861470378935337,12.164759635925293,407.85,0.5493670701980591,-0.008201591570104938,0.294997900724411,-0.5516886115074158,0.2793368697166443,0.6923543810844421,0.02919401228427887,0.4107165038585663,0.7083333730697632,0.9244136214256287,0.03309560641646385,0.30820631980895996,0.8111583590507507,-0.009363086894154549,0.6541597843170166,0.29530858993530273,0.2813419699668884,6.484403610229492,0.2525657117366791,7.5416669845581055,652.814606821
0.00011390625000000003,0.07259999215602875,0.7777778506278992,1784482869.2229226,1.5332469940185547,39657,0.3327295780181885,1251,2.168503999710083,0.15552686154842377,0.07733221352100372,2.7344369888305664,0.0,1.125,,9.824017446041108,-0.018230363726615906,10.793426513671875,452.12,0.6226434707641602,-0.007631389604648575,0.23027418553829193,-0.6197919845581055,0.3264678418636322,0.5554215908050537,0.03392095863819122,0.40919312834739685,0.375,0.7654365301132202,0.034152157977223395,0.30838459730148315,0.6411237120628357,-0.008796270936727524,0.654226541519165,0.3103189468383789,0.3205660581588745,6.502889394760132,0.2915032207965851,8.041666984558105,655.392055
0.00011390625000000003,0.06331903487443924,0.7777778506278992,1784482871.8120215,1.758232831954956,39774,0.4009068012237549,1252,2.1554946899414062,0.2027704417705536,0.09144103527069092,2.783987045288086,0.0416666679084301,1.4166667461395264,,9.311697511076927,-0.018112795427441597,10.608386993408203,429.9,0.5899872779846191,-0.008220121674821713,0.26533424854278564,-0.5881654620170593,0.3004540503025055,0.6011327505111694,0.03141927719116211,0.41184383630752563,0.7083333730697632,0.8287813067436218,0.033068118058145045,0.30846691131591797,0.6835471987724304,-0.009165868163108826,0.6537375450134277,0.31606316566467285,0.30340152978897095,6.5147669315338135,0.2715756297111511,7.583333492279053,657.956816725
7.593750000000004e-05,0.06434369087219238,0.7777778506278992,1784482874.35304,1.8173044919967651,40221,0.3821398913860321,1253,2.1461312770843506,0.19501367211341858,0.092160664498806,3.047886610031128,0.0,1.75,,9.545537787377834,-0.01743132621049881,11.555862426757812,436.94,0.5783345103263855,-0.007564073789399117,0.26920416951179504,-0.5770867466926575,0.2973572909832001,0.6572262048721313,0.030633162707090378,0.4130897521972656,0.7916666865348816,0.8573160171508789,0.03245470738038421,0.30835989117622375,0.7673406600952148,-0.009635413996875286,0.6534241437911987,0.29791903495788574,0.2970902621746063,6.512969231605529,0.26765233278274536,7.25,660.625037754
7.593750000000002e-05,0.06650988757610321,0.7777778506278992,1784482877.0352015,1.8813283443450928,38158,0.3905911445617676,1254,2.266263246536255,0.21408343315124512,0.0961008071899414,3.0237674713134766,0.0,1.25,,9.263298161029816,-0.024882575497031212,11.321256637573242,432.07,0.5970253944396973,-0.00816750176018104,0.2930436432361603,-0.5939570665359497,0.30906033515930176,0.6959112882614136,0.03208703547716141,0.4132169187068939,0.7916666865348816,0.8978456258773804,0.036368739791214466,0.3083104193210602,0.7997750043869019,-0.011045991443097591,0.6523997783660889,0.3099539279937744,0.30539166927337646,6.503520393371582,0.27621960639953613,7.25,663.095136659
0.00011390625000000003,0.06608118861913681,0.7777778506278992,1784482879.4992433,1.7814019918441772,41652,0.40806692838668823,1255,2.070368528366089,0.21002140641212463,0.0934503823518753,2.975809097290039,0.0,1.2083333730697632,,9.785999087393284,-0.01816847175359726,11.4391508102417,451.77,0.5814499855041504,-0.007556506991386413,0.2757865786552429,-0.5842292904853821,0.2983895540237427,0.6861526370048523,0.030835537239909172,0.41456305980682373,0.75,0.8873364329338074,0.03346630148589611,0.30827444791793823,0.7685184478759766,-0.010523920878767967,0.6535047292709351,0.2897224426269531,0.2978940010070801,6.498289465904236,0.26705241203308105,7.0416669845581055,665.531238563
0.00011390625000000003,0.06908565014600754,0.7777778506278992,1784482881.936521,1.8414537906646729,42080,0.3661271035671234,1256,2.040346145629883,0.21962150931358337,0.09311884641647339,3.05600905418396,0.0833333358168602,1.875,,9.7016841802001,-0.02126908116042614,11.609062194824219,445.35,0.5903566479682922,-0.00812706512515433,0.2802034318447113,-0.591505765914917,0.30595922470092773,0.6589764952659607,0.032105110585689545,0.41365087032318115,0.5416666865348816,0.888412356376648,0.030908091366291045,0.3080563545227051,0.7632012367248535,-0.010320968925952911,0.6548870801925659,0.29575562477111816,0.30331122875213623,6.481094431877136,0.27786868810653687,7.583333492279053,668.130414576
0.00011390625000000006,0.06435419619083405,0.7777778506278992,1784482884.5387955,1.65791654586792,39376,0.35967928171157837,1257,2.19071364402771,0.18550783395767212,0.0832308977842331,2.8139147758483887,0.0416666679084301,1.1666667461395264,,9.924628847539426,-0.020739495754241943,11.112165451049805,459.85,0.5967809557914734,-0.008355732265044935,0.252352237701416,-0.5972551107406616,0.30395495891571045,0.5964409708976746,0.031583115458488464,0.41512081027030945,0.5833333730697632,0.7942261099815369,0.03192330123856664,0.307893306016922,0.6916224360466003,-0.010605346411466599,0.6534020304679871,0.3057746887207031,0.3053375482559204,6.467079854011535,0.27389949560165405,7.583333492279053,670.569112566
0.00011390625000000006,0.06846989691257477,0.7777778506278992,1784482886.9782271,1.895826816558838,42126,0.3806688189506531,1258,2.0335261821746826,0.21089302003383636,0.09024493396282196,3.022495746612549,0.0416666679084301,1.4166667461395264,,9.55336980521679,-0.02046036720275879,11.598445892333984,433.51,0.6020128130912781,-0.008042365607434477,0.27277088165283203,-0.5976049304008484,0.3124219477176666,0.6490505933761597,0.03248540684580803,0.4158194959163666,0.7083333730697632,0.8640477061271667,0.030031087901443244,0.3077848255634308,0.7515043616294861,-0.009918967261910439,0.6533826589584351,0.300029993057251,0.30805060267448425,6.45013062953949,0.28349071741104126,7.5416669845581055,673.171622042
0.00011390625000000006,0.06919152289628983,0.7777778506278992,1784482889.581439,1.7092126607894897,39389,0.40346798300743103,1259,2.1769158840179443,0.1847456693649292,0.08718913793563843,2.8799781799316406,0.0416666679084301,1.4583333730697632,,9.30870161369443,-0.020216921344399452,11.366147994995117,438.95,0.5936346054077148,-0.008229579590260983,0.26321232318878174,-0.5944108963012695,0.3058261573314667,0.637860119342804,0.032158445566892624,0.41757798194885254,0.5833333730697632,0.848206639289856,0.03242584709078074,0.3077407479286194,0.7416852712631226,-0.009311811067163944,0.6533892154693604,0.31877803802490234,0.30443888902664185,6.4468447923660275,0.2737840712070465,8.041666984558105,675.619105146
0.00011390625000000006,0.0636875182390213,0.7777778506278992,1784482892.0194411,1.6638944149017334,42016,0.3946824073791504,1260,2.0544726848602295,0.18617938458919525,0.08506687730550766,2.7722063064575195,0.0,1.1666667461395264,,9.908133486360311,-0.01949271187186241,10.722410202026367,452.46,0.6078296899795532,-0.008989868639037012,0.2501028776168823,-0.6132991313934326,0.31234174966812134,0.5509449243545532,0.032248612493276596,0.4177248179912567,0.5833333730697632,0.7969298362731934,0.03162108398973942,0.3075529634952545,0.6624462604522705,-0.010884387418627739,0.6527776718139648,0.28517889976501465,0.3118848204612732,6.433408665657043,0.2818354368209839,7.5,678.025586178
7.593750000000004e-05,0.06271852552890778,0.7777778506278992,1784482894.4358208,1.9148283004760742,42552,0.414463609457016,1261,2.0248117446899414,0.22278541326522827,0.10052811354398727,3.116816997528076,0.0416666679084301,1.5,,9.774745352342725,-0.017382178455591202,12.293041229248047,445.23,0.5730695128440857,-0.008160921966191382,0.3048110902309418,-0.5738440155982971,0.294474333524704,0.6806132197380066,0.030506379902362823,0.4199499785900116,0.9583333730697632,0.9288110136985779,0.03033863501623273,0.30733543634414673,0.8129576444625854,-0.011031446978449821,0.6515070199966431,0.2853724956512451,0.2927510142326355,6.412797355651856,0.26437848806381226,7.25,680.661807969
7.593750000000002e-05,0.06566525250673294,0.7777778506278992,1784482897.0712078,1.8738346099853516,38876,0.38511741161346436,1262,2.216541290283203,0.19901475310325623,0.0889982208609581,3.0279369354248047,0.0,1.375,,9.369088534265757,-0.023730551823973656,11.678149223327637,429.37,0.5800730586051941,-0.008075726011884398,0.2695583701133728,-0.5718531608581543,0.3009987473487854,0.6252535581588745,0.03137893229722977,0.4227922558784485,0.625,0.8450676202774048,0.03172454694285989,0.30716851353645325,0.7113630175590515,-0.00886030774563551,0.6508525013923645,0.31209897994995117,0.29674914479255676,6.393277978897094,0.26927655935287476,6.6666669845581055,683.124628646
7.593750000000002e-05,0.06975222378969193,0.7777778506278992,1784482899.522854,1.8808130025863647,41727,0.4041557013988495,1263,2.0622403621673584,0.20646518468856812,0.09409414976835251,3.028573513031006,0.0,1.7916667461395264,,9.454072038978339,-0.01642126590013504,11.720298767089844,420.98,0.5841820240020752,-0.008842402612208389,0.286737322807312,-0.5808230638504028,0.30837661027908325,0.6941114664077759,0.03197357803583145,0.4221956431865692,0.75,0.9141473770141602,0.031089381594210864,0.3069272041320801,0.77403724193573,-0.01020250003784895,0.6507049798965454,0.2936251163482666,0.30095627903938293,6.370455026626587,0.27581465244293213,6.458333492279053,685.760190759
0.00011390625000000003,0.07294508814811707,0.7777778506278992,1784482902.1698437,1.6064066886901855,38696,0.35461145639419556,1264,2.226621627807617,0.15529590845108032,0.07807227224111557,2.7000885009765625,0.0416666679084301,0.9583333730697632,,9.956904235929251,-0.018652550876140594,10.569124221801758,449.23,0.6176779866218567,-0.0075172474520513784,0.22649073600769043,-0.6088223457336426,0.3205717206001282,0.5563040971755981,0.03400252014398575,0.421923965215683,0.5,0.7867132425308228,0.027582873031497,0.30670061707496643,0.6539644002914429,-0.008469147607684135,0.6503214240074158,0.31379222869873047,0.3153485655784607,6.350871634483338,0.2873225212097168,7.625,688.319919981
0.00011390625000000003,0.0675194039940834,0.7777778506278992,1784482904.7329211,1.6008086204528809,40101,0.4046565890312195,1265,2.1343586444854736,0.16539889574050903,0.08079983294010162,2.7019400596618652,0.0,1.3333333730697632,,9.346772940605879,-0.016232604160904884,10.823492050170898,437.6,0.6149044632911682,-0.009814870846457779,0.236225426197052,-0.6165602803230286,0.3133385181427002,0.6068557500839233,0.03322562575340271,0.4222792983055115,0.375,0.772710919380188,0.030125518795102835,0.30634450912475586,0.6815851926803589,-0.010978762060403824,0.6508243083953857,0.3170294761657715,0.315459281206131,6.317542266845703,0.2831476330757141,7.708333492279053,690.978686892
0.00011390625000000003,0.0645284578204155,0.7777778506278992,1784482907.3835602,1.7544095516204834,38615,0.3821146488189697,1266,2.2327911853790283,0.18114888668060303,0.08683982491493225,2.8950743675231934,0.0,1.25,,9.372653730511665,-0.021350286900997162,11.529485702514648,437.1,0.5821835994720459,-0.009077313507441431,0.25820833444595337,-0.5838621258735657,0.30144134163856506,0.6098699569702148,0.031686291098594666,0.42018383741378784,0.5416666865348816,0.8300809264183044,0.02805623421445489,0.30622416734695435,0.6994308829307556,-0.01068344246596098,0.6527265906333923,0.31292033195495605,0.29722994565963745,6.303090739250183,0.2725387513637543,6.6666669845581055,693.430415098
7.593750000000004e-05,0.06731545925140381,0.7777778506278992,1784482909.8319523,1.5593183040618896,41823,0.37839215993881226,1267,2.0635292530059814,0.17911207675933838,0.08312860876321793,2.8202972412109375,0.0,1.0416667461395264,,9.655787748396397,-0.018208935856819153,11.127050399780273,444.25,0.6075985431671143,-0.007912522001424805,0.2452482432126999,-0.6090186834335327,0.319901704788208,0.5783662796020508,0.03368236869573593,0.42118239402770996,0.5833333730697632,0.7817976474761963,0.031705567985773085,0.30606868863105774,0.6550643444061279,-0.009785065427422523,0.6536208391189575,0.28693509101867676,0.3107285499572754,6.290545248985291,0.2848226726055145,8.208333969116211,696.086696411
0.00011390625000000003,0.06693485379219055,0.7777778506278992,1784482912.4926825,1.819697618484497,38436,0.3936113119125366,1268,2.251291513442993,0.19544950127601624,0.0897337794303894,2.9709982872009277,0.0,1.5416667461395264,,9.197819526791573,-0.020416535437107086,11.477783203125,418.72,0.592522144317627,-0.007868437566503416,0.26902204751968384,-0.5889948606491089,0.3107794225215912,0.643562376499176,0.03309917449951172,0.42283332347869873,0.5416666865348816,0.8653544783592224,0.03627662379294634,0.30580654740333557,0.751853883266449,-0.010436254553496838,0.6528772115707397,0.3062622547149658,0.3029599189758301,6.267816948890686,0.2790607810020447,6.75,699.061621513
0.00011390625000000003,0.0685977041721344,0.7777778506278992,1784482915.5249536,1.7299528121948242,34246,0.362257719039917,1269,2.5806822776794434,0.19880519807338715,0.09015537798404694,2.797758102416992,0.0,1.4583333730697632,"{'path': 'media/videos/video_1269_4a9f486b07cc302a04b3.mp4', 'size': 1462504.0, '_type': 'video-file', 'sha256': '4a9f486b07cc302a04b3b49c2cdbfc9aa1a7dc8554c255c06981e704cd019ca4'}",10.132356190681458,-0.015564876608550549,11.093092918395996,460.02,0.595960259437561,-0.008344963515082782,0.26489704847335815,-0.5943001508712769,0.3103640675544739,0.6036311388015747,0.03289147466421127,0.4255872666835785,0.5833333730697632,0.7943234443664551,0.038099220022559166,0.3059792220592499,0.6846272349357605,-0.010072438046336174,0.6513557434082031,0.2897980213165283,0.30528146028518677,6.26368019580841,0.2780578136444092,7.4166669845581055,701.645505102
0.00011390625000000003,0.06823307275772095,0.7777778506278992,1784482918.0535262,1.8854907751083374,40370,0.3932957649230957,1270,2.136597156524658,0.21567952632904053,0.09188928455114365,3.088399887084961,0.0,2.2083334922790527,,9.754483026117086,-0.0149992685765028,12.03997802734375,442.36,0.5911237597465515,-0.008331573809846305,0.2823941111564636,-0.5891398191452026,0.3046163022518158,0.6466965675354004,0.03237113356590271,0.42647784948349,0.5833333730697632,0.9082316160202026,0.03328671734780073,0.30594179034233093,0.7625266909599304,-0.010421087965369225,0.6516737341880798,0.29843735694885254,0.3022126853466034,6.276684713363648,0.2755289077758789,8.083333969116211,704.145023202
0.00011390625000000003,0.06404760479927063,0.7777778506278992,1784482920.5603678,1.882178783416748,41041,0.3301224112510681,1271,2.091486930847168,0.20133355259895325,0.08999417722225189,3.044240713119507,0.0,1.875,,9.806732676029206,-0.018016815185546875,11.487391471862793,442.25,0.5829747915267944,-0.009882214476238004,0.2624863088130951,-0.5778172016143799,0.30349093675613403,0.6475099921226501,0.032204121351242065,0.4247967600822449,0.5,0.8453647494316101,0.03125924989581108,0.30562829971313477,0.7482730150222778,-0.00890954677015543,0.6522192358970642,0.3037526607513428,0.29627567529678345,6.249522161483765,0.274294376373291,7.6666669845581055,706.877028249
7.593750000000004e-05,0.06384532153606415,0.7777778506278992,1784482923.2885222,1.7841250896453857,37546,0.39636683464050293,1272,2.299762010574341,0.1938360184431076,0.09101226180791855,3.0083138942718506,0.0416666679084301,1.625,,9.64721588715911,-0.018958572298288345,11.809974670410156,437.62,0.5908263921737671,-0.007707612898229854,0.2651178240776062,-0.5842412710189819,0.3071938157081604,0.6125699281692505,0.03316842019557953,0.4232442378997803,0.6666666865348816,0.8517359495162964,0.03703147098422051,0.30560365319252014,0.7225834131240845,-0.009525719098746777,0.6528738737106323,0.3184394836425781,0.30103373527526855,6.237811660766601,0.2758316397666931,8.0,709.392751522
0.00011390625000000003,0.0679468885064125,0.7777778506278992,1784482925.803771,1.8741865158081055,40832,0.3569832444190979,1273,2.0955026149749756,0.20854173600673676,0.09378105401992798,3.1465935707092285,0.0416666679084301,1.5833333730697632,,9.779416568353772,-0.016161315143108368,11.849868774414062,438.88,0.5991604924201965,-0.008130975471431157,0.27982592582702637,-0.5913059711456299,0.312923789024353,0.6631157994270325,0.03329045698046684,0.42036861181259155,0.625,0.8963550329208374,0.03785522561520338,0.3056219816207886,0.7908118963241577,-0.010330211371183395,0.6539862155914307,0.3119628429412842,0.30565008521080017,6.2366221189498905,0.2800031006336212,7.208333492279053,712.052350341
0.00011390625000000003,0.063523069024086,0.7777778506278992,1784482928.4657798,1.9962552785873413,38550,0.35980579257011414,1274,2.2436580657958984,0.2376604527235031,0.10528921335935593,3.388500928878784,0.0,2.0416667461395264,,8.906209471523761,-0.016312096267938614,13.18539810180664,409.91,0.5581406354904175,-0.0077948735444806514,0.31591057777404785,-0.5624980330467224,0.28871434926986694,0.737390398979187,0.03090249001979828,0.4198475480079651,0.8333333730697632,0.9929975271224976,0.03670060504227877,0.3056306540966034,0.8602102994918823,-0.01093184482306242,0.652899444103241,0.3063666820526123,0.2854974865913391,6.238819885253906,0.26146218180656433,7.208333492279053,714.489293486
0.00011390625000000003,0.06560492515563965,0.7777778506278992,1784482930.8911996,1.7696027755737305,42208,0.3645632266998291,1275,2.032940149307251,0.18561963737010956,0.08805447071790695,3.0963408946990967,0.0,1.75,,10.06344772040844,-0.01618998311460018,11.770209312438965,456.37,0.5823311805725098,-0.010070831590564922,0.2637017071247101,-0.5761191844940186,0.30182021856307983,0.6282435655593872,0.0324535146355629,0.4194434583187103,0.5416666865348816,0.862737774848938,0.031494410056620833,0.30557769536972046,0.7414271831512451,-0.010222777724266052,0.6517729759216309,0.2960820198059082,0.2967851758003235,6.23818416595459,0.2715068459510803,7.125,717.137315365
0.00017085937500000006,0.0649469718337059,0.7777778506278992,1784482933.5514266,1.8803043365478516,38560,0.3528197407722473,1276,2.240053653717041,0.21345260739326477,0.10036476701498032,3.0552337169647217,0.0,1.25,,9.725378355681896,-0.021412892267107964,11.712882995605469,445.03,0.5820357799530029,-0.009134784241905437,0.2910030782222748,-0.5747576951980591,0.29933083057403564,0.6778180003166199,0.03186953812837601,0.4182288646697998,0.7083333730697632,0.931621253490448,0.03057527421042323,0.30538031458854675,0.7973923683166504,-0.009944509714841843,0.6527538299560547,0.30931711196899414,0.2971336245536804,6.220187139511109,0.2714585065841675,6.2916669845581055,719.571744168
0.00011390625000000006,0.0666583701968193,0.7777778506278992,1784482935.9815466,1.7758798599243164,42321,0.36094021797180176,1277,2.032447338104248,0.19772379100322723,0.08959724754095078,2.8837172985076904,0.0,1.5416667461395264,,9.72149943381548,-0.021717626601457596,11.424872398376465,443.21,0.5995181798934937,-0.009173370162898209,0.2687654197216034,-0.5910202860832214,0.3108396530151367,0.6271823644638062,0.03341050073504448,0.4197418689727783,0.5833333730697632,0.8627042770385742,0.031876946426928045,0.3053007125854492,0.7208899259567261,-0.00894609373062849,0.6521155834197998,0.2903263568878174,0.30781829357147217,6.210091090202331,0.28118935227394104,8.375,722.027220229
0.00011390625000000006,0.0648479089140892,0.7777778506278992,1784482938.4390824,1.8531978130340576,41851,0.37348493933677673,1278,2.0541040897369385,0.20496515929698944,0.09321872889995575,3.059597969055176,0.0416666679084301,1.5416667461395264,,9.488703720271587,-0.016421308740973473,11.903284072875977,428.61,0.5838337540626526,-0.008372494106879458,0.2782587707042694,-0.579254150390625,0.30089280009269714,0.6882774233818054,0.03174634277820587,0.4219846725463867,0.7083333730697632,0.8790782690048218,0.03317877054214478,0.30520787835121155,0.7985172271728516,-0.01002608984708786,0.6503665447235107,0.2947821617126465,0.2992677092552185,6.19572434425354,0.27508699893951416,7.0416669845581055,724.605592584
0.00011390625000000006,0.0661616325378418,0.7777778506278992,1784482941.013675,1.673387050628662,39810,0.36772292852401733,1279,2.160886287689209,0.1806894987821579,0.08834515511989594,2.8700084686279297,0.0,1.4583333730697632,,10.000589220523834,-0.016224298626184464,11.150840759277344,447.93,0.5909674167633057,-0.008752068411558867,0.25800710916519165,-0.5874208211898804,0.30455833673477173,0.6233436465263367,0.032498687505722046,0.4204906225204468,0.875,0.8480843305587769,0.032150416914373633,0.30485907196998596,0.7082933187484741,-0.00881412997841835,0.650227427482605,0.3083980083465576,0.30236101150512695,6.179512858390808,0.2757928967475891,8.083333969116211,727.052953469
7.593750000000004e-05,0.06664524972438812,0.7777778506278992,1784482943.4523487,1.7939984798431396,41973,0.38246938586235046,1280,2.0502846240997314,0.2065781056880951,0.09360986948013306,3.135902166366577,0.0,1.5416667461395264,,9.763504484891891,-0.018366001546382904,12.226133346557617,434.26,0.5849270224571228,-0.009745902538998052,0.2756041884422302,-0.5797584652900696,0.30436915159225464,0.6904632449150085,0.033529527485370636,0.4213423430919647,0.875,0.919222354888916,0.03574471417814493,0.30465996265411377,0.8090205192565918,-0.009609080851078033,0.6504980325698853,0.2917792797088623,0.2985094487667084,6.14427375793457,0.2749878764152527,7.625,729.694231605
7.593750000000002e-05,0.06676460802555084,0.7777778506278992,1784482946.1031466,1.791991949081421,38618,0.33757075667381287,1281,2.242079734802246,0.22750350832939148,0.09836255013942719,3.0482378005981445,0.0,1.5833333730697632,,9.504301902353763,-0.018109161406755447,11.438709259033203,434.27,0.5884406566619873,-0.009581650624750183,0.289610892534256,-0.5806214809417725,0.3039364814758301,0.6568607091903687,0.033245787024497986,0.4244776666164398,0.875,0.8926571607589722,0.03356486856937409,0.30460113286972046,0.765171468257904,-0.009802154265344143,0.6493642330169678,0.30341243743896484,0.3011631369590759,6.135719728469849,0.27678999304771423,7.1666669845581055,732.1520246
7.593750000000002e-05,0.06497611105442047,0.7777778506278992,1784482948.55874,1.7835400104522705,41836,0.3641916513442993,1282,2.0594661235809326,0.20707601308822632,0.09468712657690048,3.0373666286468506,0.0,1.625,,9.712287645041943,-0.0162200927734375,11.535240173339844,435.33,0.58403480052948,-0.008632011321606115,0.28117918968200684,-0.577021598815918,0.29721376299858093,0.662144124507904,0.03271248936653137,0.425764799118042,0.75,0.8873965740203857,0.030910888407379388,0.3044739067554474,0.77085942029953,-0.009942080825567245,0.6490904092788696,0.29022908210754395,0.2985788881778717,6.122105073928833,0.2708086371421814,7.4166669845581055,734.586688114
0.00011390625000000003,0.07557465136051178,0.7777778506278992,1784482950.9914567,1.7055435180664062,42174,0.3667231798171997,1283,2.0453429222106934,0.19077587127685547,0.09156370162963867,2.834089756011963,0.0,1.25,,10.020366049110889,-0.019959133118391037,10.80311393737793,444.57,0.6072107553482056,-0.008032526339229662,0.26764950156211853,-0.6011219024658203,0.3111390471458435,0.6547764539718628,0.03426007181406021,0.4273452162742615,0.625,0.8291647434234619,0.0329740084707737,0.3044089078903198,0.7381097674369812,-0.010693821124732494,0.6482887268066406,0.28554749488830566,0.31142646074295044,6.113080477714538,0.28757256269454956,6.5,737.205503617
7.593750000000002e-05,0.06701917946338654,0.7777778506278992,1784482953.610157,1.6818761825561523,39054,0.3863465189933777,1284,2.2161366939544678,0.18302486836910248,0.08762572705745697,2.8558244705200195,0.0416666679084301,1.8333333730697632,,9.654710245579482,-0.016887107864022255,11.269508361816406,420.83,0.6080104112625122,-0.009457504650345071,0.2545376718044281,-0.5895859003067017,0.31401628255844116,0.5824861526489258,0.03425325080752373,0.4298572540283203,0.25,0.7982302904129028,0.037130707502365114,0.30434173345565796,0.6861063838005066,-0.008507775142788887,0.6470747590065002,0.30098700523376465,0.3128838539123535,6.109406638145447,0.2889842391014099,6.7916669845581055,739.694219326
0.00011390625000000003,0.0673518180847168,0.7777778506278992,1784482956.100422,1.7805047035217285,41178,0.35119879245758057,1285,2.0980277061462402,0.2134302854537964,0.0988236665725708,3.0198192596435547,0.0,1.5416667461395264,,9.854149699658155,-0.019995594397187233,11.662239074707031,442.71,0.5919792652130127,-0.007615585008170456,0.2909452021121979,-0.5878068804740906,0.30744677782058716,0.6882950663566589,0.034406401216983795,0.429844468832016,0.75,0.9021826982498169,0.03726794589310885,0.304519921541214,0.7919285297393799,-0.01024475134909153,0.647988498210907,0.2892136573791504,0.304530531167984,6.112920475006104,0.2818049490451813,6.833333492279053,742.114609133
0.00011390625000000003,0.06936411559581757,0.7777778506278992,1784482958.5187104,1.8330965042114258,42451,0.36271101236343384,1286,2.0282208919525146,0.21675953269004822,0.09467052668333054,2.8437438011169434,0.0,1.4583333730697632,,9.325053519904614,-0.018213728442788124,10.58872127532959,417.72,0.5891520380973816,-0.008758345400565304,0.28190237283706665,-0.5806164145469666,0.3080303370952606,0.6488165259361267,0.034076254814863205,0.4303750991821289,0.9583333730697632,0.8197450637817383,0.031211681850254535,0.3045404255390167,0.7220675945281982,-0.01051703654229641,0.6488794684410095,0.2874786853790283,0.30108529329299927,6.12486765384674,0.280664324760437,7.375,744.647559361
0.00011390625000000006,0.06611630320549011,0.7777778506278992,1784482961.0652788,1.8206510543823242,40425,0.33253180980682373,1287,2.1041383743286133,0.2168436497449875,0.09987996518611908,3.048090696334839,0.0,1.4583333730697632,,9.295356997847557,-0.016995038837194443,11.6205472946167,416.95,0.5729411840438843,-0.008699269278440624,0.29092592000961304,-0.56180739402771,0.30063971877098083,0.6616124510765076,0.03302048146724701,0.431027352809906,0.7083333730697632,0.9105581045150757,0.03321500476449728,0.3043368458747864,0.7869076728820801,-0.008713489398360252,0.6489681601524353,0.32756614685058594,0.2945205569267273,6.111408257484436,0.2704373598098755,6.4166669845581055,747.21360684
7.593750000000004e-05,0.07053838670253754,0.7777778506278992,1784482963.61946,1.7461475133895874,40111,0.38437792658805847,1288,2.1527328491210938,0.18762394785881042,0.08969022333621979,3.0066018104553223,0.0416666679084301,1.5416667461395264,,10.305539004951715,-0.0180800873786211,11.664558410644531,451.7,0.6078159213066101,-0.009568660531658679,0.2651064097881317,-0.5934593081474304,0.3173799216747284,0.6691595911979675,0.035025015473365784,0.43264779448509216,0.7083333730697632,0.8550683259963989,0.03133453279733658,0.30413058400154114,0.7626659274101257,-0.008976602926850319,0.646793007850647,0.29801249504089355,0.3123226761817932,6.084775733947754,0.28857454657554626,8.25,749.718041272
0.00011390625000000003,0.06659871339797974,0.7777778506278992,1784482966.1138816,1.8438128232955933,40922,0.37365835905075073,1289,2.1054036617279053,0.1804652065038681,0.08828192949295044,2.9443931579589844,0.0833333358168602,1.125,,10.188959649056196,-0.016676880419254303,11.243322372436523,450.62,0.603114128112793,-0.008561137737706304,0.2525356709957123,-0.5921485424041748,0.3119904398918152,0.6108774542808533,0.03421634063124657,0.43311238288879395,0.5833333730697632,0.8433725833892822,0.031069096084684132,0.3039056956768036,0.7421171069145203,-0.009367065504193306,0.645687460899353,0.2967994213104248,0.3093448877334595,6.0653270244598385,0.28740644454956055,6.875,752.860561749
0.00017085937500000006,0.07302920520305634,0.7777778506278992,1784482969.3605535,1.6086535453796387,32219,0.3880212903022766,1290,2.7408339977264404,0.1608075201511383,0.08108384162187576,2.7019498348236084,0.0,0.9166666865348816,"{'path': 'media/videos/video_1290_ed3291ec924174856c94.mp4', 'size': 1625325.0, '_type': 'video-file', 'sha256': 'ed3291ec924174856c94312ed0d2b3dedd9b64f50a7472b4384fa85706ca231c'}",10.46909093797207,-0.021112095564603806,10.647403717041016,457.39,0.6260680556297302,-0.008087370960129191,0.24025510251522064,-0.6100975275039673,0.32888466119766235,0.5808557271957397,0.03683943301439285,0.43326061964035034,0.625,0.7865496873855591,0.030981633439660074,0.30382996797561646,0.6597909927368164,-0.009789365343749523,0.6450046896934509,0.3102080821990967,0.32284116744995117,6.057102155685425,0.3014262616634369,7.2916669845581055,755.478516613
7.593750000000004e-05,0.07160398364067078,0.7777778506278992,1784482971.8775797,1.6754188537597656,40440,0.35874852538108826,1291,2.1401631832122803,0.1881415843963623,0.08635234832763672,2.764888286590576,0.0416666679084301,1.4166667461395264,,10.425550552159548,-0.01650337129831314,11.053088188171387,451.88,0.617211103439331,-0.008880601194687188,0.2546769976615906,-0.6027791500091553,0.32489150762557983,0.6312230229377747,0.03623296320438385,0.434214323759079,0.4166666865348816,0.8337574005126953,0.030582744535058735,0.3037359416484833,0.7193135023117065,-0.008617282845079899,0.6442833542823792,0.29065585136413574,0.3180406987667084,6.047310829162598,0.29714223742485046,8.125,758.017888258
0.00011390625000000003,0.0705227330327034,0.7777778506278992,1784482974.424171,1.5271637439727783,40213,0.3960408866405487,1292,2.14477801322937,0.16682866215705872,0.07719171047210693,2.5935065746307373,0.0,0.75,,10.058780667334794,-0.019221320748329163,10.41250228881836,460.21,0.6198302507400513,-0.007631311959994491,0.23208239674568176,-0.6073043346405029,0.3212782144546509,0.5907345414161682,0.036088816821575165,0.43301182985305786,0.6666666865348816,0.735675036907196,0.030987961683422327,0.3036009967327118,0.6489038467407227,-0.00945326965302229,0.6441870927810669,0.29974913597106934,0.3172908425331116,6.0398283243179325,0.2957252860069275,7.5416669845581055,760.577428088
0.00017085937500000006,0.07224776595830917,0.7777778506278992,1784482976.9874563,1.6888688802719116,40005,0.38389819860458374,1293,2.159487009048462,0.1665872484445572,0.08124518394470215,2.8792836666107178,0.0416666679084301,1.25,,10.611344966888428,-0.02111654542386532,11.408171653747559,463.99,0.6202803254127502,-0.008276710857171566,0.23839662969112396,-0.6082508563995361,0.3266386389732361,0.6087881326675415,0.03680991381406784,0.4315830171108246,0.3333333432674408,0.8272391557693481,0.033496357034891844,0.3034493327140808,0.7085659503936768,-0.009567582979798317,0.6458544731140137,0.2977619171142578,0.3196827173233032,6.024546146392822,0.2982919216156006,8.375,763.094742151
0.00011390625000000006,0.0705789178609848,0.7777778506278992,1784482979.4989617,1.7600524425506592,40781,0.38182497024536133,1294,2.125080108642578,0.18981753289699554,0.0888834148645401,2.8621978759765625,0.0,1.3333333730697632,,9.805028483867645,-0.019380340352654457,10.781974792480469,448.76,0.6038405895233154,-0.008844927418977022,0.2553264796733856,-0.5954980850219727,0.3138898015022278,0.6616833209991455,0.03516692295670509,0.42988431453704834,0.6666666865348816,0.8198820948600769,0.03089768309146166,0.3032047152519226,0.7483693957328796,-0.011010352522134781,0.6449719667434692,0.2854275703430176,0.3114740550518036,6.004787397384644,0.2876644730567932,7.458333492279053,765.705565499
0.00011390625000000006,0.0667598694562912,0.7777778506278992,1784482982.1116471,1.7583974599838257,39170,0.38077887892723083,1295,2.201650619506836,0.18598142266273499,0.08562072366476059,2.928863525390625,0.0416666679084301,1.4166667461395264,,9.604861631393433,-0.019670454785227776,11.556640625,428.95,0.6034471988677979,-0.009426303341751919,0.25186410546302795,-0.5924217104911804,0.31758034229278564,0.557892918586731,0.03522652015089989,0.4296972155570984,0.4166666865348816,0.8228875994682312,0.03057319074869156,0.3030205965042114,0.6663094758987427,-0.009704760275781155,0.6454002261161804,0.30796313285827637,0.31038886308670044,5.974163937568664,0.28978443145751953,7.0416669845581055,768.14841507
0.00011390625000000006,0.07255550473928452,0.7777778506278992,1784482984.5529804,1.7181577682495117,41994,0.3358685374259949,1296,2.0409634113311768,0.1876349151134491,0.0864098072052002,2.9194555282592773,0.0416666679084301,1.25,,10.481097393035888,-0.01589043065905571,11.248868942260742,455.24,0.60528564453125,-0.008549301733728499,0.2580813765525818,-0.5895867347717285,0.31843215227127075,0.6378524899482727,0.035347796976566315,0.42909884452819824,0.5416666865348816,0.8202547430992126,0.03276824429631233,0.3029143214225769,0.7369958162307739,-0.009404247626662254,0.6446071863174438,0.29993128776550293,0.31374281644821167,5.965638637542725,0.29228445887565613,7.4166669845581055,770.782733249
7.593750000000004e-05,0.07079973816871643,0.7777778506278992,1784482987.196129,1.9159454107284546,38809,0.36509060859680176,1297,2.2257044315338135,0.24765048921108246,0.10469647496938705,3.168272018432617,0.0,2.0,,9.79058119982481,-0.022126657888293266,11.80090618133545,423.2,0.5698446035385132,-0.009382913255831227,0.3126811981201172,-0.5572664737701416,0.29519498348236084,0.6796931624412537,0.033343613147735596,0.4309174418449402,0.625,0.9417909383773804,0.03475682232528925,0.30275338888168335,0.7961426973342896,-0.008892100304365158,0.6444123983383179,0.3072786331176758,0.2945413291454315,5.948537659645081,0.2739504873752594,6.625,773.284980391
0.00011390625000000003,0.06776812672615051,0.7777778506278992,1784482989.688674,1.8034017086029053,41087,0.3959742486476898,1298,2.106226682662964,0.18842439353466034,0.08903863281011581,3.0704617500305176,0.0,1.625,,9.682330912053585,-0.01713455840945244,12.383983612060547,434.09,0.5786360502243042,-0.007927406387898373,0.26894426345825195,-0.5783346891403198,0.3047304153442383,0.6309405565261841,0.03393927216529846,0.4325718283653259,0.7083333730697632,0.8649203181266785,0.03414774239063263,0.30270853638648987,0.752975344657898,-0.01067312341183424,0.6433571577072144,0.2863438129425049,0.2980198860168457,5.945443439483642,0.27900898456573486,7.833333492279053,775.934119391
0.00011390625000000003,0.06751230359077454,0.7777778506278992,1784482992.3398204,1.956248164176941,38576,0.3759944438934326,1299,2.240546464920044,0.22093507647514343,0.09587698429822922,3.156681776046753,0.0,1.5833333730697632,,9.870662713497877,-0.015809208154678345,11.710851669311523,439.55,0.5933190584182739,-0.009239163363236002,0.28926658630371094,-0.5833889245986938,0.31106096506118774,0.697920024394989,0.035061247646808624,0.4326542019844055,0.8333333730697632,0.9068767428398132,0.03493105880916118,0.3027338981628418,0.8058285117149353,-0.009618375450372696,0.6430982351303101,0.3077363967895508,0.30618977546691895,5.945799708366394,0.2890230417251587,7.1666669845581055,778.55876759
0.00017085937500000006,0.06369225680828094,0.7777778506278992,1784482994.9709241,1.742627501487732,38981,0.37225717306137085,1300,2.195702075958252,0.18438957631587982,0.08982247114181519,3.035979747772217,0.0416666679084301,1.4166667461395264,,9.853394632972776,-0.018619850277900696,12.113810539245605,434.52,0.5876803398132324,-0.0090717999933986,0.26446041464805603,-0.5769772529602051,0.30737918615341187,0.6423558592796326,0.03427436202764511,0.4320169687271118,0.5833333730697632,0.8646477460861206,0.03262025592848659,0.30253151059150696,0.7703570127487183,-0.009895944967865944,0.641756534576416,0.32611846923828125,0.304523766040802,5.9363470554351805,0.2834737002849579,7.75,781.092705276
0.00011390625000000006,0.06937208026647568,0.7777778506278992,1784482997.5052338,1.745530366897583,40561,0.35184478759765625,1301,2.13034987449646,0.18961581587791443,0.08736702054738998,2.953214168548584,0.0416666679084301,1.4166667461395264,,10.09834065183997,-0.018174389377236366,11.401957511901855,439.15,0.590777575969696,-0.008545453188708052,0.26259762048721313,-0.5765990018844604,0.3108710050582886,0.6508267521858215,0.034625083208084106,0.4331316351890564,0.7083333730697632,0.8385558128356934,0.03138744682073593,0.3023146986961365,0.7534314393997192,-0.009355534799396992,0.6397611498832703,0.29322290420532227,0.304218053817749,5.913571047782898,0.2851645350456238,8.166666984558105,783.489755975
0.00011390625000000006,0.06961344182491302,0.7777778506278992,1784482999.888749,1.7639338970184326,42968,0.3744935691356659,1302,1.9971725940704346,0.16720901429653168,0.08479772508144379,2.8694801330566406,0.0416666679084301,1.375,,9.25640512842685,-0.017015796154737473,11.929057121276855,415.17,0.5904145240783691,-0.00940900996210985,0.24348711967468262,-0.5843183994293213,0.3082270324230194,0.6379528045654297,0.034831270575523376,0.4323529899120331,0.375,0.8446165919303894,0.03537617549300194,0.3024039566516876,0.7373000383377075,-0.009302525781095028,0.6394080519676208,0.2906460762023926,0.3033132255077362,5.906245875358581,0.28561803698539734,7.333333492279053,785.949206907
0.00017085937500000009,0.06950412690639496,0.7777778506278992,1784483002.3576005,1.5586652755737305,41583,0.3968356251716614,1303,2.070427656173706,0.16810321807861328,0.08024368435144424,2.5682685375213623,0.0,1.2916667461395264,,10.141549740880727,-0.019275914877653122,10.0396089553833,442.99,0.6068791747093201,-0.00861623891396448,0.23926126956939697,-0.5913797616958618,0.31867480278015137,0.5508924126625061,0.03602201119065285,0.4334126114845276,0.7083333730697632,0.7398101687431335,0.0320643269456923,0.3023504614830017,0.6238825917243958,-0.010464741848409176,0.6373528242111206,0.2935802936553955,0.3143700361251831,5.910142278671264,0.2947938144207001,7.75,788.509041142
0.00011390625000000006,0.06993994116783142,0.7777778506278992,1784483004.9218206,1.7311303615570068,40061,0.35527628660202026,1304,2.1414377689361572,0.19200065732002258,0.08675476908683777,2.8557708263397217,0.0,1.3333333730697632,,10.287709499672054,-0.01805167645215988,11.578563690185547,454.07,0.5937905311584473,-0.008841528250195551,0.2591136693954468,-0.5829305648803711,0.3085077702999115,0.5781980156898499,0.03460483253002167,0.4348350763320923,0.5,0.8488520383834839,0.034207611717283724,0.30220934748649597,0.6788443922996521,-0.009496688842773438,0.6367428302764893,0.31236910820007324,0.30682748556137085,5.899950528144837,0.28763166069984436,6.5416669845581055,790.982528723
0.00011390625000000006,0.0697757750749588,0.7777778506278992,1784483007.3834236,1.8245947360992432,41595,0.3346509337425232,1305,2.073920488357544,0.20128630101680756,0.09254705905914307,3.0586869716644287,0.0,1.2916667461395264,,10.432336878180504,-0.02284780517220497,11.996070861816406,453.28,0.600928783416748,-0.00998912618670147,0.2826255261898041,-0.5862840414047241,0.31994423270225525,0.7060758471488953,0.03626541420817375,0.43560755252838135,0.875,0.8948421478271484,0.032459833566099404,0.3020954430103302,0.7879552841186523,-0.010425534099340439,0.6360676288604736,0.2894256114959717,0.3099480867385864,5.880967998504639,0.2947634160518646,7.083333492279053,793.609583935
0.00011390625000000006,0.06647252291440964,0.7777778506278992,1784483010.0195472,1.6617565155029297,38898,0.40910857915878296,1306,2.221395969390869,0.18496769666671753,0.08718559145927429,2.8401217460632324,0.0416666679084301,1.2916667461395264,,10.303555119782686,-0.018640883266925812,11.391356468200684,453.38,0.6020795106887817,-0.009333767625503243,0.25066983699798584,-0.5867632031440735,0.315268874168396,0.5779141187667847,0.036338530480861664,0.43388235569000244,0.5833333730697632,0.823878288269043,0.03149931430816651,0.3020770251750946,0.6830557584762573,-0.009576285257935524,0.6361531019210815,0.3057994842529297,0.31139492988586426,5.874591398239136,0.29332709312438965,7.083333492279053,796.050675065
0.00017085937500000009,0.0700019896030426,0.7777778506278992,1784483012.4545856,1.5154824256896973,42124,0.4012875556945801,1307,2.040339708328247,0.14402252435684204,0.07625623047351837,2.705716848373413,0.0416666679084301,1.0,,9.905496678352357,-0.016811462119221687,10.940130233764648,448.39,0.6140384078025818,-0.008840506413253024,0.21855056285858154,-0.6084190607070923,0.3201594054698944,0.5616554021835327,0.03640277683734894,0.4308311343193054,0.3333333432674408,0.7719449996948242,0.030490141734480856,0.3020789921283722,0.6415932178497314,-0.009718311950564384,0.6378220319747925,0.29332780838012695,0.3169586956501007,5.875123238563537,0.296450674533844,7.6666669845581055,798.620566178
0.00017085937500000009,0.06955033540725708,0.7777778506278992,1784483015.0378723,1.6450631618499756,39792,0.3814341425895691,1308,2.1539502143859863,0.16877788305282593,0.08326077461242676,2.7427477836608887,0.0,1.4583333730697632,,10.1336447301507,-0.019830875098705292,11.115118026733398,445.35,0.6005502939224243,-0.008180992188863456,0.24596545100212097,-0.5917783975601196,0.3164193034172058,0.5917545557022095,0.03596936911344528,0.4314073920249939,0.5833333730697632,0.7967192530632019,0.030951657518744468,0.30198603868484497,0.6643710136413574,-0.010194502770900726,0.6389715671539307,0.3164539337158203,0.3107445538043976,5.865299224853516,0.291353315114975,7.333333492279053,801.114754366
0.00011390625000000006,0.07024478167295456,0.7777778506278992,1784483017.5176835,1.5938730239868164,41347,0.40475958585739136,1309,2.085017204284668,0.1607920378446579,0.07979083061218262,2.689002513885498,0.0,1.0,,10.460722787678241,-0.02047407440841198,10.631572723388672,456.93,0.610293447971344,-0.008779256278648973,0.2298281192779541,-0.5963725447654724,0.3188146948814392,0.6048327684402466,0.03699122369289398,0.42927154898643494,0.5,0.7830778956413269,0.03094834042713046,0.30206647515296936,0.6782466769218445,-0.008642375469207764,0.6391017436981201,0.29251623153686523,0.31514793634414673,5.864373064041137,0.29558250308036804,7.958333492279053,803.691989193
0.00011390625000000006,0.06584800779819489,0.7777778506278992,1784483020.099925,1.7239265441894531,39681,0.3754356801509857,1310,2.155294418334961,0.1982417106628418,0.09464047849178314,2.9513187408447266,0.0416666679084301,1.0416667461395264,,9.961733582913876,-0.01767602562904358,11.654508590698242,435.28,0.5873302817344666,-0.009384774841601029,0.278492271900177,-0.5754802823066711,0.30943548679351807,0.614215075969696,0.036141376942396164,0.42933616042137146,0.8333333730697632,0.8951163291931152,0.031015248876065014,0.3021450638771057,0.7277870178222656,-0.01012057438492775,0.6401684880256653,0.32202839851379395,0.30613818764686584,5.874585604667663,0.2872442603111267,6.75,806.754614774
0.00011390625000000006,0.06647845357656479,0.7777778506278992,1784483023.2334006,1.7585896253585815,33256,0.36119961738586426,1311,2.6596903800964355,0.1677478551864624,0.08305555582046509,2.8654022216796875,0.0416666679084301,1.4166667461395264,"{'path': 'media/videos/video_1311_9d4cb4a62e62fac1dacf.mp4', 'size': 1619245.0, '_type': 'video-file', 'sha256': '9d4cb4a62e62fac1dacf3685c12821da2a02a170a177a97c03a001571970c8ea'}",10.152832479774952,-0.019331157207489014,11.534220695495605,440.37,0.5931751728057861,-0.009592650623380905,0.2464209645986557,-0.573095977306366,0.3175164461135864,0.6230301856994629,0.03644973039627075,0.42814821004867554,0.5416666865348816,0.8030775785446167,0.03028030935674906,0.3020164668560028,0.7238924503326416,-0.009558921679854393,0.6396492719650269,0.29622316360473633,0.30745697021484375,5.869268202781678,0.29115891456604004,7.208333492279053,809.418581539
0.00011390625000000006,0.07083119451999664,0.7777778506278992,1784483025.8395967,1.6667048931121826,39339,0.3868948221206665,1312,2.177438259124756,0.16143253445625305,0.08358823508024216,2.9138503074645996,0.0,1.125,,10.2364410379529,-0.01947934553027153,11.870101928710938,440.2,0.6181536912918091,-0.008697740771458485,0.24968674778938293,-0.5969874262809753,0.32966771721839905,0.5780762434005737,0.038604140281677246,0.4259513318538666,0.5,0.8348885774612427,0.0314028556458652,0.3018113076686859,0.6847018599510193,-0.009160514920949936,0.6408774256706238,0.32140326499938965,0.320036917924881,5.8513792037963865,0.3058539032936096,7.6666669845581055,811.954797221
0.00011390625000000006,0.07264076173305511,0.7777778506278992,1784483028.3589299,1.6131236553192139,40686,0.38915592432022095,1313,2.126018762588501,0.17726759612560272,0.08283944427967072,2.75443172454834,0.0,1.2916667461395264,,10.139706068411469,-0.017124561592936516,10.953367233276367,442.6,0.5978147983551025,-0.00921119751292281,0.24430429935455322,-0.5937634706497192,0.3157191872596741,0.5590555667877197,0.036488842219114304,0.4250856637954712,0.6666666865348816,0.8124057054519653,0.031345151364803314,0.3016361892223358,0.6739296913146973,-0.010837160050868988,0.6403366327285767,0.2901277542114258,0.3080257475376129,5.834065961837768,0.2946273982524872,7.9166669845581055,814.526098394
0.00011390625000000006,0.06835554540157318,0.7777778506278992,1784483030.9463768,1.5845836400985718,39799,0.3740968704223633,1314,2.1559975147247314,0.17328332364559174,0.08328521251678467,2.800128936767578,0.0,1.125,,10.332773571610451,-0.01874282769858837,11.086343765258789,446.97,0.6067230701446533,-0.008248097255273024,0.24243365228176117,-0.5887303352355957,0.3233657777309418,0.6044975519180298,0.03768151253461838,0.4256114959716797,0.625,0.8153972625732422,0.029560329765081404,0.30158114433288574,0.7075921893119812,-0.010188613086938858,0.6390642523765564,0.31395387649536133,0.31423816084861755,5.82585186958313,0.29822951555252075,7.9166669845581055,817.135889261
0.00011390625000000006,0.07468688488006592,0.7777778506278992,1784483033.5363467,1.5866928100585938,39482,0.3855053186416626,1315,2.194077253341675,0.14360542595386505,0.07390935719013214,2.7310194969177246,0.0,1.0416667461395264,,10.427864097654819,-0.016395151615142822,10.910110473632812,453.65,0.6285536289215088,-0.008691983568132855,0.22431403398513794,-0.6115434169769287,0.3303384482860565,0.5520338416099548,0.03840172290802002,0.4256443977355957,0.3333333432674408,0.779310405254364,0.0356242835521698,0.3015897572040558,0.6498888731002808,-0.009395280852913857,0.6380020976066589,0.29571962356567383,0.3259521424770355,5.8209738492965695,0.3084762990474701,7.375,819.709186978
7.593750000000004e-05,0.06578758358955383,0.7777778506278992,1784483036.1139295,1.8585011959075928,39731,0.3819696307182312,1316,2.181175708770752,0.1885143220424652,0.09291654825210571,3.1251749992370605,0.0,1.5416667461395264,,9.81834304869175,-0.018286043778061867,12.381988525390625,434.07,0.5971121788024902,-0.008611903811106459,0.27279719710350037,-0.5806823968887329,0.3138566017150879,0.6339590549468994,0.03602902218699455,0.4258269965648651,0.625,0.884114146232605,0.02893552612513304,0.3015294075012207,0.7625119686126709,-0.01015962939709425,0.6363979578018188,0.2930417060852051,0.3087814450263977,5.819130301475525,0.29119810461997986,7.333333492279053,822.279337644
0.00011390625000000003,0.07593121379613876,0.7777778506278992,1784483038.6825733,1.6291289329528809,39804,0.3689531981945038,1317,2.162520408630371,0.15971839427947998,0.08092284202575684,2.841294050216675,0.0,0.8333333730697632,,9.976668240725994,-0.018687888979911804,11.062948226928711,431.6,0.6094244718551636,-0.007849028910277412,0.23970311880111694,-0.5934010148048401,0.32251960039138794,0.6236436367034912,0.03728621080517769,0.42578721046447754,0.5,0.8106669187545776,0.03178766015917063,0.3013427257537842,0.7265331745147705,-0.00946006365120411,0.6354723572731018,0.30713462829589844,0.316841721534729,5.8008578538894655,0.2996872663497925,6.6666669845581055,824.92500841
7.593750000000004e-05,0.0686107650399208,0.7777778506278992,1784483041.3490803,1.9483217000961304,38628,0.33508774638175964,1318,2.22881817817688,0.22961919009685516,0.09826397895812988,3.24176287651062,0.0,1.5833333730697632,,9.873646795451641,-0.019550366327166557,12.204455375671387,429.62,0.5796055197715759,-0.008127218435402029,0.29714471101760864,-0.5692899227142334,0.3081444501876831,0.640290379524231,0.03596900403499603,0.42461833357810974,0.75,0.9363632202148438,0.03614660073071718,0.3012273609638214,0.766176700592041,-0.010983231477439404,0.6363420486450195,0.3160121440887451,0.3003444969654083,5.786001849174499,0.28891438245773315,8.041666984558105,827.488084145
0.00011390625000000003,0.06564520299434662,0.7777778506278992,1784483043.910077,1.7237752676010132,40300,0.39888590574264526,1319,2.126755714416504,0.19386908411979675,0.08857794851064682,2.9704158306121826,0.0,1.5416667461395264,,9.602367731630801,-0.01667042262852192,11.787470817565918,425.79,0.5932705402374268,-0.008497716639976716,0.26184457540512085,-0.581884503364563,0.31140783429145813,0.6449832320213318,0.03585338220000267,0.42444509267807007,0.6666666865348816,0.8266021013259888,0.03584619536995888,0.3012334406375885,0.737059473991394,-0.010314229875802994,0.6371840834617615,0.31248998641967773,0.3077259957790375,5.778500747680664,0.28914159536361694,7.583333492279053,830.181550018
0.00011390625000000003,0.066295325756073,0.7777778506278992,1784483046.5854123,1.8983399868011475,38189,0.3841383457183838,1320,2.2669477462768555,0.20458078384399414,0.09291868656873703,3.023911476135254,0.0,1.5,,10.112249206006528,-0.018155189231038094,11.99530029296875,439.36,0.5913503766059875,-0.009236872324254363,0.2824934720993042,-0.5776734352111816,0.3101048469543457,0.6477743983268738,0.03633333742618561,0.42634153366088867,0.6666666865348816,0.8922526836395264,0.030096564255654813,0.30111175775527954,0.7536506652832031,-0.011020487174391747,0.6354743242263794,0.3071300983428955,0.3075464367866516,5.779822444915771,0.2904319763183594,7.5,832.637512092
7.593750000000002e-05,0.0683853030204773,0.7777778506278992,1784483049.0391514,1.5703961849212646,41760,0.3464755415916443,1321,2.066725492477417,0.1610507369041443,0.07824352383613586,2.683363676071167,0.0,1.125,,9.915045194029808,-0.01825660839676857,10.6768217086792,432.53,0.615490734577179,-0.00892392306268448,0.23306576907634735,-0.5958811044692993,0.32732266187667847,0.5468312501907349,0.03848549351096153,0.4261464774608612,0.4583333432674408,0.776735246181488,0.032725649792701005,0.3008914291858673,0.6373791098594666,-0.010135030373930931,0.635116457939148,0.2872648239135742,0.3189973831176758,5.756481003761292,0.30318206548690796,7.9166669845581055,835.285647139
0.00011390625000000003,0.06721574813127518,0.7777778506278992,1784483051.6919818,1.7569336891174316,38567,0.3607479929924011,1322,2.235884428024292,0.18318644165992737,0.08693807572126389,3.1148815155029297,0.0,1.5,,10.330952717140317,-0.021910086274147034,12.121038436889648,456.12,0.5911131501197815,-0.008153138309717178,0.26220905780792236,-0.57957524061203,0.3109474778175354,0.6490002870559692,0.03618260473012924,0.4250691533088684,0.3333333432674408,0.8711403608322144,0.03924654088914394,0.30092063546180725,0.7637901306152344,-0.01084405928850174,0.6362653970718384,0.3130228519439697,0.30698075890541077,5.75036404132843,0.2904025614261627,8.166666984558105,837.731037818
7.593750000000004e-05,0.0704348236322403,0.7777778506278992,1784483054.1390672,1.8924047946929932,41957,0.34875568747520447,1323,2.0523600578308105,0.20879659056663513,0.09515925496816635,3.082935333251953,0.0,1.7916667461395264,,10.062688224315643,-0.021121036261320114,12.205302238464355,443.87,0.5945861339569092,-0.0073530159803340215,0.2831379771232605,-0.5812133550643921,0.3163992166519165,0.6847195625305176,0.036878228187561035,0.42247700691223145,0.8333333730697632,0.8931941986083984,0.03208783064037561,0.3008400797843933,0.7897941470146179,-0.010859517380595207,0.6366674900054932,0.29057788848876953,0.30874064564704895,5.752173709869385,0.2927892804145813,7.875,840.33944468
0.00011390625000000003,0.06665438413619995,0.7777778506278992,1784483056.7538218,1.576730489730835,39300,0.3774740695953369,1324,2.1831424236297607,0.15939921140670776,0.08092466741800308,2.932145595550537,0.0,1.375,,10.463124145269393,-0.01992054469883442,11.923663139343262,465.04,0.6047230958938599,-0.007657853882119525,0.24054276943206787,-0.591220498085022,0.31882041692733765,0.5858438611030579,0.037639204412698746,0.4194731116294861,0.2916666865348816,0.811726450920105,0.03292782185599208,0.3008613586425781,0.6949738264083862,-0.010693676769733429,0.6376820802688599,0.31821775436401367,0.3130423426628113,5.740912580490113,0.29604172706604004,7.6666669845581055,842.839256539
0.00017085937500000006,0.06937415897846222,0.7777778506278992,1784483059.237182,1.9505558013916016,41227,0.3454163074493408,1325,2.0918211936950684,0.20296244323253632,0.08781524002552032,3.039614200592041,0.0416666679084301,1.1666667461395264,,9.89341499865055,-0.01988239213824272,11.505106925964355,429.57,0.5929590463638306,-0.00800908108940348,0.26987800002098083,-0.5734530687332153,0.3121078610420227,0.6265314817428589,0.03660241514444351,0.4178760051727295,0.5833333730697632,0.8136155009269714,0.030876283813267947,0.30094194412231445,0.7364511489868164,-0.010195476934313774,0.6380569934844971,0.2926352024078369,0.3073783814907074,5.750610399246216,0.29278719425201416,6.25,845.409944802
0.00011390625000000006,0.06388691067695618,0.7777778506278992,1784483061.817961,1.8097065687179565,39689,0.39942097663879395,1326,2.1620426177978516,0.20150820910930634,0.09394532442092896,3.0856223106384277,0.0,1.6666667461395264,,10.032232141271233,-0.018119335174560547,11.654394149780273,438.49,0.5965368747711182,-0.0073231083282735195,0.27751705050468445,-0.5809706449508667,0.31593096256256104,0.6470898389816284,0.037412114441394806,0.4176487624645233,0.625,0.9038197994232178,0.03410214241594076,0.3010694086551666,0.7584352493286133,-0.011413338594138622,0.6380216479301453,0.3147714138031006,0.30889981985092163,5.755143642425537,0.295303076505661,7.5,847.88729869
0.00011390625000000006,0.06909768283367157,0.7777778506278992,1784483064.2840037,1.739450454711914,41431,0.39914464950561523,1327,2.084463357925415,0.17807316780090332,0.08619195222854614,2.9241929054260254,0.0,1.4166667461395264,,10.053288140259683,-0.018266893923282623,10.970637321472168,432.77,0.5967720746994019,-0.009129606449278072,0.2557203769683838,-0.5836774110794067,0.31597840785980225,0.5921566486358643,0.037641286849975586,0.4147285223007202,0.4583333432674408,0.8436300158500671,0.04071470815688372,0.30107221007347107,0.7263610363006592,-0.010030439123511314,0.638014018535614,0.2882101535797119,0.30881839990615845,5.770547270774841,0.2947036027908325,7.125,850.295431602
0.00011390625000000006,0.06505832821130753,0.7777778506278992,1784483066.7015939,1.8457763195037842,42471,0.3629799783229828,1328,2.0051591396331787,0.2095946967601776,0.0954950675368309,3.1420018672943115,0.0416666679084301,1.9166667461395264,,9.711270682550968,-0.017177719622850418,11.899523735046387,434.37,0.5756906867027283,-0.008135123853571713,0.2865467369556427,-0.5611099004745483,0.3027607202529907,0.6940337419509888,0.03653436526656151,0.4141233563423157,0.6666666865348816,0.893816351890564,0.03322927542030811,0.3009704351425171,0.8091265559196472,-0.01085612177848816,0.6362926959991455,0.30943799018859863,0.2966768443584442,5.7568814039230345,0.2835230231285095,7.2916669845581055,852.937295793
7.593750000000004e-05,0.06478853523731232,0.7777778506278992,1784483069.348307,1.8981493711471558,38739,0.37924593687057495,1329,2.228346109390259,0.2069036215543747,0.09358867257833481,2.9686059951782227,0.0416666679084301,1.875,,9.11333223670721,-0.01875068061053753,11.5896635055542,412.03,0.5735989809036255,-0.007245166902430355,0.28057682514190674,-0.563484787940979,0.30258190631866455,0.6957106590270996,0.03590427339076996,0.4143180847167969,0.7083333730697632,0.8848333358764648,0.03735887408256531,0.30094602704048157,0.7984342575073242,-0.010639747604727745,0.6368504762649536,0.30924201011657715,0.2982032299041748,5.751192164421082,0.2822820544242859,7.25,855.380418757
0.00011390625000000003,0.06865184754133224,0.7777778506278992,1784483071.782172,1.9872055053710938,42074,0.28801605105400085,1330,2.046692371368408,0.22326135635375977,0.09609627723693848,3.2233805656433105,0.0416666679084301,1.5416667461395264,,9.89032296180725,-0.019371770322322845,12.595855712890625,429.8,0.5782978534698486,-0.009056064827746013,0.2998148202896118,-0.5658257007598877,0.3113780617713928,0.7202693223953247,0.03706337511539459,0.41308414936065674,0.7916666865348816,0.9088683128356934,0.02996517941355705,0.3009442985057831,0.8359729051589966,-0.009959222748875618,0.6363571882247925,0.2897179126739502,0.2998000979423523,5.743830728530884,0.28774553537368774,7.125,857.94622416
7.593750000000002e-05,0.06911073625087738,0.7777778506278992,1784483074.3534524,1.5766351222991943,39829,0.38379737734794617,1331,2.1541495323181152,0.18094119429588318,0.08358554542064667,2.888848066329956,0.0833333358168602,1.4166667461395264,,10.037097591757774,-0.018514592200517654,11.629202842712402,436.78,0.5985738635063171,-0.00864267316646874,0.2555907964706421,-0.5852868556976318,0.3177902400493622,0.5963977575302124,0.038244426250457764,0.4151791036128998,0.375,0.8278495669364929,0.031742016412317754,0.30084431171417236,0.7077719569206238,-0.01019751001149416,0.6355483531951904,0.31395649909973145,0.30945953726768494,5.747741222381592,0.29388320446014404,7.25,861.129215556
7.593750000000002e-05,0.06902796775102615,0.7777778506278992,1784483077.6217582,1.7355296611785889,31931,0.37662583589553833,1332,2.751319408416748,0.18637487292289734,0.08485540002584457,2.8954906463623047,0.0833333358168602,1.25,"{'path': 'media/videos/video_1332_4c99914e72ec5be26ede.mp4', 'size': 1632631.0, '_type': 'video-file', 'sha256': '4c99914e72ec5be26edeed9d1166e81090d08f6a2c34ad2cae4d011e015e0c49'}",9.457612331807614,-0.019973227754235268,11.34344482421875,421.69,0.592705249786377,-0.009427212236914784,0.26014065742492676,-0.5754220485687256,0.31557396054267883,0.5690118074417114,0.03802206367254257,0.41638216376304626,0.5,0.8239450454711914,0.0337942399084568,0.30045098066329956,0.686236560344696,-0.010587203316390514,0.6345605850219727,0.32723498344421387,0.30605754256248474,5.715934467315674,0.29110634326934814,7.4166669845581055,863.754474199
0.00011390625000000003,0.06393783539533615,0.7777778506278992,1784483080.1587906,1.8764737844467163,40217,0.3537193238735199,1333,2.1566526889801025,0.19414353370666504,0.09163683652877808,3.1016602516174316,0.0,1.7083333730697632,,9.745847586989402,-0.019059471786022186,12.096781730651855,431.82,0.5759780406951904,-0.008467041607946157,0.2807607650756836,-0.5655386447906494,0.3030471205711365,0.6374728679656982,0.03650624305009842,0.4147892892360687,0.625,0.9261837005615234,0.03053081352263689,0.30040982365608215,0.755328357219696,-0.010552345775067806,0.6351006031036377,0.28766918182373047,0.29864367842674255,5.696346426010132,0.28161054849624634,7.458333492279053,866.284952866
0.00011390625000000003,0.07060311734676361,0.7777778506278992,1784483082.700481,1.7034900188446045,40494,0.36140626668930054,1334,2.096219539642334,0.17143961787223816,0.07833459973335266,2.8956546783447266,0.0,1.3333333730697632,,9.695747163668274,-0.017015693709254265,11.373457908630371,423.29,0.6054023504257202,-0.008277025524148485,0.24520526826381683,-0.5860031843185425,0.32393884658813477,0.585883617401123,0.03894318267703056,0.4142317473888397,0.2916666865348816,0.8127195239067078,0.03635785803198814,0.30048879981040955,0.6784805059432983,-0.009080570191144943,0.6338842511177063,0.33135271072387695,0.31255149841308594,5.6980828762054445,0.298888623714447,7.5,868.821140735
7.593750000000002e-05,0.06458844244480133,0.7777778506278992,1784483085.2254107,1.728121280670166,40560,0.3695000112056732,1335,2.126272678375244,0.2006126344203949,0.09285885095596313,2.8999106884002686,0.0,1.5,,9.828671889603138,-0.019638454541563988,11.221349716186523,440.52,0.5881245136260986,-0.008765259388019331,0.2775990962982178,-0.5737520456314087,0.31204497814178467,0.6188566088676453,0.03753990679979324,0.4135919511318207,0.875,0.8722006678581238,0.03190419282764197,0.30058762431144714,0.7133328318595886,-0.010563943535089493,0.635854959487915,0.29738497734069824,0.30346745252609253,5.710331153869629,0.2867782413959503,8.166666984558105,871.305583083
0.00011390625000000003,0.06921800971031189,0.7777778506278992,1784483087.7196908,1.7387546300888062,41230,0.39258241653442383,1336,2.077615976333618,0.18032097816467285,0.08842410892248154,2.9263827800750732,0.0,1.4583333730697632,,10.341749148517847,-0.02047913707792759,11.529584884643555,453.2,0.5950650572776794,-0.009055516845546664,0.26190847158432007,-0.5829264521598816,0.31300967931747437,0.6375765800476074,0.03753747045993805,0.41089189052581787,0.625,0.8703047633171082,0.033705377764999864,0.30073171854019165,0.7528761625289917,-0.009726351127028465,0.6383958458900452,0.3066294193267822,0.3067049980163574,5.722475242614746,0.29052525758743286,7.125,874.008368621
7.593750000000004e-05,0.06308137625455856,0.7777778506278992,1784483090.4147363,1.8867223262786865,37979,0.34670647978782654,1337,2.2781171798706055,0.23154699802398682,0.09866920113563538,3.1682488918304443,0.0,1.8333333730697632,,9.775009246468544,-0.024334771558642387,11.841852188110352,429.22,0.5738625526428223,-0.006479872140334919,0.29878371953964233,-0.567908525466919,0.3005450367927551,0.6777905821800232,0.0365237221121788,0.40943801403045654,0.5833333730697632,0.9308252334594727,0.03530299179255962,0.30076339840888977,0.8046533465385437,-0.010378723032772541,0.6390736699104309,0.3102269172668457,0.29699450731277466,5.731816840171814,0.2786622941493988,6.833333492279053,876.445060657
0.00011390625000000003,0.07116352766752243,0.7777778506278992,1784483092.8453262,1.7745475769042969,42149,0.3948110342025757,1338,2.0420947074890137,0.1923334300518036,0.09069880843162537,2.98457407951355,0.0416666679084301,1.375,,10.290603416413068,-0.019809432327747345,11.703927993774414,452.3,0.6160117387771606,-0.007943264592904597,0.2670345902442932,-0.6002241969108582,0.32736527919769287,0.6378358602523804,0.03937122970819473,0.4092828035354614,0.5,0.8744310140609741,0.033214105665683745,0.30060040950775146,0.7457663416862488,-0.010203635320067406,0.6395326256752014,0.29016780853271484,0.318148136138916,5.729433298110962,0.30176496505737305,5.875,878.873922137
7.593750000000002e-05,0.06660996377468109,0.7777778506278992,1784483095.2807562,1.6730985641479492,42164,0.3656702935695648,1339,2.029848098754883,0.1665365993976593,0.08149975538253784,2.7571988105773926,0.0416666679084301,1.2916667461395264,,10.53749262906611,-0.017908696085214615,11.042867660522461,451.98,0.6112897992134094,-0.009240023320307955,0.23917484283447266,-0.5914784669876099,0.3248840272426605,0.603580892086029,0.03948359936475754,0.4091138243675232,0.4583333432674408,0.7796430587768555,0.03360669296234846,0.3006337881088257,0.6937732696533203,-0.010199983604252338,0.639722466468811,0.30156970024108887,0.3157309293746948,5.722611784934998,0.3020405173301697,8.708333969116211,881.446439978
0.00011390625000000003,0.06676897406578064,0.7777778506278992,1784483097.852336,1.8778232336044312,39826,0.35341477394104004,1340,2.160623788833618,0.2200218141078949,0.09459176659584045,3.053213119506836,0.0,1.5416667461395264,,10.047057788074017,-0.020473496988415718,11.889934539794922,441.25,0.5781781673431396,-0.007786145247519016,0.2900679111480713,-0.5655497908592224,0.306045800447464,0.6560719013214111,0.036384470760822296,0.4096101224422455,0.75,0.9064606428146362,0.034010888263583186,0.3005599081516266,0.7665518522262573,-0.010422605089843273,0.639116108417511,0.30767083168029785,0.2977765202522278,5.7240886926651005,0.28345730900764465,7.625,883.895982646
0.00011390625000000006,0.07017817348241806,0.7777778506278992,1784483100.3007224,1.7660510540008545,41913,0.3417205512523651,1341,2.058220386505127,0.18987035751342773,0.08836682140827179,3.044410228729248,0.0,1.5833333730697632,,9.852329192608595,-0.024218862876296043,12.010191917419434,427.6,0.5917477011680603,-0.008269827312324196,0.26764875650405884,-0.572747528553009,0.31551969051361084,0.648735523223877,0.037575121968984604,0.40912681818008423,0.4583333432674408,0.8915518522262573,0.028476087003946306,0.30022141337394714,0.7477396726608276,-0.010138992220163345,0.639412522315979,0.2871558666229248,0.3039323091506958,5.705292105674744,0.2919175624847412,7.25,886.569328383
7.593750000000004e-05,0.07354879379272461,0.7777778506278992,1784483102.9736288,1.6305358409881592,38250,0.38614392280578613,1342,2.2527503967285156,0.14312373101711273,0.07718868553638458,2.689695358276367,0.0,1.125,,10.873276806175708,-0.02013128623366356,10.694414138793945,456.32,0.6187766790390015,-0.008454708140925504,0.22053596377372742,-0.5977715253829956,0.3308080732822418,0.5845794081687927,0.039868272840976715,0.40630948543548584,0.25,0.7585229277610779,0.030858450941741465,0.2999551296234131,0.675470769405365,-0.009883060120046139,0.638036847114563,0.3172335624694824,0.3198855221271515,5.668424201011658,0.30651408433914185,7.6666669845581055,889.009828638
0.00011390625000000003,0.07088559120893478,0.7777778506278992,1784483105.413964,1.6573495864868164,42031,0.3677746057510376,1343,2.046410083770752,0.17399488389492035,0.08347004652023315,2.790383815765381,0.0,1.2083333730697632,,10.138016929626465,-0.020788270980119705,11.020651817321777,443.65,0.6146324276924133,-0.008383727277396247,0.24496683478355408,-0.5945103168487549,0.32684391736984253,0.614518940448761,0.0393282026052475,0.40444231033325195,0.5833333730697632,0.801628589630127,0.034383108466863634,0.3000953495502472,0.7147095203399658,-0.009724585339426994,0.638421893119812,0.2923851013183594,0.3157775104045868,5.667692708969116,0.3007521629333496,7.958333492279053,891.445608746
0.00011390625000000003,0.06952984631061554,0.7777778506278992,1784483107.8552437,1.642662763595581,42099,0.367609441280365,1344,2.048677444458008,0.1792914718389511,0.08628781884908676,2.847095489501953,0.0,1.5416667461395264,,9.927029961645603,-0.018088316544890404,11.335411071777344,448.13,0.6044909358024597,-0.007290483060933184,0.24755601584911346,-0.5917682647705078,0.31510692834854126,0.5661829710006714,0.03824255242943764,0.40533217787742615,0.625,0.7920829057693481,0.034200558252632615,0.3003271222114563,0.6841558218002319,-0.009219648316502571,0.6372530460357666,0.2863898277282715,0.312079519033432,5.691515851020813,0.2942831218242645,8.0,894.058846369
0.00011390625000000003,0.06964175403118134,0.7777778506278992,1784483110.4641755,1.832701563835144,39233,0.3556397557258606,1345,2.200784683227539,0.19001182913780212,0.08911368250846863,2.9013309478759766,0.0833333358168602,1.6666667461395264,,10.052907755374909,-0.020696241408586502,11.310770988464355,433.38,0.5925178527832031,-0.009044555964646862,0.2651981711387634,-0.5759396553039551,0.3114612102508545,0.6212031245231628,0.03755098581314087,0.40414828062057495,0.625,0.8432337641716003,0.03349517434835434,0.30020004510879517,0.7187032103538513,-0.009018105454742908,0.6375969648361206,0.3048369884490967,0.3031024932861328,5.69265513420105,0.2895773649215698,7.75,896.52753049
0.00011390625000000003,0.06674988567829132,0.7777778506278992,1784483112.9370584,1.7989857196807861,41531,0.3722204566001892,1346,2.0687928199768066,0.1945045441389084,0.09429870545864105,3.05537486076355,0.0,1.375,,9.8714731451869,-0.02131791040301323,11.660261154174805,424.24,0.582450270652771,-0.008449202634074027,0.27414482831954956,-0.5636250972747803,0.30646055936813354,0.6112957000732422,0.03712095320224762,0.4055682122707367,0.625,0.8722332715988159,0.02915714830160141,0.2999396026134491,0.7241708636283875,-0.009518875740468502,0.636981725692749,0.2981550693511963,0.300281286239624,5.675360059738159,0.28642451763153076,6.2916669845581055,899.12053386
0.00011390625000000003,0.06639771908521652,0.7777778506278992,1784483115.5275908,1.7278258800506592,39548,0.3504384458065033,1347,2.172960042953491,0.15821272134780884,0.0796077698469162,2.935833692550659,0.0833333358168602,1.625,,9.60666072614491,-0.02010059356689453,12.077583312988281,430.76,0.5917960405349731,-0.009297386885737068,0.24135401844978333,-0.5780627131462097,0.31165987253189087,0.5769708156585693,0.03725282847881317,0.4029496908187866,0.2083333432674408,0.8212873935699463,0.03137603802606463,0.2997717261314392,0.6868042349815369,-0.009543629363179207,0.63774174451828,0.3126950263977051,0.30511781573295593,5.651636242866516,0.29016178846359253,7.833333492279053,901.742550767
5.062500000000002e-05,0.06853769719600677,0.7777778506278992,1784483118.1496575,1.7774598598480225,39045,0.3641672134399414,1348,2.1889517307281494,0.18270301818847656,0.08691103756427765,2.9191741943359375,0.0416666679084301,1.6666667461395264,,10.318421469926834,-0.019335944205522537,11.459493637084961,444.34,0.5971683263778687,-0.008446157351136208,0.25678202509880066,-0.5762037634849548,0.3170517683029175,0.6119301319122314,0.03825720399618149,0.4005555808544159,0.5833333730697632,0.8338172435760498,0.03633047044277191,0.29949986934661865,0.7254303693771362,-0.00937237311154604,0.6372511982917786,0.3287205696105957,0.3074027895927429,5.634477996826172,0.29579317569732666,6.958333492279053,904.288393857
0.00011390625000000003,0.06832590699195862,0.7777778506278992,1784483120.6894345,1.7033199071884155,40277,0.364600270986557,1349,2.1514086723327637,0.17033205926418304,0.08099956810474396,2.907616376876831,0.0416666679084301,1.375,,9.828821836709976,-0.02236109972000122,11.432144165039062,429.91,0.5893141627311707,-0.009694837557617575,0.23943720757961273,-0.5798981189727783,0.3143634498119354,0.5956876277923584,0.03808879852294922,0.3986724317073822,0.4166666865348816,0.8160066604614258,0.034605728648602965,0.2993861138820648,0.7054998874664307,-0.009541798382997513,0.6376668214797974,0.2892463207244873,0.30344659090042114,5.614985656738281,0.2916069030761719,7.125,906.854206638
0.00011390625000000003,0.07018981873989105,0.7777778506278992,1784483123.2767193,1.7087781429290771,39850,0.3382657468318939,1350,2.149071216583252,0.1940845102071762,0.09023803472518921,2.9910829067230225,0.125,1.2916667461395264,,10.488962594121695,-0.018564458936452866,11.883840560913086,455.95,0.5982203483581543,-0.009243667451664805,0.2702461779117584,-0.5835729837417603,0.32094693183898926,0.6267342567443848,0.03916807472705841,0.39681002497673035,0.375,0.8880385160446167,0.03183175912126899,0.2992335855960846,0.7538669109344482,-0.010178647004067898,0.6383854150772095,0.31775975227355957,0.3059609532356262,5.601668500900269,0.2978019118309021,7.458333492279053,909.469991583
0.00011390625000000003,0.07190653681755066,0.7777778506278992,1784483125.8691654,1.708434820175171,39414,0.3683949410915375,1351,2.194472074508667,0.17421972751617432,0.08461736142635345,2.924988269805908,0.0,1.4166667461395264,,10.52913493424654,-0.01907622441649437,11.270931243896484,450.84,0.5990397930145264,-0.00758175507071428,0.24796485900878906,-0.5792859792709351,0.3229140341281891,0.6406710147857666,0.03910224512219429,0.39712926745414734,0.4166666865348816,0.8338364362716675,0.03105099406093359,0.29895761609077454,0.7354260683059692,-0.009404654614627361,0.637767493724823,0.29964494705200195,0.3082793653011322,5.582930588722229,0.2982843518257141,7.583333492279053,912.038507171
0.00011390625000000003,0.07018253207206726,0.7777778506278992,1784483128.4474573,1.787886381149292,39746,0.36132341623306274,1352,2.183061361312866,0.20926880836486816,0.09264402836561203,3.034499168395996,0.0833333358168602,1.6666667461395264,,10.156322749853134,-0.02228972129523754,11.530027389526367,443.55,0.5808572769165039,-0.008976462471764535,0.27961471676826477,-0.5660118460655212,0.3113960027694702,0.6334899663925171,0.037603043019771576,0.39815646409988403,0.5833333730697632,0.8940045833587646,0.036886060051620005,0.29883116483688354,0.7684861421585083,-0.009874477982521057,0.6377653479576111,0.29024386405944824,0.2984064221382141,5.554227566719055,0.2884693145751953,6.833333492279053,915.154687278
0.00011390625000000003,0.06640590727329254,0.7777778506278992,1784483131.634413,1.7939270734786987,32664,0.32419413328170776,1353,2.707122802734375,0.16075465083122253,0.08531933277845383,3.1366477012634277,0.0,1.75,"{'path': 'media/videos/video_1353_2361e72d07978080e4ef.mp4', 'size': 1674378.0, '_type': 'video-file', 'sha256': '2361e72d07978080e4efb34a701d963350dae67a9a863ee9772aafd0e90e5f4f'}",9.796926559507847,-0.018331725150346756,12.207755088806152,428.87,0.5800716876983643,-0.00852672639884986,0.25468868017196655,-0.5651880502700806,0.31104105710983276,0.6516624689102173,0.037872686982154846,0.3967059254646301,0.3333333432674408,0.8661037683486938,0.032849614135921,0.29861295223236084,0.7698900103569031,-0.009134311228990555,0.6382285356521606,0.3023381233215332,0.29955360293388367,5.545193672180176,0.2875445783138275,7.333333492279053,917.678380582
0.00011390625000000003,0.07264365255832672,0.7777778506278992,1784483134.0805233,1.7544093132019043,41694,0.367250919342041,1354,2.0684375762939453,0.18589243292808533,0.09068833291530609,3.0738582611083984,0.0416666679084301,1.5416667461395264,,9.93717115327716,-0.017742455005645752,12.074745178222656,429.01,0.5880239009857178,-0.008820902009028941,0.26420944929122925,-0.5709601640701294,0.3153831362724304,0.6552180647850037,0.03830617666244507,0.39423322677612305,0.4583333432674408,0.8741759061813354,0.031098600197583436,0.2984253764152527,0.7635061144828796,-0.008633458986878395,0.6369252800941467,0.2893092632293701,0.30370956659317017,5.520105147361756,0.2946699857711792,7.708333492279053,920.344990952
7.593750000000004e-05,0.06742865592241287,0.7407407760620117,1784483136.751898,1.8841370344161987,38264,0.41953086853027344,1355,2.263857841491699,0.20694425702095032,0.09315884113311768,3.089775800704956,0.0,1.3333333730697632,,9.800852452218532,-0.015306167304515839,11.864523887634277,440.09,0.5829344987869263,-0.007348672248190269,0.27628177404403687,-0.5701298713684082,0.3077090084552765,0.6844743490219116,0.037064239382743835,0.39268672466278076,0.75,0.9032905101776123,0.03151385504752398,0.29834824800491333,0.793606162071228,-0.009948352351784706,0.6370704174041748,0.30518126487731934,0.29917287826538086,5.513596558570862,0.28601762652397156,7.333333492279053,922.821685963
7.593750000000002e-05,0.06495177000761032,0.7083333730697632,1784483139.2246392,1.7762244939804077,41417,0.3409852683544159,1356,2.0812463760375977,0.1713804006576538,0.08315459638834,2.971978187561035,0.0416666679084301,1.75,,9.766021036952734,-0.020908113569021225,11.44330883026123,433.78,0.591460108757019,-0.008979771519079804,0.24827346205711365,-0.5796958208084106,0.31272587180137634,0.6000100374221802,0.038040488958358765,0.39346155524253845,0.375,0.8434891700744629,0.028749822452664376,0.29823845624923706,0.7239958643913269,-0.009062858298420906,0.6368585824966431,0.29222917556762695,0.3062923848628998,5.498109602928162,0.29318565130233765,8.083333969116211,925.427257273
7.593750000000002e-05,0.06314362585544586,0.6666667461395264,1784483141.8374395,1.7182493209838867,39228,0.4064708650112152,1357,2.1914432048797607,0.1998756378889084,0.09245344251394272,2.9703941345214844,0.0,1.2083333730697632,,9.988073805645108,-0.02317802980542183,11.46242904663086,441.29,0.5941855907440186,-0.007029100833460688,0.2766397297382355,-0.5751420855522156,0.31433364748954773,0.6709491610527039,0.038239963352680206,0.3946878910064697,0.5833333730697632,0.9150974154472351,0.033096778113394974,0.29822733998298645,0.7755227088928223,-0.00945805199444294,0.6360514163970947,0.31447768211364746,0.306016206741333,5.498532342910766,0.2900044620037079,7.333333492279053,927.910366464
7.593750000000002e-05,0.0695439800620079,0.6666667461395264,1784483144.322798,1.6857004165649414,41367,0.372323215007782,1358,2.0834007263183594,0.1619640290737152,0.08043919503688812,2.730976104736328,0.0,1.0,,10.550651293098927,-0.021832581609487534,10.764768600463867,449.62,0.6086295247077942,-0.006533863744698465,0.23949012160301208,-0.5930027961730957,0.3229082226753235,0.5859347581863403,0.03906449303030968,0.39456480741500854,0.6666666865348816,0.7967348098754883,0.03382066879421473,0.297979474067688,0.6698950529098511,-0.0090200025588274,0.6358067989349365,0.2929415702819824,0.3138275742530823,5.486606025695801,0.29935669898986816,7.458333492279053,930.571058068
7.593750000000002e-05,0.06360839307308197,0.6666667461395264,1784483146.9831278,1.8452037572860718,38542,0.3703119456768036,1359,2.2455644607543945,0.17882725596427917,0.08377005904912949,2.8039278984069824,0.0416666679084301,1.2916667461395264,,10.244736793339252,-0.021754657849669456,10.841726303100586,457.14,0.601545512676239,-0.008133420563535766,0.24343475699424744,-0.5919287204742432,0.3174743354320526,0.5335853099822998,0.038544662296772,0.39384883642196655,0.375,0.7668412923812866,0.03357054591178894,0.29791295528411865,0.6451323628425598,-0.010377557948231697,0.6360734701156616,0.30500102043151855,0.31139859557151794,5.467147898674011,0.2988497316837311,6.375,933.011810554
0.00011390625000000003,0.06380300223827362,0.7546296119689941,1784483149.4162283,1.7616243362426758,42148,0.3746632933616638,1360,2.043492078781128,0.20028755068778992,0.09206986427307129,3.0091986656188965,0.0416666679084301,1.75,,9.594201652742923,-0.018672404810786247,11.671333312988281,418.39,0.5804563164710999,-0.007262657987303101,0.26872771978378296,-0.5646723508834839,0.3095863461494446,0.6126624345779419,0.0377107709646225,0.3927503824234009,0.75,0.8498184084892273,0.03643428236246109,0.29786041378974915,0.7222142219543457,-0.009630931541323662,0.636703610420227,0.2888364791870117,0.30160075426101685,5.467689681053161,0.28724169731140137,8.166666984558105,935.591743146
0.00011390625000000003,0.0659499391913414,0.7407407760620117,1784483152.00607,1.8456058502197266,39660,0.36345383524894714,1361,2.1630876064300537,0.1987563669681549,0.09187082946300507,3.1148271560668945,0.0,2.1666667461395264,,10.174045300781726,-0.020837392657995224,11.991409301757812,450.95,0.573778510093689,-0.009306284921331098,0.27452346682548523,-0.5636720061302185,0.30200624465942383,0.6691405177116394,0.03666534647345543,0.3938124179840088,0.7083333730697632,0.8945211172103882,0.03577469401061535,0.297802597284317,0.7815329432487488,-0.01024818979203701,0.6345901489257812,0.315537691116333,0.29601913690567017,5.452959656715393,0.2827911972999573,8.083333969116211,938.199445586
0.00011390625000000003,0.06662074476480484,0.7407407760620117,1784483154.6094317,1.872220754623413,39439,0.3628079295158386,1362,2.173692226409912,0.19233517348766327,0.09471116960048676,3.1468863487243652,0.0,1.9166667461395264,,10.336087205633522,-0.018086867406964302,11.933021545410156,440.39,0.5872800350189209,-0.008906866508186794,0.2727964222431183,-0.5650005340576172,0.3149622678756714,0.680060863494873,0.03871864080429077,0.39468711614608765,0.6666666865348816,0.8870303630828857,0.036893684417009354,0.29802629351615906,0.795475423336029,-0.009189197793602943,0.6325005888938904,0.3188204765319824,0.3051297068595886,5.464893245697022,0.29734885692596436,7.5416669845581055,940.874020625
7.593750000000004e-05,0.06536278128623962,0.6759259700775146,1784483157.2844644,2.048940896987915,38296,0.3794572353363037,1363,2.2598581314086914,0.17750796675682068,0.08785031735897064,3.193384885787964,0.0,1.875,,10.708519416749477,-0.016977854073047638,12.198677062988281,447.33,0.5808785557746887,-0.006956783583154902,0.25805386900901794,-0.5577126741409302,0.31313973665237427,0.6673693060874939,0.03825604170560837,0.3978258967399597,0.375,0.9025999903678894,0.03335808031260967,0.298007607460022,0.7957221865653992,-0.009789149276912212,0.6307717561721802,0.30703306198120117,0.3030785322189331,5.474734497070313,0.2892422080039978,7.25,943.309307382
7.593750000000002e-05,0.06735612452030182,0.6666667461395264,1784483159.7177598,1.7129342555999756,42275,0.3683106601238251,1364,2.022939920425415,0.17634209990501404,0.08496685326099396,2.994500160217285,0.0,1.7083333730697632,,9.986005547344684,-0.0196603424847126,11.79463005065918,426.57,0.5880415439605713,-0.008895743609173223,0.24837779998779297,-0.5761334300041199,0.316239595413208,0.5891628265380859,0.038659267127513885,0.4013350009918213,0.2916666865348816,0.8515423536300659,0.02986255958676338,0.2978014349937439,0.7101752161979675,-0.008744331076741219,0.6300092339515686,0.3023827075958252,0.30455946922302246,5.455811405181885,0.29187914729118347,7.625,945.910054533
0.00011390625000000003,0.06479224562644958,0.6666667461395264,1784483162.3207328,1.7083467245101929,39381,0.4145506024360657,1365,2.18800687789917,0.18510925769805908,0.08619260787963867,2.8732595443725586,0.0416666679084301,1.4583333730697632,,10.126127716004849,-0.023205693811178207,11.29773998260498,433.5,0.6038186550140381,-0.008574100912665018,0.25687021017074585,-0.5811888575553894,0.3216243386268616,0.6328669786453247,0.03961317241191864,0.40192970633506775,0.375,0.8173642158508301,0.034251056239008905,0.2976413369178772,0.7261011600494385,-0.007925239391624928,0.6306562423706055,0.3082118034362793,0.31556499004364014,5.438690567016602,0.30174124240875244,7.7916669845581055,948.472374471
0.00011390625000000003,0.0650193840265274,0.6666667461395264,1784483164.887494,1.8334665298461914,40094,0.3665817677974701,1366,2.1350090503692627,0.18832695484161377,0.09130293130874634,2.945183277130127,0.0,1.3333333730697632,,10.169591945186257,-0.018836302682757378,11.080802917480469,432.81,0.578767716884613,-0.007606123981531709,0.2671931982040405,-0.5566095113754272,0.31161266565322876,0.6375946402549744,0.038153909146785736,0.40421169996261597,0.5416666865348816,0.8535262942314148,0.029142704885452987,0.2975212633609772,0.747148871421814,-0.008279550820589066,0.631009578704834,0.31682324409484863,0.29927462339401245,5.428281092643738,0.2921907305717468,6.6666669845581055,951.142565829
0.00011390625000000003,0.0630921721458435,0.6666667461395264,1784483167.555448,1.5546252727508545,38472,0.41113996505737305,1367,2.2543370723724365,0.15030114352703094,0.07524370402097702,2.561283826828003,0.0,0.9166666865348816,,10.351185316741466,-0.023450186476111412,9.996353149414062,455.24,0.5969140529632568,-0.007919792682514526,0.2214859426021576,-0.5865951776504517,0.3149867653846741,0.5156347155570984,0.038561850786209106,0.40278682112693787,0.4583333432674408,0.7197843790054321,0.03132770974189043,0.29741618037223816,0.5953902006149292,-0.009808596223592758,0.6322192549705505,0.3008458614349365,0.31167861819267273,5.4149085521698,0.29493388533592224,6.6666669845581055,953.585231964
0.00011390625000000003,0.06760454177856445,0.6666667461395264,1784483169.9855936,1.645747184753418,42130,0.388979434967041,1368,2.0346004962921143,0.1812324970960617,0.0895286500453949,2.8172974586486816,0.0,1.2916667461395264,,9.825066324174404,-0.017875878140330315,10.984504699707031,438.19,0.6042122840881348,-0.008117942249145926,0.2590232193470001,-0.593329668045044,0.31928136944770813,0.5959907174110413,0.0390159897506237,0.4007183015346527,0.5,0.8097044825553894,0.03181097889319062,0.2974343001842499,0.6994752883911133,-0.01028139516711235,0.633479118347168,0.29874682426452637,0.3140774369239807,5.411645722389221,0.2985767722129822,7.458333492279053,956.20382446
0.00011390625000000003,0.06375715136528015,0.6666667461395264,1784483172.6180973,1.7208583354949951,39005,0.36695587635040283,1369,2.213890314102173,0.17767083644866943,0.08667554706335068,2.955076217651367,0.0416666679084301,1.5416667461395264,,10.627584341317416,-0.02127911150455475,11.481664657592773,456.71,0.5998647809028625,-0.008581443771254272,0.2498111128807068,-0.5834985375404358,0.32120880484580994,0.6129822134971619,0.03970882296562195,0.40193647146224976,0.5,0.824417769908905,0.03203574828803539,0.29740145802497864,0.7091576457023621,-0.008422011509537697,0.6347603797912598,0.30635714530944824,0.31156596541404724,5.416488218307495,0.2995430827140808,7.7916669845581055,958.683192676
0.00011390625000000003,0.06526245921850204,0.6666667461395264,1784483175.085908,1.7365092039108276,41537,0.4286843538284302,1370,2.0682458877563477,0.175030916929245,0.08775027841329575,2.840831756591797,0.0,1.4583333730697632,,10.161887486577035,-0.021310895681381226,11.3546781539917,437.65,0.5866101980209351,-0.008812293310620589,0.2494301199913025,-0.5729951858520508,0.3105209469795227,0.6242231130599976,0.03908512368798256,0.402547687292099,0.6666666865348816,0.823718249797821,0.03212654907256365,0.29730668663978577,0.7243975400924683,-0.009086175821721554,0.6369272470474243,0.2983858585357666,0.3070525527000427,5.411231422424317,0.2933090329170227,6.75,961.32722268
0.00011390625000000003,0.06849770247936249,0.6666667461395264,1784483177.740889,1.8105992078781128,38638,0.3603533208370209,1371,2.2409183979034424,0.1724197268486023,0.08442644774913788,2.966796398162842,0.0,1.375,,10.94110060274601,-0.019017066806554794,11.282366752624512,464.62,0.6103777289390564,-0.009388846988440492,0.25365257263183594,-0.5889220237731934,0.3294961154460907,0.6257113218307495,0.041037846356630325,0.40184876322746277,0.5416666865348816,0.8096272349357605,0.03354028835892677,0.29734185338020325,0.7237064242362976,-0.009195246733725071,0.6388424634933472,0.303253173828125,0.3185843229293823,5.402810335159302,0.3074617087841034,7.7916669845581055,963.912386215
0.00017085937500000006,0.061430059373378754,0.6666667461395264,1784483180.322696,1.84440016746521,39736,0.38638073205947876,1372,2.156071424484253,0.19280807673931122,0.09227946400642395,3.0526063442230225,0.0,1.7083333730697632,,10.283482731878758,-0.021450914442539215,11.20796012878418,448.68,0.5717101097106934,-0.00834073186852038,0.26298457384109497,-0.5575868487358093,0.3057914972305298,0.6941285133361816,0.0384325347840786,0.40413063764572144,0.4583333432674408,0.8838958144187927,0.030661566462367774,0.29763221740722656,0.7892117500305176,-0.008613061159849167,0.6408916115760803,0.31783628463745117,0.2978818416595459,5.417062139511108,0.28390780091285706,7.1666669845581055,967.000978531
0.00011390625000000006,0.06522505730390549,0.6666667461395264,1784483183.4760177,1.6804838180541992,32958,0.3949568271636963,1373,2.6856765747070312,0.1705918163061142,0.08548613637685776,2.8995349407196045,0.0,1.5833333730697632,"{'path': 'media/videos/video_1373_0d2968001b225e1c7634.mp4', 'size': 1363975.0, '_type': 'video-file', 'sha256': '0d2968001b225e1c76343a033f5cfdb616b7eea028b0eb87a329a6655172521b'}",10.812856797277927,-0.02237001061439514,11.311729431152344,464.09,0.5983445644378662,-0.008938896089603077,0.24865305423736572,-0.5762490630149841,0.3221413493156433,0.5959533452987671,0.03999565541744232,0.4066864252090454,0.4583333432674408,0.814681887626648,0.03138990942388773,0.2977035343647003,0.7164500951766968,-0.008897940628230572,0.6402883529663086,0.2969684600830078,0.31251320242881775,5.433609104156494,0.298919677734375,7.708333492279053,969.648489912
7.593750000000004e-05,0.070033960044384,0.6666667461395264,1784483186.071137,1.5430197715759277,39549,0.36707526445388794,1374,2.1727564334869385,0.1579418182373047,0.08023376762866974,2.7258949279785156,0.0,1.0416667461395264,,10.204552538171411,-0.021427709609270096,10.468452453613281,450.1,0.6158797144889832,-0.008618986012879758,0.2314906120300293,-0.5961509346961975,0.3305096924304962,0.5977607369422913,0.04154950752854347,0.4064146876335144,0.5,0.7736426591873169,0.029283837415277958,0.29767948389053345,0.6737362146377563,-0.010305033065378666,0.6393140554428101,0.31284070014953613,0.32084792852401733,5.429114723205567,0.3102722465991974,7.208333492279053,972.224317046
7.593750000000002e-05,0.06653842329978943,0.6666667461395264,1784483188.6285522,1.9414623975753784,40048,0.3595028519630432,1375,2.15679931640625,0.19747504591941833,0.09263071417808533,3.1688239574432373,0.0,1.3333333730697632,,9.522577909082175,-0.021996483206748962,11.988819122314453,416.19,0.5794531106948853,-0.006236625229939818,0.27126824855804443,-0.5640508532524109,0.31112784147262573,0.6815756559371948,0.03893911838531494,0.4054601788520813,0.625,0.9137845039367676,0.03248143186792731,0.29758623242378235,0.7866665720939636,-0.008922782726585865,0.6413277387619019,0.2978339195251465,0.3015722632408142,5.42388813495636,0.29149195551872253,7.25,974.656002546
7.593750000000002e-05,0.06480903923511505,0.6666667461395264,1784483191.059483,1.6047754287719727,42156,0.37794190645217896,1376,2.046063184738159,0.14469604194164276,0.0781819224357605,2.892979621887207,0.0416666679084301,1.5,,10.549577423110604,-0.019778158515691757,11.499244689941406,451.96,0.6019841432571411,-0.00859363512136042,0.22570161521434784,-0.5828655362129211,0.3222575783729553,0.5603293776512146,0.040663477033376694,0.4074563980102539,0.2916666865348816,0.7924229502677917,0.03320748507976532,0.29735103249549866,0.6842590570449829,-0.009652634151279926,0.6413174271583557,0.28583407402038574,0.3127598762512207,5.398964595794678,0.30230003595352173,7.5416669845581055,977.279639463
0.00011390625000000003,0.06431525945663452,0.6666667461395264,1784483193.6874974,1.7694482803344727,38955,0.3744320273399353,1377,2.2194244861602783,0.18418484926223755,0.0868971198797226,2.844167709350586,0.0416666679084301,1.6666667461395264,,9.949056877493858,-0.02398005686700344,11.362287521362305,431.55,0.5859059691429138,-0.008242395496927202,0.2519208490848541,-0.56476891040802,0.31558847427368164,0.581513524055481,0.03911605104804039,0.40722090005874634,0.3333333432674408,0.824682891368866,0.029264016542583704,0.2972433269023895,0.6905918121337891,-0.008806273341178894,0.6414617896080017,0.304088830947876,0.3065626323223114,5.385787177085876,0.2936182916164398,7.333333492279053,979.75973211
0.00011390625000000003,0.06680881977081299,0.6666667461395264,1784483196.1695542,1.543077826499939,41396,0.3798080384731293,1378,2.082031726837158,0.1441764533519745,0.07533606886863708,2.742865562438965,0.0,1.125,,10.6627000336349,-0.024273386225104332,11.05825424194336,457.88,0.6171283721923828,-0.00820195494161453,0.2179521769285202,-0.5918167233467102,0.3284262418746948,0.5373939871788025,0.04101112484931946,0.40791040658950806,0.1666666716337204,0.7635689973831177,0.03212068360298872,0.29719722270965576,0.6458266973495483,-0.008005931042134762,0.6408562660217285,0.29265594482421875,0.3233945369720459,5.37091097831726,0.30941832065582275,7.5,982.208258877
7.593750000000004e-05,0.06395559757947922,0.6666667461395264,1784483198.6142168,1.8128681182861328,41967,0.39103633165359497,1379,2.0559239387512207,0.19265243411064148,0.09073300659656525,3.033811092376709,0.0416666679084301,1.6666667461395264,,10.150615593641996,-0.0200788713991642,11.751246452331543,447.38,0.5829907059669495,-0.00857085146708414,0.2689236104488373,-0.567137598991394,0.31069281697273254,0.657081127166748,0.038492850959300995,0.4082413613796234,0.6666666865348816,0.8726235628128052,0.03396894447505474,0.2972336411476135,0.7801145315170288,-0.009420286864042282,0.6400773525238037,0.28645992279052734,0.30245065689086914,5.3770910739898685,0.2908777594566345,7.5,984.774430945
5.062500000000002e-05,0.0637684091925621,0.6666667461395264,1784483201.1827378,1.9212758541107178,39920,0.40075454115867615,1380,2.1668224334716797,0.21284043788909912,0.09673404693603516,3.1080799102783203,0.0833333358168602,2.0416667461395264,,9.509376419186593,-0.02449781820178032,11.559226036071777,409.08,0.5729215145111084,-0.008199172979220747,0.2846388518810272,-0.5564290285110474,0.3034036457538605,0.6943279504776001,0.037584010511636734,0.40886205434799194,0.7083333730697632,0.9160169363021851,0.03555770441889763,0.29735609889030457,0.8082919120788574,-0.009164223447442055,0.639403223991394,0.2956686019897461,0.3004675805568695,5.384815669059753,0.2864331603050232,6.25,987.282716636
0.00011390625000000003,0.0649838000535965,0.6666667461395264,1784483203.68502,1.7044720649719238,40959,0.4434841573238373,1381,2.1026220321655273,0.17218515276908875,0.08257031440734863,2.8052024841308594,0.0,1.375,,10.119025767445564,-0.017049118876457214,10.659417152404785,431.01,0.5939478278160095,-0.00872673656558618,0.2403436154127121,-0.5757408738136292,0.3155989348888397,0.6179965734481812,0.03950017690658569,0.40821707248687744,0.7083333730697632,0.7940618395805359,0.030117614660412073,0.2972343862056732,0.6962777972221375,-0.009326895698904991,0.6402709484100342,0.2973909378051758,0.31059759855270386,5.38102240562439,0.2971455454826355,8.5,989.82483994
0.00011390625000000003,0.07167556136846542,0.6666667461395264,1784483206.2328904,1.6532366275787354,40243,0.35997578501701355,1382,2.1429221630096436,0.1567803919315338,0.07757323980331421,2.775047779083252,0.0,1.1666667461395264,,10.282060289084912,-0.026696404442191124,11.111804008483887,449.73,0.615288496017456,-0.007990605550003239,0.23381298780441284,-0.5883630514144897,0.3276103734970093,0.6024863719940186,0.040618039667606354,0.40860772132873535,0.4583333432674408,0.7918550372123718,0.03433727528899908,0.29716381430625916,0.699547290802002,-0.009306376799941063,0.6400766372680664,0.2998344898223877,0.32219281792640686,5.370895671844482,0.3083278238773346,8.0,992.331231935
7.593750000000002e-05,0.06947216391563416,0.6666667461395264,1784483208.7418857,1.7002360820770264,40947,0.41567620635032654,1383,2.1147420406341553,0.16775846481323242,0.07991611212491989,2.9801948070526123,0.0416666679084301,1.3333333730697632,,10.188892822563648,-0.02159416489303112,11.57020092010498,448.98,0.6074070930480957,-0.008764292515115813,0.24060633778572083,-0.5891736745834351,0.3193555176258087,0.6137428283691406,0.039743371307849884,0.4091905355453491,0.5,0.829746425151825,0.032877161540091036,0.2971626818180084,0.7263331413269043,-0.008951093070209026,0.6397562623023987,0.28596973419189453,0.31590744853019714,5.366669225692749,0.3010350167751312,7.7916669845581055,994.965081476
0.00011390625000000003,0.06405194848775864,0.6666667461395264,1784483211.367799,1.6432188749313354,38932,0.34841465950012207,1384,2.2278454303741455,0.16492784023284912,0.08186012506484985,2.741642475128174,0.0,1.2916667461395264,,10.760766189098359,-0.021075304597616196,10.490324020385742,463.23,0.59401935338974,-0.008179165361070773,0.23666462302207947,-0.5755109786987305,0.3146665692329407,0.5894961357116699,0.03964156284928322,0.409284770488739,0.4166666865348816,0.7946686744689941,0.030476047471165658,0.2969914674758911,0.683219313621521,-0.00860648974776268,0.6411217451095581,0.29712724685668945,0.3109006881713867,5.355315065383911,0.2967821955680847,8.041666984558105,997.409059421
7.593750000000002e-05,0.06954431533813477,0.6666667461395264,1784483213.8180246,1.7248138189315796,41948,0.41378653049468994,1385,2.04693341255188,0.17517834901809692,0.08408814668655396,2.8509769439697266,0.0,1.2916667461395264,,10.259451101720334,-0.023966630920767784,11.09162425994873,444.55,0.6024429798126221,-0.009259912720881402,0.2491363137960434,-0.5794326066970825,0.325339138507843,0.5943775177001953,0.041248779743909836,0.4092094600200653,0.2916666865348816,0.8220002055168152,0.03343647550791502,0.2971924841403961,0.6980047225952148,-0.008339563384652138,0.6419740915298462,0.2965273857116699,0.3138907253742218,5.35487220287323,0.3029513359069824,8.166666984558105,1000.002281895
0.00011390625000000003,0.061943419277668,0.6666667461395264,1784483216.4125311,1.7754523754119873,39532,0.40008315443992615,1386,2.1801724433898926,0.17776811122894287,0.0875929445028305,3.063960075378418,0.0416666679084301,1.75,,10.040821172297,-0.01933853141963482,11.868497848510742,441.58,0.5855462551116943,-0.008483326507848688,0.25324997305870056,-0.5652791261672974,0.30803391337394714,0.663960337638855,0.03860975801944733,0.4131857752799988,0.5,0.8775392770767212,0.031654373928904536,0.2973160445690155,0.768492579460144,-0.008031662553548813,0.6410389542579651,0.3065145015716553,0.30763328075408936,5.3753838539123535,0.2899289131164551,8.208333969116211,1002.433754817
7.593750000000002e-05,0.06470019370317459,0.6666667461395264,1784483218.84707,1.93297278881073,42288,0.384522020816803,1387,2.0263328552246094,0.1956702172756195,0.09564375877380371,3.161776542663574,0.0416666679084301,1.75,,9.506020232588053,-0.017006225883960724,12.118818283081055,409.33,0.563997745513916,-0.008310521801467985,0.2732137441635132,-0.5502780675888062,0.2959285378456116,0.7225282192230225,0.03702894598245621,0.41754862666130066,0.4583333432674408,0.897941529750824,0.03395629953593016,0.29739752411842346,0.843345046043396,-0.008779726922512054,0.63961261510849,0.29828715324401855,0.2960529327392578,5.382187247276306,0.28116509318351746,5.6666669845581055,1004.884179063
0.00011390625000000003,0.06308029592037201,0.6666667461395264,1784483221.2845647,1.9442771673202515,42019,0.38247281312942505,1388,2.043635129928589,0.1998911201953888,0.09345845878124237,3.347036361694336,0.0416666679084301,1.75,,10.788084413707256,-0.017940808087587357,12.58657455444336,451.45,0.570999264717102,-0.008212572778575122,0.2810523509979248,-0.5561386346817017,0.306132435798645,0.6709043383598328,0.03820393979549408,0.4216129183769226,0.5,0.9412983655929565,0.03179229972884059,0.29737797379493713,0.8185450434684753,-0.009045316837728024,0.6373012661933899,0.29583024978637695,0.2985484302043915,5.3857180833816525,0.2894761562347412,6.583333492279053,1007.457789613
5.062500000000002e-05,0.06289783120155334,0.6666667461395264,1784483223.8646111,1.8555593490600586,39680,0.3767922520637512,1389,2.180055618286133,0.1967499703168869,0.09417539089918137,3.087763547897339,0.0,1.5833333730697632,,9.622001268975437,-0.021246081218123436,11.878480911254883,426.57,0.5726900100708008,-0.007541454136662651,0.2732904553413391,-0.5662140846252441,0.3035455644130707,0.6790472865104675,0.038010213524103165,0.42253410816192627,0.7916666865348816,0.8871910572052002,0.035476142168045045,0.297349214553833,0.7910436391830444,-0.009639054536819458,0.6359468698501587,0.2973489761352539,0.2968514561653137,5.382525968551636,0.2839823067188263,7.1666669845581055,1009.905918847
0.00011390625000000003,0.06578484177589417,0.6666667461395264,1784483226.308693,1.7050626277923584,41973,0.40611594915390015,1390,2.04428768157959,0.17085671424865723,0.08532671630382538,2.9343271255493164,0.0,1.5833333730697632,,10.806341309845447,-0.0196168702095747,11.7022705078125,457.59,0.5888532996177673,-0.008210113132372498,0.24639558792114258,-0.5666229724884033,0.31445497274398804,0.642909049987793,0.03953427076339722,0.423753947019577,0.5,0.8061003684997559,0.03266493519768119,0.2973977327346802,0.7532724142074585,-0.008745875209569931,0.63523268699646,0.2977464199066162,0.3088708519935608,5.385388588905334,0.2947115898132324,7.833333492279053,1012.566357824
0.00017085937500000006,0.06384589523077011,0.6666667461395264,1784483228.9783006,1.8359296321868896,38384,0.41828617453575134,1391,2.2546844482421875,0.18745450675487518,0.09101834893226624,3.0164451599121094,0.0833333358168602,1.7916667461395264,,9.787455805540084,-0.019605128094553947,11.663503646850586,432.66,0.578345775604248,-0.007959488251526637,0.27028894424438477,-0.562150239944458,0.3039315342903137,0.6764556765556335,0.0385439470410347,0.42382264137268066,0.5833333730697632,0.921993613243103,0.03485088013112545,0.2972271144390106,0.7903951406478882,-0.009267753921449184,0.6348402500152588,0.30634164810180664,0.3035038411617279,5.378656911849975,0.2886137366294861,7.1666669845581055,1015.018589955
0.00011390625000000006,0.06363514065742493,0.6666667461395264,1784483231.4297264,1.8231923580169678,41954,0.37508031725883484,1392,2.0483319759368896,0.2036270946264267,0.09230171889066696,3.0116729736328125,0.0833333358168602,1.7916667461395264,,10.052757400274277,-0.021480731666088104,11.766791343688965,441.18,0.5810035467147827,-0.008246623253216966,0.2747174799442291,-0.5671958923339844,0.3120667636394501,0.6617127060890198,0.03958400338888168,0.42340728640556335,0.875,0.8677940368652344,0.03221792858093977,0.2972235083580017,0.7668141722679138,-0.009365146979689598,0.6344975829124451,0.2947990894317627,0.30425241589546204,5.371564865112305,0.29710373282432556,8.25,1017.594103652
7.593750000000004e-05,0.06377983093261719,0.6666667461395264,1784483234.011539,1.654520034790039,39837,0.41890889406204224,1393,2.149110794067383,0.16596108675003052,0.08554570376873016,2.8937976360321045,0.0,1.4583333730697632,,10.134493112713098,-0.02267969213426113,11.213638305664062,441.87,0.5920042991638184,-0.008424272388219833,0.24863599240779877,-0.5703875422477722,0.31905192136764526,0.5893126726150513,0.04063419997692108,0.4231339395046234,0.5416666865348816,0.8150240778923035,0.032775834668427706,0.29712167382240295,0.6978046894073486,-0.008857361041009426,0.6330727338790894,0.318500280380249,0.30823004245758057,5.363477015495301,0.298662394285202,6.7916669845581055,1020.62990761
0.00011390625000000003,0.06829573959112167,0.6666667461395264,1784483237.1242251,1.6013482809066772,33683,0.3797028064727783,1394,2.6279819011688232,0.1369498372077942,0.07146494835615158,2.7079970836639404,0.0,1.0833333730697632,"{'path': 'media/videos/video_1394_77706e9670379494dc0d.mp4', 'size': 1535710.0, '_type': 'video-file', 'sha256': '77706e9670379494dc0d1588a6e47154a71e5f6dcbb877273495ae901deac2b5'}",10.854588192105293,-0.020273692905902863,11.081342697143555,458.23,0.6181624531745911,-0.008501114300452172,0.21077363193035126,-0.5938019156455994,0.33586442470550537,0.5421927571296692,0.04251883178949356,0.42407476902008057,0.2916666865348816,0.7570666074752808,0.030209996737539768,0.2971794605255127,0.6442695260047913,-0.008435913361608982,0.6306496858596802,0.2904479503631592,0.3250536322593689,5.354782390594482,0.315446138381958,8.083333969116211,1023.248346039
0.00011390625000000003,0.06287924945354462,0.6666667461395264,1784483239.6536336,1.8636544942855835,40360,0.39811497926712036,1395,2.140082597732544,0.17459122836589813,0.09198461472988129,3.274528980255127,0.0,1.375,,10.256567402929068,-0.017891276627779007,12.13129711151123,443.01,0.5620893836021423,-0.008465708361472934,0.2640991806983948,-0.5432693958282471,0.299460232257843,0.6860766410827637,0.03760746866464615,0.42472323775291443,0.625,0.8970251083374023,0.03338583633303642,0.2971934378147125,0.7971585988998413,-0.008200070820748806,0.6314758658409119,0.2955634593963623,0.2971165180206299,5.367171430587769,0.2829422950744629,6.833333492279053,1025.775774209
0.00011390625000000003,0.06839747726917267,0.6666667461395264,1784483242.182293,1.749070167541504,40531,0.40887701511383057,1396,2.1282551288604736,0.16741299629211426,0.08518429845571518,3.0849978923797607,0.0,1.375,,10.541652631759643,-0.021159721538424492,11.953556060791016,451.85,0.6021919846534729,-0.009026959200855344,0.24655261635780334,-0.5895007848739624,0.32326287031173706,0.6967253684997559,0.0404033437371254,0.42512378096580505,0.5,0.8578128814697266,0.03560221027582884,0.2971153259277344,0.8013085126876831,-0.009329354390501976,0.632349967956543,0.2971367835998535,0.31434327363967896,5.362021827697754,0.30565106868743896,7.0,1028.300997294
0.00011390625000000003,0.06512384116649628,0.6666667461395264,1784483244.7017043,1.798375129699707,40563,0.4096084535121918,1397,2.13429856300354,0.186253160238266,0.09013272821903229,3.068951368331909,0.0,1.5833333730697632,,10.768977323174477,-0.02117909863591194,11.66212272644043,458.36,0.6000297665596008,-0.008321989700198174,0.25811079144477844,-0.5835766196250916,0.3223682641983032,0.6535117626190186,0.040544718503952026,0.4267483651638031,0.5416666865348816,0.8965165019035339,0.032654611580073836,0.29701533913612366,0.7773722410202026,-0.008851844817399979,0.6308197975158691,0.28916025161743164,0.31451886892318726,5.3492543458938595,0.30444884300231934,7.875,1030.912134792
0.00011390625000000003,0.06500856578350067,0.6666667461395264,1784483247.3179038,1.8072322607040405,39124,0.41068515181541443,1398,2.2108304500579834,0.18290624022483826,0.0898885577917099,2.9984421730041504,0.0416666679084301,1.5416667461395264,,9.89052340567112,-0.024472622200846672,11.534930229187012,440.61,0.5816419720649719,-0.009096450119977817,0.2648366689682007,-0.5653099417686462,0.3103766441345215,0.7023741006851196,0.03954844921827316,0.42766281962394714,0.5416666865348816,0.875893771648407,0.03168846294283867,0.296932190656662,0.7948617935180664,-0.008270679041743279,0.6317591667175293,0.3017563819885254,0.3049672842025757,5.34145839214325,0.2931951880455017,6.875,1033.589594084
0.00017085937500000006,0.0641186460852623,0.6666667461395264,1784483249.9983122,1.8994014263153076,38187,0.3888302445411682,1399,2.255535840988159,0.21192483603954315,0.09398108720779419,3.193735122680664,0.0,1.5,,10.270569046884775,-0.022224348038434982,12.277252197265625,443.76,0.5779193639755249,-0.008829319104006573,0.2807997465133667,-0.560846209526062,0.30391985177993774,0.6820735335350037,0.03850925713777542,0.42814284563064575,0.625,0.9245860576629639,0.030632208194583656,0.29665839672088623,0.80524080991745,-0.008453465066850185,0.6313323974609375,0.3186812400817871,0.30339574813842773,5.319290447235107,0.29164305329322815,7.5416669845581055,1036.144470987
0.00011390625000000006,0.06357648968696594,0.6666667461395264,1784483252.5634012,1.6334370374679565,40158,0.3969964385032654,1400,2.13362193107605,0.17932415008544922,0.08833296597003937,2.814335346221924,0.0,1.25,,10.245292218476534,-0.020581379532814026,11.25819206237793,436.32,0.5940930843353271,-0.008375627355417237,0.2597125172615051,-0.5759686231613159,0.3193259835243225,0.6452864408493042,0.04018133506178856,0.4278462827205658,0.7916666865348816,0.82743901014328,0.02984482403844595,0.29643529653549194,0.7416272163391113,-0.008155817165970802,0.630532443523407,0.3142986297607422,0.3101189434528351,5.295565342903137,0.3010613024234772,7.5416669845581055,1038.667261324
0.00011390625000000006,0.06622821092605591,0.6666667461395264,1784483255.0704672,1.7457407712936401,40917,0.3922879099845886,1401,2.105001211166382,0.17523005604743958,0.08394937217235565,2.9499244689941406,0.0,1.25,,10.92264602482319,-0.02176470309495926,11.45611572265625,467.21,0.5886803865432739,-0.008168868473148905,0.24991178512573242,-0.5703580379486084,0.31742510199546814,0.6380854845046997,0.04028557240962982,0.4270932376384735,0.375,0.8351758718490601,0.032349586859345435,0.2963141202926636,0.7333967089653015,-0.009044535458087921,0.6316170692443848,0.29750609397888184,0.30909454822540283,5.281122779846191,0.29996660351753235,6.958333492279053,1041.214383984
0.00011390625000000006,0.06464527547359467,0.6666667461395264,1784483257.616247,1.7859809398651123,40173,0.36784011125564575,1402,2.1496939659118652,0.18378347158432007,0.0878172442317009,3.0863332748413086,0.0,1.9166667461395264,,10.269329185560345,-0.019225819036364555,12.196837425231934,447.91,0.5847604274749756,-0.008931983006186783,0.26614513993263245,-0.5768172144889832,0.31390446424484253,0.6676993370056152,0.03969376161694527,0.42715317010879517,0.5,0.8802984952926636,0.03151732347905636,0.29621487855911255,0.775253176689148,-0.00896153599023819,0.6307913064956665,0.29729652404785156,0.3066764771938324,5.269557332992553,0.2967982590198517,8.291666984558105,1043.679192837
0.00017085937500000009,0.06251829862594604,0.6666667461395264,1784483260.0796921,1.7371985912322998,41542,0.386601984500885,1403,2.0697216987609863,0.18833455443382263,0.08791132271289825,3.0315282344818115,0.0,1.25,,10.253284921944141,-0.021043788641691208,11.695586204528809,445.26,0.5877138376235962,-0.009468976940843277,0.2612168788909912,-0.5711302757263184,0.31350481510162354,0.6858103275299072,0.039268702268600464,0.4289862811565399,0.5,0.8734906911849976,0.029397674556821584,0.2961973547935486,0.7881081104278564,-0.009654218330979347,0.6303121447563171,0.2966444492340088,0.30790215730667114,5.264688301086426,0.2972729802131653,7.458333492279053,1046.332365284
0.00011390625000000006,0.06706050038337708,0.6666667461395264,1784483262.7389555,1.6035821437835693,38475,0.39079129695892334,1404,2.245684862136841,0.1438135951757431,0.07678689062595367,2.835813045501709,0.0,1.4166667461395264,,10.520825773775577,-0.01911603845655918,11.504179000854492,450.51,0.6109883785247803,-0.007832475047325715,0.22340171039104462,-0.5910181403160095,0.33030736446380615,0.5770771503448486,0.04126395657658577,0.4313090741634369,0.25,0.8123111724853516,0.032243211194872855,0.2961193323135376,0.6729116439819336,-0.008308691903948784,0.6287557482719421,0.30927538871765137,0.3211060166358948,5.258320426940918,0.30754098296165466,7.5,1048.814104024
0.00011390625000000006,0.0601353645324707,0.6666667461395264,1784483265.2167435,1.9621747732162476,41332,0.42147958278656006,1405,2.077465772628784,0.20373931527137756,0.09456821531057358,3.2812576293945312,0.0416666679084301,1.9583333730697632,,10.173869082331658,-0.017537053674459457,12.388888359069824,441.15,0.5708805918693542,-0.00959466465137666,0.2817600667476654,-0.555355429649353,0.3060546815395355,0.68129962682724,0.03874266892671585,0.43293458223342896,0.625,0.9319155216217041,0.03334804028272629,0.2960742115974426,0.8152672052383423,-0.007993308827280998,0.6286957859992981,0.3009040355682373,0.2992766797542572,5.252769660949707,0.2881750464439392,7.6666669845581055,1051.424720054
5.0625000000000024e-05,0.0667366310954094,0.6666667461395264,1784483267.832676,1.779742956161499,39151,0.37472960352897644,1406,2.2009975910186768,0.16775426268577576,0.08280521631240845,2.8507344722747803,0.0,1.25,,10.886985497623682,-0.021088814362883568,10.724508285522461,465.57,0.6041739583015442,-0.0059829345846083015,0.2439834326505661,-0.5847415328025818,0.325937420129776,0.6168111562728882,0.04165640473365784,0.43418776988983154,0.625,0.783847451210022,0.03212766535580158,0.29597368836402893,0.7152566909790039,-0.008025141432881355,0.628419041633606,0.3098335266113281,0.3179301619529724,5.24798014163971,0.3085971474647522,7.708333492279053,1053.864418374
0.00011390625000000005,0.062452565878629684,0.6666667461395264,1784483270.2682383,1.804807424545288,42082,0.39248526096343994,1407,2.038931131362915,0.18508386611938477,0.08800424635410309,2.8775887489318848,0.0,1.625,,10.342985731959343,-0.01872953027486801,11.157812118530273,449.28,0.5916625261306763,-0.007693337951786816,0.25052088499069214,-0.5754425525665283,0.31753242015838623,0.6376005411148071,0.03969547897577286,0.4344191551208496,0.7083333730697632,0.8030093908309937,0.03151943441480398,0.29579901695251465,0.7380533218383789,-0.008500341325998306,0.628043532371521,0.29706597328186035,0.3115396201610565,5.230458521842957,0.29948896169662476,8.125,1056.506126586
0.00017085937500000006,0.06054448336362839,0.6666667461395264,1784483272.9230437,1.9071316719055176,38702,0.34809666872024536,1408,2.229140520095825,0.2121058702468872,0.09474699199199677,3.2135109901428223,0.0,1.7083333730697632,,9.214207533448935,-0.02034887485206127,12.23090648651123,408.96,0.5747771263122559,-0.008457755664130673,0.2807914614677429,-0.5666985511779785,0.3049846887588501,0.7161382436752319,0.03824450075626373,0.4346483647823334,0.5,0.922278106212616,0.03392550256103277,0.2958541214466095,0.8329793810844421,-0.009645110927522182,0.6284602880477905,0.31084585189819336,0.3010437786579132,5.226213479042054,0.2909253239631653,5.6666669845581055,1058.972919804
5.0625000000000024e-05,0.06445112079381943,0.6666667461395264,1784483275.3749397,1.7097090482711792,41781,0.4146955609321594,1409,2.0617892742156982,0.17525015771389008,0.08639511466026306,2.944131374359131,0.0,1.4166667461395264,,10.450434830188751,-0.02526726946234703,11.291160583496094,442.02,0.5948611497879028,-0.007803213875740766,0.24560150504112244,-0.5713855028152466,0.3261886239051819,0.6021398305892944,0.04129842668771744,0.43701887130737305,0.5833333730697632,0.8287731409072876,0.03438879791647196,0.2959422767162323,0.7088550925254822,-0.007834786549210548,0.6281605958938599,0.2910459041595459,0.3148833215236664,5.236005473136902,0.3076258897781372,7.083333492279053,1061.549758966
0.00011390625000000005,0.06236633285880089,0.6666667461395264,1784483277.9685364,1.8348779678344727,39683,0.41469520330429077,1410,2.152568817138672,0.20968346297740936,0.09209638833999634,2.866767406463623,0.0416666679084301,1.4166667461395264,,10.315183811485767,-0.019863829016685486,11.083930969238281,447.1,0.5869255065917969,-0.008213336509652436,0.27480563521385193,-0.5756168365478516,0.31293338537216187,0.6525676846504211,0.03973475098609924,0.43714722990989685,0.9166666865348816,0.8492954969406128,0.036080811731517316,0.2958473563194275,0.7347010970115662,-0.009332265704870224,0.6278903484344482,0.32465124130249023,0.3079015612602234,5.236321210861206,0.297254353761673,7.25,1064.074516526
0.00011390625000000003,0.0646674782037735,0.6666667461395264,1784483280.4674122,1.7517507076263428,40885,0.4152623414993286,1411,2.108356475830078,0.18555526435375214,0.08863949775695801,2.968852996826172,0.0416666679084301,1.625,,9.9735561850667,-0.018636293709278107,11.295125961303711,429.25,0.5944833755493164,-0.008143664617091418,0.26733317971229553,-0.5757046937942505,0.3207450211048126,0.671937108039856,0.040532708168029785,0.4356326460838318,0.5833333730697632,0.874477744102478,0.033609728515148166,0.29559555649757385,0.785915732383728,-0.008561888709664345,0.6267737746238708,0.2960388660430908,0.31135398149490356,5.212029647827149,0.30232563614845276,8.0,1066.638502254
7.593750000000002e-05,0.06452976167201996,0.6666667461395264,1784483283.0542881,1.6551897525787354,39715,0.3993947505950928,1412,2.1636948585510254,0.15037119388580322,0.07568947970867157,2.8647191524505615,0.0,1.4583333730697632,,10.399503693133592,-0.019594747573137283,11.669248580932617,441.19,0.5976815223693848,-0.008978283754549921,0.22729425132274628,-0.577413022518158,0.31990715861320496,0.5850242376327515,0.04111688956618309,0.4360916018486023,0.375,0.7814207077026367,0.03186814971268177,0.29556798934936523,0.7083389759063721,-0.007517234422266483,0.6248815059661865,0.31150293350219727,0.31281664967536926,5.200402474403381,0.3025529384613037,7.125,1069.226334053
7.593750000000002e-05,0.06229110062122345,0.6666667461395264,1784483285.6238685,1.7077929973602295,39780,0.4050237834453583,1413,2.1745710372924805,0.1892658919095993,0.09118954837322235,2.9775538444519043,0.0,1.5416667461395264,,9.885379900932312,-0.018038295209407806,11.776203155517578,434.1,0.5828554630279541,-0.00820700207259506,0.26574552059173584,-0.5745834708213806,0.31164342164993286,0.6380705833435059,0.03989679738879204,0.43778547644615173,0.6666666865348816,0.8592111468315125,0.029721922520548106,0.29547417163848877,0.7371615767478943,-0.009308595210313797,0.6230721473693848,0.2965691089630127,0.30611684918403625,5.198035311698914,0.2957921624183655,8.5,1071.765169568
0.00011390625000000003,0.066685251891613,0.6666667461395264,1784483288.1741076,1.6172497272491455,40201,0.4500442445278168,1414,2.1521008014678955,0.16914889216423035,0.08324859291315079,2.877267360687256,0.0833333358168602,1.1666667461395264,,10.286787824630737,-0.02151583880186081,11.378616333007812,440.31,0.597048282623291,-0.008196079992922023,0.24938783049583435,-0.5820462107658386,0.3175152540206909,0.5749239325523376,0.04053787142038345,0.4370536208152771,0.5833333730697632,0.839545726776123,0.03481553345918655,0.29527774453163147,0.6942989230155945,-0.007459770888090134,0.6235784888267517,0.2931857109069824,0.31635582447052,5.183950805664063,0.3042212426662445,6.875,1074.910336236
0.00011390625000000003,0.0667974054813385,0.6666667461395264,1784483291.388069,1.7880733013153076,32341,0.3590812683105469,1415,2.7437970638275146,0.19253036379814148,0.09461790323257446,3.0753889083862305,0.0416666679084301,1.6666667461395264,"{'sha256': 'b1804a1ae9d46a943cac0e50ba83aea42cfe77c3cb30fa3e882a917a16efb93f', 'path': 'media/videos/video_1415_b1804a1ae9d46a943cac.mp4', 'size': 1428609.0, '_type': 'video-file'}",9.532227492630481,-0.018691007047891617,11.879135131835938,405.96,0.5836342573165894,-0.008685510547365993,0.27176257967948914,-0.564583957195282,0.31710711121559143,0.647663950920105,0.04066793993115425,0.43685126304626465,0.5833333730697632,0.9043118357658386,0.029842165857553483,0.294915109872818,0.7740864157676697,-0.00811263732612133,0.6245821714401245,0.2957277297973633,0.3070463538169861,5.155298590660095,0.30287110805511475,6.875,1077.566546779
0.00011390625000000003,0.06527362018823624,0.6666667461395264,1784483293.9612727,1.6480908393859863,39450,0.35177144408226013,1416,2.207097053527832,0.1673862338066101,0.07941319793462753,2.8849456310272217,0.0,1.2916667461395264,,10.554203656464814,-0.023150261491537094,11.462982177734375,441.96,0.5901250243186951,-0.008712725187069736,0.23456351459026337,-0.5716670751571655,0.31962502002716064,0.5998371839523315,0.041193410754203796,0.43691226840019226,0.4166666865348816,0.7985652685165405,0.03399397330358624,0.29479336738586426,0.712130069732666,-0.008847708813846111,0.62581467628479,0.2847177982330322,0.3113650679588318,5.1275818109512326,0.30325499176979065,7.25,1080.040940648
0.00011390625000000003,0.06241137906908989,0.6666667461395264,1784483296.4557872,1.9666197299957275,41216,0.3964950442314148,1417,2.093251943588257,0.2012210190296173,0.0939071774482727,3.1019580364227295,0.0416666679084301,1.875,,9.486621733605862,-0.01883300207555294,11.969156265258789,408.42,0.576676607131958,-0.008893397129349978,0.27615541219711304,-0.5602864027023315,0.30962443351745605,0.7223224639892578,0.03935568779706955,0.4384309649467468,0.625,0.9051415324211121,0.03516491018235683,0.2947481870651245,0.8328657150268555,-0.008294586092233658,0.6243963241577148,0.29180407524108887,0.30327725410461426,5.123234534263611,0.2945905327796936,6.9166669845581055,1082.55805755
0.00011390625000000003,0.061728350818157196,0.6666667461395264,1784483298.9676714,1.7474445104599,40881,0.3830302655696869,1418,2.0735859870910645,0.17973920702934265,0.0862976536154747,2.937206268310547,0.0,1.7916667461395264,,10.238510754406452,-0.02201630175113678,11.441939353942871,438.44,0.5865991711616516,-0.00819427790120244,0.24951216578483582,-0.5658411383628845,0.31547781825065613,0.6537420749664307,0.041000060737133026,0.4395979344844818,0.6666666865348816,0.8354294300079346,0.03275133157148957,0.2946765422821045,0.7648755311965942,-0.007341209799051285,0.6236855983734131,0.33100008964538574,0.31038913130760193,5.1155259847640995,0.29832369089126587,8.625,1085.230757229
0.00011390625000000003,0.0641360878944397,0.6666667461395264,1784483301.6404731,1.8211191892623901,38308,0.42392754554748535,1419,2.262122392654419,0.19243448972702026,0.09195616096258163,3.057215690612793,0.0833333358168602,1.6666667461395264,,9.93909524127841,-0.0174107663333416,11.733406066894531,434.16,0.5741731524467468,-0.00841965350555256,0.2728036046028137,-0.5662466883659363,0.30693715810775757,0.6795822381973267,0.039447229355573654,0.4377504587173462,0.5416666865348816,0.8809850215911865,0.03238463010638952,0.29464641213417053,0.7920370101928711,-0.00853658001869917,0.6229671239852905,0.30399370193481445,0.30317622423171997,5.111302042007447,0.2910348176956177,6.833333492279053,1087.68579273
0.00011390625000000003,0.0648006945848465,0.6666667461395264,1784483304.0846887,1.639495611190796,41897,0.426105797290802,1420,2.0584115982055664,0.17458054423332214,0.08610290288925171,2.727814197540283,0.0416666679084301,1.0416667461395264,,10.696806197464467,-0.01965160481631756,10.413825988769531,456.04,0.6177147626876831,-0.00897454213918536,0.24730703234672546,-0.6019892692565918,0.3322542905807495,0.6154587864875793,0.04255761206150055,0.4370129108428955,0.5416666865348816,0.7977723479270935,0.034129793383181097,0.2947412133216858,0.6994004249572754,-0.00837632641196251,0.624502420425415,0.28786635398864746,0.325264573097229,5.1121701955795285,0.3171568512916565,7.458333492279053,1090.166489611
0.00011390625000000003,0.06635653972625732,0.6666667461395264,1784483306.5706,1.779801368713379,41183,0.4060935378074646,1421,2.093195915222168,0.21004250645637512,0.09439904987812042,3.0420103073120117,0.0,1.2083333730697632,,9.969017685055732,-0.017593717202544212,11.62483024597168,434.49,0.5921928882598877,-0.009044457302661613,0.27486059069633484,-0.5729258060455322,0.31181105971336365,0.659290075302124,0.04003022983670235,0.43539732694625854,0.75,0.8515161871910095,0.032804674841463564,0.2947010099887848,0.7578050494194031,-0.00803476944565773,0.6244155764579773,0.2937591075897217,0.313721239566803,5.118591833114624,0.2987401783466339,6.75,1092.636005155
7.593750000000002e-05,0.06019353121519089,0.6666667461395264,1784483309.0386257,1.6914904117584229,41508,0.42724522948265076,1422,2.0768790245056152,0.1618092954158783,0.08537274599075317,2.953763484954834,0.0,1.625,,10.214822620153427,-0.02207084558904171,11.513313293457031,443.85,0.5755151510238647,-0.008866245875833557,0.24271254241466522,-0.5598998665809631,0.3059616982936859,0.6598373651504517,0.039563052356243134,0.43532270193099976,0.4583333432674408,0.8251103162765503,0.03169358717277646,0.29469332098960876,0.7582660913467407,-0.007003794889897108,0.6238548159599304,0.2913944721221924,0.30537015199661255,5.113821125030517,0.29359790682792664,7.25,1095.189196736
0.00011390625000000003,0.06485208868980408,0.6666667461395264,1784483311.6137717,1.8135745525360107,40065,0.3823360800743103,1423,2.130000114440918,0.20707444846630096,0.09067995846271515,2.9735324382781982,0.0,1.3333333730697632,,10.135090694874526,-0.01960582286119461,11.392391204833984,441.04,0.5887693166732788,-0.008194518252275884,0.2736470103263855,-0.5713508725166321,0.31152212619781494,0.6312186121940613,0.040276698768138885,0.4366260766983032,0.5833333730697632,0.8529915809631348,0.03531811069697142,0.29481711983680725,0.7299953699111938,-0.008387979120016098,0.6241816282272339,0.3235633373260498,0.30906832218170166,5.122052335739136,0.29977163672447205,7.875,1097.911042755
0.00011390625000000003,0.061065178364515305,0.6666667461395264,1784483314.3119752,1.8843297958374023,37925,0.4061088562011719,1424,2.2824907302856445,0.19354861974716187,0.08984418958425522,3.1076393127441406,0.0416666679084301,1.625,,10.224446556568147,-0.019797757267951965,11.6715726852417,446.74,0.5918946266174316,-0.008092860516626388,0.2708628177642822,-0.5721312761306763,0.3203895390033722,0.6322195529937744,0.04120776802301407,0.43506312370300293,0.4166666865348816,0.8523025512695312,0.033260558545589444,0.2948358356952667,0.7603050470352173,-0.007901394739747047,0.6229497790336609,0.3095693588256836,0.3137952983379364,5.133430743217469,0.3027614951133728,7.5,1100.398359702
0.00011390625000000003,0.06375160068273544,0.6666667461395264,1784483316.806356,1.8878238201141357,41116,0.3555543124675751,1425,2.1028616428375244,0.2090383768081665,0.09199213981628418,3.126906394958496,0.0833333358168602,1.625,,9.73542656749487,-0.020331971347332,12.115201950073242,428.94,0.587306022644043,-0.008674106397666036,0.2792317867279053,-0.5765096545219421,0.3152170777320862,0.6905053853988647,0.04126279056072235,0.4346582293510437,0.5833333730697632,0.8978406190872192,0.031151650100946428,0.29477912187576294,0.7990765571594238,-0.009051186963915825,0.6224441528320312,0.2880058288574219,0.3096359670162201,5.130238509178161,0.30193793773651123,6.7916669845581055,1102.984834454
0.00011390625000000003,0.06289923191070557,0.6666667461395264,1784483319.3984642,1.673567771911621,39626,0.4380970895290375,1426,2.172445058822632,0.1715369075536728,0.08372856676578522,2.7940611839294434,0.0416666679084301,1.7083333730697632,,9.962689249068498,-0.01960134133696556,10.931434631347656,425.65,0.5833679437637329,-0.009489085094537586,0.25033581256866455,-0.562256932258606,0.3118855953216553,0.6191810965538025,0.041119202971458435,0.4365384578704834,0.4583333432674408,0.8321748971939087,0.03259070385247469,0.2946932315826416,0.7099025249481201,-0.007537120021879673,0.6196691989898682,0.3083457946777344,0.30778902769088745,5.125222086906433,0.2984164357185364,8.541666984558105,1105.458461829
7.593750000000002e-05,0.06373374164104462,0.6666667461395264,1784483321.8574443,1.8177194595336914,41663,0.3982890844345093,1427,2.0704593658447266,0.2057366818189621,0.09247040748596191,2.9932732582092285,0.0,1.5833333730697632,,10.266924499571324,-0.0191884133964777,11.64885139465332,435.4,0.5809096097946167,-0.008317175498814323,0.2710452675819397,-0.5620700120925903,0.3117460608482361,0.6439436674118042,0.041045304387807846,0.43557488918304443,0.7916666865348816,0.8526512980461121,0.03459635693579912,0.29443061351776123,0.7496463060379028,-0.008544286713004112,0.6183605194091797,0.28900933265686035,0.3095228672027588,5.103509783744812,0.29866743087768555,7.583333492279053,1108.062465198
0.00011390625000000003,0.06258627027273178,0.6666667461395264,1784483324.4728181,1.9337514638900757,39198,0.39063048362731934,1428,2.1882479190826416,0.21491992473602295,0.09664829820394516,3.125584363937378,0.0,1.3333333730697632,,10.16913904670626,-0.022122135385870934,11.703252792358398,431.46,0.5803877115249634,-0.007862370554357767,0.28722330927848816,-0.5612798929214478,0.3128444254398346,0.6900186538696289,0.04146406799554825,0.4341042935848236,0.7916666865348816,0.8638252019882202,0.0314541925676167,0.2942984700202942,0.8070526123046875,-0.008343890309333801,0.6202259063720703,0.3196237087249756,0.3062452971935272,5.083267331123352,0.3003307580947876,7.5416669845581055,1110.563404306
0.00011390625000000003,0.06433065235614777,0.6666667461395264,1784483326.9650977,1.8437907695770264,41087,0.41930294036865234,1429,2.1033012866973877,0.21081607043743134,0.09670063108205795,3.0494589805603027,0.0,1.4583333730697632,,10.263374630063772,-0.013879584148526192,11.590750694274902,441.32,0.5790143013000488,-0.008536630624439568,0.28374046087265015,-0.5655585527420044,0.3119586706161499,0.7052804231643677,0.04075469449162483,0.4325103163719177,0.7083333730697632,0.8795961141586304,0.035096793808043,0.294363796710968,0.8184646368026733,-0.008767238818109035,0.6216973066329956,0.2892622947692871,0.3086149990558624,5.083056616783142,0.2953285574913025,6.5416669845581055,1113.03648876
7.593750000000002e-05,0.05807051062583923,0.6666667461395264,1784483329.4546828,1.9677660465240479,41421,0.4167952537536621,1430,2.0604965686798096,0.21775412559509277,0.09715092182159424,3.3267247676849365,0.0,1.7083333730697632,,9.747247866094112,-0.017666757106781006,12.561285018920898,424.73,0.5619481205940247,-0.008078310623386643,0.2958754897117615,-0.5478549003601074,0.3004598617553711,0.7218688726425171,0.03923555091023445,0.4331058859825134,0.875,0.9216006994247437,0.03370484355837107,0.29444271326065063,0.8469855189323425,-0.00852421298623085,0.6215269565582275,0.31278157234191895,0.2993432283401489,5.094059586524963,0.284807026386261,6.583333492279053,1115.656512035
0.00011390625000000003,0.06369312107563019,0.6666667461395264,1784483332.0580587,1.5723223686218262,39276,0.3650965690612793,1431,2.2064194679260254,0.16594266891479492,0.08234003931283951,2.7565836906433105,0.0,1.3333333730697632,,10.169050199389458,-0.0203691516071558,10.841360092163086,437.12,0.5933604836463928,-0.008228060451801866,0.24436721205711365,-0.5771423578262329,0.3223568797111511,0.6138994097709656,0.04235055297613144,0.4340241551399231,0.5416666865348816,0.8044318556785583,0.03342126030474901,0.2943120002746582,0.7039763331413269,-0.0076141743920743465,0.6207023859024048,0.29645514488220215,0.314776748418808,5.088919734954834,0.30495232343673706,8.083333969116211,1118.294409681
0.00011390625000000003,0.06685071438550949,0.6666667461395264,1784483334.694933,1.7909650802612305,38691,0.3745677173137665,1432,2.2279205322265625,0.1758561134338379,0.08372801542282104,2.9343535900115967,0.0,1.375,,10.93463779464364,-0.025096390396356583,11.24299430847168,463.2,0.6016044616699219,-0.008852517331251874,0.2460731714963913,-0.5770642757415771,0.3248184323310852,0.6115296483039856,0.042701851576566696,0.4323701858520508,0.5,0.8228775262832642,0.03220000416040421,0.2940913736820221,0.7342802882194519,-0.007370005361735821,0.6210131049156189,0.31278324127197266,0.3193003535270691,5.073393392562866,0.31055569648742676,7.833333492279053,1120.799626205
7.593750000000004e-05,0.06593317538499832,0.6666667461395264,1784483337.2024813,1.8095269203186035,40785,0.38416704535484314,1433,2.116544008255005,0.1855693757534027,0.08680447190999985,2.957624912261963,0.0416666679084301,1.5,,9.695017619729041,-0.017738046124577522,11.121023178100586,412.35,0.5745713710784912,-0.007228754270909121,0.25404030084609985,-0.554582953453064,0.3121795058250427,0.6001350283622742,0.04145621880888939,0.43309473991394043,0.6666666865348816,0.795103907585144,0.03391793370246887,0.2940760552883148,0.718758761882782,-0.0076065873727202415,0.6197534799575806,0.29372191429138184,0.30461883544921875,5.062833094596863,0.2986418902873993,6.958333492279053,1123.434180131
7.593750000000002e-05,0.06280799210071564,0.6666667461395264,1784483339.8386502,1.7711093425750732,38785,0.4262518882751465,1434,2.2160465717315674,0.18862490355968475,0.08723524212837219,2.916987180709839,0.0,1.25,,10.46995985776186,-0.017331792041659355,11.365367889404297,445.48,0.6026160717010498,-0.0073752017953665925,0.2591814398765564,-0.5853965878486633,0.3232288956642151,0.683150053024292,0.04292646050453186,0.4308297038078308,0.75,0.8482698202133179,0.03348372485488653,0.29410016536712646,0.7823141813278198,-0.008204454556107521,0.6186274886131287,0.31847620010375977,0.3204152286052704,5.065856838226319,0.30808085203170776,7.875,1125.935172768
7.593750000000002e-05,0.06199426203966141,0.6666667461395264,1784483342.3396351,1.8508061170578003,40980,0.37248730659484863,1435,2.1096670627593994,0.2297900915145874,0.09744922816753387,3.0812106132507324,0.0,1.4583333730697632,,9.998997491896153,-0.015239506959915161,11.702265739440918,429.16,0.5686218738555908,-0.008485081433900633,0.30274367332458496,-0.5566336512565613,0.3052218556404114,0.7201434969902039,0.04046536237001419,0.42822131514549255,0.875,0.9180752635002136,0.029239322245121,0.29402002692222595,0.8272509574890137,-0.008728599175810814,0.6194337010383606,0.2891263961791992,0.3011900782585144,5.061355614662171,0.2939830422401428,7.5416669845581055,1128.911626534
7.593750000000002e-05,0.0621715784072876,0.6666667461395264,1784483345.4059203,1.829580307006836,34188,0.39188581705093384,1436,2.5763192176818848,0.17293594777584076,0.08363303542137146,3.07218074798584,0.0,1.4166667461395264,"{'path': 'media/videos/video_1436_9b7c17b02ca9e7785e49.mp4', 'size': 1454161.0, '_type': 'video-file', 'sha256': '9b7c17b02ca9e7785e49e414c0151c2b835e7b3359df665e4554b084a3948358'}",10.137470250725746,-0.020661484450101852,11.853780746459961,429.62,0.5860635042190552,-0.007493662147317082,0.2492896169424057,-0.5666894912719727,0.3130960464477539,0.6388768553733826,0.04144487902522087,0.42846447229385376,0.4166666865348816,0.8673949241638184,0.032365203462541105,0.29409530758857727,0.7607241868972778,-0.007560023106634617,0.6186116933822632,0.2990126609802246,0.31221479177474976,5.059493899345398,0.3002641201019287,7.0416669845581055,1131.650469932
0.00011390625000000003,0.07180316001176834,0.6666667461395264,1784483348.0576174,1.5877244472503662,38435,0.4031120240688324,1437,2.2541205883026123,0.18786130845546722,0.08449788391590118,2.613109827041626,0.0,1.0,,10.871932482719421,-0.02053869143128395,10.427517890930176,452.84,0.615481436252594,-0.008382772764889523,0.25120478868484497,-0.5941921472549438,0.3339872360229492,0.5878018736839294,0.04425662010908127,0.430856317281723,0.625,0.8075647354125977,0.02942733382806182,0.29387155175209045,0.653214693069458,-0.008228096179664135,0.6181284785270691,0.30353736877441406,0.3280600309371948,5.054224634170533,0.31737062335014343,7.0416669845581055,1134.061640199
0.00011390625000000003,0.0640769824385643,0.6666667461395264,1784483350.460637,1.7661607265472412,42620,0.41186052560806274,1438,2.0135498046875,0.19727125763893127,0.092532217502594,2.9064064025878906,0.0,0.9583333730697632,,10.423602310419083,-0.017799939960241318,11.332784652709961,444.29,0.5927032232284546,-0.00898939666512888,0.2828929126262665,-0.5766588449478149,0.32366710901260376,0.6659283638000488,0.043033599853515625,0.4283824861049652,0.75,0.8820664286613464,0.030897132586687803,0.29376330971717834,0.7633556127548218,-0.008267620578408241,0.620189368724823,0.2929379940032959,0.3140404224395752,5.028724527359008,0.30718982219696045,6.75,1136.642757785
7.593750000000002e-05,0.06302697956562042,0.6666666865348816,1784483353.0464072,1.6801280975341797,39549,0.3817959725856781,1439,2.1641390323638916,0.17088615894317627,0.08332408964633942,2.9482316970825195,0.0416666679084301,1.5,,10.431610502451658,-0.01804438605904579,11.364550590515137,436.2,0.5932036638259888,-0.009529746358748526,0.2487163543701172,-0.5681654214859009,0.31880006194114685,0.6011181473731995,0.04232721030712128,0.42742666602134705,0.625,0.8311139941215515,0.03237925926223397,0.29350972175598145,0.7152947187423706,-0.007589432410895824,0.6220643520355225,0.32143592834472656,0.3154951333999634,5.014222502708435,0.30568620562553406,8.875,1139.08880897
7.593750000000002e-05,0.06634046137332916,0.6666667461395264,1784483355.489835,1.541630744934082,41952,0.4300752282142639,1440,2.053393602371216,0.1678272783756256,0.08570212125778198,2.71394681930542,0.0,1.1666667461395264,,10.060149821043014,-0.018353987485170364,10.596485137939453,438.2,0.5959888696670532,-0.0072428885701810945,0.25054478645324707,-0.5758126974105835,0.32123899459838867,0.6183663010597229,0.042950183153152466,0.4272333085536957,0.7916666865348816,0.7967440485954285,0.03280743919312954,0.29346659779548645,0.7002727389335632,-0.008369190618395805,0.621435284614563,0.2898073196411133,0.31646764278411865,4.996586656570434,0.30382558703422546,6.833333492279053,1141.730389205
7.593750000000002e-05,0.06170205399394035,0.6666667461395264,1784483358.1364055,1.6979455947875977,38636,0.4088657796382904,1441,2.221921443939209,0.17914150655269623,0.08556955307722092,2.949453353881836,0.0,1.75,,11.026892642080783,-0.021890541538596153,11.219659805297852,457.51,0.5948855876922607,-0.006807441710651574,0.25768157839775085,-0.567083477973938,0.3207606375217438,0.6274816989898682,0.04254459962248802,0.42823895812034607,0.4583333432674408,0.8356463313102722,0.03552662413567305,0.29351863265037537,0.7334818243980408,-0.007692342158406973,0.6211991310119629,0.32242679595947266,0.31625041365623474,4.996822166442871,0.30823421478271484,7.875,1144.20157666
0.00011390625000000003,0.059469133615493774,0.6666667461395264,1784483360.603441,1.8579554557800293,41537,0.39410409331321716,1442,2.08105731010437,0.19265729188919067,0.0890691876411438,3.1052606105804443,0.0416666679084301,1.5,,9.868411734253169,-0.01660417765378952,12.21856689453125,431.86,0.5894386768341064,-0.009107608727936168,0.2758549451828003,-0.5759004354476929,0.313721239566803,0.6786314845085144,0.04156353324651718,0.42999494075775146,0.5833333730697632,0.882164478302002,0.03271936783567071,0.2935360372066498,0.7903825044631958,-0.00784650631248951,0.6188277006149292,0.28555941581726074,0.3138844668865204,5.002269649505616,0.29968154430389404,6.375,1146.742698032
0.00011390625000000003,0.06386977434158325,0.6666667461395264,1784483363.1665065,1.6758241653442383,40268,0.41557323932647705,1443,2.1291086673736572,0.15535056591033936,0.0804043561220169,2.895134449005127,0.0,1.4583333730697632,,10.462878803610801,-0.01992233842611313,11.2664794921875,439.07,0.5955306887626648,-0.008503839478362352,0.23183493316173553,-0.5683539509773254,0.3209548890590668,0.6102538108825684,0.04356756433844566,0.4317263960838318,0.4166666865348816,0.7928521633148193,0.03018463645130396,0.29354265332221985,0.7124912142753601,-0.006991788279265165,0.6177676320075989,0.31211113929748535,0.317052960395813,5.000052475929261,0.3071243166923523,7.958333492279053,1149.332675614
0.00017085937500000006,0.06885626912117004,0.6666667461395264,1784483365.752515,1.8017628192901611,39902,0.3450959622859955,1444,2.1524884700775146,0.15610292553901672,0.08047807216644287,2.9220757484436035,0.125,1.0,,11.154759137034416,-0.018236320465803146,11.244624137878418,464.81,0.6177402138710022,-0.008954187144991011,0.2429955005645752,-0.5944807529449463,0.33734506368637085,0.5937063097953796,0.04516027495265007,0.4344955086708069,0.2083333432674408,0.8339183330535889,0.03371026292443276,0.293587863445282,0.7059726715087891,-0.008209883235394955,0.616613507270813,0.3110940456390381,0.3287540078163147,5.0028808355331424,0.32172060012817383,7.208333492279053,1152.006386174
0.00011390625000000006,0.06398972123861313,0.6666667461395264,1784483368.414126,1.7871711254119873,38525,0.409454882144928,1445,2.2476203441619873,0.18837782740592957,0.08758692443370819,3.064296245574951,0.0416666679084301,1.3333333730697632,,10.831003569960593,-0.018176689743995667,11.929438591003418,451.64,0.5831959843635559,-0.007669104146771133,0.26523375511169434,-0.5607393383979797,0.3156364858150482,0.6717979311943054,0.04242778941988945,0.436562716960907,0.5416666865348816,0.8572503924369812,0.033697855472564694,0.29352691769599915,0.763584554195404,-0.008451900444924831,0.617973804473877,0.3040456771850586,0.31253692507743835,5.001953887939453,0.3009416460990906,7.4166669845581055,1154.530018818
0.00011390625000000006,0.06706338375806808,0.6666667461395264,1784483370.939258,1.5842207670211792,40676,0.36566662788391113,1446,2.1157398223876953,0.1772674322128296,0.0844259262084961,2.68280029296875,0.0416666679084301,0.9583333730697632,,10.803092905208468,-0.01934424601495266,10.254538536071777,458.46,0.5983301401138306,-0.009285063744755462,0.24738579988479614,-0.5710458755493164,0.3235509395599365,0.5733091235160828,0.04359813034534454,0.4375769793987274,0.5416666865348816,0.7794897556304932,0.0312825451605022,0.29331719875335693,0.6497321128845215,-0.008057883940637112,0.6178889274597168,0.3009610176086426,0.3173418939113617,4.989107513427735,0.3121401369571686,6.958333492279053,1157.198073878
0.00011390625000000006,0.06314679235219955,0.6666667461395264,1784483373.6114702,1.730906367301941,38408,0.37019142508506775,1447,2.2502858638763428,0.17469553649425507,0.08124541491270065,2.776329755783081,0.0416666679084301,1.2916667461395264,,10.523490507900714,-0.020100979134440422,10.736854553222656,445.82,0.6076835989952087,-0.008435570281653782,0.24360427260398865,-0.5806901454925537,0.3276640474796295,0.6157045364379883,0.04396994411945343,0.4379615783691406,0.5833333730697632,0.8088974952697754,0.03424834534525871,0.2931448817253113,0.708824634552002,-0.007730542682111263,0.6189941167831421,0.3091740608215332,0.3217843770980835,4.968280792236328,0.3134867548942566,8.583333969116211,1159.677193639
0.00011390625000000006,0.06448600441217422,0.6666667461395264,1784483376.0828767,1.829261302947998,41503,0.3640187680721283,1448,2.0682015419006348,0.18546339869499207,0.08987915515899658,3.023404121398926,0.0416666679084301,1.75,,10.336519611626864,-0.018729206174612045,11.45283031463623,438.96,0.5885095000267029,-0.008636224817018956,0.26011282205581665,-0.5663830637931824,0.3183809518814087,0.6665370464324951,0.04311579465866089,0.4387180209159851,0.5833333730697632,0.8507274389266968,0.03306788913905621,0.29315826296806335,0.7660989761352539,-0.008591280318796635,0.6188322305679321,0.3003673553466797,0.3127785623073578,4.965603351593018,0.30672070384025574,7.833333492279053,1162.312860736
0.00011390625000000006,0.06398933380842209,0.6666667461395264,1784483378.7247732,1.7173240184783936,38801,0.3549615740776062,1449,2.2196812629699707,0.16659528017044067,0.08338864892721176,2.942056179046631,0.0,1.3333333730697632,,10.220620911419392,-0.021233752369880676,11.200282096862793,430.7,0.6042720079421997,-0.008635288690129528,0.24525681138038635,-0.5790882110595703,0.3286256790161133,0.5932284593582153,0.04445013403892517,0.439608633518219,0.6666666865348816,0.7904960513114929,0.03320719264447689,0.2931042015552521,0.6968374252319336,-0.009100465103983879,0.6176083087921143,0.3138003349304199,0.32097992300987244,4.962482738494873,0.31504735350608826,7.625,1164.764285437
0.00011390625000000006,0.06922295689582825,0.6666667461395264,1784483381.1598995,1.6727250814437866,41986,0.4108670651912689,1450,2.0550732612609863,0.16730289161205292,0.08478198945522308,2.9153919219970703,0.0416666679084301,1.0,,10.438566792458296,-0.02138381078839302,11.927968978881836,434.33,0.6042724251747131,-0.008087836534832605,0.24914906919002533,-0.579680323600769,0.32386064529418945,0.6328433752059937,0.04312741011381149,0.43918412923812866,0.5,0.8466839790344238,0.030760559905320405,0.2930258512496948,0.732291579246521,-0.008988374844193459,0.6178519129753113,0.2862548828125,0.32229530811309814,4.95697512626648,0.3141951560974121,6.4166669845581055,1167.384197278
0.00011390625000000006,0.06893661618232727,0.6666667461395264,1784483383.7907126,1.7357286214828491,38873,0.37859487533569336,1451,2.218379020690918,0.1990436613559723,0.09042192995548248,2.977592945098877,0.0833333358168602,1.0416667461395264,,11.147387422025204,-0.019384387880563736,11.183692932128906,463.26,0.6044495105743408,-0.008936338612693362,0.27461084723472595,-0.5739989280700684,0.32651078701019287,0.6080076694488525,0.044304750859737396,0.43840670585632324,0.5,0.8621346950531006,0.027464906685054302,0.29295286536216736,0.7373821139335632,-0.008082354441285133,0.6175118684768677,0.3104240894317627,0.3231584131717682,4.946064376831055,0.3140803277492523,6.833333492279053,1169.854966374
0.00011390625000000006,0.06670183688402176,0.6666667461395264,1784483386.2562916,1.6859545707702637,41536,0.4015568196773529,1452,2.07978892326355,0.15990954637527466,0.08037224411964417,2.7993521690368652,0.0,1.2083333730697632,,10.760632379949094,-0.022990351542830467,11.017195701599121,450.52,0.6149879693984985,-0.00731568391493056,0.24694570899009705,-0.5894212126731873,0.3324073553085327,0.6074516773223877,0.045419495552778244,0.43715009093284607,0.5,0.8401607275009155,0.03175952974706888,0.29304495453834534,0.7016951441764832,-0.008572783321142197,0.6179177165031433,0.28688645362854004,0.3267635107040405,4.949543213844299,0.31727081537246704,7.708333492279053,1172.268640225
0.00017085937500000009,0.06565383076667786,0.6666667461395264,1784483388.672053,1.706770658493042,42461,0.4389498233795166,1453,2.0274758338928223,0.16649064421653748,0.08372180163860321,2.855689764022827,0.0416666679084301,1.3333333730697632,,10.065931786596774,-0.02172410488128662,11.202625274658203,429.62,0.5956236124038696,-0.007747211852984037,0.24718716740608215,-0.5714778900146484,0.32053476572036743,0.6434023976325989,0.043862901628017426,0.43743452429771423,0.5833333730697632,0.8046889305114746,0.03556980434805155,0.2931494414806366,0.7356380224227905,-0.007917266339063644,0.6175128221511841,0.2876605987548828,0.31561553478240967,4.965451192855835,0.30934572219848633,8.375,1174.789772968
7.593750000000004e-05,0.06661169230937958,0.6666667461395264,1784483391.193588,1.911365032196045,40630,0.3624058663845062,1454,2.1240503787994385,0.2246965616941452,0.10211575031280518,3.2595958709716797,0.125,1.6666667461395264,,10.097421490699054,-0.017897389829158783,12.374053001403809,426.45,0.5573982000350952,-0.007753302284982055,0.31214678287506104,-0.5402013063430786,0.30452096462249756,0.730327308177948,0.04099864885210991,0.4377213716506958,0.7916666865348816,0.9345294237136841,0.03472499419003725,0.2930759787559509,0.8396841287612915,-0.008891027420759201,0.6159127354621887,0.29543304443359375,0.2968856692314148,4.969480729103088,0.28891459107398987,6.625,1177.29851513
7.593750000000002e-05,0.06758681684732437,0.6666667461395264,1784483393.7060382,1.7907092571258545,40804,0.3362041413784027,1455,2.116241216659546,0.20296239852905273,0.08887558430433273,3.014883041381836,0.125,1.3333333730697632,,10.389975398480892,-0.018704000860452652,11.435857772827148,433.29,0.5934966802597046,-0.007689545257017016,0.2732425630092621,-0.5687286853790283,0.32280048727989197,0.6619178056716919,0.04413231462240219,0.43417784571647644,0.875,0.8550291061401367,0.03541483357548714,0.29301562905311584,0.7749295234680176,-0.008567391894757748,0.61590576171875,0.2929224967956543,0.31260642409324646,4.962714433670044,0.3096773028373718,7.708333492279053,1179.841130152
0.00011390625000000003,0.0627654641866684,0.6666667461395264,1784483396.2458754,1.8591747283935547,40284,0.412861168384552,1456,2.1395115852355957,0.18991228938102722,0.09167031943798065,3.1079039573669434,0.0416666679084301,1.5833333730697632,,10.07385331004858,-0.01917693391442299,11.957527160644531,439.85,0.5814730525016785,-0.00864873377904587,0.2763434052467346,-0.5654670000076294,0.314057856798172,0.6878646612167358,0.042364269495010376,0.4335496425628662,0.625,0.8805529475212097,0.038058605045080185,0.2928515076637268,0.7926989793777466,-0.009141996502876282,0.6152281761169434,0.300736665725708,0.30950063467025757,4.947984933853149,0.3027491569519043,8.0,1182.961889622
0.00011390625000000003,0.06265030801296234,0.6666667461395264,1784483399.4227219,1.7940316200256348,32548,0.33327722549438477,1457,2.727818012237549,0.19098684191703796,0.09223906695842743,3.0516467094421387,0.0,1.625,"{'sha256': '78985767839f816bc3d1f243f984030f17c8e3a9616710cc40177d4af77ad7cf', 'path': 'media/videos/video_1457_78985767839f816bc3d1.mp4', 'size': 1500977.0, '_type': 'video-file'}",10.97499271184206,-0.019142230972647667,12.143180847167969,451.5,0.5768641233444214,-0.008570461021736264,0.27118995785713196,-0.5574781894683838,0.31235235929489136,0.6764249801635742,0.042528849095106125,0.4328162372112274,0.7916666865348816,0.8812910914421082,0.0316374747082591,0.29272162914276123,0.7923094630241394,-0.008089571259915829,0.6155328154563904,0.29238033294677734,0.30918848514556885,4.932224631309509,0.30025118589401245,7.208333492279053,1185.518624001
5.062500000000002e-05,0.0704515278339386,0.6666667461395264,1784483401.923858,1.7092158794403076,40781,0.3585498332977295,1458,2.113241195678711,0.17812280356884003,0.08391107618808746,2.8477578163146973,0.0833333358168602,1.2916667461395264,,10.984530799090862,-0.021335316821932793,11.102653503417969,458.49,0.609407365322113,-0.009434746066108345,0.25597289204597473,-0.5853970050811768,0.33427879214286804,0.5986377000808716,0.044783733785152435,0.4318370819091797,0.4583333432674408,0.8118022680282593,0.0343935988843441,0.2927420139312744,0.694776713848114,-0.008255479857325554,0.6157826781272888,0.29726433753967285,0.3251364231109619,4.925783586502075,0.32162949442863464,7.25,1188.105386678
0.00011390625000000003,0.06419667601585388,0.6666667461395264,1784483404.507675,1.7939393520355225,39558,0.4222443103790283,1459,2.179009199142456,0.20722705125808716,0.09652960300445557,3.1550283432006836,0.0,1.4166667461395264,,10.410449779927731,-0.020663201808929443,12.322023391723633,435.73,0.5826246738433838,-0.008278659651114139,0.2889198064804077,-0.5615301728248596,0.3169315457344055,0.7127712965011597,0.04299310967326164,0.4301425814628601,0.75,0.89419025182724,0.03317441698163748,0.2927066683769226,0.8130717277526855,-0.0089483130723238,0.615798830986023,0.30602049827575684,0.31046897172927856,4.930083703994751,0.30432865023612976,6.708333492279053,1190.56845076
7.593750000000002e-05,0.06791859120130539,0.6666667461395264,1784483406.980085,1.658116102218628,41539,0.3717228174209595,1460,2.069420337677002,0.17259716987609863,0.08616899698972702,2.822702407836914,0.0416666679084301,1.25,,10.840521951913834,-0.020489145070314407,10.751205444335938,448.53,0.6024910807609558,-0.007549089916938101,0.2528393268585205,-0.5728944540023804,0.32641732692718506,0.5998353958129883,0.04444566369056702,0.4276890158653259,0.4583333432674408,0.8290437459945679,0.03305114647373557,0.29262709617614746,0.7161446809768677,-0.008487114682793617,0.6155056953430176,0.2971067428588867,0.3207412660121918,4.920846033096313,0.3131954073905945,8.125,1193.167915044
7.593750000000002e-05,0.06539806723594666,0.6666667461395264,1784483409.5779436,1.7240270376205444,39478,0.4215896725654602,1461,2.180988311767578,0.17015938460826874,0.08389869332313538,2.806213140487671,0.0,1.3333333730697632,,10.16706233099103,-0.022307515144348145,11.269769668579102,435.55,0.588337779045105,-0.0073631698804092595,0.24695055186748505,-0.5685584545135498,0.3182162940502167,0.5532387495040894,0.04273837059736252,0.42607149481773376,0.5833333730697632,0.7870186567306519,0.0349223168566823,0.2926243841648102,0.6465200781822205,-0.009131171740591526,0.6160956025123596,0.3090677261352539,0.3136654794216156,4.9217373609542845,0.30437779426574707,7.208333492279053,1195.788163145
0.00011390625000000003,0.06804591417312622,0.6666667461395264,1784483412.2137132,1.6532440185546875,39148,0.3666841983795166,1462,2.1942687034606934,0.18084725737571716,0.08710058033466339,2.90283465385437,0.0,1.5,,10.645435871183873,-0.021876167505979538,10.976202011108398,442.92,0.6007929444313049,-0.008094862685538828,0.26224011182785034,-0.5722981691360474,0.32491493225097656,0.632768988609314,0.04422736167907715,0.42697376012802124,0.5833333730697632,0.8347899317741394,0.03282240759581327,0.2924889624118805,0.7400362491607666,-0.008621856570243835,0.6156851649284363,0.31679272651672363,0.317603200674057,4.909046745300293,0.31606167554855347,8.0,1198.405637961
7.593750000000002e-05,0.05909653753042221,0.6666667461395264,1784483414.8077173,1.935868263244629,39417,0.38600635528564453,1463,2.1879642009735107,0.2438061684370041,0.1062731146812439,3.2986412048339844,0.125,1.7083333730697632,,9.450892111808061,-0.01636659912765026,12.544036865234375,407.58,0.5363929271697998,-0.00893830405548215,0.32745933532714844,-0.5259417295455933,0.28791260719299316,0.6840655207633972,0.03846563398838043,0.4271426796913147,0.75,0.9945334196090698,0.03421803377568722,0.2925567924976349,0.8362140655517578,-0.009936747141182423,0.616974949836731,0.3059687614440918,0.2843981087207794,4.907012701034546,0.2763322591781616,6.125,1200.839507327
0.00011390625000000003,0.06357291340827942,0.6666667461395264,1784483417.2473593,1.6814849376678467,42124,0.40056300163269043,1464,2.0453810691833496,0.18537428975105286,0.08993594348430634,2.877362012863159,0.0833333358168602,1.25,,10.876414219569416,-0.02057189866900444,11.159467697143555,459.39,0.5919087529182434,-0.007705289032310247,0.258730947971344,-0.571410059928894,0.3191639184951782,0.598602831363678,0.043356724083423615,0.426357239484787,0.875,0.8197221755981445,0.03072335831820965,0.29259058833122253,0.7051472067832947,-0.009922734461724758,0.6177991628646851,0.28825926780700684,0.316958487033844,4.916493129730225,0.3072623014450073,8.333333969116211,1203.446509846
0.00011390625000000003,0.06560519337654114,0.6666667461395264,1784483419.851322,1.4972751140594482,39251,0.39237260818481445,1465,2.189833164215088,0.15808671712875366,0.0828976184129715,2.7935409545898438,0.0416666679084301,0.8333333730697632,,11.007209380418063,-0.0232365932315588,11.360710144042969,463.31,0.6094255447387695,-0.009331692423438653,0.2375221699476242,-0.5801469683647156,0.33039340376853943,0.6141057014465332,0.04529256746172905,0.4247093200683594,0.375,0.7821402549743652,0.032846161630004644,0.29242098331451416,0.7347567081451416,-0.008671419695019722,0.6201592683792114,0.3146219253540039,0.3271619379520416,4.9068437099456785,0.31806549429893494,6.5,1206.084795375
0.00011390625000000003,0.06449876725673676,0.6666667461395264,1784483422.49674,1.7841439247131348,38777,0.3850526511669159,1466,2.205693483352661,0.19621825218200684,0.0915682315826416,3.0482451915740967,0.0416666679084301,1.5416667461395264,,10.387568358182907,-0.019764386117458344,12.019336700439453,444.29,0.6044316291809082,-0.007779196635237895,0.27948325872421265,-0.5789057016372681,0.3274383544921875,0.6602859497070312,0.04356519505381584,0.4245571494102478,0.6666666865348816,0.8648370504379272,0.029694675095379354,0.292252779006958,0.7794148921966553,-0.009345807135105133,0.6198041439056396,0.32938313484191895,0.3201659917831421,4.889438915252685,0.31611761450767517,7.375,1208.601829158
0.00011390625000000003,0.06696951389312744,0.6666667461395264,1784483425.0069678,1.5647237300872803,40852,0.38935917615890503,1467,2.1210029125213623,0.16519954800605774,0.07868875563144684,2.6055846214294434,0.0416666679084301,0.7083333730697632,,10.843353867381811,-0.017258524894714355,10.28361701965332,453.23,0.618971586227417,-0.008116053289268167,0.23816518485546112,-0.5925812125205994,0.33678436279296875,0.5003923177719116,0.04550985246896744,0.42321205139160156,0.4166666865348816,0.7915878295898438,0.03117857174947858,0.29233628511428833,0.6179011464118958,-0.00875132530927658,0.6192826628684998,0.2853381633758545,0.3324720561504364,4.887956190109253,0.3236778974533081,7.0,1211.140390011
0.00011390625000000003,0.06551714241504669,0.6666667461395264,1784483427.556404,1.6307284832000732,40347,0.4008350074291229,1468,2.110694646835327,0.1714312732219696,0.08491261303424835,2.826082229614258,0.0,1.4166667461395264,,10.789815482646226,-0.016788583248853683,11.460151672363281,447.62,0.5996872186660767,-0.009002311572839972,0.25182998180389404,-0.5721896290779114,0.32632002234458923,0.6300378441810608,0.04419037327170372,0.4219416081905365,0.5833333730697632,0.8227512240409851,0.036407654732465745,0.2924741804599762,0.7230932712554932,-0.009321736171841621,0.6199367642402649,0.32573771476745605,0.3173364996910095,4.898072457313537,0.3136396110057831,7.833333492279053,1213.771739375
7.593750000000004e-05,0.068396657705307,0.6666667461395264,1784483430.1735752,1.7236484289169312,39058,0.36142072081565857,1469,2.214031457901001,0.17862695455551147,0.0860448107123375,2.9281764030456543,0.0416666679084301,1.3333333730697632,,10.744968354403973,-0.021607806906104088,11.03997802734375,444.1,0.6042776107788086,-0.007889438191705267,0.2557206153869629,-0.5789603590965271,0.3286384642124176,0.6106573939323425,0.0446268729865551,0.42387455701828003,0.5416666865348816,0.830223023891449,0.03385767042636871,0.29230231046676636,0.7170547246932983,-0.008259953930974007,0.6198955178260803,0.3028099536895752,0.3216053247451782,4.896277356147766,0.31871965527534485,8.166666984558105,1216.291575266
0.00011390625000000003,0.06616678833961487,0.6666667461395264,1784483432.694823,1.692482352256775,40631,0.4057658910751343,1470,2.114067554473877,0.17716056108474731,0.08370327949523926,2.9434525966644287,0.0416666679084301,1.375,,10.691328263282776,-0.01885942742228508,11.459253311157227,435.26,0.5955665707588196,-0.007559881795896217,0.2579805552959442,-0.5653795003890991,0.3237249255180359,0.6540215015411377,0.0436839684844017,0.42554759979248047,0.625,0.8331989049911499,0.03175110761076212,0.29225584864616394,0.7442440986633301,-0.008372093550860882,0.6187657117843628,0.30535149574279785,0.31765469908714294,4.879744744300842,0.31448233127593994,7.708333492279053,1218.881945614
0.00011390625000000006,0.06448031961917877,0.6666667461395264,1784483435.2848434,1.6347663402557373,39472,0.37957629561424255,1471,2.193408966064453,0.1824309080839157,0.08732199668884277,2.9077062606811523,0.0416666679084301,1.125,,10.097323675751687,-0.021978430449962616,11.168754577636719,426.06,0.594437301158905,-0.008210528854397126,0.2571251392364502,-0.5639664530754089,0.3229926824569702,0.6393546462059021,0.044126033782958984,0.4239989221096039,0.6666666865348816,0.7837462425231934,0.03195634577423334,0.2921583354473114,0.7261060476303101,-0.008391681127250195,0.6201035380363464,0.2970447540283203,0.315274715423584,4.874172711372376,0.31129175424575806,6.208333492279053,1221.304510607
0.00011390625000000006,0.06477515399456024,0.6666667461395264,1784483437.7139575,1.899524450302124,42336,0.38224658370018005,1472,2.018275499343872,0.19801345467567444,0.08881516754627228,3.122042179107666,0.0416666679084301,1.2916667461395264,,10.731326573044061,-0.021767420694231987,12.083967208862305,441.69,0.604024350643158,-0.008979212539270521,0.27239447832107544,-0.5763773918151855,0.32679831981658936,0.7078098654747009,0.04418569058179855,0.42422279715538025,0.5833333730697632,0.9099458456039429,0.033523041568696496,0.29207468032836914,0.8151736259460449,-0.007671791594475508,0.6190812587738037,0.3036799430847168,0.324082612991333,4.860867881774903,0.31632480025291443,7.208333492279053,1223.927682515
7.593750000000004e-05,0.0683058500289917,0.6666667461395264,1784483440.3359113,1.7005246877670288,39103,0.36479538679122925,1473,2.201817274093628,0.17101657390594482,0.08101199567317963,2.8407583236694336,0.0833333358168602,1.0833333730697632,,11.687744907736779,-0.017025116831064224,10.969596862792969,470.34,0.6119203567504883,-0.007921049530705205,0.25158777832984924,-0.5776506066322327,0.3274241089820862,0.5883514881134033,0.04451107606291771,0.42477405071258545,0.5,0.8078171610832214,0.03244581501930952,0.29223474860191345,0.7052983045578003,-0.007634888868778944,0.6184622645378113,0.3121163845062256,0.323311448097229,4.868123602867127,0.3164251446723938,7.7916669845581055,1226.401115748
0.00011390625000000003,0.06453903019428253,0.6666667461395264,1784483442.7989864,1.7382125854492188,41558,0.3441963195800781,1474,2.0755414962768555,0.171292245388031,0.0827530175447464,2.9019744396209717,0.0416666679084301,1.2083333730697632,,10.809095233231783,-0.01954217068850994,11.003530502319336,455.65,0.6148680448532104,-0.00835612656082958,0.2473536729812622,-0.5865694880485535,0.33641165494918823,0.6239019632339478,0.04596264287829399,0.42409300804138184,0.5833333730697632,0.834486186504364,0.03260421045124531,0.29229244589805603,0.7189240455627441,-0.0087920306250453,0.6173059940338135,0.28987622261047363,0.32743239402770996,4.881433534622192,0.3218099772930145,7.9166669845581055,1228.807827751
0.00011390625000000003,0.06573466211557388,0.6666667461395264,1784483445.2121966,1.6879332065582275,42517,0.35566481947898865,1475,2.023573875427246,0.17854098975658417,0.08654002845287323,2.937145233154297,0.0,1.3333333730697632,,10.328665972948075,-0.019190656021237373,11.280535697937012,438.05,0.5947384238243103,-0.00917304516187869,0.2598000764846802,-0.5695066452026367,0.31611281633377075,0.6180703639984131,0.04322751611471176,0.42665809392929077,0.5416666865348816,0.8572021722793579,0.028162406105548144,0.29215124249458313,0.7270501852035522,-0.008547364734113216,0.6175772547721863,0.28850841522216797,0.31530725955963135,4.8755784034729,0.30782386660575867,6.9166669845581055,1231.31904144
0.00011390625000000003,0.06737402081489563,0.6666667461395264,1784483447.7205672,1.5218456983566284,40786,0.3880479037761688,1476,2.1170082092285156,0.143581360578537,0.07558979094028473,2.748303174972534,0.0416666679084301,0.875,,10.58157391756773,-0.02247420698404312,10.60836124420166,443.59,0.6293020248413086,-0.010011839645449072,0.22298841178417206,-0.5941489934921265,0.33789342641830444,0.5563100576400757,0.04619278758764267,0.42570406198501587,0.4166666865348816,0.7815706729888916,0.03005130961537361,0.2920446991920471,0.6583737730979919,-0.008220143616199493,0.6189305782318115,0.2932097911834717,0.331668496131897,4.863856625556946,0.3261461555957794,7.708333492279053,1233.79419555
0.00011390625000000003,0.06598047912120819,0.6666667461395264,1784483450.2146695,1.6852424144744873,41370,0.35979771614074707,1477,2.0764167308807373,0.18429671227931976,0.0897238552570343,2.882051467895508,0.0833333358168602,1.0833333730697632,,10.159403658658267,-0.019159488379955292,10.848865509033203,427.76,0.5994259715080261,-0.00798107624068507,0.2639113664627075,-0.5702165365219116,0.32660481333732605,0.6540846228599548,0.044276654720306396,0.425655722618103,0.8333333730697632,0.8439549207687378,0.0326496422290802,0.29214024543762207,0.7259407043457031,-0.008274990133941174,0.6197980046272278,0.2997570037841797,0.3179481625556946,4.86590609550476,0.31337422132492065,7.875,1237.205141429
0.00011390625000000003,0.06622621417045593,0.6666667461395264,1784483453.6870213,1.80439031124115,29895,0.4151228070259094,1478,2.9784998893737793,0.18821966648101807,0.09073609113693237,2.942594528198242,0.0416666679084301,1.25,"{'path': 'media/videos/video_1478_9981ad8b7b94f22b25d9.mp4', 'size': 1655879.0, '_type': 'video-file', 'sha256': '9981ad8b7b94f22b25d9d76f3f77fccb4378bc657ba675deb99fe1b28fc47749'}",10.032770093083382,-0.024624696001410484,11.189128875732422,417.18,0.5909802913665771,-0.009060774021781981,0.2715877890586853,-0.5574378371238708,0.3154587745666504,0.6662653684616089,0.04353706166148186,0.42519888281822205,0.6666666865348816,0.8649300932884216,0.03446838464587927,0.29215148091316223,0.7701452970504761,-0.007695219945162535,0.6194491386413574,0.30974292755126953,0.3164600133895874,4.865727233886719,0.3046916127204895,7.0416669845581055,1239.70176
7.593750000000002e-05,0.06359526515007019,0.6666667461395264,1784483456.1102192,1.6062629222869873,42228,0.4046047627925873,1479,2.027506113052368,0.16229747235774994,0.08109994977712631,2.711190700531006,0.0833333358168602,1.125,,10.139416840896011,-0.016923269256949425,10.447616577148438,425.53,0.5956352949142456,-0.009515564958564936,0.23968133330345154,-0.5615605711936951,0.32013794779777527,0.5593335032463074,0.044313669204711914,0.42691951990127563,0.5,0.7795228958129883,0.02986347200348973,0.2920926511287689,0.6526898145675659,-0.007927251979708672,0.618592381477356,0.30037736892700195,0.3168627917766571,4.867867541313172,0.311440646648407,7.25,1242.315880341
7.593750000000002e-05,0.06579819321632385,0.6666667461395264,1784483458.726711,1.7035424709320068,39198,0.3679075837135315,1480,2.1869447231292725,0.1817195862531662,0.08468519151210785,3.014307737350464,0.0416666679084301,1.0416667461395264,,10.737120580226183,-0.01925882324576378,11.443488121032715,445.28,0.5889949798583984,-0.005830118707672227,0.2615397572517395,-0.5645608305931091,0.3146059215068817,0.6526691317558289,0.042812518775463104,0.4265933036804199,0.625,0.8310531377792358,0.03786916546523571,0.29202812910079956,0.7503361701965332,-0.008914981968700886,0.6184055805206299,0.32091641426086426,0.31162330508232117,4.860495591163636,0.3068848252296448,7.458333492279053,1244.836891676
7.593750000000002e-05,0.06780239194631577,0.6666667461395264,1784483461.250347,1.705116629600525,40778,0.3862694203853607,1481,2.0889763832092285,0.16376198828220367,0.08082519471645355,2.9304771423339844,0.0,1.5,,11.098944437205791,-0.019271468743681908,11.120317459106445,445.09,0.610503613948822,-0.007046288688434288,0.24901102483272552,-0.5773364305496216,0.33285948634147644,0.6100660562515259,0.046051912009716034,0.42657870054244995,0.5416666865348816,0.8317305445671082,0.03273949883878231,0.2920530140399933,0.7136809825897217,-0.008056648075580597,0.616866946220398,0.32169318199157715,0.3240271508693695,4.863830351829529,0.31860753893852234,7.875,1247.390205654
0.00011390625000000003,0.06599924713373184,0.6666667461395264,1784483463.796185,1.5390743017196655,40351,0.3662196099758148,1482,2.1403520107269287,0.15899957716464996,0.07849863171577454,2.6809229850769043,0.0416666679084301,0.9583333730697632,,11.095946445465088,-0.019989144057035446,10.620890617370605,462.73,0.6170268058776855,-0.00873008567141369,0.23655252158641815,-0.5852237939834595,0.33042800426483154,0.5450817942619324,0.04525839537382126,0.4272417426109314,0.4166666865348816,0.7754409313201904,0.02867050711065531,0.2917923927307129,0.6409542560577393,-0.008017469197511673,0.6169384717941284,0.2958407402038574,0.3274535536766052,4.848487806320191,0.31977179646492004,8.0,1249.962065467
0.00011390625000000003,0.07063262909650803,0.6666667461395264,1784483466.386407,1.5102910995483398,39826,0.38092002272605896,1483,2.1380066871643066,0.1702074110507965,0.08047695457935333,2.7744193077087402,0.0833333358168602,1.2083333730697632,,10.746275273859501,-0.01941753178834915,10.948476791381836,453.84,0.6093393564224243,-0.009114464357844554,0.2500881850719452,-0.5819021463394165,0.3281635046005249,0.5511621236801147,0.04472199082374573,0.4267304837703705,0.2916666865348816,0.8319794535636902,0.030455963872373103,0.29175934195518494,0.6650821566581726,-0.009005456231534481,0.6174136996269226,0.3303184509277344,0.3214185833930969,4.829457068443299,0.31733351945877075,7.5,1252.514726446
7.593750000000004e-05,0.06756329536437988,0.6666667461395264,1784483468.9176545,1.7598073482513428,40434,0.33459651470184326,1484,2.1441991329193115,0.18710577487945557,0.08537042140960693,3.0186691284179688,0.0,1.4166667461395264,,10.578547617346048,-0.01991310715675354,11.905932426452637,439.62,0.5943480730056763,-0.00810201573476661,0.2650386095046997,-0.5634424686431885,0.31893694400787354,0.6192923784255981,0.04258162900805473,0.4259371757507324,0.4583333432674408,0.8137494325637817,0.034956290386617184,0.29177507758140564,0.7247319221496582,-0.009392566978931427,0.6166896224021912,0.2869880199432373,0.31202006340026855,4.834175491333008,0.3102736175060272,7.0,1255.034021316
7.593750000000002e-05,0.07026143372058868,0.6666667461395264,1784483471.4360204,1.6911057233810425,40642,0.35813331604003906,1485,2.1268599033355713,0.17364053428173065,0.08752338588237762,2.8733577728271484,0.0,1.4166667461395264,,10.896130352839828,-0.020283561199903488,10.85846996307373,447.95,0.6045140027999878,-0.008299647326930426,0.2591150999069214,-0.5726288557052612,0.3280966877937317,0.5930923223495483,0.04444747418165207,0.4256626069545746,0.625,0.8130224943161011,0.034978197701275346,0.29176396131515503,0.7007851600646973,-0.008107288740575314,0.6145617365837097,0.291914701461792,0.31895291805267334,4.823722529411316,0.31650838255882263,8.333333969116211,1257.614339915
7.593750000000002e-05,0.06632527709007263,0.6666667461395264,1784483474.0171897,1.8803437948226929,39611,0.39599114656448364,1486,2.1936516761779785,0.20105597376823425,0.09010528028011322,3.242037296295166,0.0416666679084301,1.6666667461395264,,10.398432886265219,-0.019152477383613586,12.157160758972168,430.01,0.5863267779350281,-0.0073194973781937735,0.2746833264827728,-0.5557901859283447,0.3194182515144348,0.6797336935997009,0.043879613280296326,0.4254152178764343,0.625,0.8975691199302673,0.031030247639864682,0.29167088866233826,0.7866217494010925,-0.008944503962993622,0.6139501333236694,0.2880825996398926,0.31144577264785767,4.822895407676697,0.3097170889377594,6.6666669845581055,1260.049290482
0.00011390625000000003,0.06775165349245071,0.6666667461395264,1784483476.4500093,1.6223297119140625,42058,0.35803401470184326,1487,2.0489799976348877,0.1641283929347992,0.08088868856430054,2.9680728912353516,0.0833333358168602,1.3333333730697632,,9.83206650853157,-0.016591548919677734,11.592521667480469,403.9,0.5821359753608704,-0.008185606665210798,0.2435259073972702,-0.5517411231994629,0.31133899092674255,0.6276832818984985,0.042369306087493896,0.42805323004722595,0.25,0.8193134069442749,0.03328041695058346,0.29167261719703674,0.7407402992248535,-0.007638274691998959,0.6128884553909302,0.28834056854248047,0.30765482783317566,4.812183165550232,0.30245524644851685,7.1666669845581055,1262.55632346
7.593750000000002e-05,0.0679115355014801,0.6666667461395264,1784483478.9676416,1.788888931274414,40790,0.36807748675346375,1488,2.091075897216797,0.1983603835105896,0.08729296177625656,2.9608983993530273,0.0,1.5,,10.76651981279254,-0.01994103193283081,11.46883773803711,439.21,0.5985280275344849,-0.009079141836264171,0.26773056387901306,-0.5592012405395508,0.32256877422332764,0.610203206539154,0.04412689432501793,0.4297342300415039,0.5833333730697632,0.826224684715271,0.03593495544046164,0.29167088866233826,0.7157210111618042,-0.006869982928037643,0.6111165881156921,0.31890225410461426,0.3186818063259125,4.819328093528748,0.3129059970378876,6.833333492279053,1265.204485525
0.00011390625000000003,0.06964079290628433,0.6666667461395264,1784483481.6086066,1.6076686382293701,38719,0.42070627212524414,1489,2.227325677871704,0.15931880474090576,0.08172246813774109,2.8098387718200684,0.0,1.3333333730697632,,10.535377931296825,-0.015999920666217804,11.204737663269043,439.12,0.6070103645324707,-0.008159862831234932,0.2402968406677246,-0.5733116865158081,0.3262445628643036,0.6057752370834351,0.04480632767081261,0.4284338355064392,0.5833333730697632,0.8036834001541138,0.03218493601307273,0.2915462255477905,0.6918003559112549,-0.008601926267147064,0.6102142333984375,0.311525821685791,0.32100626826286316,4.811060309410095,0.31801503896713257,8.125,1267.639578438
7.593750000000002e-05,0.06809306889772415,0.6666667461395264,1784483484.045842,1.6825437545776367,42113,0.3454533517360687,1490,2.041189432144165,0.17301300168037415,0.08323194086551666,3.043339490890503,0.125,1.5416667461395264,,10.700933957993984,-0.019993972033262253,11.918224334716797,443.67,0.6012274026870728,-0.009701327973016306,0.25819671154022217,-0.5671665668487549,0.32421326637268066,0.6358345746994019,0.04432195425033569,0.42939624190330505,0.375,0.8591840267181396,0.03289518104866147,0.2915608584880829,0.7314683794975281,-0.007541420869529247,0.609394907951355,0.2930867671966553,0.3185114860534668,4.799245071411133,0.31473642587661743,8.208333969116211,1270.090160225
0.00011390625000000003,0.06720331311225891,0.6666667461395264,1784483486.493166,1.5195887088775635,41873,0.39109569787979126,1491,2.0601184368133545,0.170796200633049,0.08145047724246979,2.684736967086792,0.0,0.7916666865348816,,10.951436428427696,-0.019295737147331238,10.447203636169434,454.99,0.6176820993423462,-0.007927042857045308,0.24469026923179626,-0.585131049156189,0.32859933376312256,0.5960008502006531,0.045079153031110764,0.4287037253379822,0.5,0.7609100341796875,0.032174869626760486,0.29163384437561035,0.6783696413040161,-0.008081755600869656,0.6082806587219238,0.28749728202819824,0.3262141942977905,4.806412124633789,0.3188802897930145,7.0416669845581055,1272.647357859
7.593750000000002e-05,0.06439243257045746,0.6666667461395264,1784483489.0514426,1.8309773206710815,40010,0.37998414039611816,1492,2.159250497817993,0.19859498739242554,0.09310122579336166,3.0417943000793457,0.0,1.5,,10.615651078224182,-0.017202382907271385,11.871639251708984,443.18,0.5860353708267212,-0.009839861217187718,0.2811548411846161,-0.5535339117050171,0.3131626844406128,0.6733551025390625,0.04249059408903122,0.4260717034339905,0.9166666865348816,0.8721877336502075,0.03412365615367889,0.29152244329452515,0.7711541056632996,-0.00869059469550848,0.608336865901947,0.2976803779602051,0.31001126766204834,4.798885250091553,0.3072044253349304,7.083333492279053,1275.097941788
5.062500000000002e-05,0.0694630891084671,0.6666667461395264,1784483491.4991853,1.571487307548523,41826,0.368055522441864,1493,2.050727605819702,0.15963654220104218,0.0817781537771225,2.826514720916748,0.0416666679084301,1.0833333730697632,,11.043552891761065,-0.018826525658369064,10.694854736328125,458.29,0.6037172079086304,-0.006209931650664658,0.23796328902244568,-0.5722166895866394,0.32700276374816895,0.5829663276672363,0.04484572261571884,0.42637062072753906,0.5416666865348816,0.7944445013999939,0.03303902456536889,0.2914598286151886,0.6959061026573181,-0.008928894996643066,0.607753336429596,0.2995591163635254,0.3195192515850067,4.793397212028504,0.31442099809646606,7.7916669845581055,1277.552056326
0.00011390625000000003,0.06658058613538742,0.6666667461395264,1784483493.9570892,1.5376954078674316,41747,0.40780195593833923,1494,2.0642125606536865,0.15793412923812866,0.0779033750295639,2.7489211559295654,0.0,1.25,,11.220322054326534,-0.02216842770576477,10.967546463012695,467.75,0.6116001605987549,-0.007452812042902224,0.22880308330059052,-0.5787492394447327,0.32576853036880493,0.5759726762771606,0.04481769725680351,0.427435040473938,0.3333333432674408,0.7739964723587036,0.03386341501027346,0.2913304567337036,0.6699205636978149,-0.0075269355438649654,0.6090693473815918,0.2905092239379883,0.32517603039741516,4.782489204406739,0.3151436746120453,7.333333492279053,1280.107390264
0.00011390625000000003,0.06601659208536148,0.6666667461395264,1784483496.5266166,1.7291877269744873,40078,0.36903709173202515,1495,2.1604533195495605,0.19311276078224182,0.08706158399581909,2.9912965297698975,0.0416666679084301,1.3333333730697632,,10.052001755908131,-0.022318556904792786,11.333135604858398,423.99,0.5934473276138306,-0.008220627997980045,0.2695205807685852,-0.5661652088165283,0.315335214138031,0.6320742964744568,0.043169569224119186,0.4283524453639984,0.75,0.8457154035568237,0.03286284189671278,0.29126524925231934,0.7218400835990906,-0.008343102410435677,0.6092402338981628,0.29233503341674805,0.31525468826293945,4.7744955778121945,0.30735641717910767,7.6666669845581055,1282.668401852
0.00011390625000000003,0.06731777638196945,0.6666667461395264,1784483499.0716305,1.9011577367782593,40271,0.343239963054657,1496,2.1452343463897705,0.20971831679344177,0.09206794947385788,3.0119788646698,0.0,1.125,,10.363908010059967,-0.018478956073522568,11.392390251159668,425.9,0.5958036184310913,-0.009107983701187549,0.28442254662513733,-0.5582903623580933,0.3221960663795471,0.6807844042778015,0.044702913612127304,0.42620617151260376,0.9166666865348816,0.852173924446106,0.03415123708546162,0.2913038730621338,0.7648939490318298,-0.00837008561939001,0.6094835996627808,0.2957804203033447,0.315581738948822,4.772177624702453,0.31114596128463745,7.083333492279053,1285.218272119
0.00011390625000000003,0.06993615627288818,0.6666667461395264,1784483501.621141,1.758657693862915,40115,0.35609301924705505,1497,2.1507091522216797,0.19825944304466248,0.09104637801647186,3.0541605949401855,0.125,1.0833333730697632,,10.985484865605832,-0.01690739393234253,11.718673706054688,456.85,0.5899466872215271,-0.008579153765458614,0.28102052211761475,-0.5633434653282166,0.3203839361667633,0.649959921836853,0.04426140710711479,0.42528438568115234,0.6666666865348816,0.8810738325119019,0.030840907618403433,0.2912868559360504,0.7750871181488037,-0.008477677591145039,0.6078767776489258,0.2998206615447998,0.311842679977417,4.7778016328811646,0.31006112694740295,7.5,1288.347224046
0.00011390625000000003,0.0671820342540741,0.6666667461395264,1784483504.8428047,1.5530686378479004,32451,0.38143390417099,1498,2.723170042037964,0.15589211881160736,0.08129411190748215,2.7826786041259766,0.0,1.0833333730697632,"{'sha256': 'bc48feb72c48d9e129e7e6bb16eca43dedddee0e4907b7be2420cfab2621f620', 'path': 'media/videos/video_1498_bc48feb72c48d9e129e7.mp4', 'size': 1677360.0, '_type': 'video-file'}",10.82530512843281,-0.02072065882384777,11.060422897338867,449.06,0.6046735048294067,-0.007998531558041578,0.23189221322536469,-0.5744532942771912,0.32754039764404297,0.5945042967796326,0.045451827347278595,0.4251182973384857,0.4166666865348816,0.7718685865402222,0.0288945977576077,0.29118847846984863,0.6988811492919922,-0.007984599098563194,0.6073390245437622,0.30608224868774414,0.3212098479270935,4.767556691169739,0.3170608580112457,7.5,1290.871846124
0.00011390625000000003,0.06656711548566818,0.6666667461395264,1784483507.281436,1.4886243343353271,41982,0.37489384412765503,1499,2.0400822162628174,0.15941637754440308,0.07644827663898468,2.722323417663574,0.0416666679084301,1.0,,10.791893889755011,-0.018147435039281845,10.635311126708984,462.83,0.619874119758606,-0.007652224600315094,0.22834572196006775,-0.5938177108764648,0.33038216829299927,0.5427702069282532,0.045734088867902756,0.42640775442123413,0.125,0.7709411978721619,0.03061863426119089,0.2910265028476715,0.634294867515564,-0.007418466731905937,0.606087327003479,0.30144357681274414,0.32881051301956177,4.7568265199661255,0.3227822482585907,7.125,1293.478918768
7.593750000000002e-05,0.06883664429187775,0.6666667461395264,1784483509.8917289,1.5777883529663086,39270,0.3458895683288574,1500,2.1885619163513184,0.17651063203811646,0.08218009769916534,2.8210902214050293,0.0416666679084301,1.0416667461395264,,10.95932410992682,-0.01629648730158806,10.931605339050293,455.75,0.6083893179893494,-0.009185067901853472,0.25055834650993347,-0.5727580785751343,0.32526522874832153,0.5556906461715698,0.044763416051864624,0.4266645610332489,0.5833333730697632,0.7799490690231323,0.033436496555805204,0.29074159264564514,0.6608551740646362,-0.009148012846708298,0.6064983010292053,0.3146657943725586,0.32299691438674927,4.730906653404236,0.3183901011943817,7.75,1296.275091459
7.593750000000002e-05,0.06819858402013779,0.6666667461395264,1784483512.6792357,1.761495590209961,38910,0.3846918046474457,1501,2.2268435955047607,0.20570385456085205,0.08887480199337006,2.974452018737793,0.1666666716337204,1.4583333730697632,,10.246303084185348,-0.021857192739844322,11.293140411376953,423.43,0.5958006381988525,-0.007513618489610963,0.2724882960319519,-0.5596716403961182,0.3248620927333832,0.6188688278198242,0.044580888003110886,0.42576175928115845,0.6666666865348816,0.8472501039505005,0.035572876781225206,0.29064252972602844,0.7394924163818359,-0.008371088653802872,0.6052308082580566,0.29958581924438477,0.31444674730300903,4.714828586578369,0.3133237361907959,7.25,1298.828668052
0.00011390625000000003,0.06534792482852936,0.6666667461395264,1784483515.2310276,1.6676534414291382,40078,0.40302062034606934,1502,2.153834819793701,0.1765667200088501,0.08351445198059082,2.8369860649108887,0.0833333358168602,1.125,,10.590302891135217,-0.02134452760219574,10.949893951416016,449.45,0.6008833646774292,-0.008283562450378668,0.2513386905193329,-0.5713591575622559,0.3234316110610962,0.6351742744445801,0.044883571565151215,0.4256764054298401,0.5833333730697632,0.8209027051925659,0.030549825821071862,0.290604829788208,0.7271397113800049,-0.0077246446162462234,0.6052966117858887,0.29892921447753906,0.3188056945800781,4.705332493782043,0.31162843108177185,8.416666984558105,1301.400249783
7.593750000000004e-05,0.06918245553970337,0.6666667461395264,1784483517.81036,1.804866075515747,39757,0.37472981214523315,1503,2.1713547706604004,0.19100642204284668,0.09068252146244049,3.072803258895874,0.0416666679084301,1.1666667461395264,,11.228800290226935,-0.01661859080195427,11.772218704223633,454.08,0.5945242643356323,-0.006904606777243316,0.2817961275577545,-0.5639833807945251,0.324005126953125,0.6926387548446655,0.044626422226428986,0.4247877299785614,0.7916666865348816,0.8641685247421265,0.03048935402184725,0.290503591299057,0.7971218824386597,-0.008186439983546734,0.6056020259857178,0.301236629486084,0.3130396604537964,4.703996324539185,0.31236064434051514,7.458333492279053,1304.00996349
0.00011390625000000003,0.06832827627658844,0.6666667461395264,1784483520.4284406,1.5202131271362305,39292,0.3841734826564789,1504,2.193147897720337,0.1575467586517334,0.07761883735656738,2.9174137115478516,0.0,1.1666667461395264,,10.26792579382658,-0.016307270154356956,11.959846496582031,436.41,0.6074001789093018,-0.007716911926399917,0.2407287061214447,-0.5761623382568359,0.3283105492591858,0.5877872109413147,0.045035626739263535,0.42407673597335815,0.375,0.7942895889282227,0.031880094204097986,0.29037895798683167,0.704143226146698,-0.00788168516010046,0.6062331199645996,0.3086731433868408,0.32102125883102417,4.690019059181213,0.317205011844635,7.25,1306.56592828
0.00011390625000000003,0.06818833947181702,0.6666667461395264,1784483522.964394,1.814916968345642,40326,0.3502291142940521,1505,2.1421992778778076,0.17509734630584717,0.08523614704608917,2.975010633468628,0.0833333358168602,1.1666667461395264,,11.124702404141425,-0.01862587407231331,11.652170181274414,461.13,0.6037883758544922,-0.008345814619679004,0.25986817479133606,-0.5680081248283386,0.32690808176994324,0.6426962614059448,0.04510052502155304,0.4258151054382324,0.3333333432674408,0.8227640986442566,0.03260062430053949,0.2901915907859802,0.7490298748016357,-0.008196936920285225,0.6052567958831787,0.29547643661499023,0.3188003897666931,4.676726055145264,0.31563591957092285,7.0416669845581055,1309.106661304
7.593750000000002e-05,0.06577415764331818,0.6666667461395264,1784483525.514366,1.6217973232269287,40211,0.47856205701828003,1506,2.1434950828552246,0.1643107533454895,0.07899848371744156,2.7924551963806152,0.0,1.5416667461395264,,10.800696029067039,-0.020406601950526237,11.03065013885498,444.69,0.6098129749298096,-0.008326580590801314,0.23633578419685364,-0.5727088451385498,0.3284398019313812,0.5763729214668274,0.045478858053684235,0.42806276679039,0.3333333432674408,0.7846137881278992,0.03561863359063864,0.2901768684387207,0.6739886999130249,-0.00787157192826271,0.6048654317855835,0.3011898994445801,0.3227907419204712,4.661244177818299,0.3176622986793518,8.125,1311.679249702
0.00011390625000000003,0.06378071010112762,0.6666667461395264,1784483528.0762465,1.793937087059021,39840,0.37318217754364014,1507,2.1628451347351074,0.18717490136623383,0.08911573886871338,3.104968547821045,0.0416666679084301,1.2916667461395264,,11.08397820532322,-0.021336831152439117,11.995165824890137,454.96,0.6022082567214966,-0.0075984019524184985,0.2730942666530609,-0.5675265789031982,0.3262360095977783,0.6494163274765015,0.04496081918478012,0.42825958132743835,0.6666666865348816,0.859449565410614,0.03230825858190656,0.29024699330329895,0.7717592716217041,-0.008740508928894997,0.6051363348960876,0.304581880569458,0.31734499335289,4.665184426307678,0.3136214017868042,7.0416669845581055,1314.154258947
0.00011390625000000003,0.06787168234586716,0.6666667461395264,1784483530.5573783,1.6171693801879883,41290,0.4034503400325775,1508,2.0940582752227783,0.17096289992332458,0.08185140788555145,2.759125232696533,0.0,1.125,,11.029851557314396,-0.018733451142907143,10.670306205749512,454.22,0.617785632610321,-0.008976551773957907,0.24090483784675598,-0.578369140625,0.3303465247154236,0.6538998484611511,0.045936670154333115,0.42785435914993286,0.5,0.8133845329284668,0.029910275153815745,0.2902671992778778,0.7458779811859131,-0.007586583029478788,0.6053297519683838,0.2867591381072998,0.3264130651950836,4.6670877695083615,0.3226211667060852,7.333333492279053,1316.815784786
7.593750000000002e-05,0.07135576009750366,0.6666666865348816,1784483533.2237318,1.6924742460250854,38377,0.364394873380661,1509,2.252902030944824,0.17974016070365906,0.08495175838470459,2.9355437755584717,0.0833333358168602,0.9166666865348816,,11.489364464581012,-0.018059834837913513,11.211143493652344,459.38,0.6101715564727783,-0.008951973496004939,0.2591332495212555,-0.5662086009979248,0.3303223252296448,0.6089816093444824,0.04626145958900452,0.42737650871276855,0.4583333432674408,0.8410707712173462,0.03130535157397389,0.290091335773468,0.7477537989616394,-0.006963003426790237,0.6048412919044495,0.3085896968841553,0.32413411140441895,4.656643915176391,0.3219568431377411,7.1666669845581055,1319.533060873
0.00011390625000000003,0.07049296051263809,0.6666667461395264,1784483535.938236,1.5893654823303223,37633,0.36867326498031616,1510,2.294512987136841,0.17193226516246796,0.08365430682897568,2.8805861473083496,0.0416666679084301,1.0833333730697632,,11.102158749848604,-0.019115306437015533,11.59832763671875,460.08,0.611778736114502,-0.008476270467508585,0.25410014390945435,-0.5749848484992981,0.3315180540084839,0.5938623547554016,0.04667441546916962,0.42822569608688354,0.5416666865348816,0.8236950635910034,0.03230246556922793,0.2898928225040436,0.7218278646469116,-0.008371766656637192,0.603042721748352,0.317645788192749,0.3205655515193939,4.631296443939209,0.32010018825531006,8.208333969116211,1321.991352831
0.00011390625000000003,0.07146250456571579,0.6666667461395264,1784483538.3924015,1.5677485466003418,41723,0.40190696716308594,1511,2.06317138671875,0.1655324399471283,0.07777322083711624,2.6743152141571045,0.0,1.0416667461395264,,11.468635834604502,-0.021323516964912415,10.500118255615234,462.01,0.6308099031448364,-0.008640530382399448,0.23601560294628143,-0.5845518112182617,0.3437780737876892,0.5908626914024353,0.04757844656705856,0.42790693044662476,0.5833333730697632,0.7834228277206421,0.03041800856590271,0.28984153270721436,0.680074155330658,-0.007718748413026333,0.6016241312026978,0.2929103374481201,0.3346184492111206,4.621749997138977,0.33197468519210815,8.666666984558105,1324.491916509
7.593750000000002e-05,0.06404037773609161,0.6666667461395264,1784483540.905823,1.675668716430664,40900,0.39722940325737,1512,2.075401544570923,0.15607818961143494,0.08143866062164307,2.7345798015594482,0.0,1.125,,11.010992539823055,-0.01598690077662468,10.34288501739502,450.62,0.615166187286377,-0.008799174608429893,0.22935472428798676,-0.5720879435539246,0.33202865719795227,0.6141617298126221,0.04629230126738548,0.42724931240081787,0.375,0.8136669993400574,0.02993403486907482,0.2898603677749634,0.6968426704406738,-0.007052103988826275,0.6027390360832214,0.32811641693115234,0.3254159390926361,4.617697525024414,0.32085490226745605,6.375,1327.113097677
0.00011390625000000003,0.06788061559200287,0.6666667461395264,1784483543.5127642,1.532586932182312,39193,0.3523920476436615,1513,2.2082526683807373,0.139985591173172,0.07283607125282288,2.6399502754211426,0.0416666679084301,1.125,,11.020056501626968,-0.0176970437169075,10.519261360168457,446.99,0.6106500625610352,-0.007107070093479706,0.22059574723243713,-0.5722119212150574,0.32773393392562866,0.519864559173584,0.045548588037490845,0.42776307463645935,0.25,0.7541109323501587,0.030163524951785804,0.2898451089859009,0.6101306676864624,-0.00764468964189291,0.6036074161529541,0.2999253273010254,0.32440662384033203,4.620776510238647,0.32201072573661804,7.125,1329.62282546
0.00011390625000000006,0.06899964809417725,0.6666667461395264,1784483546.0267098,1.6611756086349487,40721,0.3416362702846527,1514,2.116640090942383,0.1561758816242218,0.07599707692861557,2.8382835388183594,0.0416666679084301,1.125,,11.292055431976914,-0.02066272310912609,11.044246673583984,459.38,0.6099218726158142,-0.007888320508936886,0.2308255136013031,-0.5771372318267822,0.3312596082687378,0.5890671610832214,0.04617742449045181,0.4283326268196106,0.4583333432674408,0.7739877700805664,0.03657246045768261,0.2898651659488678,0.6940398216247559,-0.007814045064151287,0.6052857637405396,0.29740405082702637,0.32275819778442383,4.6174537420272825,0.3223329484462738,7.7916669845581055,1332.251970961
0.00011390625000000006,0.07143242657184601,0.6666667461395264,1784483548.6575089,1.7746694087982178,38879,0.35546988248825073,1515,2.2218825817108154,0.19826583564281464,0.09223034977912903,3.0276575088500977,0.0,1.1666667461395264,,10.870747928470372,-0.018193796277046204,11.634803771972656,440.15,0.5907195210456848,-0.008321757536032237,0.27581581473350525,-0.5565280914306641,0.31707409024238586,0.6699249148368835,0.04512622207403183,0.42778176069259644,0.8333333730697632,0.8657945990562439,0.03444777429103851,0.2899646461009979,0.7708667516708374,-0.007932612672448158,0.6053453683853149,0.3065299987792969,0.312095582485199,4.625381970405579,0.3108784556388855,7.458333492279053,1334.737862065
7.593750000000004e-05,0.06801566481590271,0.6666667461395264,1784483551.1435246,1.6799262762069702,41244,0.33505505323410034,1516,2.084523916244507,0.16768626868724823,0.08097931742668152,2.9175679683685303,0.0,1.4583333730697632,,10.630788232684136,-0.01924724504351616,11.837504386901855,439.82,0.6100955605506897,-0.009031152093666606,0.252106249332428,-0.5745826959609985,0.32655322551727295,0.5858325958251953,0.046195775270462036,0.4280683696269989,0.4583333432674408,0.8149101138114929,0.03239028882235288,0.29010120034217834,0.6976754069328308,-0.008630359545350075,0.605805516242981,0.29889798164367676,0.32295408844947815,4.63367486000061,0.3211402893066406,8.125,1337.334221213
7.593750000000002e-05,0.06387859582901001,0.6666667461395264,1784483553.7459133,1.7401301860809326,39413,0.35824090242385864,1517,2.189574718475342,0.18625497817993164,0.0865572988986969,2.9472055435180664,0.0416666679084301,1.3333333730697632,,11.049188271909951,-0.017860272899270058,11.237504959106445,447.48,0.5920998454093933,-0.00848307565174764,0.2710621953010559,-0.5530252456665039,0.3202221393585205,0.6657906770706177,0.045262955129146576,0.4282234311103821,0.5833333730697632,0.8790690302848816,0.03650908507406712,0.29019618034362793,0.7650896310806274,-0.008101529441773891,0.60521000623703,0.30458712577819824,0.31415703892707825,4.654607534408569,0.311840683221817,7.1666669845581055,1339.793070056
7.593750000000002e-05,0.0665597915649414,0.6666667461395264,1784483556.2044468,1.7205804586410522,41839,0.34334707260131836,1518,2.0497043132781982,0.19560638070106506,0.08863316476345062,3.0463571548461914,0.0833333358168602,1.5833333730697632,,11.037539518475533,-0.016928333789110184,11.630335807800293,447.61,0.5889846682548523,-0.007470258235116489,0.2811741828918457,-0.5510170459747314,0.3213852345943451,0.62937992811203,0.04547249525785446,0.4285171926021576,0.5416666865348816,0.8603528738021851,0.03597892373800278,0.2901221811771393,0.7412571310997009,-0.00847364217042923,0.6045412421226501,0.2998661994934082,0.3100307583808899,4.652226567268372,0.31082630157470703,7.458333492279053,1342.812735747
0.00011390625000000003,0.07141930609941483,0.6666667461395264,1784483559.3017833,1.8064674139022827,33770,0.3220733106136322,1519,2.621682643890381,0.1682557910680771,0.08321180939674377,2.8465564250946045,0.0,1.375,"{'path': 'media/videos/video_1519_3e5e44f371fe67a376e0.mp4', 'size': 1520974.0, '_type': 'video-file', 'sha256': '3e5e44f371fe67a376e08576605de9bc93f759a549da615b00f02ef0f19b132b'}",11.158846495449543,-0.016711702570319176,11.469629287719727,448.36,0.5933203101158142,-0.007771465327823535,0.25148242712020874,-0.5570642948150635,0.3252423405647278,0.6138073205947876,0.04610500857234001,0.42901691794395447,0.5416666865348816,0.8321928381919861,0.03237423086538911,0.2900511920452118,0.704826295375824,-0.0086301788687706,0.6040802001953125,0.28929638862609863,0.3144489824771881,4.641873598098755,0.3170625567436218,7.625,1345.39493082
7.593750000000002e-05,0.06836278736591339,0.6666667461395264,1784483561.7967157,1.7270877361297607,40854,0.4092752933502197,1520,2.1092121601104736,0.17358998954296112,0.08302564918994904,2.897062301635742,0.0,1.0,,11.173029034882784,-0.016401290893554688,11.14350700378418,454.54,0.6055280566215515,-0.00970366436522454,0.25023457407951355,-0.5606850385665894,0.33042722940444946,0.6338581442832947,0.04652579128742218,0.42952942848205566,0.4583333432674408,0.8438595533370972,0.034211792051792145,0.28999435901641846,0.7427725195884705,-0.007326822727918625,0.603990912437439,0.2969841957092285,0.3210976719856262,4.6383805751800535,0.3173472583293915,7.0,1347.78571653
7.593750000000002e-05,0.06764354556798935,0.6666667461395264,1784483564.187163,1.8575496673583984,42880,0.37531018257141113,1521,2.001624345779419,0.20583224296569824,0.09211249649524689,3.166189193725586,0.0416666679084301,1.375,,10.449126506149769,-0.022456970065832138,12.22049617767334,435.38,0.5924105048179626,-0.008504899335093796,0.2787019908428192,-0.5601180791854858,0.319802463054657,0.6681655645370483,0.044978272169828415,0.429795503616333,0.5416666865348816,0.9065417051315308,0.03407188095152378,0.28979507088661194,0.7912656664848328,-0.009597769007086754,0.6036378145217896,0.29087138175964355,0.3129175901412964,4.623132610321045,0.31088128685951233,7.25,1350.426671541
7.593750000000002e-05,0.06972930580377579,0.6666667461395264,1784483566.8320322,1.6293748617172241,38663,0.3794533610343933,1522,2.224806785583496,0.184818834066391,0.08693250268697739,2.940573215484619,0.0416666679084301,1.75,,10.733924094438553,-0.018218234181404114,11.465242385864258,437.65,0.606712281703949,-0.00731417924980633,0.269294798374176,-0.5662226676940918,0.328679621219635,0.6137708425521851,0.046622585505247116,0.4286523759365082,0.4166666865348816,0.852401614189148,0.03651652336120605,0.28985315561294556,0.7338727712631226,-0.007631636690348387,0.6027326583862305,0.317718505859375,0.3202524483203888,4.6180002927780155,0.3184683918952942,8.125,1352.964889827
0.00011390625000000003,0.06414684653282166,0.6666667461395264,1784483569.385636,1.9041502475738525,40374,0.3891555070877075,1523,2.117741107940674,0.20571915805339813,0.09259723126888275,3.033633232116699,0.0416666679084301,1.6666667461395264,,10.605382343232632,-0.021693706512451172,11.380475997924805,442.5,0.5854647159576416,-0.008746846989379265,0.28480860590934753,-0.5523409843444824,0.3159841299057007,0.6649218201637268,0.04502854868769646,0.4305289387702942,0.7916666865348816,0.8843412399291992,0.03688173461705446,0.2898288369178772,0.7813382148742676,-0.008575765416026115,0.601157546043396,0.317091703414917,0.30949312448501587,4.622196626663208,0.30636703968048096,7.833333492279053,1355.503733789
7.593750000000004e-05,0.06752975285053253,0.6666667461395264,1784483571.912485,1.7384345531463623,40655,0.3580755591392517,1524,2.133754014968872,0.1816910356283188,0.08483301103115082,2.816150188446045,0.0416666679084301,0.9166666865348816,,11.388709081113339,-0.021841302514076233,10.744537353515625,466.29,0.6104109287261963,-0.007043298415374011,0.2536071240901947,-0.5705578327178955,0.33210471272468567,0.6329538226127625,0.047029584646224976,0.428959459066391,0.5416666865348816,0.8066450953483582,0.034661329537630084,0.28967541456222534,0.7432277202606201,-0.007516411133110523,0.6025986671447754,0.2842409610748291,0.321979284286499,4.607802081108093,0.3218192756175995,7.6666669845581055,1358.061927588
0.00011390625000000003,0.064938023686409,0.6666667461395264,1784483574.4797528,1.8082258701324463,40094,0.35685572028160095,1525,2.1371428966522217,0.19216959178447723,0.08981290459632874,3.00022029876709,0.0416666679084301,1.25,,10.545705913603307,-0.02249102108180523,11.841085433959961,438.77,0.5993503332138062,-0.007553902550716885,0.27208787202835083,-0.5628232955932617,0.3260374963283539,0.698314368724823,0.046631425619125366,0.42847952246665955,0.5416666865348816,0.8761827349662781,0.03348933821544051,0.2895839214324951,0.7849854230880737,-0.007712520658969879,0.6022353172302246,0.3146939277648926,0.31499138474464417,4.594875931739807,0.31555208563804626,6.708333492279053,1360.646984212
7.593750000000004e-05,0.06485339999198914,0.6666667461395264,1784483577.0527575,1.7650988101959229,39861,0.3519955575466156,1526,2.1677651405334473,0.1908591091632843,0.08682098239660263,3.037553310394287,0.0,1.5416667461395264,,10.654228023588658,-0.022840198129415512,11.845022201538086,434.25,0.5718038082122803,-0.007558470848016441,0.2649511694908142,-0.5445875525474548,0.30925464630126953,0.6445352435112,0.04361119866371155,0.4295525550842285,0.4583333432674408,0.8439652919769287,0.03194810217246413,0.28946366906166077,0.7417861223220825,-0.009026508778333664,0.6026859283447266,0.29839110374450684,0.30052274465560913,4.5890673160552975,0.3007083535194397,6.833333492279053,1363.183327683
7.593750000000002e-05,0.06970104575157166,0.6666667461395264,1784483579.5989132,1.6500146389007568,40404,0.4119064509868622,1527,2.136714458465576,0.1713167279958725,0.08521129935979843,2.778186321258545,0.0,1.4166667461395264,,10.600891440212727,-0.01755436137318611,10.697054862976074,440.99,0.5991653203964233,-0.00814289682020899,0.2569696307182312,-0.5631821155548096,0.3204231560230255,0.6220091581344604,0.0454140305519104,0.42914342880249023,0.6666666865348816,0.8316713571548462,0.035256441310048105,0.28942355513572693,0.7072176337242126,-0.007760706357657909,0.6022869348526001,0.29630279541015625,0.31622934341430664,4.57835578918457,0.31177055835723877,8.875,1365.905682707
0.00011390625000000003,0.06828786432743073,0.6666667461395264,1784483582.316423,1.7981722354888916,37710,0.3503854274749756,1528,2.294607400894165,0.21443752944469452,0.09186910092830658,3.020624876022339,0.0416666679084301,1.1666667461395264,,10.189878209233283,-0.017587661743164062,11.336013793945312,428.27,0.5897549986839294,-0.008411750732921063,0.2832794189453125,-0.5615473389625549,0.3192734122276306,0.6452751159667969,0.045499347150325775,0.42790186405181885,0.625,0.8799424171447754,0.03674331940710544,0.28940024971961975,0.7686437964439392,-0.007971379905939102,0.6040384769439697,0.3122098445892334,0.31081753969192505,4.575744533538819,0.3107004165649414,6.458333492279053,1368.500002428
7.593750000000002e-05,0.06962018460035324,0.6666667461395264,1784483584.9187138,1.7007979154586792,39538,0.4179006516933441,1529,2.1751291751861572,0.18374848365783691,0.08497650921344757,2.8481273651123047,0.0,1.0416667461395264,,11.029787121713161,-0.022280648350715637,11.066801071166992,459.07,0.6170084476470947,-0.009081537462770939,0.2609005570411682,-0.5815314054489136,0.334472119808197,0.66741943359375,0.04718063399195671,0.42702150344848633,0.5833333730697632,0.834652304649353,0.03053955640643835,0.28924840688705444,0.7699810862541199,-0.00732029415667057,0.6057177782058716,0.3111400604248047,0.32653480768203735,4.57006733417511,0.3227114975452423,7.75,1371.179701123
0.00011390625000000003,0.06743787229061127,0.6666667461395264,1784483587.5812285,1.772728681564331,38394,0.39836233854293823,1530,2.2547826766967773,0.1875021904706955,0.08739101886749268,3.0072360038757324,0.0416666679084301,1.25,,10.671996663734317,-0.016018837690353394,11.697416305541992,436.17,0.5901461839675903,-0.007396396802505478,0.26898521184921265,-0.5515598058700562,0.31973984837532043,0.6134953498840332,0.04601651430130005,0.42612653970718384,0.4583333432674408,0.8611003160476685,0.03164094258099794,0.2890259325504303,0.7408788204193115,-0.008214727975428104,0.6078144311904907,0.30558085441589355,0.3106060028076172,4.545207381248474,0.3091953992843628,6.833333492279053,1373.646502387
0.00011390625000000003,0.07002139091491699,0.6666667461395264,1784483590.0434027,1.5290460586547852,41545,0.3398209512233734,1531,2.070434093475342,0.15678662061691284,0.0767434686422348,2.769503116607666,0.0,1.0416667461395264,,11.634791872799397,-0.020107392221689224,10.819788932800293,469.61,0.6281804442405701,-0.008136619592551141,0.23089385032653809,-0.5854653716087341,0.3391786217689514,0.5901021361351013,0.04888853430747986,0.4256975054740906,0.4166666865348816,0.781129002571106,0.0323424443602562,0.28885430097579956,0.6781309843063354,-0.007636028807610273,0.6086620092391968,0.2957179546356201,0.3318195641040802,4.521365976333618,0.3289947211742401,8.166666984558105,1376.137322845
0.00011390625000000003,0.07127377390861511,0.6666667461395264,1784483592.5439024,1.6033395528793335,40990,0.40337973833084106,1532,2.107422351837158,0.14763732254505157,0.07756964862346649,2.6842188835144043,0.0,1.25,,11.214012476429343,-0.020097529515624046,10.278715133666992,443.75,0.6173828840255737,-0.009372315094060469,0.2280821055173874,-0.5755174160003662,0.33573028445243835,0.5638899803161621,0.04781726002693176,0.42652201652526855,0.4583333432674408,0.7737335562705994,0.03161129942163825,0.2885979413986206,0.6525881290435791,-0.0075706555508077145,0.6083272695541382,0.2907705307006836,0.3263355493545532,4.497396779060364,0.3252628445625305,8.25,1378.646672787
0.00011390625000000003,0.07066427916288376,0.6666667461395264,1784483595.0516112,1.6416161060333252,40866,0.3501513600349426,1533,2.1078715324401855,0.1753896176815033,0.08229466527700424,2.7341179847717285,0.0833333358168602,1.0833333730697632,,11.245537520237267,-0.01385200209915638,10.718521118164062,444.26,0.6116434335708618,-0.008306924023781904,0.24641010165214539,-0.5626449584960938,0.3368189334869385,0.5995011329650879,0.048925094306468964,0.4280688166618347,0.5,0.7772907018661499,0.03051948742941022,0.28871938586235046,0.684161365032196,-0.006710972636938095,0.6075332164764404,0.29764866828918457,0.3224179148674011,4.489811801910401,0.3262067437171936,6.333333492279053,1381.22432001
0.00011390625000000003,0.06936571002006531,0.6666667461395264,1784483597.6269326,1.5551402568817139,39725,0.37821072340011597,1534,2.182878017425537,0.15779130160808563,0.07573183625936508,2.6382720470428467,0.0416666679084301,1.125,,11.430968351066113,-0.017460530623793602,10.410529136657715,459.63,0.6087813377380371,-0.008742983486899902,0.22605666518211365,-0.5671915411949158,0.33018407225608826,0.5392621755599976,0.04701770469546318,0.42879605293273926,0.5,0.7645547389984131,0.03156198663637042,0.28859323263168335,0.6253886818885803,-0.008356200531125069,0.6068755984306335,0.29169392585754395,0.3214802145957947,4.485552573204041,0.3197970390319824,7.2916669845581055,1383.78613443
7.593750000000002e-05,0.06896428018808365,0.6666667461395264,1784483600.1870167,1.6792895793914795,39906,0.3546479642391205,1535,2.1688501834869385,0.1767854392528534,0.08451499789953232,2.9405086040496826,0.125,1.6666667461395264,,10.688735719174147,-0.02051601931452751,11.513799667358398,439.61,0.6064712405204773,-0.008765983194462024,0.2601894736289978,-0.5638527274131775,0.3305072784423828,0.6446771621704102,0.04695934057235718,0.4283428192138672,0.4583333432674408,0.8651512861251831,0.030817803274840117,0.28845253586769104,0.7453992366790771,-0.007496114820241928,0.6070563197135925,0.29450440406799316,0.3192809522151947,4.468432354927063,0.3187122642993927,8.25,1386.330024549
0.00011390625000000003,0.06705643236637115,0.6666667461395264,1784483602.740134,1.6561038494110107,40190,0.3840906023979187,1536,2.1630771160125732,0.1740245223045349,0.08522728085517883,2.9656035900115967,0.0833333358168602,1.4166667461395264,,10.377701362706722,-0.018564797937870026,11.319877624511719,417.94,0.5935128331184387,-0.008178922237129882,0.25292280316352844,-0.5503631830215454,0.3247040808200836,0.6014565825462341,0.04713859409093857,0.4276796281337738,0.4166666865348816,0.8542844653129578,0.03318783575668931,0.2884122133255005,0.7178341746330261,-0.006738778203725815,0.6075001955032349,0.2828989028930664,0.31399407982826233,4.459487199783325,0.3133196234703064,7.5416669845581055,1388.86066972
0.00011390625000000003,0.062059976160526276,0.6666667461395264,1784483605.2683792,1.7673656940460205,40555,0.3963095545768738,1537,2.1220450401306152,0.18242314457893372,0.08815734088420868,3.043813467025757,0.0,1.2083333730697632,,10.172204545289278,-0.018435616046190262,11.347454071044922,428.15,0.5861645936965942,-0.00868662220891565,0.2623569965362549,-0.5546996593475342,0.3147452473640442,0.6546158194541931,0.045294683426618576,0.4290716052055359,0.7083333730697632,0.8674983978271484,0.031678279582411054,0.2883791923522949,0.7765437364578247,-0.007085650227963924,0.6065407991409302,0.3018770217895508,0.30858635902404785,4.460867381095886,0.3047772943973541,7.4166669845581055,1391.311775384
5.062500000000002e-05,0.06751608103513718,0.6666667461395264,1784483607.723389,1.6894772052764893,41942,0.4122997224330902,1538,2.0585825443267822,0.18431656062602997,0.08355608582496643,2.8122520446777344,0.0416666679084301,1.2083333730697632,,11.07557528436184,-0.017606224864721298,11.022295951843262,440.83,0.6094552874565125,-0.008873077199677937,0.25728923082351685,-0.5620712041854858,0.3319161534309387,0.644644558429718,0.04917726665735245,0.4290597438812256,0.5416666865348816,0.7940689325332642,0.03567665796726942,0.288358598947525,0.7427660822868347,-0.006918854545801878,0.6069073677062988,0.28517866134643555,0.3230203092098236,4.458733105659485,0.3202543258666992,7.4166669845581055,1393.963196324
0.00011390625000000003,0.06811746954917908,0.6666667461395264,1784483610.3707266,1.6855615377426147,38666,0.39771294593811035,1539,2.2363548278808594,0.18129420280456543,0.08774705976247787,2.948729991912842,0.0,1.5,,10.771843108981848,-0.017373468726873398,11.372703552246094,434.51,0.5947131514549255,-0.008229871524963527,0.25923702120780945,-0.5549191832542419,0.3236629366874695,0.5906898379325867,0.0466560423374176,0.42880555987358093,0.5416666865348816,0.8593356013298035,0.03288012538105249,0.2882530689239502,0.7121405601501465,-0.007268212735652924,0.6061201691627502,0.3060145378112793,0.3118056654930115,4.455948114395142,0.31073901057243347,7.0416669845581055,1396.953868445
7.593750000000002e-05,0.06687398999929428,0.6666667461395264,1784483613.4374187,1.5430898666381836,34076,0.4330775737762451,1540,2.5783660411834717,0.18068425357341766,0.08299791812896729,2.5756072998046875,0.0,0.875,"{'sha256': 'f135cb9f7456666366995fd8bdc4a5fe542ef1dfb1c37708e78589b46a17890f', 'path': 'media/videos/video_1540_f135cb9f745666636699.mp4', 'size': 1574649.0, '_type': 'video-file'}",10.586483868006617,-0.015893805772066116,9.994044303894043,431.9,0.6137260794639587,-0.009279252728447318,0.25150251388549805,-0.5699246525764465,0.33455830812454224,0.5848541855812073,0.04855601117014885,0.42710742354393005,0.6666666865348816,0.7630100250244141,0.03200452830642462,0.2882457971572876,0.6642060279846191,-0.007126001175493002,0.6056343913078308,0.3063983917236328,0.32658958435058594,4.445202827453613,0.3235742747783661,7.7916669845581055,1399.565996511
0.00011390625000000003,0.06790967285633087,0.6666667461395264,1784483615.971551,1.6925114393234253,40253,0.3397080898284912,1541,2.1558687686920166,0.1773431897163391,0.08404939621686935,2.897003650665283,0.0416666679084301,1.25,,11.56760548606515,-0.018988776952028275,11.18552303314209,454.32,0.6009297370910645,-0.009217788185924291,0.2568887174129486,-0.5593525171279907,0.3304852843284607,0.6126086711883545,0.04891452193260193,0.42564380168914795,0.5,0.8322397470474243,0.0340880036354065,0.288340300321579,0.7024132013320923,-0.007594974245876074,0.6060450077056885,0.2862579822540283,0.3202873170375824,4.4558093547821045,0.3211924135684967,7.583333492279053,1402.040894622
0.00011390625000000003,0.06708585470914841,0.6666667461395264,1784483618.4478817,1.7132492065429688,41431,0.4015747010707855,1542,2.0792667865753174,0.16164758801460266,0.08287333697080612,2.862842559814453,0.0,1.2916667461395264,,11.607065930366517,-0.018525591120123863,11.165609359741211,465.37,0.6140220165252686,-0.007386223506182432,0.24253295361995697,-0.5722658634185791,0.33796781301498413,0.5970636010169983,0.04966540262103081,0.42644113302230835,0.4583333432674408,0.8026108741760254,0.034223467111587524,0.28820082545280457,0.6934422850608826,-0.007674569264054298,0.6061509847640991,0.2934441566467285,0.3230511546134949,4.45305290222168,0.32427629828453064,7.25,1404.478532922
0.00011390625000000003,0.07071185111999512,0.6666667461395264,1784483620.8831215,1.6491979360580444,42105,0.3244922161102295,1543,2.0471551418304443,0.16698098182678223,0.08146639168262482,2.9791970252990723,0.0,1.375,,11.704703742861748,-0.019476108253002167,11.582199096679688,464.49,0.6186784505844116,-0.009334757749456912,0.24692878127098083,-0.5727462768554688,0.3384953439235687,0.5954967737197876,0.04951129108667374,0.4273023009300232,0.375,0.8370935320854187,0.03236501794308424,0.2883152663707733,0.7085609436035156,-0.007063248194754124,0.6049010753631592,0.2875533103942871,0.32678961753845215,4.447925400733948,0.3276824951171875,8.375,1407.117914769
0.00011390625000000003,0.06440773606300354,0.6666667461395264,1784483623.5243044,1.6203029155731201,38725,0.38088297843933105,1544,2.2246663570404053,0.1415572166442871,0.07737097144126892,2.753014087677002,0.0,1.5,,10.798986811041832,-0.015977684408426285,11.095294952392578,446.78,0.6152414679527283,-0.008158932242076844,0.2263071984052658,-0.5781766176223755,0.33113551139831543,0.5903592705726624,0.048707492649555206,0.4305250644683838,0.25,0.7814480066299438,0.03394246324896812,0.28847190737724304,0.6930315494537354,-0.00673121539875865,0.603570282459259,0.3138413429260254,0.3256582021713257,4.470560240745544,0.3229813277721405,8.0,1409.546778982
0.00011390625000000003,0.06770707666873932,0.6666667461395264,1784483625.9557147,1.8959064483642578,42263,0.36327970027923584,1545,2.0366060733795166,0.21128420531749725,0.09293311834335327,3.0701427459716797,0.0416666679084301,1.4166667461395264,,10.554227282106876,-0.018946729600429535,11.686468124389648,428.68,0.5967075824737549,-0.007941155112348497,0.28325265645980835,-0.5551766753196716,0.3295673429965973,0.657612681388855,0.04744720458984375,0.430556058883667,0.6666666865348816,0.8867899179458618,0.03407351039350033,0.28846490383148193,0.7784231901168823,-0.0076165348291397095,0.6041228771209717,0.2893550395965576,0.31430867314338684,4.472262454032898,0.31496137380599976,7.125,1412.212634574
7.593750000000002e-05,0.06898292154073715,0.6666667461395264,1784483628.6228383,1.6965110301971436,38430,0.38524946570396423,1546,2.24155855178833,0.18012845516204834,0.08688817918300629,2.9910056591033936,0.0,1.2916667461395264,,11.158103213906289,-0.016546811908483505,11.449369430541992,439.29,0.6046069860458374,-0.009440754665411078,0.2553274631500244,-0.5581535696983337,0.32872483134269714,0.6031595468521118,0.0489952377974987,0.4271479547023773,0.625,0.8300685286521912,0.0359377384185791,0.2883486747741699,0.7197718620300293,-0.00718298926949501,0.6049536466598511,0.31639552116394043,0.3188287615776062,4.467082452774048,0.32013922929763794,6.7916669845581055,1414.757289406
0.00011390625000000003,0.06808635592460632,0.6666667461395264,1784483631.169245,1.8221490383148193,40363,0.364555686712265,1547,2.1321778297424316,0.19208011031150818,0.09268420189619064,3.0268361568450928,0.0833333358168602,1.4583333730697632,,10.95138774573803,-0.02022617496550083,11.75232219696045,445.89,0.6045088768005371,-0.007721508894974249,0.27914923429489136,-0.5646930932998657,0.3275873363018036,0.6793482303619385,0.048080187290906906,0.42625856399536133,0.75,0.8841193914413452,0.030203416012227535,0.2883436381816864,0.7687894701957703,-0.007598926778882742,0.6043740510940552,0.3032956123352051,0.3192214369773865,4.460447645187378,0.3201174736022949,7.958333492279053,1417.424354575
0.00011390625000000003,0.0687662810087204,0.6666667461395264,1784483633.8340797,1.6925580501556396,38461,0.3802102506160736,1548,2.2537765502929688,0.14456360042095184,0.07083848118782043,2.686295986175537,0.0416666679084301,0.9166666865348816,,11.5714159642905,-0.016822630539536476,10.262873649597168,453.01,0.6234292984008789,-0.008046193878544727,0.2103811353445053,-0.5733234882354736,0.3450565040111542,0.503488302230835,0.05033549293875694,0.42431336641311646,0.25,0.7536090612411499,0.03314285073429346,0.28831470012664795,0.60931795835495,-0.0063504986464977264,0.6048826575279236,0.302156925201416,0.32980725169181824,4.4580485105514525,0.3301939070224762,8.291666984558105,1419.900597142
0.00011390625000000003,0.06698808073997498,0.6666667461395264,1784483636.3000615,1.770702838897705,41505,0.3392040431499481,1549,2.0787625312805176,0.17781786620616913,0.08164343237876892,2.9241490364074707,0.0416666679084301,1.125,,11.462500312626362,-0.016750717535614967,11.184306144714355,452.3,0.613157331943512,-0.008876570611028001,0.2516547441482544,-0.5684096813201904,0.34272217750549316,0.6471372842788696,0.050401441752910614,0.4250584840774536,0.5,0.8254607915878296,0.03445732891559601,0.28835156559944153,0.7331504225730896,-0.00840320810675621,0.6045127511024475,0.28969812393188477,0.3224617540836334,4.460508155822754,0.3282959461212158,6.625,1422.530642028
0.00011390625000000003,0.07000166177749634,0.6666667461395264,1784483638.933218,1.7492966651916504,38802,0.38673099875450134,1550,2.230642318725586,0.21898579597473145,0.09793925285339355,2.86967134475708,0.0833333358168602,1.3333333730697632,,10.915821989178658,-0.01615751162171364,10.946943283081055,429.43,0.5996325016021729,-0.008036337373778225,0.29122281074523926,-0.5590452551841736,0.3311876058578491,0.6864482760429382,0.04906351491808891,0.4238088130950928,0.8333333730697632,0.8697459101676941,0.029733157344162466,0.28819045424461365,0.7582405805587769,-0.00718529149889946,0.6041274070739746,0.30281996726989746,0.3179662823677063,4.455940818786621,0.31889015436172485,6.875,1424.996286788
0.00011390625000000003,0.0681033656001091,0.6666667461395264,1784483641.399065,1.5353703498840332,41545,0.40265533328056335,1551,2.0701444149017334,0.16820989549160004,0.0790732204914093,2.6164820194244385,0.0,0.6666666865348816,,11.71908784687519,-0.020261157304048538,10.383312225341797,469.07,0.6278184056282043,-0.008257786970352754,0.22931580245494843,-0.5857585668563843,0.3483911454677582,0.5779252052307129,0.05196237191557884,0.42150089144706726,0.4583333432674408,0.7813815474510193,0.02851217780262232,0.28794723749160767,0.664509654045105,-0.007091456558555365,0.6042851805686951,0.29601168632507324,0.3329316973686218,4.428223919868469,0.3355165123939514,7.333333492279053,1427.474617984
0.00011390625000000003,0.07137921452522278,0.6666667461395264,1784483643.8825614,1.4502695798873901,41342,0.3743433356285095,1552,2.0916907787323,0.12190437316894531,0.06998170912265778,2.536388397216797,0.0,0.9166666865348816,,11.416390957534313,-0.022083675488829613,10.334148406982422,457.32,0.6378564834594727,-0.00859492456947919,0.20676317811012268,-0.5909484624862671,0.3492504954338074,0.5292441844940186,0.05217006430029869,0.4218975007534027,0.3333333432674408,0.7338395118713379,0.030045334808528425,0.28783634305000305,0.6202318668365479,-0.0062673380598425865,0.6045290231704712,0.28612685203552246,0.33804482221603394,4.410681033134461,0.33820509910583496,8.291666984558105,1430.042117998
0.00011390625000000003,0.07202918827533722,0.6666667461395264,1784483646.44678,1.5596961975097656,39901,0.3771939277648926,1553,2.162811279296875,0.14275293052196503,0.07295048236846924,2.5517687797546387,0.0,1.1666667461395264,,11.56766687989235,-0.018416687846183777,9.87016487121582,455.27,0.6197628378868103,-0.008613538567442448,0.21547846496105194,-0.5685728192329407,0.3460030257701874,0.5407729148864746,0.05170425772666931,0.4243360757827759,0.375,0.7231019735336304,0.02945925686508417,0.2876175343990326,0.6252328753471375,-0.006980678997933865,0.6043840050697327,0.30086278915405273,0.3276214897632599,4.399318337440491,0.33131226897239685,7.833333492279053,1432.704836811
0.00011390625000000003,0.06876568496227264,0.6666667461395264,1784483649.1100416,1.7182601690292358,38384,0.3480157256126404,1554,2.2491137981414795,0.18242403864860535,0.08319428563117981,2.959043025970459,0.0,1.2916667461395264,,10.829330172538757,-0.015296295285224915,11.060251235961914,431.9,0.6069772839546204,-0.007880929193925112,0.24904076755046844,-0.5641126036643982,0.33709368109703064,0.5770229697227478,0.04982258006930351,0.42517051100730896,0.2916666865348816,0.8108305335044861,0.029525823146104812,0.28742051124572754,0.6794928312301636,-0.007070065941661596,0.6039083003997803,0.31191372871398926,0.32059192657470703,4.377133297920227,0.3230600357055664,6.1666669845581055,1435.178303162
7.593750000000002e-05,0.07106006145477295,0.6666667461395264,1784483651.5827515,1.555323839187622,41473,0.3710283637046814,1555,2.0821657180786133,0.17289166152477264,0.08270233869552612,2.710430145263672,0.0,1.0,,11.093507060706616,-0.021720459684729576,10.837984085083008,441.83,0.6228744983673096,-0.009851330638412037,0.24881407618522644,-0.5694810152053833,0.34607312083244324,0.5906318426132202,0.05098578333854675,0.4248342514038086,0.4583333432674408,0.8263249397277832,0.031082180514931678,0.2873709797859192,0.6805441379547119,-0.007894253358244896,0.6042791604995728,0.2880997657775879,0.3286007344722748,4.367858266830444,0.33411702513694763,6.708333492279053,1437.775827447
0.00011390625000000003,0.06792904436588287,0.6666667461395264,1784483654.1857295,1.6231191158294678,39377,0.3662972152233124,1556,2.171339511871338,0.17245814204216003,0.08166712522506714,2.820058584213257,0.0833333358168602,1.3333333730697632,,11.035002163648606,-0.02052837237715721,10.894721984863281,443.85,0.6242498159408569,-0.007743638863030355,0.2482614368200302,-0.5783885717391968,0.34243088960647583,0.5655163526535034,0.05067694932222366,0.4246750771999359,0.3333333432674408,0.8024494051933289,0.029081263486295937,0.2872866690158844,0.6748015284538269,-0.00692355539649725,0.6050909161567688,0.32508206367492676,0.3276289105415344,4.36467490196228,0.3322862982749939,8.625,1440.332336849
0.00011390625000000003,0.06952514499425888,0.6666667461395264,1784483656.740494,1.4528000354766846,40127,0.3722836375236511,1557,2.1502065658569336,0.13703343272209167,0.07211665064096451,2.53666353225708,0.0,1.0833333730697632,,11.484110906124116,-0.021708257496356964,9.859560012817383,455.55,0.6225038766860962,-0.00807447085098829,0.21253249049186707,-0.572356641292572,0.3429533839225769,0.5359612703323364,0.05169534683227539,0.4260636270046234,0.2916666865348816,0.7225117087364197,0.02863923870027065,0.28699520230293274,0.6227596402168274,-0.006863421760499477,0.604229748249054,0.29958271980285645,0.32959187030792236,4.339022469520569,0.3299543559551239,7.6666669845581055,1442.741853559
0.00011390625000000003,0.06701882183551788,0.6666667461395264,1784483659.145863,1.6149481534957886,42651,0.4190860986709595,1558,2.0117220878601074,0.1517479121685028,0.08064571022987366,2.6923530101776123,0.0,1.25,,11.262697069048881,-0.020213348791003227,10.274688720703125,449.6,0.6192960739135742,-0.008755726598610635,0.23619040846824646,-0.572982907295227,0.3447638154029846,0.5675936937332153,0.05152186006307602,0.42581722140312195,0.4166666865348816,0.788806140422821,0.035174280777573584,0.28711673617362976,0.6640097498893738,-0.0069838762283325195,0.60400390625,0.2931022644042969,0.32771700620651245,4.330356693267822,0.33079126477241516,7.2916669845581055,1445.32137627
7.593750000000002e-05,0.06736896932125092,0.6666667461395264,1784483661.7351809,1.687713623046875,39647,0.38154181838035583,1559,2.1734368801116943,0.1561216413974762,0.07834655046463013,2.7589797973632812,0.0,1.0416667461395264,,12.005601054131985,-0.01812085509300232,10.931779861450195,472.87,0.6206498146057129,-0.008392111340072006,0.22113852202892303,-0.5712506771087646,0.33929938077926636,0.5643424391746521,0.05067959055304527,0.4272671639919281,0.3333333432674408,0.763852596282959,0.032040484808385374,0.28724586963653564,0.6756162047386169,-0.006810297258198261,0.6044134497642517,0.30599236488342285,0.32758113741874695,4.3498530626297,0.3295230269432068,7.1666669845581055,1447.847126103
0.00011390625000000003,0.07268963754177094,0.6666667461395264,1784483664.251673,1.5104115009307861,40737,0.3943864107131958,1560,2.118941068649292,0.15107552707195282,0.07315146923065186,2.58174991607666,0.0,1.0416667461395264,,11.534680135920643,-0.01909782364964485,10.069488525390625,463.26,0.6394156813621521,-0.007665613503195346,0.21627506613731384,-0.5891353487968445,0.35145115852355957,0.4978136718273163,0.05209388583898544,0.42784804105758667,0.3333333432674408,0.7256425619125366,0.03295946912840009,0.28719043731689453,0.600365161895752,-0.007314424496144056,0.6046807169914246,0.2941622734069824,0.3358917832374573,4.353760457038879,0.3393431603908539,7.1666669845581055,1451.147033608
0.00011390625000000003,0.06687426567077637,0.6666667461395264,1784483667.6464226,1.7236402034759521,30723,0.40477436780929565,1561,2.881561040878296,0.17800688743591309,0.08541460335254669,2.885969877243042,0.0416666679084301,1.25,"{'size': 1704836.0, '_type': 'video-file', 'sha256': 'f3e0b338352d23827f77a2d7e7066e7040ba7f477cf66e91b1e0f401546b9a54', 'path': 'media/videos/video_1561_f3e0b338352d23827f77.mp4'}",10.640881466567516,-0.01693626306951046,11.153961181640625,431.49,0.6055899858474731,-0.0090348586672917,0.25533077120780945,-0.5599853992462158,0.3329334855079651,0.5826722383499146,0.049510516226291656,0.42656439542770386,0.6666666865348816,0.8226139545440674,0.032997353747487065,0.28727400302886963,0.6988398432731628,-0.007268582936376333,0.6049196720123291,0.31809353828430176,0.31866878271102905,4.3493489027023315,0.3222943842411041,7.875,1453.718825656
0.00011390625000000003,0.07007433474063873,0.6666667461395264,1784483670.125731,1.5689185857772827,41198,0.3526389002799988,1562,2.093663215637207,0.14188936352729797,0.07375237345695496,2.602454662322998,0.0,1.125,,11.419685982614755,-0.019103756174445152,10.024792671203613,454.45,0.623346745967865,-0.007809966983040794,0.21991388499736786,-0.5764987468719482,0.34413546323776245,0.5558993816375732,0.05149511620402336,0.42616507411003113,0.4166666865348816,0.7450019717216492,0.03437294233590364,0.2872824966907501,0.633725643157959,-0.008232063613831997,0.603916347026825,0.2924468517303467,0.32892292737960815,4.356745982170105,0.33177345991134644,7.708333492279053,1456.129355584
0.00011390625000000003,0.06518653780221939,0.6666667461395264,1784483672.533716,1.7655738592147827,42597,0.35734838247299194,1563,2.0206384658813477,0.18519046902656555,0.08468165248632431,3.010333776473999,0.0,1.7083333730697632,,11.224828126877547,-0.0182783305644989,11.718879699707031,448.71,0.597844123840332,-0.008186397634563036,0.26015254855155945,-0.5537826418876648,0.330880731344223,0.6206027269363403,0.04935388267040253,0.4261547923088074,0.5,0.8331016302108765,0.035460390336811545,0.2872369587421417,0.7350718975067139,-0.007162311114370823,0.6053856611251831,0.2871277332305908,0.3154152035713196,4.352466368675232,0.31947726011276245,8.041666984558105,1458.779566219
0.00011390625000000003,0.06851524114608765,0.6666667461395264,1784483675.1874278,1.6732547283172607,38597,0.3792884051799774,1564,2.2383534908294678,0.15775761008262634,0.0808960497379303,2.742469549179077,0.0,1.0,,11.307061587572099,-0.017962297424674034,10.674628257751465,449.63,0.6213880181312561,-0.008254649801529013,0.23344549536705017,-0.5641942024230957,0.33926665782928467,0.5992713570594788,0.05168726295232773,0.42511308193206787,0.625,0.7808007001876831,0.030752936471253635,0.2871553897857666,0.6938214302062988,-0.0067523992620408535,0.6075425744056702,0.3085746765136719,0.32817187905311584,4.345991611480713,0.32617121934890747,8.333333969116211,1461.24672496
0.00011390625000000003,0.0702330470085144,0.6666667461395264,1784483677.6535733,1.6428401470184326,41642,0.366515576839447,1565,2.0621438026428223,0.17047880589962006,0.07901088893413544,2.7850394248962402,0.0416666679084301,1.125,,11.653241181522608,-0.020577725023031235,10.501043319702148,470.72,0.6165432333946228,-0.008247343097173144,0.2384437769651413,-0.5744056701660156,0.33997786045074463,0.5852552652359009,0.051507651805877686,0.4251543879508972,0.3333333432674408,0.7973203659057617,0.028444232512265445,0.28704848885536194,0.6801993250846863,-0.007328643463551998,0.6083751916885376,0.2985341548919678,0.32311350107192993,4.335876703262329,0.3302636742591858,7.833333492279053,1463.878034513
7.593750000000004e-05,0.0685202106833458,0.6666667461395264,1784483680.2928128,1.733555793762207,38895,0.37608206272125244,1566,2.21358323097229,0.18606805801391602,0.08588527143001556,2.9391188621520996,0.0,1.375,,11.26110029220581,-0.013948861509561539,11.31195068359375,448.52,0.6096323728561401,-0.00734816973345005,0.2640577554702759,-0.562568724155426,0.3343702554702759,0.614666223526001,0.04938604682683945,0.4241858720779419,0.3333333432674408,0.8583812117576599,0.031273853965103626,0.28689631819725037,0.7238223552703857,-0.006898357532918453,0.6088495254516602,0.31378817558288574,0.32029661536216736,4.320226955413818,0.3212224245071411,7.458333492279053,1466.346410388
5.062500000000002e-05,0.06924355775117874,0.6666667461395264,1784483682.758249,1.7234601974487305,41827,0.30964457988739014,1567,2.0563366413116455,0.16092941164970398,0.08052753657102585,3.1123170852661133,0.0,1.125,,11.62701491944492,-0.01793641224503517,12.133804321289062,455.95,0.6173512935638428,-0.006796707140165381,0.24742083251476288,-0.5595008134841919,0.3399973511695862,0.6099816560745239,0.05070558190345764,0.4235619008541107,0.3333333432674408,0.8460456728935242,0.03250816650688648,0.28678637742996216,0.7383765578269958,-0.006295900791883469,0.6096760034561157,0.29389309883117676,0.32412073016166687,4.306174778938294,0.3287754952907562,7.083333492279053,1469.009250312
0.00011390625000000003,0.07120180130004883,0.6666667461395264,1784483685.4290197,1.5348148345947266,38496,0.3959270715713501,1568,2.243917226791382,0.1550782322883606,0.07770074903964996,2.6534109115600586,0.0416666679084301,1.125,,11.821896187365056,-0.018647681921720505,10.27296257019043,461.52,0.6282632946968079,-0.008727954322239384,0.2289091944694519,-0.5759694576263428,0.3438042104244232,0.5452398061752319,0.05150653421878815,0.4243955612182617,0.625,0.7620673179626465,0.03296113628894091,0.28660789132118225,0.6482844352722168,-0.007699623703956604,0.6087340116500854,0.30965137481689453,0.32932397723197937,4.29110815525055,0.334575355052948,8.666666984558105,1471.604119767
5.062500000000002e-05,0.06910113245248795,0.6666667461395264,1784483688.0220006,1.690935492515564,39677,0.3720599114894867,1569,2.163334369659424,0.1832364797592163,0.08312591910362244,2.933320999145508,0.0,1.25,,11.016628431528806,-0.02177499048411846,11.4097318649292,440.55,0.6130862236022949,-0.008653842564672231,0.2554367184638977,-0.5596809983253479,0.33451366424560547,0.6056472063064575,0.050596099346876144,0.4228435456752777,0.5416666865348816,0.8139746189117432,0.03489559348672629,0.2866082489490509,0.7185494303703308,-0.00699610635638237,0.609516978263855,0.31421446800231934,0.32352566719055176,4.280522131919861,0.3217933773994446,7.583333492279053,1474.310998512
0.00011390625000000003,0.06282393634319305,0.6666667461395264,1784483690.7080562,2.002070188522339,37963,0.3418463170528412,1570,2.28790020942688,0.23675119876861572,0.0978594571352005,3.2551703453063965,0.125,1.4166667461395264,,11.21728690892458,-0.02244695834815502,12.184804916381836,443.5,0.5709292888641357,-0.008440339759545168,0.3068450391292572,-0.5351189374923706,0.3146020472049713,0.6389566659927368,0.04737057536840439,0.4225165843963623,0.5416666865348816,0.9339960813522339,0.034953589737415316,0.28665775060653687,0.7840304374694824,-0.008196137845516205,0.6090800166130066,0.3015410900115967,0.30144500732421875,4.285287523269654,0.30425962805747986,7.083333492279053,1476.800999801
0.00011390625000000003,0.07078029960393906,0.6666667461395264,1784483693.2069888,1.7924607992172241,40996,0.38547107577323914,1571,2.105332851409912,0.1898268163204193,0.08870428800582886,3.020893096923828,0.0,1.4166667461395264,,11.339232276827097,-0.020413540303707123,11.586212158203125,447.32,0.6121782064437866,-0.008953239902621136,0.2771911323070526,-0.5580849051475525,0.3347019553184509,0.6410096883773804,0.05059702694416046,0.42188212275505066,0.5,0.8964256644248962,0.03713141549378633,0.28674188256263733,0.7650012969970703,-0.007565669249743223,0.6092714071273804,0.2925419807434082,0.3233824074268341,4.288953089714051,0.3264545798301697,6.6666669845581055,1479.248437568
0.00011390625000000003,0.07341288775205612,0.6666667461395264,1784483695.6548524,1.5502796173095703,41926,0.33387190103530884,1572,2.059983491897583,0.17222349345684052,0.08178016543388367,2.8516786098480225,0.0416666679084301,1.0833333730697632,,12.05817884117365,-0.018004201352596283,11.300346374511719,467.28,0.619333803653717,-0.009016164112836123,0.2508797347545624,-0.5664668083190918,0.3431088626384735,0.608992874622345,0.05183219909667969,0.42194658517837524,0.5,0.815575361251831,0.031531150173395875,0.28672099113464355,0.7064585089683533,-0.00740575697273016,0.6072266101837158,0.28466320037841797,0.3241400420665741,4.296552848815918,0.3316394090652466,7.2916669845581055,1481.774537667
7.593750000000002e-05,0.06888660788536072,0.6666667461395264,1784483698.1742358,1.577325701713562,40581,0.40116679668426514,1573,2.1251721382141113,0.16222909092903137,0.07869177311658859,2.629271984100342,0.0416666679084301,1.0,,11.015731910821051,-0.021861758083105087,10.368927001953125,445.33,0.6228268146514893,-0.00900268670375226,0.23423996567726135,-0.5725240707397461,0.3415828347206116,0.5741748809814453,0.052154526114463806,0.4186728000640869,0.5,0.7518293857574463,0.030934384744614362,0.28663599491119385,0.6481309533119202,-0.007970629259943962,0.6082790493965149,0.2972254753112793,0.3270345628261566,4.286445903778076,0.33191224932670593,8.208333969116211,1484.3180988
7.593750000000002e-05,0.07308614253997803,0.6666667461395264,1784483700.7251267,1.5222506523132324,40142,0.3624098300933838,1574,2.1603593826293945,0.14476007223129272,0.0754980593919754,2.690743923187256,0.0416666679084301,1.0833333730697632,,12.127251806557178,-0.019188400357961655,10.472868919372559,477.76,0.618871808052063,-0.008186493749963119,0.21988895535469055,-0.5639103055000305,0.3356253504753113,0.5656031966209412,0.051478348672389984,0.41886743903160095,0.3333333432674408,0.7708220481872559,0.030095983296632767,0.28663307428359985,0.6546275019645691,-0.006716014351695776,0.6076275110244751,0.2885112762451172,0.3248423933982849,4.289689540863037,0.32918357849121094,7.708333492279053,1486.748649069
7.593750000000002e-05,0.07152973115444183,0.6666667461395264,1784483703.151411,1.9138625860214233,42258,0.3452836871147156,1575,2.041212558746338,0.2009744644165039,0.09332023561000824,3.1773955821990967,0.0,1.4166667461395264,,10.217257794737815,-0.019048776477575302,12.242801666259766,413.57,0.5758893489837646,-0.007411621876235586,0.28522318601608276,-0.5322802066802979,0.31566619873046875,0.6820887923240662,0.04815360903739929,0.4192497134208679,0.4583333432674408,0.9241523742675781,0.0338801053352654,0.2866179645061493,0.7872138023376465,-0.00814907718449831,0.6086894273757935,0.2850511074066162,0.30041399598121643,4.287191081047058,0.3092274069786072,5.7916669845581055,1489.244963397
0.00011390625000000003,0.06903766840696335,0.6666667461395264,1784483705.6695035,2.0616986751556396,41032,0.36583006381988525,1576,2.0747528076171875,0.23709332942962646,0.1002071425318718,3.18571138381958,0.0,1.3333333730697632,,11.305033804625273,-0.017702411860227585,11.828603744506836,445.03,0.5961544513702393,-0.008348140865564346,0.3056764006614685,-0.5446028113365173,0.3307512402534485,0.7088279724121094,0.04988276585936546,0.4197143018245697,0.75,0.953960120677948,0.034971764869987966,0.28670215606689453,0.8360881805419922,-0.0076322550885379314,0.6102761626243591,0.3210158348083496,0.3111371397972107,4.290713310241699,0.31929782032966614,6.7916669845581055,1491.913230214
0.00011390625000000003,0.06586165726184845,0.6666667461395264,1784483708.3236597,1.6747597455978394,38648,0.3678130805492401,1577,2.2351770401000977,0.1631608009338379,0.07747357338666916,2.846743583679199,0.0,1.375,,11.27330098569393,-0.019812358543276787,10.862737655639648,454.47,0.6195714473724365,-0.008824000926688313,0.2401784360408783,-0.5684477090835571,0.33857882022857666,0.6064476370811462,0.051771096885204315,0.41853222250938416,0.4583333432674408,0.8149897456169128,0.031935899797827,0.28674742579460144,0.7010433673858643,-0.007623137440532446,0.609316349029541,0.30836963653564453,0.3247690498828888,4.297933435440063,0.3300858736038208,8.666666984558105,1494.491257486
0.00011390625000000006,0.0654420331120491,0.6666667461395264,1784483710.9086661,1.7623937129974365,39822,0.3351826071739197,1578,2.1443490982055664,0.18029682338237762,0.08757634460926056,3.0214507579803467,0.0416666679084301,1.5833333730697632,,10.88925611525774,-0.01699823886156082,11.763740539550781,433.54,0.5897376537322998,-0.0076143933983985335,0.26724857091903687,-0.5407559871673584,0.3230397403240204,0.663506805896759,0.04907916113734245,0.41912639141082764,0.3333333432674408,0.9056429862976074,0.03462566696107387,0.286857008934021,0.7726091742515564,-0.008554279804229736,0.6092405319213867,0.3242309093475342,0.3086871802806854,4.305721306800843,0.3100941479206085,7.958333492279053,1497.135526964
0.00011390625000000006,0.06763001531362534,0.6666667461395264,1784483713.5335507,1.659857153892517,38854,0.3579551577568054,1579,2.233121633529663,0.18470720946788788,0.0869692787528038,2.862089157104492,0.0416666679084301,1.2916667461395264,,11.098713688328862,-0.02124846540391445,11.014453887939453,438.13,0.6029556393623352,-0.009407936260686256,0.2693670988082886,-0.5550825595855713,0.33190834522247314,0.6156986951828003,0.050437238067388535,0.41885897517204285,0.375,0.8287004232406616,0.037822588346898556,0.28703761100769043,0.7080613374710083,-0.008289311081171036,0.608852744102478,0.2969074249267578,0.3157285451889038,4.323936772346497,0.32447534799575806,6.958333492279053,1499.611264277
7.593750000000004e-05,0.06141982600092888,0.6666667461395264,1784483716.0199392,1.872314214706421,41272,0.3802877366542816,1580,2.0851078033447266,0.20372414588928223,0.0943652018904686,2.9753222465515137,0.0833333358168602,1.5833333730697632,,10.642587135955692,-0.020763130858540535,11.127394676208496,427.75,0.5910806655883789,-0.008589121646946297,0.2816855311393738,-0.5383167266845703,0.3217116594314575,0.6420795321464539,0.04905959963798523,0.41523438692092896,0.8333333730697632,0.8778567314147949,0.03345367331057787,0.2869530916213989,0.7548394203186035,-0.008030034601688385,0.610449492931366,0.29671311378479004,0.31121155619621277,4.326635932922363,0.31367653608322144,7.125,1502.225087993
0.00011390625000000003,0.06358971446752548,0.6666667461395264,1784483718.6338487,1.7897146940231323,39206,0.3880288004875183,1581,2.1972649097442627,0.19778332114219666,0.09142810106277466,2.994623899459839,0.0,1.4166667461395264,,10.619968263357878,-0.021143129095435143,11.751180648803711,433.32,0.5957968235015869,-0.008232675711042248,0.27997106313705444,-0.552182674407959,0.3273113965988159,0.6803871989250183,0.049743786454200745,0.413440465927124,0.4166666865348816,0.909421443939209,0.0326485849916935,0.28688865900039673,0.7977209091186523,-0.008461220189929008,0.6124274134635925,0.3100452423095703,0.3115592896938324,4.316577887535095,0.31901389360427856,7.375,1505.28873131
0.00011390625000000003,0.07236728072166443,0.6666667461395264,1784483721.8009596,1.6469963788986206,33281,0.39725860953330994,1582,2.6544487476348877,0.17257261276245117,0.08091704547405243,2.9224257469177246,0.0416666679084301,1.3333333730697632,"{'sha256': '0b5c0eb9aa4e1941cebd879046ce6f6950411deda05715e5bbb04e99bdc0cccb', 'path': 'media/videos/video_1582_0b5c0eb9aa4e1941cebd.mp4', 'size': 1600902.0, '_type': 'video-file'}",11.544504472017287,-0.020017016679048538,11.594488143920898,450.87,0.6239851713180542,-0.008799203464877791,0.23896577954292297,-0.5660874247550964,0.34285444021224976,0.565872848033905,0.052075233310461044,0.4122235178947449,0.5416666865348816,0.7822884321212769,0.03434727154672146,0.2869178056716919,0.6908575892448425,-0.007333640940487385,0.6124526262283325,0.29923534393310547,0.3289891183376312,4.31159508228302,0.3354905843734741,7.4166669845581055,1507.90392178
7.593750000000002e-05,0.065066859126091,0.6666667461395264,1784483724.3032095,1.6698179244995117,40709,0.39248043298721313,1583,2.1245901584625244,0.17714211344718933,0.08475731313228607,2.8846328258514404,0.0,1.8333333730697632,,10.705278567373753,-0.01806505396962166,10.910758972167969,430.65,0.6036511659622192,-0.008823632894200273,0.2536141574382782,-0.5508472323417664,0.33005258440971375,0.5757858753204346,0.049423735588788986,0.4122544229030609,0.6666666865348816,0.8047158122062683,0.03640576526522636,0.28682705760002136,0.6726610660552979,-0.007684202864766121,0.6123849749565125,0.2902038097381592,0.3177269995212555,4.312134909629822,0.3203974962234497,8.041666984558105,1510.383849826
0.00011390625000000003,0.06566101312637329,0.6666667461395264,1784483726.8023126,1.6102955341339111,41229,0.3621876835823059,1584,2.0857205390930176,0.1688721776008606,0.07982899993658066,2.7539024353027344,0.0416666679084301,1.0,,11.288591411113739,-0.02003500796854496,10.865081787109375,457.6,0.613966703414917,-0.008037250256165862,0.24754218757152557,-0.5640372633934021,0.3321930170059204,0.5941699743270874,0.051093168556690216,0.41182073950767517,0.5833333730697632,0.7932469248771667,0.03526853937655687,0.2867627739906311,0.6830487251281738,-0.007986550219357014,0.6122395992279053,0.2985708713531494,0.32258284091949463,4.301124119758606,0.32652145624160767,8.041666984558105,1513.08468661
0.00011390625000000003,0.06554913520812988,0.6666667461395264,1784483729.49724,1.7652101516723633,38073,0.3619309365749359,1585,2.2770187854766846,0.17068761587142944,0.08361872285604477,2.924459457397461,0.0,1.7916667461395264,,11.591846265792846,-0.01742759346961975,11.687189102172852,461.06,0.5978635549545288,-0.008501106459880248,0.2476475089788437,-0.5452106595039368,0.3280503749847412,0.6175427436828613,0.05068928003311157,0.4129267632961273,0.2916666865348816,0.8079828023910522,0.03288929117843509,0.28681516647338867,0.720101535320282,-0.007746574934571981,0.6107591390609741,0.3049008846282959,0.3124920129776001,4.293399477005005,0.3202137351036072,7.958333492279053,1515.689064593
7.593750000000002e-05,0.06884096562862396,0.6666667461395264,1784483732.1026142,1.7281650304794312,39453,0.38065072894096375,1586,2.1637237071990967,0.16447556018829346,0.08296272158622742,2.8691554069519043,0.0416666679084301,1.5,,11.609300807267427,-0.019643127918243408,10.971636772155762,450.28,0.6170786023139954,-0.009621860495826695,0.2453385591506958,-0.5551815629005432,0.3430154323577881,0.6134635210037231,0.051807984709739685,0.4147154688835144,0.2916666865348816,0.8069709539413452,0.03263162337243557,0.28696408867836,0.710809588432312,-0.00721786729991436,0.6092545390129089,0.32791948318481445,0.3240874409675598,4.306156158447266,0.33205389976501465,7.625,1518.285389679
0.00011390625000000003,0.06766274571418762,0.6666667461395264,1784483734.694315,1.6427886486053467,39575,0.3465827405452728,1587,2.182023048400879,0.158168226480484,0.08116213977336884,2.9862494468688965,0.0,1.25,,11.133200515657663,-0.018971703946590424,12.064093589782715,439.77,0.6078456044197083,-0.008158269774867222,0.24931780993938446,-0.5535658597946167,0.33419904112815857,0.629274845123291,0.05118139833211899,0.41569623351097107,0.2916666865348816,0.8420286178588867,0.03148070955649018,0.28694412112236023,0.7331703901290894,-0.007512512616813183,0.6107264757156372,0.3019082546234131,0.32041266560554504,4.3101112842559814,0.3251877427101135,6.833333492279053,1520.808670977
7.593750000000002e-05,0.06337478756904602,0.6666667461395264,1784483737.217134,1.7091401815414429,40677,0.4436973035335541,1588,2.1260671615600586,0.17021290957927704,0.08201278746128082,2.9307429790496826,0.0833333358168602,1.4583333730697632,,10.448009090088307,-0.018063560128211975,11.573343276977539,417.96,0.5977127552032471,-0.009064356563612819,0.24529235064983368,-0.5474343299865723,0.3275298476219177,0.6077399253845215,0.049573153257369995,0.41769593954086304,0.4166666865348816,0.8182457685470581,0.037580691277980804,0.2869130074977875,0.7194752097129822,-0.007742633577436209,0.6114059686660767,0.2906005382537842,0.31486091017723083,4.304942059516907,0.3163108229637146,6.833333492279053,1523.320501138
0.00011390625000000003,0.06771964579820633,0.6666667461395264,1784483739.721995,1.9036715030670166,40835,0.3649405837059021,1589,2.10971999168396,0.1844085454940796,0.08605161309242249,3.0224547386169434,0.0,1.375,,11.167401019334793,-0.019438611343503,11.187040328979492,442.56,0.606143593788147,-0.008309951570117846,0.2522868514060974,-0.5498650670051575,0.3329893946647644,0.6200465559959412,0.05078759789466858,0.41832658648490906,0.6666666865348816,0.8105840682983398,0.03385112900286913,0.28687548637390137,0.7305254340171814,-0.007875475101172924,0.6102506518363953,0.2975795269012451,0.3186241388320923,4.300599050521851,0.32523858547210693,9.125,1525.857972705
7.593750000000002e-05,0.07011549174785614,0.6666667461395264,1784483742.270052,1.684648871421814,40317,0.2963617444038391,1590,2.113410472869873,0.1793607920408249,0.08538808673620224,2.9500160217285156,0.0,1.4583333730697632,,10.913951011300087,-0.017642907798290253,11.144641876220703,434.31,0.5963195562362671,-0.009049035841599107,0.26265954971313477,-0.5433647036552429,0.33353179693222046,0.6085519194602966,0.051262449473142624,0.4179992079734802,0.5416666865348816,0.8454153537750244,0.03336589150130749,0.28673988580703735,0.7012664675712585,-0.00941227376461029,0.6089943647384644,0.32482194900512695,0.3112235963344574,4.294525933265686,0.32231664657592773,6.6666669845581055,1528.396753335
0.00011390625000000003,0.06878435611724854,0.6666667461395264,1784483744.8002512,1.7099933624267578,40485,0.36826246976852417,1591,2.140885353088379,0.15356773138046265,0.07815083861351013,2.858389377593994,0.0,1.5416667461395264,,11.417090698629618,-0.019922059029340744,10.863351821899414,447.66,0.605301022529602,-0.008341166051832261,0.22717249393463135,-0.5536811351776123,0.33273324370384216,0.5474011301994324,0.05055619403719902,0.4189951419830322,0.25,0.7773020267486572,0.03459492418915033,0.2866781949996948,0.6632316708564758,-0.006982575636357069,0.6080508232116699,0.2872200012207031,0.3176802694797516,4.281991577148437,0.32315805554389954,7.875,1530.93505108
0.00011390625000000003,0.06368547677993774,0.6666667461395264,1784483747.3572233,1.7030471563339233,40334,0.3573942184448242,1592,2.1190474033355713,0.17494499683380127,0.086809441447258,2.9482266902923584,0.0833333358168602,1.4166667461395264,,10.673581934273242,-0.021955974400043488,11.5128812789917,430.07,0.5996027588844299,-0.009415439382428304,0.2623600363731384,-0.5456783771514893,0.3262598514556885,0.6350623369216919,0.049956005066633224,0.4219433069229126,0.5833333730697632,0.8341584205627441,0.02910766927525401,0.28658539056777954,0.7274896502494812,-0.008821623399853706,0.6082521677017212,0.3181929588317871,0.3165130615234375,4.273976755142212,0.31807205080986023,7.208333492279053,1533.509049064
7.593750000000002e-05,0.06860804557800293,0.6666667461395264,1784483749.9161804,1.6730000972747803,40100,0.3576517105102539,1593,2.1482038497924805,0.16016022861003876,0.0797654241323471,2.881568431854248,0.0,1.2083333730697632,,11.383735731691122,-0.013992903754115105,11.15485668182373,439.42,0.6007946729660034,-0.009100600922101876,0.2341768741607666,-0.5432046055793762,0.3305320143699646,0.5571025609970093,0.05126918852329254,0.42220339179039,0.4166666865348816,0.7934212684631348,0.03406401854008436,0.28646722435951233,0.6692780256271362,-0.007493216078728437,0.6069384813308716,0.3032410144805908,0.3168891668319702,4.261177277565002,0.3221919536590576,7.25,1536.057397637
0.00011390625000000003,0.06537992507219315,0.6666667461395264,1784483752.463256,1.656241774559021,40218,0.35567450523376465,1594,2.1444997787475586,0.17155790328979492,0.08132550120353699,2.820500135421753,0.0416666679084301,1.25,,11.453300844728947,-0.0165268462151289,10.950897216796875,451.21,0.6058593988418579,-0.008505819656420499,0.25044846534729004,-0.5566290616989136,0.3328980803489685,0.5711130499839783,0.0510382279753685,0.4221735894680023,0.5416666865348816,0.8103336095809937,0.030032261088490487,0.28635770082473755,0.6680654287338257,-0.0074497973546385765,0.6071255207061768,0.2997610569000244,0.31906700134277344,4.251424360275268,0.32355785369873047,7.333333492279053,1538.571137478
7.593750000000004e-05,0.07052509486675262,0.6666667461395264,1784483754.975418,1.6626052856445312,40759,0.408152312040329,1595,2.1191883087158203,0.1776699274778366,0.08233532309532166,2.802377223968506,0.0,1.5,,11.052341878563166,-0.01973017305135727,10.981352806091309,432.5,0.6055418848991394,-0.0077916285255923865,0.2555389404296875,-0.550110936164856,0.33521315455436707,0.5801223516464233,0.05120712146162987,0.4205462336540222,0.2916666865348816,0.8259916305541992,0.0339309373870492,0.2863512337207794,0.6985347270965576,-0.007567066233605146,0.6063779592514038,0.29259824752807617,0.3167685866355896,4.248052549362183,0.32231736183166504,7.4166669845581055,1541.164001788
7.593750000000002e-05,0.07069793343544006,0.6666667461395264,1784483757.568102,1.6282976865768433,39440,0.4109726846218109,1596,2.193214178085327,0.17023813724517822,0.0836319625377655,2.7538115978240967,0.0416666679084301,0.9166666865348816,,11.73675295189023,-0.0252890195697546,10.736292839050293,460.61,0.6267758011817932,-0.008224289485951886,0.25515851378440857,-0.5661451816558838,0.3471185564994812,0.6078266501426697,0.05373554676771164,0.42031070590019226,0.4583333432674408,0.8246433138847351,0.03224688377231359,0.2862226665019989,0.7069376707077026,-0.007846932858228683,0.6051702499389648,0.29926156997680664,0.3312600255012512,4.235423231124878,0.33510535955429077,6.2916669845581055,1543.672689553
0.00011390625000000003,0.06845121830701828,0.6666667461395264,1784483760.0843127,1.7530875205993652,40846,0.4105026125907898,1597,2.1092944145202637,0.16992633044719696,0.08207771182060242,2.8963611125946045,0.0,1.2916667461395264,,11.41622238367796,-0.021877920255064964,10.980466842651367,449.12,0.6192469596862793,-0.008176224512862974,0.24894747138023376,-0.5629875063896179,0.3425423502922058,0.5837960839271545,0.05152589827775955,0.41877588629722595,0.5416666865348816,0.8424656391143799,0.03089544167742133,0.2861853241920471,0.7158597707748413,-0.008289461955428123,0.6046267747879028,0.2973511219024658,0.3244994282722473,4.229515242576599,0.33143436908721924,7.208333492279053,1546.279353645
0.00011390625000000003,0.06923144310712814,0.6666667461395264,1784483762.690147,1.7505701780319214,39366,0.3572392165660858,1598,2.19938325881958,0.1992381513118744,0.08906827867031097,2.9121577739715576,0.0,1.2916667461395264,,11.192965431958436,-0.019609108567237854,10.763609886169434,445.55,0.6040157079696655,-0.008923652209341526,0.2750411629676819,-0.5543291568756104,0.33532342314720154,0.6514279842376709,0.05135523900389671,0.41913890838623047,0.75,0.8397092223167419,0.033577144518494605,0.2861538231372833,0.7309373617172241,-0.008723481558263302,0.6046625971794128,0.2977790832519531,0.3170626759529114,4.231070828437805,0.32227540016174316,7.9166669845581055,1548.71022243
7.593750000000002e-05,0.06906300038099289,0.6666667461395264,1784483765.1169722,1.6531715393066406,42317,0.3903768062591553,1599,2.021059274673462,0.18903014063835144,0.08920177817344666,2.6984190940856934,0.0416666679084301,1.125,,11.170533705800771,-0.01803712360560894,10.303869247436523,438.59,0.6089951992034912,-0.008162673093102058,0.2701389789581299,-0.5527179837226868,0.3351413607597351,0.600908100605011,0.051284413784742355,0.416618287563324,0.625,0.7881092429161072,0.03413778431713581,0.2859950661659241,0.6955580711364746,-0.008409479632973671,0.6061275601387024,0.30193567276000977,0.31983351707458496,4.219483065605163,0.32485008239746094,8.041666984558105,1551.332476224
0.00011390625000000003,0.06457267701625824,0.6666667461395264,1784483767.7435644,1.777390718460083,39045,0.3534342646598816,1600,2.2039928436279297,0.18794870376586914,0.08370178937911987,2.994438648223877,0.0416666679084301,1.4166667461395264,,10.795345583632589,-0.017290007323026657,11.535436630249023,424.22,0.607092559337616,-0.008045684488024563,0.25812390446662903,-0.5539567470550537,0.33675384521484375,0.6157442331314087,0.051911525428295135,0.4152064919471741,0.4583333432674408,0.8417865633964539,0.033803992159664634,0.2858749032020569,0.730273425579071,-0.008338644169270992,0.6061201095581055,0.31366491317749023,0.31901633739471436,4.203678369522095,0.3224249482154846,7.4166669845581055,1553.873960236
7.593750000000002e-05,0.07041805237531662,0.6666667461395264,1784483770.2929378,1.754578948020935,40414,0.3545757532119751,1601,2.1014981269836426,0.19794270396232605,0.08999945968389511,2.930161952972412,0.0,1.5416667461395264,,11.211082990169524,-0.01752360165119171,11.289527893066406,444.63,0.6089629530906677,-0.008402809934341348,0.2729199528694153,-0.5588047504425049,0.3417050838470459,0.6270729303359985,0.05273177847266197,0.4141760766506195,0.4583333432674408,0.8574382066726685,0.038371605612337586,0.2858974039554596,0.7201560735702515,-0.008652846328914165,0.6064395904541016,0.3309195041656494,0.3192354738712311,4.203025078773498,0.3284974992275238,7.083333492279053,1556.602647576
0.00011390625000000003,0.06785748898983002,0.6666667461395264,1784483773.0140073,1.6245803833007812,37670,0.39012664556503296,1602,2.303453207015991,0.19271652400493622,0.09054847061634064,2.9153685569763184,0.0833333358168602,1.4166667461395264,,11.415965658724309,-0.023342158645391464,11.02078914642334,446.75,0.6143609881401062,-0.007927903992822394,0.2728919982910156,-0.5618889331817627,0.339059442281723,0.6074084639549255,0.05138862133026123,0.4129187762737274,0.4583333432674408,0.8556437492370605,0.034239771962165835,0.28593891859054565,0.7121426463127136,-0.00779765285551548,0.6059572100639343,0.3061201572418213,0.32140037417411804,4.203940987586975,0.32703229784965515,7.0416669845581055,1559.802748621
0.00011390625000000003,0.06999820470809937,0.6666667461395264,1784483776.2998857,1.788299322128296,31803,0.3770841956138611,1603,2.7784969806671143,0.17611370980739594,0.08567684143781662,2.9487338066101074,0.0416666679084301,1.5,"{'path': 'media/videos/video_1603_84d728f9c24c98b2cee2.mp4', 'size': 1556111.0, '_type': 'video-file', 'sha256': '84d728f9c24c98b2cee2113b70ab1e68f3e55e5a6420cb4bd4d0915a8e9697e0'}",10.721711330860852,-0.016428379341959953,11.033195495605469,410.89,0.599517822265625,-0.00823169147279259,0.25659799575805664,-0.5441312193870544,0.33495792746543884,0.6190537214279175,0.051708392798900604,0.4142635762691498,0.4166666865348816,0.815737247467041,0.03918637242168188,0.28582146763801575,0.7309398651123047,-0.007698649074882269,0.6045844554901123,0.31250452995300293,0.3146551847457886,4.1984360933303835,0.3204776644706726,7.375,1562.452012111
0.00011390625000000003,0.06992276012897491,0.6851853132247925,1784483778.8504102,1.646417498588562,39920,0.3663060665130615,1604,2.145686388015747,0.18485552072525024,0.08571277558803558,2.6160473823547363,0.0416666679084301,1.1666667461395264,,11.390045740902424,-0.019231630489230156,9.881168365478516,449.45,0.6167801022529602,-0.00780500122345984,0.2571081817150116,-0.5649899244308472,0.3444344401359558,0.5865709781646729,0.053024329245090485,0.41291627287864685,0.8333333730697632,0.7513054609298706,0.034385666251182556,0.28566309809684753,0.6545233130455017,-0.009685094468295574,0.6038253903388977,0.31679725646972656,0.32296207547187805,4.18030879497528,0.32974177598953247,8.583333969116211,1564.911044872
7.593750000000002e-05,0.06394833326339722,0.7777778506278992,1784483781.316424,1.7369399070739746,41593,0.3401237428188324,1605,2.041999578475952,0.19022825360298157,0.08715485036373138,2.8919010162353516,0.0416666679084301,1.2916667461395264,,11.405146369636059,-0.020739447325468063,11.054143905639648,450.71,0.5949394106864929,-0.007913082581944763,0.26096582412719727,-0.5470448732376099,0.32916921377182007,0.5831543207168579,0.05068833753466606,0.41211557388305664,0.75,0.8365052938461304,0.03212162377312779,0.28556784987449646,0.7018519639968872,-0.008084828965365887,0.6050477027893066,0.3214259147644043,0.3112848401069641,4.162276768684388,0.3179413974285126,7.833333492279053,1567.43458213
0.00011390625000000003,0.07250123471021652,0.7777778506278992,1784483783.8373811,1.554586410522461,40667,0.3393728733062744,1606,2.1267669200897217,0.17579710483551025,0.08238770812749863,2.7990195751190186,0.0416666679084301,1.0833333730697632,,11.735505590289831,-0.02029566280543804,10.74270248413086,450.24,0.6231182813644409,-0.007559468370163813,0.2456887662410736,-0.5676525831222534,0.3461383283138275,0.5253010988235474,0.05378768965601921,0.4106360375881195,0.4583333432674408,0.8064324259757996,0.03633355498313904,0.2856029272079468,0.6457154154777527,-0.008069861680269241,0.6071010828018188,0.29051804542541504,0.3272361755371094,4.158999919891357,0.3370434641838074,7.7916669845581055,1570.000607816
0.00011390625000000003,0.07122421264648438,0.7777778506278992,1784483786.421816,1.6732447147369385,39873,0.3627755343914032,1607,2.152625322341919,0.17023491859436035,0.08169325441122055,2.8459086418151855,0.0,1.4166667461395264,,11.459120245426893,-0.01806599646806717,10.702733993530273,445.29,0.6126729249954224,-0.008521181151445489,0.24573546648025513,-0.5559393167495728,0.3429000973701477,0.6154785752296448,0.05338513106107712,0.41126394271850586,0.4583333432674408,0.8046030402183533,0.03586045298725367,0.2855873703956604,0.7151552438735962,-0.007249814923852682,0.6065720319747925,0.31280064582824707,0.3213385045528412,4.162466335296631,0.3299431800842285,7.75,1572.626652319
0.00011390625000000003,0.06724041700363159,0.7407407760620117,1784483789.0321636,1.8606045246124268,39295,0.341844379901886,1608,2.2060458660125732,0.21397405862808228,0.09220410883426666,3.049813747406006,0.0416666679084301,1.5416667461395264,,10.187983039030804,-0.018695436418056488,11.460445404052734,406.34,0.5864529609680176,-0.008438283076975495,0.28825128078460693,-0.5322846174240112,0.3275555968284607,0.6402817964553833,0.05084085464477539,0.41022777557373047,0.7083333730697632,0.8960084915161133,0.035264705680310725,0.28549838066101074,0.7540032267570496,-0.008065633475780487,0.6066614985466003,0.2956366539001465,0.30841952562332153,4.155510210990906,0.3142077624797821,6.6666669845581055,1575.19597927
0.00011390625000000003,0.07160963118076324,0.7777778506278992,1784483791.6005406,1.7443430423736572,39851,0.3411077857017517,1609,2.180840253829956,0.1773834526538849,0.08358278125524521,3.0052847862243652,0.0,1.2083333730697632,,11.675613986700773,-0.020413480699062347,11.313884735107422,452.3,0.6109858155250549,-0.008042494830442592,0.2581941783428192,-0.5515810251235962,0.3400373160839081,0.58137446641922,0.05209143087267876,0.41304725408554077,0.2916666865348816,0.8349706530570984,0.035781956650316714,0.28550946712493896,0.7037903666496277,-0.0076564010232687,0.6058322191238403,0.28592944145202637,0.32112568616867065,4.1519217729568485,0.3273736238479614,6.708333492279053,1577.778933705
0.00011390625000000003,0.06724020838737488,0.7777778506278992,1784483794.187601,1.610447883605957,39618,0.3767412304878235,1610,2.18719482421875,0.1566208004951477,0.07827254384756088,2.7831571102142334,0.0,1.3333333730697632,,11.640577385425567,-0.018078919500112534,10.728632926940918,463.44,0.6233729124069214,-0.008959905768278986,0.23401352763175964,-0.5717257857322693,0.34656405448913574,0.5358166694641113,0.05422649532556534,0.41206881403923035,0.3333333432674408,0.7964415550231934,0.0319651828147471,0.28545239567756653,0.6483427286148071,-0.007976374588906765,0.606508195400238,0.2940528392791748,0.32803064584732056,4.153799962997437,0.3314098119735718,8.583333969116211,1580.489333078
7.593750000000002e-05,0.0694936141371727,0.7546296119689941,1784483796.9019907,1.6841415166854858,37765,0.31268709897994995,1611,2.2922306060791016,0.1751917600631714,0.08547502011060715,2.9662280082702637,0.0833333358168602,1.2083333730697632,,11.49746318280697,-0.019452901557087898,11.724859237670898,452.77,0.6023139357566833,-0.008445843725348822,0.25249695777893066,-0.5528528690338135,0.3317067325115204,0.614657998085022,0.05111054703593254,0.41064453125,0.375,0.8231680393218994,0.0348495589569211,0.2851802706718445,0.7405132055282593,-0.007946649566292763,0.606377899646759,0.3107914924621582,0.31516629457473755,4.128194952011109,0.32480388879776,7.375,1583.009896531
5.062500000000002e-05,0.06959991157054901,0.6851853132247925,1784483799.4252744,1.7464368343353271,40833,0.3609945476055145,1612,2.101638078689575,0.1736731231212616,0.0825890451669693,2.9661471843719482,0.0,1.5,,11.530237523019315,-0.015524501912295818,11.297018051147461,455.48,0.6063641309738159,-0.006769651337526739,0.24976246058940887,-0.5578889846801758,0.33181232213974,0.5895287394523621,0.051497723907232285,0.4107692837715149,0.375,0.8208787441253662,0.03333961330354214,0.2851320505142212,0.6979122161865234,-0.008188086561858654,0.6064514517784119,0.30580735206604004,0.31912195682525635,4.1157303094863895,0.3217275142669678,7.875,1585.674971901
0.00011390625000000003,0.06919879466295242,0.6666667461395264,1784483802.0768163,1.5126988887786865,38576,0.4079158306121826,1613,2.2421207427978516,0.144417405128479,0.07728612422943115,2.7173194885253906,0.0416666679084301,1.1666667461395264,,11.523984969258308,-0.022301435470581055,10.719976425170898,470.46,0.6294085383415222,-0.008155348163563758,0.23269788920879364,-0.5818332433700562,0.34567737579345703,0.5869718790054321,0.05371607467532158,0.411306232213974,0.2916666865348816,0.7876359820365906,0.03260694667696953,0.2851545810699463,0.6813739538192749,-0.008628617972135544,0.609101414680481,0.3061389923095703,0.3298375606536865,4.110483479499817,0.3355397880077362,6.7916669845581055,1588.113161714
0.00011390625000000003,0.0728001743555069,0.6666667461395264,1784483804.5141356,1.6455172300338745,42104,0.36164993047714233,1614,2.0439000129699707,0.16319261491298676,0.0806790441274643,2.895965576171875,0.0,1.2916667461395264,,11.767117169201374,-0.01826697401702404,11.219625473022461,457.07,0.622822642326355,-0.008238787605660037,0.23954425752162933,-0.5630409717559814,0.34989506006240845,0.6240310668945312,0.05528118461370468,0.4139479398727417,0.1666666716337204,0.8700194358825684,0.03134166914969683,0.28512465953826904,0.7482821345329285,-0.007381332106888294,0.6094207167625427,0.29084181785583496,0.3284042179584503,4.116425466537476,0.3344351053237915,7.875,1590.730046088
0.00011390625000000003,0.07058775424957275,0.6666667461395264,1784483807.1417382,1.6869282722473145,39024,0.4019835889339447,1615,2.2065746784210205,0.1725625991821289,0.08316460996866226,2.8633365631103516,0.0,1.3333333730697632,,10.92213330179453,-0.023109696805477142,10.957509994506836,436.29,0.607246458530426,-0.008098251448245719,0.2463957518339157,-0.5565849542617798,0.3389507234096527,0.5923358798027039,0.05285552889108658,0.41699346899986267,0.4166666865348816,0.8137086629867554,0.033474885299801825,0.28509363532066345,0.6876828074455261,-0.007649797946214676,0.609096884727478,0.3124806880950928,0.3194144368171692,4.10888364315033,0.3250139653682709,7.2916669845581055,1593.23054451
7.593750000000002e-05,0.06662602722644806,0.6666667461395264,1784483809.6383343,1.8384547233581543,41099,0.3725510537624359,1616,2.099919557571411,0.1779123991727829,0.08220405876636505,3.1757874488830566,0.0,1.8333333730697632,,11.123144575953484,-0.016615860164165497,12.1611328125,436.15,0.5994961261749268,-0.009449599093568396,0.25351232290267944,-0.5438050031661987,0.3313244581222534,0.5889942646026611,0.0514550507068634,0.4194844663143158,0.25,0.8273648023605347,0.03074468085542321,0.28494179248809814,0.7171446681022644,-0.007298755459487438,0.609022855758667,0.29194068908691406,0.3137395977973938,4.0981996059417725,0.31805509328842163,7.0416669845581055,1595.843918322
7.593750000000002e-05,0.06867340207099915,0.6666667461395264,1784483812.2568748,1.6003773212432861,39197,0.41834554076194763,1617,2.186638832092285,0.16612747311592102,0.08161598443984985,2.7142696380615234,0.0416666679084301,0.9166666865348816,,11.54566322684288,-0.017206348478794098,10.67017936706543,448.22,0.6105730533599854,-0.00869429147860501,0.24630741775035858,-0.5537652373313904,0.3425283133983612,0.5532641410827637,0.053744953125715256,0.4207732081413269,0.3333333432674408,0.8081285953521729,0.034924108907580374,0.2848365902900696,0.6614279747009277,-0.00734917726367712,0.6107853651046753,0.3213040828704834,0.3203302025794983,4.087056088447571,0.32754695415496826,6.708333492279053,1598.357887323
7.593750000000002e-05,0.06720302999019623,0.6666667461395264,1784483814.7624624,1.703314185142517,40932,0.3840324878692627,1618,2.1105382442474365,0.17511068284511566,0.0847734734416008,2.8605289459228516,0.0416666679084301,1.5416667461395264,,11.191733705699443,-0.020890822634100914,10.968351364135742,446.31,0.5942335724830627,-0.008143909376303781,0.25174063444137573,-0.5497705340385437,0.3293503224849701,0.5986404418945312,0.05153747648000717,0.42117565870285034,0.5833333730697632,0.8125230669975281,0.03539718743413687,0.284771591424942,0.7106289863586426,-0.008374706842005253,0.6112931966781616,0.2910938262939453,0.3119018077850342,4.07810480594635,0.3202335834503174,7.5416669845581055,1600.915198992
0.00011390625000000003,0.07368746399879456,0.6666667461395264,1784483817.3453896,1.4924888610839844,40022,0.3895450532436371,1619,2.1373801231384277,0.1485539972782135,0.07669507712125778,2.7312726974487305,0.0416666679084301,0.9166666865348816,,12.055149771571159,-0.019648730754852295,10.528053283691406,468.43,0.6409324407577515,-0.007831434853142128,0.23047713935375214,-0.5788728594779968,0.3567807674407959,0.5716174244880676,0.05608861893415451,0.423051118850708,0.375,0.7787731885910034,0.03469505161046982,0.28489959239959717,0.67364501953125,-0.006544181611388922,0.6100272536277771,0.3188166618347168,0.3362851142883301,4.082499718666076,0.34543102979660034,8.416666984558105,1603.442500334
0.00011390625000000003,0.06420150399208069,0.6666667461395264,1784483819.8462577,1.7577979564666748,41002,0.353843629360199,1620,2.1138782501220703,0.17224636673927307,0.08356591314077377,3.164715528488159,0.0833333358168602,1.5,,11.35701619386673,-0.021102100610733032,12.432914733886719,445.57,0.6114232540130615,-0.009212016657693311,0.257807195186615,-0.5607513189315796,0.33971673250198364,0.6092828512191772,0.05286076292395592,0.4247860908508301,0.1666666716337204,0.8578543663024902,0.03436403144150972,0.2848644554615021,0.7493033409118652,-0.008233700878918171,0.6092658042907715,0.28360962867736816,0.3215487599372864,4.09302442073822,0.3279607594013214,7.583333492279053,1606.080403645
7.593750000000002e-05,0.07130312919616699,0.6666667461395264,1784483822.49397,1.7217973470687866,38752,0.3947981297969818,1621,2.211383819580078,0.178908571600914,0.08563586324453354,3.0156936645507812,0.0,1.375,,11.551161245703698,-0.018594292923808098,11.813920974731445,452.12,0.6094027161598206,-0.008574682120524812,0.2682933211326599,-0.5575710535049438,0.3412780463695526,0.6343225240707397,0.05334199592471123,0.42651844024658203,0.5,0.8938772082328796,0.03161257514730096,0.284791499376297,0.7387975454330444,-0.008858444169163704,0.6099019050598145,0.3253300189971924,0.3188193440437317,4.0859644412994385,0.32791846990585327,7.6666669845581055,1608.604552065
0.00011390625000000003,0.07080211490392685,0.6666667461395264,1784483825.0091763,1.6908900737762451,40736,0.41266465187072754,1622,2.1119580268859863,0.16235166788101196,0.07613938301801682,2.831244945526123,0.0,1.25,,11.288659120947123,-0.019428234547376633,11.007463455200195,445.4,0.6192933917045593,-0.007695240870816633,0.2321019470691681,-0.5558040142059326,0.3469561040401459,0.5762373208999634,0.053466927260160446,0.42830774188041687,0.375,0.8008279800415039,0.03132877452298999,0.28484490513801575,0.6751726865768433,-0.0073265330865979195,0.6095407009124756,0.30123329162597656,0.32370251417160034,4.082638931274414,0.3297334313392639,7.2916669845581055,1611.736766651
0.00011390625000000003,0.07078458368778229,0.6666667461395264,1784483828.245313,1.6638154983520508,32436,0.42524823546409607,1623,2.709120512008667,0.17175748944282532,0.07942697405815125,2.728074550628662,0.0416666679084301,0.875,"{'path': 'media/videos/video_1623_9fed778d17d7ca285857.mp4', 'size': 1465776.0, '_type': 'video-file', 'sha256': '9fed778d17d7ca2858573d7cd13036c827d170308e9bf5e2636c628a6d182936'}",11.433860920965671,-0.017563343048095703,10.44107723236084,444.27,0.6155577898025513,-0.008440724172396585,0.23838210105895996,-0.55830979347229,0.3425177037715912,0.5760705471038818,0.05380505323410034,0.4294549822807312,0.5,0.7923855185508728,0.03419355284422636,0.28487685322761536,0.665556788444519,-0.007116246502846479,0.6087579727172852,0.32156920433044434,0.32462573051452637,4.089760589599609,0.3317389190196991,6.958333492279053,1614.351182889
0.00011390625000000003,0.06439811736345291,0.6666667461395264,1784483830.7594614,1.5864371061325073,40668,0.4093273878097534,1624,2.109891653060913,0.1710290163755417,0.08383619785308838,2.745849370956421,0.0416666679084301,1.25,,11.833218601047992,-0.01912853866815567,10.585064888000488,461.5,0.6159873604774475,-0.008829381072428078,0.24421504139900208,-0.554092526435852,0.34278830885887146,0.5874375700950623,0.053444258868694305,0.42864418029785156,0.5,0.7982555627822876,0.03469713199883699,0.28482890129089355,0.6869338750839233,-0.00770068122074008,0.6096796989440918,0.30730104446411133,0.3233388066291809,4.083384037017822,0.33022600412368774,7.583333492279053,1616.836219313
7.593750000000002e-05,0.07040032744407654,0.6666667461395264,1784483833.24035,1.473848581314087,41338,0.37966105341911316,1625,2.0800013542175293,0.1518879383802414,0.07758794724941254,2.581688404083252,0.0416666679084301,1.25,,11.657743420600891,-0.018053285777568817,9.893486022949219,451.93,0.616685688495636,-0.008824805327458307,0.2262648046016693,-0.5579622387886047,0.34547922015190125,0.5273563265800476,0.053873173892498016,0.4283730983734131,0.5833333730697632,0.750856876373291,0.031101892795413734,0.2846779227256775,0.6087989211082458,-0.00791486632078886,0.6090306043624878,0.29801511764526367,0.3230927586555481,4.07663586139679,0.3303588032722473,8.166666984558105,1619.413042419
7.593750000000002e-05,0.06959569454193115,0.6666667461395264,1784483835.8440053,1.6047395467758179,39737,0.3887283205986023,1626,2.165534734725952,0.14414089918136597,0.07379807531833649,2.769810438156128,0.0,0.9166666865348816,,11.508851764202118,-0.01554153859615326,10.63901424407959,449.46,0.624997615814209,-0.008011705771787092,0.22780601680278778,-0.566676139831543,0.34220123291015625,0.5589016079902649,0.05378749221563339,0.42857417464256287,0.2916666865348816,0.7811064720153809,0.033146978728473185,0.284658282995224,0.650191068649292,-0.00851440243422985,0.6095114946365356,0.30828118324279785,0.32810139656066895,4.0610349655151365,0.33213144540786743,8.041666984558105,1621.911476642
7.593750000000002e-05,0.07505355775356293,0.6666667461395264,1784483838.316951,1.574194312095642,41494,0.39962440729141235,1627,2.078331708908081,0.15687157213687897,0.07710651308298111,2.725762128829956,0.0,1.375,,12.075243543088437,-0.01949409581720829,10.40539836883545,455.88,0.6206307411193848,-0.007601284398697316,0.2342766523361206,-0.5585459470748901,0.3517313599586487,0.559577465057373,0.05553296208381653,0.4293745160102844,0.375,0.7894627451896667,0.032495673187077044,0.2846337556838989,0.6675845980644226,-0.008110975846648216,0.6094431281089783,0.29077649116516113,0.326575368642807,4.064137649536133,0.33877038955688477,7.9166669845581055,1624.604635477
0.00011390625000000003,0.06773737072944641,0.6666667461395264,1784483841.0125134,1.6022257804870605,37955,0.37022385001182556,1628,2.269312620162964,0.16531333327293396,0.07945473492145538,2.772797107696533,0.0833333358168602,1.375,,11.078350146114825,-0.018864909186959267,10.813411712646484,437.53,0.607519268989563,-0.007759716612054035,0.23081664741039276,-0.5566680431365967,0.34024709463119507,0.5254645943641663,0.053056925535202026,0.42958587408065796,0.4583333432674408,0.7763729095458984,0.03698262590914965,0.2846078872680664,0.6476514339447021,-0.007989222183823586,0.609450101852417,0.3206651210784912,0.3196091055870056,4.057049107551575,0.3282666802406311,7.4166669845581055,1627.119629693
0.00011390625000000003,0.06939724087715149,0.6666667461395264,1784483843.5405712,1.6737531423568726,40840,0.36843782663345337,1629,2.085256576538086,0.1868654191493988,0.08905534446239471,2.862295150756836,0.0,1.4166667461395264,,10.826701583266258,-0.019070830196142197,11.095491409301758,427.9,0.6119632720947266,-0.009040936184464953,0.26904821395874023,-0.5614699125289917,0.3423764705657959,0.5807620882987976,0.05358095094561577,0.4311278760433197,0.625,0.8901690244674683,0.03980723861604929,0.28445228934288025,0.6743461489677429,-0.009981563314795494,0.6097063422203064,0.3217628002166748,0.3215600848197937,4.044311356544495,0.33041155338287354,6.833333492279053,1629.793652984
7.593750000000002e-05,0.06930860877037048,0.6666667461395264,1784483846.1962438,1.9090476036071777,38507,0.3476799428462982,1630,2.242812395095825,0.19883960485458374,0.09014898538589478,3.1204020977020264,0.0,1.625,,11.369347206801176,-0.02229154482483864,11.760869979858398,445.33,0.5988690853118896,-0.008098230477480683,0.27168530225753784,-0.545138955116272,0.3329579532146454,0.6426791548728943,0.052278053015470505,0.432815283536911,0.4583333432674408,0.9102588891983032,0.032785603404045106,0.28435805439949036,0.7826099395751953,-0.0091460682451725,0.6109346151351929,0.31005072593688965,0.31297338008880615,4.03672091960907,0.3235921561717987,6.833333492279053,1632.373310217
7.593750000000002e-05,0.06919744610786438,0.6666667461395264,1784483848.7977805,1.667281150817871,39625,0.3353465795516968,1631,2.1566061973571777,0.17332832515239716,0.0837382823228836,2.9506709575653076,0.0,1.375,,11.182516644001007,-0.01803864911198616,10.913287162780762,435.15,0.6182072162628174,-0.007986746600363404,0.250681608915329,-0.5592515468597412,0.3429024815559387,0.5879970788955688,0.05384667217731476,0.43435680866241455,0.4583333432674408,0.8367921113967896,0.033645841665565966,0.28440049290657043,0.7131296992301941,-0.007996547035872936,0.6120343208312988,0.3242027759552002,0.32713162899017334,4.035346102714539,0.3327122628688812,8.083333969116211,1634.929595034
0.00011390625000000003,0.0715629979968071,0.6666667461395264,1784483851.3375237,1.7088063955307007,40381,0.37736213207244873,1632,2.1351687908172607,0.17443954944610596,0.08373640477657318,2.9339699745178223,0.0,1.375,,11.089198278337717,-0.0204844381660223,11.192268371582031,434.13,0.6149059534072876,-0.007837408073828555,0.25267887115478516,-0.563936173915863,0.34569844603538513,0.6392708420753479,0.05397548899054527,0.43734216690063477,0.4583333432674408,0.8387327194213867,0.035447522439062594,0.28420791029930115,0.7401637434959412,-0.009074206463992596,0.6103512048721313,0.2992229461669922,0.3228336572647095,4.027033376693725,0.3336944580078125,7.5,1637.493889116
0.00011390625000000003,0.07198658585548401,0.6666667461395264,1784483853.9194303,1.490630865097046,39981,0.37345775961875916,1633,2.1332099437713623,0.1517232358455658,0.0782344788312912,2.6348166465759277,0.0416666679084301,1.0,,11.872621652185916,-0.018690254539251328,10.450942993164062,455.36,0.6293750405311584,-0.008931813325034454,0.23354892432689667,-0.5769476890563965,0.35021042823791504,0.5748746395111084,0.054603807628154755,0.43912023305892944,0.5416666865348816,0.7847965955734253,0.03052113875746727,0.28422388434410095,0.6610848903656006,-0.00914656650274992,0.6092661023139954,0.3255271911621094,0.33000054955482483,4.014530372619629,0.3379620313644409,8.0,1640.158096179
7.593750000000002e-05,0.06696949899196625,0.6666667461395264,1784483856.5590508,1.7010101079940796,38749,0.3635740280151367,1634,2.2326107025146484,0.1745750606060028,0.08825729787349701,2.988208293914795,0.0416666679084301,1.1666667461395264,,11.658645145893097,-0.01773470640182495,11.509057998657227,453.61,0.6071820259094238,-0.009236505957505869,0.26766759157180786,-0.5557483434677124,0.33725160360336304,0.6143215894699097,0.05348355695605278,0.4401303231716156,0.5,0.8736183047294617,0.036098535731434823,0.28429481387138367,0.7223760485649109,-0.009001855738461018,0.6079763174057007,0.30429792404174805,0.3195022940635681,4.022368621826172,0.3253636062145233,6.833333492279053,1642.604025544
0.00011390625000000003,0.07117906957864761,0.6666667461395264,1784483859.0066261,1.4367294311523438,41836,0.4013299345970154,1635,2.0575835704803467,0.13579097390174866,0.07550445199012756,2.5050103664398193,0.0,1.0416667461395264,,12.033693050146104,-0.020702961832284927,9.906866073608398,467.9,0.6282590627670288,-0.007340568397194147,0.21588055789470673,-0.5756937265396118,0.3538605868816376,0.551801860332489,0.0554162971675396,0.43964850902557373,0.4583333432674408,0.7304034233093262,0.0353620171546936,0.28426629304885864,0.6268911361694336,-0.009134366177022457,0.608426034450531,0.29213643074035645,0.3304489254951477,4.017933869361878,0.338265597820282,7.583333492279053,1645.273010911
0.00011390625000000003,0.06379599124193192,0.6666667461395264,1784483861.685489,1.8608818054199219,38269,0.33667680621147156,1636,2.2568178176879883,0.1980459988117218,0.09084509313106537,3.151332378387451,0.0,1.7083333730697632,,10.755229299142957,-0.018452446907758713,11.772207260131836,424.06,0.5808233022689819,-0.00864876811974682,0.273750901222229,-0.5357252359390259,0.32278144359588623,0.6264289617538452,0.05039443075656891,0.4385489821434021,0.625,0.8840656280517578,0.031631781812757255,0.2842596173286438,0.7517293691635132,-0.008762684650719166,0.6101436614990234,0.31190967559814453,0.3041706681251526,4.021867513656616,0.31304383277893066,7.458333492279053,1647.703064994
7.593750000000002e-05,0.0700063705444336,0.6666667461395264,1784483864.1077046,1.5250190496444702,42369,0.3786599636077881,1637,2.028576374053955,0.13784092664718628,0.07026555389165878,2.648264169692993,0.0,1.1666667461395264,,11.505167745351791,-0.015457076951861382,10.276473045349121,447.89,0.6283473968505859,-0.008814480021828785,0.20867812633514404,-0.5646543502807617,0.3465602397918701,0.5076709985733032,0.05427981913089752,0.4400804936885834,0.3333333432674408,0.7391486167907715,0.03226227629929781,0.28417158126831055,0.6058375835418701,-0.00819546077400446,0.6112909913063049,0.2915642261505127,0.32875242829322815,4.012059426307678,0.3368622660636902,7.25,1650.237717718
7.593750000000002e-05,0.0652308389544487,0.6666667461395264,1784483866.6522653,1.4642575979232788,40407,0.37205439805984497,1638,2.114842176437378,0.13962094485759735,0.07632754743099213,2.6785926818847656,0.0416666679084301,0.9583333730697632,,10.883028255701065,-0.017796296626329422,10.487360954284668,436.22,0.6199456453323364,-0.007725572108756751,0.22070828080177307,-0.5623425841331482,0.33958154916763306,0.5410083532333374,0.05355645343661308,0.44084644317626953,0.375,0.7620341777801514,0.036459351889789104,0.28425320982933044,0.6424080729484558,-0.008200976997613907,0.612342357635498,0.3179738521575928,0.3247908353805542,4.014210224151611,0.3281315267086029,7.25,1652.764533508
0.00011390625000000003,0.06966706365346909,0.6666667461395264,1784483869.1694105,1.5712307691574097,40696,0.37709879875183105,1639,2.129854202270508,0.15787369012832642,0.07752066850662231,2.8355865478515625,0.0416666679084301,1.25,,11.684760193824768,-0.02425883710384369,11.106524467468262,455.62,0.6315961480140686,-0.009031307278200984,0.23708480596542358,-0.5724959373474121,0.3555994927883148,0.5367658734321594,0.05570611357688904,0.44032108783721924,0.25,0.8138853907585144,0.02957401964813471,0.28403666615486145,0.6587942838668823,-0.008995548821985722,0.6115000247955322,0.28566956520080566,0.3311939239501953,4.009104979038239,0.3396378457546234,7.75,1655.187594574
0.00011390625000000003,0.06617438793182373,0.6666667461395264,1784483871.5969222,1.5427665710449219,42335,0.3571055829524994,1640,2.034128427505493,0.16108353435993195,0.08062858879566193,2.7249507904052734,0.0833333358168602,1.2083333730697632,,10.713678533881902,-0.016151245683431625,10.899442672729492,422.27,0.6121878623962402,-0.008450768809416332,0.241664856672287,-0.5544045567512512,0.3360419273376465,0.5745777487754822,0.053281717002391815,0.4394364356994629,0.5,0.7813078761100769,0.03159151365980506,0.28400006890296936,0.6757823824882507,-0.007895386777818203,0.6098990440368652,0.28789663314819336,0.32110121846199036,3.9963995218276978,0.328260600566864,7.958333492279053,1657.794166865
7.593750000000002e-05,0.07167663425207138,0.6666667461395264,1784483874.2079327,1.6158390045166016,39320,0.373662531375885,1641,2.1822688579559326,0.15704001486301422,0.07763190567493439,2.7971246242523193,0.0416666679084301,1.0416667461395264,,11.541858158111573,-0.020091990008950233,10.964998245239258,449.85,0.6240268349647522,-0.009087800049019278,0.23239938914775848,-0.5708391070365906,0.34519585967063904,0.5705380439758301,0.05454506725072861,0.4401870667934418,0.375,0.8123246431350708,0.03923595082014799,0.2840990424156189,0.6681632399559021,-0.00912906788289547,0.6096060276031494,0.3177919387817383,0.326832115650177,4.004497134685517,0.33431217074394226,7.6666669845581055,1660.269222922
7.593750000000002e-05,0.07018387317657471,0.6666667461395264,1784483876.6664884,1.6916497945785522,41577,0.34193772077560425,1642,2.0737762451171875,0.17347699403762817,0.08395861089229584,2.8175597190856934,0.0416666679084301,1.1666667461395264,,11.710991670489312,-0.017916176468133926,10.85107421875,466.34,0.6157376170158386,-0.00887687848880887,0.2516478896141052,-0.5595375299453735,0.34343189001083374,0.5767480134963989,0.05371595174074173,0.4393251836299896,0.625,0.787582516670227,0.030605095997452737,0.2841438055038452,0.6890100836753845,-0.00955958291888237,0.6105785965919495,0.29059648513793945,0.32388556003570557,4.013330268859863,0.3300320506095886,7.4166669845581055,1662.679338002
5.062500000000002e-05,0.06600072979927063,0.6666667461395264,1784483879.0880682,1.5831327438354492,42448,0.3798922002315521,1643,2.028914213180542,0.17270001769065857,0.0816926658153534,2.8150296211242676,0.0416666679084301,1.2083333730697632,,11.675513081252575,-0.02107350341975689,10.771357536315918,454.53,0.6263337135314941,-0.006570969033055008,0.2518082559108734,-0.5644598603248596,0.34810981154441833,0.5842983722686768,0.054754018783569336,0.43883904814720154,0.4166666865348816,0.825939416885376,0.0324273313395679,0.28406956791877747,0.6919347047805786,-0.00897856056690216,0.6108019948005676,0.2869300842285156,0.32793158292770386,4.012637615203857,0.3356401324272156,6.5,1665.68992278
0.00011390625000000003,0.0697474405169487,0.6666667461395264,1784483882.1935668,1.5854780673980713,33857,0.38115811347961426,1644,2.5990936756134033,0.15595614910125732,0.07507708668708801,2.843665599822998,0.0,1.0,"{'path': 'media/videos/video_1644_3a2265f78f28e1c3587e.mp4', 'size': 1375309.0, '_type': 'video-file', 'sha256': '3a2265f78f28e1c3587ee38221e61b3813eb4a873f3d121e28afd790594e5c7d'}",11.74982739329338,-0.017265377566218376,10.778388023376465,469.69,0.631928026676178,-0.008742058568168431,0.2311336249113083,-0.5745880007743835,0.34810635447502136,0.6052414178848267,0.05455714464187622,0.4379602074623108,0.2916666865348816,0.7944576144218445,0.03561170790344477,0.28385457396507263,0.7043509483337402,-0.008641468361020088,0.612417459487915,0.30438899993896484,0.3320600688457489,3.993127179145813,0.33807429671287537,7.0416669845581055,1668.307051726
0.00011390625000000003,0.06994086503982544,0.6666667461395264,1784483884.7145412,1.6350878477096558,40547,0.3826967179775238,1645,2.137448787689209,0.16308757662773132,0.08197300136089325,2.893709182739258,0.0416666679084301,1.125,,12.144267664700747,-0.01811835542321205,11.506210327148438,463.51,0.6152611970901489,-0.008634390780935064,0.24548660218715668,-0.5556834936141968,0.3489043116569519,0.6089928150177002,0.0554155558347702,0.43858087062835693,0.5,0.7970985174179077,0.03410452138632536,0.28391844034194946,0.71116042137146,-0.008833563886582851,0.613763689994812,0.2869429588317871,0.3231528401374817,3.9858010172843934,0.3362588882446289,8.375,1670.879239332
0.00011390625000000003,0.06369121372699738,0.6666667461395264,1784483887.2979681,1.7802003622055054,39856,0.38403671979904175,1646,2.147810697555542,0.2035847157239914,0.09146320819854736,2.962792158126831,0.0416666679084301,1.125,,11.507483577728271,-0.014363706111907959,11.272195816040039,453.54,0.5970375537872314,-0.007368821545969695,0.27739277482032776,-0.5469949245452881,0.3324376940727234,0.6218427419662476,0.05254613608121872,0.4347454905509949,0.875,0.8443581461906433,0.03360941801220178,0.2840676009654999,0.7276439666748047,-0.009469916112720966,0.6160638928413391,0.31861138343811035,0.3139020502567291,3.9964996814727782,0.32077646255493164,7.083333492279053,1673.411494746
7.593750000000002e-05,0.06668917089700699,0.6666667461395264,1784483889.813638,1.6689924001693726,40656,0.39139968156814575,1647,2.128570795059204,0.16219066083431244,0.07633720338344574,2.7763538360595703,0.0833333358168602,1.25,,11.195262506306172,-0.019183728843927383,10.848012924194336,446.12,0.6196131110191345,-0.00826775532332249,0.23676501214504242,-0.565438985824585,0.34081053733825684,0.5734312534332275,0.05370650812983513,0.4349304139614105,0.5,0.7897590398788452,0.037145417742431165,0.2840915620326996,0.668181300163269,-0.009060855954885483,0.6163383722305298,0.28935885429382324,0.325852632522583,4.004109907150268,0.33127832412719727,8.291666984558105,1676.048892294
7.593750000000002e-05,0.07236534357070923,0.6666667461395264,1784483892.466236,1.5519633293151855,38717,0.36963582038879395,1648,2.2231624126434326,0.1591338962316513,0.07714412361383438,2.8636558055877686,0.0,1.125,,11.880037227198482,-0.024877719581127167,11.085809707641602,451.72,0.6263912320137024,-0.008664061554009094,0.2306300848722458,-0.5663052797317505,0.351843923330307,0.5966781377792358,0.05594518780708313,0.4329609274864197,0.4583333432674408,0.7859666347503662,0.03773669078946114,0.28410598635673523,0.696955680847168,-0.009188654832541943,0.6184912919998169,0.3158562183380127,0.32974520325660706,4.004993367195129,0.3384096622467041,7.708333492279053,1678.634062803
7.593750000000002e-05,0.06547561287879944,0.6666667461395264,1784483895.0319076,1.7915337085723877,39879,0.3771449029445648,1649,2.1746482849121094,0.18720895051956177,0.08503877371549606,2.8561055660247803,0.0416666679084301,1.375,,11.462811686396599,-0.01810588501393795,10.771795272827148,445.33,0.6040645837783813,-0.007466745207784698,0.2633350193500519,-0.5539308190345764,0.33742576837539673,0.5857127904891968,0.05272543057799339,0.43232887983322144,0.5416666865348816,0.7903409004211426,0.03292819131165743,0.2840213477611542,0.6761895418167114,-0.009564808569848537,0.6197406649589539,0.29036617279052734,0.3176284432411194,4.0041629552841185,0.328385591506958,7.458333492279053,1681.112328398
7.593750000000002e-05,0.06643439084291458,0.6666667461395264,1784483897.5228276,1.8380725383758545,41215,0.42725345492362976,1650,2.096689224243164,0.1905721127986908,0.09182879328727722,3.154613971710205,0.0416666679084301,1.375,,11.10882719963789,-0.022127345204353333,11.82258129119873,441.92,0.5937185287475586,-0.006479873356875032,0.2799898684024811,-0.5455302000045776,0.331043541431427,0.6423569321632385,0.05271252244710922,0.42993780970573425,0.625,0.9021055698394775,0.03666271846741438,0.2840081453323364,0.7822532057762146,-0.008725695312023163,0.620570182800293,0.28845882415771484,0.31255242228507996,3.996357762813568,0.3206886649131775,6.958333492279053,1683.691497244
7.593750000000002e-05,0.06972204893827438,0.6666667461395264,1784483900.1016762,1.7560994625091553,39781,0.39159244298934937,1651,2.1679491996765137,0.16847549378871918,0.08071595430374146,2.8808753490448,0.0416666679084301,1.0,,12.282613885998726,-0.01815921626985073,11.128341674804688,475.82,0.6287426948547363,-0.00772445488255471,0.25210732221603394,-0.5701407790184021,0.35130608081817627,0.6225212812423706,0.05495068430900574,0.42780590057373047,0.5,0.8102283477783203,0.03221511570736766,0.2839205265045166,0.7223759889602661,-0.00936847273260355,0.6217193007469177,0.30317234992980957,0.33157533407211304,3.9926124811172485,0.33963581919670105,7.7916669845581055,1686.132698615
0.00011390625000000003,0.07142618298530579,0.6666667461395264,1784483902.5420527,1.6404743194580078,42113,0.3978569507598877,1652,2.031675100326538,0.15792696177959442,0.07953274250030518,2.729473829269409,0.0416666679084301,1.2916667461395264,,11.840250431597234,-0.0214398056268692,10.406557083129883,461.29,0.6182924509048462,-0.008366669906536117,0.23348784446716309,-0.5581573247909546,0.3438050150871277,0.5351153612136841,0.05539701506495476,0.4262995421886444,0.5,0.7865381240844727,0.03908179011195898,0.28376632928848267,0.6367513537406921,-0.008698204532265663,0.6231640577316284,0.30257081985473633,0.3265047073364258,3.980181837081909,0.3325258195400238,8.166666984558105,1688.767327043
7.593750000000002e-05,0.06416570395231247,0.6666667461395264,1784483905.1791472,1.8754878044128418,38897,0.32708194851875305,1653,2.2152154445648193,0.19868923723697662,0.08853128552436829,3.090029239654541,0.08695652335882187,1.91304349899292,,11.226015224643051,-0.021289760246872902,11.507454872131348,436.02,0.5914741158485413,-0.008504381089005619,0.2754310667514801,-0.5439122915267944,0.3239196240901947,0.6355603933334351,0.050549089908599854,0.4251895248889923,0.5652173757553101,0.8551951050758362,0.03618308547884226,0.28380391001701355,0.74658203125,-0.0102237518876791,0.6238511204719543,0.3120386600494385,0.30995941162109375,3.975606608390808,0.3176428973674774,7.304347991943359,1691.238743008
0.00011390625000000003,0.069722019135952,0.6666667461395264,1784483907.635309,1.6443068981170654,41649,0.3276190459728241,1654,2.0596871376037598,0.18082749843597412,0.08376012742519379,2.858367919921875,0.0416666679084301,1.1666667461395264,,11.090881705582142,-0.018542340025305748,10.71473503112793,432.92,0.6207218170166016,-0.008601385285146534,0.25399571657180786,-0.558899998664856,0.34552764892578125,0.5899662375450134,0.055297717452049255,0.4256642758846283,0.75,0.8182627558708191,0.03380212709307671,0.2839846909046173,0.6915070414543152,-0.00802595354616642,0.6241253614425659,0.3005707263946533,0.32807815074920654,3.9901368498802183,0.33744025230407715,8.25,1693.840743588
0.00011390625000000003,0.07550614327192307,0.6666667461395264,1784483910.2574503,1.4936755895614624,39160,0.35964512825012207,1655,2.197916030883789,0.15440624952316284,0.07665107399225235,2.8126628398895264,0.0416666679084301,1.0416667461395264,,11.126502228975296,-0.021617090329527855,11.286910057067871,439.35,0.6198403239250183,-0.008698984095826746,0.23972058296203613,-0.5645381212234497,0.34766119718551636,0.5703643560409546,0.05545420199632645,0.42482948303222656,0.3333333432674408,0.8028702139854431,0.034186805598437786,0.2841108441352844,0.6891112327575684,-0.009189814329147339,0.6228270530700684,0.3123807907104492,0.32709938287734985,4.0021331906318665,0.3383122384548187,6.9166669845581055,1696.327624538
0.00011390625000000003,0.06792411208152771,0.6666667461395264,1784483912.7290373,1.658065676689148,41426,0.3963329792022705,1656,2.080153703689575,0.1658969521522522,0.08157672733068466,2.812941551208496,0.0,1.5,,10.979636937975883,-0.02071443200111389,11.241508483886719,435.3,0.5915635228157043,-0.008522517858364154,0.24113240838050842,-0.5497979521751404,0.3285250961780548,0.5850739479064941,0.0523570291697979,0.42404890060424805,0.4166666865348816,0.8087250590324402,0.03412759844213724,0.2842608392238617,0.6793780326843262,-0.00992591306567192,0.6224745512008667,0.2928333282470703,0.31231042742729187,4.02278254032135,0.3191796541213989,7.4166669845581055,1698.77458933
0.00011390625000000003,0.06630612909793854,0.6666667461395264,1784483915.18285,1.770125389099121,41862,0.35189372301101685,1657,2.053868055343628,0.20381209254264832,0.08874581754207611,3.1145200729370117,0.0833333358168602,1.2083333730697632,,11.689162831902504,-0.017287936061620712,12.224284172058105,454.89,0.6086446642875671,-0.008403890392219181,0.28841257095336914,-0.558977484703064,0.3376387059688568,0.6643104553222656,0.05323448404669762,0.42494329810142517,0.5416666865348816,0.9179023504257202,0.03492401745170355,0.2842336893081665,0.7798805236816406,-0.009002270177006721,0.6214180588722229,0.2943882942199707,0.31942018866539,4.026985788345337,0.3263787031173706,7.7916669845581055,1701.358315861
0.00011390625000000003,0.06725272536277771,0.6666667461395264,1784483917.77642,1.5806201696395874,39688,0.34514325857162476,1658,2.1653518676757812,0.17011825740337372,0.08299070596694946,2.6652746200561523,0.0416666679084301,1.0416667461395264,,11.08938878417015,-0.020838774740695953,10.328462600708008,439.65,0.6156193614006042,-0.008880345290526748,0.24296987056732178,-0.5585747957229614,0.3426816463470459,0.6047672629356384,0.054747920483350754,0.4241182506084442,0.6666666865348816,0.747900664806366,0.03319705305621028,0.2840783894062042,0.6785343885421753,-0.009146367199718952,0.6210857629776001,0.31154346466064453,0.32308709621429443,4.017861771583557,0.33196863532066345,7.25,1703.802102613
7.593750000000002e-05,0.06877429783344269,0.6666667461395264,1784483920.2113154,1.6708616018295288,42211,0.37998220324516296,1659,2.036196231842041,0.17791759967803955,0.0836091861128807,2.9452109336853027,0.0416666679084301,1.25,,11.447794288992881,-0.017157534137368202,10.967094421386719,446.84,0.6080020070075989,-0.009475845331326126,0.2595420479774475,-0.5537159442901611,0.33850547671318054,0.6206037402153015,0.05301715433597565,0.424024760723114,0.625,0.8580855131149292,0.03483335040509701,0.2842596173286438,0.7319927215576172,-0.009264916181564331,0.6194926500320435,0.2926466464996338,0.32020002603530884,4.0138942956924435,0.3284284472465515,7.583333492279053,1706.438265142
0.00011390625000000003,0.06777212023735046,0.6666667461395264,1784483922.8517187,1.5758274793624878,38878,0.40362995862960815,1660,2.2117788791656494,0.1579650193452835,0.07849498838186264,2.7659249305725098,0.0,1.3333333730697632,,11.85633949458599,-0.019885417073965073,10.856191635131836,465.14,0.6150197982788086,-0.0075744456931715835,0.22793464362621307,-0.5596145987510681,0.34182602167129517,0.5636680722236633,0.05390012264251709,0.4250844120979309,0.4166666865348816,0.7612509727478027,0.03214486474171281,0.2842324674129486,0.651887834072113,-0.008250664919614792,0.6196374893188477,0.3167107105255127,0.32133379578590393,4.023469805717468,0.3342505395412445,7.5416669845581055,1708.925953292
7.593750000000002e-05,0.07050895690917969,0.6666667461395264,1784483925.3310337,1.6783050298690796,41352,0.33803969621658325,1661,2.0843634605407715,0.1761326640844345,0.08243843913078308,2.8689441680908203,0.0,1.5,,11.060678669214248,-0.018599390983581543,11.048141479492188,434.97,0.6131648421287537,-0.009187895036302508,0.25208592414855957,-0.5506716966629028,0.34214919805526733,0.5903509855270386,0.05462714284658432,0.4243590235710144,0.6666666865348816,0.7965735793113708,0.03263722425326705,0.2841724455356598,0.6819011569023132,-0.00840314757078886,0.620665967464447,0.29288506507873535,0.3240397572517395,4.01534788608551,0.3347119688987732,8.458333969116211,1711.489618642
7.593750000000002e-05,0.06570793688297272,0.6666667461395264,1784483927.8992395,1.5982348918914795,39942,0.39316004514694214,1662,2.1318399906158447,0.16823279857635498,0.08203572034835815,2.7894885540008545,0.0,1.2916667461395264,,11.868812575340272,-0.01812720112502575,10.686877250671387,460.19,0.6057882905006409,-0.008317595077096484,0.24425944685935974,-0.5527907013893127,0.3368378281593323,0.5605192184448242,0.053793277591466904,0.42518723011016846,0.5,0.7808818817138672,0.031050337571650745,0.28411364555358887,0.6609283685684204,-0.00944740604609251,0.6178871393203735,0.3293123245239258,0.317141592502594,4.013783693313599,0.3262811601161957,7.0,1714.02085157
5.062500000000002e-05,0.07147607952356339,0.6666667461395264,1784483930.4256482,1.5581533908843994,40610,0.3692978322505951,1663,2.131697416305542,0.15609531104564667,0.07602740824222565,2.578956365585327,0.0,0.8333333730697632,,12.136634066700935,-0.019881173968315125,10.146234512329102,464.57,0.6410666704177856,-0.008732279826654121,0.22812265157699585,-0.578539252281189,0.35841768980026245,0.5619840621948242,0.05731802433729172,0.42406177520751953,0.4583333432674408,0.7490333318710327,0.03513294160366058,0.2840597331523895,0.632809042930603,-0.008651474490761757,0.6176127791404724,0.2889518737792969,0.33756017684936523,4.008328604698181,0.3495280146598816,7.5416669845581055,1716.668838366
0.00011390625000000003,0.06600435078144073,0.6666667461395264,1784483933.089143,1.9360008239746094,38615,0.3437430262565613,1664,2.22786283493042,0.19208896160125732,0.09157240390777588,3.1410908699035645,0.0416666679084301,1.5416667461395264,,10.5835321778059,-0.020998015999794006,11.632156372070312,424.23,0.5876478552818298,-0.008818672081270051,0.2758386731147766,-0.5389696359634399,0.32759153842926025,0.6796178817749023,0.05189032852649689,0.4238969683647156,0.625,0.9037941694259644,0.029865776468068362,0.28388044238090515,0.8043849468231201,-0.009996584616601467,0.6197240948677063,0.3178558349609375,0.3087465465068817,4.000063002109528,0.3168689012527466,6.2916669845581055,1719.686413468
0.00011390625000000003,0.06987996399402618,0.6666667461395264,1784483936.158759,1.6564310789108276,33907,0.3729569911956787,1665,2.6051435470581055,0.16404809057712555,0.07825195044279099,2.7788400650024414,0.0416666679084301,1.0416667461395264,"{'path': 'media/videos/video_1665_ae540bf397b6371356cf.mp4', 'size': 1367660.0, '_type': 'video-file', 'sha256': 'ae540bf397b6371356cfb9217757c91a9de2e4ea0384b15814dce2ab1a8acc7d'}",12.066229202672838,-0.016207244247198105,10.926887512207031,462.49,0.6304666996002197,-0.009063626259012381,0.2386581152677536,-0.5676531791687012,0.34895026683807373,0.5805526971817017,0.05484384298324585,0.4249541163444519,0.4166666865348816,0.7806339263916016,0.03415912743657827,0.2839418649673462,0.6856544017791748,-0.008610091172158718,0.6203920245170593,0.29407334327697754,0.33057901263237,3.9900422930717467,0.34071072936058044,7.625,1722.158283334
0.00011390625000000003,0.06161373853683472,0.6666667461395264,1784483938.560662,1.6705163717269897,42489,0.39479750394821167,1666,2.020859956741333,0.1692320704460144,0.08105091750621796,2.6772913932800293,0.0416666679084301,1.4166667461395264,,11.493066166043281,-0.018095720559358597,10.465326309204102,451.8,0.6041805148124695,-0.007875144825084135,0.24821391701698303,-0.5534532070159912,0.3344273269176483,0.5670045614242554,0.05313534662127495,0.4237252473831177,0.5416666865348816,0.7730212211608887,0.035054844617843625,0.2839782238006592,0.6721636056900024,-0.008516211993992329,0.6197647452354431,0.29274916648864746,0.3187442719936371,4.00350604057312,0.3261200785636902,7.75,1724.780017258
0.00011390625000000003,0.06639502942562103,0.6666667461395264,1784483941.190421,1.599440097808838,38957,0.4215773940086365,1667,2.2120401859283447,0.1535077691078186,0.07882235944271088,2.755720615386963,0.0,1.1666667461395264,,11.508211103081702,-0.018380258232355118,10.955172538757324,452.05,0.6202383041381836,-0.008744994488370138,0.23957990109920502,-0.5601335167884827,0.33898788690567017,0.5841698050498962,0.05354999750852585,0.42427223920822144,0.4166666865348816,0.8073531985282898,0.029993920773267745,0.2840234637260437,0.6887725591659546,-0.008466309867799282,0.6194249391555786,0.31133031845092773,0.32602766156196594,3.9993377685546876,0.33083003759384155,6.875,1727.229551052
7.593750000000002e-05,0.0695694163441658,0.6666667461395264,1784483943.6385343,1.4670205116271973,41987,0.38977593183517456,1668,2.054544687271118,0.12531134486198425,0.06900250166654587,2.623188018798828,0.0,0.9166666865348816,,12.388407162129878,-0.02246360294520855,10.715652465820312,479.27,0.639995813369751,-0.008869228690309683,0.20276889204978943,-0.5800578594207764,0.3553398549556732,0.5207068920135498,0.056701287627220154,0.4254719614982605,0.3333333432674408,0.7236930727958679,0.03140490865334868,0.2840938866138458,0.603215217590332,-0.008537842892110348,0.6197404265403748,0.28670310974121094,0.3374457359313965,4.008653354644776,0.3479107618331909,9.083333969116211,1729.834088397
0.00011390625000000003,0.06540600955486298,0.6666667461395264,1784483946.2461112,1.586654543876648,39360,0.46645402908325195,1669,2.180838108062744,0.16423706710338593,0.07951349020004272,2.6311442852020264,0.0833333358168602,1.0,,11.746519057750701,-0.01967017352581024,10.491422653198242,466.3,0.6327700018882751,-0.007708889106288553,0.24441711604595184,-0.5783088207244873,0.35077381134033203,0.5821605920791626,0.05519929528236389,0.42385801672935486,0.4166666865348816,0.7890860438346863,0.03210243731737137,0.2840867340564728,0.6748814582824707,-0.00923262257128954,0.6216811537742615,0.3166618347167969,0.3340754508972168,4.008096408843994,0.3396170139312744,7.1666669845581055,1732.306804796
7.593750000000004e-05,0.06613515317440033,0.6666667461395264,1784483948.706399,1.5416462421417236,41636,0.3963469862937927,1670,2.065465211868286,0.14575538039207458,0.07885196805000305,2.5430946350097656,0.0,1.0,,11.541158289909363,-0.016193244606256485,9.955977439880371,450.69,0.6239297986030579,-0.007332788733765483,0.2281411588191986,-0.5667227506637573,0.3474148213863373,0.5776055455207825,0.05482137203216553,0.4251543879508972,0.625,0.7422372698783875,0.032633747160434726,0.2840491235256195,0.6456303596496582,-0.008266206830739975,0.622305691242218,0.2955448627471924,0.3290030360221863,4.006275653839111,0.3409305810928345,7.625,1734.904450735
7.593750000000002e-05,0.06594298779964447,0.6666667461395264,1784483951.3216558,1.7640794515609741,39313,0.3483535647392273,1671,2.1699345111846924,0.17590007185935974,0.08521862328052521,2.9131011962890625,0.0,1.1666667461395264,,11.34817487001419,-0.023022547364234924,11.330703735351562,448.15,0.611707329750061,-0.007733624053071253,0.2559984624385834,-0.5572971701622009,0.33979690074920654,0.6033447980880737,0.054037027060985565,0.42471325397491455,0.625,0.8198203444480896,0.03136885529384017,0.28407740592956543,0.719373345375061,-0.009745489805936813,0.6235806941986084,0.3305785655975342,0.3225293755531311,4.003886556625366,0.3347063958644867,7.0416669845581055,1737.469352954
7.593750000000002e-05,0.065301813185215,0.6666667461395264,1784483953.8805041,1.6743158102035522,40173,0.34261664748191833,1672,2.150500535964966,0.16312521696090698,0.07795704901218414,2.8694071769714355,0.0416666679084301,0.9583333730697632,,12.32973482698202,-0.02140742540359497,11.48320198059082,477.99,0.6280165314674377,-0.007080857548862696,0.2397972047328949,-0.5729427337646484,0.349337100982666,0.566860020160675,0.055773355066776276,0.42435282468795776,0.5,0.783210039138794,0.030272529274225236,0.28396421670913696,0.6863480806350708,-0.00848869513720274,0.6234963536262512,0.29645586013793945,0.33206722140312195,3.998823821544647,0.34328925609588623,8.041666984558105,1740.152925768
7.593750000000002e-05,0.06648395955562592,0.6666667461395264,1784483956.5639534,1.8068065643310547,38212,0.37475651502609253,1673,2.2622058391571045,0.17962050437927246,0.08448231220245361,2.8002402782440186,0.0,0.9166666865348816,,11.609812336526812,-0.01988329365849495,10.570865631103516,450.36,0.6091236472129822,-0.007590106726274826,0.25530046224594116,-0.5570169687271118,0.34087345004081726,0.6464893221855164,0.05514921247959137,0.4248184859752655,0.5416666865348816,0.8004886507987976,0.03738060705363751,0.2838805317878723,0.7193765044212341,-0.009028153494000435,0.6246384382247925,0.31037211418151855,0.3196711540222168,3.9873032689094545,0.3334324359893799,7.875,1742.760469373
7.593750000000002e-05,0.06472474336624146,0.6666667461395264,1784483959.170279,1.8917608261108398,39364,0.3906291425228119,1674,2.1688013076782227,0.1860014647245407,0.08615756034851074,3.0347039699554443,0.0,1.2916667461395264,,11.413939484357833,-0.024668168276548386,11.738117218017578,455.4,0.6028590202331543,-0.007876680343179033,0.25688356161117554,-0.5517367720603943,0.33067458868026733,0.6032759547233582,0.052580825984478,0.4263265132904053,0.5,0.8387167453765869,0.03483651578426361,0.28380706906318665,0.7205618619918823,-0.009746338240802288,0.623717188835144,0.328474760055542,0.3175736367702484,3.981369984149933,0.3273521363735199,7.125,1745.338344222
7.593750000000002e-05,0.0669640600681305,0.6666667461395264,1784483961.7438912,1.6274303197860718,39796,0.4113571345806122,1675,2.1733641624450684,0.15420788526535034,0.07599827647209167,2.7355570793151855,0.0416666679084301,1.2083333730697632,,12.000133978128433,-0.023170283064246178,10.825399398803711,472.49,0.633810818195343,-0.007531936647137627,0.2284172624349594,-0.576470673084259,0.3484766185283661,0.5497691631317139,0.05617586895823479,0.4268108010292053,0.375,0.7826692461967468,0.029343106970191,0.2837072014808655,0.6609598994255066,-0.007534962147474289,0.6241991519927979,0.29679179191589355,0.33571624755859375,3.972854220867157,0.3426663279533386,7.875,1747.85741348
7.593750000000002e-05,0.06304959952831268,0.6666667461395264,1784483964.2683039,1.649721622467041,40676,0.3813198506832123,1676,2.0828731060028076,0.18607696890830994,0.0854804664850235,2.9349098205566406,0.0833333358168602,1.25,,12.01172920420766,-0.020719215273857117,11.287422180175781,467.61,0.6100473999977112,-0.007916101976297796,0.2637745141983032,-0.5572713613510132,0.33716392517089844,0.5900585651397705,0.053710710257291794,0.4266718327999115,0.4583333432674408,0.8481547236442566,0.030388155672699212,0.2836056351661682,0.7025846838951111,-0.008798005059361458,0.6247352361679077,0.33385157585144043,0.32095128297805786,3.9625544786453246,0.3353678584098816,7.208333492279053,1750.428164726
0.00011390625000000003,0.06620841473340988,0.6666667461395264,1784483966.8359473,1.6508115530014038,39905,0.3551020622253418,1677,2.1752002239227295,0.15859541296958923,0.07945039123296738,2.5956027507781982,0.0,0.875,,11.583174122571945,-0.020111627876758575,10.086257934570312,456.28,0.6329028606414795,-0.0075860143639147285,0.22718140482902527,-0.5759967565536499,0.35024493932724,0.5764533877372742,0.05586082488298416,0.4269044101238251,0.625,0.7482396960258484,0.03179820282384753,0.2835422456264496,0.6579557657241821,-0.008692562580108643,0.6241085529327393,0.2881953716278076,0.3331438899040222,3.951692724227905,0.3445780277252197,7.333333492279053,1752.961578126
0.00011390625000000003,0.06315179914236069,0.6666667461395264,1784483969.3837063,1.612041711807251,40514,0.4119529128074646,1678,2.1095728874206543,0.18616335093975067,0.08700444549322128,2.827380657196045,0.0,1.1666667461395264,,11.123953217081725,-0.017339978367090225,10.785089492797852,442.46,0.6108936071395874,-0.008767071989132092,0.25633394718170166,-0.5584976077079773,0.3380967378616333,0.6118078231811523,0.053947970271110535,0.42449721693992615,0.7916666865348816,0.818507194519043,0.03652961570769549,0.2835294306278229,0.7146066427230835,-0.009133221581578255,0.6257935166358948,0.31680989265441895,0.32159972190856934,3.9497352957725527,0.32881292700767517,7.9166669845581055,1755.656334974
7.593750000000002e-05,0.06666930019855499,0.6666667461395264,1784483972.0701592,1.6268342733383179,38202,0.3539937436580658,1679,2.269105911254883,0.16885828971862793,0.08137982338666916,2.783977508544922,0.0416666679084301,1.2083333730697632,,11.518537440598012,-0.021599747240543365,10.529533386230469,451.99,0.6187913417816162,-0.008510541403666139,0.246127650141716,-0.5642334222793579,0.3492341935634613,0.5940806269645691,0.05651886388659477,0.4230801463127136,0.5416666865348816,0.8069685697555542,0.027599946316331624,0.28351467847824097,0.696107029914856,-0.009312925860285759,0.624077320098877,0.30416035652160645,0.32513538002967834,3.9495665550231935,0.3410882353782654,7.1666669845581055,1758.120904039
0.00011390625000000003,0.07077158987522125,0.6666667461395264,1784483974.52266,1.6339285373687744,41778,0.34660884737968445,1680,2.0657496452331543,0.18189719319343567,0.08046538382768631,2.837909698486328,0.0,1.2083333730697632,,11.430997707620262,-0.01919308304786682,11.283534049987793,446.23,0.6221169233322144,-0.008307409127883147,0.24881772696971893,-0.5664442777633667,0.3466850519180298,0.5969324111938477,0.054943814873695374,0.4215596914291382,0.4166666865348816,0.8317581415176392,0.034416881203651425,0.28337356448173523,0.7068800926208496,-0.009400878101587296,0.6231074333190918,0.28724169731140137,0.32797902822494507,3.937472426891327,0.33981233835220337,7.1666669845581055,1760.708962795
7.593750000000002e-05,0.06882448494434357,0.6666667461395264,1784483977.128368,1.6057162284851074,39493,0.3560633659362793,1681,2.176211357116699,0.15502440929412842,0.07805062085390091,2.791842460632324,0.1666666716337204,0.7083333730697632,,11.94579656392336,-0.020568331703543663,10.781791687011719,464.86,0.6421497464179993,-0.00866466693696566,0.2319161593914032,-0.5804082751274109,0.356367826461792,0.5777604579925537,0.056967996060848236,0.42209529876708984,0.2916666865348816,0.7961561679840088,0.03027977030724287,0.2830817699432373,0.6766470670700073,-0.009132194332778454,0.6217502355575562,0.3128998279571533,0.33944422006607056,3.9113685369491575,0.34968623518943787,8.208333969116211,1763.21739786
0.00011390625000000003,0.06736181676387787,0.6666667461395264,1784483979.6206417,1.6214118003845215,41180,0.35594409704208374,1682,2.091482162475586,0.1504785120487213,0.07493851333856583,2.686016798019409,0.125,1.2916667461395264,,11.341344590336085,-0.021022429689764977,10.7244291305542,446.34,0.6214452981948853,-0.008281880641152383,0.22119173407554626,-0.5613336563110352,0.3439248502254486,0.5132932662963867,0.05476255342364311,0.4243707060813904,0.375,0.7559875249862671,0.03226294694468379,0.283049076795578,0.62283855676651,-0.008189873769879341,0.6217961311340332,0.29566478729248047,0.3273200988769531,3.894667959213257,0.33908915519714355,8.75,1765.811064849
7.593750000000002e-05,0.06508743017911911,0.6666667461395264,1784483982.2263572,1.854856014251709,39423,0.3579774796962738,1683,2.1781537532806396,0.19027313590049744,0.08884906023740768,2.892012596130371,0.0,1.0,,11.414252070048825,-0.016717834398150444,11.030576705932617,440.9,0.6125088930130005,-0.009347870643250645,0.26591336727142334,-0.5505224466323853,0.33573293685913086,0.6040050387382507,0.053692396730184555,0.4238799512386322,0.6666666865348816,0.8371374011039734,0.033897051401436326,0.28282833099365234,0.7185438871383667,-0.009550368413329124,0.622994065284729,0.31540966033935547,0.3217865228652954,3.8829253554344176,0.33268967270851135,6.625,1768.348706396
0.00011390625000000003,0.06946836411952972,0.6666667461395264,1784483984.7509744,1.8114985227584839,40613,0.36976489424705505,1684,2.1273272037506104,0.18616285920143127,0.08654071390628815,2.9146668910980225,0.0,1.3333333730697632,,11.056835831999779,-0.01886722818017006,11.789054870605469,432.7,0.6023772954940796,-0.007837188767734916,0.2650063931941986,-0.5500596761703491,0.3372012972831726,0.6487888693809509,0.05403345823287964,0.4232047498226166,0.4583333432674408,0.8741064071655273,0.029552382975816728,0.2826201319694519,0.7489217519760132,-0.010364667512476444,0.6238229870796204,0.2931358814239502,0.3171936571598053,3.861232542991638,0.32989174127578735,6.5,1770.980207005
0.00011390625000000003,0.06662601232528687,0.6666667461395264,1784483987.3887396,1.687484622001648,38814,0.3772750794887543,1685,2.2066123485565186,0.17013615369796753,0.0811963900923729,2.7624473571777344,0.0833333358168602,0.9166666865348816,,11.758098318874836,-0.02174936793744564,10.806487083435059,461.86,0.6270920038223267,-0.009124622119998094,0.24882346391677856,-0.5737654566764832,0.3494985103607178,0.622390627861023,0.05607015639543533,0.42268404364585876,0.5416666865348816,0.8160598278045654,0.03172391979023814,0.2824142575263977,0.7216377258300781,-0.009789194911718369,0.6262456178665161,0.3260209560394287,0.3300415873527527,3.832072925567627,0.34161871671676636,6.833333492279053,1774.058670568
0.00011390625000000003,0.0703050047159195,0.6666667461395264,1784483990.5516636,1.516061544418335,33076,0.3861234188079834,1686,2.673975944519043,0.13012342154979706,0.07011381536722183,2.5172879695892334,0.0,1.0,"{'sha256': 'bd7578d769d2b067a5870ebe032a6abefcd10ec46342835667a7deefc195b6b3', 'path': 'media/videos/video_1686_bd7578d769d2b067a587.mp4', 'size': 1725520.0, '_type': 'video-file'}",12.343622725307942,-0.01791069097816944,10.174468994140625,475.47,0.642403244972229,-0.008915965241612867,0.1980854719877243,-0.5800648331642151,0.3565990924835205,0.50761479139328,0.056962862610816956,0.4237128496170044,0.3333333432674408,0.7046108245849609,0.031372949667274955,0.2824242115020752,0.5938832759857178,-0.009008107706904411,0.6258679628372192,0.29801249504089355,0.3397122323513031,3.82879433631897,0.35217684507369995,7.75,1776.615003577
0.00011390625000000003,0.06593655794858932,0.6666667461395264,1784483993.0167112,1.6822290420532227,41355,0.3881256580352783,1687,2.0773696899414062,0.1733713001012802,0.08119997382164001,2.885831832885742,0.0,1.0416667461395264,,11.60698295146227,-0.019441936165094376,11.31828498840332,453.53,0.6226303577423096,-0.008378454815829172,0.24977676570415497,-0.5639450550079346,0.34384068846702576,0.5989704132080078,0.055288463830947876,0.4230043888092041,0.6666666865348816,0.8255995512008667,0.031101982574909925,0.2822204828262329,0.7055758237838745,-0.009362984448671341,0.6275821924209595,0.29965949058532715,0.328309029340744,3.8196887731552125,0.3411162793636322,8.208333969116211,1779.229949966
0.00011390625000000003,0.06712062656879425,0.6666667461395264,1784483995.6390653,1.6358716487884521,39060,0.40017664432525635,1688,2.2106850147247314,0.16787269711494446,0.08136757463216782,2.7421298027038574,0.0416666679084301,1.3333333730697632,,11.67419775724411,-0.018498633056879044,10.66091251373291,453.04,0.6240453124046326,-0.008590948313940316,0.25023025274276733,-0.5619502067565918,0.34835219383239746,0.5877158641815186,0.05621124431490898,0.4204365909099579,0.5416666865348816,0.8139893412590027,0.037785650976002214,0.2820661664009094,0.6791945695877075,-0.009256594814360142,0.6291717886924744,0.3060436248779297,0.3286077082157135,3.800988483428955,0.34331202507019043,7.6666669845581055,1781.672712764
0.00011390625000000003,0.06505414843559265,0.6666667461395264,1784483998.078094,1.7194929122924805,42071,0.3719789981842041,1689,2.0347464084625244,0.1734628677368164,0.08440583944320679,2.793637990951538,0.0,1.4583333730697632,,11.955284884274006,-0.022297559306025505,11.148155212402344,457.95,0.6109271049499512,-0.008860404673032462,0.2514709234237671,-0.5515124797821045,0.33898216485977173,0.5754563212394714,0.05498884245753288,0.41978538036346436,0.5833333730697632,0.8248887062072754,0.03701202105730772,0.2820923626422882,0.6818107962608337,-0.008625396527349949,0.6292362809181213,0.3018608093261719,0.32197731733322144,3.7976138591766357,0.3305566906929016,8.166666984558105,1784.328945269
7.593750000000002e-05,0.06288554519414902,0.6666667461395264,1784484000.7396915,1.775558352470398,38518,0.3808242678642273,1690,2.2441537380218506,0.20681938529014587,0.09219732135534286,2.9428558349609375,0.0833333358168602,1.7083333730697632,,11.578064965680241,-0.017004230991005898,11.367088317871094,444.95,0.5937787890434265,-0.00725370665313676,0.28274402022361755,-0.5360136032104492,0.32863789796829224,0.6658411622047424,0.05259827524423599,0.4196723699569702,0.7916666865348816,0.8729881644248962,0.03435028251260519,0.2820405960083008,0.758274257183075,-0.008943187072873116,0.6284422874450684,0.3079841136932373,0.3130955100059509,3.7956650972366335,0.3251725137233734,7.458333492279053,1786.807311906
7.593750000000002e-05,0.06451674550771713,0.6666667461395264,1784484003.2112603,1.7464056015014648,41489,0.3613344430923462,1691,2.0787618160247803,0.1810179203748703,0.08658924698829651,2.8915107250213623,0.0,1.1666667461395264,,11.526827118992806,-0.01670670323073864,11.001171112060547,447.43,0.6225519180297852,-0.007940941210836171,0.2593153417110443,-0.5605419278144836,0.34418678283691406,0.5985289216041565,0.05532955750823021,0.4188656210899353,0.4583333432674408,0.8645064830780029,0.03142921552062035,0.2819984555244446,0.7160674929618835,-0.008528042584657669,0.6298303604125977,0.2906336784362793,0.3271554410457611,3.789403021335602,0.338981032371521,7.458333492279053,1789.272504036
0.00011390625000000003,0.07194527983665466,0.6666667461395264,1784484005.6810787,1.583823561668396,41600,0.35662341117858887,1692,2.0764923095703125,0.14809827506542206,0.07687612622976303,2.7813363075256348,0.0416666679084301,0.9166666865348816,,11.889894918948412,-0.01867706887423992,11.17492961883545,456.82,0.6393402218818665,-0.007720258529298007,0.23003332316875458,-0.571969211101532,0.35572633147239685,0.6119515895843506,0.05732962489128113,0.41910964250564575,0.4583333432674408,0.8027409315109253,0.03390748184174299,0.28206613659858704,0.699925422668457,-0.00867827795445919,0.6295055747032166,0.28653883934020996,0.337038516998291,3.7885297536849976,0.3505479693412781,7.2916669845581055,1791.898398426
7.593750000000002e-05,0.06919365376234055,0.6666667461395264,1784484008.318734,1.7242578268051147,39008,0.38380929827690125,1693,2.224029541015625,0.17713740468025208,0.08472248911857605,2.8025174140930176,0.0416666679084301,1.2083333730697632,,11.641786180734634,-0.017670169472694397,10.983043670654297,455.63,0.6169775128364563,-0.008477663033409044,0.25961238145828247,-0.5523686408996582,0.3444652557373047,0.6349315643310547,0.05610153079032898,0.4183034598827362,0.5833333730697632,0.8112915754318237,0.03033914156258106,0.2820442318916321,0.7308878302574158,-0.009561966173350811,0.630582332611084,0.29600977897644043,0.32456541061401367,3.7904282569885255,0.33556076884269714,7.708333492279053,1794.664981344
7.593750000000002e-05,0.07006019353866577,0.6666667461395264,1784484011.077763,1.661254644393921,37146,0.386759489774704,1694,2.3357760906219482,0.18796861171722412,0.08336973190307617,2.7105908393859863,0.0833333358168602,0.9583333730697632,,12.160162760317325,-0.018021609634160995,10.363479614257812,464.55,0.6250914931297302,-0.007902665718575008,0.25751224160194397,-0.5610283613204956,0.3529692590236664,0.6272110342979431,0.05726328492164612,0.4164043664932251,0.5416666865348816,0.7837788462638855,0.03385646995157003,0.28190574049949646,0.7020635008811951,-0.009388277307152748,0.6320502758026123,0.31062769889831543,0.32812365889549255,3.7814968109130858,0.34462612867355347,7.4166669845581055,1797.321616474
0.00011390625000000003,0.06899672746658325,0.6666667461395264,1784484013.7435687,1.6446433067321777,38598,0.3874184489250183,1695,2.228954553604126,0.16125601530075073,0.0757804661989212,2.7217354774475098,0.125,0.9583333730697632,,11.70567869067192,-0.01865421049296856,10.812785148620605,453.7,0.6218510270118713,-0.00817066000890918,0.2362893521785736,-0.5635287761688232,0.342654824256897,0.534833550453186,0.055351268500089645,0.4133254289627075,0.2916666865348816,0.7877177000045776,0.03530854769051075,0.2816900610923767,0.6556600332260132,-0.00960612203925848,0.6321560144424438,0.31788110733032227,0.3262796103954315,3.7620558738708496,0.3416922986507416,7.4166669845581055,1799.937697046
0.00011390625000000003,0.07118135690689087,0.6666667461395264,1784484016.3395658,1.746429204940796,39398,0.3368372917175293,1696,2.198817014694214,0.18791262805461884,0.08893363922834396,2.9245619773864746,0.125,1.2916667461395264,,11.72150211930275,-0.02089221403002739,11.114215850830078,444.74,0.617534875869751,-0.00883132116869092,0.2740401327610016,-0.5535238981246948,0.3462476432323456,0.6251779198646545,0.05585600435733795,0.4113360643386841,0.75,0.8594170808792114,0.033955742791295054,0.28173092007637024,0.7166739702224731,-0.008945470675826073,0.6328991651535034,0.29632997512817383,0.3249776363372803,3.753067207336426,0.3391459882259369,7.458333492279053,1802.480271024
0.00011390625000000003,0.06576201319694519,0.6666667461395264,1784484018.8886135,1.5367000102996826,40218,0.3997533321380615,1697,2.1563808917999268,0.1545364111661911,0.07845920324325562,2.642155408859253,0.0,1.3333333730697632,,11.604240167886019,-0.017775915563106537,10.487613677978516,453.66,0.621231198310852,-0.008730282657779753,0.22820250689983368,-0.5605024695396423,0.3434518277645111,0.5205790996551514,0.05619480460882187,0.40888094902038574,0.5,0.7495126128196716,0.03228681506589055,0.2816762924194336,0.6260563135147095,-0.009351255372166634,0.634474515914917,0.2878401279449463,0.325865238904953,3.751195657253265,0.3383277356624603,7.708333492279053,1805.0768155
0.00011390625000000003,0.07269684970378876,0.6666667461395264,1784484021.4747293,1.5735843181610107,39481,0.34232959151268005,1698,2.189098834991455,0.14067067205905914,0.07093983143568039,2.5438761711120605,0.0,1.0833333730697632,,11.979800205677748,-0.016623560339212418,9.770759582519531,453.84,0.6345677971839905,-0.008585216124265571,0.2092234343290329,-0.5615441799163818,0.35486650466918945,0.535764217376709,0.058229684829711914,0.40813112258911133,0.2916666865348816,0.7242177724838257,0.030094930063933135,0.2814130485057831,0.6036059260368347,-0.008398737758398056,0.6347116231918335,0.300783634185791,0.3332486152648926,3.737480127811432,0.3498515784740448,7.458333492279053,1807.627142431
0.00011390625000000003,0.06937950849533081,0.6666667461395264,1784484024.0345795,1.4823087453842163,40016,0.3886125087738037,1699,2.1688735485076904,0.15088652074337006,0.07509860396385193,2.5355987548828125,0.0,0.9166666865348816,,11.880226050615311,-0.016156774014234543,9.965126991271973,461.97,0.6335952877998352,-0.008155921736033633,0.22537414729595184,-0.5692121386528015,0.3520393371582031,0.5378661155700684,0.05752981826663017,0.4096618592739105,0.5,0.7397248148918152,0.034446434769779447,0.2816460430622101,0.609433114528656,-0.009046493098139763,0.6342068910598755,0.2876865863800049,0.3326791822910309,3.729009735584259,0.3455810546875,7.958333492279053,1810.269673487
7.593750000000002e-05,0.06676176935434341,0.6666667461395264,1784484026.6777985,1.7281392812728882,38727,0.33919817209243774,1700,2.2319014072418213,0.1796962469816208,0.08275646716356277,2.792970657348633,0.0,1.375,,11.54311876475811,-0.014154953882098198,10.781286239624023,441.27,0.6068872213363647,-0.008587726675614249,0.24940738081932068,-0.545357346534729,0.3369010388851166,0.5719922780990601,0.05555054172873497,0.4087580144405365,0.5416666865348816,0.8100314140319824,0.03660088870674372,0.2818533480167389,0.673376739025116,-0.009113708510994911,0.6356042623519897,0.30647921562194824,0.3195427358150482,3.7611215829849245,0.33237701654434204,6.9166669845581055,1812.742730857
7.593750000000002e-05,0.06413701176643372,0.6666667461395264,1784484029.1512227,1.8044285774230957,41511,0.37583398818969727,1701,2.0768699645996094,0.18718034029006958,0.0844571441411972,2.8812971115112305,0.0833333358168602,1.125,,10.654114235788583,-0.017870189622044563,11.214546203613281,426.25,0.6027163863182068,-0.008197487896541133,0.258670836687088,-0.5432157516479492,0.3357331156730652,0.6026800870895386,0.05454619973897934,0.4086499810218811,0.6666666865348816,0.8146885633468628,0.03547956757247448,0.2819151282310486,0.7045814990997314,-0.010085014626383781,0.6374927759170532,0.2912590503692627,0.3164231777191162,3.7697081446647642,0.3289615511894226,7.333333492279053,1815.235928776
7.593750000000002e-05,0.06698789447546005,0.6666667461395264,1784484031.6454625,1.5582160949707031,41203,0.3399896025657654,1702,2.0943217277526855,0.16157254576683044,0.07564263790845871,2.547253131866455,0.0416666679084301,1.0,,11.902653151154517,-0.016586720943450928,10.000003814697266,455.91,0.6239417791366577,-0.0069518651755061,0.2274266928434372,-0.5569157004356384,0.3480238616466522,0.5513299107551575,0.05704088509082794,0.4088008403778076,0.5,0.7246901392936707,0.030050556641072035,0.28186312317848206,0.6260459423065186,-0.009560652077198029,0.6368629932403564,0.2915186882019043,0.32603687047958374,3.7709964156150817,0.3399406373500824,8.125,1817.852650092
0.00011390625000000003,0.06858153641223907,0.6666667461395264,1784484034.2582073,1.5484651327133179,39183,0.3783054053783417,1703,2.186755418777466,0.15076862275600433,0.07338498532772064,2.631291627883911,0.0,0.9166666865348816,,11.631419052630664,-0.019320543855428696,10.354473114013672,450.55,0.644017219543457,-0.008038381824735551,0.2232218086719513,-0.5720831751823425,0.3587685227394104,0.5602916479110718,0.05919468030333519,0.40895599126815796,0.4583333432674408,0.7549809217453003,0.034390687569975854,0.28179436922073364,0.6353573799133301,-0.010618351399898529,0.6361454129219055,0.3220632076263428,0.3376995921134949,3.760061538219452,0.35182321071624756,8.708333969116211,1820.427616864
0.00011390625000000003,0.07419406622648239,0.6666667461395264,1784484036.8320985,1.71708083152771,39760,0.32000645995140076,1704,2.1683731079101562,0.17776623368263245,0.07976972311735153,2.655113697052002,0.0833333358168602,1.0,,11.240432568639516,-0.019363094121217728,10.283255577087402,436.54,0.6152344942092896,-0.00814504164736718,0.24685057997703552,-0.5467111468315125,0.34729665517807007,0.5669121742248535,0.05669572949409485,0.4094637632369995,0.5,0.7829734683036804,0.030486821196973324,0.2817709445953369,0.6590682864189148,-0.009622806683182716,0.6360812783241272,0.3040609359741211,0.32173383235931396,3.757836127281189,0.3384333848953247,6.458333492279053,1822.948892835
0.00011390625000000003,0.06549682468175888,0.6666667461395264,1784484039.3493578,1.6107516288757324,40614,0.37408217787742615,1705,2.127168655395508,0.16669532656669617,0.07758598774671555,2.7518603801727295,0.0,0.9583333730697632,,11.583326755166054,-0.016304537653923035,10.661741256713867,454.66,0.6263847351074219,-0.00882012828178631,0.23825888335704803,-0.5573002696037292,0.3443089723587036,0.5332690477371216,0.05576920509338379,0.408527135848999,0.5,0.7976705431938171,0.03310868069529534,0.2818223834037781,0.653038501739502,-0.009146388620138168,0.6372665762901306,0.29323840141296387,0.3281835615634918,3.7537968516349793,0.336824893951416,7.0416669845581055,1825.695244942
0.00011390625000000003,0.06690074503421783,0.6666667461395264,1784484042.102502,1.682594656944275,37106,0.36378610134124756,1706,2.338390350341797,0.16161996126174927,0.08141451328992844,2.814459800720215,0.0,1.375,,11.25501186273992,-0.01854109764099121,10.988409042358398,445.92,0.5966123342514038,-0.008630065660690888,0.2427455484867096,-0.5414697527885437,0.3295538127422333,0.6213873624801636,0.05399079620838165,0.4095310568809509,0.5833333730697632,0.804278552532196,0.03243786264210939,0.28166159987449646,0.7009788751602173,-0.009943731129169464,0.635999858379364,0.31084108352661133,0.313216894865036,3.7536041259765627,0.323681116104126,7.083333492279053,1828.767976318
0.00011390625000000003,0.06552132219076157,0.6666667461395264,1784484045.2467618,1.590991735458374,33094,0.39473825693130493,1707,2.6846413612365723,0.16652387380599976,0.07915479689836502,2.7637298107147217,0.0,0.9583333730697632,"{'path': 'media/videos/video_1707_47492eba10c84aceea9e.mp4', 'size': 1533414.0, '_type': 'video-file', 'sha256': '47492eba10c84aceea9e7bd8dab161af42e47eac78c5da52afee62129b9096cf'}",11.61161849796772,-0.016196170821785927,10.740747451782227,449.53,0.6307691335678101,-0.008376000868156552,0.24032923579216003,-0.5609604120254517,0.3441101908683777,0.5689912438392639,0.05721016228199005,0.41043198108673096,0.5833333730697632,0.7786343097686768,0.029175121802836657,0.28141117095947266,0.6437966227531433,-0.01010768860578537,0.6357201337814331,0.28580379486083984,0.33034515380859375,3.7281202912330627,0.3410925269126892,7.833333492279053,1831.554091615
0.00011390625000000003,0.06992342323064804,0.6666667461395264,1784484047.9573886,1.505373239517212,37528,0.3743148744106293,1708,2.305377960205078,0.13346940279006958,0.06749329715967178,2.6091198921203613,0.0416666679084301,0.75,,12.023975768685341,-0.015777980908751488,10.663122177124023,466.48,0.6319246292114258,-0.00859659859634121,0.2042090892791748,-0.5686477422714233,0.349496066570282,0.5041447877883911,0.05801109969615936,0.4118894040584564,0.1666666716337204,0.7431254386901855,0.030370374489575625,0.28150418400764465,0.597614049911499,-0.00937692727893591,0.6348440051078796,0.31404566764831543,0.331516832113266,3.7228081822395325,0.3449437618255615,7.5,1834.03925646
0.00011390625000000003,0.07014700770378113,0.6666667461395264,1784484050.4472268,1.6390724182128906,41253,0.3770516812801361,1709,2.08821439743042,0.18110665678977966,0.0841154083609581,2.71317195892334,0.0833333358168602,1.0,,11.676050969511271,-0.024026092141866684,10.470430374145508,452.51,0.6195669174194336,-0.009305475611472502,0.2517939805984497,-0.5568875074386597,0.3375680446624756,0.562353253364563,0.05586303770542145,0.41199302673339844,0.4583333432674408,0.7864550352096558,0.031248140148818493,0.28144705295562744,0.649692177772522,-0.0114801786839962,0.6367612481117249,0.29469776153564453,0.3250567317008972,3.7269541740417482,0.3330635130405426,8.0,1836.652890066
0.00011390625000000003,0.06730449944734573,0.6666667461395264,1784484053.0546565,1.6721299886703491,39225,0.363467276096344,1710,2.190366268157959,0.1625012755393982,0.0785030946135521,2.7919108867645264,0.0,1.2083333730697632,,11.122190109789372,-0.017369549721479416,10.716730117797852,435.56,0.6178692579269409,-0.00902101387619041,0.24507133662700653,-0.5579270124435425,0.34383541345596313,0.618755578994751,0.057213328778743744,0.41115498542785645,0.5833333730697632,0.8137511014938354,0.03532698657363653,0.2813439667224884,0.7051841616630554,-0.010710682719945908,0.638674795627594,0.3157494068145752,0.3239685595035553,3.7127546072006226,0.3378300666809082,8.375,1839.098833114
0.00011390625000000003,0.06768118590116501,0.6666667461395264,1784484055.497767,1.56430983543396,41867,0.40376922488212585,1711,2.0574522018432617,0.16089817881584167,0.07757174223661423,2.6130614280700684,0.0,0.9583333730697632,,11.909158894717693,-0.01695176586508751,10.402322769165039,458.67,0.6305687427520752,-0.008116699205129408,0.23746713995933533,-0.5645731687545776,0.3477802276611328,0.5778905153274536,0.057700421661138535,0.41225001215934753,0.5,0.797440230846405,0.03135096393525601,0.2812972068786621,0.6582989692687988,-0.009408431127667427,0.6388834118843079,0.2905123233795166,0.33082032203674316,3.7067809224128725,0.33998534083366394,8.166666984558105,1841.663324601
0.00011390625000000003,0.06819836795330048,0.6666667461395264,1784484058.081006,1.7900304794311523,39805,0.3883671760559082,1712,2.1642966270446777,0.19010135531425476,0.08308717608451843,2.8588929176330566,0.125,1.125,,11.940843324847519,-0.018764566630125046,11.232830047607422,453.04,0.6151637434959412,-0.008652395301032812,0.26583316922187805,-0.5523405075073242,0.34080857038497925,0.6175367832183838,0.0561649352312088,0.41122978925704956,0.4166666865348816,0.847251296043396,0.029249214660376312,0.28119993209838867,0.7202305793762207,-0.010644899681210518,0.6387642025947571,0.3052957057952881,0.323300302028656,3.6970574021339417,0.33337467908859253,7.875,1844.149501487
7.593750000000002e-05,0.07240097969770432,0.6666667461395264,1784484060.547563,1.5392954349517822,41500,0.3490515649318695,1713,2.0733258724212646,0.1557890772819519,0.07520988583564758,2.582253932952881,0.0416666679084301,0.7083333730697632,,11.907432554662227,-0.019572513177990913,10.151546478271484,452.94,0.6440421342849731,-0.008209221524884925,0.23145928978919983,-0.5702835321426392,0.36041969060897827,0.5467455387115479,0.060009829699993134,0.41006967425346375,0.4583333432674408,0.7627735137939453,0.03328273799270391,0.28132107853889465,0.6236686110496521,-0.01061493344604969,0.6389522552490234,0.29540205001831055,0.33707043528556824,3.700786864757538,0.3506002426147461,7.25,1846.58708253
0.00011390625000000003,0.06973695009946823,0.6666667461395264,1784484062.9822958,1.5580880641937256,41972,0.3792280852794647,1714,2.03623104095459,0.1447974145412445,0.07141178846359253,2.559737205505371,0.125,0.75,,11.890234598219395,-0.019825123250484467,10.28736686706543,455.84,0.639875054359436,-0.008420655368172447,0.22035661339759827,-0.5713140368461609,0.3542976975440979,0.5386331081390381,0.059451185166835785,0.410614937543869,0.2083333432674408,0.7427186965942383,0.03214438818395138,0.28135213255882263,0.6122665405273438,-0.009781251661479473,0.6392456889152527,0.3058803081512451,0.3352385461330414,3.7091733813285828,0.34769076108932495,8.25,1849.212313032
7.593750000000002e-05,0.07218227535486221,0.6666667461395264,1784484065.6225061,1.667885661125183,38804,0.35172221064567566,1715,2.2222304344177246,0.1786291003227234,0.08226305991411209,2.8750486373901367,0.0,0.7916666865348816,,12.08078567713499,-0.017833104357123375,11.000750541687012,458.04,0.6410791873931885,-0.009192862350028008,0.2530292272567749,-0.5726390480995178,0.3553120493888855,0.5903188586235046,0.059482984244823456,0.41081780195236206,0.4166666865348816,0.824781596660614,0.031012271717190742,0.28114086389541626,0.7174989581108093,-0.010114755481481552,0.639814019203186,0.31107211112976074,0.33417829871177673,3.6987624168395996,0.3491346836090088,7.125,1851.678217368
0.00011390625000000003,0.0722867026925087,0.6666667461395264,1784484068.0815425,1.476325273513794,41724,0.3606225848197937,1716,2.0670275688171387,0.15304340422153473,0.07501187920570374,2.663174629211426,0.0,0.875,,12.355081641077994,-0.017510036006569862,10.486419677734375,470.45,0.6363046169281006,-0.007581453758757561,0.23165369033813477,-0.5615607500076294,0.3576529920101166,0.5570979118347168,0.059861697256565094,0.410630464553833,0.2083333432674408,0.7818374633789062,0.02866739872843027,0.28104138374328613,0.6341002583503723,-0.00937612634152174,0.6396366357803345,0.2889707088470459,0.3335837125778198,3.6866018772125244,0.348681777715683,7.375,1854.211981915
0.00011390625000000003,0.0701654776930809,0.6666667461395264,1784484070.6236293,1.6859430074691772,40385,0.3433637022972107,1717,2.116955041885376,0.16010862588882446,0.07624927163124084,2.6986148357391357,0.0416666679084301,1.0,,11.59759497448802,-0.01845313236117363,10.378129959106445,448.68,0.6282360553741455,-0.00874275864334777,0.225458025932312,-0.5579394102096558,0.3492944836616516,0.5120987892150879,0.058621637523174286,0.41106733679771423,0.3333333432674408,0.771587610244751,0.034715323336422445,0.28088489174842834,0.6314787864685059,-0.009536247700452805,0.6397061347961426,0.3171846866607666,0.3294457197189331,3.674442160129547,0.3427422046661377,7.2916669845581055,1856.807937008
7.593750000000002e-05,0.07186803221702576,0.6666667461395264,1784484073.2140224,1.5875318050384521,39564,0.3909173011779785,1718,2.1887431144714355,0.1556643694639206,0.07344730943441391,2.5846898555755615,0.0416666679084301,1.25,,11.69505235850811,-0.019903164356946945,10.044828414916992,445.49,0.633571445941925,-0.00823638588335598,0.21768009662628174,-0.5590746998786926,0.35510990023612976,0.5124065279960632,0.058918073773384094,0.41220617294311523,0.375,0.7471389174461365,0.030468602571636437,0.2807231843471527,0.605064868927002,-0.009159616194665432,0.6386328935623169,0.2958955764770508,0.3325536251068115,3.6603623032569885,0.3465535044670105,8.041666984558105,1859.523979229
0.00011390625000000003,0.07096855342388153,0.6666667461395264,1784484075.940667,1.5453743934631348,37678,0.33882975578308105,1719,2.2862155437469482,0.15768566727638245,0.0796128511428833,2.542025327682495,0.0416666679084301,0.9583333730697632,,11.55830382347107,-0.017573034390807152,9.985029220581055,447.8,0.6257362365722656,-0.008994756249012425,0.2376137226819992,-0.5518406629562378,0.3445274233818054,0.5751262307167053,0.05770252272486687,0.410320520401001,0.4583333432674408,0.7662813067436218,0.03140613883733749,0.2805043160915375,0.6536471247673035,-0.00968199037015438,0.6390725374221802,0.32280826568603516,0.3283906579017639,3.6421213030815123,0.34218376874923706,7.6666669845581055,1862.06698424
7.593750000000002e-05,0.06856870651245117,0.6666667461395264,1784484078.4815164,1.4452247619628906,40487,0.37454038858413696,1720,2.113910675048828,0.13711480796337128,0.06858303397893906,2.4320452213287354,0.0416666679084301,0.8333333730697632,,11.790516581088305,-0.0189854484051466,9.554201126098633,451.99,0.6369146108627319,-0.009083981125149876,0.20561781525611877,-0.5587578415870667,0.353375643491745,0.508246898651123,0.05889267474412918,0.41072267293930054,0.375,0.6906354427337646,0.03130076136440039,0.28040871024131775,0.5777603983879089,-0.009318981319665909,0.6395347714424133,0.31407785415649414,0.33264273405075073,3.6230643033981322,0.3435247838497162,7.75,1864.655947436
0.00011390625000000003,0.06555026024580002,0.6666667461395264,1784484081.066065,1.6467089653015137,39730,0.3721776008605957,1721,2.170731782913208,0.17545324563980103,0.0821545273065567,2.8228156566619873,0.0,1.0,,12.077122741043567,-0.01722462847828865,11.125883102416992,456.41,0.6242372989654541,-0.007465294300345704,0.24376223981380463,-0.5509235858917236,0.34724724292755127,0.6216202974319458,0.05834216997027397,0.41176819801330566,0.375,0.7966939806938171,0.033304582629352805,0.2804816961288452,0.7247480750083923,-0.010334225371479988,0.6414437294006348,0.30353784561157227,0.3269234299659729,3.6267940998077393,0.3411872386932373,7.208333492279053,1867.094140177
0.00011390625000000003,0.06840203702449799,0.6666667461395264,1784484083.4911273,1.8060210943222046,42171,0.3751695156097412,1722,2.0336790084838867,0.18712639808654785,0.08022883534431458,2.8939216136932373,0.125,1.2083333730697632,,11.9133056306839,-0.01767554320394993,11.082784652709961,453.57,0.6208915114402771,-0.008856061239930569,0.25321847200393677,-0.5475119352340698,0.3435365557670593,0.6116825938224792,0.05710717290639877,0.4123506247997284,0.4166666865348816,0.8344371318817139,0.030011837463825942,0.2802871763706207,0.714143693447113,-0.009367771446704865,0.6415847539901733,0.2973635196685791,0.32572731375694275,3.618824768066406,0.3374597430229187,7.25,1869.490095588
0.00011390625000000003,0.070793017745018,0.6666667461395264,1784484085.896739,1.5277135372161865,42706,0.41562265157699585,1723,2.0011937618255615,0.14568710327148438,0.07620807737112045,2.425171375274658,0.0,0.875,,11.449414823800325,-0.01840796321630478,9.46065616607666,433.06,0.6325528025627136,-0.009207642544060946,0.2107679843902588,-0.5530626773834229,0.3553577661514282,0.4914897680282593,0.059566207230091095,0.4115728735923767,0.5416666865348816,0.6828451156616211,0.032217793818563226,0.2800927758216858,0.5600181818008423,-0.008726058527827263,0.6419640779495239,0.3006601333618164,0.3325071334838867,3.5990214586257934,0.34773287177085876,8.375,1872.121395725
0.00011390625000000003,0.06526099145412445,0.6666667461395264,1784484088.532275,1.7406668663024902,38920,0.35691818594932556,1724,2.208322763442993,0.17101413011550903,0.08237670361995697,2.796382427215576,0.0416666679084301,1.2916667461395264,,11.771336205750703,-0.020266607403755188,10.655309677124023,450.05,0.6082311868667603,-0.008308902918361127,0.24794182181358337,-0.5387744307518005,0.3352465033531189,0.5863029360771179,0.056016724556684494,0.4112228751182556,0.4583333432674408,0.7933081388473511,0.03188790725544095,0.2799188792705536,0.6899435520172119,-0.009160568006336689,0.6425119638442993,0.31741833686828613,0.3193785846233368,3.5764617562294005,0.3282780051231384,8.166666984558105,1874.60702076
0.00011390625000000003,0.06750337779521942,0.6666667461395264,1784484091.0170858,1.4570608139038086,41332,0.41016826033592224,1725,2.0744388103485107,0.1451241374015808,0.0742298811674118,2.4787068367004395,0.0,0.5833333730697632,,12.389129096865654,-0.01971522718667984,9.791051864624023,473.23,0.6447837352752686,-0.008281175920274109,0.21727389097213745,-0.5748267769813538,0.35589727759361267,0.526028037071228,0.05964958667755127,0.4106496274471283,0.4166666865348816,0.7185815572738647,0.02957254331558943,0.2799428403377533,0.6185712218284607,-0.010412560775876045,0.6438039541244507,0.30391669273376465,0.3398955762386322,3.570533788204193,0.35111576318740845,6.708333492279053,1877.292782528
0.00011390625000000003,0.07093682885169983,0.6666667461395264,1784484093.6920166,1.3955477476119995,38138,0.36897408962249756,1726,2.268402338027954,0.14020799100399017,0.07142678648233414,2.505223035812378,0.0,0.7083333730697632,,12.571004424765706,-0.018847838044166565,9.921976089477539,477.48,0.6513208150863647,-0.008428838321378862,0.21500778198242188,-0.5794402956962585,0.35788482427597046,0.50566565990448,0.059809111058712006,0.41080760955810547,0.25,0.7176086902618408,0.030187236983329056,0.2799127995967865,0.5925706624984741,-0.009326912462711334,0.643851637840271,0.309173583984375,0.3404695391654968,3.573291540145874,0.3555707335472107,7.208333492279053,1879.894926638
7.593750000000002e-05,0.06942380964756012,0.6666667461395264,1784484096.3133514,1.4868463277816772,39204,0.40002793073654175,1727,2.1892504692077637,0.1623905748128891,0.07862326502799988,2.569153308868408,0.0,0.7916666865348816,,12.535204222127796,-0.018027352169156075,10.169805526733398,477.52,0.6359549760818481,-0.008626407094743627,0.22523491084575653,-0.5620182752609253,0.3545348048210144,0.5842199325561523,0.059570103883743286,0.4113394021987915,0.4166666865348816,0.7536642551422119,0.03686397206038237,0.2799129784107208,0.6763736009597778,-0.010533547960221767,0.6428526639938354,0.31824445724487305,0.33301353454589844,3.567429840564728,0.34603187441825867,7.5,1883.1764433
0.00011390625000000003,0.0722769945859909,0.6666667461395264,1784484099.6604774,1.8051786422729492,31055,0.38846302032470703,1728,2.872086524963379,0.1932237148284912,0.0874117761850357,2.8646183013916016,0.0833333358168602,1.2083333730697632,"{'path': 'media/videos/video_1728_c210b458bf8a4c6b5937.mp4', 'size': 1749264.0, '_type': 'video-file', 'sha256': 'c210b458bf8a4c6b59372c622271e97edc9f1f22f9d0579e205d1d914a2e6980'}",11.8430051150918,-0.014969516545534134,10.798391342163086,441.93,0.6080405116081238,-0.007276019702840131,0.2572246789932251,-0.5330834984779358,0.3441351354122162,0.6717449426651001,0.05785848945379257,0.41169673204421997,0.5833333730697632,0.8381723165512085,0.03296545622870326,0.2799677550792694,0.7530039548873901,-0.009673665277659893,0.6435138583183289,0.29332995414733887,0.31748583912849426,3.57165242433548,0.3370479345321655,7.2916669845581055,1885.815236132
7.593750000000002e-05,0.06841514259576797,0.6666666865348816,1784484102.2202353,1.631032943725586,39832,0.37622031569480896,1729,2.1754274368286133,0.17565540969371796,0.08157594501972198,2.7372758388519287,0.0,1.125,,11.153092008158564,-0.01714182272553444,10.65528392791748,426.81,0.6204566955566406,-0.008847804355900735,0.2487243115901947,-0.5448002815246582,0.3441266715526581,0.6056460738182068,0.057930588722229004,0.41306552290916443,0.5833333730697632,0.8279837369918823,0.034693415835499765,0.2800685465335846,0.7037724256515503,-0.008943561464548111,0.6427115201950073,0.2925269603729248,0.32520484924316406,3.575502336025238,0.33929717540740967,7.7916669845581055,1888.262175451
5.062500000000002e-05,0.0687616765499115,0.6666667461395264,1784484104.664794,1.5933212041854858,41925,0.39985400438308716,1730,2.057727575302124,0.17258676886558533,0.07861153781414032,2.7056541442871094,0.1666666716337204,1.0,,12.357492846623064,-0.019128888845443726,10.72021484375,460.29,0.6281439661979675,-0.008513087760366033,0.23662719130516052,-0.5516717433929443,0.35096275806427,0.5494251251220703,0.058972008526325226,0.4122779369354248,0.4166666865348816,0.7759366035461426,0.03300607157871127,0.28014615178108215,0.6644484400749207,-0.009246031753718853,0.6422746181488037,0.2869844436645508,0.32875126600265503,3.58924320936203,0.34394440054893494,8.083333969116211,1890.804403249
0.00011390625000000003,0.06743194162845612,0.6666667461395264,1784484107.22072,1.5990413427352905,40242,0.38647767901420593,1731,2.1139297485351562,0.1726084053516388,0.08197320997714996,2.801389217376709,0.0,1.3333333730697632,,11.712638271152974,-0.016595833003520966,11.107711791992188,454.62,0.6219714879989624,-0.00802122099121334,0.2410093992948532,-0.5551865100860596,0.34280556440353394,0.5940151214599609,0.05809619277715683,0.4136519432067871,0.6666666865348816,0.7778145670890808,0.03282592743635178,0.28017255663871765,0.6918367743492126,-0.009856725111603737,0.6402520537376404,0.3288857936859131,0.3256303668022156,3.5875988841056823,0.3383912444114685,8.041666984558105,1893.51668366
0.00011390625000000003,0.06840892881155014,0.6666667461395264,1784484109.9275348,1.605151891708374,37824,0.3780524730682373,1732,2.2881715297698975,0.1583717167377472,0.07340047508478165,2.625779867172241,0.0,1.0,,12.075016460269689,-0.018311813473701477,10.483004570007324,457.45,0.6298284530639648,-0.008730336657026782,0.21857580542564392,-0.5565804243087769,0.3474069833755493,0.5394048094749451,0.058522459119558334,0.41424697637557983,0.5833333730697632,0.7335004806518555,0.034383161924779415,0.280172199010849,0.6219089031219482,-0.009405248798429966,0.6392353773117065,0.3107621669769287,0.3296057879924774,3.5950863003730773,0.34200727939605713,8.875,1895.963086849
7.593750000000004e-05,0.0717739537358284,0.6666667461395264,1784484112.3756902,1.7030751705169678,42026,0.40315207839012146,1733,2.0501060485839844,0.1775302141904831,0.0789513885974884,2.9301538467407227,0.0,1.375,,12.60608151882887,-0.016957029700279236,11.919855117797852,452.22,0.6239654421806335,-0.007606925185245928,0.2421182245016098,-0.5375117659568787,0.3532260060310364,0.556858479976654,0.059438206255435944,0.4162909984588623,0.5416666865348816,0.7859991788864136,0.033290338702499866,0.28011786937713623,0.675849199295044,-0.009699366055428982,0.6386715173721313,0.28898096084594727,0.3274954855442047,3.5893210411071776,0.3430408835411072,7.75,1898.583983063
7.593750000000002e-05,0.06390814483165741,0.6666667461395264,1784484114.994564,1.594296932220459,39187,0.3646126687526703,1734,2.196451187133789,0.1610146313905716,0.07743021845817566,2.7036876678466797,0.0833333358168602,1.0416667461395264,,11.78529539719224,-0.012902102433145046,10.63112735748291,447.82,0.6249452233314514,-0.007488488516537472,0.22948557138442993,-0.5505077838897705,0.35329878330230713,0.5365957617759705,0.060140788555145264,0.41729816794395447,0.4166666865348816,0.7480525970458984,0.037307786755263805,0.28007814288139343,0.6494544744491577,-0.00933028757572174,0.6378977298736572,0.3120841979980469,0.32736194133758545,3.579701232910156,0.34618204832077026,7.75,1901.136909923
7.593750000000002e-05,0.072972372174263,0.6666667461395264,1784484117.552053,1.5870884656906128,40242,0.3542409837245941,1735,2.11690616607666,0.16998228430747986,0.07594744116067886,2.673353910446167,0.125,0.7916666865348816,,11.811134342253208,-0.016468193382024765,10.493953704833984,440.16,0.6366074085235596,-0.006840257300063967,0.22946959733963013,-0.5554941892623901,0.3555344045162201,0.587100625038147,0.06101743504405022,0.4185344874858856,0.5,0.7740514278411865,0.03249522903934121,0.28002527356147766,0.6738728284835815,-0.009389842860400677,0.6355704069137573,0.325880765914917,0.33453816175460815,3.5778439044952393,0.3514051139354706,7.2916669845581055,1903.713752916
7.593750000000002e-05,0.06490827351808548,0.6666667461395264,1784484120.1128058,1.8169376850128174,39866,0.3792962431907654,1736,2.175426721572876,0.1993788182735443,0.0858900398015976,2.97683048248291,0.1666666716337204,1.3333333730697632,,11.506754564791917,-0.018458804115653038,11.229288101196289,438.9,0.6043588519096375,-0.00723173595033586,0.26947450637817383,-0.5334247350692749,0.338143527507782,0.6175740957260132,0.05667584389448166,0.41738957166671753,0.4583333432674408,0.8558313846588135,0.03555591534823179,0.2800414562225342,0.7478121519088745,-0.009613797068595886,0.6358715295791626,0.2904176712036133,0.3172072172164917,3.567306840419769,0.3281170129776001,7.6666669845581055,1906.191642568
7.593750000000002e-05,0.06825122237205505,0.6666667461395264,1784484122.5911262,1.7793123722076416,41230,0.3752819299697876,1737,2.098414897918701,0.2210579216480255,0.09335082024335861,2.983407497406006,0.0416666679084301,1.0,,11.678553728759288,-0.017729079350829124,11.297891616821289,440.19,0.6203835606575012,-0.007901161923655309,0.2868841886520386,-0.5532946586608887,0.3489963710308075,0.6729099154472351,0.05920201167464256,0.41564974188804626,0.9583333730697632,0.8811084032058716,0.03391478043049574,0.2800484895706177,0.7901443243026733,-0.009006810374557972,0.6374167799949646,0.28586721420288086,0.32517915964126587,3.5689856886863707,0.3409547209739685,7.2916669845581055,1908.588505665
7.593750000000002e-05,0.06758685410022736,0.6666667461395264,1784484124.9937305,1.803227424621582,42726,0.3452426791191101,1738,2.007564067840576,0.18298614025115967,0.08311531692743301,2.823364019393921,0.0416666679084301,1.4166667461395264,,11.23742361471057,-0.020107746124267578,10.672369003295898,432.16,0.6145298480987549,-0.007229349983390421,0.24821405112743378,-0.5466610193252563,0.3400486409664154,0.5734509229660034,0.0572962760925293,0.4170820415019989,0.5416666865348816,0.7925958633422852,0.03284045308828354,0.2800692319869995,0.6824080348014832,-0.009956535883247852,0.6372014284133911,0.2931978702545166,0.3222346603870392,3.5680806040763855,0.3377952575683594,7.0416669845581055,1911.233063323
7.593750000000002e-05,0.06893487274646759,0.6666667461395264,1784484127.6442597,1.5422861576080322,38658,0.3780533969402313,1739,2.236067056655884,0.16484972834587097,0.07631556689739227,2.609787940979004,0.0,1.0,,12.47929426804185,-0.017887625843286514,10.025588989257812,463.11,0.6312175989151001,-0.007175249780993908,0.22600087523460388,-0.5563665628433228,0.3509533405303955,0.5538152456283569,0.05907183885574341,0.4181757867336273,0.4166666865348816,0.7450816035270691,0.03157666083425283,0.27999448776245117,0.629906415939331,-0.009353430941700935,0.6355878114700317,0.3068056106567383,0.33116239309310913,3.5651780724525453,0.3449254035949707,8.041666984558105,1913.714491499
0.00011390625000000003,0.07177353650331497,0.6666667461395264,1784484130.1244745,1.575456142425537,41426,0.31475692987442017,1740,2.0801620483398438,0.15984097123146057,0.0733029767870903,2.629333972930908,0.0416666679084301,0.875,,11.755194030851126,-0.01825004629790783,10.469273567199707,455.11,0.6379268169403076,-0.009408716898178682,0.22034339606761932,-0.5691250562667847,0.3576377034187317,0.5416256785392761,0.06006103754043579,0.4181691110134125,0.3333333432674408,0.7537924647331238,0.028982946649193764,0.2799232602119446,0.6311445832252502,-0.00989546813070774,0.6342836618423462,0.29282617568969727,0.33422327041625977,3.5572532176971436,0.3511631488800049,7.5,1916.378488041
7.593750000000002e-05,0.07694215327501297,0.6666667461395264,1784484132.7950246,1.444947600364685,38460,0.3373287618160248,1741,2.2481119632720947,0.1318410336971283,0.06983356177806854,2.4104652404785156,0.0416666679084301,0.5416666865348816,,12.391507979929447,-0.01678009331226349,9.621671676635742,471.45,0.6557997465133667,-0.007450464714202099,0.20176701247692108,-0.5781040191650391,0.3729296624660492,0.5171316862106323,0.06373277306556702,0.41790279746055603,0.3333333432674408,0.7141625881195068,0.032746297866106035,0.2799702286720276,0.5868268609046936,-0.009441770613193512,0.6333781480789185,0.30783629417419434,0.3431987762451172,3.5558204650878906,0.3618257939815521,7.4166669845581055,1918.865234122
7.593750000000002e-05,0.06945863366127014,0.6666667461395264,1784484135.2674222,1.7106990814208984,41447,0.34264081716537476,1742,2.086221694946289,0.20443189144134521,0.09016432613134384,2.7201428413391113,0.0416666679084301,1.0833333730697632,,11.920469903349876,-0.015749670565128326,10.636918067932129,454.58,0.6286722421646118,-0.006861999892862514,0.27034854888916016,-0.5594329237937927,0.35352978110313416,0.6169180274009705,0.05964631959795952,0.4160092771053314,0.625,0.8276981115341187,0.03378586694598198,0.2799663245677948,0.7103390097618103,-0.009964220225811005,0.633518397808075,0.2855703830718994,0.3291468024253845,3.555884051322937,0.3487400412559509,6.6666669845581055,1921.520932055
7.593750000000002e-05,0.0672210305929184,0.6666667461395264,1784484137.937672,1.4485559463500977,38452,0.3869025707244873,1743,2.2362937927246094,0.13666653633117676,0.07183010876178741,2.4242982864379883,0.0,1.0,,12.064749440550804,-0.015024709515273571,9.574783325195312,458.68,0.6355866193771362,-0.007878918660571799,0.21077990531921387,-0.56215500831604,0.35480937361717224,0.5166504979133606,0.06021451577544212,0.4137130379676819,0.4583333432674408,0.7200433611869812,0.030321301985532047,0.2800135016441345,0.5912179350852966,-0.009426603093743324,0.6336958408355713,0.3201792240142822,0.3327637314796448,3.5593140840530397,0.3479793965816498,7.9166669845581055,1924.062190748
7.593750000000002e-05,0.06941661238670349,0.6666667461395264,1784484140.468825,1.7522640228271484,40535,0.3745303750038147,1744,2.137667417526245,0.1835252046585083,0.0840960443019867,2.943237781524658,0.0,1.2916667461395264,,11.106316602900625,-0.017657442018389702,10.985244750976562,419.74,0.6033107042312622,-0.006501210108399391,0.25585174560546875,-0.5316421985626221,0.3434174060821533,0.6077414751052856,0.058743830770254135,0.4137406051158905,0.7083333730697632,0.8463761210441589,0.032626464031636715,0.2799690067768097,0.7150413393974304,-0.008707260712981224,0.6338041424751282,0.2874724864959717,0.3164195716381073,3.557005774974823,0.33372002840042114,8.375,1926.871470945
0.00011390625000000003,0.07392842322587967,0.6666667461395264,1784484143.2832975,1.4919589757919312,36370,0.35120081901550293,1745,2.378993272781372,0.141066774725914,0.07319345325231552,2.6177313327789307,0.0833333358168602,0.8333333730697632,,12.312918097963557,-0.0197344571352005,10.546659469604492,465.11,0.6470108032226562,-0.0074202340023475696,0.22207097709178925,-0.5695464015007019,0.36028310656547546,0.5679306387901306,0.06127496063709259,0.4143237769603729,0.3333333432674408,0.7685601711273193,0.029921087436378002,0.27978086471557617,0.6545233726501465,-0.009056231938302517,0.6316925287246704,0.3238699436187744,0.34011179208755493,3.5461190581321715,0.35243579745292664,7.958333492279053,1929.368427672
7.593750000000004e-05,0.06862445175647736,0.6666667461395264,1784484145.7688859,1.712742567062378,41234,0.36901015043258667,1746,2.0961685180664062,0.1716439425945282,0.07991861552000046,2.7919931411743164,0.0416666679084301,1.0,,11.87278049647808,-0.016083242371678352,11.190672874450684,442.22,0.6197617053985596,-0.008230792847461999,0.23093700408935547,-0.5414528250694275,0.34709757566452026,0.5696855783462524,0.058640506118535995,0.41402173042297363,0.4166666865348816,0.7657029032707214,0.03253523036837578,0.2796761393547058,0.673304557800293,-0.008196067065000534,0.6315914988517761,0.2878682613372803,0.3255857825279236,3.527191138267517,0.338742733001709,6.583333492279053,1931.832105772
7.593750000000002e-05,0.06606414169073105,0.6666667461395264,1784484148.2363179,1.8772563934326172,41539,0.3761076331138611,1747,2.078847885131836,0.19327056407928467,0.08500637859106064,3.0618929862976074,0.0416666679084301,1.125,,11.835987329483032,-0.020098425447940826,11.738065719604492,441.73,0.6188969612121582,-0.0069104565598536285,0.26714569330215454,-0.5496541261672974,0.34496018290519714,0.6579970121383667,0.05763564631342888,0.4159887731075287,0.4583333432674408,0.901187539100647,0.03647827599197626,0.2797297239303589,0.7660255432128906,-0.009723281487822533,0.6316990852355957,0.2876465320587158,0.32575735449790955,3.5249354958534242,0.33684390783309937,6.5416669845581055,1935.057428582
0.00011390625000000003,0.06989546120166779,0.6666667461395264,1784484151.5377011,1.8044264316558838,31482,0.35733169317245483,1748,2.828429698944092,0.20205967128276825,0.0874561071395874,2.901880979537964,0.0833333358168602,1.1666667461395264,"{'path': 'media/videos/video_1748_08b14936ba1486f58c3a.mp4', 'size': 1760282.0, '_type': 'video-file', 'sha256': '08b14936ba1486f58c3aa81d779389986648bfec57eacd9261681d530f3bb4bd'}",12.145552824735642,-0.014884582720696926,11.117701530456543,460.58,0.6188411712646484,-0.007695161139417905,0.2683432996273041,-0.5428627729415894,0.34814199805259705,0.6266332268714905,0.05910056456923485,0.41714343428611755,0.5416666865348816,0.8225040435791016,0.033778964355587957,0.27969321608543396,0.7293736934661865,-0.0087257856503129,0.6317312121391296,0.294081449508667,0.3238139748573303,3.528229367733002,0.3407028317451477,7.6666669845581055,1937.633209417
7.593750000000002e-05,0.06606274098157883,0.6666667461395264,1784484154.0500648,1.6645252704620361,40815,0.36009150743484497,1749,2.1232688426971436,0.1786210983991623,0.08054600656032562,2.755017042160034,0.0416666679084301,1.0416667461395264,,12.055637864395976,-0.018056675791740417,10.89845085144043,453.64,0.6150477528572083,-0.00817276497837156,0.24887439608573914,-0.5405691862106323,0.34768006205558777,0.6241961717605591,0.05829819664359093,0.4178597331047058,0.5416666865348816,0.7772903442382812,0.03131348043680191,0.27961090207099915,0.7053029537200928,-0.009086954407393932,0.6297560334205627,0.2852332592010498,0.32286641001701355,3.5153284907341003,0.3372177481651306,7.375,1940.235454044
0.00011390625000000003,0.0696415901184082,0.6666667461395264,1784484156.6538558,1.7874641418457031,39576,0.34862273931503296,1750,2.171300172805786,0.21002888679504395,0.08707807958126068,2.867591381072998,0.0416666679084301,1.5416667461395264,,11.444218825697899,-0.01491003017872572,11.166345596313477,441.64,0.614464521408081,-0.00831806589048938,0.2757940888404846,-0.5459670424461365,0.3423705995082855,0.6310334801673889,0.058062516152858734,0.4173632562160492,0.5833333730697632,0.8237775564193726,0.03490201663225889,0.27946507930755615,0.7308637499809265,-0.010809386149048805,0.6287848949432373,0.31262850761413574,0.321305513381958,3.5064286470413206,0.3360304534435272,7.625,1942.740894569
0.00011390625000000003,0.07165110111236572,0.6666667461395264,1784484159.1472871,1.5586826801300049,41148,0.3280349373817444,1751,2.102480173110962,0.1639576405286789,0.07587110251188278,2.7565855979919434,0.0416666679084301,1.2083333730697632,,12.265648046135903,-0.01780156046152115,11.098426818847656,444.8,0.6223711967468262,-0.008513257015147246,0.24473115801811218,-0.5405617952346802,0.3538320064544678,0.5616554617881775,0.06061864644289017,0.4195430278778076,0.375,0.809015691280365,0.03458605296909809,0.27943485975265503,0.6647756695747375,-0.007627228274941444,0.6281176805496216,0.28654956817626953,0.3259105682373047,3.4912889122962953,0.3451356589794159,8.166666984558105,1945.300476946
0.00011390625000000003,0.07032482326030731,0.6666667461395264,1784484161.7033026,1.6619665622711182,40053,0.3404490649700165,1752,2.1593093872070312,0.1865641176700592,0.0854075476527214,2.8925414085388184,0.0416666679084301,1.375,,11.776746853888035,-0.015927722677588463,11.675848960876465,446.28,0.6216058731079102,-0.009404030255973339,0.2634253203868866,-0.5546014904975891,0.34782981872558594,0.6195518970489502,0.059189632534980774,0.4178336560726166,0.4583333432674408,0.8353976011276245,0.035804482735693456,0.27947792410850525,0.7124802470207214,-0.010280605405569077,0.6292903423309326,0.29500246047973633,0.32678717374801636,3.496838116645813,0.34169548749923706,8.458333969116211,1947.83226659
0.00011390625000000003,0.06636428087949753,0.6666667461395264,1784484164.2317438,1.7541570663452148,40425,0.41266581416130066,1753,2.136732339859009,0.1771574467420578,0.08171490579843521,2.854328155517578,0.0,1.1666667461395264,,12.117418179754168,-0.019005175679922104,11.307467460632324,455.67,0.6223323941230774,-0.008381658606231213,0.2529793977737427,-0.5552613735198975,0.3495882451534271,0.6246305704116821,0.05934542417526245,0.41571974754333496,0.4166666865348816,0.8316752314567566,0.029558911081403495,0.2792785167694092,0.716734766960144,-0.009211799129843712,0.6298145651817322,0.2949817180633545,0.32799553871154785,3.4887502670288084,0.34168168902397156,8.041666984558105,1950.55787116
7.593750000000002e-05,0.06979008764028549,0.6666667461395264,1784484166.9733207,1.52732253074646,37388,0.36236342787742615,1754,2.3221187591552734,0.14790868759155273,0.07416129112243652,2.5281624794006348,0.0416666679084301,0.9583333730697632,,12.307275361567736,-0.022517895326018333,10.12060546875,462.34,0.6402172446250916,-0.008524492851574906,0.21313898265361786,-0.5613802671432495,0.3598271608352661,0.5554482340812683,0.061802804470062256,0.4146687388420105,0.4166666865348816,0.7107205390930176,0.033050928451120856,0.2792492210865021,0.6229455471038818,-0.008402394130825996,0.6315629482269287,0.30713963508605957,0.3369717597961426,3.4738139271736146,0.35125863552093506,7.583333492279053,1953.114882826
7.593750000000002e-05,0.07368861138820648,0.6666667461395264,1784484169.523781,1.546915888786316,40224,0.34611114859580994,1755,2.12091326713562,0.20099064707756042,0.08517494052648544,2.8426454067230225,0.0833333358168602,1.2083333730697632,,12.16745341181755,-0.015822915360331535,11.325400352478027,452.91,0.6334853172302246,-0.007550424797227606,0.27047568559646606,-0.559523344039917,0.3588196039199829,0.5526701807975769,0.06066272780299187,0.412137508392334,0.25,0.8456149101257324,0.03642252776771784,0.2793518006801605,0.6688985824584961,-0.009187914431095123,0.6321275234222412,0.32294130325317383,0.33170241117477417,3.4809648752212525,0.3509177565574646,7.9166669845581055,1955.769891514
7.593750000000002e-05,0.06785499304533005,0.6666667461395264,1784484172.1838746,1.7040233612060547,38576,0.34371885657310486,1756,2.23669171333313,0.17231492698192596,0.08420760929584503,2.8907389640808105,0.0,1.2916667461395264,,12.319715670347215,-0.016650425270199776,11.076990127563477,457.65,0.6153141856193542,-0.00734909817983862,0.2538730502128601,-0.5481799840927124,0.3481493890285492,0.606626033782959,0.05971938371658325,0.41010433435440063,0.4583333432674408,0.8207858800888062,0.03466605953872204,0.27931562066078186,0.7059953212738037,-0.008874583058059216,0.6311814785003662,0.3116011619567871,0.32303330302238464,3.48458411693573,0.34108710289001465,7.5416669845581055,1958.355341608
7.593750000000002e-05,0.07346649467945099,0.6666667461395264,1784484174.7710607,1.5887874364852905,39736,0.3259393274784088,1757,2.1577577590942383,0.1782337874174118,0.08442016690969467,2.7891921997070312,0.0416666679084301,1.1666667461395264,,11.958547003120184,-0.016305845230817795,10.975624084472656,452.69,0.6211594343185425,-0.008420896041207016,0.25704166293144226,-0.5539976954460144,0.3528209626674652,0.6020361185073853,0.05980391427874565,0.40731650590896606,0.5416666865348816,0.8031095266342163,0.03656761329621076,0.27923235297203064,0.6725912094116211,-0.010389010421931744,0.6320722103118896,0.31614136695861816,0.3229319155216217,3.4707726359367372,0.34640511870384216,8.0,1960.924693909
0.00011390625000000003,0.07147350162267685,0.6666667461395264,1784484177.327815,1.7115224599838257,40057,0.41287827491760254,1758,2.1684510707855225,0.17206673324108124,0.08202751725912094,2.7726962566375732,0.0833333358168602,0.9166666865348816,,11.858674235194922,-0.019558951258659363,10.962194442749023,452.03,0.6303703784942627,-0.00769913166295737,0.23977923393249512,-0.5601567029953003,0.3537890315055847,0.5988413095474243,0.060792744159698486,0.4049978256225586,0.5416666865348816,0.7873926162719727,0.030237608402967454,0.279237300157547,0.699840784072876,-0.009005077183246613,0.6303489208221436,0.2856419086456299,0.33102551102638245,3.471411573886871,0.34636998176574707,7.5,1963.5489277
0.00011390625000000003,0.0717134103178978,0.6666667461395264,1784484179.9666736,1.5481418371200562,38949,0.376306414604187,1759,2.2088966369628906,0.17310452461242676,0.07651519030332565,2.5252318382263184,0.0416666679084301,0.75,,12.011388658508658,-0.019536834210157394,10.069368362426758,456.83,0.6337159872055054,-0.008305045578163117,0.2306872308254242,-0.5603110194206238,0.35854703187942505,0.5399810671806335,0.06088360399007797,0.4035669267177582,0.5,0.7376388311386108,0.03142633540555835,0.2793795168399811,0.6052515506744385,-0.009000159800052643,0.6293701529502869,0.314960241317749,0.33336710929870605,3.474361479282379,0.3526281714439392,7.0,1966.121145226
0.00011390625000000003,0.07399864494800568,0.6666667461395264,1784484182.524974,1.515781283378601,40100,0.345317542552948,1760,2.148481607437134,0.14717820286750793,0.07059729099273682,2.5321991443634033,0.0,1.1666667461395264,,12.118803577125073,-0.021509360522031784,10.092533111572266,455.6,0.6442699432373047,-0.008496509406541009,0.21319293975830078,-0.5698113441467285,0.36446380615234375,0.4730781316757202,0.06204143166542053,0.4023016095161438,0.4166666865348816,0.7297858595848083,0.03278723545372486,0.27938276529312134,0.5629540681838989,-0.009521949104964733,0.6302469968795776,0.30294275283813477,0.33565863966941833,3.4840758204460145,0.35631701350212097,8.583333969116211,1968.763644439
7.593750000000002e-05,0.06871525943279266,0.6805557012557983,1784484185.1898823,1.7610763311386108,38692,0.36585283279418945,1761,2.2135398387908936,0.19108349084854126,0.08225980401039124,2.7641541957855225,0.0,1.375,,11.961097263693809,-0.018153807148337364,10.863027572631836,447.92,0.6172130107879639,-0.00816098822542699,0.25372132658958435,-0.5430375337600708,0.34431999921798706,0.5637743473052979,0.058662645518779755,0.40112170577049255,0.625,0.7978739738464355,0.030965530779212713,0.2792818248271942,0.6743835210800171,-0.009174877777695656,0.6322596073150635,0.32709574699401855,0.32322070002555847,3.4742924332618714,0.3404219150543213,7.333333492279053,1971.355688381
7.593750000000002e-05,0.07101118564605713,0.7407407760620117,1784484187.7591703,1.5410712957382202,39859,0.39552876353263855,1762,2.1744649410247803,0.14492085576057434,0.07317796349525452,2.574232816696167,0.0416666679084301,0.7083333730697632,,12.616087538301946,-0.01440232153981924,10.223054885864258,469.9,0.639955461025238,-0.00772757911181543,0.2196130007505417,-0.5582413077354431,0.36192724108695984,0.5255724191665649,0.06226864457130432,0.40140223503112793,0.375,0.7551288604736328,0.033917045965790746,0.27913376688957214,0.6332991123199463,-0.007756707724183798,0.6321020126342773,0.29181909561157227,0.3340602517127991,3.463067924976349,0.35351938009262085,7.125,1974.023021443
7.593750000000002e-05,0.06991535425186157,0.7777778506278992,1784484190.444687,1.6931971311569214,38302,0.3508051335811615,1763,2.2429347038269043,0.1712874174118042,0.07771392166614532,2.7707009315490723,0.0,0.8333333730697632,,12.161473435163497,-0.015125024132430553,10.859786987304688,456.08,0.6240876913070679,-0.007457705556589644,0.23240803182125092,-0.5500394701957703,0.3526151776313782,0.5540255904197693,0.060301266610622406,0.4009896218776703,0.4583333432674408,0.7669145464897156,0.033143358305096626,0.27899566292762756,0.658035933971405,-0.008426555432379246,0.6332138776779175,0.3236112594604492,0.3265690207481384,3.4422583103179933,0.34265196323394775,6.708333492279053,1976.61369087
7.593750000000002e-05,0.07402514666318893,0.7777778506278992,1784484193.0196137,1.7271884679794312,39830,0.34601759910583496,1764,2.1725974082946777,0.17099085450172424,0.08260457217693329,2.7629027366638184,0.0416666679084301,0.75,,12.615509483665228,-0.013879268430173397,10.61989974975586,471.16,0.6461686491966248,-0.006531571788946167,0.25278258323669434,-0.5625213384628296,0.3644547462463379,0.6000149250030518,0.06175394356250763,0.4012187421321869,0.5,0.8128926753997803,0.033373555354774,0.2789183557033539,0.6948773264884949,-0.008313724771142006,0.6339461803436279,0.2954897880554199,0.3379344940185547,3.4339590430259705,0.3547460436820984,7.125,1979.332625608
5.062500000000002e-05,0.0716697946190834,0.7777778506278992,1784484195.7487335,1.5570415258407593,37616,0.37298092246055603,1765,2.2958333492279053,0.15788638591766357,0.08015649765729904,2.626478672027588,0.0,1.25,,12.413974535763264,-0.016585329547524452,10.461177825927734,454.3,0.6385866403579712,-0.006795198435429484,0.23500454425811768,-0.5563728213310242,0.36415719985961914,0.6010305881500244,0.0625917911529541,0.40156206488609314,0.5,0.7694168090820312,0.03674531988799572,0.2787112593650818,0.6653784513473511,-0.008629702031612396,0.6341058611869812,0.3175058364868164,0.3366561532020569,3.417590880393982,0.3559609353542328,8.375,1981.837742331
0.00011390625000000003,0.06857159733772278,0.7777778506278992,1784484198.2400594,1.625391960144043,41176,0.3701632022857666,1766,2.0995748043060303,0.18500539660453796,0.0795622244477272,2.7186641693115234,0.0416666679084301,1.25,,11.942683990001678,-0.016110077500343323,10.835113525390625,449.99,0.6256713271141052,-0.008258442030637525,0.24980542063713074,-0.5499162077903748,0.3522506356239319,0.5503648519515991,0.06081193685531616,0.40169596672058105,0.4583333432674408,0.7914694547653198,0.03424390163272619,0.27871665358543396,0.6389009952545166,-0.008669029921293259,0.6350703835487366,0.2877805233001709,0.3272485136985779,3.3995442271232603,0.3427978456020355,7.583333492279053,1984.252271944
0.00011390625000000003,0.06943638622760773,0.7777778506278992,1784484200.6546264,1.5202949047088623,42428,0.38242754340171814,1767,2.0099475383758545,0.1523817479610443,0.07767131924629211,2.6963329315185547,0.0,1.0416667461395264,,12.318184039890767,-0.01879088580608368,10.647361755371094,456.42,0.6409375667572021,-0.007945634823408909,0.22791080176830292,-0.5622054934501648,0.3574303090572357,0.5669238567352295,0.060731470584869385,0.4016262888908386,0.5,0.7669035792350769,0.03521047178655863,0.27888891100883484,0.6552185416221619,-0.00805731862783432,0.635015606880188,0.3070075511932373,0.3366975784301758,3.4104220628738404,0.35184749960899353,6.333333492279053,1986.879880162
7.593750000000002e-05,0.07365698367357254,0.7777778506278992,1784484203.285854,1.6583824157714844,38872,0.3818240165710449,1768,2.2208566665649414,0.15733517706394196,0.07523629069328308,2.7285850048065186,0.0,0.7916666865348816,,12.325564508438111,-0.018655303865671158,10.5577392578125,462.16,0.633675217628479,-0.008609662315575407,0.23396727442741394,-0.5612450838088989,0.35676729679107666,0.591941237449646,0.0613989531993866,0.4007049798965454,0.4583333432674408,0.8107911944389343,0.03162211365997791,0.2787865698337555,0.6897847652435303,-0.009577782824635506,0.6343589425086975,0.30800676345825195,0.3315091133117676,3.407489371299744,0.3476916253566742,6.75,1989.896723925
0.00011390625000000003,0.06855026632547379,0.7777778506278992,1784484206.388517,1.5536311864852905,33768,0.3735061287879944,1769,2.622330904006958,0.16698163747787476,0.081096351146698,2.7009711265563965,0.0,0.9166666865348816,"{'size': 1561831.0, '_type': 'video-file', 'sha256': '921a5e7a873ea82ee8b1abcb764f4797dfeff57a59b6b5d96c1c7a377d5c2ef4', 'path': 'media/videos/video_1769_921a5e7a873ea82ee8b1.mp4'}",11.810723577290773,-0.018211089074611664,10.721916198730469,451.33,0.6279187202453613,-0.0077571439811436,0.24452905356884003,-0.5546793937683105,0.3520511984825134,0.5919539332389832,0.06002272292971611,0.4006522595882416,0.5,0.8123143911361694,0.03373909518122673,0.2786746323108673,0.6974319219589233,-0.008614832535386086,0.6337285041809082,0.2888202667236328,0.3279578387737274,3.393735146522522,0.34252673387527466,7.5416669845581055,1992.527751282
7.593750000000004e-05,0.07079777121543884,0.7777778506278992,1784484208.927826,1.6272478103637695,40066,0.3555515706539154,1770,2.162445306777954,0.17703215777873993,0.0805639997124672,2.8145062923431396,0.0833333358168602,1.0833333730697632,,12.012546947076917,-0.016597572714090347,10.683858871459961,453.94,0.6146785020828247,-0.007141580089228228,0.24756130576133728,-0.5393589735031128,0.34588050842285156,0.5625419616699219,0.05972839146852493,0.4013969302177429,0.6666666865348816,0.8070124387741089,0.03219546703621745,0.2785533368587494,0.6682839393615723,-0.008933477103710175,0.6341608762741089,0.2910459041595459,0.32115569710731506,3.383302366733551,0.33416664600372314,7.7916669845581055,1995.025536184
7.593750000000002e-05,0.07489240169525146,0.7777778506278992,1784484211.4310362,1.6171116828918457,40937,0.3575762212276459,1771,2.1019933223724365,0.16257897019386292,0.07766782492399216,2.8058176040649414,0.0,0.9166666865348816,,12.561137937903403,-0.017273124307394028,10.767718315124512,461.77,0.6489043235778809,-0.007447382796090096,0.2393781542778015,-0.5670926570892334,0.3675715923309326,0.558307945728302,0.06301017850637436,0.3991684317588806,0.375,0.8179335594177246,0.035101115331053735,0.2784791588783264,0.6753622889518738,-0.007639230694621801,0.6362758874893188,0.2993137836456299,0.34004029631614685,3.3724942922592165,0.35644102096557617,7.1666669845581055,1997.614179876
0.00011390625000000003,0.07484953105449677,0.7777778506278992,1784484214.035841,1.560666561126709,39534,0.31953638792037964,1772,2.1694939136505127,0.17058902978897095,0.07595150172710419,2.5899758338928223,0.0416666679084301,0.7083333730697632,,12.5082115149498,-0.01873999834060669,10.238344192504883,464.45,0.6456576585769653,-0.007933479457278736,0.2387547492980957,-0.557442307472229,0.3663409650325775,0.5150467753410339,0.06378652155399323,0.4006749987602234,0.5416666865348816,0.7729198932647705,0.03522795718163252,0.2783910632133484,0.6111879348754883,-0.007643543183803558,0.6358809471130371,0.31705737113952637,0.3377642035484314,3.3652450919151304,0.3582105040550232,8.208333969116211,2000.175880036
7.593750000000002e-05,0.06510032713413239,0.7777778506278992,1784484216.5794537,1.735764503479004,40289,0.39431947469711304,1773,2.153385639190674,0.19248247146606445,0.08953875303268433,3.0387344360351562,0.0416666679084301,1.1666667461395264,,12.563361228108405,-0.016498131677508354,11.705329895019531,472.35,0.600746750831604,-0.008930774056352675,0.2748161256313324,-0.5310428142547607,0.3351915776729584,0.6291104555130005,0.05836133658885956,0.4045245051383972,0.5833333730697632,0.912813663482666,0.0349051296710968,0.2782307267189026,0.7581849098205566,-0.008854052051901817,0.6348819732666016,0.2865581512451172,0.3149767518043518,3.35093868970871,0.3253054618835449,8.958333969116211,2002.741581924
0.00011390625000000003,0.07237569987773895,0.7777778506278992,1784484219.1631758,1.4185750484466553,39899,0.3267332911491394,1774,2.160804510116577,0.16255538165569305,0.07490336894989014,2.568737745285034,0.0416666679084301,1.0416667461395264,,12.124901735782624,-0.02091757021844387,10.571898460388184,446.99,0.6227952241897583,-0.008298541785916314,0.22493955492973328,-0.5436270236968994,0.3535011410713196,0.5314080119132996,0.06169861555099487,0.40488481521606445,0.375,0.7613695859909058,0.0334101976826787,0.27809378504753113,0.6053028106689453,-0.008525554090738297,0.6343750953674316,0.3029942512512207,0.32625705003738403,3.336878311634064,0.3451826572418213,7.4166669845581055,2005.435858742
7.593750000000002e-05,0.07236012816429138,0.7777778506278992,1784484221.838062,1.5826737880706787,38203,0.3798690438270569,1775,2.2709696292877197,0.16534066200256348,0.07662202417850494,2.563849449157715,0.0416666679084301,0.7083333730697632,,12.659029830098152,-0.01853559911251068,10.398636817932129,470.94,0.6443256139755249,-0.009004697063937783,0.2272104024887085,-0.5626245737075806,0.36167892813682556,0.5353454351425171,0.0631181001663208,0.4056513011455536,0.5833333730697632,0.7077895402908325,0.03332773596048355,0.2779141068458557,0.6161061525344849,-0.00836881808936596,0.633745551109314,0.3022291660308838,0.33791130781173706,3.318004834651947,0.3552037179470062,8.0,2007.951564323
0.00011390625000000003,0.07086574286222458,0.7777778506278992,1784484224.3538308,1.5189733505249023,40664,0.3710506856441498,1776,2.1232190132141113,0.1668139398097992,0.07855596393346786,2.6775403022766113,0.0416666679084301,1.1666667461395264,,11.598610384762287,-0.018932335078716278,10.605670928955078,448.62,0.6356461644172668,-0.008019985383725725,0.23642021417617798,-0.555870771408081,0.3610202670097351,0.5442050695419312,0.06358654052019119,0.4058566093444824,0.5,0.7755862474441528,0.03418303653597832,0.27778497338294983,0.642196774482727,-0.008548866026103497,0.6352602243423462,0.29419684410095215,0.3339802622795105,3.3067773818969726,0.34763938188552856,8.041666984558105,2010.579872076
0.00011390625000000003,0.07057560980319977,0.7777778506278992,1784484226.9828646,1.5915534496307373,38882,0.3507828414440155,1777,2.2234387397766113,0.15483389794826508,0.07487429678440094,2.550962448120117,0.0416666679084301,0.7916666865348816,,12.630291160196066,-0.01657794415950775,9.647188186645508,465.07,0.6394833326339722,-0.008582389962975867,0.22362959384918213,-0.5620414018630981,0.3601456880569458,0.518011212348938,0.06370854377746582,0.4047717750072479,0.5416666865348816,0.7357396483421326,0.03209815453737974,0.2776094079017639,0.6008200645446777,-0.00891038402915001,0.6369308829307556,0.30482029914855957,0.33394765853881836,3.2888280749320984,0.3504180610179901,8.25,2013.047877363
0.00011390625000000003,0.06540536880493164,0.7777778506278992,1784484229.4502382,1.6371314525604248,41551,0.4146457314491272,1778,2.065782308578491,0.16870173811912537,0.08015578240156174,2.9202871322631836,0.0,0.9166666865348816,,11.969452481716871,-0.01588018611073494,11.832674980163574,450.13,0.6021480560302734,-0.008493885060306638,0.242750883102417,-0.5268184542655945,0.3363991379737854,0.5447405576705933,0.05854799598455429,0.4042038917541504,0.5833333730697632,0.7940340042114258,0.03495666086673736,0.2777150869369507,0.6529724597930908,-0.008686831220984459,0.6386213302612305,0.30005788803100586,0.315844863653183,3.2840317845344544,0.324840247631073,7.1666669845581055,2015.701745477
0.00011390625000000003,0.06536103785037994,0.7777778506278992,1784484232.1140609,1.702526569366455,38475,0.3504882752895355,1779,2.2462286949157715,0.1603132039308548,0.07682710886001587,2.7766261100769043,0.0416666679084301,1.2083333730697632,,11.945053953826427,-0.013518575578927994,10.772712707519531,449.9,0.6242425441741943,-0.008359922585077584,0.22951549291610718,-0.5522498488426208,0.35013747215270996,0.5701603293418884,0.06155511364340782,0.4023500382900238,0.375,0.7589230537414551,0.029172158613801003,0.2779702842235565,0.6553990840911865,-0.009239397943019867,0.6393222212791443,0.30873966217041016,0.32578253746032715,3.3026036500930784,0.34375593066215515,7.6666669845581055,2018.165551209
0.00011390625000000003,0.07475490868091583,0.7777778506278992,1784484234.565992,1.646437644958496,41773,0.367220401763916,1780,2.0609841346740723,0.16724793612957,0.07771041989326477,2.4397053718566895,0.0,0.75,,12.601783420145512,-0.014562627300620079,9.151866912841797,457.77,0.6385162472724915,-0.008422117854934186,0.2312592715024948,-0.5515490174293518,0.3663114011287689,0.5361859798431396,0.06469731032848358,0.40215739607810974,0.5,0.7275676727294922,0.03380692061036825,0.2781246304512024,0.6212716102600098,-0.008116314187645912,0.6393787264823914,0.2922639846801758,0.33570098876953125,3.317723107337952,0.3535899817943573,7.125,2020.755322058
7.593750000000002e-05,0.07134813070297241,0.7777778506278992,1784484237.1626723,1.64778733253479,39448,0.39265093207359314,1781,2.1746716499328613,0.18030457198619843,0.08260039985179901,2.8391757011413574,0.0416666679084301,1.1666667461395264,,12.048117918744683,-0.01384184043854475,11.160110473632812,450.82,0.6228029727935791,-0.008338860439835116,0.253989577293396,-0.5381122827529907,0.34959691762924194,0.5663913488388062,0.061504315584897995,0.404727041721344,0.4583333432674408,0.8275313377380371,0.03379349336028099,0.27811935544013977,0.6791667342185974,-0.007706297095865011,0.6386101841926575,0.3173069953918457,0.32635703682899475,3.3306053638458253,0.3390448987483978,7.833333492279053,2023.281713956
0.00011390625000000003,0.0710597038269043,0.7777778506278992,1784484239.683364,1.7617473602294922,40599,0.34030741453170776,1782,2.127028703689575,0.18882966041564941,0.08281210064888,3.067241668701172,0.0,0.9583333730697632,,12.22595168799162,-0.014991301111876965,11.96073055267334,450.22,0.6153154969215393,-0.008171190862776711,0.2665995657444,-0.5377700328826904,0.3476870656013489,0.6078240871429443,0.0611831359565258,0.40680965781211853,0.7916666865348816,0.8631793260574341,0.03267195392400026,0.27820923924446106,0.7209081649780273,-0.0082668736577034,0.6395859718322754,0.29430460929870605,0.322518527507782,3.3280606031417848,0.33390891551971436,8.291666984558105,2025.913655447
7.593750000000002e-05,0.07391666620969772,0.7777778506278992,1784484242.3199875,1.79633367061615,38794,0.383497416973114,1783,2.2167537212371826,0.20610666275024414,0.08643490076065063,3.0688958168029785,0.0416666679084301,1.125,,12.053103692233563,-0.013482553884387016,11.765617370605469,445.98,0.6146295070648193,-0.008919087787216996,0.2835056185722351,-0.5393645763397217,0.3509793281555176,0.6534007787704468,0.062498778104782104,0.4056955575942993,0.625,0.9029941558837891,0.03292762273922563,0.27799251675605774,0.7734017372131348,-0.009267332963645458,0.6387584209442139,0.31723546981811523,0.32127609848976135,3.3246347904205322,0.3388795852661133,7.083333492279053,2028.441176852
0.00011390625000000003,0.07422064244747162,0.7777778506278992,1784484244.8474672,1.5657533407211304,40520,0.3147140443325043,1784,2.141314744949341,0.17405852675437927,0.07666043937206268,2.7267301082611084,0.0,0.75,,12.707534426152707,-0.015291831456124783,10.77972412109375,460.88,0.641808807849884,-0.007766120578162372,0.2385551929473877,-0.5517425537109375,0.3655969798564911,0.5250120759010315,0.06458762288093567,0.403484046459198,0.3333333432674408,0.7759250998497009,0.03605563789606094,0.2779722213745117,0.6273806095123291,-0.006920777261257172,0.6399319171905518,0.2847144603729248,0.33852142095565796,3.307047164440155,0.3536106050014496,7.0,2030.98401186
0.00011390625000000006,0.07195816189050674,0.7777778506278992,1784484247.4036748,1.6453399658203125,40335,0.3456408381462097,1785,2.1236412525177,0.18322281539440155,0.08408971130847931,2.790452480316162,0.0416666679084301,0.875,,12.877458434700966,-0.017730969935655594,10.869012832641602,468.28,0.6239344477653503,-0.00831516008474864,0.25273382663726807,-0.5421513319015503,0.35446569323539734,0.5948960185050964,0.06329409033060074,0.4026920795440674,0.625,0.7985104322433472,0.029758241027593613,0.27816179394721985,0.7013289332389832,-0.007644511293619871,0.6409723162651062,0.3135216236114502,0.3277673125267029,3.3188303828239443,0.34265607595443726,7.1666669845581055,2033.657336896
0.00011390625000000006,0.07061102986335754,0.7777778506278992,1784484250.0561898,1.4792966842651367,38531,0.40720129013061523,1786,2.248587131500244,0.1335083693265915,0.07012360543012619,2.447857618331909,0.0,0.75,,12.620784578025342,-0.015400025993585587,9.765181541442871,473.86,0.6590414047241211,-0.008940321634872817,0.20766159892082214,-0.5683224201202393,0.3726370334625244,0.5108885169029236,0.06692055612802505,0.40150898694992065,0.4166666865348816,0.7198455333709717,0.027985294163227082,0.27824437618255615,0.5948007106781006,-0.006886977702379227,0.6429077386856079,0.30269789695739746,0.3487909734249115,3.329943835735321,0.36279183626174927,9.166666984558105,2036.145076957
7.593750000000004e-05,0.07210911065340042,0.7777778506278992,1784484252.5476615,1.5956699848175049,41077,0.3469615876674652,1787,2.101489543914795,0.15927746891975403,0.07598067075014114,2.7619025707244873,0.0416666679084301,0.9583333730697632,,12.279359904229642,-0.016986330971121788,10.754064559936523,445.23,0.6309834718704224,-0.007326233707135543,0.23567810654640198,-0.5459762811660767,0.35632607340812683,0.5776182413101196,0.06319976598024368,0.40010493993759155,0.2916666865348816,0.7901632785797119,0.03140637539327144,0.2783030569553375,0.6873172521591187,-0.007744384463876486,0.6437976360321045,0.2916676998138428,0.3332080841064453,3.338677370548248,0.3479931950569153,7.125,2038.673866022
7.593750000000002e-05,0.07181710004806519,0.7777778506278992,1784484255.0812287,1.429549217224121,40450,0.4182080924510956,1788,2.1386656761169434,0.13437888026237488,0.06901688873767853,2.5515153408050537,0.0833333358168602,0.4166666865348816,,12.518232669234276,-0.014239808544516563,10.461840629577637,471.96,0.6485118865966797,-0.007892402770812624,0.20899872481822968,-0.5658360123634338,0.36719903349876404,0.5114098787307739,0.06529410183429718,0.3983832597732544,0.1666666716337204,0.7523059844970703,0.03148604976013303,0.2782721221446991,0.6182063817977905,-0.008855581283569336,0.6429191827774048,0.29157447814941406,0.3411344289779663,3.3378769636154173,0.35535550117492676,6.6666669845581055,2041.142446111
0.00011390625000000003,0.07277799397706985,0.7777778506278992,1784484257.5449429,1.6080758571624756,41584,0.33047306537628174,1789,2.068120241165161,0.16273227334022522,0.07634902000427246,2.6104180812835693,0.0,0.9583333730697632,,12.307905306816101,-0.01747787371277809,10.210533142089844,458.37,0.6421265006065369,-0.007931864500278607,0.22436539828777313,-0.5554362535476685,0.3617910146713257,0.5092315673828125,0.06457461416721344,0.3973720967769623,0.5,0.7535619139671326,0.033684334345161916,0.27831530570983887,0.5964151620864868,-0.007075420580804348,0.6431728601455688,0.2958104610443115,0.33737778663635254,3.3355273604393005,0.3510577082633972,6.875,2044.466305324
0.00011390625000000003,0.07221680134534836,0.7777778506278992,1784484260.9762745,1.4686092138290405,30497,0.3641802668571472,1790,2.8891687393188477,0.14629194140434265,0.07491354644298553,2.574052333831787,0.0,0.8333333730697632,"{'path': 'media/videos/video_1790_35e7f9e8c07052b0c836.mp4', 'size': 1543705.0, '_type': 'video-file', 'sha256': '35e7f9e8c07052b0c8361e5f11c02839ffb4b6803772e50966b1cfc52b4612da'}",12.242019290626049,-0.01638689637184143,10.211042404174805,449.66,0.6310098171234131,-0.009088867317768746,0.221187561750412,-0.5484893321990967,0.35624223947525024,0.5324044823646545,0.0640181303024292,0.39523953199386597,0.5416666865348816,0.745867908000946,0.031099463626742364,0.27828308939933777,0.6214683055877686,-0.007893097586929798,0.6438717842102051,0.33416128158569336,0.33151429891586304,3.3334716320037843,0.3468259572982788,7.7916669845581055,2047.155392038
0.00011390625000000003,0.0733199343085289,0.7777778506278992,1784484263.568898,1.38724946975708,39462,0.38809293508529663,1791,2.1762444972991943,0.15879428386688232,0.07583989202976227,2.430680990219116,0.0416666679084301,0.2916666865348816,,12.750425411462784,-0.01879948563873768,9.883871078491211,468.26,0.6445573568344116,-0.008610953992319991,0.21960294246673584,-0.5611637830734253,0.36437225341796875,0.5158274173736572,0.0644635558128357,0.39536580443382263,0.7083333730697632,0.7126225233078003,0.030014672409743072,0.27807703614234924,0.6036461591720581,-0.007924828678369522,0.6446393132209778,0.31485462188720703,0.33815282583236694,3.318691539764404,0.3523595929145813,7.75,2049.85597772
7.593750000000002e-05,0.07163085043430328,0.7777778506278992,1784484266.2680337,1.653612494468689,37971,0.3647315502166748,1792,2.280639410018921,0.17861288785934448,0.08263441920280457,2.874368667602539,0.0,1.0833333730697632,,12.590151597261428,-0.010986823588609695,11.512060165405273,469.13,0.6296219229698181,-0.007960650202585384,0.248133584856987,-0.5468910932540894,0.35626333951950073,0.5782297849655151,0.06375148892402649,0.39739537239074707,0.375,0.8216750025749207,0.030623754020780325,0.27797698974609375,0.6977813243865967,-0.0075117237865924835,0.6454793214797974,0.30822134017944336,0.33149492740631104,3.299946391582489,0.34568724036216736,6.75,2052.417852615
7.593750000000002e-05,0.0708896666765213,0.7777778506278992,1784484268.831197,1.4881566762924194,40120,0.3637227416038513,1793,2.119434118270874,0.1557927429676056,0.07564739882946014,2.516057014465332,0.0833333358168602,0.875,,12.528309614285826,-0.01736958883702755,9.898832321166992,459.7,0.6374368071556091,-0.007866061525419354,0.22628401219844818,-0.5509865880012512,0.36220091581344604,0.5315420031547546,0.06438231468200684,0.3986758887767792,0.5416666865348816,0.7251887321472168,0.028756136540323496,0.2778453528881073,0.6101270914077759,-0.007135437335819006,0.6467125415802002,0.3307609558105469,0.33673763275146484,3.2903366088867188,0.3504745364189148,8.583333969116211,2054.94944568
7.593750000000002e-05,0.07256506383419037,0.7777778506278992,1784484271.3581126,1.5241382122039795,40613,0.3939379155635834,1794,2.121194839477539,0.1511005163192749,0.07394108176231384,2.592379570007324,0.0,0.625,,13.082020255178213,-0.016052760183811188,10.671843528747559,477.25,0.6338365077972412,-0.008323870750609785,0.2179928719997406,-0.548615574836731,0.3626459836959839,0.537387490272522,0.06470891088247299,0.399157851934433,0.4166666865348816,0.7493067979812622,0.03356180470436811,0.2777557671070099,0.6289689540863037,-0.007777583785355091,0.6483891010284424,0.29930615425109863,0.33450862765312195,3.277800512313843,0.35221564769744873,8.75,2057.475102422
7.593750000000002e-05,0.07135015726089478,0.7777778506278992,1784484273.8934512,1.6001319885253906,40644,0.3718131482601166,1795,2.0996618270874023,0.17207646369934082,0.08102231472730637,2.7158565521240234,0.0,0.9166666865348816,,12.727715849280358,-0.016376717016100883,10.569623947143555,464.74,0.637672483921051,-0.007061116397380829,0.2493457794189453,-0.5495781302452087,0.3599388003349304,0.583129346370697,0.0647570788860321,0.3990531861782074,0.625,0.8142937421798706,0.032937477435916664,0.27763113379478455,0.6648412942886353,-0.007449617143720388,0.6485679745674133,0.31896209716796875,0.33690977096557617,3.2683180212974547,0.3503546118736267,8.041666984558105,2060.04493203
7.593750000000002e-05,0.06985580176115036,0.7777778506278992,1784484276.4533064,1.6885045766830444,40095,0.35001859068870544,1796,2.165599822998047,0.1759570837020874,0.0827503427863121,2.835376739501953,0.0,1.0833333730697632,,12.021825452446938,-0.01401353906840086,11.122930526733398,445.7,0.6200557947158813,-0.007386642612982541,0.2571750581264496,-0.5367058515548706,0.3474254012107849,0.6037663817405701,0.06183347851037979,0.39693018794059753,0.5416666865348816,0.8219777941703796,0.03513148445636034,0.2774845063686371,0.6853712797164917,-0.007115467917174101,0.6486279964447021,0.286149263381958,0.3280726373195648,3.2474103927612306,0.3389909267425537,7.333333492279053,2062.69912637
0.00011390625000000003,0.07226084917783737,0.7777778506278992,1784484279.1089072,1.610643744468689,38590,0.37007007002830505,1797,2.2238564491271973,0.16856300830841064,0.07869786769151688,2.6685798168182373,0.0416666679084301,0.8333333730697632,,12.421465810537338,-0.01643507555127144,10.444965362548828,452.56,0.6475815176963806,-0.008320231939433143,0.23763293027877808,-0.5548449158668518,0.36938226222991943,0.5806010365486145,0.06569163501262665,0.39772093296051025,0.75,0.7469717860221863,0.03450442757457495,0.2774806022644043,0.6802387237548828,-0.007291160523891449,0.6475683450698853,0.3235313892364502,0.3401843011379242,3.2382259011268615,0.3574826121330261,8.333333969116211,2065.269265648
0.00011390625000000003,0.06987082958221436,0.7777778506278992,1784484281.6743126,1.4991215467453003,39939,0.3996216654777527,1798,2.158620595932007,0.16786663234233856,0.07864749431610107,2.5547890663146973,0.0416666679084301,0.9583333730697632,,12.237522915750741,-0.01722720079123974,10.179027557373047,451.98,0.6403648853302002,-0.008717681933194398,0.23976348340511322,-0.5503981113433838,0.3632846772670746,0.5406548976898193,0.06555811315774918,0.3985404968261719,0.375,0.750199019908905,0.031482796836644414,0.2774667739868164,0.6280508041381836,-0.007941212505102158,0.6477844715118408,0.30269503593444824,0.33682212233543396,3.239261782169342,0.3517124354839325,7.833333492279053,2067.750544131
7.593750000000002e-05,0.06831280887126923,0.7777778506278992,1784484284.1699035,1.6881248950958252,41349,0.41554102301597595,1799,2.0548360347747803,0.1821039915084839,0.08518320322036743,2.799302577972412,0.0,0.7916666865348816,,11.808928412050008,-0.017225783318281174,10.601251602172852,446.31,0.6084492206573486,-0.008448758476879448,0.24911147356033325,-0.5351654291152954,0.34368690848350525,0.5814940333366394,0.06124844402074814,0.3989090323448181,0.5416666865348816,0.7835838198661804,0.03069581724703312,0.27733567357063293,0.6980964541435242,-0.0074905334040522575,0.6490578651428223,0.3225743770599365,0.3197750747203827,3.2341010093688967,0.33666157722473145,7.333333492279053,2070.342116489
0.00011390625000000003,0.06904909014701843,0.7777778506278992,1784484286.7476296,1.4873521327972412,39754,0.3897835910320282,1800,2.186664342880249,0.15541847050189972,0.07525698840618134,2.5484325885772705,0.0416666679084301,0.8333333730697632,,12.049625931084156,-0.01617126725614071,9.98474407196045,447.44,0.6320598125457764,-0.007579666981473565,0.2244947999715805,-0.5453598499298096,0.3563705384731293,0.5094243288040161,0.06381650269031525,0.40170472860336304,0.5416666865348816,0.7090983390808105,0.03565103653818369,0.27753493189811707,0.5905615091323853,-0.007105885073542595,0.6464406251907349,0.2861137390136719,0.3328765630722046,3.23587110042572,0.3490769565105438,7.625,2072.906142448
0.00011390625000000003,0.07037940621376038,0.7777778506278992,1784484289.3261251,1.5348155498504639,39948,0.36777016520500183,1801,2.1363518238067627,0.17365005612373352,0.07936583459377289,2.6768882274627686,0.0416666679084301,1.0,,12.55790833503008,-0.01580902747809887,10.735907554626465,460.9,0.617904782295227,-0.008790592709556223,0.2455534189939499,-0.5395805835723877,0.3501441478729248,0.5345401167869568,0.06323149055242538,0.403421014547348,0.5833333730697632,0.7708712816238403,0.03193546729162335,0.2776389420032501,0.6355098485946655,-0.007537820376455784,0.645664393901825,0.3244173526763916,0.327647864818573,3.2619858145713807,0.34622931480407715,7.2916669845581055,2075.488302848
0.00011390625000000003,0.0689784437417984,0.7777778506278992,1784484291.8918395,1.6332614421844482,39921,0.3621031641960144,1802,2.16324782371521,0.16811919212341309,0.07991447299718857,2.816230535507202,0.0416666679084301,0.9583333730697632,,12.786787741482257,-0.014845915138721466,11.371058464050293,472.57,0.616992712020874,-0.007863600268683513,0.25067034363746643,-0.5404755473136902,0.35110601782798767,0.5625898241996765,0.06289325654506683,0.40562188625335693,0.6666666865348816,0.8104264140129089,0.03279666053131223,0.27762413024902344,0.6739577651023865,-0.007850628346204758,0.6464701890945435,0.29917168617248535,0.3252160847187042,3.2611311197280886,0.34169691801071167,7.458333492279053,2078.021207853
0.00011390625000000003,0.07315252721309662,0.7777778506278992,1784484294.4252772,1.4752528667449951,40393,0.39981651306152344,1803,2.1425604820251465,0.15446272492408752,0.07586589455604553,2.4571516513824463,0.0,0.7083333730697632,,12.584259666800499,-0.013336452655494213,9.81723690032959,463.33,0.6452990174293518,-0.008295791497221216,0.22436641156673431,-0.5610034465789795,0.3672069013118744,0.5318713188171387,0.06535764783620834,0.40609151124954224,0.5833333730697632,0.7190603017807007,0.0286643804050982,0.27763834595680237,0.5941158533096313,-0.008252915926277637,0.6477574706077576,0.29108309745788574,0.33972427248954773,3.26402690410614,0.35749131441116333,8.666666984558105,2080.610325994
0.00011390625000000003,0.07122866064310074,0.7777778506278992,1784484297.0067246,1.605491042137146,39493,0.37441831827163696,1804,2.2037103176116943,0.15178382396697998,0.07414289563894272,2.6915478706359863,0.0,0.8333333730697632,,12.758588439822198,-0.015513456426560879,10.738565444946289,467.7,0.6421756744384766,-0.009611177491024137,0.22952115535736084,-0.553688645362854,0.3681221902370453,0.5557413101196289,0.06597764045000076,0.40691059827804565,0.4166666865348816,0.77559494972229,0.034473332948982714,0.2776322662830353,0.65696120262146,-0.006526987534016371,0.6474725008010864,0.28539443016052246,0.33746442198753357,3.2693155288696287,0.35670894384384155,7.5416669845581055,2083.128118597
7.593750000000002e-05,0.07185092568397522,0.7777778506278992,1784484299.5348897,1.7629621028900146,40500,0.38207754492759705,1805,2.1371424198150635,0.18286947906017303,0.08662848174571991,2.9359588623046875,0.0,1.2916667461395264,,12.392241242825985,-0.020348992198705673,11.009885787963867,456.25,0.6171619892120361,-0.008513279963517561,0.26255282759666443,-0.5344478487968445,0.35116004943847656,0.637142539024353,0.06218457221984863,0.4051564633846283,0.5833333730697632,0.8465110063552856,0.032875604927539825,0.27779334783554077,0.7532706260681152,-0.007870107889175415,0.6451388597488403,0.2900712490081787,0.3260268568992615,3.2767728686332704,0.34245091676712036,6.7916669845581055,2085.669004473
5.062500000000002e-05,0.0699489638209343,0.7777778506278992,1784484302.0899994,1.4174712896347046,40361,0.39737653732299805,1806,2.1161153316497803,0.16494333744049072,0.0757048949599266,2.490931510925293,0.0,0.625,,12.883701258301734,-0.016962040215730667,10.029788970947266,466.12,0.6380329728126526,-0.007154524726502132,0.23275117576122284,-0.5537275075912476,0.3635599613189697,0.5128351449966431,0.0648888647556305,0.40688666701316833,0.8333333730697632,0.7122310400009155,0.031866006646305324,0.2778109908103943,0.5945109128952026,-0.0075360918417572975,0.6439489126205444,0.31946539878845215,0.33772778511047363,3.289538037776947,0.3538103997707367,7.958333492279053,2088.230103366
0.00011390625000000003,0.07056689262390137,0.7777778506278992,1784484304.6341753,1.5127700567245483,40293,0.3569175899028778,1807,2.1556262969970703,0.1576073318719864,0.07598090171813965,2.47906494140625,0.0416666679084301,0.5833333730697632,,12.076827093660832,-0.013075694441795349,9.36627197265625,448.73,0.6433791518211365,-0.0079033994814381,0.23060429096221924,-0.5585564374923706,0.3625572621822357,0.561299204826355,0.06629336625337601,0.4108487069606781,0.625,0.7381123304367065,0.033906645514070986,0.27788257598876953,0.6330615282058716,-0.007913745008409023,0.6436707973480225,0.284045934677124,0.3412209153175354,3.2882383942604063,0.35647720098495483,8.833333969116211,2090.839788681
0.00011390625000000003,0.07041700184345245,0.7777778506278992,1784484307.2661068,1.662872314453125,39186,0.4245937764644623,1808,2.181445598602295,0.165803924202919,0.08028775453567505,2.6156859397888184,0.0,1.0416667461395264,,11.905355409234762,-0.013203734531998634,10.126028060913086,440.76,0.6141560077667236,-0.009429076989181339,0.24263373017311096,-0.5376223921775818,0.3531742990016937,0.5739325284957886,0.06315043568611145,0.41297435760498047,0.625,0.7835223078727722,0.03049675915390253,0.2778629958629608,0.6551924347877502,-0.008518668822944164,0.6412572264671326,0.32718634605407715,0.3255906105041504,3.295617401599884,0.3436776101589203,6.875,2093.527393383
0.00011390625000000003,0.0698525607585907,0.7777778506278992,1784484309.9357226,1.7035430669784546,38367,0.38672560453414917,1809,2.2526042461395264,0.18355736136436462,0.08497504889965057,2.763174057006836,0.0,0.7916666865348816,,12.03012199446559,-0.01525971107184887,10.758003234863281,435.99,0.6179172992706299,-0.008147720577289875,0.25611135363578796,-0.5296510457992554,0.35174083709716797,0.5991476774215698,0.06392069160938263,0.41654127836227417,0.75,0.8011935949325562,0.03434301782399416,0.2778054177761078,0.6895153522491455,-0.007805658038705587,0.6407465934753418,0.3095359802246094,0.32735884189605713,3.286322999000549,0.3486942648887634,6.125,2096.246067252
7.593750000000002e-05,0.07191593199968338,0.7777778506278992,1784484312.6522357,1.591495394706726,37628,0.4098494052886963,1810,2.293530225753784,0.15207359194755554,0.07718374580144882,2.5315256118774414,0.0,0.875,,12.635657429993152,-0.014623369090259075,10.151962280273438,461.39,0.6278919577598572,-0.008581881325517316,0.22510400414466858,-0.5466620326042175,0.3564409613609314,0.5686324834823608,0.06441289186477661,0.41576871275901794,0.5833333730697632,0.7541376948356628,0.030108511075377466,0.27768075466156006,0.6480578184127808,-0.007768480107188225,0.6424394845962524,0.3189823627471924,0.3314487934112549,3.277454447746277,0.3487339913845062,7.333333492279053,2099.350756766
7.593750000000002e-05,0.07194783538579941,0.7777778506278992,1784484315.8618624,1.5428094863891602,32772,0.38458117842674255,1811,2.6772468090057373,0.1638161987066269,0.0779530331492424,2.612835645675659,0.0,0.7083333730697632,"{'path': 'media/videos/video_1811_ee9079920451a240ce35.mp4', 'size': 1541252.0, '_type': 'video-file', 'sha256': 'ee9079920451a240ce3576fc34650c00671320226e8d32ff5329172e413690a2'}",12.565357813537121,-0.01688292622566223,10.266936302185059,454.19,0.64754319190979,-0.00773668889887631,0.23857161402702332,-0.5531896948814392,0.36867988109588623,0.557715892791748,0.06608477234840393,0.4170404076576233,0.625,0.7624359130859375,0.034872844256460665,0.2776271104812622,0.6549128293991089,-0.007196649443358183,0.6418569087982178,0.32230091094970703,0.3443722128868103,3.2672378420829773,0.36353057622909546,7.5416669845581055,2102.006612293
7.593750000000002e-05,0.06830673664808273,0.7777778506278992,1784484318.4105468,1.5256928205490112,40017,0.3928860127925873,1812,2.1569976806640625,0.15990960597991943,0.07620607316493988,2.5589680671691895,0.0833333358168602,0.7083333730697632,,12.369835024476052,-0.018791712820529938,10.08287239074707,464.14,0.6391510963439941,-0.0071916600165423,0.2356041669845581,-0.557771623134613,0.36358892917633057,0.5353749990463257,0.06612794101238251,0.41766974329948425,0.5833333730697632,0.7502734065055847,0.03216588357463479,0.2776637077331543,0.6273884177207947,-0.007958779111504555,0.6434807181358337,0.2995142936706543,0.3384816646575928,3.2690542221069334,0.3528200089931488,7.833333492279053,2104.543855994
5.062500000000002e-05,0.07117453217506409,0.7777778506278992,1784484320.9647367,1.7615065574645996,40364,0.39245057106018066,1813,2.119283676147461,0.18744874000549316,0.08800330013036728,2.984098434448242,0.0,1.2083333730697632,,12.12481708034873,-0.0146094411611557,11.515995025634766,439.08,0.6199480891227722,-0.006701681191043462,0.25718414783477783,-0.5377276539802551,0.3547588288784027,0.6279140710830688,0.06423243880271912,0.41816943883895874,0.625,0.8335418105125427,0.03488043826073408,0.2775768041610718,0.7366390228271484,-0.008790896274149418,0.6438541412353516,0.31614065170288086,0.32679837942123413,3.2621289253234864,0.349944531917572,7.208333492279053,2107.28714543
0.00011390625000000003,0.07758170366287231,0.7777778506278992,1784484323.696449,1.4572255611419678,37489,0.3291322886943817,1814,2.3120803833007812,0.13952593505382538,0.06821845471858978,2.502415657043457,0.0,0.7083333730697632,,12.98613465219736,-0.01819503866136074,9.985103607177734,471.22,0.6532726287841797,-0.007660385494818911,0.20598623156547546,-0.5598739981651306,0.3768858313560486,0.4841430187225342,0.06881435215473175,0.41477859020233154,0.4583333432674408,0.7161612510681152,0.03179968278855085,0.27757716178894043,0.5608326196670532,-0.007061152718961239,0.6456729173660278,0.3101041316986084,0.3444278836250305,3.2541911363601685,0.3697863519191742,7.5416669845581055,2109.759861405
0.00011390625000000006,0.0699177235364914,0.7777778506278992,1784484326.1645236,1.4973421096801758,41575,0.3815360963344574,1815,2.0697803497314453,0.1380401998758316,0.0727136880159378,2.5982108116149902,0.0,0.8333333730697632,,12.984406394660473,-0.016404777765274048,10.62590217590332,467.95,0.6416646838188171,-0.008147927524987608,0.21791613101959229,-0.5529239773750305,0.36703699827194214,0.5553781390190125,0.06703153997659683,0.41218337416648865,0.5416666865348816,0.7436906695365906,0.03147846180945635,0.27743473649024963,0.6351888179779053,-0.007691726088523865,0.6467041969299316,0.29467010498046875,0.3409731984138489,3.2506892800331117,0.36139607429504395,8.625,2112.386196344
0.00011390625000000006,0.0739186555147171,0.7777778506278992,1784484328.802614,1.5744479894638062,38944,0.35589873790740967,1816,2.2232441902160645,0.14747092127799988,0.07393494248390198,2.73321795463562,0.0,1.0416667461395264,,12.628164086192847,-0.014230999164283276,10.758493423461914,461.98,0.6374992728233337,-0.00856479094363749,0.22705261409282684,-0.5559744238853455,0.3621710538864136,0.5656160116195679,0.06577304005622864,0.41125449538230896,0.3333333432674408,0.7739173769950867,0.028754874132573605,0.2774733304977417,0.6722881197929382,-0.008007701486349106,0.6456349492073059,0.3009674549102783,0.33671411871910095,3.2398515939712524,0.3586621880531311,8.75,2114.847407227
0.00011390625000000006,0.07063904404640198,0.7777778506278992,1784484331.2477522,1.6211450099945068,41932,0.36986881494522095,1817,2.051032304763794,0.15300139784812927,0.07625850290060043,2.6199593544006348,0.0,0.5833333730697632,,12.978366541862489,-0.013190205208957195,10.572822570800781,474.28,0.642162561416626,-0.008898872288409621,0.22355130314826965,-0.5558404922485352,0.36017143726348877,0.5498687028884888,0.06493569910526276,0.4096444845199585,0.5416666865348816,0.7604843974113464,0.03203989863395691,0.27753180265426636,0.6282429695129395,-0.00844085868448019,0.6452739238739014,0.29333066940307617,0.34028422832489014,3.248666191101074,0.357390820980072,7.458333492279053,2117.472746721
7.593750000000004e-05,0.06999962031841278,0.7777778506278992,1784484333.88223,1.5483951568603516,38897,0.37208104133605957,1818,2.2065324783325195,0.14937619864940643,0.07671390473842621,2.595170497894287,0.0,0.7083333730697632,,12.435056212693453,-0.01656232587993145,10.398771286010742,464.21,0.6344811916351318,-0.008466344961198047,0.2206507921218872,-0.5528334975242615,0.36208707094192505,0.52899169921875,0.0651867538690567,0.4085334539413452,0.6666666865348816,0.7216016054153442,0.03203136343508959,0.2775486409664154,0.62514328956604,-0.008167291060090065,0.6465968489646912,0.3207402229309082,0.3366357684135437,3.2502376675605773,0.3557734489440918,7.875,2119.997344422
7.593750000000002e-05,0.07055704295635223,0.7777778506278992,1784484336.3989818,1.6491941213607788,40683,0.33844074606895447,1819,2.1272408962249756,0.15847571194171906,0.077400803565979,2.764472723007202,0.0416666679084301,0.75,,12.816805256009102,-0.014882629737257957,10.838817596435547,473.69,0.6332184076309204,-0.008108210162026808,0.23057381808757782,-0.5503116846084595,0.3629220724105835,0.5295524597167969,0.06618721783161163,0.4077944755554199,0.4166666865348816,0.7690193057060242,0.03449645359069109,0.2775896489620209,0.644258439540863,-0.008513977751135826,0.6469348073005676,0.2890803813934326,0.33545610308647156,3.258521032333374,0.3559362590312958,7.708333492279053,2122.561903506
5.062500000000002e-05,0.06718861311674118,0.7777778506278992,1784484338.9632156,1.692831039428711,39864,0.38014352321624756,1820,2.181370258331299,0.15859439969062805,0.07621768116950989,2.6800613403320312,0.0,1.2083333730697632,,11.816094078868627,-0.014052167534828186,10.434041976928711,438.95,0.6169077157974243,-0.0067806709324941036,0.23233257234096527,-0.5355281829833984,0.3487045168876648,0.5701895952224731,0.06312587857246399,0.4071267545223236,0.5833333730697632,0.792885959148407,0.03059010738506913,0.27751532196998596,0.6679083108901978,-0.007978240959346294,0.646170973777771,0.28455448150634766,0.32663512229919434,3.252917981147766,0.3475150465965271,7.7916669845581055,2125.070326529
0.00011390625000000003,0.07024727761745453,0.7777778506278992,1784484341.4754534,1.5137312412261963,40796,0.3489536941051483,1821,2.1109654903411865,0.16095469892024994,0.07772909849882126,2.6805033683776855,0.0833333358168602,0.625,,12.906108025312424,-0.01660134457051754,10.521917343139648,473.02,0.6380230188369751,-0.00798906567506492,0.23884014785289764,-0.5542875528335571,0.3624015748500824,0.539095938205719,0.06653916835784912,0.4080964922904968,0.4583333432674408,0.7795965671539307,0.03139315312728286,0.2774074077606201,0.6402503252029419,-0.007565723732113838,0.6460409164428711,0.2986745834350586,0.3378464877605438,3.2461532950401306,0.36019834876060486,7.0416669845581055,2127.612249688
0.00011390625000000003,0.07412713766098022,0.7777778506278992,1784484344.0347805,1.5446332693099976,40293,0.37805795669555664,1822,2.1171910762786865,0.1694071739912033,0.08127420395612717,2.6080074310302734,0.0,0.7916666865348816,,12.903920614123344,-0.01908074878156185,9.919589042663574,473.6,0.6526025533676147,-0.008742131709004753,0.24159984290599823,-0.55840665102005,0.37437567114830017,0.5174412727355957,0.06841038167476654,0.4072417616844177,0.5,0.7579964399337769,0.031133364513516427,0.2774621248245239,0.6259234547615051,-0.008116601966321468,0.6470577716827393,0.3225066661834717,0.3454737365245819,3.246373414993286,0.36939334869384766,7.6666669845581055,2130.161582119
0.00011390625000000003,0.06974548101425171,0.7777778506278992,1784484346.5720072,1.6022104024887085,40521,0.39599132537841797,1823,2.134779691696167,0.17544160783290863,0.08212515711784363,2.6540091037750244,0.0416666679084301,0.7916666865348816,,11.771567991673946,-0.012227080762386322,10.640321731567383,439.54,0.6250602006912231,-0.008064611584995874,0.2486412525177002,-0.5456700325012207,0.35394760966300964,0.5465923547744751,0.06397011131048203,0.4083763062953949,0.625,0.7632061839103699,0.034925098344683644,0.27760446071624756,0.6429758071899414,-0.00851872842758894,0.6474735140800476,0.291201114654541,0.3290785551071167,3.2580066204071043,0.3491232097148895,7.25,2132.724387849
0.00011390625000000003,0.07090770453214645,0.7777778506278992,1784484349.1396465,1.6957290172576904,40047,0.36477160453796387,1824,2.1319034099578857,0.1816299557685852,0.0830344706773758,2.765192747116089,0.0833333358168602,0.8333333730697632,,12.6357125172019,-0.015132904052734375,10.609235763549805,456.29,0.6199495792388916,-0.007908044289797545,0.25895142555236816,-0.5375291705131531,0.35759449005126953,0.6169487237930298,0.06497087329626083,0.41226333379745483,0.75,0.7821608781814575,0.03203684454783797,0.27771830558776855,0.7079153060913086,-0.00816851481795311,0.6452817916870117,0.32280516624450684,0.32630252838134766,3.2757091760635375,0.3532463014125824,8.208333969116211,2135.417687114
7.593750000000002e-05,0.07457639276981354,0.7777778506278992,1784484351.826861,1.366328239440918,38114,0.36327752470970154,1825,2.273930549621582,0.13062985241413116,0.06977131962776184,2.450624942779541,0.0,0.5,,12.791525406241417,-0.01557094231247902,9.730504989624023,460.8,0.6510697603225708,-0.008799409412313252,0.20616666972637177,-0.5607672333717346,0.3691546320915222,0.49281615018844604,0.06774754077196121,0.4133715033531189,0.5,0.690109372138977,0.030591748561710118,0.2777138948440552,0.5552792549133301,-0.008436676114797592,0.6454222202301025,0.30525660514831543,0.34290406107902527,3.282116007804871,0.3672305941581726,7.25,2137.894171497
0.00011390625000000003,0.07689804583787918,0.7777778506278992,1784484354.2943432,1.5650501251220703,41457,0.36702269315719604,1826,2.0777668952941895,0.14560820162296295,0.07138805836439133,2.5615780353546143,0.0,0.875,,12.816500226557254,-0.021366631612181664,10.15371322631836,469.34,0.6533510684967041,-0.008092052343999966,0.21420609951019287,-0.5634614825248718,0.37638911604881287,0.49477559328079224,0.06786121428012848,0.4145485758781433,0.2916666865348816,0.7107400894165039,0.032327131275087594,0.27768653631210327,0.5994704961776733,-0.008439323864877224,0.6448941230773926,0.29343485832214355,0.3455492854118347,3.2743469357490538,0.37315869331359863,7.083333492279053,2140.520270888
7.593750000000004e-05,0.06872055679559708,0.7777778506278992,1784484356.9290287,1.6509006023406982,38870,0.42159873247146606,1827,2.213576316833496,0.15467777848243713,0.07787813991308212,2.6674814224243164,0.0,0.875,,13.01956397563219,-0.014712786301970482,10.463250160217285,470.5,0.6398134231567383,-0.007538313744589686,0.22728392481803894,-0.5555919408798218,0.3621576428413391,0.5605683922767639,0.06548215448856354,0.41332897543907166,0.625,0.7335090637207031,0.02983239721506834,0.27774670720100403,0.6441704630851746,-0.008517869748175144,0.6470886468887329,0.31542444229125977,0.33954715728759766,3.2727935194969175,0.3598793148994446,8.083333969116211,2142.998838269
0.00011390625000000003,0.06829577684402466,0.7777778506278992,1784484359.4057498,1.622643232345581,41465,0.42535489797592163,1828,2.078357696533203,0.15767857432365417,0.07800861448049545,2.6076478958129883,0.0,1.0416667461395264,,12.676171508431434,-0.016028152778744698,9.909700393676758,465.1,0.6372496485710144,-0.008608108889893629,0.22226178646087646,-0.5564739108085632,0.3615938127040863,0.5788321495056152,0.06668591499328613,0.4138551652431488,0.5416666865348816,0.7279039621353149,0.03525600619614124,0.2778037190437317,0.6507394909858704,-0.00867526512593031,0.6460559964179993,0.2924034595489502,0.3378373086452484,3.2781142592430115,0.35769498348236084,8.625,2145.648629079
0.00011390625000000003,0.06761457026004791,0.7777778506278992,1784484362.0629537,1.6893876791000366,38619,0.39367449283599854,1829,2.2317211627960205,0.1813347339630127,0.0854296013712883,2.814894199371338,0.0,1.125,,12.079648195579647,-0.015135882422327995,10.913213729858398,444.42,0.6084051132202148,-0.007969089971447829,0.25344762206077576,-0.5366065502166748,0.3455057144165039,0.6396835446357727,0.06282039731740952,0.4128081202507019,0.8333333730697632,0.7723158597946167,0.02926949467509985,0.27770328521728516,0.7059566378593445,-0.009334712289273739,0.645521879196167,0.31371402740478516,0.3225322365760803,3.2708029627799986,0.3425920903682709,6.625,2148.142396382
0.00011390625000000003,0.07173758745193481,0.7777778506278992,1784484364.5349412,1.515663504600525,41290,0.39178603887557983,1830,2.0968668460845947,0.13882087171077728,0.07569479942321777,2.7179877758026123,0.0,0.6666666865348816,,12.76227245941758,-0.014270201325416565,10.940908432006836,471.63,0.6444329023361206,-0.007781588687794283,0.23321311175823212,-0.5575156211853027,0.3665246367454529,0.5685560703277588,0.06704689562320709,0.41340261697769165,0.4166666865348816,0.7996881008148193,0.03228122908622026,0.2777175009250641,0.6761054396629333,-0.008327174931764603,0.6451495885848999,0.2839348316192627,0.34014710783958435,3.267588770389557,0.3645645081996918,6.75,2150.559565498
0.00011390625000000003,0.0721583217382431,0.7777778506278992,1784484366.9596627,1.5874738693237305,42246,0.43944358825683594,1831,2.039763927459717,0.166616752743721,0.07990570366382599,2.7308261394500732,0.0416666679084301,0.7916666865348816,,12.79544924736023,-0.01604786515235901,10.795413970947266,470.67,0.6373157501220703,-0.00938792286615353,0.23885487020015717,-0.553593099117279,0.3583555817604065,0.607956051826477,0.0655335858464241,0.41240954399108887,0.625,0.768093466758728,0.033927712216973306,0.2776237428188324,0.6766520738601685,-0.008504013530910015,0.646187961101532,0.2871692180633545,0.33971983194351196,3.25992830991745,0.3592986762523651,7.333333492279053,2153.846649762
0.00011390625000000003,0.068402498960495,0.7777778506278992,1784484370.3206286,1.722166895866394,30826,0.4026450514793396,1832,2.886448383331299,0.1768600195646286,0.08280142396688461,2.84550142288208,0.0416666679084301,0.8333333730697632,"{'path': 'media/videos/video_1832_70c71a6794fbb05664a4.mp4', 'size': 1635753.0, '_type': 'video-file', 'sha256': '70c71a6794fbb05664a49a2be0ed9211c50ffe04be65ced8b4a2aa8c4fdb480d'}",12.376220149248839,-0.017573531717061996,11.450953483581543,451.87,0.6295279264450073,-0.009044445748440922,0.2565014660358429,-0.5445789694786072,0.35581478476524353,0.5812423229217529,0.06446989625692368,0.4108136296272278,0.7083333730697632,0.8146106004714966,0.033918901532888415,0.2776516377925873,0.6897916793823242,-0.008058955892920494,0.648123025894165,0.30246400833129883,0.33605727553367615,3.25347363948822,0.3557051420211792,7.6666669845581055,2156.431688848
7.593750000000002e-05,0.06640131771564484,0.7777778506278992,1784484372.8414788,1.8553712368011475,40558,0.3872840404510498,1833,2.1179914474487305,0.17049479484558105,0.080629363656044,2.8689494132995605,0.0,1.0,,12.443477615714073,-0.017030423507094383,11.131586074829102,463.18,0.6195639371871948,-0.008704648236744106,0.25169458985328674,-0.5439426302909851,0.3507128655910492,0.6464487314224243,0.06378106772899628,0.40995272994041443,0.4166666865348816,0.8038719892501831,0.03396191485226154,0.27763569355010986,0.7441350817680359,-0.009035622701048851,0.6490638256072998,0.3057739734649658,0.3289991319179535,3.2567238450050353,0.34830689430236816,7.0416669845581055,2159.055827964
7.593750000000002e-05,0.06914031505584717,0.7777778506278992,1784484375.4577377,1.4659228324890137,39068,0.3893124759197235,1834,2.221461057662964,0.16142475605010986,0.07607856392860413,2.5388238430023193,0.0,0.5833333730697632,,12.29678027331829,-0.017949417233467102,10.016045570373535,460.16,0.6460909247398376,-0.008070744964061304,0.22512993216514587,-0.5627111196517944,0.36475253105163574,0.5581933259963989,0.06717224419116974,0.41029608249664307,0.6666666865348816,0.7324742078781128,0.031444755662232635,0.27764561772346497,0.6227754950523376,-0.00870046578347683,0.6488224267959595,0.2947406768798828,0.34386110305786133,3.250329780578613,0.3642618656158447,8.583333969116211,2161.57071584
5.062500000000002e-05,0.06840688735246658,0.7777778506278992,1784484377.9745333,1.6168092489242554,40718,0.3664247393608093,1835,2.1282989978790283,0.16232600808143616,0.07950344681739807,2.666414976119995,0.0,0.5833333730697632,,12.176682731807231,-0.019070707261562347,10.295843124389648,450.1,0.6293244361877441,-0.006503974004590418,0.23019635677337646,-0.5515322089195251,0.35702428221702576,0.5323008894920349,0.0656047835946083,0.4098507761955261,0.5833333730697632,0.7585010528564453,0.02963441191241145,0.2776395082473755,0.6318790316581726,-0.009565850719809532,0.6492132544517517,0.28592681884765625,0.33449405431747437,3.253267741203308,0.35442620515823364,7.625,2164.225852484
0.00011390625000000003,0.0706876665353775,0.7777778506278992,1784484380.6398723,1.6267826557159424,38499,0.38771146535873413,1836,2.2457435131073,0.13828060030937195,0.07066580653190613,2.593085289001465,0.0,0.875,,12.779162742644548,-0.014843115583062172,10.393534660339355,465.79,0.6415511965751648,-0.008495395054342225,0.21697944402694702,-0.5558240413665771,0.362926185131073,0.5514801144599915,0.06703689694404602,0.4094436764717102,0.375,0.74351966381073,0.030961568001657724,0.27767032384872437,0.6249071955680847,-0.008233029395341873,0.6507632732391357,0.3076179027557373,0.33947715163230896,3.25107399225235,0.36197805404663086,8.541666984558105,2166.732003557
7.593750000000002e-05,0.07270389050245285,0.7777778506278992,1784484383.137852,1.5431547164916992,41052,0.39665478467941284,1837,2.0961756706237793,0.16297191381454468,0.0768066868185997,2.6912636756896973,0.0416666679084301,0.75,,12.676212677955627,-0.014286171644926071,10.555925369262695,464.93,0.6396863460540771,-0.008395150589058176,0.23560059070587158,-0.5585591793060303,0.36893630027770996,0.5765916109085083,0.06734538078308105,0.40686774253845215,0.4166666865348816,0.7698513865470886,0.03250486012548208,0.27771860361099243,0.6659127473831177,-0.008195390924811363,0.6522969603538513,0.2984161376953125,0.3404061496257782,3.2626756191253663,0.36616724729537964,8.375,2169.357362889
0.00011390625000000003,0.06828327476978302,0.7777778506278992,1784484385.769848,1.4173316955566406,38981,0.4506734609603882,1838,2.2294692993164062,0.15721829235553741,0.07800392806529999,2.4461121559143066,0.0416666679084301,0.625,,12.572926282286645,-0.015172846615314484,9.437616348266602,460.81,0.6302409172058105,-0.007558005029568449,0.231950044631958,-0.5440651774406433,0.3562924861907959,0.5752761363983154,0.06511924415826797,0.4076850116252899,0.5,0.7318342924118042,0.03339436817914247,0.2777424454689026,0.640615701675415,-0.007938357070088387,0.6525768637657166,0.2923130989074707,0.335411012172699,3.2643530488014223,0.35355502367019653,7.458333492279053,2171.814389799
7.593750000000002e-05,0.07140469551086426,0.7777778506278992,1784484388.2211545,1.576547384262085,41879,0.3809397220611572,1839,2.0512707233428955,0.15923087298870087,0.07694563269615173,2.6267080307006836,0.0416666679084301,1.1666667461395264,,12.53914793536067,-0.017731692641973495,10.44000244140625,459.22,0.6297086477279663,-0.007694505965991994,0.23521733283996582,-0.5476442575454712,0.35863298177719116,0.5532581210136414,0.06538734585046768,0.4097946584224701,0.375,0.7621883153915405,0.03567729033529758,0.27778106927871704,0.6390027403831482,-0.007883891463279724,0.651576042175293,0.29606103897094727,0.3345169723033905,3.2724872827529907,0.358369916677475,7.833333492279053,2174.465953816
0.00011390625000000003,0.07037856429815292,0.7777778506278992,1784484390.8717716,1.5676249265670776,38624,0.3541601598262787,1840,2.2405123710632324,0.1372806876897812,0.07132050395011902,2.634580612182617,0.0,1.3333333730697632,,12.975797124356031,-0.017723094671964645,10.177877426147461,463.38,0.6285908222198486,-0.007455344253685325,0.2088407278060913,-0.5477859377861023,0.35514968633651733,0.4921911358833313,0.06426860392093658,0.4076266288757324,0.375,0.7158468961715698,0.02807507710531354,0.27754583954811096,0.5983999967575073,-0.00898699276149273,0.6516623497009277,0.3045957088470459,0.33520087599754333,3.266185235977173,0.35852527618408203,7.708333492279053,2176.93558077
0.00011390625000000003,0.07417704164981842,0.7777778506278992,1784484393.3387768,1.3957030773162842,41565,0.37738579511642456,1841,2.079204797744751,0.11539268493652344,0.06464886665344238,2.410923719406128,0.0,0.5833333730697632,,13.129482670426368,-0.01716935820877552,9.634033203125,480.58,0.6609491109848022,-0.008234871312743053,0.18934816122055054,-0.5740907192230225,0.37738966941833496,0.5126584768295288,0.06842245906591415,0.40567708015441895,0.25,0.6747938394546509,0.030883568339049816,0.2773549258708954,0.5842307806015015,-0.007541990838944912,0.6517602205276489,0.2858612537384033,0.3519313931465149,3.235207438468933,0.37647494673728943,8.291666984558105,2179.476588037
0.00011390625000000003,0.06957250833511353,0.7777778506278992,1784484395.8950355,1.5497716665267944,40298,0.3560454845428467,1842,2.143756151199341,0.141530379652977,0.07442467659711838,2.6596078872680664,0.0,0.7916666865348816,,12.561040394902228,-0.01950840651988983,10.777641296386719,465.97,0.6345936059951782,-0.008271200902527198,0.22143439948558807,-0.5559202432632446,0.3623355031013489,0.523290753364563,0.06656278669834137,0.40452712774276733,0.5833333730697632,0.7341701984405518,0.030787214729934932,0.27727851271629333,0.6158013343811035,-0.007885152474045753,0.6522341966629028,0.2956514358520508,0.33949702978134155,3.2357213497161865,0.3627038896083832,7.25,2182.009482181
7.593750000000002e-05,0.07132294774055481,0.7777778506278992,1784484398.4051106,1.5490167140960693,40715,0.38947317004203796,1843,2.129739284515381,0.17346464097499847,0.0784284770488739,2.6105916500091553,0.0416666679084301,0.875,,12.724594158828259,-0.013438522815704346,9.969139099121094,461.0,0.6264507174491882,-0.007057360823819181,0.23634539544582367,-0.5430331826210022,0.35857027769088745,0.5258539915084839,0.06560908257961273,0.40480750799179077,0.5416666865348816,0.7309224009513855,0.0286193011328578,0.27723458409309387,0.617477536201477,-0.007741142995655537,0.653081476688385,0.2847006320953369,0.3329043984413147,3.2254566073417665,0.357244610786438,7.1666669845581055,2184.47093946
0.00011390625000000003,0.07049988210201263,0.7777778506278992,1784484400.8741875,1.4740333557128906,41458,0.37217873334884644,1844,2.0760738849639893,0.1418081521987915,0.07238948345184326,2.4481866359710693,0.0416666679084301,0.5416666865348816,,13.309516859948635,-0.015553541481494904,9.602493286132812,476.61,0.6510586738586426,-0.008296435267584456,0.21314704418182373,-0.5620381832122803,0.37364038825035095,0.5116379261016846,0.068594790995121,0.40577325224876404,0.4166666865348816,0.699999213218689,0.02778993435204029,0.2772463262081146,0.5765551328659058,-0.008531971834599972,0.6521593332290649,0.29506850242614746,0.3446347117424011,3.227846121788025,0.3731975555419922,7.5416669845581055,2187.101131086
0.00011390625000000003,0.07663029432296753,0.7777778506278992,1784484403.498741,1.4767043590545654,38854,0.40567874908447266,1845,2.21408748626709,0.1425434648990631,0.07301510125398636,2.5228071212768555,0.0416666679084301,0.7916666865348816,,13.057215427160264,-0.01779879257082939,9.972915649414062,474.3,0.648549497127533,-0.00845384337771975,0.21346917748451233,-0.5607223510742188,0.37343141436576843,0.5492708683013916,0.06838762015104294,0.40537071228027344,0.3333333432674408,0.7363667488098145,0.029703967180103062,0.2773876488208771,0.6397299766540527,-0.007988614961504936,0.6535004377365112,0.3159458637237549,0.3423428237438202,3.241541397571564,0.369332492351532,8.041666984558105,2189.568732191
7.593750000000002e-05,0.06911441683769226,0.7777778506278992,1784484405.969496,1.600176215171814,41422,0.36360812187194824,1846,2.0868287086486816,0.17283380031585693,0.08165527880191803,2.835843563079834,0.0,0.7916666865348816,,12.528843864314258,-0.015810947865247726,11.307124137878418,452.14,0.6367625594139099,-0.008415631818934344,0.2524340748786926,-0.5492419004440308,0.3659575879573822,0.5848768353462219,0.06821312755346298,0.404755562543869,0.5833333730697632,0.8322348594665527,0.038945758156478404,0.2773240804672241,0.6885601878166199,-0.007271090522408485,0.6551357507705688,0.2863788604736328,0.3391640782356262,3.2470402479171754,0.3642711639404297,6.958333492279053,2192.029601393
7.593750000000002e-05,0.07527310401201248,0.7777778506278992,1784484408.4387648,1.5467042922973633,41622,0.39760416746139526,1847,2.066274642944336,0.16749966144561768,0.0784878060221672,2.679065227508545,0.125,0.75,,12.293798905611037,-0.016751322895288467,10.390097618103027,456.55,0.6344690322875977,-0.008387138217221946,0.2346312254667282,-0.5527625679969788,0.3615780770778656,0.5395766496658325,0.06528858840465546,0.40277719497680664,0.5833333730697632,0.7642102241516113,0.035244280472397804,0.27735522389411926,0.6489385962486267,-0.008428454399108887,0.6541240215301514,0.29554080963134766,0.3372337222099304,3.2470958948135378,0.36235255002975464,7.0,2194.633090432
7.593750000000002e-05,0.07560975849628448,0.7777778506278992,1784484411.042317,1.5728119611740112,39382,0.381635844707489,1848,2.188347101211548,0.15767578780651093,0.07647046446800232,2.516122341156006,0.0416666679084301,0.5833333730697632,,12.411367492377758,-0.018178291618824005,9.94446849822998,456.81,0.6421496272087097,-0.007901360228424891,0.23395423591136932,-0.5547776222229004,0.36901116371154785,0.5713755488395691,0.06755778938531876,0.4041251540184021,0.625,0.7572482824325562,0.029390516318380834,0.2772064208984375,0.6375858783721924,-0.007218112703412771,0.6540317535400391,0.3078176975250244,0.34351933002471924,3.2402750730514525,0.3667837977409363,8.333333969116211,2197.197641288
7.593750000000002e-05,0.07500923424959183,0.7777778506278992,1784484413.6087782,1.5878894329071045,40010,0.33346816897392273,1849,2.128896474838257,0.15867745876312256,0.07686068117618561,2.6418519020080566,0.0416666679084301,1.0,,13.227695187330246,-0.0168062262237072,10.486308097839355,475.09,0.6340482234954834,-0.007949918511440047,0.2279738187789917,-0.5501365065574646,0.3675995469093323,0.5445963740348816,0.06747756898403168,0.4074336886405945,0.5833333730697632,0.7367761135101318,0.034661211632192136,0.2770947217941284,0.6214964389801025,-0.008255340158939362,0.6518127918243408,0.3280501365661621,0.33732718229293823,3.2180227994918824,0.36563238501548767,8.166666984558105,2199.766457251
5.062500000000002e-05,0.06976647675037384,0.7777778506278992,1784484416.1692367,1.691311240196228,40012,0.40728747844696045,1850,2.1680991649627686,0.17920836806297302,0.08172436058521271,2.780954122543335,0.1666666716337204,0.9583333730697632,,12.494848111867904,-0.01610768958926201,10.460797309875488,449.18,0.630205512046814,-0.005902563728159294,0.2469368427991867,-0.547600507736206,0.36026531457901,0.5506601929664612,0.06555446982383728,0.40829166769981384,0.5416666865348816,0.7988662719726562,0.030733045004308224,0.2771558463573456,0.6664174795150757,-0.008373519405722618,0.6518781185150146,0.2887418270111084,0.33532601594924927,3.220399057865143,0.3576537072658539,6.875,2202.363244149
0.00011390625000000003,0.0744217038154602,0.7777778506278992,1784484418.772499,1.5303282737731934,39380,0.37063512206077576,1851,2.1710004806518555,0.14354485273361206,0.0708312839269638,2.5302321910858154,0.0,0.75,,13.284108986109494,-0.019248709082603455,9.598554611206055,476.27,0.6428796648979187,-0.007551027860608883,0.20516657829284668,-0.5581898093223572,0.3659026622772217,0.505905032157898,0.0675906240940094,0.40796536207199097,0.375,0.7075710296630859,0.030826643109321594,0.277053564786911,0.5898199081420898,-0.008261706680059433,0.6525574922561646,0.32523608207702637,0.34303462505340576,3.2164420962333677,0.36758968234062195,7.2916669845581055,2204.923003356
7.593750000000002e-05,0.06974761188030243,0.7777778506278992,1784484421.3251383,1.6300220489501953,40116,0.33258095383644104,1852,2.1577837467193604,0.16742408275604248,0.07810366153717041,2.727759838104248,0.0,1.0416667461395264,,12.399680860638618,-0.016277115792036057,10.97722053527832,451.66,0.6180710792541504,-0.008927236890303902,0.2389807403087616,-0.5413010120391846,0.3530251979827881,0.5661125183105469,0.06505926698446274,0.40495964884757996,0.4583333432674408,0.7699187994003296,0.03463852312415838,0.2770945131778717,0.6662889719009399,-0.007802296429872513,0.6529151797294617,0.29268312454223633,0.3264225423336029,3.2097349643707274,0.3549656867980957,7.625,2208.033831589
0.00011390625000000003,0.06609129905700684,0.7777778506278992,1784484424.5506766,1.667685866355896,32648,0.43126964569091797,1853,2.6997430324554443,0.17049233615398407,0.08118923753499985,2.784008741378784,0.0416666679084301,0.6666666865348816,"{'path': 'media/videos/video_1853_f6d24bcc9dc3cb76f8be.mp4', 'size': 1572408.0, '_type': 'video-file', 'sha256': 'f6d24bcc9dc3cb76f8be0aa8bf013973177acbd9401f51f86ac0a31bd2efb718'}",12.467321946918965,-0.016973719000816345,11.020930290222168,458.51,0.6243361830711365,-0.007503790850751102,0.2510225772857666,-0.5476664900779724,0.3556375205516815,0.5396394729614258,0.0655442476272583,0.40328526496887207,0.5416666865348816,0.7990177869796753,0.029194376803934573,0.27699971199035645,0.6657113432884216,-0.008272307924926281,0.6531490087509155,0.3112349510192871,0.3341975212097168,3.210821771621704,0.3550838232040405,7.2916669845581055,2210.744803617
0.00011390625000000003,0.07083521783351898,0.7777778506278992,1784484427.148424,1.5158603191375732,39215,0.3615419864654541,1854,2.2057580947875977,0.13261303305625916,0.0689498782157898,2.541884660720825,0.0833333358168602,0.5833333730697632,,13.065028471946716,-0.020183729007840157,9.95850944519043,472.98,0.6507060527801514,-0.008213963346497622,0.2035652995109558,-0.5678142309188843,0.37282097339630127,0.4929288327693939,0.06784013658761978,0.40270647406578064,0.25,0.6970956325531006,0.030251553282141685,0.2768111526966095,0.5893735289573669,-0.007792158983647823,0.6545262336730957,0.3010118007659912,0.3463645875453949,3.192798173427582,0.3706725835800171,7.625,2213.296912265
0.00011390625000000003,0.07223733514547348,0.7777778506278992,1784484429.698435,1.425058364868164,40105,0.36425352096557617,1855,2.1615240573883057,0.14546069502830505,0.07538823783397675,2.4959070682525635,0.0,0.875,,12.848452816158533,-0.018065104261040688,9.758012771606445,467.13,0.6402500867843628,-0.007883982130442746,0.2128642052412033,-0.5515562891960144,0.3675411641597748,0.5294942855834961,0.0678907260298729,0.4023987948894501,0.5416666865348816,0.7077298164367676,0.03238841583952308,0.2767767012119293,0.6188241243362427,-0.0076841311529278755,0.6552504301071167,0.28962254524230957,0.33873361349105835,3.1877509474754335,0.36295223236083984,8.166666984558105,2215.815231739
7.593750000000002e-05,0.06992831081151962,0.7777778506278992,1784484432.2204247,1.4861135482788086,40591,0.42369145154953003,1856,2.1227612495422363,0.1590162217617035,0.08084511011838913,2.656991720199585,0.0,0.9166666865348816,,11.925269316136838,-0.013722347095608711,10.4074125289917,430.14,0.6251904368400574,-0.008195155727298698,0.2374824583530426,-0.5400263667106628,0.35722872614860535,0.5557057857513428,0.06621666252613068,0.40272432565689087,0.75,0.7777019739151001,0.03625251781195402,0.2766067683696747,0.6581053733825684,-0.00856122374534607,0.656335175037384,0.2990226745605469,0.33191758394241333,3.1749081134796144,0.3566772937774658,7.75,2218.346387056
0.00011390625000000003,0.0716903954744339,0.7777778506278992,1784484434.7641888,1.5527585744857788,40479,0.39169737696647644,1857,2.102839708328247,0.1748451441526413,0.08379840105772018,2.6801412105560303,0.0416666679084301,1.1666667461395264,,12.26732246607542,-0.01912922039628029,10.63493537902832,448.43,0.6367430686950684,-0.00671153593721101,0.24951046705245972,-0.5501667261123657,0.36478161811828613,0.6130448579788208,0.06757029891014099,0.4038999080657959,0.7083333730697632,0.7890061736106873,0.029387483838945627,0.27650487422943115,0.6853549480438232,-0.009044399484992027,0.6563367247581482,0.32564258575439453,0.3376767039299011,3.1560855984687803,0.36446520686149597,8.166666984558105,2220.936268992
7.593750000000002e-05,0.07006942480802536,0.7777778506278992,1784484437.3392105,1.5132877826690674,39742,0.403068870306015,1858,2.182457208633423,0.14420978724956512,0.07457415759563446,2.573380470275879,0.0416666679084301,0.7916666865348816,,12.34354898840189,-0.019805794581770897,10.57640552520752,450.01,0.6368805766105652,-0.00904840401490219,0.2172914445400238,-0.5506649017333984,0.362886905670166,0.5456416606903076,0.06673143804073334,0.4041852355003357,0.2916666865348816,0.7565089464187622,0.032612846605479716,0.2763861417770386,0.6430599689483643,-0.008465752936899662,0.6568098068237305,0.2910645008087158,0.3391549289226532,3.1442665815353394,0.3606143593788147,7.458333492279053,2223.474084277
0.00011390625000000003,0.06759335100650787,0.7777778506278992,1784484439.888889,1.5019118785858154,40323,0.38194388151168823,1859,2.13843035697937,0.15574602782726288,0.07516853511333466,2.5256175994873047,0.0,0.6666666865348816,,12.739715996384621,-0.01697896420955658,9.822576522827148,463.8,0.645486056804657,-0.007724791381042451,0.22186315059661865,-0.5607688426971436,0.3694124221801758,0.5267512798309326,0.06729649007320404,0.4009471535682678,0.4583333432674408,0.7201641798019409,0.03298530541360378,0.27607864141464233,0.6069086194038391,-0.008765188977122307,0.6577765345573425,0.299468994140625,0.3435778021812439,3.1197341084480286,0.36799854040145874,7.625,2226.219248517
0.00011390625000000003,0.06890614330768585,0.7777778506278992,1784484442.6351373,1.485539436340332,37419,0.4327627122402191,1860,2.3172669410705566,0.157147616147995,0.07701100409030914,2.5556180477142334,0.0,1.0833333730697632,,12.598979442566634,-0.017801351845264435,10.091373443603516,460.97,0.6323842406272888,-0.007497750397305936,0.22346071898937225,-0.5508161187171936,0.3562436103820801,0.5109667778015137,0.06571432203054428,0.40355193614959717,0.4583333432674408,0.7334953546524048,0.03464317303150892,0.27590885758399963,0.5973036289215088,-0.007933157496154308,0.6572626829147339,0.30977797508239746,0.3363878130912781,3.0951300740242003,0.35743722319602966,7.75,2228.704710112
0.00011390625000000003,0.07082138955593109,0.7777778506278992,1784484445.1117249,1.4821624755859375,41421,0.3694950342178345,1861,2.084069013595581,0.16478145122528076,0.07839728146791458,2.59340238571167,0.0416666679084301,0.9583333730697632,,12.215062926113605,-0.016147881746292114,9.871855735778809,447.04,0.6320242881774902,-0.007940659407177008,0.23521330952644348,-0.5453675389289856,0.3623029887676239,0.5183844566345215,0.06686543673276901,0.4032338559627533,0.5833333730697632,0.7479669451713562,0.03248779568821192,0.27577561140060425,0.6119692921638489,-0.008319240994751453,0.6590373516082764,0.28917527198791504,0.3354142904281616,3.081718611717224,0.36070919036865234,7.958333492279053,2231.332631995
7.593750000000004e-05,0.07114799320697784,0.7777778506278992,1784484447.7516067,1.5356776714324951,38993,0.3856808841228485,1862,2.2070157527923584,0.15897735953330994,0.07677161693572998,2.6458184719085693,0.0,0.875,,12.689622458070517,-0.020511027425527573,10.088921546936035,465.77,0.6326429843902588,-0.007444881633273326,0.23074917495250702,-0.5498074889183044,0.36107587814331055,0.5387098789215088,0.06729573011398315,0.404066264629364,0.4583333432674408,0.7493664622306824,0.036109748855233194,0.2756412625312805,0.634890079498291,-0.00804087519645691,0.6596115827560425,0.3140277862548828,0.3353053033351898,3.0685184836387633,0.3595673441886902,7.583333492279053,2233.915502862
0.00011390625000000003,0.06899270415306091,0.7777778506278992,1784484450.3244843,1.5875014066696167,39881,0.38488268852233887,1863,2.1387674808502197,0.1738320291042328,0.08143355697393417,2.810950994491577,0.0,1.0,,12.486905578952282,-0.016902532428503036,10.853487968444824,451.01,0.6273790001869202,-0.007620501168003102,0.24104999005794525,-0.5456451177597046,0.36088085174560547,0.5463065505027771,0.06713923811912537,0.40162143111228943,0.6666666865348816,0.7767142057418823,0.03688031081110239,0.2757144868373871,0.6387017965316772,-0.008082713931798935,0.6608926057815552,0.3261098861694336,0.33374762535095215,3.0655062317848207,0.36218488216400146,7.25,2236.634583222
0.00011390625000000003,0.06674124300479889,0.7777778506278992,1784484453.041117,1.629063606262207,37643,0.3840615153312683,1864,2.309985637664795,0.18068461120128632,0.08198533952236176,2.7138490676879883,0.0416666679084301,1.125,,12.278807767629623,-0.016070842742919922,10.298401832580566,444.63,0.6200091242790222,-0.008363424902199768,0.2489968240261078,-0.5344213247299194,0.35610073804855347,0.5800591707229614,0.06598015874624252,0.3990134596824646,0.5416666865348816,0.804080605506897,0.035741439834237096,0.2757103443145752,0.6719979643821716,-0.008531269617378712,0.6626419425010681,0.3014841079711914,0.32915613055229187,3.071629798412323,0.35242709517478943,7.6666669845581055,2239.099384154
0.00011390625000000003,0.06704199314117432,0.7777778506278992,1784484455.50163,1.7327451705932617,41620,0.3760673999786377,1865,2.058732271194458,0.1675988882780075,0.07928037643432617,2.8711819648742676,0.0,1.0833333730697632,,12.269903323501348,-0.017495639622211456,11.064004898071289,442.94,0.6303229331970215,-0.008647665420721751,0.23517052829265594,-0.5466269850730896,0.36597681045532227,0.5777262449264526,0.0681612566113472,0.3987288475036621,0.5833333730697632,0.8036062717437744,0.035089302249252795,0.2756277918815613,0.6943992972373962,-0.008745930157601833,0.6627411246299744,0.30319666862487793,0.33366355299949646,3.0628626108169557,0.3629475235939026,7.0416669845581055,2241.749743222
7.593750000000002e-05,0.06832331418991089,0.7777778506278992,1784484458.1685836,1.667461633682251,38529,0.4094443917274475,1866,2.235198736190796,0.1808990240097046,0.0814909040927887,2.7053165435791016,0.125,1.0,,12.118219794929027,-0.015155920758843422,10.422211647033691,434.91,0.620205283164978,-0.008538880843480002,0.24617230892181396,-0.5336217880249023,0.357846200466156,0.5612572431564331,0.06676886230707169,0.39594098925590515,0.625,0.793655514717102,0.03666262663900852,0.27566882967948914,0.658240795135498,-0.007354251109063625,0.6632257103919983,0.3161897659301758,0.328822523355484,3.0624195337295532,0.35775941610336304,7.75,2244.35924903
0.00011390625000000003,0.07006193697452545,0.7777778506278992,1784484460.772312,1.6979055404663086,39458,0.43265002965927124,1867,2.165451765060425,0.17122283577919006,0.0851467102766037,2.843653440475464,0.0,1.0416667461395264,,11.898510765582323,-0.019331276416778564,10.875926971435547,441.2,0.6293822526931763,-0.008372470442554913,0.2526559829711914,-0.5461227893829346,0.35960888862609863,0.6139357089996338,0.06678310036659241,0.3952265679836273,0.625,0.8049925565719604,0.03451485335826874,0.27572134137153625,0.7301453948020935,-0.007974345237016678,0.6633514165878296,0.3258960247039795,0.3356943726539612,3.0639694690704347,0.35668274760246277,7.458333492279053,2246.927286242
7.593750000000002e-05,0.06959548592567444,0.7777778506278992,1784484463.3379924,1.807239055633545,40005,0.3683399558067322,1868,2.1474759578704834,0.17002061009407043,0.07891099154949188,2.96992826461792,0.0416666679084301,1.2083333730697632,,13.130685105323792,-0.01675301603972912,11.490656852722168,459.82,0.6164070963859558,-0.008368987718131393,0.24372641742229462,-0.528780460357666,0.35123273730278015,0.6013545989990234,0.06538890302181244,0.3942658305168152,0.25,0.8246787786483765,0.031442038156092166,0.2758413851261139,0.7044157981872559,-0.007838863879442215,0.6651129722595215,0.3097968101501465,0.3256337344646454,3.0750097036361694,0.3540191352367401,7.708333492279053,2249.497196772
5.062500000000002e-05,0.07175105065107346,0.7777778506278992,1784484465.9127142,1.5985994338989258,39952,0.3931683897972107,1869,2.148759126663208,0.15973252058029175,0.0771593526005745,2.6464266777038574,0.0,1.0,,13.085847080647945,-0.01713675633072853,10.169685363769531,459.25,0.629961371421814,-0.006577184691559523,0.23346289992332458,-0.5389369130134583,0.3589639365673065,0.5388128757476807,0.06708522140979767,0.393364280462265,0.4583333432674408,0.7755571603775024,0.03469276241958141,0.27587610483169556,0.640508770942688,-0.0072978949174284935,0.6652733087539673,0.3117375373840332,0.3333868682384491,3.0805139541625977,0.35647672414779663,7.958333492279053,2252.03263075
0.00011390625000000003,0.06685735285282135,0.7777778506278992,1784484468.4326403,1.6071518659591675,40590,0.39990925788879395,1870,2.1320419311523438,0.16274124383926392,0.07409456372261047,2.5897557735443115,0.0833333358168602,0.875,,12.153533300943673,-0.020502595230937004,10.063796997070312,447.6,0.6344617605209351,-0.008133889315649867,0.23188504576683044,-0.5495989322662354,0.36105889081954956,0.507367730140686,0.06689124554395676,0.39355263113975525,0.375,0.7832130193710327,0.03425068836659193,0.27591782808303833,0.6090134382247925,-0.007944156415760517,0.6651155948638916,0.289806604385376,0.33693718910217285,3.0851118683815004,0.3592793941497803,8.125,2254.568364749
7.593750000000002e-05,0.07026694715023041,0.7777778506278992,1784484470.9878066,1.5499471426010132,40308,0.4072733521461487,1871,2.1021640300750732,0.15014009177684784,0.07540762424468994,2.5313801765441895,0.0,0.7916666865348816,,12.792027846872806,-0.020069578662514687,9.905548095703125,475.1,0.638164758682251,-0.00814554323151242,0.21072517335414886,-0.5531939268112183,0.36788856983184814,0.5343740582466125,0.06857552379369736,0.39100050926208496,0.5,0.7198084592819214,0.027933503687381744,0.27579811215400696,0.6197803020477295,-0.008562173694372177,0.6656283140182495,0.3366258144378662,0.3389984965324402,3.0806106328964233,0.36560747027397156,7.1666669845581055,2257.132434452
0.00011390625000000003,0.07009078562259674,0.7777778506278992,1784484473.5398488,1.4707520008087158,40175,0.37567853927612305,1872,2.1482486724853516,0.16398434340953827,0.07523331046104431,2.640082836151123,0.0,0.7083333730697632,,12.779620425105096,-0.014283346943557262,10.62901496887207,455.35,0.641611635684967,-0.008050617489789146,0.2279311716556549,-0.553088366985321,0.3660597801208496,0.5126280784606934,0.06851866841316223,0.39201831817626953,0.3333333432674408,0.7418508529663086,0.03303942773491144,0.27553337812423706,0.6028990149497986,-0.007952170446515083,0.6649396419525146,0.2986292839050293,0.33989810943603516,3.056501066684723,0.36629384756088257,7.208333492279053,2260.205109204
7.593750000000002e-05,0.07018858194351196,0.7777778506278992,1784484476.6994896,1.6348484754562378,33120,0.3769744038581848,1873,2.646667718887329,0.17290827631950378,0.07993532717227936,2.640932083129883,0.0,0.9583333730697632,"{'sha256': 'f449cfc8dfe6bfc6355809327b31b4d37e62673dcd559d5f1d1e6d6487179e44', 'path': 'media/videos/video_1873_f449cfc8dfe6bfc63558.mp4', 'size': 1394828.0, '_type': 'video-file'}",12.86131903886795,-0.017958208918571472,10.106803894042969,467.5,0.6329904794692993,-0.008764306327793746,0.23937273025512695,-0.5475899577140808,0.3611161708831787,0.5342370271682739,0.06869493424892426,0.3944580554962158,0.625,0.7676776647567749,0.03277330687269568,0.27545568346977234,0.646687388420105,-0.007697639521211386,0.6639888286590576,0.3213963508605957,0.33582258224487305,3.0381340861320494,0.36133167147636414,7.833333492279053,2262.983352514
7.593750000000002e-05,0.06733062118291855,0.7777778506278992,1784484479.39325,1.439935564994812,37888,0.40773019194602966,1874,2.2903802394866943,0.1616997867822647,0.07994826138019562,2.6452887058258057,0.0416666679084301,0.75,,13.155083312988282,-0.020181171596050262,10.289112091064453,473.04,0.6489502191543579,-0.007899261053535157,0.22896502912044525,-0.554566502571106,0.3699820041656494,0.535693883895874,0.06961148977279663,0.39503055810928345,0.5416666865348816,0.745334267616272,0.032957537192851306,0.27542775869369507,0.6382679343223572,-0.008162340149283409,0.6635806560516357,0.3041834831237793,0.344714879989624,3.0351373314857484,0.3683290183544159,7.0416669845581055,2265.601632517
0.00011390625000000003,0.07120850682258606,0.7777778506278992,1784484482.0269663,1.6180256605148315,39199,0.3981715440750122,1875,2.190582275390625,0.1596027910709381,0.07789762318134308,2.7654635906219482,0.0,1.125,,13.013255175948142,-0.018431367352604866,10.63437271118164,463.96,0.6365142464637756,-0.008190950676362264,0.23348961770534515,-0.5487672090530396,0.3691355884075165,0.5679353475570679,0.06938286870718002,0.39297980070114136,0.3333333432674408,0.7873675227165222,0.03146477621048689,0.2754642069339752,0.6743986010551453,-0.008690009824931622,0.6635541915893555,0.31722092628479004,0.33766770362854004,3.0295907139778135,0.3669217824935913,7.708333492279053,2268.23712959
7.593750000000002e-05,0.0718589797616005,0.7777778506278992,1784484484.640207,1.4723880290985107,39183,0.3884061276912689,1876,2.215660572052002,0.14347051084041595,0.06837566196918488,2.537607192993164,0.0,0.875,,12.819230698943137,-0.020206375047564507,10.302852630615234,464.98,0.6510039567947388,-0.008136772859143094,0.21038615703582764,-0.5629614591598511,0.3738033175468445,0.47468456625938416,0.07084421813488007,0.39217299222946167,0.3333333432674408,0.7329771518707275,0.03513326290994882,0.27563920617103577,0.5749756097793579,-0.00853442307561636,0.6644832491874695,0.29314351081848145,0.3425724506378174,3.041281747817993,0.3693075180053711,7.7916669845581055,2270.933733263
7.593750000000002e-05,0.06576461344957352,0.7777778506278992,1784484487.3356924,1.6061757802963257,37836,0.32924896478652954,1877,2.2842092514038086,0.14427582919597626,0.0718187615275383,2.56433367729187,0.0416666679084301,1.0416667461395264,,12.910107654184102,-0.02108856663107872,9.917869567871094,470.64,0.6364648342132568,-0.00762943075314979,0.20948156714439392,-0.5504385828971863,0.3627316653728485,0.515521228313446,0.06852221488952637,0.3883292078971863,0.5416666865348816,0.7396885752677917,0.029794777370989324,0.2757013738155365,0.6026418209075928,-0.008955605328083038,0.6663153171539307,0.3139338493347168,0.3366415500640869,3.059279751777649,0.362844318151474,8.625,2273.404120517
0.00011390625000000003,0.07012065500020981,0.7777778506278992,1784484489.8119416,1.521155834197998,41432,0.448283851146698,1878,2.080742597579956,0.16458559036254883,0.07823330909013748,2.5898351669311523,0.1666666716337204,0.625,,12.18736976519227,-0.01719455048441887,9.92057991027832,436.7,0.6387473344802856,-0.007619019295088947,0.2333194464445114,-0.5460183620452881,0.36630141735076904,0.5140633583068848,0.06899327784776688,0.38687729835510254,0.5833333730697632,0.7770088911056519,0.029487546347081662,0.27547532320022583,0.6132345199584961,-0.008584808558225632,0.6672238111495972,0.29190826416015625,0.33685681223869324,3.048937773704529,0.36122167110443115,7.9166669845581055,2275.844753503
0.00011390625000000003,0.06784123182296753,0.7777778506278992,1784484492.2524574,1.474259614944458,42113,0.35501331090927124,1879,2.028891086578369,0.14363907277584076,0.0705079436302185,2.581688404083252,0.0,0.7916666865348816,,12.414252440333366,-0.023930344730615616,10.378473281860352,452.94,0.6438543796539307,-0.00812812967633363,0.21411558985710144,-0.5545006990432739,0.36653637886047363,0.5369963645935059,0.06868189573287964,0.38638266921043396,0.25,0.7293775081634521,0.03252099622040987,0.27552860975265503,0.6294361352920532,-0.007699525915086269,0.6684474945068359,0.30536508560180664,0.34185218811035156,3.03866423368454,0.3658359944820404,6.833333492279053,2278.407519401
7.593750000000002e-05,0.06806810945272446,0.7777778506278992,1784484494.8183258,1.6100223064422607,40026,0.3860689103603363,1880,2.165496826171875,0.15112340450286865,0.07422566413879395,2.640047550201416,0.0,0.625,,12.355846079587936,-0.01753200963139534,10.34712028503418,453.03,0.631526529788971,-0.009270146454218775,0.22652435302734375,-0.5492746829986572,0.3599214553833008,0.5456300377845764,0.06706953048706055,0.38327544927597046,0.625,0.7741149663925171,0.028552348352968694,0.27548107504844666,0.6427012085914612,-0.00929255597293377,0.670712947845459,0.2904853820800781,0.33535677194595337,3.04735381603241,0.3590610921382904,7.6666669845581055,2281.008252816
0.00011390625000000003,0.06637520343065262,0.7777778506278992,1784484497.431971,1.4841508865356445,39485,0.37423571944236755,1881,2.1529617309570312,0.14433546364307404,0.07174044102430344,2.5849738121032715,0.0833333358168602,0.6666666865348816,,13.068848235607147,-0.01690845936536789,10.362631797790527,472.45,0.6461811065673828,-0.00850745770148933,0.2157035768032074,-0.5585507154464722,0.368842214345932,0.47960028052330017,0.06993545591831207,0.3836227357387543,0.4166666865348816,0.7315648794174194,0.027119238581508397,0.2751005291938782,0.5818078517913818,-0.00836014375090599,0.6714867949485779,0.33666443824768066,0.3422600030899048,3.0214361548423767,0.3665933609008789,7.833333492279053,2283.578731874
0.00011390625000000003,0.07330290973186493,0.7777778506278992,1784484499.9825213,1.4446187019348145,40137,0.34339556097984314,1882,2.1545379161834717,0.13500802218914032,0.06943587958812714,2.5244665145874023,0.0,0.625,,12.813118988871574,-0.015030681155622005,10.2706937789917,457.26,0.6491502523422241,-0.008127091436472255,0.20698082447052002,-0.5517653822898865,0.37793776392936707,0.47631144523620605,0.07050507515668869,0.38345956802368164,0.2916666865348816,0.6933481097221375,0.03257238073274493,0.27500420808792114,0.5632591247558594,-0.00822958443313837,0.6721649169921875,0.29465532302856445,0.34156426787376404,2.997631859779358,0.37417173385620117,8.0,2286.136651603
0.00011390625000000003,0.07161305099725723,0.7777778506278992,1784484502.5508063,1.4491467475891113,39988,0.3834385275840759,1883,2.1589877605438232,0.16666844487190247,0.07465895265340805,2.45110821723938,0.0,0.6666666865348816,,12.87827951490879,-0.01757550984621048,9.2727689743042,469.57,0.653287410736084,-0.007948385927011258,0.2244480550289154,-0.5598924160003662,0.37595564126968384,0.5174975395202637,0.07040710747241974,0.3830132484436035,0.4583333432674408,0.7114162445068359,0.028215930238366126,0.27492600679397583,0.5896852016448975,-0.008838092908263206,0.6724972724914551,0.299299955368042,0.3454729914665222,2.9942867159843445,0.3719199597835541,7.458333492279053,2288.885758549
0.00011390625000000003,0.06799471378326416,0.7777778506278992,1784484505.28783,1.609972357749939,37290,0.34315061569213867,1884,2.3216552734375,0.16236284375190735,0.07558994740247726,2.724472999572754,0.0416666679084301,0.7083333730697632,,12.471331582814456,-0.015239719301462173,10.585368156433105,449.85,0.6233227252960205,-0.008404448750661686,0.23932568728923798,-0.5367041826248169,0.3556961417198181,0.5926800966262817,0.06728196144104004,0.3851552903652191,0.5833333730697632,0.7726811766624451,0.029001315031200646,0.2748940587043762,0.6760258674621582,-0.00858517549932003,0.672044038772583,0.3144867420196533,0.33223649859428406,2.984299921989441,0.35628756880760193,7.2916669845581055,2291.357271597
0.00011390625000000003,0.0683998316526413,0.7777778506278992,1784484507.7585027,1.470507025718689,41413,0.3707214295864105,1885,2.082415819168091,0.13832801580429077,0.07251754403114319,2.480529546737671,0.0416666679084301,0.7083333730697632,,12.665246839225292,-0.019615955650806427,10.017769813537598,457.77,0.6533452272415161,-0.008127259433967993,0.2132052183151245,-0.5586326718330383,0.3721999526023865,0.5064719915390015,0.07008495181798935,0.3850839138031006,0.5416666865348816,0.7380802035331726,0.033798545692116023,0.274883896112442,0.5940796136856079,-0.00823725014925003,0.672162652015686,0.2913060188293457,0.34512561559677124,2.9796982407569885,0.37068042159080505,7.625,2293.841473597
7.593750000000002e-05,0.06694746017456055,0.7777778506278992,1784484510.251494,1.5465779304504395,41182,0.39773091673851013,1886,2.090808629989624,0.1611986756324768,0.07660937309265137,2.5896027088165283,0.0,0.75,,12.785206298828125,-0.019186798483133316,9.928637504577637,466.49,0.6433857679367065,-0.008995141793275253,0.23009508848190308,-0.5520563125610352,0.3676169514656067,0.5065791606903076,0.06869116425514221,0.38664448261260986,0.5416666865348816,0.7580854296684265,0.029376381542533636,0.2748297452926636,0.6051429510116577,-0.008060665801167488,0.6716866493225098,0.2962195873260498,0.34000635147094727,2.97394380569458,0.3641461133956909,7.833333492279053,2296.456432949
0.00011390625000000003,0.07207049429416656,0.7777778506278992,1784484512.8620706,1.3460301160812378,39211,0.402108758687973,1887,2.1924476623535156,0.1343856155872345,0.06998109817504883,2.289475440979004,0.0416666679084301,0.625,,12.78845005095005,-0.018322963267564774,9.319293975830078,457.05,0.6563175320625305,-0.008257472885452444,0.19258008897304535,-0.562173068523407,0.37326252460479736,0.48712843656539917,0.07131269574165344,0.38791441917419434,0.5833333730697632,0.6468159556388855,0.031268149707466365,0.2750672698020935,0.5392102003097534,-0.008766084909439087,0.6727020144462585,0.31457018852233887,0.3457711637020111,2.979537844657898,0.3725883364677429,8.166666984558105,2299.006134696
7.593750000000002e-05,0.06699462980031967,0.7777778506278992,1784484515.4108386,1.5527524948120117,40203,0.4084705114364624,1888,2.151803970336914,0.1378442645072937,0.0704365223646164,2.4610509872436523,0.0833333358168602,0.5416666865348816,,12.739775425493717,-0.021475087851285934,9.930551528930664,467.8,0.6527770757675171,-0.007892088743392377,0.2171192169189453,-0.5587254762649536,0.3703892230987549,0.5477087497711182,0.0702698677778244,0.38914990425109863,0.2916666865348816,0.7457587122917175,0.03246353538706899,0.27517464756965637,0.6235095262527466,-0.007689949125051498,0.6734279990196228,0.2933695316314697,0.3442223072052002,3.007695662975311,0.3701932430267334,8.083333969116211,2301.560397139
0.00011390625000000003,0.06897422671318054,0.7777778506278992,1784484517.962035,1.6527562141418457,40086,0.35850727558135986,1889,2.1555566787719727,0.16999046504497528,0.08116680383682251,2.690540075302124,0.0416666679084301,0.9583333730697632,,12.85226693302393,-0.019412290304899216,10.081649780273438,463.84,0.6343396902084351,-0.007439584318126436,0.2442202866077423,-0.5477157235145569,0.3616269528865814,0.5658999681472778,0.06752021610736847,0.3883829116821289,0.5416666865348816,0.7758151888847351,0.032743454072624446,0.27513986825942993,0.6591917872428894,-0.009081668220460415,0.6751894354820251,0.2967205047607422,0.33374840021133423,3.0054651618003847,0.3605174720287323,7.458333492279053,2304.009480587
7.593750000000002e-05,0.0676039457321167,0.7777778506278992,1784484520.4132657,1.7156060934066772,41822,0.36431846022605896,1890,2.0564403533935547,0.1745431125164032,0.0811600536108017,2.704771041870117,0.0416666679084301,0.8333333730697632,,13.137266028523445,-0.01743289642035961,10.071566581726074,474.88,0.6378277540206909,-0.007357794986455701,0.24222847819328308,-0.5472245216369629,0.364524781703949,0.6132523417472839,0.06873932480812073,0.3860895037651062,0.6666666865348816,0.7827752828598022,0.03657140135765076,0.27511805295944214,0.6910077929496765,-0.008435549214482307,0.6769061088562012,0.294053316116333,0.3373264968395233,3.007615315914154,0.36329445242881775,7.958333492279053,2306.61096431
7.593750000000002e-05,0.07061268389225006,0.7777778506278992,1784484523.0302014,1.608651041984558,39315,0.3904899060726166,1891,2.1826934814453125,0.18207406997680664,0.07979720830917358,2.6791892051696777,0.0,1.0833333730697632,,12.115771308243275,-0.016022905707359314,10.230935096740723,443.55,0.6271655559539795,-0.008462902874452994,0.2488826960325241,-0.541278064250946,0.35669487714767456,0.4955395460128784,0.06704376637935638,0.3915172815322876,0.7916666865348816,0.7791801691055298,0.03378990516066551,0.27509361505508423,0.6071034669876099,-0.00826350413262844,0.6743460893630981,0.3177030086517334,0.3282364010810852,3.001922082901001,0.35575875639915466,7.6666669845581055,2309.218863474
7.593750000000002e-05,0.07123075425624847,0.7777778506278992,1784484525.6203995,1.5125768184661865,39514,0.4287897050380707,1892,2.1917121410369873,0.14638517796993256,0.07229374349117279,2.5547492504119873,0.0833333358168602,0.6666666865348816,,12.3594638723135,-0.021117061376571655,10.195981979370117,444.01,0.6453317999839783,-0.007535691901284736,0.2197050303220749,-0.5478858947753906,0.3696797788143158,0.532150149345398,0.07019059360027313,0.3932816684246063,0.375,0.7415008544921875,0.0303523737937212,0.2751312553882599,0.6098362803459167,-0.008141417056322098,0.6742627024650574,0.2960972785949707,0.3404693007469177,3.003918433189392,0.3648042380809784,7.083333492279053,2311.76985266
7.593750000000002e-05,0.07246845960617065,0.7777778506278992,1784484528.1645188,1.4772981405258179,40070,0.38195881247520447,1893,2.1689164638519287,0.1428557187318802,0.07089756429195404,2.676856517791748,0.0,0.6666666865348816,,12.968285601139069,-0.01739875040948391,10.370458602905273,460.64,0.6558099985122681,-0.007356592745054513,0.218751460313797,-0.5574342012405396,0.3764021396636963,0.5052690505981445,0.07096472382545471,0.39471203088760376,0.25,0.7513524889945984,0.036220334284007547,0.2752380669116974,0.6267708539962769,-0.008384224958717823,0.6738662719726562,0.2843654155731201,0.3459363877773285,3.011652135848999,0.3719489574432373,7.083333492279053,2314.784993977
7.593750000000002e-05,0.06997813284397125,0.7777778506278992,1784484531.2893286,1.7646310329437256,33603,0.39666271209716797,1894,2.6255526542663574,0.19996564090251923,0.0869084820151329,2.8258633613586426,0.0,1.0,"{'path': 'media/videos/video_1894_a0bbfa18f9bf974eb034.mp4', 'size': 1640848.0, '_type': 'video-file', 'sha256': 'a0bbfa18f9bf974eb034dd358f937ec6564239ffe74ac41b62d9f791005f2ef5'}",12.495305329561234,-0.018514789640903473,10.671866416931152,458.38,0.6254549622535706,-0.006804410928452853,0.2664051055908203,-0.5352737307548523,0.35568520426750183,0.5991541147232056,0.06766211986541748,0.39512643218040466,0.875,0.8192248344421387,0.035028007626533506,0.27529916167259216,0.7038566470146179,-0.008585174567997456,0.6727084517478943,0.29988598823547363,0.327856183052063,3.0187337398529053,0.3544175624847412,8.041666984558105,2317.37035396
7.593750000000002e-05,0.0693599283695221,0.7777778506278992,1784484533.7733505,1.7892496585845947,41074,0.3473394811153412,1895,2.1027140617370605,0.19330421090126038,0.08594222366809845,3.03341007232666,0.0,0.9583333730697632,,13.01077527165413,-0.01837781071662903,11.593737602233887,460.83,0.6255863904953003,-0.007343474929803051,0.2611522078514099,-0.5366686582565308,0.3580605387687683,0.571410059928894,0.06832727044820786,0.3967754542827606,0.5833333730697632,0.842880368232727,0.03425335418432951,0.2752649486064911,0.7070730924606323,-0.00774934608489275,0.6730560064315796,0.290600061416626,0.3306226432323456,3.019528698921204,0.3574807345867157,7.708333492279053,2319.949861111
7.593750000000002e-05,0.0687284916639328,0.7777778506278992,1784484536.3778956,1.7614827156066895,39640,0.37649840116500854,1896,2.167834520339966,0.1925298422574997,0.08526116609573364,2.9229602813720703,0.0833333358168602,1.0833333730697632,,12.225391150414943,-0.01891658455133438,11.332396507263184,437.9,0.6190589070320129,-0.00804996103688609,0.2630009949207306,-0.5347926616668701,0.35101771354675293,0.576250433921814,0.06609708070755005,0.3975696563720703,0.4166666865348816,0.8575795888900757,0.03391374330967665,0.2752209007740021,0.688546895980835,-0.008725084364414215,0.6725782155990601,0.31206345558166504,0.3247496485710144,3.0122143507003782,0.35188937187194824,7.7916669845581055,2322.469964636
5.062500000000002e-05,0.06761016696691513,0.7777778506278992,1784484538.8708162,1.5811941623687744,41110,0.409761518239975,1897,2.0975751876831055,0.1691097915172577,0.07916085422039032,2.6202313899993896,0.0416666679084301,0.75,,13.102281189560891,-0.019410280510783195,10.519281387329102,464.38,0.6368919610977173,-0.006523583497619256,0.23397068679332733,-0.5463467836380005,0.3672555387020111,0.5513088703155518,0.07004675269126892,0.39669936895370483,0.75,0.7502362132072449,0.03303456623107195,0.2753356397151947,0.6325962543487549,-0.008331071585416794,0.6744952201843262,0.2936134338378906,0.33502519130706787,3.0146788954734802,0.36577004194259644,7.333333492279053,2325.122200046
5.062500000000002e-05,0.06819844245910645,0.7777778506278992,1784484541.533655,1.5248794555664062,38483,0.3742784261703491,1898,2.236356258392334,0.152587890625,0.07393695414066315,2.582151412963867,0.0,0.9166666865348816,,13.142933337688445,-0.022750740870833397,10.025063514709473,471.04,0.6432227492332458,-0.007579012386850081,0.2224169373512268,-0.5492353439331055,0.3695755898952484,0.5152215957641602,0.07076910138130188,0.3962665796279907,0.4166666865348816,0.7344540357589722,0.03382976576685905,0.2754170894622803,0.6108585000038147,-0.008142499253153801,0.676182746887207,0.31809258460998535,0.3396671712398529,3.0270958065986635,0.3692934513092041,8.916666984558105,2327.661467521
0.00011390625000000003,0.06749945878982544,0.7777778506278992,1784484544.06985,1.5993847846984863,40494,0.43081793189048767,1899,2.1387007236480713,0.1589861512184143,0.07862602919340134,2.7004554271698,0.0416666679084301,1.125,,12.795068559646607,-0.018695106729865074,10.503235816955566,456.77,0.6335417628288269,-0.00797564753829647,0.23453235626220703,-0.5401670336723328,0.3678031861782074,0.5387169122695923,0.07030510902404785,0.3951128423213959,0.4583333432674408,0.767206072807312,0.029298128094524145,0.2752939760684967,0.6366682052612305,-0.007628589868545532,0.6764336824417114,0.2888953685760498,0.33456212282180786,3.021393382549286,0.36133962869644165,7.583333492279053,2330.200728075
7.593750000000002e-05,0.0679972693324089,0.7777778506278992,1784484546.615979,1.4976141452789307,40397,0.3544691205024719,1900,2.1153268814086914,0.17456358671188354,0.07814496010541916,2.6320292949676514,0.0416666679084301,0.75,,13.062371830046176,-0.017123226076364517,9.897560119628906,465.79,0.6425630450248718,-0.00793668461847119,0.24202291667461395,-0.5455491542816162,0.36879295110702515,0.48060178756713867,0.07050871849060059,0.3955976366996765,0.5833333730697632,0.7656747102737427,0.03158930940553546,0.2753222584724426,0.5906733274459839,-0.008151311427354813,0.6772311925888062,0.3180887699127197,0.33938366174697876,3.012983250617981,0.36806994676589966,7.0416669845581055,2332.756487433
7.593750000000002e-05,0.0683416873216629,0.7777778506278992,1784484549.1600714,1.5236680507659912,40231,0.4104163348674774,1901,2.148155450820923,0.15743590891361237,0.07576658576726913,2.499149799346924,0.0416666679084301,0.5833333730697632,,12.442681859433652,-0.014625966548919678,9.658121109008789,445.8,0.6351030468940735,-0.008312810049392282,0.21881255507469177,-0.5401443243026733,0.3646465539932251,0.528886079788208,0.06934014707803726,0.3941281735897064,0.5833333730697632,0.6968876123428345,0.029594575800001622,0.27531495690345764,0.6028038859367371,-0.008363999426364899,0.6783403158187866,0.29530858993530273,0.3358445167541504,3.014575409889221,0.3613135814666748,7.625,2335.368613829
7.593750000000002e-05,0.07194816321134567,0.7777778506278992,1784484551.775838,1.3937318325042725,39145,0.4404977262020111,1902,2.1905858516693115,0.12540344893932343,0.06819238513708115,2.422006130218506,0.0416666679084301,0.8333333730697632,,13.22142665117979,-0.017679676413536072,9.598075866699219,472.12,0.6558932662010193,-0.006731435834080912,0.20283310115337372,-0.5579156279563904,0.37966471910476685,0.47908759117126465,0.07292777299880981,0.39289456605911255,0.25,0.6876981258392334,0.026709855906665324,0.2751929759979248,0.5815851092338562,-0.007619502022862434,0.6787055730819702,0.320634126663208,0.3469824194908142,3.0101768493652346,0.3728833794593811,7.583333492279053,2337.966587753
7.593750000000002e-05,0.06940286606550217,0.7777778506278992,1784484554.3667068,1.4430558681488037,39421,0.3732558488845825,1903,2.187459707260132,0.140883669257164,0.06702868640422821,2.3383944034576416,0.0,0.5,,12.815454006642103,-0.019881855696439743,9.076192855834961,468.76,0.646781861782074,-0.007683257100870833,0.20268714427947998,-0.5517164468765259,0.3651757836341858,0.4822372794151306,0.06876541674137115,0.3921583294868469,0.375,0.6584905982017517,0.031566156260669234,0.2751340866088867,0.5625191926956177,-0.00847855769097805,0.68138188123703,0.3062314987182617,0.34148257970809937,2.9998221039772033,0.3679502010345459,7.208333492279053,2340.416169467
7.593750000000002e-05,0.0740026980638504,0.7777778506278992,1784484556.8101609,1.3575162887573242,41788,0.3943505883216858,1904,2.0615487098693848,0.13815787434577942,0.06831422448158264,2.3109593391418457,0.0,0.5416666865348816,,12.892427878379822,-0.018773656338453293,9.316993713378906,471.14,0.6505383253097534,-0.007802176658879034,0.20197704434394836,-0.5617028474807739,0.3720712661743164,0.4839398264884949,0.07113364338874817,0.3915254771709442,0.2916666865348816,0.6471436023712158,0.029251642152667047,0.27506527304649353,0.5453637838363647,-0.007845108397305012,0.6828321218490601,0.29087400436401367,0.3430914580821991,2.9947780847549437,0.37326762080192566,7.583333492279053,2342.85168218
0.00011390625000000003,0.0690353661775589,0.7777778506278992,1784484559.2501335,1.5041868686676025,41930,0.41240185499191284,1905,2.0438339710235596,0.1428685486316681,0.07134334743022919,2.6846675872802734,0.0416666679084301,0.875,,12.986260274946689,-0.01940532773733139,10.51224136352539,460.36,0.6455832123756409,-0.00796012245118618,0.21630752086639404,-0.5485798120498657,0.3780238628387451,0.5120875835418701,0.07199706882238388,0.3915349841117859,0.2916666865348816,0.7493452429771423,0.03006327273324132,0.27502939105033875,0.6123871803283691,-0.008335564285516739,0.6837212443351746,0.30060267448425293,0.34228238463401794,2.9829299092292785,0.37027618288993835,7.333333492279053,2345.500060253
0.00011390625000000003,0.06740738451480865,0.7777778506278992,1784484561.9078884,1.4298505783081055,38507,0.3585057258605957,1906,2.245192766189575,0.1450662612915039,0.07168009877204895,2.462130308151245,0.0416666679084301,0.5,,13.513332075253128,-0.022437741979956627,9.837961196899414,485.51,0.6453319787979126,-0.008224571752361954,0.21334831416606903,-0.5529106855392456,0.371494859457016,0.4652884006500244,0.07134503126144409,0.39041757583618164,0.5,0.7277499437332153,0.026924113743007183,0.27515310049057007,0.563819169998169,-0.008382427506148815,0.6834084391593933,0.30763792991638184,0.3391062617301941,2.9910264134407045,0.36909469962120056,7.6666669845581055,2348.058039202
7.593750000000002e-05,0.0723932757973671,0.7777778506278992,1784484564.483428,1.369818091392517,40103,0.39315760135650635,1907,2.1375186443328857,0.12797880172729492,0.06914268434047699,2.4911305904388428,0.0,0.6666666865348816,,13.538994671329856,-0.02101445198059082,10.063580513000488,480.23,0.6585488319396973,-0.009046652057440952,0.2008967250585556,-0.5609303116798401,0.3834364414215088,0.4758395552635193,0.07248317450284958,0.38704532384872437,0.25,0.6921970844268799,0.029937527235597373,0.27511104941368103,0.5772874355316162,-0.00831533782184124,0.6862215399742126,0.31376171112060547,0.3487730920314789,2.9948877692222595,0.3788747191429138,8.5,2350.743262414
0.00011390625000000003,0.07063880562782288,0.7777778506278992,1784484567.149101,1.5349318981170654,38436,0.40469345450401306,1908,2.257253646850586,0.16424249112606049,0.07664880156517029,2.659264087677002,0.0416666679084301,1.0,,12.685906305611134,-0.017084069550037384,10.256538391113281,451.19,0.6374039649963379,-0.00916513182746712,0.2268526554107666,-0.5416203737258911,0.3684290051460266,0.5014344453811646,0.07048021256923676,0.383646696805954,0.3333333432674408,0.7532402873039246,0.030076118744909765,0.27497443556785583,0.6095079779624939,-0.008201397955417633,0.6860816478729248,0.30028414726257324,0.33619770407676697,2.9890247106552126,0.3650839328765869,7.625,2353.226179944
0.00011390625000000003,0.0698935016989708,0.7777778506278992,1784484569.6262865,1.5268605947494507,41303,0.39449644088745117,1909,2.0752902030944824,0.14383743703365326,0.07298782467842102,2.516207218170166,0.0,0.875,,13.235487842559815,-0.017392825335264206,9.711484909057617,468.55,0.6418840885162354,-0.008591705048456789,0.21576154232025146,-0.5528500080108643,0.3665425777435303,0.5307745933532715,0.06997482478618622,0.3842202425003052,0.4166666865348816,0.7291679382324219,0.028901191800832747,0.2748568654060364,0.6065797209739685,-0.008508222177624702,0.6855063438415527,0.3047752380371094,0.3417028784751892,2.971751308441162,0.3649514615535736,7.583333492279053,2355.861681212
0.00011390625000000003,0.06983871012926102,0.7777778506278992,1784484572.2728841,1.746956706047058,38730,0.3818778991699219,1910,2.2365143299102783,0.15297657251358032,0.0779227465391159,2.8880507946014404,0.0833333358168602,0.6666666865348816,,12.706872388720512,-0.020060576498508453,11.119949340820312,457.1,0.635857343673706,-0.008067298252717592,0.23899254202842712,-0.5517197847366333,0.36678409576416016,0.6105499267578125,0.06999356299638748,0.3823130130767822,0.4583333432674408,0.8334274291992188,0.03406030628830194,0.2748291492462158,0.7149101495742798,-0.009680230170488358,0.6852139234542847,0.3016493320465088,0.3363938331604004,2.9634359240531922,0.3681773841381073,7.208333492279053,2358.330497216
5.062500000000002e-05,0.06662358343601227,0.7777778506278992,1784484574.7339075,1.6816967725753784,41620,0.4097083508968353,1911,2.0723042488098145,0.1768212616443634,0.08371778577566147,2.8696706295013428,0.0416666679084301,0.9166666865348816,,12.637291658222676,-0.01894652470946312,11.095507621765137,449.02,0.6324191093444824,-0.008046902815112843,0.25623029470443726,-0.5409793853759766,0.3612303137779236,0.5961391925811768,0.06867275387048721,0.38216567039489746,0.625,0.8495985865592957,0.029705318808555602,0.27489152550697327,0.7139438390731812,-0.008457712829113007,0.68524169921875,0.2895989418029785,0.3361693322658539,2.9695151448249817,0.3584922254085541,8.375,2360.916592821
0.00011390625000000003,0.06807317584753036,0.7777778506278992,1784484577.3405263,1.404064416885376,39541,0.4594493508338928,1912,2.1773650646209717,0.14949417114257812,0.07036598026752472,2.4672672748565674,0.0,0.75,,12.504257241468876,-0.019946802407503128,9.557563781738281,459.3,0.6504883766174316,-0.008785421692846285,0.21909099817276,-0.5570354461669922,0.3716672658920288,0.4875979423522949,0.07088177651166916,0.38118839263916016,0.25,0.7732924222946167,0.030409778561443092,0.27490702271461487,0.5863486528396606,-0.007974623702466488,0.6861720085144043,0.30871152877807617,0.34594807028770447,2.973658561706543,0.36843448877334595,8.375,2363.536435305
0.00011390625000000003,0.06750071048736572,0.7777778506278992,1784484579.9407904,1.5618138313293457,39372,0.4314764142036438,1913,2.1812031269073486,0.16681760549545288,0.07864507287740707,2.6733558177948,0.0416666679084301,0.625,,12.886835498511791,-0.014915644191205502,10.500190734863281,461.17,0.660584568977356,-0.008814015024108812,0.23839405179023743,-0.5607767701148987,0.382698655128479,0.5719590187072754,0.07328148931264877,0.3796348571777344,0.6666666865348816,0.7900130748748779,0.03271544892340898,0.274901419878006,0.6516553163528442,-0.007996683940291405,0.6888521909713745,0.31555914878845215,0.34932130575180054,2.9770141005516053,0.375762939453125,7.125,2366.096928749
0.00011390625000000003,0.06531240791082382,0.7777778506278992,1784484582.5019553,1.5817248821258545,39976,0.392333984375,1914,2.173600435256958,0.15814335644245148,0.07490067183971405,2.5617215633392334,0.0416666679084301,0.75,,12.739190980196,-0.019099023193120956,10.228495597839355,453.61,0.631355881690979,-0.00784545480273664,0.23280702531337738,-0.5351617336273193,0.36315369606018066,0.5332497358322144,0.06939473748207092,0.37593597173690796,0.6666666865348816,0.7476876974105835,0.03425074610859156,0.2750043272972107,0.6120867729187012,-0.008230678737163544,0.6944084167480469,0.28544092178344727,0.3347298502922058,2.9815807223320006,0.3585985600948334,7.25,2369.401659382
7.593750000000002e-05,0.07077131420373917,0.7777778506278992,1784484585.9081185,1.6430082321166992,30704,0.37154513597488403,1915,2.884737730026245,0.15109223127365112,0.0737885981798172,2.6649532318115234,0.0,0.4583333432674408,"{'_type': 'video-file', 'sha256': '398d1529d68fb459d9b3332d75507358ae183fc75ce784c158c9f97590179f55', 'path': 'media/videos/video_1915_398d1529d68fb459d9b3.mp4', 'size': 1542610.0}",13.450978647470475,-0.0176463034003973,10.28023910522461,475.88,0.647900402545929,-0.00904329221812077,0.22903874516487122,-0.552370011806488,0.3718223571777344,0.5387128591537476,0.07109400629997253,0.3751978576183319,0.7083333730697632,0.7506457567214966,0.029246828984469175,0.2749435007572174,0.6180552244186401,-0.007960514165461063,0.6962587237358093,0.3168349266052246,0.34347042441368103,2.9814141988754272,0.36878252029418945,8.625,2372.094653402
7.593750000000002e-05,0.07154101133346558,0.7777778506278992,1784484588.4985795,1.6074389219284058,39336,0.37368401885032654,1916,2.2072207927703857,0.1508900225162506,0.07466436922550201,2.6737449169158936,0.0,0.875,,12.565018464624881,-0.02086940035223961,10.422239303588867,446.64,0.6458092927932739,-0.007046052720397711,0.22364744544029236,-0.5480369925498962,0.37783199548721313,0.5146286487579346,0.07259494066238403,0.3756181597709656,0.2083333432674408,0.7453405857086182,0.03243378456681967,0.27497243881225586,0.6289492845535278,-0.008334646001458168,0.6971439123153687,0.29186344146728516,0.3402254581451416,2.9772281646728516,0.3720341622829437,8.208333969116211,2374.572769223
0.00011390625000000003,0.06997863948345184,0.7777778506278992,1784484590.9766376,1.7008056640625,41369,0.3805416524410248,1917,2.078876495361328,0.17861506342887878,0.08135545253753662,2.8869292736053467,0.0416666679084301,0.9583333730697632,,12.309130233228206,-0.019465481862425804,11.54035758972168,450.11,0.6348165273666382,-0.00841925389249809,0.2617602050304413,-0.5408661365509033,0.363468736410141,0.622186005115509,0.06864318251609802,0.37529969215393066,0.625,0.8663040995597839,0.03141355747357011,0.27488669753074646,0.7164642214775085,-0.007687620352953672,0.6970392465591431,0.2973506450653076,0.336398184299469,2.974654567241669,0.3597255349159241,7.375,2377.184859525
7.593750000000002e-05,0.071867436170578,0.7777778506278992,1784484593.5940425,1.4213060140609741,39155,0.416675329208374,1918,2.199648380279541,0.14959529042243958,0.07249128073453903,2.458552360534668,0.0833333358168602,0.5416666865348816,,12.85522341221571,-0.018990200012922287,9.658536911010742,464.92,0.6504752039909363,-0.009017690195469186,0.21572858095169067,-0.5553880929946899,0.3720727860927582,0.4738437533378601,0.07133804261684418,0.37565717101097107,0.4166666865348816,0.6872158050537109,0.027194006461650135,0.27472683787345886,0.5654256343841553,-0.008771770633757114,0.6974570155143738,0.31096339225769043,0.34314095973968506,2.956826901435852,0.36960452795028687,7.625,2379.830826961
7.593750000000002e-05,0.07274233549833298,0.7777778506278992,1784484596.2479112,1.4028840065002441,38722,0.3856649100780487,1919,2.2240700721740723,0.10353296995162964,0.061579879373311996,2.3554177284240723,0.0,0.625,,13.243085431754588,-0.01602928154170513,9.74632453918457,472.45,0.6660283803939819,-0.008393965844152262,0.18349745869636536,-0.563887357711792,0.38354524970054626,0.4850497841835022,0.07370269298553467,0.37563151121139526,0.25,0.6700050830841064,0.03204716378822923,0.27454546093940735,0.5490615367889404,-0.00850236602127552,0.6962941884994507,0.31463003158569336,0.35196787118911743,2.9408687949180603,0.37749776244163513,8.5,2382.436265497
0.00011390625000000003,0.06821133941411972,0.7777778506278992,1784484598.840055,1.4182720184326172,39475,0.4595407247543335,1920,2.197335720062256,0.1434689164161682,0.07058919966220856,2.4870095252990723,0.0,0.9166666865348816,,12.994708888828754,-0.01723773404955864,10.01622486114502,463.84,0.6556168794631958,-0.0074495111242868,0.21429497003555298,-0.5554372072219849,0.3767370879650116,0.49543893337249756,0.07229901850223541,0.37282395362854004,0.3333333432674408,0.7235164642333984,0.031248314026743173,0.27456462383270264,0.6080333590507507,-0.008016027510166168,0.6989731192588806,0.2928919792175293,0.34654340147972107,2.9291324615478516,0.37126481533050537,8.166666984558105,2384.996895695
0.00011390625000000003,0.06889084726572037,0.7777778506278992,1784484601.399109,1.532572627067566,39957,0.43488848209381104,1921,2.1687607765197754,0.16467177867889404,0.07693655788898468,2.5899834632873535,0.0,0.5833333730697632,,13.06043256431818,-0.018440958112478256,10.186548233032227,469.87,0.6424745321273804,-0.009183675196254626,0.2337649166584015,-0.5504814386367798,0.36461400985717773,0.5366252660751343,0.06951923668384552,0.37313932180404663,0.5,0.7505430579185486,0.027240365371108057,0.27459219098091125,0.6075512766838074,-0.007765741553157568,0.7000951170921326,0.2914762496948242,0.3397713303565979,2.939873731136322,0.36448583006858826,7.083333492279053,2387.52989308
0.00011390625000000003,0.06330683082342148,0.7777778506278992,1784484603.9344344,1.4916715621948242,40395,0.3999556303024292,1922,2.134979009628296,0.1348651945590973,0.06768381595611572,2.6246232986450195,0.0,1.0,,12.711581352055072,-0.018502820283174515,10.351221084594727,455.03,0.6427369713783264,-0.009305516261520097,0.2036164402961731,-0.5476558208465576,0.3700016438961029,0.47613200545310974,0.07034828513860703,0.3736572265625,0.3333333432674408,0.7199863195419312,0.030597574915736912,0.2743760347366333,0.5736066699028015,-0.008684314787387848,0.6986328363418579,0.29857945442199707,0.33924874663352966,2.9274817943572997,0.3653227686882019,7.958333492279053,2390.064993977
0.00011390625000000003,0.06594297289848328,0.7777778506278992,1784484606.498417,1.5558252334594727,40417,0.41695284843444824,1923,2.1230413913726807,0.148090660572052,0.07426350563764572,2.7118372917175293,0.0,0.625,,13.165823394358158,-0.018611252307891846,10.737037658691406,473.95,0.6518616080284119,-0.009030014026211574,0.22406278550624847,-0.555553138256073,0.3721736669540405,0.5790673494338989,0.07204188406467438,0.36916622519493103,0.4166666865348816,0.7722821235656738,0.027141406387090682,0.2743128836154938,0.6676814556121826,-0.007702433969825506,0.6980494260787964,0.3091592788696289,0.34532099962234497,2.910491108894348,0.36860212683677673,7.375,2392.777670543
7.593750000000002e-05,0.0658830851316452,0.7777778506278992,1784484609.1856415,1.5358209609985352,38096,0.42286166548728943,1924,2.2792775630950928,0.16214147210121155,0.07676950097084045,2.6973400115966797,0.0,0.9583333730697632,,12.63239499360323,-0.0182974673807621,10.497939109802246,462.86,0.6313320398330688,-0.00855012472020462,0.2452605664730072,-0.5402814745903015,0.35632216930389404,0.5412192344665527,0.06822644174098969,0.3685050904750824,0.5,0.7970961332321167,0.030306996870785953,0.2741791903972626,0.6429852843284607,-0.008123821578919888,0.6993440389633179,0.301088809967041,0.3335556983947754,2.90172084569931,0.35352766513824463,6.833333492279053,2395.230239946
7.593750000000002e-05,0.07120177894830704,0.7777778506278992,1784484611.632685,1.7678335905075073,41847,0.3802705705165863,1925,2.060974359512329,0.15381568670272827,0.07817433774471283,3.000777006149292,0.0416666679084301,1.0416667461395264,,12.988355283737183,-0.019477512687444687,11.505054473876953,456.79,0.6436166763305664,-0.009084589371923357,0.23910151422023773,-0.5415226221084595,0.36737674474716187,0.5931129455566406,0.07127600163221359,0.3700370490550995,0.25,0.8348724246025085,0.03093501729890704,0.27408567070961,0.7142614126205444,-0.007466872688382864,0.6989054679870605,0.2881500720977783,0.3402741849422455,2.890908968448639,0.3659217059612274,7.1666669845581055,2397.92111897
7.593750000000002e-05,0.0718202292919159,0.7777778506278992,1784484614.33784,1.3440282344818115,37962,0.4266771674156189,1926,2.286539077758789,0.11941494792699814,0.06472119688987732,2.3097550868988037,0.0,0.7083333730697632,,13.044778307154775,-0.020296882838010788,9.075929641723633,468.25,0.6630173921585083,-0.008157598570687697,0.188660129904747,-0.5576692819595337,0.3810247778892517,0.4641692042350769,0.072222501039505,0.3687351644039154,0.25,0.6413402557373047,0.030923363845795394,0.2740689218044281,0.531220555305481,-0.00759654026478529,0.6968656778335571,0.3029606342315674,0.35209351778030396,2.8841736793518065,0.37340790033340454,7.7916669845581055,2400.397080395
7.593750000000002e-05,0.06955549120903015,0.7777778506278992,1784484616.8002584,1.4105727672576904,41623,0.4227217435836792,1927,2.0620534420013428,0.15110665559768677,0.07152626663446426,2.4190917015075684,0.0,1.0,,12.963032647371293,-0.018320169299840927,9.87127685546875,462.62,0.6458951234817505,-0.006730778344604005,0.21578876674175262,-0.5443127155303955,0.37019798159599304,0.5095623731613159,0.07170839607715607,0.36858558654785156,0.25,0.726530909538269,0.031025877501815558,0.2739723324775696,0.5931806564331055,-0.007833880372345448,0.6963438987731934,0.2996797561645508,0.3424503207206726,2.8782108664512633,0.36504673957824707,7.6666669845581055,2403.035929522
5.062500000000002e-05,0.07164741307497025,0.7777778506278992,1784484619.452693,1.3608222007751465,38737,0.39784693717956543,1928,2.2235050201416016,0.13881045579910278,0.06657776236534119,2.523190975189209,0.0,0.9583333730697632,,13.05482407324016,-0.019818363711237907,10.10132884979248,471.16,0.661605715751648,-0.007189882860984653,0.20168110728263855,-0.5634825229644775,0.37581944465637207,0.5040339231491089,0.07269176840782166,0.36844706535339355,0.2083333432674408,0.718275249004364,0.029503159783780576,0.27402281761169434,0.5871434211730957,-0.009050375781953335,0.6962226629257202,0.31416845321655273,0.3492930829524994,2.872142791748047,0.37043437361717224,7.708333492279053,2405.585262808
0.00011390625000000003,0.06900592148303986,0.7777778506278992,1784484622.0054288,1.3486967086791992,40458,0.4150322377681732,1929,2.120305061340332,0.11930322647094727,0.06528057157993317,2.442636013031006,0.0,0.7083333730697632,,13.363458100259304,-0.01889447309076786,9.65958023071289,481.68,0.6706317663192749,-0.008056240263977088,0.19463315606117249,-0.5699915289878845,0.3846195340156555,0.4771009385585785,0.07388084381818771,0.3682873845100403,0.125,0.6949599981307983,0.029495153110474348,0.27419716119766235,0.5594651699066162,-0.008027415722608566,0.6973365545272827,0.3094215393066406,0.3539458215236664,2.889223611354828,0.37750595808029175,8.166666984558105,2408.32741935
7.593750000000004e-05,0.06497198343276978,0.7777778506278992,1784484624.7387846,1.5556066036224365,37515,0.40688666701316833,1930,2.3055663108825684,0.15777821838855743,0.0770050510764122,2.6723361015319824,0.0,0.6666666865348816,,13.387795173972846,-0.020211130380630493,10.730031967163086,475.93,0.6543291807174683,-0.0071303910852293486,0.23964393138885498,-0.5476828217506409,0.37313660979270935,0.5768369436264038,0.07196986675262451,0.3672778010368347,0.4583333432674408,0.8185307383537292,0.03028861479833722,0.2741692066192627,0.6795612573623657,-0.007790131028741598,0.6977264285087585,0.31481361389160156,0.34620043635368347,2.898976671695709,0.3649543523788452,7.4166669845581055,2410.82799281
7.593750000000002e-05,0.06831184029579163,0.7777778506278992,1784484627.2325923,1.5206153392791748,41166,0.39044389128685,1931,2.0936214923858643,0.14341269433498383,0.07260790467262268,2.5805482864379883,0.0,0.7083333730697632,,13.425053998231888,-0.01941288262605667,10.26986312866211,481.07,0.6575043201446533,-0.009176142350770532,0.2239728420972824,-0.5557280778884888,0.37441107630729675,0.49637269973754883,0.07141723483800888,0.36663174629211426,0.3333333432674408,0.752954363822937,0.02928350092843175,0.27392616868019104,0.5903300046920776,-0.00842222012579441,0.6977826356887817,0.29436278343200684,0.348621129989624,2.8795585155487062,0.3696615695953369,7.1666669845581055,2413.505153721
0.00011390625000000003,0.06864587962627411,0.7777778506278992,1784484629.9184277,1.3325554132461548,38157,0.43662333488464355,1932,2.2645504474639893,0.12278158962726593,0.06683765351772308,2.3477895259857178,0.0,0.5,,12.85326510488987,-0.01991826854646206,9.243341445922852,466.62,0.6630998849868774,-0.007738657167647034,0.19244226813316345,-0.5591602325439453,0.3789792060852051,0.4922370910644531,0.072737917304039,0.3660869598388672,0.2916666865348816,0.6479359865188599,0.02952845236286521,0.2738628685474396,0.5562381148338318,-0.007593258284032345,0.6973392367362976,0.3117358684539795,0.34962198138237,2.862611722946167,0.37261003255844116,8.958333969116211,2416.065833908
0.00011390625000000003,0.0669984444975853,0.7777778506278992,1784484632.4879134,1.6452993154525757,40147,0.3826667070388794,1933,2.127462863922119,0.138706773519516,0.07179398834705353,2.7113513946533203,0.0416666679084301,0.8333333730697632,,13.052724929302931,-0.015600018203258514,10.804054260253906,466.54,0.652101993560791,-0.008605481221457012,0.21515226364135742,-0.5573205947875977,0.3697587847709656,0.5276451110839844,0.07125894725322723,0.36552417278289795,0.4166666865348816,0.7675904035568237,0.028179875295609235,0.2739032804965973,0.6254328489303589,-0.009159150533378124,0.6975710391998291,0.32108569145202637,0.3438645303249359,2.862606132030487,0.36878538131713867,7.6666669845581055,2418.641417127
0.00011390625000000003,0.06794960796833038,0.7685185670852661,1784484635.0395558,1.6735687255859375,40074,0.434469074010849,1934,2.16003680229187,0.15306691825389862,0.0758863165974617,2.8807578086853027,0.0,1.0,,12.645385307222604,-0.01590668596327305,11.266380310058594,457.95,0.635282039642334,-0.008464819146320223,0.22903871536254883,-0.5446386337280273,0.3660195767879486,0.5985195636749268,0.07088612020015717,0.36411017179489136,0.2083333432674408,0.8150930404663086,0.027044910285621882,0.273634135723114,0.6979243159294128,-0.008918294683098793,0.6972054243087769,0.2930150032043457,0.3330576419830322,2.852575051784515,0.3578821122646332,7.083333492279053,2421.211543936
7.593750000000002e-05,0.06148036569356918,0.6666667461395264,1784484637.6256697,1.4441936016082764,39714,0.39615029096603394,1935,2.1562509536743164,0.12855005264282227,0.06884067505598068,2.5583484172821045,0.0,0.75,,12.850994327068328,-0.017028488218784332,9.990447998046875,467.63,0.6570926904678345,-0.009120452718343585,0.20453011989593506,-0.5580034255981445,0.3739033341407776,0.46611618995666504,0.07171227037906647,0.3649817109107971,0.3333333432674408,0.6974696516990662,0.030037102289497852,0.27355727553367615,0.5512883067131042,-0.008480194956064224,0.696710467338562,0.3190453052520752,0.34764203429222107,2.8295507073402404,0.36883074045181274,7.875,2424.490199094
0.00011390625000000003,0.06891553103923798,0.6666667461395264,1784484640.9710338,1.5445051193237305,31084,0.4206854999065399,1936,2.8625340461730957,0.15406660735607147,0.0755978375673294,2.6440510749816895,0.0,0.8333333730697632,"{'path': 'media/videos/video_1936_c125222d6e758fc3e705.mp4', 'size': 1595025.0, '_type': 'video-file', 'sha256': 'c125222d6e758fc3e705deed8c2987bd6f08d3a37473760185078b050331461f'}",12.435508841872215,-0.018123066052794456,10.440505981445312,448.6,0.6442177295684814,-0.007929830098873936,0.2256391942501068,-0.5466881990432739,0.3672402799129486,0.5437783002853394,0.07036621868610382,0.36483344435691833,0.5416666865348816,0.7513994574546814,0.031511863507330415,0.273609459400177,0.6325470805168152,-0.007822610437870026,0.6985405683517456,0.29990124702453613,0.3409312963485718,2.832242739200592,0.362354040145874,8.666666984558105,2427.006918981
0.00011390625000000003,0.06526504456996918,0.6666667461395264,1784484643.414155,1.5854213237762451,41833,0.3888811767101288,1937,2.0651912689208984,0.15881071984767914,0.07516971230506897,2.6475744247436523,0.0,0.9583333730697632,,12.67423520386219,-0.014481226913630962,10.050909996032715,454.53,0.6341735124588013,-0.0078701702557737,0.2242707461118698,-0.5474098920822144,0.3613399863243103,0.5053181052207947,0.06923642009496689,0.3654761016368866,0.7083333730697632,0.7330428957939148,0.030814132746309043,0.2737308442592621,0.5865861773490906,-0.009083239361643791,0.6997941732406616,0.2846987247467041,0.33419567346572876,2.840207612514496,0.35775622725486755,8.041666984558105,2429.669368676
7.593750000000002e-05,0.06731060892343521,0.6666667461395264,1784484646.0735755,1.5466012954711914,38458,0.4314383864402771,1938,2.252197742462158,0.16761581599712372,0.0818859115242958,2.662574529647827,0.0,0.4166666865348816,,12.834873576909304,-0.015906495973467827,10.368255615234375,463.4,0.6363266110420227,-0.009136746138392483,0.2426052987575531,-0.5467150211334229,0.36780044436454773,0.5635858774185181,0.07054298371076584,0.3631858825683594,0.6666666865348816,0.7607869505882263,0.026601605396717787,0.2737657427787781,0.6559104323387146,-0.009067738428711891,0.7000851631164551,0.3039066791534424,0.33686161041259766,2.8500747442245484,0.360050767660141,7.708333492279053,2432.111528864
0.00011390625000000003,0.06860953569412231,0.6666667461395264,1784484648.5215106,1.3801778554916382,42029,0.39834922552108765,1939,2.050057888031006,0.14886116981506348,0.07060752809047699,2.409820079803467,0.0,0.875,,13.252879524230957,-0.020963264629244804,9.948431015014648,470.19,0.6479943990707397,-0.007170929784479085,0.21088306605815887,-0.5494065284729004,0.3709624707698822,0.48011869192123413,0.07177793979644775,0.3610820770263672,0.3333333432674408,0.7133764028549194,0.026984406728297473,0.2734256684780121,0.5618155002593994,-0.00891435518860817,0.7006419897079468,0.2888758182525635,0.34154877066612244,2.8342939019203186,0.3657861351966858,7.583333492279053,2434.696277214
7.593750000000002e-05,0.07221641391515732,0.6666667461395264,1784484651.1119132,1.3508167266845703,39719,0.41726553440093994,1940,2.17061448097229,0.11708163470029831,0.06724047660827637,2.390214681625366,0.0416666679084301,0.4583333432674408,,13.493466651439666,-0.015626123175024986,9.437295913696289,479.84,0.6596967577934265,-0.008401170346769505,0.18865689635276794,-0.563301682472229,0.37888798117637634,0.515205442905426,0.07362481951713562,0.36141058802604675,0.3333333432674408,0.6880817413330078,0.030413251463323833,0.27330493927001953,0.5961902141571045,-0.008825402706861496,0.7003355026245117,0.3043534755706787,0.349720299243927,2.801261532306671,0.37649422883987427,8.708333969116211,2437.191857926
0.00011390625000000003,0.07381559908390045,0.6666667461395264,1784484653.5926125,1.5270451307296753,41309,0.37636375427246094,1941,2.0924038887023926,0.16104601323604584,0.07492534816265106,2.6346428394317627,0.0,0.8333333730697632,,13.032629916667938,-0.01710628531873226,9.796117782592773,459.19,0.6428131461143494,-0.007516676627960806,0.22475841641426086,-0.5412012934684753,0.37315988540649414,0.5529452562332153,0.07240581512451172,0.3622574806213379,0.75,0.7564988136291504,0.02995214257389307,0.27325955033302307,0.6398892402648926,-0.007590058259665966,0.7007197141647339,0.28726887702941895,0.33847495913505554,2.7974062323570252,0.36716580390930176,8.375,2439.758585253
0.00011390625000000003,0.06416888535022736,0.6666667461395264,1784484656.1635725,1.552384853363037,39848,0.3637259006500244,1942,2.17942476272583,0.13641440868377686,0.07058349996805191,2.6371254920959473,0.0,0.75,,13.103564933538436,-0.017446232959628105,10.432836532592773,469.01,0.6459037661552429,-0.00867772491183132,0.21170052886009216,-0.5479855537414551,0.36632609367370605,0.505631685256958,0.07063639163970947,0.3626968562602997,0.3333333432674408,0.7286118865013123,0.03190655186772347,0.2731632888317108,0.6159588694572449,-0.008335672318935394,0.7013034820556641,0.2875337600708008,0.3406878411769867,2.7896020650863647,0.36415672302246094,6.6666669845581055,2442.318463662
7.593750000000002e-05,0.07087744027376175,0.6666667461395264,1784484658.735964,1.558943748474121,40025,0.4524221420288086,1943,2.1562459468841553,0.12848369777202606,0.0686488077044487,2.6762824058532715,0.0833333358168602,0.9166666865348816,,13.411205170452595,-0.018197860568761826,10.377233505249023,478.66,0.6540650725364685,-0.009042916268663248,0.20641528069972992,-0.5570856928825378,0.3770841956138611,0.49560651183128357,0.07284711301326752,0.36342987418174744,0.25,0.7260696291923523,0.031761880964040756,0.2732052505016327,0.5990883708000183,-0.008356994017958641,0.7011048197746277,0.2997727394104004,0.34646928310394287,2.786582660675049,0.3694232702255249,7.625,2444.879670452
7.593750000000002e-05,0.0651884526014328,0.6666667461395264,1784484661.285682,1.5283217430114746,40244,0.4365540146827698,1944,2.1482834815979004,0.1634061485528946,0.07680848240852356,2.6189444065093994,0.0,0.9583333730697632,,12.618480381667615,-0.01915879175066948,10.048894882202148,449.45,0.639644980430603,-0.008665865182410925,0.23103754222393036,-0.5380760431289673,0.3669397830963135,0.5066649913787842,0.07122918963432312,0.3642110526561737,0.5,0.7585408091545105,0.031692468002438544,0.273269921541214,0.6092542409896851,-0.0075499857775866985,0.7010397911071777,0.29441142082214355,0.3378957509994507,2.790769350528717,0.3620397448539734,7.375,2447.432008154
7.593750000000002e-05,0.06672076880931854,0.6666667461395264,1784484663.8368192,1.5411567687988281,40152,0.40174707770347595,1945,2.151139259338379,0.15934871137142181,0.0750821977853775,2.5645766258239746,0.0416666679084301,0.7083333730697632,,12.784070056378841,-0.020734025165438652,10.321969985961914,465.74,0.6454949975013733,-0.007180511381011456,0.22610370814800262,-0.5520761013031006,0.3767198920249939,0.5207372903823853,0.07312138378620148,0.3625743091106415,0.4166666865348816,0.7427422404289246,0.03047039555385709,0.2733403444290161,0.6234433650970459,-0.009677734225988388,0.7008087635040283,0.29712486267089844,0.34111833572387695,2.797311079502106,0.36587852239608765,7.208333492279053,2449.930519654
0.00011390625000000003,0.06455442309379578,0.6666667461395264,1784484666.3321004,1.3547853231430054,41058,0.41602396965026855,1946,2.0967938899993896,0.11575020849704742,0.0628562867641449,2.3147997856140137,0.0,0.5416666865348816,,12.975587782859803,-0.020205175504088402,9.208307266235352,464.8,0.6604602336883545,-0.007974410147289746,0.1849985122680664,-0.558393120765686,0.3782232999801636,0.4429609775543213,0.07333965599536896,0.36253154277801514,0.2916666865348816,0.6502703428268433,0.02761440183967352,0.27329474687576294,0.535112738609314,-0.00802750326693058,0.7017568349838257,0.2974700927734375,0.3511437773704529,2.7926117062568663,0.37237748503685,7.2916669845581055,2452.578057609
0.00011390625000000003,0.06665552407503128,0.6666667461395264,1784484668.9817798,1.4410810470581055,38566,0.40192729234695435,1947,2.2403624057769775,0.18219327926635742,0.08118729293346405,2.6102895736694336,0.0416666679084301,0.4583333432674408,,12.030257202386856,-0.024222588166594505,10.220176696777344,443.08,0.6303438544273376,-0.008217874949332326,0.25351423025131226,-0.5385053157806396,0.36185193061828613,0.5685698986053467,0.0701105073094368,0.36083197593688965,0.875,0.7697741985321045,0.031958851125091316,0.2734012305736542,0.6461712718009949,-0.007982554845511913,0.7031680941581726,0.30859947204589844,0.335588663816452,2.797572982311249,0.3578258454799652,8.041666984558105,2455.150312101
0.00011390625000000003,0.06857731193304062,0.6666667461395264,1784484671.5656633,1.587099313735962,39777,0.40608131885528564,1948,2.164133310317993,0.1518346667289734,0.07173870503902435,2.740161895751953,0.0,0.7916666865348816,,13.240478529930115,-0.016168715432286263,10.75054931640625,475.13,0.6454524993896484,-0.008294748014304788,0.22378961741924286,-0.5469701290130615,0.3708808422088623,0.5892274379730225,0.07243604958057404,0.3576948046684265,0.4166666865348816,0.7863560914993286,0.03138037417083979,0.2735133469104767,0.6855640411376953,-0.008081760257482529,0.7041007280349731,0.3072025775909424,0.3423405885696411,2.8083227276802063,0.36513957381248474,7.333333492279053,2457.788359063
0.00011390625000000003,0.06954105943441391,0.6666667461395264,1784484674.1873682,1.550466537475586,38987,0.4454197287559509,1949,2.223421096801758,0.14964281022548676,0.06987828016281128,2.5286898612976074,0.0833333358168602,0.7916666865348816,,13.894918130636215,-0.017287826165556908,9.753833770751953,483.11,0.660271942615509,-0.008736451662844046,0.2140611708164215,-0.5502888560295105,0.37908658385276794,0.49568840861320496,0.07493690401315689,0.36007723212242126,0.375,0.718474268913269,0.026239865086972715,0.27335238456726074,0.5770984888076782,-0.00767531618475914,0.7028489112854004,0.29801297187805176,0.34957656264305115,2.8066462516784667,0.37172484397888184,7.6666669845581055,2460.318828004
0.00011390625000000003,0.07222844660282135,0.6666667461395264,1784484676.7226818,1.5629932880401611,40386,0.36286693811416626,1950,2.138441562652588,0.15471377968788147,0.07324063032865524,2.679006576538086,0.0416666679084301,0.5416666865348816,,13.223684968166053,-0.01601395010948181,10.329462051391602,468.04,0.6533558964729309,-0.008441786488401704,0.22309762239456177,-0.5502848625183105,0.37633904814720154,0.541183590888977,0.07326381653547287,0.3588458001613617,0.4166666865348816,0.7527498602867126,0.029860604368150235,0.2732114791870117,0.6326271891593933,-0.007373742293566465,0.7019316554069519,0.2956681251525879,0.34714627265930176,2.7882493495941163,0.37215131521224976,7.708333492279053,2462.778689252
0.00011390625000000003,0.07142344117164612,0.6666667461395264,1784484679.1804757,1.5666961669921875,41656,0.4353766143321991,1951,2.0749971866607666,0.16241773962974548,0.07437576353549957,2.564735174179077,0.0,0.75,,12.649100219905376,-0.02093987539410591,9.999833106994629,461.12,0.6431387066841125,-0.008977967704413458,0.22487221658229828,-0.5493630170822144,0.3680548667907715,0.5288749933242798,0.07175039499998093,0.35859593749046326,0.4166666865348816,0.751541018486023,0.026270911376923323,0.273166686296463,0.6283535957336426,-0.009085641242563725,0.7011690139770508,0.28485846519470215,0.3421134650707245,2.7769460678100586,0.3661693036556244,7.0416669845581055,2465.317481468
0.00011390625000000003,0.07146257162094116,0.6666667461395264,1784484681.7344668,1.3924651145935059,40295,0.4178548753261566,1952,2.1219868659973145,0.12917834520339966,0.0689399316906929,2.5593161582946777,0.0,0.625,,13.410524283647538,-0.02240687608718872,10.174972534179688,470.27,0.6682676672935486,-0.009425192908383905,0.20719890296459198,-0.555727481842041,0.3884931802749634,0.5371398329734802,0.07547838240861893,0.3595660626888275,0.2083333432674408,0.7096446752548218,0.025117572955787183,0.2729542553424835,0.6001595258712769,-0.00756676634773612,0.7013626098632812,0.3176097869873047,0.3555353581905365,2.759550952911377,0.38281843066215515,7.708333492279053,2467.997282962
5.062500000000002e-05,0.06981143355369568,0.6666667461395264,1784484684.4048343,1.3319518566131592,38369,0.4099266529083252,1953,2.2517263889312744,0.1362033486366272,0.06884202361106873,2.3626365661621094,0.0833333358168602,0.7083333730697632,,13.264732637107372,-0.017584655433893204,9.530194282531738,477.24,0.6759710311889648,-0.00875188044301467,0.20665305852890015,-0.566059410572052,0.38424786925315857,0.48514121770858765,0.0751420259475708,0.3585016131401062,0.2916666865348816,0.7176063060760498,0.03138482272624969,0.2727837562561035,0.5721417665481567,-0.0065923286601901054,0.7041055560112,0.310321569442749,0.36116713285446167,2.7375401735305784,0.3799664378166199,9.0,2470.460230764
0.00011390625000000003,0.06895279884338379,0.6666667461395264,1784484686.8665838,1.5451868772506714,41723,0.36841416358947754,1954,2.0663034915924072,0.14163030683994293,0.07126934081315994,2.6709887981414795,0.0,0.7916666865348816,,13.513301705121995,-0.015329021960496902,10.345170021057129,484.36,0.6578528881072998,-0.007581771636614576,0.21713602542877197,-0.5571756362915039,0.3726235330104828,0.5495734214782715,0.07244011759757996,0.3587430715560913,0.375,0.7328028082847595,0.031352592073380946,0.2727130055427551,0.6368846893310547,-0.007386483252048492,0.7050027847290039,0.28980088233947754,0.34968096017837524,2.724042868614197,0.3712843656539917,7.1666669845581055,2473.018708862
7.593750000000002e-05,0.06783685833215714,0.6666667461395264,1784484689.427247,1.5627386569976807,40032,0.36748188734054565,1955,2.1446266174316406,0.14779669046401978,0.06916367262601852,2.5149192810058594,0.0416666679084301,0.7916666865348816,,13.195583628714084,-0.02550518326461315,9.984196662902832,476.27,0.654573380947113,-0.008953912887955084,0.20274949073791504,-0.557845950126648,0.3750332295894623,0.4987662434577942,0.07408414781093597,0.3593493700027466,0.375,0.714103102684021,0.02800304926931858,0.2726663053035736,0.5867276787757874,-0.007816658355295658,0.7056988477706909,0.3109569549560547,0.346308171749115,2.722947335243225,0.37361806631088257,7.333333492279053,2475.574456178
0.00011390625000000003,0.06567782908678055,0.6666667461395264,1784484691.9782765,1.4196712970733643,40162,0.4127503037452698,1956,2.1548452377319336,0.14772866666316986,0.07199092209339142,2.576396942138672,0.0,0.7916666865348816,,13.008263854980468,-0.019216328859329224,10.098612785339355,474.41,0.6560980677604675,-0.007861802616389468,0.22256219387054443,-0.5531446933746338,0.37673521041870117,0.5495375394821167,0.0736488476395607,0.36065801978111267,0.375,0.7249600291252136,0.030585521645843983,0.2726634740829468,0.6290487051010132,-0.007787431590259075,0.7058503031730652,0.2928049564361572,0.34871721267700195,2.7145075678825377,0.37013229727745056,7.958333492279053,2478.794941016
0.00011390625000000003,0.06779708713293076,0.6666667461395264,1784484695.2884123,1.528174638748169,31509,0.3920046091079712,1957,2.801650047302246,0.14250251650810242,0.07145222276449203,2.5345067977905273,0.0416666679084301,0.75,"{'path': 'media/videos/video_1957_2160d0faf5356b537260.mp4', 'size': 1771591.0, '_type': 'video-file', 'sha256': '2160d0faf5356b537260fea4fe1f10cf8ed86db7be12f3a89a2725c01a0c9907'}",12.948006703853608,-0.02003270760178566,9.787556648254395,466.52,0.64937824010849,-0.008709676924627274,0.21189634501934052,-0.5535275936126709,0.3690234124660492,0.5017349720001221,0.0724513828754425,0.360555499792099,0.3333333432674408,0.7176294326782227,0.02988707274198532,0.2724525034427643,0.5868220329284668,-0.007950271479785442,0.7076396346092224,0.31819605827331543,0.3451414108276367,2.705406093597412,0.3659474849700928,7.958333492279053,2481.414550482
0.00011390625000000003,0.06736946105957031,0.6666667461395264,1784484697.8127427,1.611258864402771,40314,0.3752292990684509,1958,2.151254653930664,0.1717676818370819,0.08193964511156082,2.765453338623047,0.0833333358168602,0.6666666865348816,,13.11936522603035,-0.01800207607448101,10.251791954040527,463.95,0.6292400360107422,-0.007949757625465282,0.24829864501953125,-0.5313799977302551,0.3645781874656677,0.5551738739013672,0.07115334272384644,0.3591565489768982,0.4166666865348816,0.795066773891449,0.028899347968399526,0.27229636907577515,0.674935519695282,-0.0073062581941485405,0.7088851928710938,0.2871725559234619,0.3329086899757385,2.6848939657211304,0.35764452815055847,7.708333492279053,2483.99399288
0.00011390625000000003,0.0702132135629654,0.6666667461395264,1784484700.3972516,1.3560632467269897,39568,0.40862974524497986,1959,2.1896069049835205,0.13784916698932648,0.06963694095611572,2.3990206718444824,0.0,0.4583333432674408,,13.135267179310322,-0.023477692157030106,9.39364242553711,472.62,0.6574715375900269,-0.008264283812604845,0.20801407098770142,-0.5574938654899597,0.37843143939971924,0.4824138283729553,0.07484215497970581,0.35685762763023376,0.4166666865348816,0.6904820203781128,0.027183267753571272,0.27223631739616394,0.5521998405456543,-0.007750069256871939,0.7093819379806519,0.29479122161865234,0.3501231372356415,2.671864700317383,0.37193363904953003,8.25,2486.505437533
7.593750000000002e-05,0.06725569069385529,0.6666667461395264,1784484702.909062,1.61903977394104,40767,0.37741193175315857,1960,2.112133264541626,0.1582605242729187,0.07427774369716644,2.7116007804870605,0.0,0.6666666865348816,,12.859504358321429,-0.020834926515817642,10.128507614135742,459.31,0.6435229778289795,-0.008584351587342099,0.22872468829154968,-0.5416445732116699,0.36923837661743164,0.5310623645782471,0.0739416629076004,0.3566555976867676,0.5416666865348816,0.777923047542572,0.026470676716417074,0.27221009135246277,0.6292022466659546,-0.007679194211959839,0.7108399271965027,0.29920506477355957,0.34303706884384155,2.6680433988571166,0.3658054769039154,7.875,2489.034184695
7.593750000000002e-05,0.0743744969367981,0.6666667461395264,1784484705.4433115,1.4356415271759033,40502,0.4100491404533386,1961,2.1392433643341064,0.13873203098773956,0.07086171954870224,2.4129996299743652,0.0416666679084301,0.7916666865348816,,12.92465810149908,-0.018281297758221626,9.547789573669434,458.66,0.6574116945266724,-0.008888928027590736,0.20162951946258545,-0.5575125217437744,0.378037691116333,0.5012348890304565,0.07540281862020493,0.3556387424468994,0.3333333432674408,0.6913661956787109,0.028509688936173914,0.2720213234424591,0.5950162410736084,-0.00816875696182251,0.7105664014816284,0.2878420352935791,0.35008299350738525,2.6479868412017824,0.3709738850593567,8.916666984558105,2491.55969883
7.593750000000002e-05,0.06975238025188446,0.6666667461395264,1784484707.9602656,1.3799078464508057,40664,0.4135167598724365,1962,2.1225695610046387,0.1364680379629135,0.07158926129341125,2.494025945663452,0.0,0.625,,13.388892043232918,-0.017141088843345642,10.172517776489258,481.72,0.6594642400741577,-0.008411519508808852,0.21792809665203094,-0.5576088428497314,0.3754464089870453,0.5794950127601624,0.07419026643037796,0.35428494215011597,0.25,0.753344714641571,0.02799154194071889,0.2718416750431061,0.6457711458206177,-0.007825100794434547,0.7107979655265808,0.29486894607543945,0.350069522857666,2.6341222643852236,0.3688003420829773,7.9166669845581055,2494.120771483
5.062500000000002e-05,0.06761740893125534,0.6666667461395264,1784484710.5374548,1.5170902013778687,39893,0.4467647671699524,1963,2.14851450920105,0.14593718945980072,0.07659189403057098,2.658139944076538,0.0416666679084301,0.875,,12.397796005308628,-0.019701853394508362,10.259234428405762,451.9,0.6391100883483887,-0.0064366185950348155,0.21747910976409912,-0.538917064666748,0.35941120982170105,0.5308409929275513,0.07152442634105682,0.354198694229126,0.2083333432674408,0.7325696349143982,0.028783706575632097,0.2717636823654175,0.6270870566368103,-0.0072730183601379395,0.7124969959259033,0.3156299591064453,0.34087055921554565,2.6224855303764345,0.36069416999816895,7.125,2496.758068927
0.00011390625000000003,0.07228013873100281,0.6666667461395264,1784484713.1666756,1.3339356184005737,39033,0.40633130073547363,1964,2.2092506885528564,0.13042066991329193,0.06591972708702087,2.4322829246520996,0.1666666716337204,0.5,,13.548362400531769,-0.020248107612133026,9.94174575805664,481.38,0.6687721610069275,-0.008002199803013355,0.20240502059459686,-0.561065137386322,0.3838375508785248,0.4772909879684448,0.07670103013515472,0.35720810294151306,0.1666666716337204,0.6884981989860535,0.028867699764668943,0.2715974450111389,0.5625500082969666,-0.008042192086577415,0.7116073369979858,0.3092195987701416,0.3565884530544281,2.611699330806732,0.37811577320098877,7.6666669845581055,2499.20729095
0.00011390625000000003,0.06857328861951828,0.6666667461395264,1784484715.607622,1.475587248802185,41934,0.39483147859573364,1965,2.0547590255737305,0.13090147078037262,0.06828074902296066,2.455594778060913,0.0833333358168602,0.5,,12.988274992704392,-0.018621953204274178,9.638006210327148,467.34,0.6630971431732178,-0.00878829187277006,0.20201778411865234,-0.560945987701416,0.37816140055656433,0.49393877387046814,0.07484718412160873,0.35694289207458496,0.2083333432674408,0.7107243537902832,0.02643277384340763,0.2714749574661255,0.5944372415542603,-0.006803828291594982,0.7122154235839844,0.289475679397583,0.35203883051872253,2.5985413193702698,0.37289127707481384,7.333333492279053,2501.706571594
0.00011390625000000003,0.07265128195285797,0.6666667461395264,1784484718.1084635,1.2937111854553223,40927,0.41137295961380005,1966,2.1040103435516357,0.11505317687988281,0.06486992537975311,2.2198376655578613,0.0,0.5833333730697632,,13.313976521492004,-0.016144178807735443,8.84087085723877,473.17,0.6623877286911011,-0.007966667509754189,0.186504527926445,-0.5541765093803406,0.38054347038269043,0.43537387251853943,0.07568634301424026,0.35631728172302246,0.5,0.6613290905952454,0.03288847766816616,0.2714506685733795,0.5138983130455017,-0.007202058099210262,0.7124366760253906,0.29790687561035156,0.3521338701248169,2.5898711681365967,0.37492233514785767,7.458333492279053,2504.240175553
0.00011390625000000003,0.06777030974626541,0.6666667461395264,1784484720.6418123,1.7574512958526611,40366,0.372036337852478,1967,2.139890193939209,0.18933209776878357,0.08014355599880219,2.889342784881592,0.0,0.7916666865348816,,13.000702606737613,-0.02185055986046791,11.032707214355469,459.32,0.6383891105651855,-0.00805786969140172,0.2545172870159149,-0.5366241335868835,0.3673282265663147,0.6020267605781555,0.07301566004753113,0.3562700152397156,0.4583333432674408,0.8128929138183594,0.03134084856137633,0.2714537978172302,0.710970401763916,-0.007077445741742849,0.7120628356933594,0.29541921615600586,0.33987289667129517,2.5855225205421446,0.3658626079559326,7.4166669845581055,2506.756689622
0.00011390625000000003,0.06720833480358124,0.6666667461395264,1784484723.1620932,1.588380217552185,40633,0.4214570224285126,1968,2.124696969985962,0.15887153148651123,0.07536838203668594,2.6720340251922607,0.0416666679084301,0.7916666865348816,,12.785902717411519,-0.02025185152888298,10.121419906616211,463.34,0.6488242745399475,-0.009038680012599798,0.22834400832653046,-0.5549224615097046,0.3689231872558594,0.5274282097816467,0.07362526655197144,0.35808080434799194,0.375,0.7464073896408081,0.03074198104441166,0.27140817046165466,0.640460729598999,-0.008336706086993217,0.7118595838546753,0.29456353187561035,0.3445729911327362,2.589452493190765,0.3663998544216156,7.833333492279053,2509.325005164
7.593750000000002e-05,0.06391915678977966,0.6666667461395264,1784484725.7289486,1.416296362876892,39863,0.4368411898612976,1969,2.1677494049072266,0.14048157632350922,0.06766776740550995,2.4089372158050537,0.0416666679084301,0.7083333730697632,,12.992862798273563,-0.0187670961022377,9.465059280395508,464.98,0.6491817235946655,-0.007837047916837037,0.1975550353527069,-0.5404027700424194,0.3725986182689667,0.49166715145111084,0.07419978082180023,0.36063432693481445,0.4166666865348816,0.653443455696106,0.026724410708993673,0.2713305950164795,0.5616538524627686,-0.0067423018626868725,0.7117063999176025,0.29825735092163086,0.3452793061733246,2.577131140232086,0.36482152342796326,8.458333969116211,2511.977043069
7.593750000000002e-05,0.06663484126329422,0.6666667461395264,1784484728.3937213,1.3919891119003296,38549,0.437203586101532,1970,2.2323153018951416,0.15511071681976318,0.07376028597354889,2.468806743621826,0.0416666679084301,0.8333333730697632,,12.41391776561737,-0.018408937379717827,9.63898754119873,448.71,0.6530842781066895,-0.0076123989514599085,0.22444891929626465,-0.5478641986846924,0.3723852336406708,0.5265922546386719,0.07494433969259262,0.3603430688381195,0.3333333432674408,0.695626437664032,0.030503905098885297,0.27127566933631897,0.593834400177002,-0.007388901896774769,0.7119225859642029,0.3177664279937744,0.34585970640182495,2.5719081282615663,0.36791130900382996,7.458333492279053,2514.551282858
7.593750000000002e-05,0.07023104280233383,0.6666667461395264,1784484730.952616,1.3603127002716064,40025,0.4156286418437958,1971,2.163051128387451,0.1449088156223297,0.07152438908815384,2.459735631942749,0.0,0.4166666865348816,,13.433511935472488,-0.02216995880007744,9.696120262145996,481.38,0.664689838886261,-0.007945198891684413,0.21989354491233826,-0.5577287077903748,0.3810405731201172,0.5430924892425537,0.07596109807491302,0.3588702082633972,0.4166666865348816,0.7268986701965332,0.0278847717680037,0.2712950110435486,0.6160500049591064,-0.007704568095505238,0.7144577503204346,0.29299211502075195,0.3541700541973114,2.572353708744049,0.3759304881095886,7.708333492279053,2517.125417293
7.593750000000002e-05,0.06798329204320908,0.6666667461395264,1784484733.5324004,1.634225606918335,39694,0.4047362208366394,1972,2.1847240924835205,0.17119550704956055,0.07755423337221146,2.7216835021972656,0.0,0.6666666865348816,,12.904429362863302,-0.017503825947642326,10.25783634185791,457.56,0.6358221769332886,-0.00752866166876629,0.23463377356529236,-0.5365729928016663,0.36341390013694763,0.5482752323150635,0.07304015010595322,0.3572983145713806,0.5,0.7425365447998047,0.02926269257441163,0.2713225483894348,0.6218770742416382,-0.007800334598869085,0.7162644267082214,0.29178667068481445,0.33884304761886597,2.5768630385398863,0.3618094325065613,7.208333492279053,2519.662837312
7.593750000000002e-05,0.0679774358868599,0.6666667461395264,1784484736.078535,1.4448022842407227,40412,0.4280698895454407,1973,2.131331443786621,0.15974342823028564,0.07504608482122421,2.617126226425171,0.0,0.625,,13.319054792523383,-0.01962278038263321,10.336763381958008,479.8,0.6590198278427124,-0.008020397448308358,0.22915665805339813,-0.5537066459655762,0.3771699368953705,0.530960202217102,0.07570090144872665,0.35425370931625366,0.5416666865348816,0.7313932180404663,0.02662238320335746,0.27118977904319763,0.6161230802536011,-0.008438938297331333,0.7170640826225281,0.30121326446533203,0.35014891624450684,2.566817116737366,0.3750780522823334,8.166666984558105,2522.302007318
5.062500000000002e-05,0.06523989886045456,0.6666667461395264,1784484738.7063665,1.4786012172698975,38923,0.388313889503479,1974,2.199803352355957,0.1426818072795868,0.07036860287189484,2.60538387298584,0.0,0.7083333730697632,,13.13827871143818,-0.016501303762197495,10.507625579833984,469.01,0.6526012420654297,-0.00752811626298353,0.21712490916252136,-0.5490428805351257,0.3699072599411011,0.5368887186050415,0.07470862567424774,0.3528766632080078,0.375,0.770484447479248,0.032408961188048126,0.2712939977645874,0.6113235950469971,-0.008343889378011227,0.7183749675750732,0.3257880210876465,0.3471531569957733,2.5618596196174623,0.36919546127319336,8.083333969116211,2524.844538547
7.593750000000002e-05,0.06599754095077515,0.6666666865348816,1784484741.2456522,1.721725344657898,40306,0.37964338064193726,1975,2.146686315536499,0.2017664909362793,0.08550463616847992,2.8016610145568848,0.125,0.875,,12.281334210634231,-0.016652699559926987,10.36003589630127,445.03,0.6297128796577454,-0.008434805158685776,0.2746395170688629,-0.5285639762878418,0.3592720925807953,0.5801181793212891,0.07170180976390839,0.3526684641838074,0.625,0.8305915594100952,0.02681969478726387,0.2712308168411255,0.6878949403762817,-0.007852434180676937,0.7184104919433594,0.29221558570861816,0.33497416973114014,2.5679693818092346,0.3585510849952698,7.708333492279053,2527.413502623
0.00011390625000000003,0.06779971718788147,0.6666667461395264,1784484743.8337703,1.5740379095077515,39772,0.3781496286392212,1976,2.1466143131256104,0.16679945588111877,0.07702689617872238,2.7288818359375,0.0,0.5833333730697632,,13.077827271223068,-0.019121505320072174,11.045011520385742,461.97,0.6481956243515015,-0.007733358407858759,0.2442481517791748,-0.5419740676879883,0.3717062175273895,0.5646687746047974,0.07537587732076645,0.35155627131462097,0.4166666865348816,0.8071616888046265,0.02968704644590616,0.27116134762763977,0.6535508632659912,-0.008034847676753998,0.7201536893844604,0.3250405788421631,0.3443065583705902,2.55406813621521,0.3695598542690277,7.708333492279053,2529.95598529
0.00011390625000000003,0.0704842209815979,0.6666667461395264,1784484746.3613174,1.6269277334213257,40587,0.38857632875442505,1977,2.1292874813079834,0.15334779024124146,0.07193104922771454,2.71431303024292,0.0416666679084301,0.8333333730697632,,13.29991799235344,-0.018242333084344864,10.554238319396973,464.66,0.6528115272521973,-0.008424130559433252,0.22104188799858093,-0.5476691722869873,0.3753824234008789,0.5147842764854431,0.07435258477926254,0.351872056722641,0.4166666865348816,0.7503923177719116,0.029881354607641696,0.2712858021259308,0.6191972494125366,-0.007905581034719944,0.7204146385192871,0.2927229404449463,0.344818651676178,2.567387342453003,0.37090253829956055,8.083333969116211,2533.053032777
0.00011390625000000006,0.06978785991668701,0.6666667461395264,1784484749.5541384,1.276610255241394,32829,0.4246041178703308,1978,2.672024726867676,0.1279224157333374,0.06259976327419281,2.2771732807159424,0.0,0.5,"{'_type': 'video-file', 'sha256': 'ecb52e84bd3ed95e7c563038329c709d1e9365c397124f1f59bdb824851e35eb', 'path': 'media/videos/video_1978_ecb52e84bd3ed95e7c56.mp4', 'size': 1331043.0}",13.436932067275047,-0.019480664283037186,9.087942123413086,474.9,0.6690031886100769,-0.007575595763046295,0.18759123980998993,-0.5549148321151733,0.38367563486099243,0.4454897344112396,0.07688984274864197,0.35344260931015015,0.25,0.664623498916626,0.032748667243868115,0.27137717604637146,0.5273904800415039,-0.007380922324955463,0.7200929522514343,0.3223154544830322,0.357785701751709,2.5782495856285097,0.3825097978115082,7.375,2535.678541461
0.00011390625000000006,0.07067708671092987,0.6666667461395264,1784484752.0828655,1.4029455184936523,40340,0.42159098386764526,1979,2.150883436203003,0.14858700335025787,0.06951209902763367,2.5272741317749023,0.0416666679084301,0.5833333730697632,,13.432003218382597,-0.02444314956665039,10.229188919067383,473.12,0.6559140086174011,-0.008884266725362976,0.21946017444133759,-0.5474078059196472,0.3771781921386719,0.5399234294891357,0.07571082562208176,0.3550085425376892,0.4583333432674408,0.7442364692687988,0.029626798629760743,0.2714076042175293,0.6104793548583984,-0.007238195743411779,0.7196706533432007,0.28595495223999023,0.3489297330379486,2.5932098031044006,0.37297630310058594,7.75,2538.335865877
0.00011390625000000006,0.07202144712209702,0.6666667461395264,1784484754.7517583,1.4001983404159546,38483,0.39199113845825195,1980,2.235832691192627,0.15182612836360931,0.07103603333234787,2.3970751762390137,0.0416666679084301,0.7083333730697632,,13.803700799793004,-0.02152129076421261,9.444794654846191,475.43,0.6642367839813232,-0.008145710796816275,0.22089821100234985,-0.5538406372070312,0.3830956220626831,0.5049342513084412,0.07732491195201874,0.35369056463241577,0.4166666865348816,0.7130841612815857,0.02899671932682395,0.2711881101131439,0.5672307014465332,-0.007913420908153057,0.7186829447746277,0.3185842037200928,0.3533102869987488,2.5754271864891054,0.38030514121055603,7.958333492279053,2540.875730997
0.00011390625000000006,0.07193680107593536,0.6666667461395264,1784484757.2833009,1.3641560077667236,40578,0.4270877242088318,1981,2.126310348510742,0.10537093877792358,0.05869169533252716,2.3367671966552734,0.0,0.5416666865348816,,13.214888587072492,-0.020047493278980255,9.604616165161133,467.27,0.6730789542198181,-0.009131762843753676,0.17767953872680664,-0.5634521245956421,0.38521742820739746,0.4712914824485779,0.0781266987323761,0.35318225622177124,0.0833333358168602,0.6657385230064392,0.02827083710581064,0.2711838483810425,0.5536155700683594,-0.007418812718242407,0.7208372950553894,0.29625391960144043,0.35718846321105957,2.563879334926605,0.3836361765861511,8.333333969116211,2543.418189619
7.593750000000004e-05,0.06825034320354462,0.6666667461395264,1784484759.8380427,1.4601781368255615,40338,0.37570875883102417,1982,2.113938331604004,0.1564856767654419,0.07244569063186646,2.518158435821533,0.0,0.7916666865348816,,13.0879641251266,-0.014714683406054974,9.873583793640137,459.56,0.6446198225021362,-0.009038148688705405,0.22589382529258728,-0.5392526388168335,0.36923694610595703,0.5171058177947998,0.07531803846359253,0.3545534014701843,0.5416666865348816,0.7330791354179382,0.0320491318590939,0.2711961269378662,0.588024377822876,-0.007734845392405987,0.7203779220581055,0.32303476333618164,0.3420930802822113,2.565338742733002,0.3658953607082367,8.333333969116211,2545.968727558
0.00011390625000000003,0.061859600245952606,0.6666667461395264,1784484762.3667996,1.6097819805145264,40420,0.4212195873260498,1983,2.1452531814575195,0.17859748005867004,0.07860645651817322,2.6600940227508545,0.0833333358168602,0.7083333730697632,,13.151855019927025,-0.01683863252401352,10.246798515319824,466.48,0.6391793489456177,-0.00815276343782898,0.24732790887355804,-0.5352015495300293,0.3598634600639343,0.5438916683197021,0.07245423644781113,0.3514734208583832,0.625,0.7635452151298523,0.02947720680385828,0.2711247503757477,0.6372653245925903,-0.008534902706742287,0.7210533022880554,0.28675007820129395,0.33851784467697144,2.560978901386261,0.3595446050167084,7.5,2548.559417675
0.00011390625000000003,0.0664692223072052,0.6666667461395264,1784484764.9748783,1.8191031217575073,39414,0.4227556586265564,1984,2.1794958114624023,0.17040668427944183,0.07740861177444458,2.8410804271698,0.0,1.0,,13.20193415850401,-0.021596334874629974,10.519023895263672,463.72,0.620013415813446,-0.007965491458890028,0.23927578330039978,-0.520950973033905,0.3558453917503357,0.5684291124343872,0.07167701423168182,0.35136163234710693,0.375,0.7838229537010193,0.02935185832902789,0.2709707021713257,0.6658883690834045,-0.007338890340179205,0.722683310508728,0.31459641456604004,0.3301253318786621,2.5484316825866697,0.3560144603252411,7.25,2551.21332212
0.00011390625000000003,0.07564088702201843,0.6666667461395264,1784484767.6204767,1.3821057081222534,38732,0.39587387442588806,1985,2.233213186264038,0.13974829018115997,0.0680643767118454,2.4811933040618896,0.125,0.4166666865348816,,13.689826111793518,-0.02065861038863659,9.727943420410156,473.86,0.6666527986526489,-0.008273718610871584,0.21640560030937195,-0.5464798212051392,0.3849821984767914,0.5064206123352051,0.0781724601984024,0.34976381063461304,0.2916666865348816,0.7308592796325684,0.031011530850082635,0.2708933353424072,0.5985154509544373,-0.006905066780745983,0.7230790853500366,0.3047785758972168,0.35544276237487793,2.534270739555359,0.3824138045310974,7.333333492279053,2553.700056831
0.00011390625000000003,0.0697767436504364,0.6666667461395264,1784484770.1079965,1.5843418836593628,41271,0.3930991590023041,1986,2.089092493057251,0.16824935376644135,0.07583101093769073,2.6221938133239746,0.0833333358168602,0.7083333730697632,,13.556159518957138,-0.01889665052294731,10.447675704956055,474.87,0.6639174222946167,-0.008904950093710794,0.24464325606822968,-0.5517336130142212,0.37572357058525085,0.5468456745147705,0.07538171112537384,0.34805095195770264,0.4583333432674408,0.761306643486023,0.02979963617399335,0.2708825170993805,0.6416945457458496,-0.007859843783080578,0.722425103187561,0.29278039932250977,0.3520171642303467,2.5369462609291076,0.3753836750984192,7.0416669845581055,2556.337576543
5.0625000000000024e-05,0.0665653645992279,0.6666667461395264,1784484772.7525887,1.6472041606903076,38803,0.37225160002708435,1987,2.224457025527954,0.16299957036972046,0.07425251603126526,2.767261028289795,0.0,0.75,,12.948030557483435,-0.02123400941491127,10.803156852722168,469.05,0.6446803212165833,-0.0070524451592064,0.232275128364563,-0.5381919741630554,0.36871832609176636,0.565482497215271,0.07468651235103607,0.34782856702804565,0.3333333432674408,0.7579245567321777,0.03271994143724442,0.2707529067993164,0.6496279239654541,-0.007837774232029915,0.7221697568893433,0.30892515182495117,0.34055912494659424,2.5266510605812074,0.36566171050071716,7.5,2558.792814199
0.00011390625000000005,0.06593956053256989,0.6666667461395264,1784484775.1971033,1.5179533958435059,41986,0.38348349928855896,1988,2.045897960662842,0.1418730616569519,0.06991320103406906,2.5303444862365723,0.0,0.75,,13.462577323317527,-0.02025393769145012,9.634126663208008,473.04,0.6458383202552795,-0.008304216103351792,0.2075086236000061,-0.5420722365379333,0.3684017062187195,0.5136094093322754,0.07461971789598465,0.348916232585907,0.3333333432674408,0.6980304718017578,0.0328384505584836,0.2708306908607483,0.590686559677124,-0.007311138324439526,0.7207684516906738,0.2954277992248535,0.34477853775024414,2.521933305263519,0.3667692542076111,7.875,2561.433926837
7.593750000000002e-05,0.06830562651157379,0.6666667461395264,1784484777.8510616,1.5827996730804443,38720,0.40370577573776245,1989,2.225093364715576,0.15081630647182465,0.0739816427230835,2.6162705421447754,0.0416666679084301,0.8333333730697632,,13.42565109103918,-0.01621178910136223,9.588940620422363,466.39,0.6449298858642578,-0.008277435164200143,0.2129637598991394,-0.5407921671867371,0.3704068660736084,0.48470908403396606,0.07509107887744904,0.3518015146255493,0.5,0.7055381536483765,0.029565880820155144,0.2709139585494995,0.5711286067962646,-0.007483630441129208,0.7197811603546143,0.31368422508239746,0.34225374460220337,2.530186319351196,0.3709423542022705,7.875,2563.947758007
0.00011390625000000003,0.06868305057287216,0.6666667461395264,1784484780.3514106,1.478131651878357,41038,0.3935088813304901,1990,2.0984838008880615,0.15558776259422302,0.07482834160327911,2.60699200630188,0.0,0.6666666865348816,,13.375425108075142,-0.016023283824324608,9.971044540405273,471.12,0.6490523815155029,-0.0073942300979979335,0.23189392685890198,-0.5383305549621582,0.3690701425075531,0.5403839945793152,0.07439883053302765,0.3510619103908539,0.375,0.7425128221511841,0.02919346084818244,0.27088555693626404,0.6279104948043823,-0.007683306001126766,0.7203237414360046,0.29694461822509766,0.3454441726207733,2.5321462988853454,0.3691129684448242,7.9166669845581055,2566.392498181
0.00011390625000000003,0.06697648763656616,0.6666667461395264,1784484782.794993,1.4979057312011719,41930,0.44114798307418823,1991,2.048889398574829,0.129225954413414,0.06642861664295197,2.631800413131714,0.0833333358168602,0.75,,13.086950810402632,-0.020850583910942078,10.455025672912598,468.33,0.6609379053115845,-0.007732170767849311,0.20163105428218842,-0.5558318495750427,0.37827759981155396,0.4941927194595337,0.07673154771327972,0.35247671604156494,0.1666666716337204,0.7191848754882812,0.029946964979171754,0.2707691192626953,0.5912834405899048,-0.008701417595148087,0.7199069857597351,0.29558730125427246,0.3486812710762024,2.523489773273468,0.3782793879508972,7.875,2569.063096212
0.00011390625000000003,0.07021363079547882,0.6666667461395264,1784484785.4742217,1.4842884540557861,38243,0.41764307022094727,1992,2.2657394409179688,0.1323419213294983,0.07034115493297577,2.506279945373535,0.0,0.5,,13.201026427149772,-0.024078872054815292,10.398686408996582,467.6,0.658804178237915,-0.009037169997463934,0.20481547713279724,-0.5565539002418518,0.37690314650535583,0.552802324295044,0.07605397701263428,0.3538628816604614,0.3333333432674408,0.7164658904075623,0.0271419539116323,0.2707156538963318,0.6259762048721313,-0.008492332883179188,0.7194287776947021,0.30470848083496094,0.34979745745658875,2.5169856548309326,0.38022685050964355,7.4166669845581055,2571.625288553
7.593750000000002e-05,0.06932218372821808,0.6666667461395264,1784484788.050661,1.5284996032714844,40068,0.394059956073761,1993,2.1260483264923096,0.14250075817108154,0.06987347453832626,2.512913942337036,0.0,0.8333333730697632,,13.638515799939633,-0.018355609849095345,10.02947998046875,477.05,0.6671292781829834,-0.008445571939228102,0.20806889235973358,-0.5492357015609741,0.38636431097984314,0.4989813268184662,0.07765719294548035,0.3530272841453552,0.2916666865348816,0.6873959302902222,0.03134475378319621,0.27065080404281616,0.5798339247703552,-0.007299176417291164,0.7187432050704956,0.32732510566711426,0.35339707136154175,2.5086777567863465,0.3851287364959717,7.625,2574.257183344
0.00011390625000000003,0.06605978310108185,0.6666667461395264,1784484790.6600077,1.4780197143554688,39242,0.38729435205459595,1994,2.208637237548828,0.16686320304870605,0.07480406016111374,2.453773260116577,0.125,0.75,,13.77570959687233,-0.019959326833486557,9.672849655151367,489.08,0.6464873552322388,-0.007009046505845618,0.2347046136856079,-0.5439922213554382,0.3716917932033539,0.5460555553436279,0.07511685788631439,0.3532310128211975,0.4166666865348816,0.7193042635917664,0.027996920328587294,0.2707507908344269,0.5902583599090576,-0.008320236578583717,0.719446063041687,0.29638671875,0.3407895565032959,2.5148986339569093,0.3695939779281616,8.0,2576.739629266
7.593750000000002e-05,0.06891632080078125,0.6666667461395264,1784484793.148735,1.3903758525848389,41247,0.388690710067749,1995,2.0871708393096924,0.13263294100761414,0.06558175384998322,2.3899433612823486,0.0833333358168602,0.8333333730697632,,12.98258977845311,-0.02150428295135498,9.73729133605957,462.29,0.6583868265151978,-0.009014490463596304,0.2001005858182907,-0.5496518015861511,0.37838026881217957,0.4623705744743347,0.07672885060310364,0.3505536913871765,0.2083333432674408,0.6749143004417419,0.030252268817275763,0.27052217721939087,0.5571224093437195,-0.007700249552726746,0.721000611782074,0.2960948944091797,0.3479178845882416,2.5081624388694763,0.3770916163921356,7.875,2579.372246752
7.593750000000002e-05,0.06351771205663681,0.6666667461395264,1784484795.7837129,1.5044326782226562,38951,0.47919726371765137,1996,2.2066280841827393,0.14608284831047058,0.0718320831656456,2.5050578117370605,0.0416666679084301,0.5416666865348816,,12.89973962008953,-0.020342310890555382,9.388209342956543,460.11,0.6591541171073914,-0.007369993004249409,0.21385282278060913,-0.5498411655426025,0.37329721450805664,0.5211379528045654,0.07454190403223038,0.35094600915908813,0.4583333432674408,0.7061941027641296,0.029768087062984706,0.2703806161880493,0.6102015376091003,-0.008207596838474274,0.7201772928237915,0.31710124015808105,0.34862226247787476,2.4880300521850587,0.37446755170822144,8.0,2581.879668839
0.00011390625000000003,0.07053667306900024,0.6666667461395264,1784484798.2824848,1.4948759078979492,40984,0.41940444707870483,1997,2.0978586673736572,0.163086399435997,0.07619624584913254,2.6053004264831543,0.0416666679084301,0.5,,13.604246652126312,-0.01983616128563881,10.392032623291016,475.74,0.6515622138977051,-0.00843984162202105,0.2381424605846405,-0.547748327255249,0.36987289786338806,0.5771728754043579,0.0741741880774498,0.3527927100658417,0.375,0.7738369703292847,0.02844930188730359,0.2702103853225708,0.6517928838729858,-0.008557993918657303,0.7210590243339539,0.30068516731262207,0.3430072069168091,2.4658769369125366,0.37228530645370483,7.6666669845581055,2584.900167453
7.593750000000002e-05,0.06943732500076294,0.6666667461395264,1784484801.3802335,1.3997571468353271,33662,0.43981218338012695,1998,2.620812177658081,0.1367747038602829,0.06836211681365967,2.4162755012512207,0.0,0.5833333730697632,"{'path': 'media/videos/video_1998_051aadea00fa53a9861a.mp4', 'size': 1418140.0, '_type': 'video-file', 'sha256': '051aadea00fa53a9861a254509eb2b8a62e0fb7d1aeb6d46ad4922aa3da2c003'}",13.482490283623338,-0.022371215745806694,9.53836727142334,469.89,0.6634368896484375,-0.008117525230045431,0.20627132058143616,-0.5488114953041077,0.3781851530075073,0.4803048074245453,0.07653322070837021,0.35218197107315063,0.4166666865348816,0.6913487315177917,0.031242416892200708,0.2702372372150421,0.5552395582199097,-0.007861492224037647,0.721809983253479,0.29950594902038574,0.3541305661201477,2.461061656475067,0.37578901648521423,8.625,2585.193369795
