time_s,frame_index,root_position_error_cm,root_height_error_cm,root_yaw_error_deg,root_relative_mpjpe_cm,end_effector_error_cm,left_hand_error_cm,right_hand_error_cm,left_foot_error_cm,right_foot_error_cm,left_foot_contact,right_foot_contact,left_foot_sliding_speed_cm_s,right_foot_sliding_speed_cm_s,penetration_depth_cm,self_collision_pair_count,mean_absolute_joint_jerk_rad_s3,max_joint_jerk_rad_s3,pelvis_root_error_cm,torso_error_cm,head_error_cm,left_shoulder_error_cm,right_shoulder_error_cm,left_elbow_error_cm,right_elbow_error_cm,left_hip_error_cm,right_hip_error_cm,left_knee_error_cm,right_knee_error_cm,global_end_effector_error_cm,joint_limit_violation_count,maximum_joint_limit_excess_deg_per_frame,mean_foot_sliding_speed_cm_s,left_foot_penetration_depth_cm,right_foot_penetration_depth_cm,self_collision_penetration_depth_cm,mean_joint_acceleration_rad_s2_per_frame
0.0,0,4.306344026964452e-15,7.90653078143796,0.0,7.89180914189921,8.252736360015334,8.360781781607722,6.354953990007273,9.124420097202963,9.170789571243375,False,True,0.0,0.0,1.8648648932198344,3,531.6586285280536,4149.544530822885,0.0,19.374476420259292,3.661392755261346,8.371774903683809,8.376707234835113,3.713348785394492,7.926577453622814,7.129752460308238,9.077597488215876,8.462604454583728,9.27195973226212,7.304976383948802,2,10.525731269640753,0.0,0.21012416607690498,1.8648648932198344,2.392092625422489,89.87374577838922
0.03333333333333333,1,0.8875751517580607,7.6574403125254875,43.04805221229618,12.948349092279319,15.467616652958583,18.270062048173898,17.017113567271263,14.130491302851409,12.452799693537756,False,True,0.0,97.61260963030456,2.125634939953396,5,531.6586285280536,4149.544530822885,0.0,19.91326644757908,7.1223443300634734,15.85635586816505,13.046940204060082,12.58950288469563,16.206678836259872,10.57743498361188,8.113274203372557,15.253191039591908,13.67578097495591,7.1965899582678965,4,23.44703928903209,48.80630481515228,1.7970401759886945,2.125634939953396,2.6114720544894476,72.46776963155516
0.06666666666666667,2,1.0921329827432187,7.666971533678824,47.794606072880235,13.473217631045891,15.86368469838916,18.771452215429978,17.087628893182973,14.779932340165608,12.815725344778075,False,False,0.0,0.0,2.303530573273347,5,531.6586285280536,4149.544530822885,0.0,20.055755812184213,7.798594776518156,16.94780197965883,13.858685914820274,13.838203406804078,16.727370192706008,10.990597695274655,8.186557141233124,16.243640936710335,13.996317816222062,6.774959813523123,4,40.417986651779806,0.0,2.0962374549511815,2.303530573273347,2.16636755335633,55.061793484721086
0.1,3,0.9188939820871134,7.634924634558793,45.94802871448271,13.230565445041547,15.50244139596057,17.824319193000136,16.775091361690325,14.648974548525748,12.761380480626066,True,True,0.0,0.0,3.152398115469844,5,531.6586285280536,4149.544530822885,0.0,20.08947348033312,7.685654325306164,16.56891183759257,13.649066004212346,13.565611610668437,16.641974474178117,11.086812837388067,8.176227584699124,15.115022521040355,13.869961416362672,6.705024503851109,4,179.66878401153699,0.0,0.035403943766102855,3.152398115469844,2.1129422455848363,37.655817337887
0.13333333333333333,4,1.0706295184439476,7.654058141139064,48.11697173530658,13.518836170153556,15.735469863640251,18.05593285621762,17.110410237405407,14.82753871519674,12.94799764574124,False,True,0.0,1.6419245973918781,3.157667871147133,5,531.6586285280556,4149.544530822899,0.0,20.064823467695437,7.999464485979073,17.227732671887033,14.077631620308273,14.07887194839454,16.91136258529258,11.03513363613129,8.193622051806159,16.242215442348808,14.009805187899147,6.672803727421995,4,98.76439087416192,0.8209622986959391,1.3903634873627895,3.157667871147133,1.9823975231528097,20.595839028430976
0.16666666666666666,5,1.0421395992532434,7.645204960939944,48.96268220138487,13.591379202332352,15.82620098290701,18.125592764986546,17.186908787626884,14.893037662082872,13.099264716931735,True,True,0.0,0.6171856926946593,3.1203150086914806,5,315.4245375912909,4900.98892669239,0.0,20.052350839715807,8.03191339723969,17.30294363317968,14.146013069041224,14.262237026965746,17.140297744799373,11.017213577228759,8.198803493803327,16.328266560715125,14.08584476066854,6.624143251110209,4,75.93165307271391,0.30859284634732964,1.9449993686280729,3.1203150086914806,1.9413179795806486,9.55127194696806
0.2,6,1.02139131097961,7.634940263085522,49.18532671132229,13.593408633344344,15.80034368157936,18.10152005332987,17.03377315091385,14.902747198517503,13.163334323556214,True,True,8.343856931536454,0.3320836671679838,3.042570341690042,5,222.30459951592064,3652.8625880281243,0.0,20.048249029605763,8.079961596549797,17.34860467018598,14.161152276079777,14.312268386543273,17.14688590230699,11.027884558506203,8.196659860609431,16.291118526889665,14.086969966570859,6.546314234887077,4,74.4722443050585,4.337970299352219,1.9267965769918582,3.042570341690042,1.9145040782842828,2.9716702706010474
0.23333333333333334,7,1.0011242978214283,7.625286056865555,49.2225504251266,13.60403447933397,15.853332021750255,18.071718023290977,17.255074817415615,14.900261485373361,13.18627376092108,True,True,10.368316998044522,0.2727387597292309,2.996864089090446,7,174.21825891724765,3073.2256589243143,0.0,20.04483397869746,8.132583825012265,17.347671022415813,14.090487400474325,14.387331454085295,17.146876256573155,11.032870393813491,8.181781795860156,16.218717523489286,14.064035452587298,6.6083054563292025,4,74.94043114666563,5.320527878886876,1.874685944590237,2.996864089090446,1.8643594349932298,5.17256546441336
0.26666666666666666,8,0.9953617818429605,7.618643438114847,49.073072393461096,13.59034025587246,15.824630888383506,18.006014678660257,17.2352405161556,14.87608331455296,13.181185044165206,True,True,11.310883803331748,0.43374559510433125,2.958691067786005,7,69.84705927164032,792.7508966798134,0.0,20.05044058168312,8.179357209848472,17.378640412085335,14.056384749866682,14.40344237188785,17.131185471774373,11.04950782047329,8.192385702252324,16.110353235479256,14.004882729202192,6.617738452973292,3,74.99876407977932,5.872314699218039,1.8352107384989953,2.958691067786005,1.8552626832787573,2.298605004927135
0.3,9,0.994230627241007,7.618684509549778,48.9341720306687,13.58086660410541,15.812683908897696,17.980023527870866,17.22712842973691,14.883994530129064,13.15958914785395,True,True,5.440524877184856,0.9518358676032538,2.9558020098003337,6,24.678405016354525,101.47608924645533,0.0,20.056012467168824,8.218185870824856,17.41171472837234,14.021769718256714,14.436667858974847,17.076891255208317,11.055753289699606,8.197525362603086,16.051430092168502,13.936312782713284,6.611140661764482,3,74.96213899304031,3.196180372394055,1.8178683975446859,2.9558020098003337,1.8241579426250862,1.6729178212996643
0.3333333333333333,10,1.0154903797186352,7.6155670475458015,48.87072174600947,13.58631720799693,15.826591867615397,17.990119739133995,17.277096237819027,14.91603834536977,13.1231131481388,True,True,1.9025067357744234,2.8013975768956256,2.9642904848134153,6,30.341509778205026,188.72951124345664,0.0,20.065892290098635,8.242772768515627,17.44314083955736,13.98874569702182,14.490337136650503,17.04778438780433,11.068821629609962,8.205784559905046,16.059456949713034,13.87565439061603,6.609546407250885,3,74.98935391851194,2.3519521563350243,1.811132200626524,2.9642904848134153,1.7836014193668357,1.7618966889017693
0.36666666666666664,11,1.0590021431960097,7.60621100944785,48.96337494093549,13.609303520125529,15.878144973380447,18.05168883361386,17.39800673594311,14.977717051605243,13.08516727235958,True,True,7.967583538046866,2.6672915081385864,2.9665630415853874,6,37.7938771442184,371.5370481902487,0.0,20.077956205218584,8.23700713244236,17.476523926789376,13.998711520190946,14.545511708485058,17.0389164167069,11.08657184770577,8.20957973646996,16.13760408931465,13.818590325037524,6.6130580164217285,3,74.98560054231565,5.3174375230927255,1.8142383498036565,2.9665630415853874,1.7485007665483085,1.306079615243822
0.4,12,1.1223388321381158,7.597645883864712,49.19896303564637,13.647537428351644,15.958967168694105,18.150169631241294,17.5699696329888,15.084779888453584,13.030949522092738,True,True,11.229010050831487,2.115994804674778,2.9744528162578323,6,30.47642476499103,351.5979216487631,0.0,20.08848069088697,8.20911139734549,17.504362105694014,14.051511970428493,14.599011315966035,17.04179131590927,11.105300252609979,8.19845443884571,16.314508771391132,13.764660491421173,6.617738480108722,4,74.99339351152406,6.672502427753132,1.8199254653761159,2.9744528162578323,1.7131618529154842,0.9014504214480119
0.43333333333333335,13,1.1934669856646398,7.580219217431439,49.59393896460503,13.698882077853996,16.07697464443954,18.28426311433088,17.817168553425674,15.236993507638458,12.969473402363144,True,True,10.82284040982411,2.786651900773156,2.932082252629403,5,24.912908627727884,197.17791963546517,0.0,20.099072979065134,8.133776532745037,17.53080445414387,14.149301242243112,14.628217196749633,17.083312068554505,11.1312354785413,8.179605140394434,16.52540198689076,13.714605510724038,6.624504763722968,4,74.99577142253942,6.804746155298632,1.8174926656376666,2.932082252629403,1.6975740478390515,1.2234588945151874
0.4666666666666667,14,1.2661080460411795,7.557413518397138,50.011661281125434,13.738624028658533,16.193078810618463,18.391114079987727,18.096364032228966,15.420961770600961,12.863875359656198,True,True,5.5384392660006405,1.1895879860462517,2.8055587018299732,5,43.86178337244626,519.0433191457547,0.0,20.10760381237344,8.001545144504057,17.53019261050837,14.281719075380927,14.614825443138288,17.141121191666993,11.164383505274076,8.153936276755665,16.681279358815868,13.63043876898644,6.626048985719225,4,75.00580728343263,3.364013626023446,1.7793050863704492,2.8055587018299732,1.6996571494427448,1.766904611874854
0.5,15,1.3436262869086895,7.532405169405177,50.35408890277769,13.760091246217849,16.290255426049495,18.441206035960846,18.379642529722094,15.62278727977484,12.717385858740196,True,True,0.9716513506952034,6.012789745164935,2.6242883644071657,5,59.320296933932525,489.23339090587024,0.0,20.115064947411515,7.853466365832554,17.514515912397172,14.419771929436923,14.569391642854395,17.194464859745707,11.201922443139,8.11564369887484,16.76801032570556,13.488094863672059,6.624361748086952,4,74.99382993372166,3.4922205479300694,1.7187124364017359,2.6242883644071657,1.708251960588314,2.3125120285665464
0.5333333333333333,16,1.438023352552492,7.507218117478242,50.63249974701332,13.762882680225738,16.371037309443604,18.452776209410793,18.664300288982552,15.831390833499709,12.535681905881365,True,True,3.3115627101586766,6.463198995500822,2.436084302618451,4,42.02869080424297,176.08209448837528,0.0,20.12325868204346,7.687316434070944,17.475472430977273,14.574755467019695,14.474245938666366,17.201330809760517,11.25250189092922,8.067355551426331,16.801378518923688,13.301475241794162,6.616874413844627,4,74.98368624320291,4.887380852829749,1.6348569080291735,2.436084302618451,1.7393653002493514,2.430945529110389
0.5666666666666667,17,1.537923726767586,7.487930813232168,50.78363883141341,13.747382140574308,16.42666696661706,18.42089968254545,18.926997298421316,16.028845214174304,12.329925671327166,True,True,2.2026616267294123,4.303729284529453,2.3723455962423095,4,43.1298321391462,332.4113526197584,0.0,20.132747719524822,7.497466569725873,17.405340468455847,14.729295275985798,14.353686412757952,17.185008460201875,11.30264598515719,8.0180003432112,16.821314927577273,13.05855807954851,6.605651340582291,4,74.99132313203008,3.253195455629433,1.5266710616757833,2.3723455962423095,1.7653295908811837,2.4360402157271106
0.6,18,1.6373796636830493,7.477076856349774,50.821686806149934,13.702819439403488,16.402104813702206,18.35216466182864,18.901219838721,16.23951957784191,12.115515176417274,True,True,1.9138836600737383,13.682561203480292,2.5104223666376724,4,79.03243631328297,611.2545870051583,0.0,20.13876901859405,7.273879364318842,17.313252692704292,14.867639103745317,14.233805826823795,17.22312376592945,11.329412910046486,7.972118467732285,16.86858242279145,12.713288763557498,6.511726713267387,4,75.01224025156523,7.798222431777016,1.4265254107652028,2.5104223666376724,1.766588164590395,2.031044613384137
0.6333333333333333,19,1.7589228844532654,7.470355277836427,50.74348939356185,13.655930028842315,16.42825361155399,18.301504116161134,19.107052630270967,16.48205943748386,11.82239826230002,True,True,2.53823877807253,9.093636717668172,2.6270553546830677,4,101.4912477999625,911.1456876782831,0.0,20.148558122275425,6.988088495812414,17.17086313490451,15.000281305786462,14.129750344072026,17.177575313238414,11.35416145247132,7.9317980161505135,16.948782421807387,12.276077379900228,6.501439513322747,4,75.00376781133883,5.815937747870351,1.3572651145664745,2.6270553546830677,1.7488161657930292,2.8833594420598714
0.6666666666666666,20,1.9088043400371624,7.452345115164483,50.705119570672906,13.613125788977785,16.434720060127813,18.273151082165313,19.293411214206238,16.77953776233706,11.392780181802632,True,True,0.6113813153243344,6.223453931878893,2.79674361146371,4,128.7559288127597,1965.9867612709006,0.0,20.162896127576207,6.714627715827201,17.05146048985637,15.146237466153,14.059273786442086,17.163199457714963,11.384523909799894,7.899562747691724,17.068748868183018,11.807476024911045,6.4881760071882315,4,75.03057673947112,3.417417623601614,1.31523952509652,2.79674361146371,1.7213195856581833,6.112868694717132
0.7,21,2.064874452689811,7.418578852546965,50.71291260037037,13.58256745563633,16.45173592091884,18.273329055861893,19.471035268586505,17.10685525538889,10.95572410383807,True,True,5.975694534590507,9.229757610023237,2.9257166710672378,4,68.42043425834818,485.7109183481699,0.0,20.180239378485208,6.419888082866404,16.926120667996923,15.306395532731859,13.99035184839943,17.181667158451848,11.425615617418963,7.881506143011451,17.119418259782666,11.500365461724838,6.490849882772072,4,75.05116441940291,7.602726072306871,1.2855446202272105,2.9257166710672378,1.766888687622677,6.358914662618635
0.7333333333333333,22,2.1862236534434434,7.382468340327253,50.67445394950005,13.548295572996821,16.475641717757107,18.24953481263841,19.585405692484308,17.42274762295835,10.644878742947354,True,True,22.38995614025469,6.54161106506404,3.0116567695132264,4,141.2492182959622,1894.5654808691686,0.0,20.19220725836001,6.124505407426516,16.779019876253745,15.478381607585595,13.87070602446233,17.205987317366578,11.453238994895402,7.875610769354914,16.994869037468188,11.347340430750615,6.528724186272901,4,75.0637028627482,14.465783602659366,1.232409149853742,3.0116567695132264,1.9140094599172202,4.03238341953608
0.7666666666666667,23,2.236143336663026,7.319814263310331,50.69559982780164,13.49461731582762,16.519482534584558,18.205014968678014,19.728393078991104,17.770442506266033,10.3740795844031,True,True,69.65116156336182,5.094390921715589,3.0006850126666302,4,147.98216416988924,2088.5493123139377,0.0,20.184600298260225,5.746474421793096,16.581827926894483,15.712729581151635,13.678085768512755,17.308955185808436,11.46972689667227,7.874894308179519,16.548397534207044,11.235637677596566,6.599317903942422,3,74.97339180104126,37.372776242538706,1.11959513744535,3.0006850126666302,2.0404725098173135,3.521369660735024
0.8,24,2.4168362654812947,7.248570828097522,52.83597114577989,13.64239119346082,16.695845013157534,18.62314632991199,20.111975940604548,17.96866791809962,10.079589864013986,True,True,158.2259951901743,7.187131710743771,2.96475348097792,4,107.64520478124008,997.7005408144963,0.0,20.13460018562719,5.474760289784326,16.74503748012809,16.105659770707188,13.964468834604707,17.648421343795878,11.42988549789437,7.909349996455775,17.327419648358944,11.112884801925714,6.531177209812439,3,74.90220876395762,82.70656345045904,0.8606870217468799,2.96475348097792,3.1479875446452423,3.0012561174753247
0.8333333333333334,25,2.663497709327233,7.203327132840198,54.60947449337246,13.768390268782868,16.817268376513837,19.0785510066151,20.09562351214369,18.39801027741213,9.696888709884426,True,True,30.1064968959961,1.8342800611404821,2.9494026902973074,4,79.07667508582135,290.7368514535491,0.0,20.070502634657693,5.284900854113749,16.96826529207234,16.40463613308683,14.281959089079082,17.98250058693894,11.410576196293782,7.891072190844871,18.09641773248023,10.865949816120185,6.494824408166522,3,75.25321733068871,15.97038847856829,0.843437579230805,2.9494026902973074,3.438280672574414,4.388354463751588
0.8666666666666667,26,2.9005226256231627,7.135063861803237,55.46965966117165,13.779622279625627,16.748008796853632,19.35944696864097,19.84837837273564,18.552282622454864,9.23192722358305,True,True,27.547009931438794,2.795903988126323,2.9435464703113303,4,74.84397181303018,350.02319302627245,0.0,20.004918600522753,5.105380792096512,17.019652907755557,16.558329849424457,14.491370750929125,18.2161414331155,11.410870920007364,7.846050346569703,18.44579591968667,10.603787486862268,6.427414543231123,3,76.05962103803871,15.171456959782558,0.7397960479289544,2.9435464703113303,3.486107075919133,5.583138129612549
0.9,27,3.0347715961733157,7.0276587787887035,55.97775783902235,13.730732895175843,16.5717389520489,19.4989419513614,19.56321837228915,18.40668380101682,8.818111683528231,True,True,77.86112246223688,5.143301747219826,2.957218817401442,4,74.64114845871973,621.1031972658237,0.0,19.93633892301976,4.846054605093225,16.93789834036915,16.7570966300069,14.545913607664925,18.545626492361016,11.426012026652792,7.842512586837186,18.454473993667623,10.38211041376945,6.29085366561519,3,78.22926610883306,41.50221210472835,0.6434733022516947,2.957218817401442,3.566313459332329,5.973937744594452
0.9333333333333333,28,3.10131341285173,6.875214921280803,54.668685460215244,13.55899057333361,16.51027916029142,19.173000976161237,19.759268934312544,18.77431330608476,8.33453342460714,True,True,82.94441281828031,3.094494422820493,2.9949467735743713,4,141.31108910493498,1006.1265385470389,0.0,19.870362081901945,4.550444477122313,16.540005990295757,16.841614415842248,14.159184249725879,18.741187671489193,11.507587093347578,7.7140072425033095,17.237592106095132,10.181756630515098,6.658469504320502,3,79.52165905509064,43.0194536205504,0.859259394787797,2.9949467735743713,3.1395129910361916,4.2933532357740765
0.9666666666666667,29,3.262062195751434,6.706099096595864,54.54502744313878,13.502367644907537,16.34388507312893,19.10928861716334,19.654433151194358,18.74610309374924,7.865715430408778,True,True,16.820746411301172,0.8168168176849541,3.0485741831862043,5,64.76245927668059,524.8084966637914,0.0,19.771555393461014,4.351028017376868,16.33824024557889,16.938577246379506,13.977536529755511,19.146950352733985,11.580966442638104,7.607087574687416,17.489621445473226,9.958411133012785,6.730869152372394,3,80.71233430660656,8.818781614493062,0.904114736838765,3.0485741831862043,3.108416307073567,4.565126641095354
1.0,30,3.4029256895578017,6.548337050480379,54.52548461178451,13.48881604016782,16.184264274047088,19.059563952839977,19.746802952717502,18.48754305541503,7.443147135215844,True,True,28.283309969096273,1.0812681760227254,3.0462448620892877,6,120.27870296023292,1464.4486885469953,0.0,19.67319645620653,4.1978265197193245,16.150197096121012,17.062730646989007,13.759319047021123,19.48441255866353,11.645764529209844,7.55207079720254,18.309460302429425,9.7602055527666,6.820038009867189,3,80.53675077056687,14.682289072559499,0.7440410449790834,3.0462448620892877,3.122216602406167,5.445670644683961
1.0333333333333334,31,3.548568599446039,6.437732746681146,54.462879160587406,13.504396888944939,16.087242441874242,18.980553011398857,20.273430561689544,18.011336978762362,7.083649215646204,True,True,38.38251286298954,2.5491792080639004,2.9842365202111583,6,111.88677023829405,1027.4591203805219,0.0,19.598965986516067,4.086287888575735,15.956846959182528,17.10600883536247,13.52837092812427,19.738254954034687,11.688079341161309,7.533640030076589,19.37356731340983,9.60696133023359,7.019298503349804,3,80.02865079911201,20.46584603552672,0.36353857355866337,2.9842365202111583,3.1443482003900307,3.9700729203720804
1.0666666666666667,32,3.7514919704912733,6.378145522359457,54.06402876219463,13.42357114639284,15.635385505678153,18.907661465710024,19.838033690277598,16.960165336751036,6.835681529973944,True,True,72.25020629671592,5.3779712911289375,2.923515488218428,6,44.084827737614404,195.08782304292413,0.0,19.554585128281737,3.995743015632611,15.824450472348516,17.16317727048389,13.286190363060552,19.85953045099498,11.735796521615786,7.557668020103543,20.361271511401373,9.473612419257007,7.0316524274459145,3,80.52014792706589,38.81408879392242,0.0,2.923515488218428,3.158293627966857,3.8222260175692635
1.1,33,4.029077419850532,6.37210435999328,53.82408626962652,13.481423774713546,15.697730494219813,18.99898557967109,20.68416142032953,16.335698420283613,6.772076556595024,True,True,99.55452092226685,6.925675527490453,2.885999606517958,6,53.67975252742166,244.22827754695257,0.0,19.535405579738153,3.9740262639751984,15.698829072666953,17.0842028989879,13.187731051248708,20.041550682070678,11.773688809910915,7.582088363761913,21.179477674671755,9.37343424679177,7.534243896785253,3,80.3748155784236,53.24009822487865,0.0,2.885999606517958,3.2058948519850707,4.274376410158589
1.1333333333333333,34,4.348132445320774,6.39661954020484,53.39405420289783,13.562221408545902,15.927892987131049,19.096763981246625,20.215934134593574,17.448306285693867,6.950567546990125,True,True,113.88392958897917,7.404555807534499,2.7998472200299798,7,48.154040291354676,278.33244359313244,0.0,19.534434967785607,3.944645823074526,15.521835808265697,16.98141321425642,13.197245876504649,20.11745967337766,11.788836295747153,7.606807404741335,21.71969165943822,9.309378456473107,7.941600230195039,3,80.55643795885132,60.64424269825683,0.0,2.7998472200299798,3.325862485423513,3.8320115081483497
1.1666666666666667,35,4.704606443948813,6.452458731218657,53.36291329050968,13.896487546142497,17.009959342314225,19.31053516374136,20.998016290304406,20.298349512356975,7.432936402854158,True,True,131.9732849168962,6.947380703130322,2.6863304898195923,7,49.45864703537217,304.5392375476657,0.0,19.543717973204952,3.9588646399401908,15.457855651396752,16.970100195534247,13.279621512932241,20.376060559585447,11.794914848261898,7.593511042539354,22.159875142820162,9.272954256665349,8.786537830641402,3,80.71720839088297,69.46033281001327,0.0,2.6863304898195923,3.51028063679594,3.119938639567394
1.2,36,5.125042496064915,6.499837644734596,53.02668920833195,14.181542849199207,18.03798688492887,19.441420826085796,20.440740285430657,24.073322698082585,8.196463730116433,True,True,146.42134186220864,3.5657354419285774,2.5872106214008155,8,70.51740401987944,313.50267293238863,0.0,19.55504123747573,3.9805058646068927,15.301536662723505,16.882528592627317,13.364097480539773,20.500403361895657,11.794597591143747,7.586715749759793,22.402407609013306,9.203361048486931,9.429605283619965,3,81.16493784267686,74.99353865206861,0.0,2.5872106214008155,3.667998173677853,2.420189336751941
1.2333333333333334,37,5.6201212783135635,6.542124025250173,52.90852390708827,14.625137259577064,19.56441132526436,19.605347638235678,21.04917392489651,28.33310564428318,9.27001809364207,True,True,153.83972001104434,3.5680201549038504,2.5182028979287696,6,64.56609592918589,410.957129802118,0.0,19.568853606203692,4.0298941835643625,15.287120114658048,16.848735877973343,13.45824835198699,20.73383035161272,11.808113897113802,7.555274674587421,22.652663286470737,9.176679248427424,10.377491444054442,3,81.23314334154334,78.70387008297409,0.0,2.5182028979287696,3.941012524878354,2.1684496971241534
1.2666666666666666,38,6.215085966211795,6.559049715909704,52.51308105551949,14.947879396580124,20.727261879027527,19.606831603031996,20.388452742455364,32.2852121562609,10.628551014361856,False,True,0.0,3.572022055226899,2.466613538042948,7,78.80450830797234,469.65613008330683,0.0,19.58160420290362,4.0732987213553145,15.209861860366134,16.72078257160892,13.497231105267263,20.7367805456658,11.816519598544172,7.569682881572898,22.872068719672985,9.231313225634612,11.056104078354274,3,82.5163164167375,1.7860110276134495,0.0,2.466613538042948,4.190541362551651,3.7558598653753785
1.3,39,6.899897597207105,6.568787317706493,52.27759067422959,15.361630880673141,22.087616834358215,19.600284697540232,20.823871289052324,35.64481262171543,12.28149872912487,True,True,0.0,5.730608160230697,2.4270860559621807,8,49.75476030152318,218.8431815194068,0.0,19.612721147770763,4.155936749107412,15.257662441327946,16.64690608960977,13.507395734679905,20.75605809432828,11.835240454333253,7.6208478355800064,23.194511522304815,9.486715803622122,11.94827426160357,3,82.8887723210083,2.8653040801153487,0.0,2.4270860559621807,4.512436573431851,4.828442578387742
1.3333333333333333,40,7.689466518473373,6.572216931580699,51.889589692493225,15.641030259044461,22.99952317163197,19.55929874455891,20.079985155353903,38.149046797579054,14.209761989036004,True,True,124.19756002205582,7.790392237628341,2.4105475773781246,10,55.87871791549224,232.90452449238944,0.0,19.646562633536966,4.228246246927645,15.234135087338457,16.50808225861834,13.446212275041752,20.52556753753256,11.830226937550266,7.721174733462825,23.450771506683406,10.026381982446859,12.577684830402486,3,88.93796195878377,65.99397612984208,0.0,2.4105475773781246,4.752079291250435,3.8695853676734653
1.3666666666666667,41,8.595227095871884,6.578229483407072,51.66005914170979,15.999943477867953,24.03656492063956,19.564846753210237,20.45322650049794,39.626383770839816,16.501802658010256,True,True,99.32292381708993,8.190305757925362,2.429223033507532,10,102.04519527359871,520.4716118653174,0.0,19.694335268860424,4.36331484032771,15.325839961308684,16.40022126327006,13.40437636334032,20.379283715899398,11.821274192148573,7.860127120309612,23.724239055560325,10.879880704435935,13.382140318470976,3,91.084856301449,53.75661478750765,0.0,2.429223033507532,4.9929646286686005,3.3760395836214574
1.4,42,9.621601826628082,6.610055576121576,51.418680136032684,16.255339025646556,24.699947626591197,19.590348208473067,20.306557440589888,39.860510169343776,19.04237468795806,True,True,75.97192397890137,7.724305126649038,2.4638745995459375,10,85.07113277193065,499.1922987481621,0.0,19.733765069156775,4.549246736222408,15.432719449348198,16.22606165879623,13.405332601788098,20.05381242798107,11.770314254061176,7.999434156951242,23.812456356825116,12.047152167203201,14.028980726988005,3,103.23984999324134,41.84811455277521,0.0,2.4638745995459375,5.160030100656841,3.48337944493861
1.4333333333333333,43,10.787503621152643,6.652856668868623,51.167902814384874,16.397883173361944,24.939493764261073,19.604925846187175,20.051286011870953,38.27516760504868,21.82659559393748,False,True,0.0,6.67901271989367,2.468613497560613,10,76.96083325900173,434.8341697497232,0.0,19.76068514245742,4.827061670411123,15.581527831089826,15.998981603343093,13.4852021170128,19.782729368381684,11.67828313443324,8.121953479552193,23.57978158996014,13.3940666067433,14.577419103641295,3,110.67099149545595,3.339506359946835,0.0,2.468613497560613,5.216978846973209,4.103958615173611
1.4666666666666666,44,12.029682313911922,6.702385850104864,50.94779380711497,16.42619717953137,24.85153976912333,19.621497507132464,19.79206291341786,35.24157564591279,24.751023010030217,True,True,0.0,6.135224417672613,2.446778619921541,9,106.54988894863533,445.1311388039903,0.0,19.77595635050321,5.124028267864923,15.756187832626079,15.778273894384695,13.617644035878637,19.496550190433975,11.559220779931277,8.216366780377394,23.074242178260878,14.588328306216217,15.060758340884925,3,116.19442730892891,3.0676122088363065,0.0,2.446778619921541,5.2192083520690895,5.743876024725006
1.5,45,13.306271633201112,6.748471612692963,50.799100794449174,16.41394153775834,24.805522920097754,19.687278276699754,19.51628309468723,32.328516631596095,27.690013677407947,True,True,11.339421420248947,14.420279184637996,2.373841989157481,9,105.0513167766503,537.8912209739858,0.0,19.780659715042237,5.408786282447298,15.935226077231848,15.587236484081238,13.73767611209083,19.156676858747428,11.458340508705785,8.258534670941769,22.35103085414186,15.3128638225538,15.62850298385852,3,120.5664747269097,12.87985030244347,0.0,2.373841989157481,5.070846143766817,6.342478695344217
1.5333333333333334,46,14.580183180467781,6.802692992879644,50.84766527457036,16.350761904552204,24.805941213088765,19.843164634355297,19.255042993219234,29.501243290797913,30.624313933982606,True,True,10.992247306780053,23.78127414090091,2.1630580620408733,9,64.90108388436211,251.11522052807322,0.0,19.78050149574876,5.641950182582198,16.10509179917418,15.47161981000606,13.829033719926848,18.765765084178906,11.418080499269822,8.230560999732333,21.448972695850642,15.346087429458278,16.2550279952288,3,124.27403279712586,17.38676072384048,0.0,2.1630580620408733,4.940962052544563,6.48922212364235
1.5666666666666667,47,15.853105149289679,6.8539962275461885,51.41243088920294,16.260747157821744,24.89562132580875,20.043298576614315,19.123081045464385,26.726885629221208,33.689220051935095,True,False,8.261149341815328,0.0,1.6123728466889458,10,111.90264224234376,1328.6700900827777,0.0,19.773077711157374,5.877147261328712,16.32719117180291,15.463525166367942,13.997297368435527,18.427977278874096,11.47533043624989,8.123239510926803,20.297836251222144,14.56609990772575,16.908810113518953,3,127.60788000305915,4.130574670907664,0.0,1.6123728466889458,4.900394563413448,5.641107948940434
1.6,48,17.060029304526793,6.879360171065629,52.81763338536165,16.18720294220943,25.10119700723454,20.357500172907507,18.91624776345315,24.15867486229139,36.97236523028611,True,False,6.206855373655074,0.0,0.295955865742475,10,134.64509931467035,1770.7817575219774,0.0,19.751147972358122,6.003391403600758,16.62453260844854,15.589466248448828,14.284330751123452,18.279422246607695,11.606961287964326,7.978686460045625,18.987521909460213,13.297795216145758,17.566194563004288,3,130.61492534755888,3.103427686827537,0.0,0.295955865742475,4.877086378764985,5.939211902517871
1.6333333333333333,49,18.166047821616758,6.865760828469192,54.30465245297816,16.093594556272187,25.232898030347695,20.685929145594038,19.488145545185965,21.889379875530324,38.86813755508044,True,False,6.301789148302017,0.0,0.0,10,128.6991530941699,1121.614578846815,0.0,19.682232976193646,5.790049481872921,16.88699117091642,15.88814522247392,14.584551655072373,18.056180709951207,11.727912150062911,7.791925605686358,17.74712868887205,12.317208561590265,18.3620181400858,4,140.3978421483238,3.1508945741510086,0.0,0.0,4.813210760855024,6.585866179016119
1.6666666666666667,50,19.102246781407413,6.777611526050564,55.53480486808975,15.856986284975344,24.45339930226,21.091974164735703,20.171808319574737,19.967571531609853,36.58224319311971,True,False,4.89904027699802,0.0,0.0,7,112.72823904668643,555.061410960639,0.0,19.57186593793266,5.306677463395368,17.066937627905528,16.186678660711067,14.970434606673768,18.0130055523917,11.80693942127954,7.567794960075437,16.86374165950607,12.68712117571899,19.502722084159213,4,143.55684428951406,2.44952013849901,0.0,0.0,4.571445006876372,6.413167632076374
1.7,51,19.929611983455523,6.58545415514128,56.521660759353885,15.590682068370382,22.890408907488546,21.671677218534953,20.8007814903459,18.131405782444755,30.95777113862858,True,False,7.414196916863898,0.0,0.0,5,146.54312290843313,1245.2500821854594,0.0,19.428059642366794,4.9026392400683205,17.24024646593696,16.447732337932614,15.501363011301677,18.150973614244634,11.903301535810279,7.268740981349787,16.1036761313869,15.351862435203536,20.984861450925205,4,144.90051904705885,3.707098458431949,0.0,0.0,4.066376480145372,6.214864335318792
1.7333333333333334,52,20.736717400115936,6.351354445901835,57.25735331778857,15.4013166911036,21.210397054917152,22.445611582498266,22.05127061775643,16.173552448207147,24.171153571206762,True,False,13.309708454824456,0.0,0.0,4,164.42233607681163,1275.2799144920673,0.0,19.28388427257915,4.751769361178459,17.438240642828973,16.741893254094258,16.076218594709513,18.12968325118341,11.981789600422717,6.9727425918103085,15.33372791346786,19.468212664610782,22.60515263162488,4,146.28487732658547,6.654854227412228,0.0,0.0,3.2844098780238182,6.229588730311773
1.7666666666666666,53,21.501301963467736,6.161110947263326,58.003863109203415,15.249431658971357,19.425855331375804,23.317478141120883,23.28194327768652,14.24810949282218,16.855890413873627,True,False,8.091175420190897,0.0,0.0,4,110.07847687792002,662.2650254438595,0.0,19.133424767656944,4.890016101528133,17.608069660853058,17.089168156899838,16.554873232899368,18.281545067019387,11.977307720364646,6.641533916006094,14.773449886113758,24.088665049725904,24.27450794949559,3,139.24048859762152,4.0455877100954485,0.0,0.0,2.286562537269259,5.504832658448368
1.8,54,22.24249207379933,6.030817826184965,58.61511060513304,15.139244108302332,17.774250291103048,24.071579342425803,24.417368822170623,12.459352880368435,10.148700119447334,True,False,5.338996945462055,0.0,0.0,5,116.61228291354212,1048.729836809689,0.0,18.963286543931382,5.297827477625436,17.73871426327859,17.424142521416005,16.90710486108461,18.482720510017277,11.899995625378255,6.293970749190302,14.496130049112043,28.48776785908884,25.956667345115548,3,130.87704010960283,2.6694984727310276,0.0,0.0,1.2500262624821215,4.777886761920388
1.8333333333333333,55,23.011827008713436,5.919324524971314,59.04192224323305,15.349762908010655,17.43603893892656,24.721137817056118,24.98724289864586,10.80868161968662,9.22709342031764,True,False,4.954183272335111,0.0,0.0,5,138.2603278198657,1234.2323705347253,0.0,18.776221274790313,5.855642790616407,17.894706284777147,17.60477008348843,17.2010507973141,18.80502741378585,11.794914497326475,5.972114465373202,14.37787188199446,32.21996837498723,27.63140012860769,3,125.61328750513647,2.4770916361675557,0.0,0.0,1.1790261002919182,6.64993791009629
1.8666666666666667,56,23.885535981300393,5.798039100968866,59.22189908040209,15.956812944818,18.954073671826524,25.13760579631583,25.56930833735393,9.3693516457246,15.740028907911727,True,False,86.11359911937451,0.0,0.0,5,78.71647849575164,488.0886598420345,0.0,18.626545183474075,6.3032634259171605,17.970772644086576,17.52745981405436,17.436752722647018,18.98339737863789,11.735443896384297,5.758916908251051,14.243070571724001,34.95027693978751,29.283068341264222,4,111.94384963165417,43.056799559687256,0.0,0.0,2.116359265216869,6.887042241137538
1.9,57,24.77781564552944,5.686825704471987,58.91400000958445,16.63746888207933,20.938129936614384,25.3429607538845,25.9606686358539,8.367585812486992,24.08130454423214,True,False,89.1898617078141,0.0,0.0,6,78.03768760715168,554.3779460191126,0.0,18.535244696568427,6.742270289657516,18.192583936142988,17.708427858558007,17.350573383012957,19.123969506845476,11.670947551078696,5.67937356224707,14.08061087445962,36.725511826161615,30.907516468361795,4,116.6526820646736,44.59493085390705,0.0,0.0,2.5948663074762344,7.743448798685406
1.9333333333333333,58,25.735884180269085,5.608189953110621,59.22587402877364,17.316600249630763,23.141708339887522,25.471873558111962,26.399315763956505,8.273781165382092,32.421862872099545,False,False,0.0,0.0,0.0,6,129.11526060425112,1052.6689564294807,0.0,18.491177965810493,7.133686154513369,18.213253435016934,17.50818355145741,17.34884521840432,19.288781792355543,11.59302478017589,5.6558252277505305,14.174452058154799,37.77494020127205,32.48002737153575,4,120.25904359286011,0.0,0.0,0.0,3.0115716911911212,6.028383109592187
1.9666666666666666,59,26.76543901320757,5.566057821435233,59.01894794724618,17.875861057586206,25.073727339387407,25.298412695333404,26.35677266959144,9.061336956596056,39.57838703602873,True,False,0.0,0.0,0.0,6,100.37825867565769,785.7573937792245,0.0,18.491513201175266,7.363014561825168,18.315494253723895,17.52944181995155,17.05735287612713,19.24020516938923,11.55035500663367,5.719300379906704,14.56204985739962,38.01427938011123,33.88425057079685,4,135.78374811476448,0.0,0.0,0.0,2.935454793667571,4.7075600829672
2.0,60,27.89432387821898,5.569055710709836,59.39718626365899,18.345041335508007,26.610901231497746,24.99741229996419,25.870257344487797,10.63301003946441,44.94292524207459,True,False,95.13005639444853,0.0,0.0,6,120.802026743754,825.9618957610719,0.0,18.528522603017414,7.485904245539427,18.52549534677271,17.569332160666473,16.87475357957448,19.164701901180997,11.526092176322349,5.838256740050931,15.344874003863959,37.874082349640396,35.05382203842919,4,120.22136823729117,47.565028197224265,0.0,0.0,3.0604569166522566,4.5548900845410945
2.033333333333333,61,29.074767194147803,5.576116433520584,59.18184388474208,18.576641064919418,27.530413013751655,24.265659485579395,25.37985844826612,12.885696812489359,47.59043730867174,True,False,75.4729212150593,0.0,0.0,6,124.20306203990094,950.2298140314783,0.0,18.64492975572265,7.4646905611499115,18.418980785731954,17.11566386506958,16.667532521065834,19.024534616249237,11.596859669603122,5.986056220821707,16.379680378528487,37.229035544842134,35.92784978099668,4,132.0641011463102,37.73646060752965,0.0,0.0,3.1086257869159106,6.059188933934017
2.066666666666667,62,30.31808110763582,5.616206871393025,59.46354483715499,18.690236350007584,27.787322434171834,23.593259676192663,24.216889054781138,15.603546544745129,47.7355944609684,True,False,51.10006563837813,0.0,0.0,4,97.26340998800922,394.0163552622174,0.0,18.768772658568622,7.398654500771147,18.554759510809422,17.09485172564648,16.47338419542831,18.77917780831059,11.615710775367722,6.096796118066694,17.88291320800926,36.53923501244821,36.57253897937897,5,122.49447701494215,25.550032819189067,0.0,0.0,3.0223593827622555,6.227837785180133
2.1,63,31.638163252268996,5.705729445470553,59.67420269674717,18.674308848962255,27.606708301769483,22.92082994544638,23.47340257489847,18.778761844812678,45.25383884192042,True,False,31.892231729001217,0.0,0.0,5,111.72838279058209,713.2108274009935,0.0,18.951901991462634,7.291420782409092,18.63612877642919,16.778434911586718,16.447766232993022,18.37435619657549,11.686448476088952,6.2853573619668675,19.86590445359847,35.3700803442455,36.94936843337237,5,121.59277493770912,15.946115864500609,0.0,0.0,3.083828960603699,5.553421754515409
2.1333333333333333,64,33.00540530944767,5.833138961787876,60.07852638145599,18.576061010719013,27.19762206478709,22.42438283552448,22.52466110636117,22.284129418387327,41.557314898875404,True,False,7.831349024296133,0.0,0.0,6,141.95785603985368,626.9008382559524,0.0,19.133451699123768,7.1021222075939585,18.715616916460203,16.535009769917824,16.43860415326701,17.964183220643864,11.714756809366603,6.472118924749676,21.867466319666082,33.90709688084781,37.229770026229616,4,113.80203273880926,3.9156745121480667,0.0,0.0,3.226637399781241,6.983523053297795
2.1666666666666665,65,34.36509488336372,5.929825288242673,60.34005165650899,18.493821325277516,26.87118488158631,22.01818860242404,21.67483229800997,25.90790544846131,37.8838131774499,True,False,6.739476028974529,0.0,0.0,7,116.8405437086555,624.2930933062183,0.0,19.284373598954403,6.9141787017789875,18.70470922315028,16.32895127526412,16.387278832799886,17.73515788271453,11.741920189427123,6.582007878509516,23.458686091759922,32.78531667845876,37.51463693181098,4,108.06294209525792,3.3697380144872646,0.0,0.0,3.5614669186969907,5.670897713426717
2.2,66,35.72899046379047,6.028614497375662,60.46620316846677,18.422399004812036,26.68616048502923,21.83860665835234,21.05737720531551,29.536350312283975,34.31230776416509,True,False,14.365178609661971,0.0,0.0,8,132.27092378693317,569.3647086659546,0.0,19.434589168039494,6.7900645718838275,18.695057191448782,16.121988136019212,16.285564970224588,17.62665287516954,11.727044084607252,6.735766064755576,24.427129763625828,31.747486306289545,37.84265817277566,4,102.55418384141832,7.1825893048309855,0.0,0.0,3.943908051815111,6.579748687907198
2.2333333333333334,67,37.12854169512226,6.160439490854952,60.71514785746893,18.313293938963152,26.683264894490872,21.917330170765894,20.90338558317411,33.2441656269291,30.668178197094377,True,False,28.121088021661915,0.0,0.0,8,119.46399502869609,1015.27863407218,0.0,19.49599062246527,6.564149816245586,18.70218753541809,15.964952161221355,16.14108212304897,17.734901126446566,11.650468228004062,6.7900901958968864,24.58766885143117,30.33485884630584,38.23671217045362,4,96.85274954888085,14.060544010830958,0.0,0.0,3.9050049722873097,6.795126670381193
2.2666666666666666,68,38.50921115317638,6.394555614344655,60.80643150191921,18.1234351680512,26.871213671638934,22.372359289607143,21.313375797902477,36.8177019306485,26.981417668397604,False,False,0.0,0.0,0.0,10,138.55897114887625,1261.8927757979577,0.0,19.47274014889926,6.0964309014503435,18.62046038596929,16.040709270934926,15.65975290267133,17.930269478542744,11.523288252481906,6.705716647333365,23.620041021895023,28.697263824034042,38.73500630383601,3,91.44873698026944,0.0,0.0,0.0,3.6581868786176446,8.579793275360272
2.3,69,39.77798301040611,6.6110774499791525,60.55751195888742,17.80465512077158,26.69136366563408,22.712844715142165,21.27012547534471,39.212883390347955,23.569601081701492,False,False,0.0,0.0,0.0,10,94.56231547365405,770.3022488457059,0.0,19.469283667137468,5.872129741482266,18.38323280249461,16.033990419011676,15.33837792731981,18.496494600623006,11.43120188059283,6.687713888828761,21.767338202603245,26.82460901894375,39.41725219785958,4,88.66230791832773,0.0,0.0,0.0,3.2400216696083417,9.413023592733289
2.3333333333333335,70,40.97980187174333,6.784896458158951,59.4141993645754,17.271586125072123,25.95234526118303,22.775964253464682,21.64503955213883,39.09410978253355,20.294267456595055,False,False,0.0,0.0,0.0,10,103.82588828632367,566.5315715942859,0.0,19.489230599028517,5.720274494447218,18.08192217911115,15.975650011288037,15.14751198786614,18.946381664910092,11.393934734612365,6.780091324481082,19.209164213794843,24.5202496218103,40.34520160460219,4,87.59987181363032,0.0,0.0,0.0,2.9151440010930627,8.523963034412331
2.3666666666666667,71,42.09437024916323,6.867332909591639,58.07837874312706,16.585584838618058,24.55477520246811,22.816650724576455,21.74721021836737,36.24696574645469,17.40827412047393,False,False,0.0,0.0,0.0,10,163.94771260325345,1055.760048284178,0.0,19.45143547148841,5.541168463399747,17.767678798375925,15.855317834220212,15.079233967131477,19.515317578305545,11.381124012341344,6.8497515562523885,16.9557877181962,22.167856369687204,41.604920252772274,4,89.74140417552613,0.0,0.0,0.0,2.7590174475876945,6.411914199893058
2.4,72,43.18049563744859,6.8800193196659425,56.53118987551669,15.953381894411267,23.018648718231443,22.803365427376725,22.541263718690058,31.914808151441402,14.815157575417581,False,False,0.0,0.0,0.0,8,136.12655822349709,1131.1151256605178,0.0,19.375708695234195,5.294439687606863,17.422874441401195,15.822550701122672,15.02488008474787,19.809511293157968,11.444394145449593,6.895784838741811,16.366179432505753,19.769810223275297,43.06304802941075,3,94.09142685835221,0.0,0.0,0.0,2.406652362893992,4.669372999283026
2.433333333333333,73,44.22723955220891,6.8578848053926444,55.363117275094574,15.417917475908396,21.278454578726585,22.833980026854622,23.043653100375646,26.754829486095012,12.481355701581066,False,False,0.0,0.0,0.0,7,88.6184792305412,577.4177647426219,0.0,19.257033468552,5.0439104619179025,17.090549355581505,15.841347484735463,14.97553329757423,20.154550805916152,11.50374154709337,6.911292341068746,17.8834441827979,17.49354087848228,44.67347604471804,3,96.01304591205589,0.0,0.0,0.0,2.126974575458392,4.214205722418948
2.466666666666667,74,45.24649600962725,6.845416202050192,54.482844927214096,15.019042415012793,19.703947428593725,22.925855119397198,24.226005955999558,21.204716575798756,10.45921206317939,False,False,0.0,0.0,0.0,5,62.158990479489425,268.30604183890773,0.0,19.140447751443286,4.7276940241148155,16.815719115781057,16.01575542055761,14.868296550376112,20.19103217140808,11.535487712908806,6.999756983851167,20.799108456490405,15.376548323885716,46.35000325469214,3,97.42137378394654,0.0,0.0,0.0,2.1735291572651305,4.9854945499376235
2.5,75,46.2069066787124,6.840598455670199,54.06458825087108,14.726984820346328,18.2871919557249,23.09150576314367,25.515108117234114,15.859171827532304,8.682982114989525,False,False,0.0,0.0,0.0,3,75.34117794385442,273.7289240322228,0.0,19.00951741647675,4.3690670052645775,16.56915586676913,16.317944299136418,14.724693727182316,20.32319040712685,11.506107109168957,7.082241745755747,24.287352764087363,13.566734141327212,48.06343653049503,3,98.20543365848414,0.0,0.0,0.0,2.383482595310878,5.16692558851295
2.533333333333333,76,47.13142109889661,6.840869137607264,53.8739554035689,14.568243264123245,17.311349254361712,23.247495453253464,26.891054405718666,11.918497629724861,7.188349528749864,False,False,0.0,0.0,0.0,3,63.90275651579186,299.2741492252908,0.0,18.86560767144196,3.987436825190058,16.298763404014302,16.707451581539843,14.558478334343864,20.55699085787681,11.442756159492978,7.116917752753155,27.639236491865443,12.104612865883398,49.78727400113732,3,98.71059010957727,0.0,0.0,0.0,2.7114776405588814,5.305207280958405
2.566666666666667,77,48.02429754914108,6.872202282143469,53.7028417876817,14.705996681726951,17.495267502567486,23.340883499717748,28.25608182795836,12.191779723014598,6.19232495957923,False,False,0.0,0.0,0.0,3,75.79777175606978,552.9828562693141,0.0,18.73455147103735,3.6236578155333854,15.974538105451593,17.15651039765177,14.334538873446778,20.854205793164464,11.360734485261352,7.1199204896203145,30.419650121441784,11.030572663025547,51.50484430719299,3,98.97141196690649,0.0,0.0,0.0,3.0511818658537413,5.978762990822068
2.6,78,48.8771664582838,6.969773295375948,53.34434868619216,15.158525061646227,18.96688133053121,23.337722709742177,29.554962777102382,16.995318525033852,5.979521310246427,False,False,0.0,0.0,0.0,3,75.40853589470412,247.49352333729917,0.0,18.63829513376729,3.3375451311090996,15.574176491666176,17.61764211325259,14.022530600126313,21.205771678070196,11.253953692183705,7.10583923281332,32.42765509575759,10.326941433822288,53.20668605109228,3,99.07374768851606,0.0,0.0,0.0,3.279109038435605,6.557676934462877
2.6333333333333333,79,49.69050237900674,7.109992450941682,52.78895248134811,15.74178918866527,20.987682835806705,23.254098696706684,30.426709115064178,23.719854365498104,6.550069165957849,False,False,0.0,0.0,0.0,3,63.81939884058399,486.20245115229943,0.0,18.602921192239375,3.188713979575391,15.11922855845717,18.022620289489577,13.67986175096815,21.731201750987665,11.16933088260569,7.098760324861572,33.63281141325144,9.930656344316178,54.872313907587966,2,98.95345500383523,0.0,0.0,0.0,3.2728189743656344,6.123512773187933
2.6666666666666665,80,50.51329560793236,7.239729592827326,52.35043844477953,16.385432809221154,23.26228940100842,23.100095388470734,31.549286484985302,30.740805501557922,7.65897022901972,False,False,0.0,0.0,0.0,3,116.53957450851274,701.7144004030067,0.0,18.6581636198981,3.153833196990973,14.653061724275119,18.4046815507377,13.400660688193405,22.25621628517917,11.19252981790051,7.171638598974796,34.06742139466207,9.77412765747179,56.45686080006571,2,97.66467754334855,0.0,0.0,0.0,3.325093725973993,5.312665215939158
2.7,81,51.33217413557843,7.330284232713602,51.92249753401448,16.996928414374548,25.44845324029945,22.83044985100609,32.7983703278701,36.95074873824849,9.214244044073116,False,False,0.0,0.0,0.0,3,133.44082792682076,727.1927070688741,0.0,18.777528384832326,3.2346799340508188,14.22581209980041,18.660139393963316,13.144373636081685,22.865295168921918,11.31585071967179,7.2767679324587276,33.8045003616414,9.855165622998062,57.99197507027567,2,96.4776224736006,0.0,0.0,0.0,3.337518654795011,4.576503110198055
2.7333333333333334,82,52.152304361279455,7.383086332065226,52.45412271407383,17.512904928433304,26.911682950305927,22.499245577415167,32.734656515521934,41.265379698773444,11.14745000951317,False,False,0.0,0.0,0.0,4,135.99075692999594,600.6755121410174,0.0,19.00374488033681,3.3664541019338037,14.005973648853598,19.122917138287086,13.379701655022803,23.591955306316382,11.60764412808191,7.406533873561519,33.30137463042785,10.260542762454023,58.952018117703695,3,95.17898948259925,0.0,0.0,0.0,3.917497864971981,5.3955065742771
2.7666666666666666,83,53.06572429980684,7.472594957195167,52.433328530689224,17.744334070682548,27.679966462733656,22.09453457422555,33.061933533282705,42.118283643290845,13.445114100135532,False,False,0.0,0.0,0.0,6,89.60228390786462,256.9694140991208,0.0,19.18171365519175,3.4393500638257275,13.854353684804693,19.261298940477193,13.360432624915312,24.0480615119325,11.720947192149024,7.55477415634635,32.36447011306981,10.659743266591203,59.751296072919615,3,94.03287407289105,0.0,0.0,0.0,4.326023235042175,7.101627511520348
2.8,84,54.131167340426,7.604062943937507,52.28021905949082,17.706525025600087,27.656596601277624,21.550618352357667,33.14342461486305,39.80718187047683,16.125161567412924,False,False,0.0,0.0,0.0,6,97.6801582597189,372.92638361397644,0.0,19.322133306643508,3.4595292364820507,13.842256833200192,19.230421583664555,13.148315812926143,24.297022912106502,11.734575893122043,7.682863842873008,31.060758002178705,11.193611555694094,60.30298060647104,3,93.57107864685557,0.0,0.0,0.0,4.998946632818607,7.976727979634678
2.8333333333333335,85,55.31181757280318,7.7323642203907745,52.7323186257925,17.62292506690701,27.3731337723482,21.131678386528577,32.3621769536065,36.856934332475376,19.141745416782364,False,False,0.0,0.0,0.0,6,123.1019863664685,544.6426470999934,0.0,19.470026928727123,3.5286429921403863,14.028111115443407,19.138175290213894,13.080205009266981,24.356197923323798,11.729874995487247,7.832054057613858,29.74777391882198,11.940278683173597,60.56551122492533,3,94.84067960150249,0.0,0.0,0.0,4.890143765635198,7.837212175123432
2.8666666666666667,86,56.61604837702699,7.85562056590241,52.88906958495844,17.54516062151465,27.194191108510513,20.854359541686087,31.639277687525663,34.07428178013191,22.208845424698396,False,False,0.0,0.0,0.0,6,170.23048028125223,754.6735343624626,0.0,19.58905909525436,3.6375472213520625,14.293477763085264,18.86497817405532,12.909411305257057,24.149048841746254,11.654452304828926,8.031838424698098,28.465560150075476,12.805271608324901,60.96000470425735,3,94.91294000297688,0.0,0.0,0.0,4.742823330604754,6.751186422649976
2.9,87,58.06321889288657,7.981403882402982,52.960751750576726,17.445071797387595,27.01297658606196,20.902770976666403,30.569982274085124,31.096787112804435,25.482365980691885,False,False,0.0,0.0,0.0,6,169.01223407242097,867.1102255995906,0.0,19.64258764104374,3.8193854649602192,14.6950672104302,18.388902667643116,13.01795567657341,23.558918385394932,11.533205274317515,8.14361934476639,27.026517347007513,13.798011604429014,61.38720095230392,3,95.42362746572549,0.0,0.0,0.0,5.005511887201684,7.3562788559179335
2.933333333333333,88,59.571661763301535,8.10269992887097,53.02610751031539,17.330154935115306,26.83071819221583,21.274574125576347,29.26694973751614,27.809765899568962,28.971583006201868,False,False,0.0,0.0,0.0,6,233.94483852286146,1513.386918269186,0.0,19.61724716239853,4.168676623764387,15.28267292648374,17.766757679140007,13.609310475793013,22.721189175144215,11.351118926039474,8.132239104936787,25.21866493261552,14.761574251550593,61.770621127524535,4,96.1535691010467,0.0,0.0,0.0,4.645528287217793,8.972328465155453
2.966666666666667,89,60.970129647841595,8.258728942211723,53.008801550570084,17.149751361710134,26.785113441117375,21.74538933319177,28.314757754589003,24.65172588912264,32.428580787566084,False,False,0.0,0.0,0.0,5,150.4955183990935,1176.806662148654,0.0,19.541591067564436,4.3639360283024855,15.743638263797713,17.285514945550833,13.844873060117314,21.82813564562377,11.117316953335276,8.0063820389331,23.315279771146592,15.059148886810927,62.22080704845454,4,96.87128343383672,0.0,0.0,0.0,4.0126579435002165,9.947444362941171
3.0,90,62.14397083954534,8.286333219048448,53.337418351069445,16.937656553041045,26.74416161286096,21.98816302575404,27.614899005804798,21.996504525637096,35.377079894247906,False,False,0.0,0.0,0.0,5,151.77793270335903,1329.5703931031708,0.0,19.474335216110394,4.581343627360472,16.03343258594245,16.89134578785826,14.489117151572719,21.091395500103257,10.966292585836968,7.830229312276038,21.602222520834243,14.12848755627705,62.655176673213006,4,97.77197955240693,0.0,0.0,0.0,3.690769591528029,9.038660682946915
3.033333333333333,91,63.21735396650471,8.19805182871508,53.64859392948926,16.731367519513316,26.65318837658981,22.39845647951473,27.083688383099176,19.665905567857955,37.46470307588737,False,False,0.0,0.0,0.0,5,217.9907158182213,2114.1388168940944,0.0,19.35781854675924,4.712353016611467,16.299378881917047,16.63935791970303,15.157731685828857,20.526921601321444,10.988177033644515,7.56682448542435,19.968049904110348,13.141146211020189,63.05332518474627,4,98.45870128384796,0.0,0.0,0.0,3.5644140021117217,7.062458567897155
3.066666666666667,92,64.20451949482776,8.073103817347837,54.94347595943577,16.659872910880036,26.44057684989829,23.048373809199127,27.06960939281906,17.640294681980404,38.00402951559455,False,False,0.0,0.0,0.0,5,222.35063181655633,1677.3406940378693,0.0,19.19908405751288,4.840209983174934,16.64353012715612,16.55742740830425,15.903719558557835,20.356287499899725,11.145838305284375,7.251046492617172,18.5840304615133,13.654612369586763,63.71457519486425,4,99.64226080574161,0.0,0.0,0.0,3.410597590506607,6.511631462626415
3.1,93,65.07795605959542,7.939546173777778,56.52008358071881,16.592267570880864,25.737281680651776,23.936593846472928,27.247744163957332,15.786076144984564,35.978712567192275,False,False,0.0,0.0,0.0,5,145.3235157626836,1318.1929473957161,0.0,19.028612466708456,4.923618356043995,16.96552979074781,16.576785236242156,16.40483124021283,20.49206991972508,11.279514582449739,6.91778507427871,17.330489824289906,16.015650349907204,64.56185565987478,3,101.78407603941007,0.0,0.0,0.0,3.0982928785198265,7.1498500811553
3.1333333333333333,94,65.79262923234923,7.804195060554575,58.04390491601668,16.470110856658916,24.51065853211565,24.896151424637885,27.528079024786027,14.044692747458908,31.573710931579768,False,False,0.0,0.0,0.0,4,130.9288250342307,1026.0796019513505,0.0,18.90675635126287,4.939785642825288,17.116947486752853,16.5964863720852,16.705346453627236,20.815898065649616,11.363667660760514,6.6121046440347415,16.252009305083725,19.700026739339133,65.62827694904503,3,107.77210465449771,0.0,0.0,0.0,2.409744843129049,9.136127822068632
3.1666666666666665,95,66.42515339366115,7.71067840041415,59.183685707439516,16.29313868773341,23.057831724267302,25.835486217907334,27.87014404905401,12.312625599597453,26.213071030510427,False,False,0.0,0.0,0.0,3,138.27096833687534,1454.934034165544,0.0,18.807524688937907,4.901692244315827,17.115425861880187,16.640114296816304,16.616174233648966,21.32847185346117,11.346745813637174,6.316334924792876,15.245626474659144,23.847643026782382,66.73745747343618,3,109.40368804197789,0.0,0.0,0.0,1.7649304233893068,8.308139099687956
3.2,96,67.05405002107773,7.65199942870195,60.11944935843825,16.063927274820138,21.481003547995567,26.598948423025774,28.261912410706653,10.603469242873816,20.45968411537602,False,False,0.0,0.0,0.0,3,130.93038981617298,1046.6337598009964,0.0,18.696489104356132,4.88968343463391,17.07147600643256,16.68166595404344,16.396268097479457,21.95136643294581,11.27123526625266,6.00946318570238,14.288683053263659,27.778564395209816,67.8914886419399,3,110.92804262156969,0.0,0.0,0.0,1.0612833961055683,5.859325334219591
3.2333333333333334,97,67.73730808071564,7.622461799098234,60.96665199722608,15.786859930505745,19.909627290666116,27.16962572961898,28.704458457247917,8.992710218119607,14.771714757677959,False,False,0.0,0.0,0.0,1,125.07597082489765,1220.1466435635868,0.0,18.584961624514893,4.918307617634183,17.07871426954001,16.6900196358767,16.137542012768424,22.624584610876887,11.145911595137676,5.798320945388151,13.387600606223316,30.7984268769615,69.07732719228103,3,113.27665404549342,0.0,0.0,0.0,1.140283133441952,5.671401982491603
3.2666666666666666,98,68.48677523784893,7.582893491700737,61.49340142098574,15.577405422244336,18.76901911459311,27.531960513002858,28.96070157615529,7.610206418751892,10.973207950462395,False,False,0.0,0.0,0.0,1,113.87344801121336,847.934835399064,0.0,18.480747965091393,5.039947036957864,17.12842892949372,16.56384574821552,16.008854396894343,23.136625605824513,11.031453731352256,5.671048656008394,12.576887505449308,32.94716530000523,70.39291056609713,3,129.83370268366036,0.0,0.0,0.0,1.3286179604831416,6.361699236399715
3.3,99,69.30070596650664,7.554858729860592,61.79846970856353,15.71127014385197,19.08116223710436,27.56232633583216,29.487190120558648,6.6594709973366415,12.615661494689991,False,False,0.0,0.0,0.0,1,69.11147627114114,632.3494328856113,0.0,18.38915190255043,5.189167709147174,17.214288992890136,16.382783993955833,15.824284691212268,23.511063896562383,10.925066279434061,5.62907529468958,11.984909094005046,34.29461135491515,71.6606418219668,2,136.15419341906062,0.0,0.0,0.0,1.4266663725253528,7.050859206789938
3.3333333333333335,100,70.15325219832086,7.5593922374562865,61.862527132336695,16.13218421127568,20.63477031439057,27.409953739507507,29.8276005571524,6.408244389989699,18.89328257091266,False,False,0.0,0.0,0.0,1,78.65617103551992,659.583930379808,0.0,18.35052362636358,5.390587517693424,17.34090415061954,16.189930580329666,15.697723638282282,23.67805776804778,10.855680620364039,5.671510356650266,11.554209415080612,34.7145542381417,73.00853023743133,2,145.63125645842268,0.0,0.0,0.0,1.624315848644553,6.971407489233581
3.3666666666666667,101,71.04015983324574,7.599296665339661,61.86425576382374,16.617074142559535,22.5918891546804,27.053822518785058,30.136514448558604,6.895264420232766,26.281955231145172,False,False,0.0,0.0,0.0,1,114.66105454160034,970.0170335406685,0.0,18.372790287041333,5.604998541515519,17.466942659559464,15.981265484974335,15.606323238486327,23.780260342046276,10.77043740603386,5.825280845046811,11.172462802931737,34.307793912035784,74.32173845881394,2,151.6945479023147,0.0,0.0,0.0,1.8114706901016848,5.856245039134633
3.4,102,71.99177454737567,7.654860477384629,61.82950945053083,17.027267624853295,24.397815028731504,26.524149552061477,30.399473503368394,8.023147241480945,32.6444898180152,False,False,0.0,0.0,0.0,1,105.53545081305728,1028.4720417633448,0.0,18.417742508714934,5.812573312910028,17.60642995941008,15.786202618356441,15.602079879993111,23.845996976712435,10.671626124134434,6.026004635042098,10.888094614225531,33.16100362837427,75.52825540608104,2,155.8867609841479,0.0,0.0,0.0,1.9795185520358602,4.46117311031752
3.433333333333333,103,72.99105044105245,7.708286692256527,61.614320512917615,17.278231742917814,25.725582261235175,25.80916517509498,30.591288187867153,9.60930719109373,36.89256849088484,False,False,0.0,0.0,0.0,1,110.33853365403594,712.8129041654618,0.0,18.45276963076749,5.970872292128598,17.670211644079384,15.644729731099957,15.668290551199712,23.898194906953254,10.581705900169377,6.169229510746871,10.716281346929762,31.498861584752056,76.56151590604982,2,158.73425749312932,0.0,0.0,0.0,2.0339457963684406,4.539000398021695
3.466666666666667,104,73.99477374291111,7.764416520615979,61.25581900679901,17.367952806920886,26.519214710456772,24.963231376486277,30.60534228352762,11.523261415031454,38.98502376678174,False,False,0.0,0.0,0.0,1,144.59826060357835,719.2072226928003,0.0,18.50772076255564,6.042354916776643,17.596042511064535,15.59971773165906,15.740598811499021,23.916493600163513,10.513807414315385,6.234496478806026,10.633587854231012,29.65761318091541,77.42761064696751,2,160.670629187078,0.0,0.0,0.0,1.8835771282004248,5.10447948253088
3.5,105,74.98629142089442,7.838751263504717,61.50012470231567,17.361199538480506,26.79411169679763,24.17134733771853,29.868509428688956,13.784407330184568,39.35218269059846,False,False,0.0,0.0,0.0,1,163.41790427488812,1585.4817438850137,0.0,18.637569468976203,6.045453741700083,17.543174874035923,15.804252067813534,15.7996320686596,23.97505694822756,10.513317470706806,6.294892848517525,10.776349226264589,27.85184757511521,78.20120048775756,2,161.75421640083016,0.0,0.0,0.0,1.7679502289263893,7.102254134675564
3.533333333333333,106,75.98722788058824,7.926753652569363,61.69586895732551,17.232301334942886,26.660460560733767,23.364425051773,29.656636913721883,16.325284278252237,37.295495999187956,False,False,0.0,0.0,0.0,1,108.34344567084916,834.4159632365693,0.0,18.83084299161831,6.115097519744293,17.39590118019417,15.962765010175268,15.69870790110706,23.95768263660331,10.56279479580626,6.370533343061148,11.100249186620962,25.84810321627745,78.72841566634317,2,162.61171981903493,0.0,0.0,0.0,1.7324112746227855,8.863364876760796
3.566666666666667,107,77.094847475864,8.03016909160743,62.87380930648739,17.151973974607817,26.53330826983845,22.832282013815608,29.62448708457786,19.346672588616965,34.32979139234336,False,False,0.0,0.0,0.0,1,152.16035495888858,749.6803592782617,0.0,19.084489874693457,6.178214910242142,17.478974977369553,16.35321121760599,15.505501247612713,23.96980455813515,10.690454543305037,6.583358007466819,11.700627999445382,23.60173920388726,79.1997877620388,3,162.70675825660967,0.0,0.0,0.0,1.8532955435911873,8.22274309772785
3.6,108,78.28257048391455,8.108813361170132,63.75134942957295,17.059517484155204,26.401703113614534,22.436423516309244,29.47558931534718,22.62334324885995,31.071456373941764,False,False,0.0,0.0,0.0,2,221.52763445380356,1547.3771417351825,0.0,19.339382872359074,6.301420321543123,17.584001183210013,16.724149017877988,15.071314437536698,23.869341117136493,10.781488116230125,6.87181826334253,12.461771142919673,21.28126333571422,79.6793866917111,4,162.18034898352283,0.0,0.0,0.0,2.0979062660408716,7.15347650374912
3.6333333333333333,109,79.45738177127835,8.116863745463165,62.34537039546959,16.757155063260598,25.966644693332835,21.690720662869957,29.195048524005568,25.518001516516936,27.462808069938877,False,False,0.0,0.0,0.0,4,183.88469249339192,1152.613581020806,0.0,19.508241419826238,6.324430791172328,17.324005378092814,16.890515434364623,14.068388014339082,23.40725915960671,10.653775616168804,7.001048233759093,13.002849100015352,19.310234028232596,80.12290458216572,3,161.43267490993668,0.0,0.0,0.0,2.501767488431627,6.264478056379518
3.6666666666666665,110,80.6993732767863,8.151210037367429,61.83390621241099,16.592047770280598,25.720651870673944,21.195308409032865,28.91853283501774,28.654075301602266,24.114690937042894,False,False,0.0,0.0,0.0,6,145.24015278590284,939.4014279933746,0.0,19.650098687109153,6.403605081491014,17.150438082710906,17.228922821948494,13.245766247824944,23.18806019888211,10.611481256801007,7.16176045733643,13.55109983554465,17.80687640186448,80.61477512378505,3,159.90261959535152,0.0,0.0,0.0,5.084941920272016,8.339955039361874
3.7,111,81.98812528876891,8.151318174075284,61.069411979082275,16.422824771851914,25.442931623442455,21.432534653057676,27.776343607246375,31.66473420277359,20.898114030692188,False,False,0.0,0.0,0.0,6,164.1171936062667,886.7359489040894,0.0,19.71696113164455,6.526197744444764,16.91177260553112,17.424660069751237,12.656574590200131,22.9313449758608,10.591893985243562,7.2322966775470965,13.917577316669677,16.661365987115932,81.25437655549766,3,157.98764160246938,0.0,0.0,0.0,4.512875520662281,9.833354391024345
3.7333333333333334,112,83.29191609606767,8.101633098117468,59.951187734671734,16.37093156671815,25.506509616587298,22.397860395449797,27.736900432013133,34.09856799999142,17.79270963889484,False,False,0.0,0.0,0.0,6,161.60302498501787,704.3967745058185,0.0,19.710887914544262,6.636985811012526,16.83307322300824,17.42491172304745,12.74413123298371,22.513314023966423,10.64640212057485,7.198539908326573,14.234457977865492,15.595231099093501,81.96567331986553,3,155.3551054906629,0.0,0.0,0.0,5.257952690738846,8.799010286768214
3.7666666666666666,113,84.55590783939445,8.044658898018353,58.123704752217414,16.162017020896478,24.967175657675632,23.43231074185202,27.384373310715272,34.17393116259708,14.878087415538161,False,False,0.0,0.0,0.0,4,128.55877727327766,682.5773709589771,0.0,19.665730777109047,6.441308294146072,16.78372464793927,17.378339022417336,13.228456746905298,21.878870771432496,10.765636937971957,7.1523937185782245,14.825361147508428,14.441730618736532,82.94539977817776,3,152.93656621819295,0.0,0.0,0.0,4.375319110337429,6.820392089315615
3.8,114,85.69946730791123,7.98043721893078,56.36332914674822,15.861971628619642,23.893083838642514,24.09051191733185,27.081982528737846,32.06036862904797,12.339472279452389,False,False,0.0,0.0,0.0,4,144.42498894993082,719.1400022223854,0.0,19.59097251599037,5.9942057026170605,16.615683809787285,17.32084077295387,13.761725473701189,21.54767240961991,10.854392672789198,7.122196493327898,15.79971489935522,13.749834324582588,84.20873406036205,3,151.7463100856118,0.0,0.0,0.0,3.4693704902429996,6.534565649741376
3.8333333333333335,115,86.85304657565861,7.867276251300337,54.76996524237262,15.574782504805865,22.724217876777292,24.39038931389747,27.58045397211399,28.821141432906337,10.104886788191367,False,False,0.0,0.0,0.0,4,140.77188777024736,752.9574810734753,0.0,19.459732031212486,5.495658530193219,16.454072942761,17.35834421137356,14.310091076666145,21.129444314257807,10.939622761473538,7.0785838576259845,17.31849043861841,13.18082590079665,85.6178394157932,3,146.18462768094534,0.0,0.0,0.0,2.6993057893074104,5.906852669979021
3.8666666666666667,116,87.99613645029723,7.724550865648427,53.34231377433962,15.268793982485853,21.44461372999415,24.430914101773936,28.122874632421187,24.95479917176298,8.269867014018505,False,False,0.0,0.0,0.0,4,86.67833606708251,363.5675997816651,0.0,19.285723131937374,4.9585067111894405,16.267690258494618,17.399353648016028,14.741152437333977,20.824189096677486,10.97879049078389,7.03361839025395,19.283559394776635,12.480871257847749,87.15853977395926,3,145.09357419942913,0.0,0.0,0.0,2.065127973188395,4.917620536065389
3.9,117,89.12105230708,7.60315765401015,52.10394245706897,14.959156547981328,20.21976849742051,24.263470709820766,28.710610688891826,20.88423200310162,7.020760587867825,False,False,0.0,0.0,0.0,4,69.36916837149471,309.41929744672643,0.0,19.119739090039754,4.4559198740717845,16.076636526014795,17.433326748809,14.959609624363473,20.50476200470698,10.953478754932123,7.018407188107716,21.30982394110215,11.676570477890115,88.80469998546774,3,144.75033895995668,0.0,0.0,0.0,1.6258091265474826,5.307479204365314
3.933333333333333,118,90.21267126458804,7.500935906148875,51.22609182383662,14.702838521986292,19.244697566084746,24.09265095673404,29.218555959085947,17.027152765199748,6.640430583319241,False,False,0.0,0.0,0.0,4,77.18304429481331,406.60897219151,0.0,18.95865124190745,4.022505255944693,15.929423353320974,17.43736604846542,15.000585969332892,20.190273066317044,10.875939848296746,7.013305429710806,23.116317507491928,11.01941984466742,90.53300933914639,3,144.90855384316345,0.0,0.0,0.0,1.3747218103636825,6.498344347184786
3.966666666666667,119,91.26594090773075,7.417007343694825,50.739541787547694,14.574322687231664,18.784853939664142,23.883855444226228,29.603132729152758,14.486111448179697,7.166316137097894,False,False,0.0,0.0,0.0,5,59.96291216094933,573.1026482289876,0.0,18.833531324196507,3.6669689155110845,15.820916379462426,17.441927948377856,14.931375743701608,19.926028025162022,10.787709640707249,7.029813273584078,24.44770432857128,10.589448970544293,92.34142688733013,3,145.4227023095774,0.0,0.0,0.0,1.2816903144502356,6.659810792441254
4.0,120,92.3238452253114,7.330131207384283,50.62606279765213,14.717043100509555,19.17923018728363,23.54817705306788,29.70976288297132,15.051158518710361,8.407822294384964,False,False,0.0,0.0,0.0,5,82.06429845690192,597.1439748112061,0.0,18.796820430756608,3.684430404583149,15.820662681322453,17.46120474575516,15.236874227482804,19.72824301853352,10.768185847491187,7.093099967049518,25.0819062322355,10.3672982032989,94.1422240297242,3,146.16376901835758,0.0,0.0,0.0,1.5401296772965973,7.219084339267091
4.033333333333333,121,93.37063461197839,7.3193874753894494,50.623876875489735,15.01832207782536,20.53073012726635,23.44943105297687,29.65079336859555,18.773144696712514,10.24955139078046,False,False,0.0,0.0,0.0,5,69.94495385722058,570.715984088665,0.0,18.810499446024252,3.594221241753854,15.792127234663964,17.42747610309101,15.067757151292138,19.448124235554648,10.747389286024934,7.171931138974862,24.89704403096014,10.19534078997522,95.94412984350494,3,146.8566985372557,0.0,0.0,0.0,1.6383481773130235,6.520419755528881
4.066666666666666,122,94.43262986078395,7.32982448192775,50.85116632628322,15.385478317750179,22.21100815672625,23.297861248557037,28.81222005302437,24.18396713249725,12.549984192826347,False,False,0.0,0.0,0.0,5,155.6598032440824,1204.7865219177884,0.0,18.880708037751102,3.630351373422512,15.78572908416264,17.379632871368727,14.884215789331861,19.19675734201173,10.736330708965388,7.291695326713563,23.995739415387874,10.156982190232245,97.66446476556956,3,147.23321161444014,0.0,0.0,0.0,1.7761419961937235,5.159093091426928
4.1,123,95.53135719786836,7.355946474683583,51.26928396285575,15.839398971884522,24.23154511007604,23.1422823361403,28.806252772386408,29.79954368767355,15.178101644103911,False,False,0.0,0.0,0.0,6,215.16084458162663,2520.649191800743,0.0,18.99647852438882,3.7557397015618874,15.916348445781248,17.40296326946043,14.676714737403962,18.967080722276215,10.730213215690839,7.467667512114389,22.50160359908063,10.249994410205257,99.28784633148442,4,147.399367721832,0.0,0.0,0.0,1.938770592486035,5.831419992982268
4.133333333333334,124,96.68243927780658,7.444233082881391,51.70697309384266,16.144575574851487,25.95289938562019,22.967922096331932,28.589049603287968,34.298582419171595,17.95604342368926,False,False,0.0,0.0,0.0,6,174.5387548472355,1865.1657743738601,0.0,19.136671026103024,3.6137644474180814,15.955041899992976,17.478698747764852,14.08225695665027,18.66399580377756,10.6130896586184,7.764310063626674,20.668482793262317,10.38072468307743,100.76491602069832,4,149.41701688547676,0.0,0.0,0.0,2.053670490301431,8.53553588854922
4.166666666666667,125,98.03434101224097,7.478865236486998,51.83921055664789,16.227320677263045,26.655016971062196,22.568877340019302,27.527287835810625,35.55475930295589,20.969143405462976,False,False,0.0,0.0,0.0,7,115.07563748339524,659.9936843144542,0.0,19.237025211045086,3.7918726988258054,16.17690272425302,17.266322126860274,14.007930312516088,18.416763415031575,10.49982870056592,7.993636677510076,18.949424862801937,10.450035545287049,101.90722428554292,4,149.46650312745064,0.0,0.0,0.0,2.285521523425135,9.256531998238339
4.2,126,99.57838602651002,7.483414708231306,51.35556735084641,16.07382055301563,26.40365827589616,21.97320371826361,26.278475658194942,33.15043198168908,24.212521745437,False,False,0.0,0.0,0.0,7,206.83346186802655,1633.4394609259282,0.0,19.304669915428992,4.133688450323332,16.428038168469712,16.894657208857023,13.987858988756457,17.872143410128487,10.475049698675013,8.098143408032154,17.666675715391907,10.631750227586693,102.68951973991224,4,139.5577772752333,0.0,0.0,0.0,2.7815176015136593,9.848851111222377
4.233333333333333,127,101.15825001280731,7.441654414805043,51.49895012329391,15.912337157578701,25.83023615183666,21.434216404934553,24.655127487388135,29.33608100243533,27.89551971258863,True,False,0.0,0.0,0.0,7,245.77495867873265,2089.89733833024,0.0,19.350298008222023,4.570702367442647,16.734667580981082,16.63076807576937,14.067073490471522,17.62842633200755,10.507435808263407,8.095444759099776,16.78004359669912,10.999252737377379,103.2457544724947,4,138.5541463673451,0.0,0.0,0.0,3.1820543346097163,8.989515315337764
4.266666666666667,128,102.60730038878224,7.3828113575544085,52.293622602079054,15.85582100769579,25.475186577822704,21.10938630791785,22.897050608341168,26.27136276154807,31.622946633483735,False,False,0.0,0.0,0.0,7,200.54191566548423,1158.9080905780054,0.0,19.45555318349538,4.882062357150741,16.926417066588098,16.47027282830322,14.137421816114715,17.55082360445369,10.743151591433566,8.016103995745507,16.359207385731057,11.395554975130027,103.7646721848594,4,151.43973801532564,0.0,0.0,0.0,3.8788432453366855,8.068162201058788
4.3,129,104.05041910482258,7.317999210362991,53.143557758950266,15.833802916081712,25.339797473373455,20.91280142540821,21.71538451398879,23.284787759200036,35.44621619489678,False,False,0.0,0.0,0.0,7,136.1832505332904,497.3899784519497,0.0,19.542970380434017,5.142276945069907,17.196503188860916,16.480331327614444,14.02703105346285,17.502531479323352,10.989801639362234,7.832977283438219,15.708991252954718,11.724439297211218,104.3120262916461,4,146.33833523697655,0.0,0.0,0.0,4.424804496879908,10.735600437407733
4.333333333333333,130,105.3744019634631,7.319232742165049,54.3205007787352,15.768866286788755,25.06777182938822,20.800689671404875,19.828007562337906,20.408733484283502,39.2336565995266,True,False,0.0,0.0,0.0,7,192.0832857390887,1541.2235623540669,0.0,19.57945023174681,5.30235839671595,17.275033065940526,16.441348173798435,13.883873787702603,17.459556112232267,11.188799827322857,7.5667841236484605,15.456813396270434,12.107889868900092,104.7765268973009,3,138.3227538847351,0.0,0.0,0.0,4.915423401503901,9.045923006214258
4.366666666666666,131,106.566802639652,7.352850266867916,56.017838595533775,15.826174364760934,25.178158296672915,20.659554497123633,19.85988404437763,17.880876943626756,42.312317701563636,True,False,6.8320653619800265,0.0,0.0,7,229.4505237107224,1709.4720003481484,0.0,19.58187328375958,5.343730921019653,17.43973883465635,16.60080606501222,13.747056782336104,17.715298089143104,11.249452025186134,7.337876517680197,14.81405870104604,12.850091064883017,105.38327810034794,3,130.50679646721915,3.4160326809900132,0.0,0.0,5.008870122461764,6.631345054065872
4.4,132,107.67017491502895,7.288475127346072,58.23439566828136,15.905246252112496,25.136923979438986,20.803958735617474,20.345897919109568,15.54743993766857,43.85039932536033,True,False,16.868597139691985,0.0,0.0,9,172.61085337705123,703.2458697858486,0.0,19.554414022260197,5.259542395903441,17.440033071842354,16.78996414306561,13.890835726908046,18.396120080246327,11.33019190190818,7.106158586775554,14.13889141708626,14.124846517935547,106.14323435026036,4,122.07568950904827,8.434298569845993,0.0,0.0,4.623117650749458,7.58087043006829
4.433333333333334,133,108.81095196429833,7.132201120580839,59.31912954460096,15.811350006406096,24.258826968593475,21.071973503789117,21.414060059110053,13.070938150660508,41.47833616081422,True,False,43.96400152359249,0.0,0.0,7,160.73476259209318,605.0497736920047,0.0,19.49352117864649,5.177048872907697,17.483542951726598,16.983911928643312,14.197195374010004,19.101018016673954,11.480827432477072,6.850525308757824,13.700195609083426,15.66715554879114,107.21962848543522,4,114.64110040787212,21.982000761796247,0.0,0.0,4.076777392498725,8.166650072866904
4.466666666666667,134,109.96008228916753,6.979940320012002,59.89151671214359,15.572037841929298,22.597929998485615,21.37657223854032,23.099496948246358,10.829722557498691,35.085928249657094,True,False,69.88215334007035,0.0,0.0,7,112.3338180382486,564.2870967181159,0.0,19.417583925881928,5.153573621502814,17.48064761150241,16.94199323786573,14.658330047378405,19.789976114460522,11.5952395704641,6.618017118232701,13.365983407031601,18.16750298067679,108.66119840049447,4,116.72278860029319,34.94107667003517,0.0,0.0,3.449989137399013,8.96961502738644
4.5,135,111.03859301065175,6.8691259975196095,60.37136658570325,15.188027471768386,20.322442723384732,21.573727409338584,23.750798619631517,8.920043496814664,27.045201367754164,True,False,64.12854393815093,0.0,0.0,7,116.27098816264692,670.0808075302511,0.0,19.29734674489478,5.016064421993638,17.47564272636392,16.937793314779217,15.002986054087057,20.43116572074483,11.556956889846903,6.386767047651008,13.324892082265109,21.101026180360424,110.3147221587401,4,118.55528598021971,32.06427196907546,0.0,0.0,2.6350471000952345,7.75075694554319
4.533333333333333,136,112.06079376563393,6.825591320129332,60.75808786382887,14.785413690686097,18.159403945847885,21.761201989236515,24.759692266946814,7.675981921135455,18.440739606072754,True,False,19.612472886591693,0.0,0.0,7,155.4709014679782,1095.262730505574,0.0,19.151978776166217,4.922022101569393,17.499315838233365,16.95326421086557,15.181935867792731,21.110439381708225,11.405884316953037,6.134676662092967,13.321405484188018,23.46266693733039,112.08530028856268,4,122.74482044351916,9.806236443295846,0.0,0.0,1.8308507528262723,5.633770379059848
4.566666666666666,137,113.00674697842786,6.800799768055132,61.528358059356655,14.61105280272115,16.76097875338108,22.12709941222245,25.554565766284743,7.319946485303502,12.042303349713622,True,False,10.420483387978894,0.0,0.0,6,131.6808674722114,816.9636712999213,0.0,19.014391895673953,4.8748387435418525,17.552340825970848,17.02106636855729,15.3577482520102,21.77762983263144,11.275870669682003,5.905070884099452,13.497325624260032,25.845593930865853,113.95146141596271,4,131.4194516044028,5.210241693989447,0.0,0.0,1.5872369421124959,5.640421805293686
4.6,138,113.94047899973422,6.713033506264021,62.48302995441142,15.057747429251704,17.68728181322847,22.5308140771519,26.29169799410027,7.977895916225439,13.94871926543627,True,False,4.188106781707739,0.0,0.0,5,109.24728889156795,606.1475042772742,0.0,18.905443302998222,5.053834855635864,17.69259037657082,17.006993367051713,15.698048713643336,22.360221071902895,11.187959240037335,5.749787978299983,13.871510391043918,27.590694888677632,115.8378423362765,4,134.57500143643153,2.0940533908538694,0.0,0.0,1.6031696731921654,6.460653957866608
4.633333333333334,139,114.8822092264637,6.641086886931202,63.282023762418376,15.948157460666948,20.43766846596913,22.897548025211368,26.687682361642896,9.513409176620135,22.652034300402118,False,False,0.0,0.0,0.0,4,110.809320244552,1049.2723420672583,0.0,18.844964039893835,5.35181256765926,17.87111793070869,16.959469859671554,16.01107990990438,22.64436620909914,11.156135300291634,5.6723483093783775,14.44437799528058,28.516015924240328,117.73178237477728,4,136.0971407151815,0.0,0.0,0.0,1.8285418163747524,6.310281063731404
4.666666666666667,140,115.90291049536312,6.613718077304453,63.96921888786854,16.95167821071866,23.766176125897992,23.226657794350576,26.849861775806865,11.657118734134059,33.33106619930046,True,False,0.0,0.0,0.0,2,117.26812740182493,725.8194245661283,0.0,18.841066585592728,5.774916782840385,18.086419953249194,16.88553055555947,16.236115378701008,22.59421863984624,11.138568496887665,5.68629357330299,15.247748785328142,28.71958990588015,119.66841263213229,4,135.11825481101798,0.0,0.0,0.0,1.9893291413714629,6.07550359285536
4.7,141,116.99683994423553,6.634960236636256,64.5369210958962,17.89062739742606,27.019182270373825,23.36602354114376,26.846610831216033,14.268616628625288,43.595478080510226,True,False,3.094450960206366,0.0,0.0,2,171.31987332232316,1024.6657649212793,0.0,18.891225009831302,6.228156698108722,18.295527607385363,16.790664186555855,16.343096256682234,22.387903116151634,11.134891777999378,5.777941598322871,16.265554930984656,28.16772069787356,121.51956541799139,4,131.37363246406682,1.547225480103183,0.0,0.0,2.0455503807275925,8.1896376151281
4.733333333333333,142,118.16010308328279,6.689684089860792,65.22051620323585,18.623141413249062,29.61271621417182,23.2906735312673,26.80779129489578,17.302387303113708,51.0500127274105,True,False,2.4737909919058088,0.0,0.0,2,114.26656935686184,664.0639715086513,0.0,18.971603314500726,6.534175943731969,18.45981324508685,16.78094176746328,16.319468712851837,22.1651811874456,11.150399830127725,5.867306462127997,17.44764371094861,27.19972216776405,123.0894363555256,4,125.66321770187434,1.2368954959529044,0.0,0.0,2.0508224497324234,8.748982447768384
4.766666666666667,143,119.42394294652152,6.728628093345524,66.20029890845372,19.09641773942615,31.203568751644116,22.99459738043247,26.74824891626345,20.83338389345189,54.23804481642867,True,False,3.167924893846377,0.0,0.0,3,157.83706191059997,1666.9490252084345,0.0,19.054507405824715,6.622915450564856,18.58923003748986,16.856984194630012,16.25987291781346,22.002203469032697,11.169187401276579,5.902457557212144,18.793694373034995,26.380938277936455,124.28413656615025,4,119.09783937639529,1.5839624469231885,0.0,0.0,2.057510260797043,7.837899368422154
4.8,144,120.77718185951956,6.725715087729056,66.9760844859475,19.308137339869806,31.8536236365374,22.522569374086153,27.0001052977222,24.73551225589838,53.15630761844287,False,False,0.0,0.0,0.0,4,214.54422905670856,1846.4327688573303,0.0,19.12046859975462,6.4518727618266185,18.71657779090605,16.980762720473365,16.102085745344066,21.902808995494276,11.143261432965184,5.918628925868953,20.175050249391546,25.696048329872816,125.06302540555878,4,112.67319532597436,0.0,0.0,0.0,1.7814376597224113,7.195900693856867
4.833333333333333,145,122.23971673440126,6.741453071111447,66.49272757834302,19.217121185301064,31.687932882657687,21.55107265959587,26.714571730920706,28.767687193992934,49.71839994612123,True,False,0.0,0.0,0.0,4,214.90113471139227,962.5976042555542,0.0,19.247927242850317,6.230618499298977,18.630194200133452,16.95687599009102,15.675091406747011,21.588099973450355,11.152627863738388,5.988812210036874,21.24203735170512,24.7928015108337,125.72357855286702,4,108.2262857701789,0.0,0.0,0.0,1.9531782407574159,7.851307893510834
4.866666666666666,146,123.64637934418693,6.738090254419515,66.45048592967268,19.16671825029863,31.486283569916978,20.591884170209063,26.34421722383114,32.7339245170447,46.27510836858303,True,False,14.66515817090331,0.0,0.0,7,158.82282356821852,715.1142426823127,0.0,19.394932143845008,6.129181530362065,18.546696186452383,16.97563475687462,15.233288910516615,21.447059104437304,11.070788055535608,6.1813514933167655,21.73934697116015,24.837360322311007,126.35757443323787,4,100.7533759526381,7.332579085451655,0.0,0.0,2.1551264531167282,8.873837655470766
4.9,147,125.17156437366663,6.784563417016354,65.90303379288179,19.004401534896367,31.102307438269207,19.71551152764086,25.94500001375637,36.557666128728115,42.19105208295148,False,True,0.0,0.0,0.0,8,171.35435149544466,893.6285383730258,0.0,19.472468711713596,6.025656907419665,18.468083965074438,17.062406598772565,14.695376447101955,21.219208669410218,10.917449173520941,6.348769810707633,21.423148269255126,25.024224717392585,127.00930773783097,4,100.30480390648641,0.0,0.0,0.0,2.370312631548048,10.964442615321492
4.933333333333334,148,126.73667511562563,6.858977098606889,65.34768556556206,18.818667105907284,30.78538451679737,19.632661024983143,25.389753312129095,40.30597116004244,37.81315257003481,False,True,0.0,26.737509839078804,0.0,9,192.22860070432222,1220.2948932947343,0.0,19.46210315259338,6.195780171765803,18.531970430053406,16.986317808785152,14.535955779046583,21.046074215690105,10.739459303594339,6.44397624475217,20.782206835548024,24.414624579590832,127.7525820564696,4,104.42713653546069,13.368754919539402,0.0,0.0,2.6788010522113512,9.622008041704152
4.966666666666667,149,128.27031804099263,6.970886938661547,64.05162387398832,18.54055333257706,30.2778182871822,19.98393563129344,24.604754108973133,43.09333441276978,33.42924899569245,False,True,0.0,22.046401070199785,0.0,9,187.4427101127748,1114.8091202488276,0.0,19.440668111138653,6.52254422636695,18.619001535346676,16.717943776651502,14.766889724195572,20.81526408400686,10.673542689617891,6.483789837422227,20.10612324972287,22.851259605457873,128.61276720239997,4,109.42687846143878,11.023200535099893,0.0,0.0,2.590156007363726,7.562447882975477
5.0,150,129.69169883618483,7.134888091471647,61.87736097060348,17.972399891266814,29.27876190317484,20.617752190541495,23.60031114117748,43.34900625766301,29.547978023317363,False,True,0.0,16.780304830670588,0.0,9,174.26880014936802,514.3694157653518,0.0,19.454017563943687,6.229488676137572,18.48656055426551,16.41629546057516,14.469627218816289,20.214508178390762,10.624458836258576,6.618711883884178,19.01512571237242,20.942156671658708,129.7856245795748,5,112.98227735278655,8.390152415335294,0.0,0.0,2.6594316079274334,6.5300869787240865
5.033333333333333,151,130.89846315313642,7.141658587282551,59.740591321552294,17.257387852179054,27.49814991510757,20.86334678085506,22.823514521646423,40.16208111615725,26.14365724177155,False,True,0.0,9.76261795271363,0.0,10,172.9012294161097,454.72470052471033,0.0,19.445238701504156,6.062106197534265,18.29708441116505,15.975566542173103,14.770703855444573,19.729006221435213,10.751212990619177,6.6414253478853675,17.783320905323883,19.41255294917069,131.17264333149149,5,113.15163491558926,4.881308976356815,0.0,0.0,2.4620499991650604,7.08005515902856
5.066666666666666,152,131.96726477696424,7.070618879162128,57.59639521163291,16.479994213062568,25.348637905867026,21.137768219147883,22.449665757445292,34.678826067168046,23.128291579706882,False,True,0.0,10.985793969289402,0.0,7,140.3301739368424,987.4781513203411,0.0,19.426615102328032,5.691150726653842,18.036825719242422,15.691542567906774,15.029166002078275,19.270693984195745,10.871621788791366,6.718781935043888,16.931063160880058,18.13790058534998,132.77938454990576,5,114.88843245908005,5.492896984644701,0.0,0.0,2.1943863191697637,7.678498775041283
5.1,153,132.983183301785,7.00647588118839,55.663290621968564,15.753369097211955,23.196800397905122,21.465364224093992,22.44527176369098,28.565947982339445,20.310617621496068,False,True,0.0,6.693077901273117,0.0,5,119.73655495561874,972.3376584894676,0.0,19.37695637380985,5.314144529538161,17.73021003559114,15.52504206280271,15.140678300106696,18.76353872244784,10.957627969595649,6.768122350405516,17.160858204286757,16.776156317974486,134.5019343489536,4,116.44300278451884,3.3465389506365586,0.0,0.0,1.901079381009839,6.900746981788654
5.133333333333334,154,133.95315769472796,6.980976841823161,53.98315320103833,15.117440168358664,21.25764969123715,21.82830644019268,22.7311841779975,22.741210587542014,17.72989755921642,False,True,0.0,5.287427224252556,0.0,4,100.2119256270721,471.2233446521125,0.0,19.29336442476024,4.985121826726595,17.390593906624872,15.461467846296307,15.02480620847508,18.1745209823852,11.012049717701872,6.728032211179529,18.228213581428516,15.432833054853123,136.31206663679737,4,117.77412518464189,2.643713612126278,0.0,0.0,1.7712213952347837,6.063010719186885
5.166666666666667,155,134.85226020882772,6.9397450709318464,52.803908448336195,14.703699360745482,19.87788289192178,22.032541129208724,23.186890524336054,18.80825875747698,15.483841156665354,False,True,0.0,7.501409992132688,0.0,4,72.30691879244745,280.9687948259293,0.0,19.199983437887177,4.817288513564573,17.094263221228157,15.55322730180946,15.005577728944445,17.67764772342283,11.098479282992024,6.600938391237533,19.54988379758729,14.44666944482164,138.13289868688892,4,119.12419787878667,3.750704996066344,0.0,0.0,1.536183385054309,5.3023093709048
5.2,156,135.63217244154382,6.942376649567194,52.06593785022875,14.563157098556106,19.45257789006314,22.219286803582744,23.845371147033696,18.073482131660263,13.672171477975848,False,True,0.0,7.440294587039155,0.0,4,106.86369916062827,630.0925652964349,0.0,19.142001185820035,4.520326076003949,16.799892618396697,15.811674272611667,14.828902969768937,17.390092765503475,11.156399495750813,6.504808650940476,20.76165997614064,13.721286907152368,139.88657539811135,4,120.12853539023578,3.7201472935195774,0.0,0.0,1.3898069635363222,5.96618552892965
5.233333333333333,157,136.31788505584808,6.961359470549954,51.648529201643875,14.619726060980792,19.767727766248225,22.412598857184015,24.597503321329516,19.9060608851954,12.15474800128397,False,True,0.0,6.2978216617662275,0.0,5,100.91050151692419,607.1181384976649,0.0,19.1355334829911,4.1676889405034485,16.470189377737753,16.202869430224215,14.510314952883332,17.279074696895876,11.2150128933021,6.455770360868662,21.664651855547742,13.123873858764723,141.52921636892418,4,120.96398026007454,3.1489108308831137,0.0,0.0,1.3616799617911837,5.403275859948618
5.266666666666667,158,136.9548452433047,6.9704354019894055,51.505423507423004,14.750704912770148,20.299483245061406,22.399301152127617,25.27609658349728,22.729843859240695,10.792691385380039,False,True,0.0,4.6548154637446615,0.0,5,97.6234242645658,488.8605320812561,0.0,19.176421413551008,3.858292530569307,16.153116327529823,16.695776531717858,14.219116297344641,17.412778517925187,11.298164152912282,6.432515520033092,22.22730980197369,12.589149617749687,142.93692057538755,4,121.78964834024545,2.3274077318723307,0.0,0.0,1.7835387821513666,5.224097156634994
5.3,159,137.60545159434793,6.9736494397165565,51.433448626858436,14.833118642281715,20.661172593446757,22.082771427565323,25.893855833459632,25.116020697547064,9.552042415215016,False,True,0.0,3.0933057544132025,0.0,5,104.3987164461669,513.0084287466634,0.0,19.236280835203036,3.6366810912590317,15.884270076452436,17.257616116256116,13.871961878118643,17.72287140403119,11.346325231882053,6.456024422535734,22.363945492379266,12.076112712321208,143.9601445351396,4,122.53533125341539,1.5466528772066013,0.0,0.0,2.839375700761668,4.618453301556332
5.333333333333333,160,138.27865348047735,6.9792597644657395,51.51677202307136,14.812118600934715,20.651241474324642,21.478214846138172,26.115197607244077,26.575668397296432,8.435885046619884,False,True,0.0,8.445459523111388,0.0,4,122.88076660094875,756.1779761250323,0.0,19.28174898222031,3.5044742408161014,15.576555552174865,17.76069448263237,13.675268811477025,18.109547669332883,11.37818005889375,6.4849190963820424,22.271605362993537,11.533818859799291,144.66844208242213,4,125.11820961416205,4.222729761555694,0.0,0.0,3.7553918470870835,4.58540898581115
5.366666666666666,161,138.95926913285794,6.960692586721329,51.07684485419473,14.637591797494165,20.182234277716983,20.601250265394054,25.761084029924692,26.80811148397656,7.558491331572638,False,True,0.0,2.724344279072368,0.0,7,124.08133916237169,579.1435707184937,0.0,19.278887486553188,3.4553856726543097,15.16656744847547,17.989401433985776,13.478599079270415,18.453528890814734,11.391774159109817,6.472984324814801,22.128860196586682,11.018951159279323,145.17979702890585,4,125.81096281520071,1.362172139536184,0.0,0.0,4.57136343873811,4.738786727381511
5.4,162,139.72546704209634,6.945619726371078,51.87067315161962,14.525123709075057,19.737259665008832,19.90475551352797,25.88276201176906,26.103982422295154,7.057538712443151,False,True,0.0,7.923140630294538,0.0,7,97.68535464650469,405.02506477957934,0.0,19.285907098980594,3.4972644437699345,14.97455535786295,18.349574577039228,13.480869271291171,18.734450922969376,11.45823886537466,6.462513103069363,22.07773697878959,10.606706356943668,145.4716142125448,4,126.17810408116645,3.961570315147269,0.0,0.0,5.121864614140824,6.454022758349981
5.433333333333334,163,140.5226684017104,6.957652989024011,50.63229358388771,14.226081138489747,18.84734217888042,18.85140144823921,25.162788967525874,24.376557035537193,6.998621264219416,False,True,0.0,6.3577246131735325,0.0,6,82.97048869399173,394.83819183647256,0.0,19.28952800090697,3.5672087862999904,14.881598732567383,18.42158782183334,13.473415076048722,18.678818797811893,11.442372689066753,6.559577553930687,21.3834830286061,10.304257874752656,145.6693309013982,4,126.87821896820886,3.1788623065867663,0.0,0.0,5.478046679734097,7.438731705612959
5.466666666666667,164,141.20953412361686,7.030610089175992,49.86331987603885,13.99480763958202,18.158845541914047,18.114049380854947,24.140271825871874,22.986486888851797,7.39457407207757,False,True,0.0,10.593531753476846,0.0,6,86.69765719294958,451.5633289442787,0.0,19.354484347040106,3.6492423231959523,14.83825958048485,18.246028325825232,13.526452674669166,18.494874960459992,11.457274530433631,6.656921999907894,20.802842104409354,10.260351579647919,145.85363964628203,4,128.77044139962217,5.296765876738423,0.0,0.0,4.628824319437867,6.34807256746105
5.5,165,141.93211895125683,7.111966164543404,49.594397642256865,13.910082840928636,17.885707885179148,18.10061974664818,23.71875999554367,21.588682471382928,8.13476932714181,False,True,0.0,10.97347644755339,0.0,6,132.364230354036,732.3978924509906,0.0,19.447862175445117,3.791798248915299,14.739610923801042,18.19552669319146,13.404947141745529,18.249448101137762,11.442578038940656,6.86376363087855,20.465604846030253,10.507271273127259,146.00127017235997,4,132.88021670830554,5.486738223776695,0.0,0.0,4.393050344062031,5.361238091342735
5.533333333333333,166,142.46761146681501,7.163755460744669,49.46652823429374,13.938691838887845,17.799806675520923,18.827961405838913,23.061582782329932,20.386332256199395,8.923350257715445,False,True,0.0,9.185873761684714,0.0,6,109.91930172062594,681.1927501291846,0.0,19.552596618780672,4.015542455999134,14.837703148504,18.00233290408812,13.571753370509487,18.057628000109457,11.52688122987387,6.985258165363023,20.428194822384164,10.903260165622132,146.18548180786925,4,134.38493322621946,4.592936880842357,0.0,0.0,4.298643747559354,5.569725846186679
5.566666666666666,167,142.99258194030085,7.12565947048116,49.70398085192751,14.119596290711819,18.097332873678976,20.04012480031068,23.207696364621818,19.321093200556362,9.82041712922704,False,True,0.0,7.8226893876454024,0.0,7,91.06584295665971,618.6024181296989,0.0,19.624989073483174,4.370546798860669,14.931015414007714,17.902292730047254,14.176269502755373,18.11501328472198,11.654551583983084,7.119471384923338,20.154733653111176,11.355729440067616,146.25954156229778,4,129.34452834023836,3.9113446938227012,0.0,0.0,4.371790620402041,6.506899308984049
5.6,168,143.4128682599503,7.0394530438623315,50.50729142380261,14.424864256040012,18.613308316439902,21.53757227244182,23.68556554801265,18.492773361081525,10.737322084223608,False,True,0.0,7.230759504607341,0.0,7,100.99497845687362,823.9213641820002,0.0,19.675050746446562,4.955940940771835,15.271797543072557,17.97319921326117,15.124947318524153,18.30681627149348,11.810145173590337,7.1864405172402055,19.74821788405441,11.867174966385846,146.3063274742252,4,125.90500996698846,3.6153797523036704,0.0,0.0,4.188205329944291,6.298319531077418
5.633333333333334,169,143.88154400147783,6.954218739287754,51.20333233177375,14.791065701225959,19.233124146894323,23.02424963128696,24.554681091995256,17.699768621336034,11.653797242959037,False,True,0.0,11.489006577993177,0.0,6,127.22952183123924,662.4281408133675,0.0,19.662837822887823,5.721603350188049,15.68320131532589,18.06575261003247,16.199955232434966,18.68291265744126,11.861970190963468,7.259324613138533,19.224390790083326,12.571540348316269,146.27349305519158,4,123.41653756372313,5.744503288996588,0.0,0.0,3.5115005152400425,5.7184710790256155
5.666666666666667,170,144.2837734962554,6.862778087154275,51.83158139025203,15.215674099612341,20.117116230496855,24.910856657879254,26.1041517319,17.106891502072834,12.346565030135327,False,True,0.0,17.464122131096186,0.0,6,107.83131177114355,354.77086009022537,0.0,19.588262598689653,6.780631160383425,15.965589042637351,17.665176217233398,17.512098903960645,18.867247528588468,11.86741602491586,7.299808879032117,18.783333028725647,13.437083188031213,146.1984777337288,4,119.70071322937369,8.732061065548093,0.0,0.0,2.4415307475558055,5.041052219777765
5.7,171,144.62157162307975,6.821404622367222,51.45901945078123,15.603187796171996,20.802814256501424,26.558809509208263,27.42662241074971,16.52512773640529,12.700697369642434,False,True,0.0,21.11616673447333,0.0,3,108.26974460664884,434.4325193246418,0.0,19.50432234023178,7.707310694302307,16.58906430890835,17.470782210945785,18.916072915164474,18.957434591988854,11.827361222704562,7.40719818976913,18.22273487104294,14.234278571516004,146.12771006931916,4,115.42783981307674,10.558083367236666,0.0,0.0,0.9501013819516531,5.755636567341623
5.733333333333333,172,145.00945940746422,6.753303851467796,52.15596843613155,16.167756982474007,21.883642462374503,28.457685757597663,29.787988143067956,16.04262057517191,13.246275373660485,False,True,0.0,26.536459859094386,0.0,0,131.197757851196,580.5345557881735,0.0,19.47696686399025,8.55250435599642,17.030024984262685,17.601033971001694,20.157275210690837,19.675941218158695,11.798962343963396,7.522808696000598,17.65241831706429,15.513848926483234,146.08698156567382,4,111.33656784065234,13.268229929547193,0.0,0.0,0.0,6.1985020523247405
5.766666666666667,173,145.296997925414,6.658831144192812,52.32838816354163,16.684135885101696,22.94557793348465,30.743775190307765,31.621341798907622,15.729130693943642,13.688064050779577,False,True,0.0,23.654547624795946,0.0,0,90.87269684911512,378.1593524736068,0.0,19.418203470462814,9.229533607305768,17.408273163415128,17.355069241442017,21.36051475852074,20.43516773550451,11.787403998259276,7.6262581460068635,17.18386002769549,16.675442393974233,146.24572153114104,4,109.12777523718323,11.827273812397973,0.0,0.0,0.0,6.670894001343564
5.8,174,145.43536989106894,6.583673590797023,53.235001670246646,17.313343131368384,24.46264706020088,32.932784253973665,34.035066599205905,15.63674709340338,15.245990294220569,False,True,0.0,40.825182773616106,0.0,0,93.00527417818634,562.2855279926689,0.0,19.388002673353075,9.659257680029558,17.8558905050262,17.07084148119305,22.566261261397106,21.06070880133344,11.84433156598175,7.70407269823464,16.95172508323516,17.74846697993829,146.01278348595932,4,109.87464321460673,20.412591386808053,0.0,0.0,0.0,6.775243797194862
5.833333333333333,175,145.51818949865873,6.573732070632032,53.78153686605874,17.913450148108648,25.960022042929758,35.031767217891144,35.58862782908289,15.688726620922576,17.530966503822423,False,True,0.0,61.8014701528347,0.0,0,141.68535135277662,762.2428764092342,0.0,19.363821318119125,10.019524108197965,18.282838971133106,16.89762480694285,23.469313259459142,21.579796660441914,11.8438089239652,7.805833031574267,16.908362164746336,18.69074080533072,145.86626766915464,4,116.91746824801584,30.90073507641735,0.0,0.0,0.0,5.24954496009401
5.866666666666666,176,145.43728038417564,6.601183334435213,54.40490913496289,18.45355807752892,27.308194513540972,36.808083739621836,36.849800930306046,16.122912427562415,19.451980956673587,False,True,0.0,66.71784256587327,0.0,0,105.99570730297359,501.59228892013425,0.0,19.386463880518935,10.385375416748714,18.76168532490257,16.565689734667806,24.180736254142882,21.95516947313235,11.873438862270154,7.896660398892894,17.236674190526806,19.328699572966855,145.55650227412863,4,129.94082779498274,33.358921282936635,0.0,0.0,0.0,3.6938762201271724
5.9,177,145.31429094935604,6.645678346672024,55.21252973983846,18.9181260782126,28.52001660191346,38.2813448163578,37.806890893198954,16.702200205519112,21.289630492577977,False,True,0.0,72.05531891546306,0.0,0,56.052684551973606,210.2026673793304,0.0,19.432394885920782,10.72541212871557,19.073734009216555,16.14386697568158,24.640423359398124,22.238851293838593,11.897594305213788,8.001248967701724,17.684130404260607,19.85416843558789,145.29111489472854,4,135.42597433022232,36.02765945773153,0.0,0.0,0.0,4.418588120737475
5.933333333333334,178,145.14500463340192,6.707626930293886,55.92297091347618,19.28614413872325,29.47097000635995,39.170136048381615,38.38743307077166,17.31878461868962,23.007526287596907,False,True,0.0,75.28870027961153,0.0,0,62.145272963824695,575.1708128522105,0.0,19.485869430222913,11.015376777647065,19.363895546619545,15.86442037184713,24.81824093017248,22.404268025699267,11.894490442225521,8.079189748426387,18.164087603774462,20.318443178774192,144.95329385595693,4,139.72812978716917,37.644350139805766,0.0,0.0,0.0,3.848925907895285
5.966666666666667,179,144.92244058408443,6.783333147875615,56.76039171382134,19.530729217955223,30.12099813430462,39.7505867818433,38.34269825401422,18.116430825537147,24.27427667582382,False,True,0.0,73.42840225944333,0.0,0,80.25720727198429,564.1840277183092,0.0,19.543219113892537,11.273004387640857,19.585629677006423,15.605347068822983,24.743278546476358,22.337411353447383,11.843459024490018,8.1640573281655,18.759127290729197,20.622411941438553,144.72088264639035,4,142.53053894890684,36.714201129721665,0.0,0.0,0.0,3.7279026903988104
6.0,180,144.56447673946948,6.876502067593093,57.42420054763837,19.649312281256876,30.454885145615318,39.88112911808794,38.02026999258165,19.16524951772831,24.752891954063358,False,True,0.0,64.89211161337623,0.0,0,67.19265731515284,689.3426912643413,0.0,19.617103015370436,11.47938005259565,19.85517259146255,15.297792712718245,24.478248014012493,22.198412165932016,11.807837038643036,8.238320201797979,19.459253145655424,20.488624698204024,144.39415681024832,4,147.5299098558283,32.446055806688115,0.0,0.0,0.0,4.382040802172887
6.033333333333333,181,144.1305234582848,6.960246035392926,57.81069176123018,19.593515034436837,30.436601509875278,39.56119250568098,37.47208524324792,20.35547068480003,24.357657605772186,False,False,0.0,0.0,0.0,0,56.08908160546153,249.83408504905984,0.0,19.694378790930646,11.639124641466154,19.993165835293304,14.830824712649648,23.9499102860232,21.839251804078188,11.761035907874387,8.368184986021427,20.10319417028035,19.977248342434148,144.1715821219987,4,154.2910850664233,0.0,0.0,0.0,0.0,3.9393606414396127
6.066666666666666,182,143.63625380225656,7.062256739021199,58.004988090207,19.390537273857714,30.006899597467275,38.94910065962512,36.21654600848928,21.777369240520756,23.084582481233955,False,False,0.0,0.0,0.0,0,95.52642051218713,367.4672879812996,0.0,19.7538985709895,11.822586698560842,20.11793135932873,14.279302043460849,23.39437690783157,21.36973213017161,11.656654787622008,8.440674548930446,20.7572561018685,19.238047569232464,143.90505921237767,4,165.61654224457982,0.0,0.0,0.0,0.0,5.153769474592648
6.1,183,143.0403389964916,7.145229051704771,58.1464324338541,19.135409721816696,29.502387209949976,38.062199290808586,35.096978297069825,23.414647062486058,21.435724189435447,False,True,0.0,0.0,0.0,0,87.44685949529735,627.8290340873664,0.0,19.84955122847653,11.883317310126001,20.223473787118653,13.726737211036358,22.69669176039501,20.7216559599291,11.60852912564723,8.604447352967961,21.358502459531532,18.34869079222219,143.7267871297917,4,174.22069168754203,0.0,0.0,0.0,0.0,4.539236071376129
6.133333333333334,184,142.40631260713002,7.2699977856163,58.023518307169695,18.817072422789362,28.8932920573296,36.862732636728474,33.74610051169516,25.15218795248364,19.812147128411134,False,True,0.0,9.82202299266942,0.0,0,128.99953871342697,1469.9846769421774,0.0,19.8834652980737,11.778711536466622,20.32573813571919,13.223926715465218,21.96382222313972,20.054674768644276,11.478705311704504,8.658351808980822,21.72838636223771,17.587135952090332,143.44118454526526,4,201.62638222745142,4.91101149633471,0.0,0.0,0.0,3.097150660416873
6.166666666666667,185,141.7397437269791,7.365481063883528,58.05028113001107,18.523539024653633,28.372103075615147,35.661902417345374,32.73337405606234,27.036220656749776,18.05691517230311,False,True,0.0,5.892339202738841,0.0,0,151.88334428197086,1444.3395143558373,0.0,19.84883427646905,11.712512983505393,20.47467769563868,12.737387633259583,21.263987354913443,19.602337407932204,11.261375508530703,8.67242278017757,22.035693764352974,16.755443662564314,143.2134876074298,4,208.323613408776,2.9461696013694203,0.0,0.0,0.0,5.563125140696733
6.2,186,141.0581322939112,7.448066236308026,57.77698834640581,18.161247612414748,27.800572657765176,34.338156701375524,31.659517421728246,28.98779153790278,16.216824970054155,False,True,0.0,7.295948069295949,0.0,0,106.08138675496652,664.4971608149062,0.0,19.77093371881668,11.579573111292197,20.44692706281383,12.338924645185157,20.544116911160142,19.25835084918886,11.025754621231414,8.53396471651915,21.957364370277077,15.760513548675995,142.8698675692779,4,246.26474674519946,3.6479740346479743,0.0,0.0,0.0,6.7091567584065634
6.233333333333333,187,140.3428716859725,7.474817451402139,56.881534461331825,17.709738855344177,27.15168279748501,32.850035412641276,30.82505669791122,30.645709086678252,14.2859299927093,False,True,0.0,5.359004874614768,0.0,0,102.7350137450973,492.3490333855807,0.0,19.75031795391734,11.425063144052178,20.056077781267767,11.843657540580663,19.741687846035667,18.8760703048247,11.007654405841368,8.428723950062269,21.462022513852197,14.44807619978847,142.4739504307239,4,246.37775022434772,2.679502437307384,0.0,0.0,0.0,6.687100142845151
6.266666666666667,188,139.721162599974,7.475494764244994,56.06427417595989,17.26702964282712,26.46414133670619,31.41101803997895,29.850840489607876,31.973313672702286,12.62139314453565,False,True,0.0,7.939619276874664,0.0,2,119.7229461363184,815.2169886238362,0.0,19.696214460971987,11.02022929076707,19.78690673432486,12.048195997749131,18.682523443878576,18.727806418225953,10.919000146311433,8.28182520715387,20.57442016940133,13.411757426797843,142.05060877964434,4,246.26687737213248,3.969809638437332,0.0,0.0,0.1837551581988855,5.587617527618193
6.3,189,139.14346635775075,7.485016541191625,55.56154124030698,16.848778214641843,25.798354550310187,30.04206265514909,29.086731260877492,32.85740899589832,11.207215289315844,False,True,0.0,10.70436145376266,0.0,2,146.72901860363686,1197.9176887244448,0.0,19.675106122614597,10.689736327986072,19.306443455992607,12.077510471218593,17.811107906500514,18.737087950250007,10.914938483220569,8.176264651605,19.62986114147061,12.520198507528363,141.66923532752725,4,246.96770122710973,5.35218072688133,0.0,0.0,0.6438204626248955,4.182841136374911
6.333333333333333,190,138.6051958207107,7.490967113399726,53.854911431150036,16.237588186962807,24.57703326068045,28.344709790819167,28.027063238783644,31.988987048222274,9.947372964896713,False,True,0.0,10.079658801099727,0.0,2,70.44054530745007,356.7513972836739,0.0,19.613353130913445,10.022467252015018,18.779472656566288,12.47461315514657,16.55130850094727,18.4324681273771,10.848207955573738,8.082916031112672,18.643397676450558,11.807485275617669,140.89373428762204,4,247.96237041375343,5.039829400549864,0.0,0.0,1.1057523559962157,4.040016429979754
6.366666666666666,191,138.01260820765623,7.40591313209632,53.406571609306035,15.673117667331507,23.12206071110442,27.125051969013136,27.162219302639105,29.44645024280254,8.75452132996289,False,True,0.0,6.803425997351038,0.0,2,39.32138161067451,196.47182841542747,0.0,19.55976295474519,9.31877863724012,18.327943125659523,13.040213528986621,15.562835907698263,18.637338572797525,10.900983750127939,7.936025253421465,18.205033935803954,11.1196064990743,140.10643663654793,4,248.0502674085426,3.401712998675519,0.0,0.0,1.6401155807350063,4.5990022413492175
6.4,192,137.4016191613298,7.337411846007225,52.85762340760087,15.032906494604022,21.44123693090496,25.860258877947768,26.11008806518025,26.059741781465373,7.73485899902646,False,True,0.0,5.296294182048126,0.0,2,38.74637643218127,203.48642189689605,0.0,19.501692364363976,8.672300405756173,17.58681842911275,13.276838957727671,14.764716157905738,18.67319253498965,10.95248545807454,7.8219551847782665,18.0882494441963,10.39040075853548,139.04553781807962,4,247.91168166851108,2.648147091024063,0.0,0.0,1.9469804637487604,4.520411337173528
6.433333333333334,193,136.76415907379956,7.247996398074818,53.062847891634654,14.560383819113005,20.03296206825163,24.848448049127178,25.773976823766564,22.600272140673926,6.909151259438852,False,True,0.0,7.38054212862731,0.0,3,68.42501355052957,314.7900146123695,0.0,19.45167290012763,7.9454823866575435,17.136887942502096,13.88843230229638,14.18946723674715,18.674695680326682,11.00681722885405,7.702433875584394,18.52419010301012,9.753829357582493,137.96386361332523,4,247.74208785145225,3.690271064313655,0.0,0.0,2.06561757116783,3.6193743025460208
6.466666666666667,194,136.05225124374667,7.17539239583197,52.498588169740614,14.115244923227802,18.6128655234201,23.780470512981676,25.07505809764673,19.185759592729642,6.410173890322357,False,True,0.0,7.087143138317272,0.0,3,66.89390058615594,269.2931994707528,0.0,19.428178818036855,7.270911840359023,16.67338911507782,14.444792506000212,13.623279696866733,18.72227444373234,11.08124212696108,7.668082533444783,19.215390001073693,9.149670673184115,136.72127640607016,4,247.4826586010977,3.543571569158636,0.0,0.0,2.2158408737608437,3.7031767403897256
6.5,195,135.31903056167047,7.11966670755968,51.951004512327664,13.840244174252975,17.65454447046556,22.903334214667392,24.295034158476135,17.018788500526732,6.401021008191976,False,True,0.0,5.728925567979359,0.0,6,71.20460197603477,314.4109469753895,0.0,19.403731764371802,6.659259532350056,16.26935556079754,14.997994403153095,13.194399061591414,18.84609001416709,11.129905333920489,7.657521545161247,20.127383595191418,8.699843921228217,135.32221889591477,4,247.16299573674374,2.8644627839896795,0.0,0.0,2.3071162040883197,2.889173007239078
6.533333333333333,196,134.55686619430816,7.059977983689835,51.69082578402912,13.819629349954385,17.50539188455286,22.18902171719419,23.499779994264177,17.375052115417088,6.957713711335973,False,True,0.0,5.1515522517325385,0.0,8,88.98111507007809,487.6472463359727,0.0,19.379539429182785,6.136476926225027,15.940450993382015,15.541731369991679,13.006440672619107,18.96146919827253,11.166168402186974,7.637781483679396,21.097217113711558,8.405597121853267,133.8580701369291,4,246.70571935161502,2.5757761258662693,0.0,0.0,2.2584644356332695,3.8493600107546313
6.566666666666666,197,133.66434125574943,7.026709061541736,51.52979431724868,14.047152840595992,18.136104114127367,21.67787377084034,22.506700521137947,20.25029494012978,8.109547224401407,False,True,0.0,2.933428932289104,0.0,8,87.6950607856571,578.0621207490525,0.0,19.386833191842197,5.658110751209118,15.905181144489845,16.183668341441884,12.966058000968255,19.13058567196443,11.264938714265405,7.686830825933375,21.820333028595083,8.160336481720796,132.34411032682956,4,246.6059910515994,1.466714466144552,0.0,0.0,2.242197627825143,4.74941822791875
6.6,198,132.76263037862472,6.940151162521479,51.8377481044196,14.418448661878966,19.50597675974076,21.190561206933012,22.481215580957432,24.63002711362838,9.722103137444211,False,True,0.0,1.7119534234755391,0.0,7,88.1209257522128,599.856523316832,0.0,19.40636296239284,5.292035253680372,15.340804345127326,16.200083896041694,13.131314672902219,19.221490449055423,11.359112660573047,7.743103708493691,22.421996600612868,8.13651834034197,130.8120582055379,4,246.73878330351548,0.8559767117377696,0.0,0.0,2.6033105158350027,6.128724708055225
6.633333333333334,199,131.79109859324473,6.878524076590908,51.10452675826325,14.809405763698535,20.89490986545713,20.78381039411993,21.831141542710093,29.25731519784844,11.707372327150068,False,True,0.0,1.4368642561022889,0.0,7,237.70280515134536,3224.91802702032,0.0,19.427160152471213,4.974538789469338,15.109427561660052,16.53039584984867,13.197705873283896,19.241057482870538,11.388474154148996,7.8196738109956225,22.532859030453174,8.340154288447998,129.3929228497844,4,247.0150092833948,0.7184321280511444,0.0,0.0,3.4953107228130116,7.4493923973279745
6.666666666666667,200,130.74741560420233,6.885903969615425,50.94175349807782,15.25228854185127,22.455470548084055,20.62295373765805,21.074881212746824,34.006388814295946,14.117658427635394,False,True,0.0,2.537904107027866,0.0,6,200.96229730592367,1812.6417708185816,0.0,19.485855472557066,4.7801872393853495,14.928679841059786,16.71391006943358,13.409939610132703,19.151688679776512,11.42868409289208,7.923507146169633,22.35477844123224,8.785215342793869,127.9628820340307,4,246.68573708040796,1.268952053513933,0.0,0.0,4.045480837651045,9.094783872299953
6.7,201,129.53323323909711,6.894758830866687,50.24509690334227,15.613118714425001,23.91636555918979,20.48200747465564,20.64961165256384,37.71796751468354,16.81587559485615,False,True,0.0,3.812624120899155,0.0,5,160.28551720499212,1838.6466890176885,0.0,19.559248102315518,4.469618926055122,14.927427216087061,16.973124388735837,13.262154138681709,18.789905486273874,11.444888090329068,8.07372986167313,21.539450462224014,9.491771807240504,126.66022067658913,4,243.5161953767164,1.9063120604495776,0.0,0.0,4.562487308630923,8.365780971678573
6.733333333333333,202,128.24719713490524,6.8964442094795135,49.2033813010694,15.844162770739405,24.92971402230951,20.442849037612913,20.023726628637455,39.616439288199665,19.63584113478802,False,True,0.0,3.6110505426807737,0.0,7,224.07332297642876,4392.156570310448,0.0,19.602179375516144,4.304326345339966,14.676425633951975,16.79396497405173,13.337821264708172,18.40523088152338,11.385123166492354,8.223808670801162,20.75340085665148,10.46130430281671,125.5663368319683,4,227.90070478997936,1.8055252713403869,0.0,0.0,4.475009610055411,6.310524375796119
6.766666666666667,203,126.89073596482427,6.950970581747285,49.618202940202565,16.19015532690996,25.795426201192146,20.947394106236555,19.264977027746507,39.98788146210909,22.98145220867643,False,True,0.0,2.472683795561067,0.0,7,279.0580402538515,4341.735834781535,0.0,19.642455063926064,4.284284749069521,14.896628708593292,16.611466799138615,13.806246024810903,18.08313283685187,11.377148301121084,8.302889622923013,21.06416148165426,11.60221151079217,124.64109592421129,4,138.07080968757856,1.2363418977805336,0.0,0.0,4.201157623735899,7.880960280566028
6.8,204,125.40388760816813,7.018562017223562,49.370723974518064,16.340972850548035,26.183485066961254,21.293585058494052,18.940636730038708,38.13990069749574,26.359817781816513,False,True,0.0,0.49389491183056583,0.0,6,197.87085072789785,1493.3543341718992,0.0,19.657507555040418,4.2702539038098175,15.135964583272257,16.58502753386456,14.045428911083965,17.717232051704094,11.279809370089538,8.390234943598756,20.578317419968446,12.720876217943594,123.87215088107246,4,134.45545458063998,0.24694745591528292,0.0,0.0,3.752253664403006,10.666402514672487
6.833333333333333,205,123.87836439006861,7.087618879249136,49.218030884004676,16.42764088849588,26.416389274544038,21.653057038766203,18.89248504680012,35.31137341433826,29.808641598271556,False,True,0.0,2.5375634480585165,0.0,6,186.07011028133167,2294.2232144234854,0.0,19.688812111622987,4.436350954915455,15.20507382902391,16.3242948552378,14.39588421813997,17.600346314845716,11.13612038513537,8.500665298148077,19.819576785867596,13.641931476325182,123.22338159199822,4,131.18101026100413,1.2687817240292583,0.0,0.0,3.270923744648873,13.121997375921929
6.866666666666666,206,122.28656688315611,7.130849172652942,49.41811446605632,16.530767091461716,26.655024578480287,22.016991014019336,18.723834183136965,32.468032401135815,33.41124071562902,False,True,0.0,4.453060953158939,0.0,6,222.0213309203005,3781.6485870517804,0.0,19.722660171509194,4.790573441199423,15.541465682136632,16.24696857493502,14.780646116944391,17.474930771842427,11.08346587853494,8.529269611628647,19.047750222948014,14.123677586325892,122.4637326467632,4,140.9075739107958,2.2265304765794696,0.0,0.0,2.952173737766841,12.876250264828984
6.9,207,120.64603388859625,7.1590396169235575,50.00610869123052,16.665865957010404,26.98328909297034,22.450030261841704,18.77884610716756,29.363422206758365,37.340857796113745,False,True,0.0,7.236806318886114,0.0,7,186.15135223790605,1233.9318857024343,0.0,19.70233464085971,5.3223454596288144,15.894620607284029,16.100857308660373,15.282413271294526,17.409555652057893,11.085352210302064,8.497547779776534,18.53884308170404,14.2209629717067,121.76029663743253,4,153.34678664670824,3.618403159443057,0.0,0.0,2.5882938367060206,7.242441780280962
6.933333333333334,208,119.07783166443153,7.17957669129855,50.90836346877188,16.743446343123484,27.326864903567284,22.81388606979548,19.030060033251033,26.184545991501228,41.27896751972138,False,False,0.0,0.0,0.0,8,182.33920996967638,1377.6442607919646,0.0,19.61821612592444,5.79182049282206,16.28763374522651,16.050826440202172,15.649238750367319,17.39922098781504,11.078403382196443,8.328839611594326,17.70794470933956,13.932091287095261,121.0599339799769,4,159.72367371857987,0.0,0.0,0.0,2.3729217762857626,7.0604674322459475
6.966666666666667,209,117.6959705052963,7.1764993889967155,51.906361954684485,16.692349963005366,27.431581061583554,23.095844608483766,19.794688335789353,23.355091175058707,43.48070012700238,False,False,0.0,0.0,0.0,9,140.27199649652704,597.0883260716249,0.0,19.52231201308213,5.930985359770884,16.617375554419926,16.09207998690793,15.867789136425634,17.402141061371136,11.063748955396411,8.14196755772504,16.672295207461964,13.348230366185232,120.28430080827115,4,163.45770753629319,0.0,0.0,0.0,2.5723575004878723,7.705977758204568
7.0,210,116.51485079825082,7.12262541936457,53.12282650339314,16.39654096560081,26.558657708613904,23.207226379182103,20.392462067860823,20.97377712510737,41.6611652623053,False,False,0.0,0.0,0.0,9,112.49608100589488,410.10005660757224,0.0,19.467570853533587,5.792062096124257,16.852603331663225,16.1311291617064,16.265967754858714,17.52378520637285,11.160680258694054,7.981523703957564,15.680520911204033,12.857640371441855,118.93794382825784,4,172.87415778905213,0.0,0.0,0.0,2.5561384366974265,7.140639325751685
7.033333333333333,211,115.45113303309648,7.017189069991236,55.15793078134416,16.080947794947534,24.98773702553344,23.60225266891941,21.575083427400195,18.848122813988837,35.925489191825314,False,False,0.0,0.0,0.0,8,132.1818029217343,459.6152679009017,0.0,19.41973988016821,5.518961583763927,17.130349230870813,16.367057178954244,16.74741293871708,17.904651470298955,11.371809057466855,7.837382067812128,14.791391386068314,14.174514027958708,117.22502518177326,4,173.25916686649512,0.0,0.0,0.0,2.76718527296489,6.496228125684471
7.066666666666666,212,114.49052511875988,6.848091262700217,57.08257033850486,15.76591108553082,23.112609189213273,24.186309583470905,23.09813562468492,16.57640217554075,28.589589373156528,False,False,0.0,0.0,0.0,8,124.05263514236198,691.6584079844902,0.0,19.322502488340636,5.182122433435439,17.417335625449677,16.58460525760769,17.107670372582024,18.260361071174255,11.483078625121331,7.599079103068577,13.80464383996822,17.27683070936134,115.44330674361925,4,172.8402097525785,0.0,0.0,0.0,2.717660881934738,5.297501597655462
7.1,213,113.59016932039665,6.695790831026827,57.74092584134427,15.309911637687948,20.90427471220374,24.60836520550679,24.05289465326162,14.118587225341352,20.837251764705204,False,False,0.0,0.0,0.0,7,135.41239909571271,738.3222616939481,0.0,19.181681314535425,4.985799886105821,17.627897950472118,16.502766241797108,17.345308586492298,18.353161051359564,11.423535648351908,7.294415216668348,12.77053689633704,20.546472924384616,113.62741082483774,4,170.88824905174593,0.0,0.0,0.0,2.635121198911044,5.594060547073531
7.133333333333334,214,112.70144664428645,6.587103093042124,58.51393318593861,15.022614688451533,19.048146848457424,25.02650783267918,24.92945783846901,11.878548531535184,14.358073191146328,False,False,0.0,0.0,0.0,7,67.2578547057726,449.4449876765766,0.0,19.042828444012606,4.841243710490152,17.824432210324574,16.57781157381638,17.38254071374,18.50965977600708,11.349786869680607,7.06587611094453,12.049309541841243,24.503143982086108,111.77534150967223,4,171.3414119143558,0.0,0.0,0.0,2.2838817453305538,6.064583397150435
7.166666666666667,215,111.83362156415846,6.484304898947002,58.95348626544603,14.964616554910062,18.078711096137,25.401292778933982,25.611248215071665,9.821652337831143,11.480651052711204,False,False,0.0,0.0,0.0,6,89.054690595041,589.4754586230083,0.0,18.900107987482713,4.920113816680644,17.994772372571425,16.546842121705556,17.419032906213268,18.627505861389928,11.286596953414488,6.802641169192573,11.627130348368642,28.02966040208367,109.91436972439135,3,170.62109782276318,0.0,0.0,0.0,1.5892068595099815,6.927225802766996
7.2,216,110.923563190393,6.377670316840134,59.1840456781273,15.329627317868738,18.769529427966717,25.858747202460485,26.089660193012136,7.984188522438221,15.145521793956027,False,False,0.0,0.0,0.0,5,78.98072388558609,632.3715048553565,0.0,18.777840172728634,5.138958932951647,18.181545066533673,16.410782321213713,17.488164347705133,18.660716457668496,11.241451450827713,6.603200546715951,11.361517605314523,31.00211515450474,108.06537792375663,3,169.76731520941414,0.0,0.0,0.0,1.0178609412920143,5.596605956223737
7.233333333333333,217,109.96200531838679,6.268722358943046,59.254287329780645,15.895798758297017,20.367304030457266,26.34453378963436,26.342878397981384,6.60449354921977,22.17731038499354,False,False,0.0,0.0,0.0,4,56.36533419635354,244.41233176685046,0.0,18.679699138762015,5.416111620468618,18.39347469530571,16.18043200921505,17.585871935166097,18.554889428180246,11.21546338201832,6.4848854599365096,11.169872917847938,33.28706466572568,106.25803969726894,3,170.35712154868648,0.0,0.0,0.0,1.2560484288059468,4.114444245951159
7.266666666666667,218,108.9773125103464,6.185348646597044,59.246937947488846,16.50647222203036,22.266638734017903,26.799620112173706,26.39454594349335,6.175011530224883,29.69737735017969,False,False,0.0,0.0,0.0,4,78.91394392065831,585.1636878430342,0.0,18.612983785838715,5.736417315954893,18.593063905454084,15.916298301500786,17.685608385998005,18.321567528726792,11.201041111190978,6.439757007360406,11.158020628751562,34.865770423607536,104.56177048194841,4,172.30031265961424,0.0,0.0,0.0,1.5595971679161085,4.362553020237263
7.3,219,108.01388206977649,6.127949507712094,59.391595005110865,17.091656752435618,24.097122995849187,27.267638654316606,25.822052470855557,6.943577078639361,36.355223779585224,False,False,0.0,0.0,0.0,4,68.80333349719615,404.52893009913754,0.0,18.55494098702636,6.0827411574020935,18.73991911931192,15.695902201867536,17.749104189165777,18.2163433247623,11.144474032604657,6.401514233628526,11.470652412625878,35.930767644742495,102.94453380405703,4,173.65619629470112,0.0,0.0,0.0,1.7552279980891223,4.583780444844216
7.333333333333333,220,106.9341549140724,6.084146017270154,59.23276802278802,17.569984071542677,25.698928174821727,27.367433802044687,25.617465984242216,8.695665242885251,41.11514767011475,False,False,0.0,0.0,0.0,4,51.754390647438505,219.18336613185778,0.0,18.579338983758493,6.271011365154639,18.900586148668005,15.60112772698713,17.667531804577564,17.80574434638565,11.232282451562591,6.428281279678346,12.053137380577844,36.21500688650301,101.66123454165637,4,172.8338006348289,0.0,0.0,0.0,1.8367938949104812,4.562034590107812
7.366666666666666,221,105.83811414652592,6.049557361880542,59.33736948303837,17.94380471833016,26.923710672704456,27.30363912049672,25.451806143893542,11.015217755888283,43.92417967053927,False,False,0.0,0.0,0.0,4,91.60810436410075,457.1856820262642,0.0,18.634589969357954,6.399697077199723,18.949745180622596,15.445633992246993,17.55113461366212,17.559571557622352,11.311634401076809,6.451815845019867,12.92358471254819,36.23482073477798,100.59916861051225,4,168.74578341185787,0.0,0.0,0.0,1.9505276582428184,4.144035615233556
7.4,222,104.7082338410691,6.038355378626592,59.607883730026856,18.202438647720783,27.6902258189279,27.039384382399184,25.364093108776707,13.685969379419213,44.671456405116494,False,False,0.0,0.0,0.0,5,92.78710599141745,560.9961755890812,0.0,18.72152975670168,6.474298224710107,18.981128411137416,15.3402355318513,17.3874236025433,17.497651423127078,11.371217542797536,6.5163487839009475,13.989519950091386,35.9963232132394,99.78948666335276,4,162.0152607876028,0.0,0.0,0.0,2.186387094861271,4.242922106026551
7.433333333333334,223,103.53508427727431,6.0709221305018435,59.81013024645459,18.287874329463968,27.89877100048167,26.527115076345726,24.97880042147983,16.641735184047665,43.447433320053456,False,False,0.0,0.0,0.0,5,55.33939150394495,411.647467930572,0.0,18.854572787351014,6.513750350305732,19.048697065426516,15.306383049938848,17.123198290403742,17.292595223054892,11.45159517357548,6.607807976252132,15.235997701046697,35.288433322677754,99.16733427533937,4,157.21130085861668,0.0,0.0,0.0,2.2878976713604136,4.7385203721302265
7.466666666666667,224,102.28690732752648,6.169435404570745,60.06632766770784,18.235086013256694,27.69088954545427,25.776918711747797,24.534965120344644,19.871432075201618,40.58024227452302,False,False,0.0,0.0,0.0,6,64.38382852861106,237.6625040469762,0.0,19.017505517627285,6.497043048708842,19.062809995628776,15.262089093258261,16.80987490947312,17.15486829281756,11.501542009909038,6.774923429405984,16.661681742245193,34.0203939779592,98.70935423689775,5,151.3806936618145,0.0,0.0,0.0,2.4304494078116785,5.575629916907851
7.5,225,100.96008384964934,6.321174319363498,60.4335344418367,18.122569660789654,27.331159685616203,24.843599537810796,24.080695986364056,23.40303163341309,36.997311584876876,False,False,0.0,0.0,0.0,7,80.39032526199318,354.1235288370946,0.0,19.179445234296065,6.414930744661125,19.046447410959992,15.240035391010482,16.528995614222385,17.109252655952563,11.502810747159446,6.942869867046725,18.175779476272133,32.373339027799055,98.30589584911091,4,146.33301050875596,0.0,0.0,0.0,2.6015924765981087,5.655883782997137
7.533333333333333,226,99.59150388661342,6.446125751568044,60.75651788657087,18.03200295266079,26.991882245757854,23.867096771078135,23.667452037595886,27.03089842579564,33.40208174856176,False,False,0.0,0.0,0.0,7,86.44643411818785,295.35342829705496,0.0,19.305421626610112,6.286360088945268,18.975690539453517,15.269183873518646,16.334862673938172,17.177540528144945,11.495770106142565,7.039730385820188,19.40546960315526,31.222485881151705,97.90434747394042,3,143.84169521320035,0.0,0.0,0.0,2.810500298253734,5.30046686065778
7.566666666666666,227,98.22362484643206,6.525827083818392,60.834592882106,17.92866535604772,26.725258133786706,23.06858456998981,23.30175751079707,30.502508361305974,30.02818209305395,False,False,0.0,0.0,0.0,7,100.22071253887604,523.5307717954873,0.0,19.405848706538748,6.196910047560751,18.921117251642407,15.30237919039884,16.258971388923985,17.191118128661266,11.472343071073594,7.169619511284213,19.914488532369738,30.19615197711543,97.4741124371346,3,143.86617026711173,0.0,0.0,0.0,3.0460824364560146,4.940364276034925
7.6,228,96.8768552846382,6.599047538338009,60.26904287943587,17.643862108772396,26.205824151102135,22.47346791932267,22.232120281487074,33.68405644465252,26.433651958946275,False,False,0.0,0.0,0.0,7,120.40694951385,1354.1438738888746,0.0,19.422104958403885,6.1631834432045665,18.86756931516938,15.268893873883943,16.225332725983527,17.267397144554607,11.388758529977869,7.215154582722705,19.504810800801526,28.51142965247539,96.92978917380836,3,143.65809855343,0.0,0.0,0.0,3.046206768744775,4.847210745249462
7.633333333333334,229,95.55934388023447,6.743636895366456,59.57822340423535,17.313785097665885,26.043670851070686,22.419182829637123,22.344079003508053,36.44209904053088,22.969322530606696,False,False,0.0,0.0,0.0,11,128.04167029675875,1442.2528088545396,0.0,19.423947406993737,5.884261697490718,18.733579010562504,15.355557385368796,15.972055578529664,16.9797154675199,11.352991543090814,7.2397741804969735,18.26352168524508,26.326689105407308,96.46866789249329,4,141.83658293149674,0.0,0.0,0.0,2.8569044074523853,6.8900207977046435
7.666666666666667,230,94.43266374205179,6.837903913960974,58.212589775866746,16.83776794026495,25.40988233611617,22.395145344266513,22.290061187002685,37.088332943814535,19.865989869380954,False,False,0.0,0.0,0.0,10,91.85317749577156,632.292279355447,0.0,19.433709537969662,5.6989435453638775,18.498052890522903,15.420919961077024,15.738427161139393,16.961907006138656,11.358921756277269,7.307894516858482,16.383877561785063,24.124335822377226,95.82712710093818,4,139.7330620873482,0.0,0.0,0.0,2.7584947683897463,8.086702360150962
7.7,231,93.41177294898812,6.8870995369118,56.94785624802595,16.248517019793198,24.245026939956226,22.40118961624833,22.30637930959406,35.08477022111825,17.18776861286427,False,False,0.0,0.0,0.0,9,102.44396021354144,584.3572211944845,0.0,19.417199504271743,5.465503861162913,18.312602012026392,15.44828456834327,15.664438180386703,17.107615601746527,11.35567218598428,7.435656536911677,14.54487993658558,21.995795149654,94.86447702675636,4,139.17410478746064,0.0,0.0,0.0,3.435222422794195,7.542883674414855
7.733333333333333,232,92.43713812712777,6.866439362987975,56.08082878932062,15.680951344767774,22.7806239350321,22.38447088907178,22.637122643143453,31.27984343015361,14.82105877775956,False,False,0.0,0.0,0.0,9,147.67364524750073,1401.4302431208107,0.0,19.33518089701779,5.197166048167442,18.166777632231135,15.498799710352051,15.70186061531858,17.361175268130307,11.355047946807337,7.516902695713318,13.986236296894628,19.972627320755617,93.6414445158009,4,140.2152056806546,0.0,0.0,0.0,3.6170041798847157,5.049473001258564
7.766666666666667,233,91.5035227548999,6.827593439568192,55.48655123713597,15.28111231941037,21.40900500850157,22.344491772758513,23.674885939622246,26.87063936260541,12.746002959020108,False,False,0.0,0.0,0.0,8,130.8312178707573,1223.0848014638698,0.0,19.230525769755324,4.909646699039538,17.952064042421366,15.66501195659912,15.736939505940963,17.733894921137274,11.381410895725478,7.555887082514031,15.419845900370458,17.99543798364573,92.37593326766994,4,141.50836565636257,0.0,0.0,0.0,3.7442038018885784,3.6349190734270285
7.8,234,90.58450071999322,6.825194646614186,54.99857856088729,14.958893385931493,19.907581631753576,22.188892723532614,24.360994832316678,22.188221375300397,10.892217595864619,False,False,0.0,0.0,0.0,6,74.48505463177884,458.00894745139647,0.0,19.155770596904816,4.692635798788204,17.694755863177562,15.891394152815844,15.747583937343112,18.151013568147274,11.419722278397714,7.629113128843112,18.31039024347071,16.06069469406973,90.89175602373955,3,144.28570708939924,0.0,0.0,0.0,3.7073722272739875,4.100307581216423
7.833333333333333,235,89.6723732851107,6.8532739316660045,54.669193684537625,14.69401616807186,18.513606162629845,22.018521256853766,25.187798334567763,17.55681558086788,9.291289478229972,False,False,0.0,0.0,0.0,6,51.09006101682264,147.04846830119172,0.0,19.081758122209923,4.453971749883247,17.37847096661106,16.166419206725244,15.595756996102065,18.552043739587525,11.406651488626233,7.697417186752428,21.719141133411544,14.304187280649257,89.38251034911016,3,145.3645403432439,0.0,0.0,0.0,3.776280525214238,5.04856577081295
7.866666666666666,236,88.74892094093458,6.889109504983127,54.31924196951639,14.46469467232198,17.32578501255554,21.81531604619878,25.968301168651987,13.56852662186273,7.950996213508657,False,False,0.0,0.0,0.0,5,56.31469355514142,208.89362710836113,0.0,18.990762721295926,4.175512832269095,17.0112446117093,16.444491488949737,15.359137303843633,18.922551196781757,11.388878991587374,7.700350818579663,24.92926916585092,12.745080903740094,87.84196843090797,3,146.02869367785013,0.0,0.0,0.0,3.8884450694794883,5.371904387692935
7.9,237,87.84766889273345,6.921772172104834,53.91779130457721,14.375466633716332,16.741581342697234,21.630487601989017,26.673043495803412,11.613614765333224,7.049179507663285,False,False,0.0,0.0,0.0,5,52.53918028618629,180.44204718361442,0.0,18.90648795557668,3.865442365662263,16.589352505490307,16.74128143027728,15.077418796552083,19.28959756094631,11.405726523499796,7.639800395789971,27.63676582746341,11.513800773697954,86.28031932840558,3,146.4362586636749,0.0,0.0,0.0,4.043622843137191,5.258012274203396
7.933333333333334,238,86.98533889993372,6.953685879380844,53.62713616851619,14.560759412439769,17.20513396146176,21.53693957760266,27.313697544171013,13.221001931264247,6.748896792809118,False,False,0.0,0.0,0.0,5,49.56523307927124,212.17862491229863,0.0,18.85883416882313,3.5650408260012396,16.16348100139572,17.097253022622077,14.777242100092442,19.67715160708133,11.467855702879941,7.547803604401401,29.775905778613982,10.660287528838271,84.72345428052196,3,146.6278233518729,0.0,0.0,0.0,4.202530759233811,4.998241199164325
7.966666666666667,239,86.1576472855629,6.990188599911306,53.43673760132146,14.989758569332952,18.582139885078377,21.529452537689863,27.846114406207747,17.84297630182254,7.110016294593373,False,False,0.0,0.0,0.0,5,41.27258761531354,242.86550152445875,0.0,18.855454212045945,3.3257122487707083,15.747058909228134,17.4987475677052,14.452568032894183,20.04326941091201,11.574275565444713,7.4499207909425404,31.380952664282614,10.189859597454797,83.17898276749736,3,146.6309394242719,0.0,0.0,0.0,4.358953143001966,4.709335991115947
8.0,240,85.34725517782485,7.034193159322621,53.26182522807064,15.534169782862506,20.42304437548847,21.538008700297695,28.205122286905343,23.890049174405807,8.058997340345037,False,False,0.0,0.0,0.0,5,54.89074794495927,344.2112011833242,0.0,18.89239779642291,3.167542908388664,15.360323202443437,17.89463640398775,14.094243728777577,20.324322421217257,11.704928166264029,7.382127282662072,32.44390480565739,10.055942525162589,81.66389175018834,3,146.47980561546808,0.0,0.0,0.0,4.527682773777935,4.61462140117232
8.033333333333333,241,84.51966086534773,7.050083284717823,53.125806891664276,16.11574109364709,22.34847635159682,21.42812376904603,28.27531245582665,30.25221979794834,9.438249383566252,False,False,0.0,0.0,0.0,6,75.00551267309135,421.52761913600466,0.0,18.992899816849956,3.116220354337502,15.009002871405016,18.233103943058186,13.911500482790576,20.517622991563073,11.885335346045698,7.406503228819865,32.97409693270725,10.295925030742014,80.22411115498001,3,146.21452929857742,0.0,0.0,0.0,4.772546752416161,4.2690477655628305
8.066666666666666,242,83.66426589952425,7.050258433361279,52.96589397704995,16.659760865329925,24.156464463026907,21.341917041049427,28.147221606496842,35.94417516497181,11.192544039589533,False,False,0.0,0.0,0.0,6,87.87841721816515,431.34758917438285,0.0,19.133067169973174,3.1379532789617985,14.71971298824214,18.481213242868925,13.718881934914348,20.62999590958789,12.098432524386197,7.499319193297999,33.039058471058304,10.812920414550504,78.92260594368928,3,145.76856895394107,0.0,0.0,0.0,5.144935362290118,4.561556838899543
8.1,243,82.74446265500598,7.084809785602153,52.73298170132328,17.085768805404136,25.623938274070042,21.137227211771144,27.843273341205432,40.23743716395683,13.277815379346766,False,False,0.0,0.0,0.0,6,95.60444870763185,414.6758854386735,0.0,19.28366463094609,3.233761553697969,14.487778397468457,18.64250032159535,13.386975595165762,20.60638410108819,12.238693655692625,7.635892840529779,32.6794487609629,11.595679127634693,77.77648594438543,3,145.0894824602105,0.0,0.0,0.0,5.515191502403735,5.519513571317495
8.133333333333333,244,81.7439175208216,7.116441079201541,52.624853768602435,17.395629358812812,26.681037123143458,20.933209174476648,27.606956911973086,42.55788863645535,15.626093769668737,False,False,0.0,0.0,0.0,6,59.45798405006925,284.87368316401995,0.0,19.422699039404264,3.3953218050848335,14.347357616901036,18.757484910252888,13.054988621400444,20.503816791265045,12.299587026949636,7.805781588937682,32.01818631664007,12.60506817278248,76.9245479295489,3,144.13744499880133,0.0,0.0,0.0,5.810552374102897,6.370616461409241
8.166666666666666,245,80.64821163433935,7.188837295976391,52.36676377013061,17.508742555114555,27.150148206533053,20.83823120658756,26.80921849488885,42.724717917703295,18.228425206952515,False,False,0.0,0.0,0.0,6,70.83779060227056,494.9072828026824,0.0,19.54389585466547,3.6064422543362418,14.26872635751588,18.711345613839665,12.752757514996333,20.115227589371433,12.270355163172995,8.011701509085142,30.94456369898983,13.805529944613134,76.17536870954198,3,142.94391871393418,0.0,0.0,0.0,5.873678468289589,6.251059845782046
8.2,246,79.49198563613707,7.302887438798644,52.45000595887435,17.555398201802454,27.242735966705766,20.964616228265925,26.119490746284775,40.85923641512294,21.027600477149434,False,False,0.0,0.0,0.0,7,109.32959765988929,937.0365856104777,0.0,19.687870966696597,3.868991621402292,14.366173456012133,18.57869637755,12.736147973422607,19.775488375840258,12.228716305508895,8.238842139301036,29.747747601757172,15.131354342722716,75.67293540284649,3,141.71819369943225,0.0,0.0,0.0,5.694662730907571,5.135503579392253
8.233333333333333,247,78.27830621896454,7.394915895095522,52.463499843592516,17.5500021010585,27.061594475754585,21.29366801456836,25.230622215754533,37.85278434771234,23.869303324983115,False,False,0.0,0.0,0.0,8,114.58336184017597,928.4075719083571,0.0,19.820548150079254,4.066601988670016,14.512275604344968,18.387272084306495,12.93880627426389,19.406378756174654,12.17623874168777,8.502588612693444,28.8356672740811,16.357276126557572,75.24732269670172,3,140.97999122182475,0.0,0.0,0.0,5.3558637872422405,5.132205197617354
8.266666666666667,248,76.97722993719182,7.449617509892792,52.23060131764762,17.573838802779353,27.016726440384442,21.744028078808277,24.44605032835111,35.13729944040945,26.739527913968946,False,False,0.0,0.0,0.0,8,120.20167318368523,400.27049724198696,0.0,19.935511729183297,4.313403926443303,14.724158576304044,18.16352409002495,13.178145012408601,18.95209943460226,12.164447267661757,8.723246391071958,27.941390716674526,17.444749135777837,74.7999959848398,3,140.9435556711669,0.0,0.0,0.0,5.029404547497112,5.210408900376597
8.3,249,75.59826857896013,7.524891386233811,51.930203853964635,17.51619608473021,26.84432641576535,22.210343929876807,23.31393419557846,32.141605481379074,29.711422056227065,False,False,0.0,0.0,0.0,8,100.65795840626548,391.45222673644525,0.0,20.013077238907094,4.636043078741736,14.95112085151646,17.70597232107031,13.598590924333608,18.52560163078026,12.120439628188734,8.843126205232418,26.620679904690466,18.350983824430667,74.29510398985978,4,146.11556992005606,0.0,0.0,0.0,4.621490738548902,6.362777277130885
8.333333333333334,250,74.14170052332165,7.6301439633244765,51.66757810111684,17.448124576429848,26.735337069594422,22.570153951306576,22.675154422245612,28.79467005072237,32.90136985410313,False,False,0.0,0.0,0.0,8,121.38884442408734,573.1058600927668,0.0,20.026361145175144,5.103142823805228,15.25367370099644,17.19146447726645,14.048909066503915,18.241139018807363,12.001414628768865,8.833931267013192,25.085239146381344,18.99524509335212,73.88421492400555,4,145.0274487231015,0.0,0.0,0.0,4.2125002909086415,6.351650525311881
8.366666666666667,251,72.71534092706725,7.770075574736113,51.266968442465036,17.285007055264817,26.561459474448252,22.691993012261527,22.08075091655687,25.524133248723057,35.94896072025155,False,False,0.0,0.0,0.0,9,165.03014716077894,1250.0435504495606,0.0,20.02353763035183,5.67204985037812,15.379238299485912,16.75416585537409,14.230080107848886,17.94667325756707,11.86973450715083,8.773463039322081,23.330851435773113,19.049473947927385,73.37676301548672,4,142.67476840652162,0.0,0.0,0.0,4.001739055441799,6.0164608426555075
8.4,252,71.4997371752188,8.020751381154767,51.80473780264534,17.168721974353918,26.73171438072818,22.88980559637757,22.177414838392465,22.913205521607566,38.94643156653513,False,False,0.0,0.0,0.0,9,120.35786552694607,1221.4208468282084,0.0,20.02325770758117,5.742886612744458,15.452420196038757,16.82596173695542,13.930534550065277,18.121602828138506,11.767051040430982,8.600543778296569,21.764349051068844,18.375364591076014,72.78561089863852,4,142.98656375524564,0.0,0.0,0.0,3.848050969628257,7.016911717536583
8.433333333333334,253,70.45964200373062,8.097057105534688,52.43737762403895,16.984763466120214,26.912984924050416,22.942790906625195,22.400139964959823,20.466742001949694,41.84226682266695,False,False,0.0,0.0,0.0,9,90.26348584385491,417.54949233499724,0.0,19.955658937090412,5.719768669257761,15.449744401427305,16.933881528673666,13.912665706965633,18.415367422168856,11.631973068070938,8.290034583487865,20.185671872765163,16.624746105693895,72.25819061476537,4,143.45942214478825,0.0,0.0,0.0,3.8428659679437214,7.976608982061577
8.466666666666667,254,69.5410582641946,8.054655241007358,53.299818714989875,16.78198553285963,27.151463139282743,23.181622151880028,22.845204822816243,18.24869431979188,44.33033126264282,False,False,0.0,0.0,0.0,8,130.60825856652923,877.1598611397842,0.0,19.82222827251289,5.4994958139335886,15.506954919778812,17.05297897831482,14.107183798665288,18.82558008827249,11.588040163356915,7.894982661979105,18.635551031461404,14.19093470748819,71.70041543949445,4,144.0169781810162,0.0,0.0,0.0,3.5593302908350672,6.876969846758726
8.5,255,68.66662253235698,7.961416223286511,54.952773600882765,16.71669708541381,27.40458007073112,23.838158177390067,24.393412067824684,16.306894651982052,45.079855385727676,False,False,0.0,0.0,0.0,7,163.29902961955906,995.1617996424638,0.0,19.659216106718564,5.194775957727829,15.747590578348127,17.273218746964254,14.607485518780052,19.30703316282814,11.706326966561589,7.541496792620868,17.328334632280846,12.766657535452403,71.0388981500112,4,144.42800539483832,0.0,0.0,0.0,3.250127307135796,4.675593232271798
8.533333333333333,256,67.86021346051383,7.80998844224956,56.77846242590785,16.573045942983324,26.725308330246023,24.74142641442738,24.282476862756575,14.515002989086689,43.362327054713454,False,False,0.0,0.0,0.0,5,127.4745077532722,724.225933493632,0.0,19.49997282132126,4.746107711701106,15.942915410690524,17.496651023079657,15.215034593537332,19.699992376429645,11.881522902730115,7.200035141525077,16.18996874078428,13.8222551019668,69.83787711846097,4,144.64018881017387,0.0,0.0,0.0,2.509735480147367,4.174551378435525
8.566666666666666,257,67.143287035971,7.647242350471406,58.38145186139141,16.518144211932306,25.822857516580537,25.77832661694744,25.648653835158473,12.763486525701587,39.10096308851465,False,False,0.0,0.0,0.0,5,92.19722976478673,487.0985892015052,0.0,19.39336474252192,4.245456796984437,16.18732181046555,17.713283484347762,15.672949963638604,20.040640051730165,11.966752633434117,6.921359750952938,15.282194766096966,17.057409112489967,68.64796389873034,4,144.33026453686276,0.0,0.0,0.0,2.3408668760614932,4.311521536581418
8.6,258,66.50655341139888,7.509695514784498,59.593043042345286,16.28055324450975,24.09636864456555,26.613560208496555,25.327721675262293,11.01485169751442,33.42934099698894,False,False,0.0,0.0,0.0,4,91.70924674049988,663.6558116160159,0.0,19.300191014561012,3.7700202917073806,16.20867541742307,17.984735553175437,15.872936193291535,20.20470375413293,11.952435311539604,6.594357687993544,14.554958008495658,21.37981085706391,67.16019824923359,4,143.4622355418321,0.0,0.0,0.0,2.536740797331388,5.203445839229366
8.633333333333333,259,65.88025365972625,7.4217340759566985,60.23471848256704,16.011607011339894,22.317102517921885,27.171681939826787,25.697554050255032,9.375783417664445,27.02339066394128,False,False,0.0,0.0,0.0,4,74.49328739296337,550.7002147637686,0.0,19.176768363941605,3.4243406816397,16.144816935555646,18.13822555720019,15.805035552359389,20.46957748246263,11.859425360531317,6.209534119656788,13.928836667120459,25.749134377943193,65.74571311085838,4,142.02152044950196,0.0,0.0,0.0,2.453737175029262,6.480849924156458
8.666666666666666,260,65.17528307686382,7.346969625266675,60.45010654065342,15.655302721578328,20.417020449782378,27.494997437304047,25.991388835695794,7.920142862811262,20.261552663318408,False,False,0.0,0.0,0.0,5,60.14470168372799,216.2833400959181,0.0,19.02365190029599,3.2431873075315587,16.168310301011836,18.110304613590824,15.69972461465709,20.555149164699095,11.718811446884601,5.9073750616344975,13.40594200075486,29.329002613485102,64.3159660711575,4,140.56739823892116,0.0,0.0,0.0,2.440954602385115,6.305574305359718
8.7,261,64.36129377543249,7.265110355107874,60.22455038615012,15.253508501464285,18.606651264235445,27.54873294636504,26.09406546388005,6.791157429831185,13.992649216865507,False,False,0.0,0.0,0.0,5,99.47610226340753,1070.0134551098554,0.0,18.84752788168134,3.203959497663715,16.29892954149607,17.85138286688978,15.623199807985205,20.53002070324042,11.57589386527132,5.709610351542672,12.930354991434733,31.80514295781721,62.8287005671263,4,139.40027301107366,0.0,0.0,0.0,2.337215681454841,6.3795468257329055
8.733333333333333,262,63.488408157921185,7.197932948210206,59.92788226202757,15.074428165446715,17.810692813944243,27.359014132633565,26.12717125720471,6.273111539997686,11.48347432594101,False,False,0.0,0.0,0.0,5,107.29917997087452,1241.6922717554737,0.0,18.68954843495102,3.292132554801217,16.511451714223295,17.509052598574538,15.591298340596547,20.485687364238075,11.464923362159807,5.612822459167142,12.492334551263513,33.22439984594855,61.33076854498323,4,138.74952388603003,0.0,0.0,0.0,1.7695623789923423,5.658174480070165
8.766666666666667,263,62.59764538800253,7.179734960058437,59.80577821186333,15.328655796016402,18.77371748283335,26.908717093323613,26.07618887587878,6.585329787900028,15.524634174230984,False,False,0.0,0.0,0.0,4,76.3284075163615,455.70243852395436,0.0,18.592068476298405,3.485224641639094,16.7537366630898,17.21924103265307,15.5816935463336,20.463686224587722,11.366182581574199,5.620315527255442,12.097701421745125,33.65511689373616,59.85254494410406,4,138.63960546950307,0.0,0.0,0.0,1.6257271353314389,5.585671931329811
8.8,264,61.705508185247695,7.211047192748121,59.84953609774388,15.774876569365398,20.5477013461761,26.181842178714724,26.163662035295697,7.624560866082443,22.22074030461153,False,False,0.0,0.0,0.0,4,95.98733286657186,647.5485587927376,0.0,18.55366762422132,3.7137895933029754,16.97826940655814,17.02515901231047,15.59379082100796,20.460424881166947,11.270039786796467,5.704428503376391,11.810235287829734,33.32253823920617,58.48882889040395,4,138.89104930081436,0.0,0.0,0.0,1.6996897035746967,5.383550466434607
8.833333333333334,265,60.80791100997731,7.256459292841432,59.98155296243281,16.21116378628856,22.395535299992623,25.230862910615713,26.76366489833837,9.083110698078912,28.5045026929375,False,False,0.0,0.0,0.0,4,124.01700467631123,1184.262945036284,0.0,18.54350842975842,3.898908201228229,17.211053874817352,17.017409149825472,15.621413344270414,20.53598563679209,11.174246549759905,5.798149287971611,11.647790536875267,32.136850583059086,57.38041560617971,4,139.29497908871915,0.0,0.0,0.0,2.0073293657472626,5.453635215737775
8.866666666666667,266,59.883743057420105,7.3209647782999205,59.47995366295985,16.373379933774718,23.500001345204353,24.025367788215384,26.290494548447885,10.813837311211847,32.8703057329423,False,False,0.0,0.0,0.0,4,127.99584354769925,861.615351165319,0.0,18.547433657259052,4.129085255912641,17.257227537361555,16.881967554408593,15.681507424929073,20.458953228607676,11.085293255283414,5.8478206268674,11.643617996352937,30.067787088821007,56.285173601520974,4,140.0300557694007,0.0,0.0,0.0,2.714722617856127,4.823137681052492
8.9,267,58.882779011658414,7.419753589489087,59.06396165073236,16.472298519722305,24.25262564664864,22.77722549201644,26.301251732481894,12.828323873962649,35.103701488133574,False,False,0.0,0.0,0.0,4,195.8422978378358,1710.4742631707575,0.0,18.62045876046423,4.525160954825959,17.329260188364955,16.7613738981797,15.89208338815914,20.465401510657834,11.059512214917074,5.921692827561207,11.854419898178175,27.644611567931733,55.529240502719105,4,140.3626361874508,0.0,0.0,0.0,2.1964817679617576,5.7859249319043045
8.933333333333334,268,57.86373915823382,7.541541891748471,59.07288743686733,16.52090683688319,24.61827204849981,21.79772355701161,26.33562801428709,15.103160674525695,35.236575948174846,False,False,0.0,0.0,0.0,4,207.06969275742037,1700.1896225862838,0.0,18.757908124485944,5.017059873109006,17.369275310736036,16.684239900800304,16.15539584762951,20.42958372895479,11.048231379178851,6.025398930351087,12.379693921650095,25.473727342353016,54.93695246912107,4,139.96840339366202,0.0,0.0,0.0,1.2922522253202828,8.993512377147164
8.966666666666667,269,56.815842409153525,7.667035585112913,59.46253940846623,16.510064527255157,24.56248156434011,21.247432477775423,26.003558088679846,17.63366215238373,33.36527353852144,False,False,0.0,0.0,0.0,5,101.20943261886582,406.2433634010722,0.0,18.943568492331952,5.678430647618746,17.55480351984643,16.705954746424336,16.356006774432743,20.421844731003546,11.066340061086157,6.189004541191928,13.09600152105362,23.38908661647742,54.49730064508709,4,138.7600844709272,0.0,0.0,0.0,1.2638516655745753,10.639666159314242
9.0,270,55.70634646981018,7.803478300638556,60.7218380481061,16.57155584245748,24.65058664371406,21.2989380843138,25.74400495630365,20.498395937430903,31.061007596807887,False,False,0.0,0.0,0.0,5,212.5528168040246,1220.7499843144196,0.0,19.18839512062335,6.510030384840068,17.89049792437566,16.819082755351417,16.538085936078375,20.341751927303005,11.185708928144622,6.541280079132355,13.831977225754327,21.124180780402835,54.15322353096372,4,137.27563519060496,0.0,0.0,0.0,1.3040162222057448,9.670342787964298
9.033333333333333,271,54.59418784058637,7.859922936294106,61.28583977976919,16.536325844954085,24.643880269531504,21.65981719266518,25.312087493097945,23.298859279205832,28.304757113157052,False,False,0.0,0.0,0.0,7,233.18522803221887,1455.5835288564556,0.0,19.385288595526404,7.223665699127846,18.21199773086978,16.810635505520306,16.444767708937018,20.15294119768064,11.254277984665206,6.889065974995963,14.18890245233504,18.907823746527043,53.84887430180774,4,135.7675412157932,0.0,0.0,0.0,1.8420520512055825,6.805813326349107
9.066666666666666,272,53.5695658366373,7.792914553581165,58.8223879218048,16.118834259216904,24.01949910534947,21.689006105744333,23.932287505966883,25.39782276598862,25.05888004369804,False,False,0.0,0.0,0.0,9,206.36643424328435,1181.0702036335178,0.0,19.440972934673304,7.4858838827932335,18.116380776181256,16.376383351664114,15.64898294030378,19.42574363927551,11.033085742478182,6.90729709540126,13.824786343886144,17.44500076019891,53.529756170766696,4,134.32621029369747,0.0,0.0,0.0,4.1531085983161695,6.196438165536828
9.1,273,52.512202483569624,7.7278875731823575,58.10508346432157,15.978157989760374,23.882417539814167,22.21807170495641,23.075951469704446,27.885118367381782,22.350528617214042,False,False,0.0,0.0,0.0,10,193.5981790691987,991.2338207492769,0.0,19.485885577767938,7.766669725335146,18.280700734620144,16.101539600639082,15.14485264357688,18.788879892902756,10.962753728094862,7.064688115477395,13.331316814423587,17.21541285431113,53.29508671944565,3,132.1404161536346,0.0,0.0,0.0,3.2624366243970386,7.996563976180084
9.133333333333333,274,51.42328295684136,7.640540642707072,57.581813110411964,15.92387575994951,24.103665943995793,23.063382226774877,23.066081226894347,30.471757015152136,19.8134433071618,False,False,0.0,0.0,0.0,9,201.99625554580518,1017.6145750309538,0.0,19.390084655198216,7.847639450373116,18.46676741349175,15.764678167014464,14.845591567776411,18.189636649105136,10.835490711385102,7.110989653409988,12.844164060056112,17.14843029544922,53.18050708613218,3,130.48718702745572,0.0,0.0,0.0,4.129534788485885,8.384297894932125
9.166666666666666,275,50.45831461851479,7.588821108115229,56.880431778974234,15.767587868601934,23.85007335659467,23.77530925656883,21.971522696159422,32.03298163830108,17.620479835349357,False,False,0.0,0.0,0.0,7,146.33942396156655,895.2714708031314,0.0,19.2760928222769,7.614157395110956,18.574627821888104,15.55499059579884,14.855695223805926,17.656476437093033,10.74928990462102,7.1474287774992495,13.040789890035184,16.643975734521106,52.675831775226925,3,128.19416689278228,0.0,0.0,0.0,3.5245828264660197,8.088713646668637
9.2,276,49.60681213397445,7.539553067034688,55.69461683044497,15.534613910993256,23.024369179626184,24.064629738784006,21.576004860762527,30.88491577044436,15.571926348513845,False,False,0.0,0.0,0.0,7,133.2212361825248,489.6781621925552,0.0,19.208108530600168,7.210267640767901,18.503748592411352,15.302500086773083,15.111947855334314,17.511348878566814,10.763825145477995,7.212296946492009,14.272292726410974,15.825395543559484,51.91061491319876,3,126.432142271776,0.0,0.0,0.0,2.949146193246598,7.63975414292385
9.233333333333333,277,48.725443002903546,7.451474708724248,54.69404903221995,15.292928572544806,21.841325134680105,24.41307890566102,21.855976345413758,27.58649771009667,13.509747577548973,False,False,0.0,0.0,0.0,7,140.94458374160877,756.0484231343503,0.0,19.11273196452591,7.080662849008991,18.535629919484787,15.02405357906034,15.695688458695093,17.567251340316144,10.79661544907517,7.204720760167622,16.09645390622835,14.914819822889235,50.99467441836221,3,126.07486061206622,0.0,0.0,0.0,2.326955903134297,6.222768672775067
9.266666666666667,278,47.774649081907825,7.340332369754121,53.65630074431154,15.02242371431276,20.409202299788653,24.6501924666613,21.714428156282136,23.773239035361815,11.498949540849368,False,False,0.0,0.0,0.0,7,129.53472375318273,698.8063752931212,0.0,18.996510951213015,7.171661209717868,18.662413451490874,14.72500601308985,16.397422381907536,17.794897107207756,10.816326625828268,7.179662233126044,17.979649405719883,13.975997136235671,49.83206592511979,3,124.7430312116994,0.0,0.0,0.0,1.6727464216503483,5.7557764083350476
9.3,279,46.85511468488786,7.242956062587325,53.01008885609926,14.756566620962536,18.986702622759697,24.401515327102867,21.892388173079084,19.74498082772224,9.90792616313459,False,False,0.0,0.0,0.0,6,68.91111440786948,514.1735543015749,0.0,18.921434310116503,7.222229788349617,18.71026677067696,14.611693235171916,16.909259904673064,18.009174141788908,10.794123592506287,7.178192328384488,19.71606176235777,13.32925298937373,48.561789078981064,3,124.57136378781635,0.0,0.0,0.0,1.4443842922979402,4.903870282318229
9.333333333333334,280,45.910024720659884,7.2220648352449786,52.61740605037234,14.467770367521842,17.609911472037194,23.732629526695916,22.14713700260482,15.79232181227159,8.767557546576445,False,False,0.0,0.0,0.0,6,66.8921329749238,347.5696305523293,0.0,18.877012258095725,7.288546233562959,18.736931885687202,14.564391347675201,17.10262178494377,18.11492391335274,10.708730998077513,7.183566355460975,21.10013348178129,12.900051366041529,47.15716643924115,3,124.7770646390177,0.0,0.0,0.0,1.6298984260674025,5.252109228380848
9.366666666666667,281,44.94169230209214,7.260279152120841,52.220788262082266,14.18362635781083,16.487324846496705,22.81236362544475,22.341542876965555,12.692930222927357,8.102462660649156,False,False,0.0,0.0,0.0,7,69.36171057557777,378.08230201681846,0.0,18.840857045005993,7.481218676253043,18.805898045578793,14.470131878901018,16.989596236663377,18.01645729791293,10.577862732725638,7.175899933248532,21.953316563549244,12.493857571337088,45.66502062841694,3,125.3004841063412,0.0,0.0,0.0,2.0518219733264043,5.222933600460886
9.4,282,43.97109292222107,7.281838126856133,51.82417019830181,14.067651950730337,15.971694188315352,21.764654556468173,22.276457838030627,11.940017202319643,7.905647156442967,False,False,0.0,0.0,0.0,7,68.49692766730819,288.5228167035998,0.0,18.824239464966777,8.121887681692806,18.982408773075115,14.345283893773914,17.118352108207315,17.89109178719074,10.491749032564075,7.145569740902927,22.18678247464814,12.020637550671834,44.18205234356619,3,126.10734608655501,0.0,0.0,0.0,2.677634003393098,4.9379871049029305
9.433333333333334,283,43.069496381771785,7.291583205743857,51.52938666494403,14.124345361288041,16.402888259902664,21.137432607164833,22.176493445848006,14.002074172746607,8.295552813851202,False,False,0.0,0.0,0.0,7,57.526624378306884,337.63403512487645,0.0,18.835696506572,8.661238165806498,19.16467353752598,14.13038481973696,16.874421003854557,17.66902934466388,10.46304104656795,7.106480970954694,21.899637939114296,11.449024044913124,42.697821993823545,3,126.85314544895954,0.0,0.0,0.0,3.196164652096663,4.85968853608196
9.466666666666667,284,42.23119550483122,7.30958379590656,51.47693349244118,14.336724664277964,17.510499694389665,20.679830667028025,22.05567317126552,18.034016171925035,9.272478767340077,False,False,0.0,0.0,0.0,7,76.60056402847344,529.899142122663,0.0,18.888737949621017,9.037716245107246,19.29030166767459,13.954972984695186,16.52652359434005,17.528482519408286,10.446455119832326,7.102499580526235,21.266346851667876,10.966834673737955,41.21119162400128,3,127.64392668138919,0.0,0.0,0.0,3.6580185350359193,4.583501716717684
9.5,285,41.392759422528144,7.334689059219224,51.69274898978553,14.649095316025942,18.999492883675366,20.355305134966038,21.933204155437522,22.978598253880953,10.73086399041696,False,False,0.0,0.0,0.0,7,130.9516278533664,786.421013064808,0.0,18.973417652794527,9.329731893895795,19.4024584763144,13.832205497983216,16.17865331500388,17.496937961092833,10.43133890314051,7.157117059143291,20.346358874915218,10.590238571403978,39.72698472901802,4,128.45107183187847,0.0,0.0,0.0,4.055337657296375,3.757387425281993
9.533333333333333,286,40.55445010711165,7.3686490802079785,52.06618782706227,14.987356074044511,20.59332717228023,20.135115147235876,21.889501598325623,27.913359445649593,12.435332497909819,False,False,0.0,0.0,0.0,8,174.40924988596217,1688.7542563703953,0.0,19.075283731774256,9.434973430921445,19.480256103347614,13.785538789034762,15.806177360742888,17.512375007498367,10.394139368026616,7.285992085244085,19.279865574089957,10.38243097086675,38.322706422707846,4,129.17836203313092,0.0,0.0,0.0,3.999671125027072,5.477383038887569
9.566666666666666,287,39.670406377442454,7.432078341809212,52.45995264052628,15.20400590409424,22.05704812337716,20.19974457677749,22.03881460172509,31.82281727981137,14.166816035194701,False,False,0.0,0.0,0.0,7,127.11339079552147,1558.4041743672865,0.0,19.185871408707484,8.810196564322954,19.469048123614368,13.763784730270334,15.097396225435267,17.32318852859233,10.257794943661768,7.554906800066292,18.059633146817173,10.31007559641699,37.007359534519104,4,128.46113037789826,0.0,0.0,0.0,2.8908964358703733,7.8423887880552225
9.6,288,38.6413651657654,7.43920839374872,52.581168361612995,15.333098370388019,22.85976394041473,19.989111650858067,21.930730894853934,33.39957152521868,16.11964169072825,False,False,0.0,0.0,0.0,8,108.31417271099993,1369.3967945675645,0.0,19.243827887591213,8.834500693617105,19.55927011267323,13.72513898258793,14.884530575291755,17.261642299873913,10.251745484149884,7.645460248811908,16.920634753065475,10.230668756498966,35.96656928059737,4,117.89336982787908,0.0,0.0,0.0,2.490115141368112,8.354587040349594
9.633333333333333,289,37.56347210655128,7.392377611465939,52.701361683350434,15.361824349065722,23.08702257949192,19.86979679416768,21.947282288366658,32.22204942668159,18.308961808751747,False,False,0.0,0.0,0.0,8,187.189409366654,1759.3995743196365,0.0,19.25414691241423,9.000009622797107,19.705377702661988,13.646993226057571,14.853911642493134,17.09915736480438,10.301839245671022,7.638620772794044,16.55550862134393,10.023709806980726,35.336076366054684,4,107.59345984806998,0.0,0.0,0.0,2.1091870469290384,9.08592538306532
9.666666666666666,290,36.477490974372714,7.304609900244463,52.61069732643476,15.283280789995485,22.91865915051273,19.670622036427325,21.69792315300155,29.52417198745244,20.781919425169605,False,False,0.0,0.0,0.9404106439651502,8,208.1175796277666,1906.0120257500284,0.0,19.26332684439755,9.084655973492465,19.766166612029735,13.60848906936187,14.830712178470346,16.91844007912672,10.387378906292142,7.622770026003735,16.285007388512753,9.80762817019403,34.9303963562326,4,108.1102273255024,0.0,0.9404106439651502,0.0,2.179999860154518,8.581200968028357
9.7,291,35.450024977844265,7.219815923205076,52.84471159564816,15.251870093052167,22.86021514342524,19.525369948530148,21.537801040214006,26.915590300884375,23.462099284072426,True,False,0.0,0.0,0.9714760087400878,7,196.78757297701117,1645.771832452035,0.0,19.301427037066134,9.011547664394158,19.732625396701543,13.652797593550483,14.818610075773067,16.775144860924758,10.53070899396963,7.584818014422716,16.202914149553077,9.72659703572595,34.57260706070631,4,108.49750121116153,0.0,0.9714760087400878,0.0,2.2384308656481506,8.172662552493977
9.733333333333333,292,34.45720717396926,7.120833274187655,53.568528349909876,15.248845547723816,22.891951218607705,19.528296819788714,21.103809076578827,24.63012355532146,26.30557542274181,True,False,29.801828110206873,0.0,0.9470801462620259,7,171.774115735657,993.903230413202,0.0,19.36410765399734,8.841049927182732,19.62894421644874,13.759136338288819,14.782758088765311,16.789140526395325,10.710984207670677,7.533937518644951,15.994513484498384,9.760306379534182,34.14142035876758,3,108.41384243442772,14.900914055103437,0.9470801462620259,0.0,2.7748890158742974,9.648886180384883
9.766666666666667,293,33.42364701494266,7.067410767000215,54.31170518238426,15.277100976772518,23.066194653169735,19.57368098499004,21.094327615010396,22.273137684804293,29.323632327874222,True,False,33.46629624269924,0.0,0.44983783299428715,7,198.2921286156625,2093.560066397943,0.0,19.42680463537668,8.699463708865403,19.482509287643897,14.024029147338196,14.636481701303078,16.726931952159838,10.892766634222536,7.435981339014114,15.483788035673864,10.08297959731119,33.83530091705054,3,111.37413811713606,16.73314812134962,0.44983783299428715,0.0,3.3899781632856563,8.931261345113612
9.8,294,32.42733367526668,7.0608804460963075,55.436496654041825,15.388457525490296,23.287898024460443,19.80223622298876,20.916346876004113,20.098577314641126,32.33443168420778,False,False,0.0,0.0,0.040083800113012005,8,208.74765270160512,1801.284760583053,0.0,19.480687777053067,8.551442471831242,19.326806846840068,14.342529619226832,14.492703223782764,16.980012376649988,11.076442670275876,7.322208233105984,15.30624454383824,10.796193021908605,33.37978497623843,3,118.14744395741178,0.0,0.040083800113012005,0.0,4.03282972032815,8.107751156383676
9.833333333333334,295,31.44239257346676,7.059215130930319,56.746696187116974,15.586948975222287,23.728940439888696,20.123986105078593,21.451698172332247,18.095849729803,35.244227752340954,False,False,0.0,0.0,0.0,10,272.53823677643635,1858.606469521015,0.0,19.51926559239214,8.442756564109104,19.183014664704274,14.7965687206697,14.467133660266743,17.242026723514567,11.293638270820523,7.217742130528544,14.871379603781683,11.854946937992205,32.994889423523674,3,157.459752995955,0.0,0.0,0.0,4.385360218968804,7.9630052201209285
9.866666666666667,296,30.53312145227432,7.063127187511831,58.2253119162324,15.828615420162512,24.180658201981142,20.68138111982963,22.05093832282357,16.151421813068794,37.83889155220256,True,False,0.0,0.0,0.0,8,141.45827231626188,1542.607714463115,0.0,19.504682765482862,8.273913441957244,19.083285224011114,15.27496117657715,14.642401228588895,17.739801575367814,11.447824501949462,7.0865753031640235,14.187354656198512,13.465798621216068,32.549090956212176,3,154.77038578189783,0.0,0.0,0.0,4.473498825990614,9.357332315667843
9.9,297,29.636982541514367,7.003415379155086,59.339812421405256,16.002226715684753,24.3209971433005,21.413382138410032,22.624066583119408,14.27377665557829,38.97276319609426,True,False,6.399196142821882,0.0,0.0,9,221.34459324893976,1544.3768647346074,0.0,19.45417537692007,7.9573671622831,18.987311573646615,15.61862175467667,15.078384263756123,18.26728980760435,11.54854781801463,6.976818229846393,13.453234371780049,15.40766180354133,31.934432456003638,4,151.69072077095333,3.199598071410941,0.0,0.0,4.278811287239799,9.128527427512841
9.933333333333334,298,28.771578134430126,6.9068571605994,60.03160011520774,15.89880931016337,23.427683856348633,22.12800959599761,22.655402104531873,12.446163173693568,36.48116055117148,False,False,0.0,0.0,0.0,8,219.30882406739835,2140.8668049331623,0.0,19.396560402166788,7.464030795408398,18.895101746253356,15.836783348121847,15.645143382716354,18.74761787879763,11.607897967569334,6.889234849094238,12.883485933173928,17.405547923754195,30.905269958036442,4,147.38977283352833,0.0,0.0,0.0,4.011357656067521,7.209863305702232
9.966666666666667,299,27.952826524046504,6.815797870231655,59.8896290627028,15.617724313868992,22.012559232808666,22.703273582670107,23.262203877420205,10.516296326229346,31.568463144915004,True,False,0.0,0.0,0.0,6,124.70608654163021,1213.5474414007404,0.0,19.377890206880586,6.87975550919481,18.81608413497533,15.9568022928203,16.11373026370768,18.735715269588393,11.6751974561094,6.8689061222939705,12.559993829475221,19.231552691754477,29.850995559393866,4,124.72977561250654,0.0,0.0,0.0,3.2040161844733412,6.891306150042905
10.0,300,27.13790607820938,6.7436691348162885,60.429291437071406,15.280086943911353,20.323389751421555,23.304078652937132,23.178462395695572,8.923240069974128,25.887777887079388,True,False,51.50906114415928,0.0,0.0,6,89.64289516177183,1056.1298687420526,0.0,19.333259803753865,6.342721162775115,18.809461805966865,16.023201313233702,16.58688242050404,18.868509119491513,11.632330245563216,6.840533159192554,12.396958181422036,21.073887941081203,28.510696396025804,3,128.41445648490472,25.75453057207964,0.0,0.0,2.7140827293006415,6.0231359080082605
10.033333333333333,301,26.264543280705315,6.6712897542267395,60.645529213304876,14.889296606607468,18.511371283732718,23.756046293123376,23.19359797303358,7.514833363491388,19.58100750528252,True,False,4.828792087313386,0.0,0.0,6,113.47299843044175,675.0824251310005,0.0,19.266646750462748,6.208175973522809,18.93176907279481,15.888368888279356,17.036175221267037,18.676772781982642,11.56120887901534,6.834561470221999,12.390852709491405,22.499432217143024,27.1399853319931,3,127.72079703879187,2.414396043656693,0.0,0.0,2.1234197967916555,5.017590733054364
10.066666666666666,302,25.45928419040689,6.581430072103145,60.746161294882974,14.606921441114512,17.156886011871965,24.171786338208616,23.152083018575595,6.580493944700294,14.723180746003358,True,False,2.7501480506723386,0.0,0.0,6,101.96585876533486,620.206417814496,0.0,19.200976820969846,6.050676866150248,19.09213058807487,15.685903786294716,17.364737650162507,18.533867562524424,11.554268710725038,6.7950857181427455,12.541618411508015,23.657011454677413,25.710502736970533,3,125.7244219652682,1.3750740253361693,0.0,0.0,2.225269645238364,4.421292130735929
10.1,303,24.667808945657985,6.507545007762694,60.74588010143727,14.64820658678855,17.089126830099882,24.672567428391158,23.124520198157644,6.358358977706799,14.201060716143937,True,False,6.3394523193850585,0.0,0.0,6,107.60247019243106,667.9424890754648,0.0,19.15904099017098,5.901362114274206,19.306825232055033,15.424138379872558,17.686899704209573,18.282336215901598,11.559116730881419,6.806619927376454,12.820352764631785,24.41989942205511,24.247071680409462,3,123.40595884491889,3.1697261596925292,0.0,0.0,2.237584094600634,5.129141419843512
10.133333333333333,304,23.866836985128465,6.433079566290212,60.66373949934363,15.053426259120165,18.428263371755282,25.13580562018455,23.04493268840406,6.934459549367515,18.597855629065013,True,False,4.49377934927575,0.0,0.0,4,64.68720980321037,397.75986885773216,0.0,19.149451340554542,5.949704624915798,19.56988136353786,15.125596320135962,18.006527984523423,17.941409960015896,11.589086243492886,6.859664815968525,13.267142149590875,24.629875597045558,22.76584741260083,3,121.29776025522285,2.246889674637875,0.0,0.0,2.207901374792868,4.1824073860494275
10.166666666666666,305,23.04639561151589,6.386269171846681,60.49576400925736,15.62819584587013,20.473468823127767,25.38807338946864,22.90260942426146,8.18797456687374,25.41521791190724,True,False,3.3523980624944496,0.0,0.0,4,72.5510771710064,613.8161250056088,0.0,19.176327633320227,6.179861854029007,19.8204983267011,14.855057621330129,18.22177621111351,17.567115211594885,11.631836028497846,6.949658251371388,13.885193958996823,24.24173729858598,21.274666381812242,3,118.9828486483665,1.6761990312472248,0.0,0.0,2.123268392718989,4.432788778462263
10.2,306,22.186263398747833,6.389470707860734,60.31867332456999,16.22442295504504,22.66457134292207,25.37175852167424,22.767044891655882,9.90188341251463,32.61759854584352,True,True,0.7686034345100062,0.0,0.0,4,118.88469539467427,715.2459413603449,0.0,19.2368031477016,6.4951911558793585,19.993421163361504,14.669086706094731,18.25447023945612,17.24445786192591,11.668499354236022,7.0694273729448405,14.653806269924283,23.42289568246294,19.8263742170628,3,116.52044249713641,0.3843017172550031,0.0,0.0,1.9686462015591342,5.648519249342867
10.233333333333333,307,21.2644180459267,6.433676979113145,60.241855777145965,16.67670905854411,24.387742245218636,25.086666073961155,21.98897638637034,11.979101586096798,38.496224934446246,True,True,2.010209931739234,192.654030627677,0.0,4,86.20323352032639,1106.5778370052308,0.0,19.309162679626724,6.746757918299375,20.05682395619586,14.636080479642127,18.066814894941157,17.05933954776207,11.685598493968472,7.170122145665582,15.53728839473072,22.331678386454985,18.391671293919913,3,114.37466741563414,97.33212027970812,0.0,0.0,2.1564812051079163,5.4338933376960785
10.266666666666667,308,20.256686979754512,6.491164657248049,60.626856162461266,17.06914503289567,25.85765683412577,24.68903089834352,22.597793278337015,14.425930344822932,41.717872814999595,True,True,3.3933889307370313,140.5303639739979,0.0,4,148.47769684953596,1053.556946575311,0.0,19.378546839668427,6.849159699037907,20.086352443962898,14.763047570750363,17.737622049446777,17.12467879146631,11.688101179491952,7.231737395827556,16.555201231371676,21.192100955908135,17.420023897042366,3,111.71938671394156,71.96187645236746,0.0,0.0,1.5792326138193744,5.759493728194835
10.3,309,19.180462934402136,6.538468795123742,61.39472303560473,17.218014766859902,26.44021731364544,24.206460344153623,22.50826120973047,17.263340656976453,41.78280704372123,True,False,2.268564547373477,0.0,0.0,4,125.66777711856452,1051.6221131453476,0.0,19.42612571288766,6.72402998160581,19.966091064410147,14.910213610039458,17.340645148360508,17.34422534455834,11.65065113215392,7.21434419895817,17.692680314892115,20.240345740450653,16.58726448050473,3,108.77559759979923,1.1342822736867384,0.0,0.0,1.5498086149005799,5.886882636726912
10.333333333333334,310,18.00199784503057,6.59163297217753,61.67805568612849,17.20275874348697,26.461901615464672,23.45094427558357,22.551377777931357,20.368400884087436,39.47688352425633,True,False,13.806376814156973,0.0,1.1236339168503073,4,160.968030950433,929.1859732415985,0.0,19.482056910354558,6.360124037010478,19.738357029151686,15.191325468416327,16.73594479314019,17.593113460204265,11.588210338087936,7.163000333695938,18.859124222826267,19.482518097558206,15.955826451627109,3,95.29055266825813,6.903188407078487,0.5242615290510929,1.1236339168503073,1.6558159400943577,7.037074477630732
10.366666666666667,311,16.829521346313683,6.646940126116041,61.80376218975011,17.221550369642934,26.501331432003273,22.563281176933756,22.723380853884418,23.523113335839742,37.19555036135518,True,False,8.267563706258155,0.0,2.7736477408528635,4,136.35636823109232,1142.2837841791873,0.0,19.57516145251435,6.055403375679441,19.40529394636284,15.417246861949641,16.070675618417138,17.991542034877252,11.490461405219902,7.165021643739289,19.73023412720258,19.416889350668402,15.356281650851509,3,93.80896583528103,4.1337818531290775,0.5582240937744797,2.7736477408528635,1.885680121783824,7.125862835382615
10.4,312,15.624095982549852,6.678261430063492,61.84815569860685,17.25970681104368,26.576490294260825,21.59055719046656,23.553671282134626,26.72889752852982,34.432835175912295,True,True,13.145477512082376,0.0,3.590667529487923,7,168.65040025374384,792.2866293763725,0.0,19.645199604490728,5.863786044311359,19.18046906265524,15.661840616202202,15.405850797964673,18.345128466323157,11.355747392053384,7.215541071589724,20.00229426936377,19.913783663657664,15.008103821780253,3,93.82103966763286,6.572738756041188,0.448491997150965,3.590667529487923,2.1829464785748343,6.673623995466261
10.433333333333334,313,14.380518606189705,6.7290885869564,62.026097119741586,17.17850028033747,26.364382030711365,20.711215339844795,23.442674410822846,30.07751418499936,31.226124187178446,False,True,0.0,7.298220094372051,3.456266359062026,8,153.47410874624288,1024.1268938935461,0.0,19.665438631639002,5.86029708594494,19.126652423210192,15.860342140018673,14.906249021407762,18.57061361359278,11.172252256212277,7.299915396229244,19.829709802656556,19.928505711305196,14.521879055421257,3,95.74651890944727,3.6491100471860256,0.05845580888389586,3.456266359062026,2.4380582439267893,7.092084296833674
10.466666666666667,314,13.134774155679544,6.815365179763377,61.86087162917771,17.005072778104243,26.13465066809747,19.881966261087726,23.586487195679894,33.145598652757506,27.92455056286477,False,True,0.0,3.7423754388801647,3.1858308038690906,7,139.45967919293918,584.8948629135489,0.0,19.677277051327163,5.948056137779362,19.0721869654268,16.102841259198037,14.476888305669359,18.599618729132164,11.015627316181586,7.357977871237608,19.31399691842792,18.97301844479375,14.109833380765494,3,104.26423223396488,1.8711877194400823,0.0,3.1858308038690906,2.6599169298809864,6.494101658583752
10.5,315,11.970910085885897,6.913754902294356,61.27819679750242,16.780496795438815,25.766831388110067,19.383799572237873,23.18886658839243,35.78124565125271,24.713413740557247,True,True,0.0,3.3453665808480415,3.113231521250092,7,133.0190358942678,783.8129725077027,0.0,19.70950803149196,6.138690753738534,18.9781363283453,16.277232138079373,14.360015419526114,18.710779518646987,10.961271825441601,7.370391809356734,18.60156154727713,17.532539007238228,13.518499818617046,3,101.09481984785374,1.6726832904240208,0.0,3.113231521250092,2.899335767696906,5.570910803994953
10.533333333333333,316,10.879529626349965,6.998772590196312,60.21038057196461,16.586220196964458,25.485816315964648,19.38623087284191,23.22919176526125,37.640025309916446,21.687817315839002,False,True,0.0,7.001171897353528,3.1338735880707227,7,149.24226890697992,599.0926783326513,0.0,19.754022500002762,6.331873019983754,18.85457626512009,16.28503966745217,14.62399046408226,18.592924161635977,10.999983914162017,7.379804631590571,17.94936545298625,16.078457613592338,13.08274140703195,3,97.47407718376685,3.500585948676764,0.0,3.1338735880707227,2.864691293921553,5.441689814286548
10.566666666666666,317,9.854390760158841,7.023110272124001,58.65464874078711,16.313925531194176,24.832717635334298,19.652882515646997,22.834355246866508,37.90276261411203,18.94087016471165,False,True,0.0,8.252729393631835,3.2226643527202894,7,127.8542437833885,442.5453952789742,0.0,19.769920246986057,6.386184127997802,18.77346943716299,16.13857299144593,15.144207075035537,18.42879377252552,11.08979410490782,7.362935211426295,17.440881348977324,14.843254110110154,12.351454002821955,3,94.70755750614197,4.1263646968159176,0.0,3.2226643527202894,2.3154226766280166,4.920349527792214
10.6,318,8.917665828455155,6.970430994104671,56.91097573745913,15.91718216564663,23.83292425887544,19.954825439155055,22.853721936038024,36.02155430803295,16.501595352275736,True,True,0.0,10.980510661223594,3.3697663664956314,5,106.88670941299934,432.0674345115548,0.0,19.759926653064237,6.254029605351759,18.597315776646038,15.929276363496086,15.574807289661294,18.12116150261471,11.211394393106094,7.326421286610513,16.90329522925486,13.748407349392048,11.649889844505843,3,93.88539101079232,5.490255330611797,0.0,3.3697663664956314,1.9281749067985992,5.856772091457066
10.633333333333333,319,8.047469358979646,6.8973443133556795,55.19175233330076,15.437376462527046,22.50838516086225,20.233475822606422,22.774224940294886,32.740524937214104,14.28531494333358,True,True,130.31646163230477,13.146655416603254,3.5097118128835376,4,83.87677671128284,581.6214600281778,0.0,19.74494247098165,6.036483707671251,18.4011609911078,15.82017056233101,15.85697845798936,17.768192744462002,11.313295486267203,7.30941532292842,16.54534101705338,12.731125533664695,10.705994814817863,3,93.77533157507986,71.73155852445402,0.0,3.5097118128835376,1.4040269298919648,6.332201936770475
10.666666666666666,320,7.227561904039835,6.868169372788435,53.6909079614453,14.969156763343724,21.1877440021425,20.588692234386055,22.90674668748526,28.919722995138514,12.335814091560183,True,True,151.97118451355405,15.720639547821955,3.5794539446424114,4,74.50965130462338,565.1496342567287,0.0,19.72631760014351,5.851313977530929,18.10972765601045,15.78500491207426,15.855374839815125,17.321219515980143,11.364588582932106,7.288102553758667,16.60038830561148,11.88433749772918,9.899076443494785,3,94.37347883670894,83.845912030688,0.0,3.5794539446424114,1.566052480342063,6.096365643981355
10.7,321,6.482003207226575,6.88097685282707,52.25456181577712,14.484440744898691,19.90251542506417,20.92967444574058,22.96103512685694,24.998413918336055,10.72093820932311,False,True,0.0,15.209235577156308,3.595369641907308,4,85.93662003818635,384.6131058221826,0.0,19.692802395771736,5.660705731474731,17.5345030612553,15.481215360260963,15.77621862350354,16.78050039724191,11.371212475019373,7.262741972104239,16.93581433217508,11.160835124416822,9.08300923908849,3,94.9791675757015,7.604617788578154,0.0,3.595369641907308,1.586327106133107,5.378478956957192
10.733333333333333,322,5.800445406155732,6.879615492734381,51.30987203007239,14.103089740462515,18.83013104310094,21.220646548107965,23.060103984392374,21.6255265249132,9.414247114990214,False,True,0.0,14.107035694053716,3.6005046867866852,4,92.53723902080526,388.80104858395185,0.0,19.649288359700904,5.432767862140082,17.458795565170007,15.655340427949765,15.346340797481762,16.28399660215672,11.363046781729098,7.23064248610686,17.30854784683713,10.497055205261695,8.211136656146131,3,95.3938153387446,7.053517847026858,0.0,3.6005046867866852,1.2675093748482498,5.746008723694273
10.766666666666667,323,5.222472898086257,6.894238285687059,51.43040025663876,13.891256743525112,18.251344991098982,21.751388535161436,23.238601201405512,19.605521969882282,8.409868257946695,False,True,0.0,14.040674947258708,3.6017006658041133,4,69.52446067491965,235.61125589994674,0.0,19.605346492179798,5.159903699784891,17.260987479629517,15.790309752964141,15.213152692001195,16.11001112985439,11.335940176021763,7.184871134337648,17.772869415708563,9.930079215998873,7.591485012007354,3,96.29343231237085,7.020337473629354,0.0,3.6017006658041133,1.9286519603022891,5.131966500682107
10.8,324,4.640759115918166,6.929314518708107,50.68972425786388,13.73726763649824,17.959803768957272,21.88468994803746,23.421039253826166,19.018300742011757,7.515185131953708,True,True,0.0,13.558292920670844,3.6051996742457897,4,96.68425511389648,481.429442366922,0.0,19.59146501253637,5.014349192604795,17.08584700047012,15.783308157956592,14.905634372848455,16.028117339781943,11.303829214469738,7.214060889019863,17.98149654002677,9.311691751929871,7.172000244822728,3,105.07170852003829,6.779146460335422,0.0,3.6051996742457897,1.8977423646631124,4.8857494941150135
10.833333333333334,325,4.117846116186901,6.9632210196807875,51.175405484491726,13.780696141309987,18.048726837728346,22.099248977616558,23.072384179678956,20.108964357983723,6.914309835634152,True,True,209.88030765668003,16.940610011586486,3.5973858738889044,4,118.29825296863183,1073.1611269373384,0.0,19.60946339986929,4.846849453550944,17.02303380279157,15.993276460653016,14.901249712742947,16.27126116423197,11.285900327420554,7.249465443668977,18.373803135707597,8.961231868099526,6.725913194452452,3,106.76624827771168,113.41045883413325,0.0,3.5973858738889044,2.5064674824714586,5.764905091121765
10.866666666666667,326,3.5543703005102305,7.016725204895547,50.887128050519934,13.85057445992571,18.284808592124133,21.93539537098851,22.5316511583507,22.109263587372624,6.562924251784695,True,True,212.71435480746499,15.474567162334052,3.591887874983643,4,150.39209745008222,1236.3822761311178,0.0,19.62941426394958,4.787889350166673,17.009595774544156,16.030837968341835,14.818690741640877,16.505094565343718,11.248222532048807,7.332267717306822,18.58190507768056,8.675464539366102,6.617934798624084,3,116.25593585330441,114.09446098489953,0.0,3.591887874983643,2.841290401682666,8.089286238122666
10.9,327,2.974084896845185,7.051808351270306,50.70625562186027,13.968031343631129,18.587785310628895,21.62100089478364,22.023340128379782,24.197769217687817,6.509031001664345,False,True,0.0,16.304636230429974,3.5765080927062,4,95.41458192662765,654.8286952131857,0.0,19.650116823272302,4.798909863553931,17.05423395834717,16.028168329444505,14.862586084410308,16.76177821481168,11.222228886599718,7.418757205953362,18.841465430006014,8.531084115552337,6.782100530937339,3,124.98274773194767,8.152318115214987,0.0,3.5765080927062,3.0679219371812505,7.468626837622121
10.933333333333334,328,2.3859442740100967,7.077527708479714,50.44333445425176,14.029363349743768,18.617388997905813,21.224328536852692,21.13240561273395,25.326543894473026,6.786277947563585,False,True,0.0,16.538888312769377,3.5355411560848364,5,201.16174411027723,1865.39018539039,0.0,19.660932960090538,4.84391102426,17.154058166690714,15.922138471664423,14.961226633629238,17.03019347969399,11.20748638157685,7.518599266863315,19.157962072817273,8.51438579724685,6.943037911627167,3,139.57650767422703,8.269444156384688,0.0,3.5355411560848364,3.737671730484244,5.679829497584259
10.966666666666667,329,1.7864779173605683,7.067097338908768,50.3602192660473,14.049126733399037,18.43681663693084,20.75984347207233,20.30893893284769,25.335317684784677,7.343166458018656,True,True,0.0,15.540382590280839,3.485947722256058,5,192.2365446775021,1668.5441711593148,0.0,19.67032935830117,4.928241208501021,17.308653934029355,15.75705863235492,15.225325209162532,17.261896057567824,11.219546868867027,7.619461510943176,19.409447440885195,8.589674232649935,7.077632718256692,3,157.39907719130795,7.770191295140419,0.0,3.485947722256058,4.282253781022361,5.529723365622366
11.0,330,1.1940661124610927,7.04073373060452,50.56990742653322,14.094644069647119,18.310107051432585,20.326997507219414,19.609721243810082,25.154680840111666,8.149028614589165,False,True,0.0,14.149518440462522,3.4357608627361267,7,131.6350119434648,1068.164605726584,0.0,19.67772259702097,5.07615626019919,17.524325841489496,15.574752228513072,15.528461011483483,17.511280710080232,11.26569449254185,7.6676668429503865,19.58177747056982,8.771395384127954,7.259853350767507,3,194.40599147105897,7.074759220231261,0.0,3.4357608627361267,5.0084078720537395,7.418707660834199
11.033333333333333,331,0.585564293437675,7.0085815552500375,50.70987189794043,14.122596605771637,18.15931215009051,19.76553206549303,18.979069362521244,24.707886083208304,9.184761089139457,True,True,0.0,10.615796951049099,3.3954979533940755,7,84.52818343860996,775.801937821629,0.0,19.664762022063343,5.270057907658486,17.755583736394495,15.363505647146273,15.740042995736841,17.768313919209735,11.275650413171734,7.68246935970569,19.678110390994277,9.00320409413166,7.374980533505723,3,183.31580033359916,5.307898475524549,0.0,3.3954979533940755,5.2206870903720635,8.650730534118065
11.066666666666666,332,0.13383850130436128,6.981059049236416,50.851901933465506,14.110367164541978,17.992044169881204,19.28572717044089,18.879524156346463,23.470514951559597,10.332410401177867,True,True,16.032676188032653,8.611944043616562,3.35548228607684,7,170.05097571077533,1577.3298086972086,0.0,19.671180500137,5.464441667341377,17.904702899136836,15.132950500146466,15.881400926192269,17.852751476481348,11.298233732458478,7.702387631450863,19.55688179992161,9.222399655338604,7.490034450782984,3,180.76923215748857,12.322310115824607,0.0,3.35548228607684,5.46808628821067,7.761859256571011
11.1,333,0.6240260257032995,6.972671535051134,51.23895321827278,14.13587225544363,18.045145078729668,19.00836693599588,19.42292585505579,22.226374261720334,11.522913262146671,True,True,9.383707180143148,9.314060165898407,3.2800557598773197,7,151.27760373368812,1162.5527435138501,0.0,19.710752018861548,5.68483585152044,18.097464018481908,14.954846888360091,15.90341413506767,17.912410591108014,11.306080582573264,7.77760025478104,18.98711720170213,9.52298197427974,7.608471715776156,3,178.36035493766252,9.348883673020778,0.0,3.2800557598773197,5.237674643422135,5.220371964346257
11.133333333333333,334,1.180417897948531,6.9610736295168,51.98316403664306,14.235717704363458,18.367480937307544,19.06592788819868,20.655191583994238,20.97510259958129,12.773701677455962,True,True,16.008207580780354,11.733201672187649,3.1506727176841784,6,96.13901840842003,632.140822810603,0.0,19.77107867287357,5.910741253475857,18.337939631347215,14.8086081278578,15.968960638371366,17.971298167153304,11.315677769975592,7.924693349681123,18.105544335797294,9.95129986968856,7.754131456730557,3,177.17084937392488,13.870704626484,0.0,3.1506727176841784,4.630979313559466,4.272288383806497
11.166666666666666,335,1.714384829501734,6.953370700808992,52.75438307749515,14.422212945563913,18.91252947402136,19.423495811951994,22.30110178165106,19.84847201424966,14.07704828823272,True,True,17.738239442775992,13.997721293266224,3.00284762710869,5,90.4526514289102,733.9906400105995,0.0,19.830592371305126,6.177469480031949,18.57090681506221,14.669291089529777,16.093653246099123,17.97457829055252,11.331380731768304,8.07932604789635,17.424268351835572,10.531609863292358,7.9420719803934405,3,177.76090000315224,15.86798036802111,0.0,3.00284762710869,3.811453875646361,3.2912457977138727
11.2,336,2.2142423839897063,6.962747759913346,53.133601611833775,14.631897230302652,19.542748796736504,20.11635727246583,23.92458713980074,18.849256968773204,15.280793805906232,True,True,10.206334844992089,15.758703888445707,2.8457943944067665,4,96.91303452295872,578.8992466714785,0.0,19.868661997963315,6.3872392673020455,18.654654887900623,14.412773809634835,16.30421197845213,17.863351394735385,11.332338118163216,8.204183138169455,17.014988815736544,11.265059859536214,8.183255417261623,3,177.906655584175,12.982519366718897,0.0,2.8457943944067665,3.343193060246456,3.6393394079212027
11.233333333333333,337,2.685441749873185,6.98647665098211,53.985803076214644,14.93577539189294,20.318642994293477,21.029505700328,25.783079465827306,18.01724305154123,16.44474375947737,True,True,7.1879576867253325,17.84196607883002,2.671822102614232,4,85.31530584261498,529.9889813847499,0.0,19.887897667371462,6.543529721293573,18.947548608282997,14.360980218659597,16.597084108993883,17.932460074836538,11.354719695890353,8.290328714031633,16.785324754225485,12.062185337634714,8.40602111415977,3,176.568661547383,12.514961882777676,0.0,2.671822102614232,2.335581671077299,3.6649913842184
11.266666666666667,338,3.1137764410017565,6.999598023093723,54.45269454131052,15.236358489597635,21.08950376586632,22.130165889092986,27.55108335020041,17.26960755895389,17.407158265217987,True,True,6.943137989719799,16.19926581630234,2.4798841266882015,3,67.97145811810566,383.1828638485026,0.0,19.88636717169236,6.6514037154477945,19.169104352922762,14.21579116449672,17.05045784623696,18.214620564877492,11.37225941069489,8.359704816163934,16.544338171177746,12.723315066788565,8.61461653634267,3,173.34448420079835,11.571201903011069,0.0,2.4798841266882015,1.12130329236605,4.202975014697556
11.3,339,3.508451640711326,6.999142334490404,54.99804892480959,15.574457129627547,21.92190036051232,23.47550976689855,29.253127000442543,16.65028371471486,18.308680959993318,True,True,10.51654757589365,14.350576191221961,2.2985129452751925,1,90.40953628842526,486.76113705214095,0.0,19.889496487233338,6.735196130889771,19.34251306236804,14.097769683381845,17.611511835798954,18.875491409419407,11.38322552825051,8.426603157729305,16.256035751384008,13.311412455908775,8.821990906575206,3,169.202228993313,12.433561883557806,0.0,2.2985129452751925,0.6435442319229233,4.02395715252931
11.333333333333334,340,3.873730325064377,6.981049918030302,55.75345372304887,15.9413281605473,22.80944126327836,25.038286113913955,30.853480535951654,16.12167144583953,19.22432695740829,True,True,17.67959985953349,12.016248577340598,2.124349946950501,1,76.835424126965,373.0227619973758,0.0,19.903588594552684,6.811153626027432,19.49783676268121,14.047863619310716,18.217317248669428,19.762118225719732,11.39135686162825,8.499902239121003,15.893481967682627,13.857538209703007,9.02275924872298,3,165.75862103637516,14.847924218437045,0.0,2.124349946950501,0.33374254425688243,3.0076659761047466
11.366666666666667,341,4.201954476155302,6.928329177886338,56.59175771036411,16.294896589017398,23.65085138948716,26.705635833387653,32.14234885243524,15.630974051565227,20.124446820560518,True,True,21.177346253596628,11.517078836845611,1.930236367020045,1,81.79836587301256,545.8187426324794,0.0,19.92609331392764,6.910203543953856,19.630632601422445,14.049075704673477,18.792926011470175,20.615993917787215,11.42883118459464,8.559572193453699,15.504626349539544,14.402088456489631,9.19996106791982,3,164.56819170584075,16.347212545221122,0.0,1.930236367020045,0.06576455072010029,3.4923356945101527
11.4,342,4.52024397713586,6.919103283436645,57.071701454429245,16.578128907734083,24.33078359093937,28.272311827126117,32.812172786925146,15.182353991807501,21.056295757898702,True,True,16.81706238376104,9.356137038038641,1.7692827984804007,0,102.89703144315754,1141.8476171771977,0.0,19.915499339884242,7.02915419428338,19.797103265136524,13.96071471956356,19.334843883308544,21.122551131026455,11.428489960254932,8.611744568764806,15.171220207113306,14.977477982918009,9.346580727729446,3,166.0587264881627,13.08659971089984,0.0,1.7692827984804007,0.0,2.880034592637983
11.433333333333334,343,4.783223641300931,6.9095032377409655,57.28573842248589,16.783364884832373,24.812641698868255,29.750696460581306,32.77479851998692,14.857827067913304,21.86724474699148,True,True,10.027287146074988,11.208743947454415,1.5952419833765312,0,57.630903294186,716.5902344861406,0.0,19.889434062474255,7.200983605367271,19.99451272453423,13.779797113082958,19.875785971755,21.149603288372674,11.426299888543612,8.663602691304012,14.950920785036468,15.568966346542137,9.451566874120282,3,169.4923978480635,10.6180155467647,0.0,1.5952419833765312,0.0,2.756791231912973
11.466666666666667,344,4.996543700729127,6.881867546227527,57.55955392987643,16.91641842996484,25.091720179857774,31.002580562234215,32.159712702625974,14.535569543202545,22.669017911368364,True,True,12.22796520076945,15.8037488540207,1.424365410042795,0,59.90748630091592,232.21587407189426,0.0,19.848302624328763,7.411104718543994,20.19803368991675,13.620849722376677,20.38155890447252,20.83404772258929,11.434027381024194,8.656975643562532,14.723023819700515,16.271471503526293,9.507807028591724,3,174.1244128073828,14.015857027395073,0.0,1.424365410042795,0.0,2.7249055217648848
11.5,345,5.159266816217646,6.87774277211598,57.62438426802248,16.91979877980773,25.145866475666917,31.983287140160172,30.951394892027945,14.30085987758654,23.347923992893023,True,True,7.827550816234356,20.368513974948108,1.29205097721701,0,87.80550137014473,917.6517827315333,0.0,19.80052760567971,7.653902877281253,20.12535344109416,13.139006473238215,20.905441391491774,20.07516605775663,11.438025140879455,8.611978570872038,14.581379980209999,16.882734255945127,9.561104381992125,3,182.83561369114412,14.09803239559123,0.0,1.29205097721701,0.0,2.582710027973179
11.533333333333333,346,5.27926137349825,6.8120519003807,57.903553432135375,16.89571244296089,24.885186648529935,32.760522834122895,28.997533538309696,14.053014458615499,23.729675763071658,True,True,67.36645639528219,32.67924640112078,1.2601338612956838,0,74.27053631628308,929.3968829391392,0.0,19.784845055420725,7.832955746339292,20.473419429765332,13.213249744501518,21.1938040965595,19.24876172282466,11.468438307554136,8.628353119739089,14.577872786398096,17.4732400411912,9.413345089564073,3,156.8257565511474,50.02285139820148,0.0,1.2601338612956838,0.0,3.250414277339321
11.566666666666666,347,5.333648133091633,6.80567766204494,58.04603547616586,16.768944924497358,24.424587969400402,33.14901332240896,26.87290969293224,13.937913377426838,23.73851548483358,True,True,43.70790928573583,39.44429193419475,1.328501061542321,0,68.02319283709622,325.20763570080726,0.0,19.767678795339062,8.067692130734407,20.67939338033015,13.043573699072702,21.422902708155476,18.132456179701848,11.466213242405972,8.671762239879254,14.682009999861053,17.90213961437888,9.358217492170482,3,165.37712709275084,41.576100609965295,0.0,1.328501061542321,0.0,3.967867459533908
11.6,348,5.371519322980371,6.81873562396027,58.05280794746732,16.509920362257922,23.66998225791551,33.0921395756955,24.21150550523755,13.891964962907672,23.48431898782132,True,True,15.662293386334197,44.005342570417994,1.476535692096306,2,98.34930365201934,559.547641715672,0.0,19.75969035155687,8.262634059355186,20.774170281945807,12.856782931281366,21.401964468458406,17.012193723450935,11.468327799964847,8.692726364163349,14.570161426067097,18.170224995962883,9.228298536013375,3,173.131201582057,29.833817978376096,0.0,1.476535692096306,0.6362665442048329,4.7448575060587705
11.633333333333333,349,5.385588113973217,6.839310569431978,57.89216972607242,16.1446191639047,22.673258380292783,32.58984604789267,21.28769360244297,13.885422008241122,22.930071862594374,True,True,6.485364488095289,40.48265705212295,1.7068005172232943,3,113.54117395856727,1128.5000789538776,0.0,19.76211478128828,8.440409666040837,20.80557467867063,12.637649331828646,21.12286769213529,15.884835763191948,11.461262223088989,8.736217339026863,14.472540051640118,18.152782410487738,9.094690859101183,3,180.7031757840796,23.484010770109123,0.0,1.7068005172232943,2.4349888995060356,4.558155417699824
11.666666666666666,350,5.388958909651154,6.87522215478662,57.547692324394966,15.73777714121814,21.58391622435939,31.694553267333607,18.417517387828937,13.94963414040811,22.273960101866905,True,True,14.597720125810309,28.989922727957453,1.9928809667052554,3,80.12874693588796,577.7392829196865,0.0,19.775507096531438,8.58053697327083,20.780767167507864,12.427680077052687,20.624622112406417,15.050675826117397,11.438134688689434,8.791808043869926,14.394251437273633,17.8670087981149,8.978689610351678,3,187.41166401631986,21.79382142688388,0.0,1.9928809667052554,3.433228948695982,3.9987693754542137
11.7,351,5.422850921724014,6.919365699211443,57.155719123590266,15.456005663986447,20.871949802252374,30.534693104898498,17.15539304604387,14.049893857229495,21.74781920083763,True,True,6.020023418875285,12.452166874847702,2.2592655479252066,4,67.67006389530223,385.23825941438224,0.0,19.788682988745062,8.568021121456004,20.68025387499386,12.360576999109096,19.907893873957228,15.101544561175858,11.402495885423098,8.822316718983643,14.354588884146354,17.365910842797046,8.855249835575812,3,194.39813029212476,9.236095146861494,0.0,2.2592655479252066,3.3586062022494665,2.9077573402849444
11.733333333333333,352,5.518486357866577,6.980414091689746,57.03077425987154,15.369946805670615,20.709895714318062,29.10539174551701,17.928727199745722,14.153585821196202,21.651878090813305,True,True,12.818050653714804,1.630872402028128,2.485456347291254,4,71.83029937673392,297.48020405204625,0.0,19.81532894930833,8.398034517123344,20.540170335810878,12.54675699251871,19.037080558814402,15.836095563454416,11.379392154691994,8.81921617115117,14.337092095365048,17.000451889548657,8.693969218594587,3,201.36614499020337,7.224461527871466,0.08263426587719501,2.485456347291254,2.6072099738130268,2.7296826093232682
11.766666666666667,353,5.603983055962265,7.044380420525065,57.29356349220053,15.369189357344437,20.681136255328212,27.492865214373502,19.048465728755872,14.330260107941111,21.852953970242357,True,True,6.866064037252949,1.4009310676940625,2.6389218956208143,4,51.62885362044853,201.14366405998862,0.0,19.858540187975247,8.21861086376526,20.49337256392806,12.856231511443521,18.249923236404374,16.530566618793355,11.353709545117475,8.825852329064157,14.422133780934951,17.00435470142729,8.516433055219421,3,207.36555060132616,4.133497552473505,0.31259101925396526,2.6389218956208143,1.663818525446872,3.0225737701931688
11.8,354,5.65546229995059,7.078534718393592,57.705273248191645,15.359299289546168,20.563780897579438,25.813734865773895,19.898736887607217,14.568543354416368,21.974108482520275,True,True,9.835296672169438,5.4315762679137976,2.6709711070018507,3,38.19145224423349,220.43097032763848,0.0,19.90990121114057,7.996978800674359,20.51096767499719,13.186503746212583,17.61900852202991,16.949674643417314,11.340117505385075,8.860710230901486,14.597555155467834,17.16294826264845,8.325746284243465,3,211.5551277669877,7.633436470041617,0.4408670265638746,2.6709711070018507,1.3718802649259065,3.9011836404134574
11.833333333333334,355,5.671884387305632,7.095362544286399,58.00799260333962,15.321278324572498,20.382841676527228,24.05726748146942,20.707184685636694,14.799548544991294,21.967365994011505,True,True,11.539386566072949,5.158620665196721,2.7474418741542337,2,59.53226176286526,579.7264775036,0.0,19.960745086882792,7.777386798724546,20.518513805286737,13.47144927439086,17.026146338224965,17.195992031170604,11.339786923947862,8.906918668047249,14.868953016673553,17.22191621912935,8.144110212938143,3,213.55402734044733,8.349003615634834,0.4632529686611929,2.7474418741542337,1.7468055294116684,4.260579090461109
11.866666666666667,356,5.689943751651668,7.135323840284402,58.153463749097256,15.264678427932354,20.185324078425683,22.283850750933002,21.576863327367583,15.03742066432392,21.84316157107823,True,True,14.28758669280072,4.2735137729074,2.945316973615368,2,60.72435426950007,278.7764832822577,0.0,20.010311537888555,7.5816913680310645,20.459060493058892,13.71119001817352,16.40946491321791,17.287370904852132,11.34376296812228,8.939971640804776,15.279744068324739,17.206312192808745,7.975756535286756,3,213.55031927597733,9.28055023285406,0.3764298037225332,2.945316973615368,2.0770540254635415,3.6814832303329705
11.9,357,5.708212742782299,7.191239822442929,58.25556112641244,15.201877823619453,19.947323656496497,20.58547116709851,22.258944448472405,15.296776425967767,21.648102584447297,True,True,13.21399696790984,10.415335467194394,3.1601062163697895,3,60.724354269499706,278.7764832822528,0.0,20.054631136166368,7.445539929287698,20.400918201379852,13.911646420911714,15.904622672331431,17.170356315931016,11.351488967367187,8.950427309447763,15.82083203560513,17.228409739877584,7.809029129045839,3,212.07344373000842,11.814666217552116,0.22135318165160703,3.1601062163697895,2.2796420501731864,3.8617442883800326
11.933333333333334,358,5.695183425580326,7.238741217744593,58.240094851988836,15.123302975761705,19.648686500476458,18.996347214464553,22.58279311835579,15.525774199353465,21.489831469732025,True,True,8.229170760585724,32.81582565958003,3.305521631422275,3,60.724354269499706,278.7764832822528,0.0,20.090835125753806,7.3758130562498305,20.372016229484903,14.059265825964346,15.569499478474787,16.88068603432889,11.360206518289905,8.946808910196605,16.39717546670638,17.20249198907029,7.645142026636591,3,210.0159083112653,20.522498210082876,0.06846062242669522,3.305521631422275,2.352936335146689,4.619245968125405
11.966666666666667,359,5.717435221488875,7.270492424834818,58.23204835764118,15.047370904225929,19.42606024275115,17.692834378906085,22.780924972212027,15.743064102239924,21.487417517646552,True,True,3.1701104486163993,52.54975791211706,3.4043317072459938,3,60.724354269499706,278.7764832822528,0.0,20.13754249408119,7.242006575808374,20.277998026264513,14.241467354628117,15.286789046911748,16.60579323678637,11.38954531660757,8.964421464774693,16.851380412707282,17.0093786638145,7.510984039402207,3,208.43950861302295,27.85993418036673,0.0,3.4043317072459938,2.4359111446688306,6.331235574153858
12.0,360,5.714004207401248,7.305471019147191,58.45476200704465,15.030654218787696,19.309280065229252,16.941550303481474,22.872769064625228,16.000458009212455,21.42234288359785,True,True,0.9096168342543306,9.080122184270657,3.5266659193733014,3,60.724354269499706,278.7764832822528,0.0,20.177604748019977,7.2068759898710155,20.24991001633883,14.361235431655578,15.258539280621495,16.402534017722427,11.384108481994902,9.005530003344816,17.258875799636197,16.917479251693223,7.4171932190935195,3,207.88870575737496,4.994869509262493,0.0,3.5266659193733014,2.420813079655639,8.28059611028473
