Configuration,Run ID,Run name,_step,Train/mean_reward,Train/mean_episode_length,Policy/mean_std,Episode_Metrics/root_position_error,Episode_Metrics/root_orientation_error,Episode_Metrics/body_position_error,Episode_Metrics/body_orientation_error,Episode_Metrics/body_linear_velocity_error,Episode_Metrics/body_angular_velocity_error,Episode_Metrics/action_rate_l2_raw,Episode_Metrics/joint_limit_raw,Episode_Metrics/self_collision_raw,Episode_Termination/time_out,Episode_Termination/anchor_pos,Episode_Termination/anchor_ori,Episode_Termination/ee_body_pos
No action rate,p6vbd18i,2026-07-17_17-50-34_05_04_gmr_no_action_rate_seed_42_iter_1000_20260717T143245Z,0,-0.1470400930196047,8.24,1.001603126525879,0.061880435794591904,0.22522804141044617,0.07946860045194626,0.5226788520812988,1.1978517770767212,9.29429817199707,51.80751037597656,0.023977307602763176,0.08890227973461151,3.5416667461395264,2.7083334922790527,0.2083333432674408,419.25
No action rate,p6vbd18i,2026-07-17_17-50-34_05_04_gmr_no_action_rate_seed_42_iter_1000_20260717T143245Z,1,-0.19597854811698198,9.05,1.0031627416610718,0.06729598343372345,0.23831836879253387,0.08599160611629486,0.5675418972969055,1.2340519428253174,9.195517539978027,54.062469482421875,0.024156829342246056,0.0990222617983818,0.125,5.583333492279053,0.7083333730697632,492.79168701171875
No action rate,p6vbd18i,2026-07-17_17-50-34_05_04_gmr_no_action_rate_seed_42_iter_1000_20260717T143245Z,2,0.09524075575172901,7.24,1.005735993385315,0.06761574745178223,0.23709699511528015,0.08594954013824463,0.5681837797164917,1.2341601848602295,9.203014373779297,54.177886962890625,0.02303367853164673,0.09129069745540619,0.0,6.2916669845581055,0.7916666865348816,490.3333435058594
No action rate,p6vbd18i,2026-07-17_17-50-34_05_04_gmr_no_action_rate_seed_42_iter_1000_20260717T143245Z,3,0.005270223915576935,8.44,1.0081185102462769,0.0677366703748703,0.23833774030208588,0.08602108806371689,0.5713547468185425,1.233722448348999,9.226213455200195,54.633544921875,0.022533517330884933,0.08510341495275497,0.0,5.6666669845581055,0.25,490.3333435058594
No action rate,p6vbd18i,2026-07-17_17-50-34_05_04_gmr_no_action_rate_seed_42_iter_1000_20260717T143245Z,4,0.08971339628100396,8.1,1.0104888677597046,0.06723327934741974,0.23427647352218628,0.0850411057472229,0.5690686702728271,1.2322224378585815,9.23459243774414,54.97971725463867,0.02184736542403698,0.0752268061041832,0.0,4.708333492279053,0.375,496.25
No action rate,p6vbd18i,2026-07-17_17-50-34_05_04_gmr_no_action_rate_seed_42_iter_1000_20260717T143245Z,5,0.10798364501446485,7.95,1.0117906332015991,0.06720960140228271,0.23487703502178192,0.08565676212310791,0.570317268371582,1.2314807176589966,9.238692283630371,55.562469482421875,0.021013274788856506,0.0721702128648758,0.0,5.6666669845581055,0.4583333432674408,493.0
No action rate,p6vbd18i,2026-07-17_17-50-34_05_04_gmr_no_action_rate_seed_42_iter_1000_20260717T143245Z,6,0.04585434257984161,8.98,1.013090968132019,0.06769784539937973,0.23585498332977295,0.08544417470693588,0.5715915560722351,1.2275372743606567,9.211244583129883,55.87286376953125,0.019948286935687065,0.06267648935317993,0.0,6.0416669845581055,0.4166666865348816,490.16668701171875
No action rate,p6vbd18i,2026-07-17_17-50-34_05_04_gmr_no_action_rate_seed_42_iter_1000_20260717T143245Z,7,0.12031510710716248,8.58,1.014630913734436,0.06739817559719086,0.23605069518089294,0.08549849689006805,0.571814239025116,1.223285436630249,9.185644149780273,56.19823455810547,0.018814336508512497,0.05712135136127472,0.0,5.7916669845581055,0.4583333432674408,490.5
No action rate,p6vbd18i,2026-07-17_17-50-34_05_04_gmr_no_action_rate_seed_42_iter_1000_20260717T143245Z,8,0.10879522193223239,7.67,1.01571524143219,0.06757571548223495,0.23577570915222168,0.08549659699201584,0.5727980136871338,1.222566843032837,9.175199508666992,56.598297119140625,0.01846548169851303,0.05138101801276207,0.0,5.875,0.375,491.3333435058594
No action rate,p6vbd18i,2026-07-17_17-50-34_05_04_gmr_no_action_rate_seed_42_iter_1000_20260717T143245Z,9,0.1599653309583664,7.71,1.0168992280960083,0.06757305562496185,0.23431769013404846,0.08498122543096542,0.5695271492004395,1.2181882858276367,9.147390365600586,56.82616424560547,0.017580270767211914,0.04425366222858429,0.0,4.6666669845581055,0.4166666865348816,493.04168701171875
No action rate,p6vbd18i,2026-07-17_17-50-34_05_04_gmr_no_action_rate_seed_42_iter_1000_20260717T143245Z,10,0.14153804749250412,7.64,1.0178918838500977,0.06728555262088776,0.23498451709747314,0.0849180817604065,0.5686368942260742,1.2138864994049072,9.109614372253418,57.119407653808594,0.016752544790506363,0.039791323244571686,0.0,5.625,0.3333333432674408,488.41668701171875
No action rate,p6vbd18i,2026-07-17_17-50-34_05_04_gmr_no_action_rate_seed_42_iter_1000_20260717T143245Z,11,0.23366209473460914,8.78,1.0185017585754395,0.06752241402864456,0.2328214943408966,0.08495227992534637,0.5693314671516418,1.2123361825942993,9.091567993164062,57.52799606323242,0.015973446890711784,0.034624554216861725,0.0,4.708333492279053,0.5,496.9583435058594
No action rate,p6vbd18i,2026-07-17_17-50-34_05_04_gmr_no_action_rate_seed_42_iter_1000_20260717T143245Z,12,0.24115469492971897,8.72,1.0195081233978271,0.0667491927742958,0.2304949015378952,0.08475863188505173,0.568909764289856,1.2058042287826538,9.060113906860352,57.786293029785156,0.015195198357105255,0.03100263699889183,0.0,4.7916669845581055,0.3333333432674408,485.91668701171875
No action rate,p6vbd18i,2026-07-17_17-50-34_05_04_gmr_no_action_rate_seed_42_iter_1000_20260717T143245Z,13,0.22117893997579813,8.66,1.0202289819717407,0.06819214671850204,0.2317979633808136,0.08505789935588837,0.5701498985290527,1.205040454864502,9.034370422363281,58.12500762939453,0.01461755484342575,0.026578327640891075,0.0,5.25,0.25,486.4583435058594
No action rate,p6vbd18i,2026-07-17_17-50-34_05_04_gmr_no_action_rate_seed_42_iter_1000_20260717T143245Z,14,0.24948305644094945,8.61,1.0209136009216309,0.06789257377386093,0.23090480268001556,0.08449791371822357,0.5680214762687683,1.1954482793807983,8.972681045532227,58.14879608154297,0.013644145801663399,0.02334974706172943,0.0,4.833333492279053,0.4583333432674408,480.625
No action rate,p6vbd18i,2026-07-17_17-50-34_05_04_gmr_no_action_rate_seed_42_iter_1000_20260717T143245Z,15,0.2528585486114025,9.53,1.0216625928878784,0.06820695847272873,0.23104044795036316,0.08491989225149155,0.5695955753326416,1.1896378993988037,8.93344783782959,58.784019470214844,0.013258668594062328,0.021773483604192734,0.0,5.333333492279053,0.5416666865348816,477.75
No action rate,p6vbd18i,2026-07-17_17-50-34_05_04_gmr_no_action_rate_seed_42_iter_1000_20260717T143245Z,16,0.23825517136603594,8.83,1.0224261283874512,0.06793900579214096,0.22996549308300018,0.08479305356740952,0.5684376955032349,1.1863733530044556,8.899276733398438,59.136131286621094,0.012475359253585339,0.01990225538611412,0.0,4.625,0.25,477.4583435058594
No action rate,p6vbd18i,2026-07-17_17-50-34_05_04_gmr_no_action_rate_seed_42_iter_1000_20260717T143245Z,17,0.31683901607990267,9.0,1.0229783058166504,0.06820449233055115,0.22850732505321503,0.08456812798976898,0.5673293471336365,1.1782314777374268,8.85275936126709,59.39482879638672,0.011878559365868568,0.016733232885599136,0.0,4.083333492279053,0.375,470.25
No action rate,p6vbd18i,2026-07-17_17-50-34_05_04_gmr_no_action_rate_seed_42_iter_1000_20260717T143245Z,18,0.2888862932473421,8.29,1.0232794284820557,0.06889700889587402,0.2300991714000702,0.08504514396190643,0.5674304366111755,1.1687095165252686,8.752113342285156,59.67487716674805,0.011287704110145569,0.0149221858009696,0.0,5.25,0.2083333432674408,467.91668701171875
No action rate,p6vbd18i,2026-07-17_17-50-34_05_04_gmr_no_action_rate_seed_42_iter_1000_20260717T143245Z,19,0.29402911676093935,9.17,1.0237430334091187,0.06887488067150116,0.22799138724803925,0.08478930592536926,0.5685669183731079,1.1610276699066162,8.716326713562012,60.06501388549805,0.01086425967514515,0.011954301968216896,0.0,4.333333492279053,0.25,466.5
No action rate,p6vbd18i,2026-07-17_17-50-34_05_04_gmr_no_action_rate_seed_42_iter_1000_20260717T143245Z,20,0.2715592288970947,8.04,1.0240068435668945,0.06887613236904144,0.22867576777935028,0.08480390906333923,0.5668768286705017,1.151877999305725,8.638106346130371,60.40299987792969,0.010581339709460735,0.011460165493190289,0.0,4.2916669845581055,0.125,459.79168701171875
No action rate,p6vbd18i,2026-07-17_17-50-34_05_04_gmr_no_action_rate_seed_42_iter_1000_20260717T143245Z,21,0.3487524066865444,9.76,1.0241281986236572,0.06906057894229889,0.22824232280254364,0.08431818336248398,0.5650115013122559,1.140833854675293,8.577415466308594,60.95146942138672,0.010160412639379501,0.009324946440756321,0.0,3.8333334922790527,0.25,455.75
No action rate,p6vbd18i,2026-07-17_17-50-34_05_04_gmr_no_action_rate_seed_42_iter_1000_20260717T143245Z,22,0.34985226213932036,9.36,1.02446448802948,0.06983695924282074,0.2288723886013031,0.08497011661529541,0.5674133896827698,1.1294472217559814,8.469969749450684,61.14231491088867,0.010073302313685417,0.009042169898748398,0.0,4.5,0.1666666716337204,442.66668701171875
No action rate,p6vbd18i,2026-07-17_17-50-34_05_04_gmr_no_action_rate_seed_42_iter_1000_20260717T143245Z,23,0.32655899189412596,9.28,1.024793028831482,0.07102914899587631,0.22704383730888367,0.08496277779340744,0.5661804676055908,1.1177642345428467,8.382896423339844,61.482933044433594,0.009760323911905289,0.007538832724094391,0.0,3.9166667461395264,0.2916666865348816,431.0833435058594
No action rate,p6vbd18i,2026-07-17_17-50-34_05_04_gmr_no_action_rate_seed_42_iter_1000_20260717T143245Z,24,0.3368052075430751,9.54,1.0249652862548828,0.07163969427347183,0.2316311001777649,0.08544230461120605,0.5676958560943604,1.1047859191894531,8.282787322998047,61.96092224121094,0.009495345875620842,0.0069273910485208035,0.0,4.5416669845581055,0.125,426.0833435058594
No action rate,p6vbd18i,2026-07-17_17-50-34_05_04_gmr_no_action_rate_seed_42_iter_1000_20260717T143245Z,25,0.3338019473850727,8.7,1.0250333547592163,0.07128454744815826,0.23029589653015137,0.08527892827987671,0.5660949945449829,1.0893974304199219,8.202585220336914,62.352935791015625,0.009280938655138016,0.007013560738414526,0.0,4.0,0.0833333358168602,419.8333435058594
No action rate,p6vbd18i,2026-07-17_17-50-34_05_04_gmr_no_action_rate_seed_42_iter_1000_20260717T143245Z,26,0.38572151646018027,10.78,1.0252079963684082,0.07189394533634186,0.2312823235988617,0.08494919538497925,0.5634860992431641,1.0834219455718994,8.136210441589355,62.538475036621094,0.00912233255803585,0.0060628498904407024,0.0,3.4583334922790527,0.1666666716337204,409.9583435058594
No action rate,p6vbd18i,2026-07-17_17-50-34_05_04_gmr_no_action_rate_seed_42_iter_1000_20260717T143245Z,27,0.3993103350698948,10.8,1.0253695249557495,0.07353003323078156,0.2313290536403656,0.08556175231933594,0.5688745975494385,1.0724025964736938,8.06505012512207,63.010311126708984,0.008960205130279064,0.005705335643142462,0.0,4.333333492279053,0.0833333358168602,401.29168701171875
No action rate,p6vbd18i,2026-07-17_17-50-34_05_04_gmr_no_action_rate_seed_42_iter_1000_20260717T143245Z,28,0.37247899390757083,9.68,1.0254541635513306,0.0729111060500145,0.23045527935028076,0.08537153899669647,0.5661590099334717,1.058404803276062,7.981034755706787,63.34017562866211,0.008713196963071823,0.004971649497747421,0.0,3.2916667461395264,0.125,394.5
No action rate,p6vbd18i,2026-07-17_17-50-34_05_04_gmr_no_action_rate_seed_42_iter_1000_20260717T143245Z,29,0.37546490438282487,9.28,1.0254969596862793,0.07347648590803146,0.22854992747306824,0.08530806005001068,0.5651278495788574,1.04653000831604,7.910154342651367,63.725120544433594,0.008431927300989628,0.0044724908657372,0.0,3.875,0.0416666679084301,385.2083435058594
No action rate,p6vbd18i,2026-07-17_17-50-34_05_04_gmr_no_action_rate_seed_42_iter_1000_20260717T143245Z,30,0.4283212199807167,10.17,1.0254756212234497,0.07480557262897491,0.23114070296287537,0.08600609004497528,0.5678199529647827,1.0345656871795654,7.814933776855469,63.952423095703125,0.008550921455025673,0.0038049519062042236,0.0,4.083333492279053,0.0833333358168602,373.3333435058594
No action rate,p6vbd18i,2026-07-17_17-50-34_05_04_gmr_no_action_rate_seed_42_iter_1000_20260717T143245Z,31,0.4490415435284376,11.28,1.0255037546157837,0.07558649033308029,0.2327105849981308,0.08615979552268982,0.5691801905632019,1.025687575340271,7.747138023376465,64.17534637451172,0.008667264133691788,0.0039587621577084064,0.0,3.4166667461395264,0.0833333358168602,365.29168701171875
No action rate,p6vbd18i,2026-07-17_17-50-34_05_04_gmr_no_action_rate_seed_42_iter_1000_20260717T143245Z,32,0.4784526036679745,12.22,1.0255705118179321,0.07704967260360718,0.23312291502952576,0.08660054206848145,0.5710433721542358,1.0160677433013916,7.68985652923584,64.4696273803711,0.008716736920177937,0.004616675898432732,0.0,3.9166667461395264,0.0833333358168602,355.16668701171875
No action rate,p6vbd18i,2026-07-17_17-50-34_05_04_gmr_no_action_rate_seed_42_iter_1000_20260717T143245Z,33,0.4730003549158573,12.66,1.0256167650222778,0.07835304737091064,0.23422113060951233,0.08711126446723938,0.5738231539726257,1.0055345296859741,7.631974697113037,64.54457092285156,0.008901100605726242,0.0033621597103774548,0.0,3.75,0.0833333358168602,343.7083435058594
No action rate,p6vbd18i,2026-07-17_17-50-34_05_04_gmr_no_action_rate_seed_42_iter_1000_20260717T143245Z,34,0.47903583869338034,12.37,1.0256563425064087,0.07929573953151703,0.23651251196861267,0.08728256076574326,0.5718482732772827,0.9991782903671265,7.561198711395264,64.90444946289062,0.009005771949887276,0.0032942811958491802,0.0,3.6666667461395264,0.0833333358168602,335.54168701171875
No action rate,p6vbd18i,2026-07-17_17-50-34_05_04_gmr_no_action_rate_seed_42_iter_1000_20260717T143245Z,35,0.516525156274438,13.42,1.0256023406982422,0.08090071380138397,0.23730134963989258,0.08777979016304016,0.5737360119819641,0.989865243434906,7.50064754486084,65.12492370605469,0.009312077425420284,0.0036265370436012745,0.0,3.7083334922790527,0.0833333358168602,327.41668701171875
No action rate,p6vbd18i,2026-07-17_17-50-34_05_04_gmr_no_action_rate_seed_42_iter_1000_20260717T143245Z,36,0.4879165169596672,12.3,1.0255705118179321,0.08250535279512405,0.23786768317222595,0.0882682055234909,0.5767545700073242,0.9820634722709656,7.445870399475098,65.18508911132812,0.009164126589894295,0.0031936352606862783,0.0,3.5833334922790527,0.0,314.2083435058594
No action rate,p6vbd18i,2026-07-17_17-50-34_05_04_gmr_no_action_rate_seed_42_iter_1000_20260717T143245Z,37,0.5574052155017852,13.57,1.0255837440490723,0.0837426632642746,0.24077072739601135,0.08909234404563904,0.5802422165870667,0.9723965525627136,7.39315938949585,65.3285903930664,0.009440337307751179,0.0033443355932831764,0.0,4.375,0.0416666679084301,304.04168701171875
No action rate,p6vbd18i,2026-07-17_17-50-34_05_04_gmr_no_action_rate_seed_42_iter_1000_20260717T143245Z,38,0.5605464373528958,13.62,1.0255907773971558,0.08610551059246063,0.24269527196884155,0.08985953032970428,0.5836694240570068,0.9672836065292358,7.358306884765625,65.51082611083984,0.009326606057584286,0.002534019760787487,0.0,4.625,0.0,294.0833435058594
No action rate,p6vbd18i,2026-07-17_17-50-34_05_04_gmr_no_action_rate_seed_42_iter_1000_20260717T143245Z,39,0.5893724973499775,14.55,1.025600552558899,0.08856408298015594,0.2442913055419922,0.09076996892690659,0.5866358280181885,0.9624735713005066,7.3016791343688965,65.5183334350586,0.010126064531505108,0.0030156648717820644,0.0,4.375,0.0833333358168602,283.91668701171875
No action rate,p6vbd18i,2026-07-17_17-50-34_05_04_gmr_no_action_rate_seed_42_iter_1000_20260717T143245Z,40,0.5624258575588464,13.72,1.0255600214004517,0.09015856683254242,0.2483697235584259,0.091332346200943,0.5891465544700623,0.9591137766838074,7.27215576171875,65.78511047363281,0.01071861945092678,0.003161565400660038,0.0,3.6666667461395264,0.0416666679084301,271.04168701171875
No action rate,p6vbd18i,2026-07-17_17-50-34_05_04_gmr_no_action_rate_seed_42_iter_1000_20260717T143245Z,41,0.6412860117293895,15.96,1.02554452419281,0.09309568256139755,0.2530270516872406,0.09237654507160187,0.5939788818359375,0.9545774459838867,7.241196632385254,65.8989028930664,0.010644576512277126,0.0029698058497160673,0.0,3.8333334922790527,0.0833333358168602,264.0833435058594
No action rate,p6vbd18i,2026-07-17_17-50-34_05_04_gmr_no_action_rate_seed_42_iter_1000_20260717T143245Z,42,0.6535560761392116,16.75,1.0255169868469238,0.0958230048418045,0.2564166486263275,0.09373258799314499,0.5986557602882385,0.9517213702201843,7.20504903793335,65.92369079589844,0.011147460900247097,0.0028291724156588316,0.0,5.375,0.125,249.6666717529297
No action rate,p6vbd18i,2026-07-17_17-50-34_05_04_gmr_no_action_rate_seed_42_iter_1000_20260717T143245Z,43,0.6934079213812947,17.16,1.025506615638733,0.09805446118116379,0.2621006965637207,0.09482023119926453,0.601780354976654,0.9508891105651855,7.17466926574707,66.04705047607422,0.011620840057730675,0.0032569016329944134,0.0,6.0,0.0416666679084301,242.6666717529297
No action rate,p6vbd18i,2026-07-17_17-50-34_05_04_gmr_no_action_rate_seed_42_iter_1000_20260717T143245Z,44,0.6637857273221016,17.32,1.0255078077316284,0.10107874125242233,0.2652696371078491,0.09607969224452972,0.6089044809341431,0.9487807750701904,7.159731864929199,66.20137786865234,0.012107099406421185,0.004029671661555767,0.0,5.9166669845581055,0.0416666679084301,231.2916717529297
No action rate,p6vbd18i,2026-07-17_17-50-34_05_04_gmr_no_action_rate_seed_42_iter_1000_20260717T143245Z,45,0.7186723336577415,18.55,1.025511622428894,0.10593046247959137,0.2685573101043701,0.09762115776538849,0.610265851020813,0.9558267593383789,7.138963222503662,66.22767639160156,0.013132037594914436,0.0031120609492063522,0.0,5.875,0.0,221.83334350585938
No action rate,p6vbd18i,2026-07-17_17-50-34_05_04_gmr_no_action_rate_seed_42_iter_1000_20260717T143245Z,46,0.7270727761089801,19.09,1.0255793333053589,0.10902440547943115,0.2742191553115845,0.09954231977462769,0.6179245710372925,0.9564735293388367,7.131062984466553,66.22586059570312,0.013208596035838127,0.0024102216120809317,0.0,8.708333969116211,0.125,211.5
No action rate,p6vbd18i,2026-07-17_17-50-34_05_04_gmr_no_action_rate_seed_42_iter_1000_20260717T143245Z,47,0.7804355858266354,20.28,1.025601863861084,0.1130833774805069,0.2762773036956787,0.1005794033408165,0.6198047399520874,0.9560942649841309,7.089926719665527,66.36941528320312,0.014686468057334423,0.004010263830423355,0.0,8.041666984558105,0.0833333358168602,204.125
No action rate,p6vbd18i,2026-07-17_17-50-34_05_04_gmr_no_action_rate_seed_42_iter_1000_20260717T143245Z,48,0.7485400205850601,19.81,1.0256026983261108,0.11353543400764465,0.2783368229866028,0.1005757600069046,0.6171914935112,0.9527373313903809,7.07968282699585,66.43772888183594,0.014386767521500587,0.0034618484787642956,0.0,8.291666984558105,0.0416666679084301,200.125
No action rate,p6vbd18i,2026-07-17_17-50-34_05_04_gmr_no_action_rate_seed_42_iter_1000_20260717T143245Z,49,0.7318162427842617,20.35,1.0256147384643555,0.11687566339969635,0.28116828203201294,0.10283403098583221,0.6260710954666138,0.9622341990470886,7.10748815536499,66.50250244140625,0.015453387051820755,0.00355316954664886,0.0,10.666666984558105,0.0,192.9166717529297
No action rate,p6vbd18i,2026-07-17_17-50-34_05_04_gmr_no_action_rate_seed_42_iter_1000_20260717T143245Z,50,0.7845920565724372,21.28,1.0255414247512817,0.12162047624588013,0.29003188014030457,0.10458117723464966,0.6285034418106079,0.9690110087394714,7.089291572570801,66.46495056152344,0.015834206715226173,0.0029401429928839207,0.0,10.375,0.0833333358168602,189.375
No action rate,p6vbd18i,2026-07-17_17-50-34_05_04_gmr_no_action_rate_seed_42_iter_1000_20260717T143245Z,51,0.8428365716338158,23.52,1.0252845287322998,0.12444394826889038,0.2891277074813843,0.10571783781051636,0.6343615651130676,0.970725417137146,7.100556373596191,66.51808166503906,0.016371751204133034,0.003245909232646227,0.0,11.583333969116211,0.0416666679084301,177.1666717529297
No action rate,p6vbd18i,2026-07-17_17-50-34_05_04_gmr_no_action_rate_seed_42_iter_1000_20260717T143245Z,52,0.9090058851242065,24.93,1.024685025215149,0.1293971836566925,0.29137900471687317,0.10725729167461395,0.6385626792907715,0.9740527868270874,7.067890167236328,66.99073791503906,0.017585493624210358,0.003116070292890072,0.0,12.625,0.0416666679084301,172.375
No action rate,p6vbd18i,2026-07-17_17-50-34_05_04_gmr_no_action_rate_seed_42_iter_1000_20260717T143245Z,53,0.7933300641179085,22.77,1.0246570110321045,0.13172686100006104,0.2950030565261841,0.10869856923818588,0.6455486416816711,0.9773370027542114,7.076851844787598,66.94102478027344,0.016204018145799637,0.0038149000611156225,0.0,13.583333969116211,0.0,165.9166717529297
No action rate,p6vbd18i,2026-07-17_17-50-34_05_04_gmr_no_action_rate_seed_42_iter_1000_20260717T143245Z,54,0.8471967828273773,23.08,1.023819088935852,0.13477244973182678,0.2913072109222412,0.10904920101165771,0.6405847072601318,0.9739235639572144,7.034869194030762,67.3318099975586,0.015991754829883575,0.0024514561519026756,0.0,13.083333969116211,0.0416666679084301,165.0416717529297
No action rate,p6vbd18i,2026-07-17_17-50-34_05_04_gmr_no_action_rate_seed_42_iter_1000_20260717T143245Z,55,0.8532253304123878,23.19,1.0233932733535767,0.13486185669898987,0.29091206192970276,0.10984458774328232,0.6462557315826416,0.97557133436203,7.028153896331787,67.54607391357422,0.014013203792273998,0.002467624843120575,0.0,13.208333969116211,0.0,158.4166717529297
No action rate,p6vbd18i,2026-07-17_17-50-34_05_04_gmr_no_action_rate_seed_42_iter_1000_20260717T143245Z,56,0.8584462278336287,23.6,1.0226492881774902,0.1388588547706604,0.2916077971458435,0.1107674390077591,0.6531771421432495,0.9807147979736328,7.056354522705078,67.70903015136719,0.013613726943731308,0.0022577401250600815,0.0,14.416666984558105,0.0,151.95834350585938
No action rate,p6vbd18i,2026-07-17_17-50-34_05_04_gmr_no_action_rate_seed_42_iter_1000_20260717T143245Z,57,0.9017570008337498,26.52,1.0222675800323486,0.14497487246990204,0.2936730980873108,0.11295726150274277,0.6575618386268616,0.9844662547111511,6.99826717376709,67.63652801513672,0.013896418735384941,0.002739944029599428,0.0,16.041667938232422,0.0,148.58334350585938
No action rate,p6vbd18i,2026-07-17_17-50-34_05_04_gmr_no_action_rate_seed_42_iter_1000_20260717T143245Z,58,0.9597516971826553,26.09,1.0223784446716309,0.14532366394996643,0.29547399282455444,0.1131330356001854,0.6603169441223145,0.9884244799613953,7.018945693969727,67.70489501953125,0.012661196291446686,0.0017247421201318502,0.0,15.416666984558105,0.0416666679084301,144.7916717529297
No action rate,p6vbd18i,2026-07-17_17-50-34_05_04_gmr_no_action_rate_seed_42_iter_1000_20260717T143245Z,59,0.9235954904556274,24.77,1.0224117040634155,0.14592038094997406,0.2916889786720276,0.11262683570384979,0.6552562713623047,0.9755420684814453,6.948007106781006,68.09304809570312,0.010821841657161713,0.0021757385693490505,0.0,13.541666984558105,0.0,148.33334350585938
No action rate,p6vbd18i,2026-07-17_17-50-34_05_04_gmr_no_action_rate_seed_42_iter_1000_20260717T143245Z,60,1.0239419358968735,27.59,1.022373080253601,0.14607077836990356,0.29265186190605164,0.1126415953040123,0.6613794565200806,0.978767991065979,6.987837791442871,68.31731414794922,0.0100784907117486,0.0022395120467990637,0.0,13.666666984558105,0.0,143.0
No action rate,p6vbd18i,2026-07-17_17-50-34_05_04_gmr_no_action_rate_seed_42_iter_1000_20260717T143245Z,61,1.0233558690547944,27.15,1.0228962898254395,0.1462458372116089,0.28780317306518555,0.11204558610916138,0.6612644195556641,0.9696614146232605,6.941689968109131,68.68290710449219,0.009001882746815681,0.0019743943121284246,0.0,11.916666984558105,0.0,143.45834350585938
No action rate,p6vbd18i,2026-07-17_17-50-34_05_04_gmr_no_action_rate_seed_42_iter_1000_20260717T143245Z,62,1.0401013994216919,28.61,1.0227757692337036,0.14745508134365082,0.2878764271736145,0.1128435730934143,0.6638919711112976,0.9742829203605652,6.96728515625,68.76800537109375,0.00842723622918129,0.0021156782750040293,0.0,13.083333969116211,0.0,140.125
No action rate,p6vbd18i,2026-07-17_17-50-34_05_04_gmr_no_action_rate_seed_42_iter_1000_20260717T143245Z,63,0.9746589039266109,27.44,1.0230939388275146,0.15118847787380219,0.28986310958862305,0.1133512556552887,0.6670505404472351,0.9726672172546387,6.946375846862793,69.11505126953125,0.008099250495433807,0.002909647999331355,0.0,13.833333969116211,0.0833333358168602,140.58334350585938
No action rate,p6vbd18i,2026-07-17_17-50-34_05_04_gmr_no_action_rate_seed_42_iter_1000_20260717T143245Z,64,1.0229213047027588,28.27,1.0227981805801392,0.15447022020816803,0.28945624828338623,0.11506924033164978,0.6746689081192017,0.9789767265319824,6.931090831756592,69.11593627929688,0.007867510430514812,0.002636989112943411,0.0,14.166666984558105,0.0,130.6666717529297
No action rate,p6vbd18i,2026-07-17_17-50-34_05_04_gmr_no_action_rate_seed_42_iter_1000_20260717T143245Z,65,1.1394174918532372,31.05,1.0225002765655518,0.15827576816082,0.29208099842071533,0.1157105565071106,0.6730747222900391,0.9836922883987427,6.9182634353637695,69.49446105957031,0.007997211068868637,0.0016757890116423368,0.0,14.25,0.0,130.0416717529297
No action rate,p6vbd18i,2026-07-17_17-50-34_05_04_gmr_no_action_rate_seed_42_iter_1000_20260717T143245Z,66,1.0212184380739928,28.05,1.0231797695159912,0.1558806598186493,0.28473204374313354,0.11484065651893616,0.6754508018493652,0.9812160730361938,6.956057548522949,69.70134735107422,0.007736563682556152,0.0020255357958376408,0.0,13.625,0.0,135.875
No action rate,p6vbd18i,2026-07-17_17-50-34_05_04_gmr_no_action_rate_seed_42_iter_1000_20260717T143245Z,67,1.1519886964559556,30.17,1.0237634181976318,0.15954408049583435,0.28803253173828125,0.11581333726644516,0.6755419969558716,0.97972571849823,6.868646144866943,69.98008728027344,0.007002079859375954,0.002357158111408353,0.0,15.375,0.0,127.125
No action rate,p6vbd18i,2026-07-17_17-50-34_05_04_gmr_no_action_rate_seed_42_iter_1000_20260717T143245Z,68,1.1234339952468873,29.67,1.023628830909729,0.1577814221382141,0.29019859433174133,0.11641061305999756,0.6832981109619141,0.9797269701957703,6.928619384765625,70.23768615722656,0.0067844083532691,0.0015106586506590247,0.0,14.125,0.0416666679084301,129.25
No action rate,p6vbd18i,2026-07-17_17-50-34_05_04_gmr_no_action_rate_seed_42_iter_1000_20260717T143245Z,69,1.1772758430615067,32.23,1.023237705230713,0.1614498496055603,0.2869909703731537,0.11568360030651093,0.6820122003555298,0.9808504581451416,6.895558834075928,70.60018920898438,0.006474996916949749,0.0027493704110383987,0.0,16.08333396911621,0.0,125.29167175292969
No action rate,p6vbd18i,2026-07-17_17-50-34_05_04_gmr_no_action_rate_seed_42_iter_1000_20260717T143245Z,70,1.232718107700348,32.94,1.0229042768478394,0.1640585958957672,0.28682902455329895,0.11654816567897797,0.6801904439926147,0.9800260066986084,6.856316566467285,70.86198425292969,0.00611706031486392,0.0021055294200778008,0.0,15.0,0.0,126.04167175292969
No action rate,p6vbd18i,2026-07-17_17-50-34_05_04_gmr_no_action_rate_seed_42_iter_1000_20260717T143245Z,71,1.0667843042314054,29.24,1.023184061050415,0.1648414582014084,0.28523167967796326,0.11668088287115097,0.6797151565551758,0.9803608655929565,6.864706039428711,70.87127685546875,0.00576758524402976,0.00187113624997437,0.0,17.33333396911621,0.0,124.29167175292969
No action rate,p6vbd18i,2026-07-17_17-50-34_05_04_gmr_no_action_rate_seed_42_iter_1000_20260717T143245Z,72,1.1910901944339276,31.25,1.0233536958694458,0.1636349856853485,0.28255146741867065,0.11639177799224854,0.683517336845398,0.977759063243866,6.876407146453857,70.83059692382812,0.005393034778535366,0.0016429697861894965,0.0,16.0,0.0,124.125
No action rate,p6vbd18i,2026-07-17_17-50-34_05_04_gmr_no_action_rate_seed_42_iter_1000_20260717T143245Z,73,1.1232450491189956,30.73,1.0237282514572144,0.1649777740240097,0.28414687514305115,0.11737950146198273,0.6873356103897095,0.9844164252281189,6.898886680603027,71.25545501708984,0.00540957972407341,0.001675838022492826,0.0,15.583333969116211,0.0,120.0
No action rate,p6vbd18i,2026-07-17_17-50-34_05_04_gmr_no_action_rate_seed_42_iter_1000_20260717T143245Z,74,1.0738560390472411,28.95,1.0240330696105957,0.16620779037475586,0.2843894958496094,0.11752774566411972,0.6867334246635437,0.9754770994186401,6.843293190002441,71.54539489746094,0.005084773525595665,0.0019045680528506637,0.0,15.416666984558105,0.0,123.79167175292969
No action rate,p6vbd18i,2026-07-17_17-50-34_05_04_gmr_no_action_rate_seed_42_iter_1000_20260717T143245Z,75,1.206668409407139,32.66,1.0236732959747314,0.16659173369407654,0.2780598998069763,0.11737843602895737,0.692251443862915,0.9783591032028198,6.8510284423828125,71.57615661621094,0.004922607447952032,0.002190584084019065,0.0,15.375,0.0,120.08333587646484
No action rate,p6vbd18i,2026-07-17_17-50-34_05_04_gmr_no_action_rate_seed_42_iter_1000_20260717T143245Z,76,1.1529038426280023,29.88,1.0231400728225708,0.16763493418693542,0.28052031993865967,0.11732318252325058,0.696117103099823,0.9806167483329773,6.87357234954834,71.98363494873047,0.004903549328446388,0.0017131961649283767,0.0,14.666666984558105,0.0,119.33333587646484
No action rate,p6vbd18i,2026-07-17_17-50-34_05_04_gmr_no_action_rate_seed_42_iter_1000_20260717T143245Z,77,1.1373610138893127,30.34,1.0237284898757935,0.17028990387916565,0.277627170085907,0.11761113256216049,0.6910419464111328,0.981170654296875,6.821578025817871,72.0504150390625,0.004998062737286091,0.002061988692730665,0.0,15.875,0.0416666679084301,119.33333587646484
No action rate,p6vbd18i,2026-07-17_17-50-34_05_04_gmr_no_action_rate_seed_42_iter_1000_20260717T143245Z,78,1.1626147820800543,31.74,1.0241785049438477,0.17365007102489471,0.28285905718803406,0.119254469871521,0.6953438520431519,0.9851905703544617,6.827807426452637,72.26765441894531,0.004547279328107834,0.002493572887033224,0.0,18.20833396911621,0.0416666679084301,115.83333587646484
No action rate,p6vbd18i,2026-07-17_17-50-34_05_04_gmr_no_action_rate_seed_42_iter_1000_20260717T143245Z,79,1.2088725274801255,31.99,1.0238856077194214,0.17337219417095184,0.27579745650291443,0.11872625350952148,0.6904191970825195,0.9818530082702637,6.801570892333984,72.7150650024414,0.004856628831475973,0.0014827174600213766,0.0,18.0,0.0,117.20833587646484
No action rate,p6vbd18i,2026-07-17_17-50-34_05_04_gmr_no_action_rate_seed_42_iter_1000_20260717T143245Z,80,1.2266993550956249,32.63,1.0243136882781982,0.1725810021162033,0.2762342095375061,0.11802428960800171,0.6898941993713379,0.974687933921814,6.7941999435424805,72.88841247558594,0.004282455425709486,0.0019682091660797596,0.0,16.0,0.0,116.54167175292969
No action rate,p6vbd18i,2026-07-17_17-50-34_05_04_gmr_no_action_rate_seed_42_iter_1000_20260717T143245Z,81,1.243844822347164,32.99,1.0245537757873535,0.17304126918315887,0.2759852707386017,0.11918042600154877,0.6976163387298584,0.9821151494979858,6.812829494476318,72.97718811035156,0.004395243711769581,0.0024322248063981533,0.0,19.0,0.0,115.70833587646484
No action rate,p6vbd18i,2026-07-17_17-50-34_05_04_gmr_no_action_rate_seed_42_iter_1000_20260717T143245Z,82,1.1648380377888679,32.34,1.0248892307281494,0.17695561051368713,0.2762383222579956,0.11945056170225143,0.6936161518096924,0.9820365905761719,6.7798967361450195,73.17433166503906,0.0045356424525380135,0.002181770745664835,0.0,19.041667938232422,0.0416666679084301,114.29167175292969
No action rate,p6vbd18i,2026-07-17_17-50-34_05_04_gmr_no_action_rate_seed_42_iter_1000_20260717T143245Z,83,1.1711346216127276,32.25,1.0253177881240845,0.17663685977458954,0.2780052125453949,0.11953644454479218,0.6966995596885681,0.9799720644950867,6.782320976257324,73.4529037475586,0.004282237496227026,0.0019521750509738922,0.0,18.125,0.0,112.91667175292969
No action rate,p6vbd18i,2026-07-17_17-50-34_05_04_gmr_no_action_rate_seed_42_iter_1000_20260717T143245Z,84,1.2225121945142745,32.03,1.0248688459396362,0.1749819964170456,0.2732114791870117,0.11898752301931381,0.6958004832267761,0.9787756204605103,6.792786598205566,73.67955780029297,0.004301535896956921,0.0018120906315743923,0.0,19.08333396911621,0.0,110.95833587646484
No action rate,p6vbd18i,2026-07-17_17-50-34_05_04_gmr_no_action_rate_seed_42_iter_1000_20260717T143245Z,85,1.2187423720955848,32.43,1.0243136882781982,0.17964109778404236,0.274613618850708,0.11986055225133896,0.6959689855575562,0.9801053404808044,6.771815299987793,73.73180389404297,0.004380283411592245,0.0022638444788753986,0.0,20.5,0.0,109.95833587646484
No action rate,p6vbd18i,2026-07-17_17-50-34_05_04_gmr_no_action_rate_seed_42_iter_1000_20260717T143245Z,86,1.3593393445014954,35.72,1.023537516593933,0.18038754165172577,0.2722629904747009,0.1199621856212616,0.6986393332481384,0.9811697006225586,6.7480902671813965,73.78439331054688,0.004225065000355244,0.0017032271716743708,0.0,19.75,0.0,110.0
No action rate,p6vbd18i,2026-07-17_17-50-34_05_04_gmr_no_action_rate_seed_42_iter_1000_20260717T143245Z,87,1.356070701032877,35.46,1.0239503383636475,0.17944049835205078,0.2706572413444519,0.11895260214805603,0.6922429800033569,0.9778510928153992,6.723945140838623,74.32707214355469,0.004026708658784628,0.0018280440708622336,0.0,18.08333396911621,0.0,111.29167175292969
No action rate,p6vbd18i,2026-07-17_17-50-34_05_04_gmr_no_action_rate_seed_42_iter_1000_20260717T143245Z,88,1.3792527210712433,35.9,1.024483561515808,0.17901186645030975,0.27178508043289185,0.11970581114292145,0.6964044570922852,0.9796847105026245,6.751136779785156,74.25971984863281,0.0039032804779708385,0.0017834189347922802,0.0,19.45833396911621,0.0,108.58333587646484
No action rate,p6vbd18i,2026-07-17_17-50-34_05_04_gmr_no_action_rate_seed_42_iter_1000_20260717T143245Z,89,1.3136200791597366,34.49,1.0248922109603882,0.18158499896526337,0.26904579997062683,0.11981451511383057,0.6977866888046265,0.9753844141960144,6.716738700866699,74.3525619506836,0.0037139232736080885,0.0016277048271149397,0.0,19.916667938232422,0.0,107.875
No action rate,p6vbd18i,2026-07-17_17-50-34_05_04_gmr_no_action_rate_seed_42_iter_1000_20260717T143245Z,90,1.345681691467762,34.79,1.025201678276062,0.18204711377620697,0.26779526472091675,0.11910896003246307,0.6988152265548706,0.9752218127250671,6.730290412902832,74.60684204101562,0.0037520024925470352,0.0007476794999092817,0.0,19.58333396911621,0.0,107.70833587646484
No action rate,p6vbd18i,2026-07-17_17-50-34_05_04_gmr_no_action_rate_seed_42_iter_1000_20260717T143245Z,91,1.3821526166796685,35.59,1.0257004499435425,0.1834799349308014,0.27200111746788025,0.11966884136199951,0.7001716494560242,0.9793146848678589,6.719232559204102,74.8467025756836,0.003576576244086027,0.0017797236796468496,0.0,20.375,0.0,109.54167175292969
No action rate,p6vbd18i,2026-07-17_17-50-34_05_04_gmr_no_action_rate_seed_42_iter_1000_20260717T143245Z,92,1.2434458328783513,34.45,1.026173710823059,0.18323341012001038,0.26679056882858276,0.12049844115972519,0.7012316584587097,0.9834718704223633,6.734637260437012,74.9532699584961,0.0037041418254375458,0.00181418692227453,0.0,20.166667938232422,0.0,106.41667175292969
No action rate,p6vbd18i,2026-07-17_17-50-34_05_04_gmr_no_action_rate_seed_42_iter_1000_20260717T143245Z,93,1.353049156665802,34.72,1.026331901550293,0.18492001295089722,0.26584887504577637,0.12043873965740204,0.701796293258667,0.985219419002533,6.729622840881348,75.18907928466797,0.003967556171119213,0.0016347942873835564,0.0,21.0,0.0,104.16667175292969
No action rate,p6vbd18i,2026-07-17_17-50-34_05_04_gmr_no_action_rate_seed_42_iter_1000_20260717T143245Z,94,1.2868823516368866,34.43,1.0266966819763184,0.18856394290924072,0.2674661874771118,0.12017236649990082,0.6997634768486023,0.9851674437522888,6.701549530029297,75.40390014648438,0.003720042062923312,0.0022343858145177364,0.0,19.916667938232422,0.0,105.20833587646484
No action rate,p6vbd18i,2026-07-17_17-50-34_05_04_gmr_no_action_rate_seed_42_iter_1000_20260717T143245Z,95,1.2475788789987563,33.26,1.0277884006500244,0.18907353281974792,0.26333650946617126,0.12030243873596191,0.7006041407585144,0.9838773608207703,6.704531669616699,75.77247619628906,0.003539822995662689,0.0019256448140367866,0.0,19.625,0.0,104.33333587646484
No action rate,p6vbd18i,2026-07-17_17-50-34_05_04_gmr_no_action_rate_seed_42_iter_1000_20260717T143245Z,96,1.3174923794716598,34.65,1.0281274318695068,0.1921224445104599,0.2671157717704773,0.12093155086040497,0.6991903185844421,0.9867628812789917,6.6751203536987305,76.25238037109375,0.0035577560774981976,0.0012496339622884989,0.0,21.5,0.0,102.33333587646484
No action rate,p6vbd18i,2026-07-17_17-50-34_05_04_gmr_no_action_rate_seed_42_iter_1000_20260717T143245Z,97,1.3668810883164406,36.68,1.0287288427352905,0.18998757004737854,0.2643028497695923,0.12092037498950958,0.7080991268157959,0.9905228614807129,6.72509765625,76.33270263671875,0.003462716704234481,0.0017944741994142532,0.0,22.08333396911621,0.0,102.04167175292969
No action rate,p6vbd18i,2026-07-17_17-50-34_05_04_gmr_no_action_rate_seed_42_iter_1000_20260717T143245Z,98,1.4304392176866532,36.92,1.0295430421829224,0.19174771010875702,0.26085415482521057,0.12055523693561554,0.7013500928878784,0.9844443202018738,6.68243932723999,76.4912109375,0.0034126359969377518,0.0013403588673099875,0.0,22.541667938232422,0.0,102.20833587646484
No action rate,p6vbd18i,2026-07-17_17-50-34_05_04_gmr_no_action_rate_seed_42_iter_1000_20260717T143245Z,99,1.3473229607194661,36.04,1.0295171737670898,0.1914350837469101,0.2580665051937103,0.12048326432704926,0.7040317058563232,0.9891486167907715,6.7053046226501465,76.93220520019531,0.0032985988073050976,0.001534158131107688,0.0,22.58333396911621,0.0,100.41667175292969
No action rate,p6vbd18i,2026-07-17_17-50-34_05_04_gmr_no_action_rate_seed_42_iter_1000_20260717T143245Z,100,1.3443847474455835,35.91,1.0296825170516968,0.1931277960538864,0.26099854707717896,0.11988763511180878,0.7038688659667969,0.9868428111076355,6.690694332122803,77.1219253540039,0.0032284921035170555,0.0014876867644488811,0.0,22.5,0.0,99.41667175292969
No action rate,p6vbd18i,2026-07-17_17-50-34_05_04_gmr_no_action_rate_seed_42_iter_1000_20260717T143245Z,101,1.356962364912033,35.97,1.0302455425262451,0.1929309219121933,0.2591902017593384,0.12074389308691025,0.7083956599235535,0.9906529784202576,6.704310417175293,77.20321655273438,0.003250808222219348,0.002926700748503208,0.0,22.20833396911621,0.0,101.0
No action rate,p6vbd18i,2026-07-17_17-50-34_05_04_gmr_no_action_rate_seed_42_iter_1000_20260717T143245Z,102,1.366752681285143,36.03,1.0302402973175049,0.19301103055477142,0.26279008388519287,0.11998230218887329,0.7038223743438721,0.9833238124847412,6.6876654624938965,77.5721435546875,0.003147813258692622,0.0014832078013569117,0.0,22.33333396911621,0.0,98.20833587646484
No action rate,p6vbd18i,2026-07-17_17-50-34_05_04_gmr_no_action_rate_seed_42_iter_1000_20260717T143245Z,103,1.3782570293545724,36.09,1.0310344696044922,0.196374773979187,0.25724199414253235,0.12050667405128479,0.6990141868591309,0.9859637022018433,6.648250579833984,77.76033020019531,0.0030846409499645233,0.0018185959197580814,0.0,22.166667938232422,0.0,97.08333587646484
No action rate,p6vbd18i,2026-07-17_17-50-34_05_04_gmr_no_action_rate_seed_42_iter_1000_20260717T143245Z,104,1.444778826534748,37.68,1.031266689300537,0.1944405734539032,0.25980785489082336,0.12020795047283173,0.7027877569198608,0.9853223562240601,6.674374580383301,77.99120330810547,0.0031673419289290905,0.0023224190808832645,0.0,20.95833396911621,0.0,98.04167175292969
No action rate,p6vbd18i,2026-07-17_17-50-34_05_04_gmr_no_action_rate_seed_42_iter_1000_20260717T143245Z,105,1.4594460123777389,38.18,1.0315629243850708,0.1976325958967209,0.2567037343978882,0.12013335525989532,0.7040201425552368,0.9858108758926392,6.668384075164795,78.41600799560547,0.002901668194681406,0.0012139384634792805,0.0,23.875,0.0,100.16667175292969
No action rate,p6vbd18i,2026-07-17_17-50-34_05_04_gmr_no_action_rate_seed_42_iter_1000_20260717T143245Z,106,1.4066794453561307,36.79,1.0319575071334839,0.19490015506744385,0.26049959659576416,0.12050995230674744,0.707922637462616,0.9915458559989929,6.683846950531006,78.58003997802734,0.002978069242089987,0.0010922629153355956,0.0,22.166667938232422,0.0,96.75
No action rate,p6vbd18i,2026-07-17_17-50-34_05_04_gmr_no_action_rate_seed_42_iter_1000_20260717T143245Z,107,1.3945443868637084,36.39,1.032301902770996,0.1976167857646942,0.26331183314323425,0.12076057493686676,0.7097270488739014,0.9942754507064819,6.708024978637695,78.8917236328125,0.0028155832551419735,0.0016058062901720405,0.0,23.166667938232422,0.0,93.5
No action rate,p6vbd18i,2026-07-17_17-50-34_05_04_gmr_no_action_rate_seed_42_iter_1000_20260717T143245Z,108,1.4765347480773925,38.14,1.0322247743606567,0.196699321269989,0.2580340504646301,0.12050686776638031,0.7005876302719116,0.9851149320602417,6.666292190551758,79.13223266601562,0.0029494832269847393,0.0014076265506446362,0.0,25.45833396911621,0.0,98.33333587646484
No action rate,p6vbd18i,2026-07-17_17-50-34_05_04_gmr_no_action_rate_seed_42_iter_1000_20260717T143245Z,109,1.4799181754887103,39.56,1.0328419208526611,0.19801931083202362,0.25856077671051025,0.12074779719114304,0.704067587852478,0.9919571280479431,6.687560558319092,79.20967864990234,0.002787928096950054,0.0023121589329093695,0.0,23.125,0.0416666679084301,94.75
No action rate,p6vbd18i,2026-07-17_17-50-34_05_04_gmr_no_action_rate_seed_42_iter_1000_20260717T143245Z,110,1.5282145965099334,39.21,1.0337456464767456,0.19948053359985352,0.25617414712905884,0.1209741085767746,0.6987719535827637,0.9914964437484741,6.653674125671387,79.53987121582031,0.002957558259367943,0.000892124604433775,0.0,26.08333396911621,0.0,94.95833587646484
No action rate,p6vbd18i,2026-07-17_17-50-34_05_04_gmr_no_action_rate_seed_42_iter_1000_20260717T143245Z,111,1.4886804643273353,39.23,1.033930778503418,0.20157071948051453,0.2583947479724884,0.1203116625547409,0.7061404585838318,0.9999898672103882,6.702986717224121,79.62989807128906,0.003020703559741378,0.0010720656719058752,0.0,25.75,0.0,92.75
No action rate,p6vbd18i,2026-07-17_17-50-34_05_04_gmr_no_action_rate_seed_42_iter_1000_20260717T143245Z,112,1.4225756937265397,37.35,1.0340181589126587,0.2017120122909546,0.2566906213760376,0.12032575905323029,0.7000972032546997,0.992233395576477,6.671821117401123,79.94851684570312,0.003052216488867998,0.0013646753504872322,0.0,24.791667938232422,0.0,92.33333587646484
No action rate,p6vbd18i,2026-07-17_17-50-34_05_04_gmr_no_action_rate_seed_42_iter_1000_20260717T143245Z,113,1.4592421212792397,38.49,1.033898949623108,0.2019180953502655,0.2554793655872345,0.1204412430524826,0.6962581872940063,0.9925698041915894,6.651536464691162,80.22294616699219,0.0028878941666334867,0.0010811049723997712,0.0,25.45833396911621,0.0,94.70833587646484
No action rate,p6vbd18i,2026-07-17_17-50-34_05_04_gmr_no_action_rate_seed_42_iter_1000_20260717T143245Z,114,1.4591127192974092,37.81,1.0343233346939087,0.20209583640098572,0.254891961812973,0.12068188190460205,0.692959189414978,0.9926337599754333,6.648929595947266,80.31318664550781,0.0028372127562761307,0.0012944831978529692,0.0,24.916667938232422,0.0,91.25
No action rate,p6vbd18i,2026-07-17_17-50-34_05_04_gmr_no_action_rate_seed_42_iter_1000_20260717T143245Z,115,1.4074184688925744,37.15,1.0341862440109253,0.2013237476348877,0.2548251748085022,0.12083494663238525,0.6977043151855469,0.996513843536377,6.667603492736816,80.614990234375,0.0028501206543296576,0.0012432924704626203,0.0,25.916667938232422,0.0,93.25
No action rate,p6vbd18i,2026-07-17_17-50-34_05_04_gmr_no_action_rate_seed_42_iter_1000_20260717T143245Z,116,1.508157683312893,39.35,1.034675121307373,0.20338772237300873,0.2550041675567627,0.12076497077941895,0.7000983953475952,1.0016419887542725,6.682456970214844,80.54423522949219,0.002931577619165182,0.0015253075398504734,0.0,24.58333396911621,0.0,90.45833587646484
No action rate,p6vbd18i,2026-07-17_17-50-34_05_04_gmr_no_action_rate_seed_42_iter_1000_20260717T143245Z,117,1.3500670382380486,37.16,1.0352702140808105,0.20441663265228271,0.2519667148590088,0.12068819999694824,0.6900402307510376,0.9949626326560974,6.641083717346191,80.90667724609375,0.002727578394114971,0.0013602683320641518,0.0,25.45833396911621,0.0,91.04167175292969
No action rate,p6vbd18i,2026-07-17_17-50-34_05_04_gmr_no_action_rate_seed_42_iter_1000_20260717T143245Z,118,1.6207017369568348,41.76,1.035080909729004,0.20609305799007416,0.2527724504470825,0.12126131355762482,0.6988153457641602,1.0021376609802246,6.665904998779297,80.91767883300781,0.0027895167004317045,0.0011890571331605315,0.0,25.45833396911621,0.0416666679084301,90.0
No action rate,p6vbd18i,2026-07-17_17-50-34_05_04_gmr_no_action_rate_seed_42_iter_1000_20260717T143245Z,119,1.6605716812610627,42.68,1.0348035097122192,0.20678797364234924,0.2501300573348999,0.1207045167684555,0.6926852464675903,0.997645378112793,6.6506805419921875,81.3453369140625,0.0027164591010659933,0.0013102249940857291,0.0,25.0,0.0,88.33333587646484
No action rate,p6vbd18i,2026-07-17_17-50-34_05_04_gmr_no_action_rate_seed_42_iter_1000_20260717T143245Z,120,1.5834111332893372,40.11,1.036026120185852,0.20429310202598572,0.2511276602745056,0.12051022052764893,0.6969937682151794,0.9948543906211853,6.666134834289551,81.4370346069336,0.0027704150415956974,0.0013192815240472555,0.0,26.291667938232422,0.0,94.08333587646484
No action rate,p6vbd18i,2026-07-17_17-50-34_05_04_gmr_no_action_rate_seed_42_iter_1000_20260717T143245Z,121,1.5589329136162997,40.13,1.036798119544983,0.20599758625030518,0.25003981590270996,0.11983548849821091,0.6950953006744385,0.9958633184432983,6.6513872146606445,81.71467590332031,0.002825321163982153,0.0018395179649814963,0.0,25.95833396911621,0.0,88.58333587646484
No action rate,p6vbd18i,2026-07-17_17-50-34_05_04_gmr_no_action_rate_seed_42_iter_1000_20260717T143245Z,122,1.5459205001592635,40.72,1.0369585752487183,0.20718273520469666,0.24789610505104065,0.11999981105327606,0.6977189779281616,0.9979507923126221,6.645571708679199,82.13432312011719,0.002793615683913231,0.0012044374598190188,0.0,25.58333396911621,0.0,87.08333587646484
No action rate,p6vbd18i,2026-07-17_17-50-34_05_04_gmr_no_action_rate_seed_42_iter_1000_20260717T143245Z,123,1.5107766808755696,38.99,1.0368070602416992,0.20624271035194397,0.2524969279766083,0.12030341476202011,0.6959700584411621,0.9959205389022827,6.657739639282227,82.46846771240234,0.0028533819131553173,0.001229448476806283,0.0,25.25,0.0,91.16667175292969
No action rate,p6vbd18i,2026-07-17_17-50-34_05_04_gmr_no_action_rate_seed_42_iter_1000_20260717T143245Z,124,1.4503752079606056,37.73,1.0371161699295044,0.20470070838928223,0.24928805232048035,0.1209476888179779,0.7008513808250427,0.998212993144989,6.670214653015137,82.51776123046875,0.002768187317997217,0.0007617073133587837,0.0,26.416667938232422,0.0,88.83333587646484
No action rate,p6vbd18i,2026-07-17_17-50-34_05_04_gmr_no_action_rate_seed_42_iter_1000_20260717T143245Z,125,1.525625813305378,39.79,1.0372339487075806,0.2091294229030609,0.2470380961894989,0.12003381550312042,0.6937904357910156,0.9911913871765137,6.642960548400879,82.70079040527344,0.0027002431452274323,0.001336506917141378,0.0,26.125,0.0,84.79167175292969
No action rate,p6vbd18i,2026-07-17_17-50-34_05_04_gmr_no_action_rate_seed_42_iter_1000_20260717T143245Z,126,1.554297604560852,40.5,1.037582516670227,0.20739969611167908,0.24473807215690613,0.11923325061798096,0.6926584243774414,0.9936532378196716,6.654550075531006,83.02549743652344,0.002821806352585554,0.0016952564474195242,0.0,26.041667938232422,0.0,89.58333587646484
No action rate,p6vbd18i,2026-07-17_17-50-34_05_04_gmr_no_action_rate_seed_42_iter_1000_20260717T143245Z,127,1.5731365752220154,41.06,1.0379960536956787,0.21121077239513397,0.25077158212661743,0.1206747516989708,0.7008580565452576,1.0051558017730713,6.669844627380371,83.0862808227539,0.0028649603482335806,0.0009317690855823457,0.0,26.83333396911621,0.0,86.83333587646484
No action rate,p6vbd18i,2026-07-17_17-50-34_05_04_gmr_no_action_rate_seed_42_iter_1000_20260717T143245Z,128,1.4962761598825454,39.03,1.0381258726119995,0.21155397593975067,0.24349771440029144,0.12037526816129684,0.6944548487663269,0.9994548559188843,6.654079437255859,83.58319091796875,0.002723210258409381,0.0006488981889560819,0.0,26.83333396911621,0.0,86.875
No action rate,p6vbd18i,2026-07-17_17-50-34_05_04_gmr_no_action_rate_seed_42_iter_1000_20260717T143245Z,129,1.445409969985485,37.56,1.0381476879119873,0.21019956469535828,0.24594980478286743,0.1201915591955185,0.6966463923454285,1.0024211406707764,6.659051418304443,83.65005493164062,0.002868492854759097,0.0018515519332140684,0.0,27.45833396911621,0.0,84.95833587646484
No action rate,p6vbd18i,2026-07-17_17-50-34_05_04_gmr_no_action_rate_seed_42_iter_1000_20260717T143245Z,130,1.4722600400447845,38.16,1.038504958152771,0.2106771171092987,0.24524414539337158,0.11983323097229004,0.6978182792663574,0.9957836866378784,6.6587629318237305,83.73872375488281,0.002787906676530838,0.00194420269690454,0.0,28.166667938232422,0.0,82.875
No action rate,p6vbd18i,2026-07-17_17-50-34_05_04_gmr_no_action_rate_seed_42_iter_1000_20260717T143245Z,131,1.6748116531968116,43.05,1.0386714935302734,0.21292564272880554,0.24299973249435425,0.11994017660617828,0.6948126554489136,0.9982962608337402,6.650566101074219,83.75151062011719,0.0028698339592665434,0.0015010377392172813,0.0,28.375,0.0,82.125
No action rate,p6vbd18i,2026-07-17_17-50-34_05_04_gmr_no_action_rate_seed_42_iter_1000_20260717T143245Z,132,1.5662247240543365,41.4,1.0383726358413696,0.21581308543682098,0.24502328038215637,0.12101562321186066,0.6964606046676636,1.0035860538482666,6.648374557495117,84.36104583740234,0.0031188130378723145,0.001234730938449502,0.0,28.75,0.0,82.66667175292969
No action rate,p6vbd18i,2026-07-17_17-50-34_05_04_gmr_no_action_rate_seed_42_iter_1000_20260717T143245Z,133,1.6023767113685607,40.81,1.0382311344146729,0.21246075630187988,0.2475256621837616,0.12122391164302826,0.6986074447631836,1.0021780729293823,6.672125816345215,84.3957748413086,0.0028392202220857143,0.0008318615145981312,0.0,29.70833396911621,0.0,83.375
No action rate,p6vbd18i,2026-07-17_17-50-34_05_04_gmr_no_action_rate_seed_42_iter_1000_20260717T143245Z,134,1.473924511373043,38.48,1.038381576538086,0.21473920345306396,0.2460530698299408,0.12084230035543442,0.6983327269554138,1.0044692754745483,6.658410549163818,84.54875946044922,0.0030410797335207462,0.001453440054319799,0.0,27.83333396911621,0.0,81.79167175292969
No action rate,p6vbd18i,2026-07-17_17-50-34_05_04_gmr_no_action_rate_seed_42_iter_1000_20260717T143245Z,135,1.7199570667743682,43.88,1.0384794473648071,0.21196073293685913,0.24139419198036194,0.1202465295791626,0.6868929266929626,0.9956320524215698,6.629875183105469,85.05467224121094,0.0029160091653466225,0.00101803382858634,0.0,28.45833396911621,0.0,81.95833587646484
No action rate,p6vbd18i,2026-07-17_17-50-34_05_04_gmr_no_action_rate_seed_42_iter_1000_20260717T143245Z,136,1.6786015072464944,43.29,1.0391429662704468,0.21517859399318695,0.24403738975524902,0.12063290923833847,0.6962413787841797,1.004870891571045,6.659762382507324,85.1143798828125,0.0029516376089304686,0.0018135769059881568,0.0,27.541667938232422,0.0,81.83333587646484
No action rate,p6vbd18i,2026-07-17_17-50-34_05_04_gmr_no_action_rate_seed_42_iter_1000_20260717T143245Z,137,1.5519868484139443,40.79,1.0397825241088867,0.21516820788383484,0.24115608632564545,0.11948537826538086,0.6937033534049988,1.0026792287826538,6.646395683288574,85.34112548828125,0.002779332920908928,0.0016079607885330915,0.0,28.20833396911621,0.0,83.70833587646484
No action rate,p6vbd18i,2026-07-17_17-50-34_05_04_gmr_no_action_rate_seed_42_iter_1000_20260717T143245Z,138,1.5611978724598885,40.23,1.0402023792266846,0.21681427955627441,0.24526715278625488,0.12023836374282837,0.6946783065795898,1.0060653686523438,6.660900115966797,85.65362548828125,0.0029073336627334356,0.0013615930220112205,0.0,27.625,0.0,81.875
No action rate,p6vbd18i,2026-07-17_17-50-34_05_04_gmr_no_action_rate_seed_42_iter_1000_20260717T143245Z,139,1.6692062544822692,42.62,1.0409812927246094,0.2185346484184265,0.24311010539531708,0.1193392276763916,0.6896798014640808,1.0004339218139648,6.6419501304626465,85.71540832519531,0.0028072833083570004,0.00171614158898592,0.0,26.75,0.0,81.625
No action rate,p6vbd18i,2026-07-17_17-50-34_05_04_gmr_no_action_rate_seed_42_iter_1000_20260717T143245Z,140,1.5786507108807564,41.73,1.0414031744003296,0.2169983834028244,0.24650005996227264,0.1198459267616272,0.6928384304046631,1.003404140472412,6.6652679443359375,85.99760437011719,0.002943109255284071,0.0012024911120533943,0.0,26.916667938232422,0.0,81.625
No action rate,p6vbd18i,2026-07-17_17-50-34_05_04_gmr_no_action_rate_seed_42_iter_1000_20260717T143245Z,141,1.6392260533571243,42.31,1.0424264669418335,0.21719114482402802,0.24038076400756836,0.12016966193914413,0.6926689147949219,1.0037508010864258,6.66070556640625,86.26895141601562,0.0027167419902980328,0.0015536088030785322,0.0,27.166667938232422,0.0,79.25
No action rate,p6vbd18i,2026-07-17_17-50-34_05_04_gmr_no_action_rate_seed_42_iter_1000_20260717T143245Z,142,1.6278963032364846,41.99,1.0430717468261719,0.21800348162651062,0.24548391997814178,0.11969466507434845,0.6915931701660156,1.0032448768615723,6.683822154998779,86.43309020996094,0.002736422698944807,0.0012520638993009925,0.0,27.20833396911621,0.0,82.33333587646484
No action rate,p6vbd18i,2026-07-17_17-50-34_05_04_gmr_no_action_rate_seed_42_iter_1000_20260717T143245Z,143,1.5689834198355674,41.32,1.043630838394165,0.21800951659679413,0.24577227234840393,0.12087328732013702,0.6937634348869324,1.0108025074005127,6.695741176605225,86.8750228881836,0.002755804918706417,0.0013263504952192307,0.0,26.541667938232422,0.0,80.875
No action rate,p6vbd18i,2026-07-17_17-50-34_05_04_gmr_no_action_rate_seed_42_iter_1000_20260717T143245Z,144,1.6470355081558228,42.81,1.0443795919418335,0.21930119395256042,0.2460010051727295,0.12063463032245636,0.6944146156311035,1.0055385828018188,6.700501918792725,87.09396362304688,0.0028729334007948637,0.0012322156690061092,0.0,29.041667938232422,0.0,78.625
No action rate,p6vbd18i,2026-07-17_17-50-34_05_04_gmr_no_action_rate_seed_42_iter_1000_20260717T143245Z,145,1.6819748520851134,43.53,1.0448142290115356,0.22114279866218567,0.24366220831871033,0.11963733285665512,0.6851463317871094,1.0031160116195679,6.664966106414795,87.69308471679688,0.0029322735499590635,0.0011388456914573908,0.0,27.916667938232422,0.0,77.58333587646484
No action rate,p6vbd18i,2026-07-17_17-50-34_05_04_gmr_no_action_rate_seed_42_iter_1000_20260717T143245Z,146,1.661932016313076,44.09,1.0449753999710083,0.22400566935539246,0.24249181151390076,0.12031875550746918,0.691011369228363,1.0083730220794678,6.692378044128418,87.67121887207031,0.00282847648486495,0.0012927001807838678,0.0,30.625,0.0,77.25
No action rate,p6vbd18i,2026-07-17_17-50-34_05_04_gmr_no_action_rate_seed_42_iter_1000_20260717T143245Z,147,1.6082523193955423,42.73,1.0451856851577759,0.22070586681365967,0.24235132336616516,0.11984850466251373,0.6955585479736328,1.010571837425232,6.722222805023193,88.27085876464844,0.002880625892430544,0.001080802408978343,0.0,29.58333396911621,0.0,77.83333587646484
No action rate,p6vbd18i,2026-07-17_17-50-34_05_04_gmr_no_action_rate_seed_42_iter_1000_20260717T143245Z,148,1.6410589545965195,42.79,1.0458321571350098,0.2210017293691635,0.23917965590953827,0.119758240878582,0.6916831731796265,1.005596399307251,6.697595596313477,88.32780456542969,0.0027849003672599792,0.0012151504633948207,0.0,29.0,0.0,77.83333587646484
No action rate,p6vbd18i,2026-07-17_17-50-34_05_04_gmr_no_action_rate_seed_42_iter_1000_20260717T143245Z,149,1.579306844174862,41.67,1.0463569164276123,0.22149834036827087,0.24278846383094788,0.12009158730506897,0.6917087435722351,1.0094594955444336,6.706424713134766,88.4352035522461,0.0029112808406352997,0.0011480743996798992,0.0,30.0,0.0,76.70833587646484
No action rate,p6vbd18i,2026-07-17_17-50-34_05_04_gmr_no_action_rate_seed_42_iter_1000_20260717T143245Z,150,1.695328017771244,43.04,1.0467991828918457,0.2230052947998047,0.23999640345573425,0.11992274224758148,0.6874154806137085,1.008186936378479,6.708636283874512,88.88911437988281,0.0029666381888091564,0.0017012435710057616,0.0,30.08333396911621,0.0,74.58333587646484
No action rate,p6vbd18i,2026-07-17_17-50-34_05_04_gmr_no_action_rate_seed_42_iter_1000_20260717T143245Z,151,1.7626587492227554,45.53,1.0472831726074219,0.2241753339767456,0.24252381920814514,0.12002307176589966,0.6915653944015503,1.0056211948394775,6.705783843994141,89.06561279296875,0.0028814440593123436,0.001904686214402318,0.0,31.25,0.0,73.375
No action rate,p6vbd18i,2026-07-17_17-50-34_05_04_gmr_no_action_rate_seed_42_iter_1000_20260717T143245Z,152,1.6778955298662186,44.59,1.0476386547088623,0.22363924980163574,0.2365792989730835,0.11972372233867645,0.6850508451461792,1.0073630809783936,6.688408851623535,89.22544860839844,0.0029877747874706984,0.0016902133356779814,0.0,29.5,0.0,74.29167175292969
No action rate,p6vbd18i,2026-07-17_17-50-34_05_04_gmr_no_action_rate_seed_42_iter_1000_20260717T143245Z,153,1.7043092900514603,43.9,1.0479460954666138,0.2237410545349121,0.24172191321849823,0.1201222836971283,0.6949228048324585,1.0055365562438965,6.731291770935059,89.40011596679688,0.0027043442241847515,0.0013549703871831298,0.0,30.0,0.0,74.70833587646484
No action rate,p6vbd18i,2026-07-17_17-50-34_05_04_gmr_no_action_rate_seed_42_iter_1000_20260717T143245Z,154,1.7322637403011323,43.9,1.0479609966278076,0.22910860180854797,0.240632563829422,0.12031330913305283,0.68993079662323,1.0111020803451538,6.712244033813477,89.50399017333984,0.002754013752564788,0.001038138521835208,0.0,29.791667938232422,0.0,73.25
No action rate,p6vbd18i,2026-07-17_17-50-34_05_04_gmr_no_action_rate_seed_42_iter_1000_20260717T143245Z,155,1.607132568359375,42.32,1.0483324527740479,0.22710537910461426,0.23807740211486816,0.11943569034337997,0.6839134097099304,1.0078449249267578,6.7044477462768555,90.195068359375,0.0027047719340771437,0.0013285463210195303,0.0,33.16666793823242,0.0,73.41667175292969
No action rate,p6vbd18i,2026-07-17_17-50-34_05_04_gmr_no_action_rate_seed_42_iter_1000_20260717T143245Z,156,1.6493649923801421,43.07,1.048816204071045,0.22697481513023376,0.23680929839611053,0.12011730670928955,0.6912476420402527,1.018588900566101,6.742534160614014,90.25462341308594,0.0028958150651305914,0.0010687676258385181,0.0,30.125,0.0,73.29167175292969
No action rate,p6vbd18i,2026-07-17_17-50-34_05_04_gmr_no_action_rate_seed_42_iter_1000_20260717T143245Z,157,1.8064918363094329,46.37,1.049757480621338,0.2258244752883911,0.23958265781402588,0.12020089477300644,0.6902157664299011,1.01275634765625,6.751277923583984,90.42217254638672,0.002735006157308817,0.0007889148546382785,0.0,31.166667938232422,0.0,73.75
No action rate,p6vbd18i,2026-07-17_17-50-34_05_04_gmr_no_action_rate_seed_42_iter_1000_20260717T143245Z,158,1.8776869368553162,47.42,1.0505415201187134,0.2278454303741455,0.2372356653213501,0.11955592036247253,0.6809158325195312,1.0143437385559082,6.7315168380737305,90.37626647949219,0.0028597507625818253,0.0017833113670349121,0.0,30.625,0.0,72.66667175292969
No action rate,p6vbd18i,2026-07-17_17-50-34_05_04_gmr_no_action_rate_seed_42_iter_1000_20260717T143245Z,159,1.723575727492571,44.96,1.0510021448135376,0.22814464569091797,0.23631827533245087,0.1189393401145935,0.6884185075759888,1.0156240463256836,6.75626277923584,90.74876403808594,0.002995180431753397,0.0015286359703168273,0.0,31.416667938232422,0.0,71.5
No action rate,p6vbd18i,2026-07-17_17-50-34_05_04_gmr_no_action_rate_seed_42_iter_1000_20260717T143245Z,160,1.781190634239465,46.24,1.0512882471084595,0.2289215326309204,0.23641519248485565,0.11974623054265976,0.6932863593101501,1.0128173828125,6.757874965667725,91.08905029296875,0.002699475735425949,0.0016115466132760048,0.0,30.83333396911621,0.0,71.08333587646484
No action rate,p6vbd18i,2026-07-17_17-50-34_05_04_gmr_no_action_rate_seed_42_iter_1000_20260717T143245Z,161,1.6152219611406327,42.35,1.0514687299728394,0.23166076838970184,0.2415958046913147,0.11997435986995697,0.6914119720458984,1.0186963081359863,6.772575378417969,91.38060760498047,0.002926873741671443,0.0016060270136222243,0.0,33.5,0.0,68.54167175292969
No action rate,p6vbd18i,2026-07-17_17-50-34_05_04_gmr_no_action_rate_seed_42_iter_1000_20260717T143245Z,162,1.8862523782253264,48.63,1.0527913570404053,0.2310451865196228,0.24216687679290771,0.12056086957454681,0.6989468336105347,1.0192153453826904,6.796864986419678,91.53038024902344,0.0029178541153669357,0.0013175973435863853,0.0,31.70833396911621,0.0,70.70833587646484
No action rate,p6vbd18i,2026-07-17_17-50-34_05_04_gmr_no_action_rate_seed_42_iter_1000_20260717T143245Z,163,1.7324379527568816,45.37,1.0532324314117432,0.23232591152191162,0.2388560026884079,0.11913980543613434,0.687981128692627,1.014536738395691,6.764659881591797,91.79952239990234,0.003048048121854663,0.0021197693422436714,0.0,33.04166793823242,0.0,70.875
No action rate,p6vbd18i,2026-07-17_17-50-34_05_04_gmr_no_action_rate_seed_42_iter_1000_20260717T143245Z,164,1.7423824959993361,46.49,1.0540481805801392,0.23097175359725952,0.23989199101924896,0.12028399109840393,0.6934296488761902,1.0246479511260986,6.805731773376465,91.9233627319336,0.0030895834788680077,0.001968846656382084,0.0,30.791667938232422,0.0,69.375
No action rate,p6vbd18i,2026-07-17_17-50-34_05_04_gmr_no_action_rate_seed_42_iter_1000_20260717T143245Z,165,1.6547995649278164,44.1,1.0544034242630005,0.23395055532455444,0.2386942356824875,0.11975778639316559,0.6888536810874939,1.022214651107788,6.784196376800537,92.34261322021484,0.0030053758528083563,0.001965608913451433,0.0,32.25,0.0,69.375
No action rate,p6vbd18i,2026-07-17_17-50-34_05_04_gmr_no_action_rate_seed_42_iter_1000_20260717T143245Z,166,1.893740505874157,48.71,1.0552787780761719,0.23398926854133606,0.2344910353422165,0.11987239122390747,0.6894321441650391,1.016103982925415,6.781220436096191,92.73951721191406,0.0029380787163972855,0.0019587839487940073,0.0,32.083335876464844,0.0,68.70833587646484
No action rate,p6vbd18i,2026-07-17_17-50-34_05_04_gmr_no_action_rate_seed_42_iter_1000_20260717T143245Z,167,1.755606564283371,44.8,1.0564262866973877,0.23394441604614258,0.23781916499137878,0.11887237429618835,0.6775532960891724,1.0159616470336914,6.768855094909668,93.21791076660156,0.003074515610933304,0.0014132587239146233,0.0,31.33333396911621,0.0,68.625
No action rate,p6vbd18i,2026-07-17_17-50-34_05_04_gmr_no_action_rate_seed_42_iter_1000_20260717T143245Z,168,1.8600216656923294,47.94,1.0571625232696533,0.235035702586174,0.23360830545425415,0.11926178634166718,0.6850699782371521,1.020662784576416,6.796295166015625,93.62398529052734,0.003128059208393097,0.0016450220718979836,0.0,30.625,0.0,66.66667175292969
No action rate,p6vbd18i,2026-07-17_17-50-34_05_04_gmr_no_action_rate_seed_42_iter_1000_20260717T143245Z,169,1.5725590926408768,42.67,1.0579088926315308,0.2344503402709961,0.23275892436504364,0.11921720951795578,0.6866631507873535,1.0165008306503296,6.8199005126953125,93.88822937011719,0.0031193874310702085,0.0014804268721491098,0.0,30.45833396911621,0.0,67.95833587646484
No action rate,p6vbd18i,2026-07-17_17-50-34_05_04_gmr_no_action_rate_seed_42_iter_1000_20260717T143245Z,170,1.8865304577350617,48.16,1.0585211515426636,0.23616072535514832,0.2373282015323639,0.11877142637968063,0.6867637634277344,1.0189628601074219,6.8215250968933105,94.11117553710938,0.003217372577637434,0.0013758400455117226,0.0,30.541667938232422,0.0,66.625
No action rate,p6vbd18i,2026-07-17_17-50-34_05_04_gmr_no_action_rate_seed_42_iter_1000_20260717T143245Z,171,1.920206198990345,50.13,1.059433102607727,0.2364175021648407,0.23444733023643494,0.11870905011892319,0.6861793398857117,1.02231764793396,6.8433380126953125,94.6790771484375,0.0033005494624376297,0.0016033705323934555,0.0,30.166667938232422,0.0,64.875
No action rate,p6vbd18i,2026-07-17_17-50-34_05_04_gmr_no_action_rate_seed_42_iter_1000_20260717T143245Z,172,1.751603762805462,45.88,1.05978524684906,0.2372034192085266,0.2353622168302536,0.11909683793783188,0.6891093254089355,1.0210483074188232,6.843930244445801,95.053466796875,0.003061349969357252,0.001754595898091793,0.0,31.375,0.0,65.83333587646484
No action rate,p6vbd18i,2026-07-17_17-50-34_05_04_gmr_no_action_rate_seed_42_iter_1000_20260717T143245Z,173,1.9432582294940948,50.71,1.0601238012313843,0.23779091238975525,0.23531848192214966,0.11945627629756927,0.6868863105773926,1.0206246376037598,6.843705654144287,95.3712158203125,0.003202937077730894,0.0014719547471031547,0.0,29.625,0.0,65.625
No action rate,p6vbd18i,2026-07-17_17-50-34_05_04_gmr_no_action_rate_seed_42_iter_1000_20260717T143245Z,174,2.0045113864541055,50.45,1.0608494281768799,0.23694992065429688,0.2392934262752533,0.1184920072555542,0.6887299418449402,1.0134475231170654,6.849460601806641,95.52957153320312,0.0029495186172425747,0.0012231841683387756,0.0,30.666667938232422,0.0,65.66667175292969
No action rate,p6vbd18i,2026-07-17_17-50-34_05_04_gmr_no_action_rate_seed_42_iter_1000_20260717T143245Z,175,1.8709323015809058,47.96,1.0612733364105225,0.24234436452388763,0.2376343011856079,0.1195862889289856,0.6920098066329956,1.029119849205017,6.8805341720581055,95.75535583496094,0.003035056171938777,0.0014304332435131073,0.0,27.95833396911621,0.0,64.04167175292969
No action rate,p6vbd18i,2026-07-17_17-50-34_05_04_gmr_no_action_rate_seed_42_iter_1000_20260717T143245Z,176,1.8405503886938095,48.68,1.0627411603927612,0.2406533658504486,0.23720812797546387,0.11936303973197937,0.6954315900802612,1.02524733543396,6.888612270355225,95.9473876953125,0.002951882779598236,0.0015514192637056112,0.0,29.25,0.0,63.583335876464844
No action rate,p6vbd18i,2026-07-17_17-50-34_05_04_gmr_no_action_rate_seed_42_iter_1000_20260717T143245Z,177,1.8094525752961637,46.95,1.063584566116333,0.2444951981306076,0.23719093203544617,0.11974885314702988,0.6899330019950867,1.0299233198165894,6.881519317626953,96.68586730957031,0.003217204473912716,0.0014237824361771345,0.0,32.333335876464844,0.0,62.0
No action rate,p6vbd18i,2026-07-17_17-50-34_05_04_gmr_no_action_rate_seed_42_iter_1000_20260717T143245Z,178,1.8061847776174544,47.92,1.0649820566177368,0.2396344393491745,0.23768803477287292,0.1198679655790329,0.6967830657958984,1.0256999731063843,6.921288967132568,96.8597412109375,0.0031777683179825544,0.0014519067481160164,0.0,31.83333396911621,0.0,61.0
No action rate,p6vbd18i,2026-07-17_17-50-34_05_04_gmr_no_action_rate_seed_42_iter_1000_20260717T143245Z,179,1.9709191715717316,51.38,1.0657014846801758,0.24569544196128845,0.23561619222164154,0.11987388134002686,0.6947862505912781,1.0251145362854004,6.928365230560303,97.39427185058594,0.003222433617338538,0.002262151800096035,0.0,31.791667938232422,0.0,59.958335876464844
No action rate,p6vbd18i,2026-07-17_17-50-34_05_04_gmr_no_action_rate_seed_42_iter_1000_20260717T143245Z,180,1.9083660984039306,49.63,1.0656003952026367,0.2456192970275879,0.2358320951461792,0.11989477276802063,0.7001549601554871,1.0287084579467773,6.9291582107543945,97.66020202636719,0.0032559125684201717,0.0011497545056045055,0.0,31.416667938232422,0.0,58.375
No action rate,p6vbd18i,2026-07-17_17-50-34_05_04_gmr_no_action_rate_seed_42_iter_1000_20260717T143245Z,181,2.043570922613144,53.7,1.066009283065796,0.24692416191101074,0.23806357383728027,0.12022943794727325,0.6985251903533936,1.027914047241211,6.929511547088623,97.87944030761719,0.003505968488752842,0.0012343558482825756,0.0,31.375,0.0,57.875
No action rate,p6vbd18i,2026-07-17_17-50-34_05_04_gmr_no_action_rate_seed_42_iter_1000_20260717T143245Z,182,1.9724232900142669,52.05,1.0668132305145264,0.251382052898407,0.24118086695671082,0.11976858228445053,0.6975654363632202,1.0273019075393677,6.93802547454834,97.97063446044922,0.0031961644999682903,0.0020339391194283962,0.0,31.291667938232422,0.0,56.75
No action rate,p6vbd18i,2026-07-17_17-50-34_05_04_gmr_no_action_rate_seed_42_iter_1000_20260717T143245Z,183,1.907053041756153,52.38,1.0679140090942383,0.2493889033794403,0.23587605357170105,0.11980028450489044,0.6967711448669434,1.0290943384170532,6.945670127868652,98.47844696044922,0.003738270839676261,0.0015672303270548582,0.0,30.45833396911621,0.0,55.79166793823242
No action rate,p6vbd18i,2026-07-17_17-50-34_05_04_gmr_no_action_rate_seed_42_iter_1000_20260717T143245Z,184,2.0153531360626222,52.68,1.0679341554641724,0.2499561756849289,0.23776119947433472,0.1198902428150177,0.7021375894546509,1.0295209884643555,6.9776763916015625,98.9013900756836,0.003378703026100993,0.001230668625794351,0.0,31.33333396911621,0.0,56.75
No action rate,p6vbd18i,2026-07-17_17-50-34_05_04_gmr_no_action_rate_seed_42_iter_1000_20260717T143245Z,185,1.9385531133413314,50.64,1.0687804222106934,0.2508503794670105,0.2356502264738083,0.11877935379743576,0.6942822337150574,1.0253863334655762,6.967334747314453,99.14403533935547,0.003749492345377803,0.001452185562811792,0.0,30.416667938232422,0.0,57.0
No action rate,p6vbd18i,2026-07-17_17-50-34_05_04_gmr_no_action_rate_seed_42_iter_1000_20260717T143245Z,186,2.129468613266945,55.58,1.0702530145645142,0.25138595700263977,0.23561489582061768,0.11987960338592529,0.6962037086486816,1.0328279733657837,6.978938102722168,99.6527099609375,0.0036543523892760277,0.0013573786709457636,0.0,30.70833396911621,0.0,55.458335876464844
No action rate,p6vbd18i,2026-07-17_17-50-34_05_04_gmr_no_action_rate_seed_42_iter_1000_20260717T143245Z,187,2.005868886336684,53.7,1.071009635925293,0.25210103392601013,0.23617979884147644,0.1195884570479393,0.7055552005767822,1.0321440696716309,6.993505001068115,99.79450988769531,0.0036822897382080555,0.0016445079818367958,0.0,30.916667938232422,0.0,54.625
No action rate,p6vbd18i,2026-07-17_17-50-34_05_04_gmr_no_action_rate_seed_42_iter_1000_20260717T143245Z,188,1.9816839945316316,54.13,1.0715315341949463,0.2535296380519867,0.23038947582244873,0.11901502311229706,0.6962332725524902,1.0310229063034058,6.9921064376831055,100.26790618896484,0.003557218937203288,0.0012436207616701722,0.0,32.41666793823242,0.0,54.66666793823242
No action rate,p6vbd18i,2026-07-17_17-50-34_05_04_gmr_no_action_rate_seed_42_iter_1000_20260717T143245Z,189,2.0518800324201583,54.2,1.0719858407974243,0.25487184524536133,0.2359166145324707,0.12029612064361572,0.7034682631492615,1.0364246368408203,7.025125503540039,100.80648040771484,0.003473971039056778,0.0009817940881475806,0.0,34.66666793823242,0.0,52.583335876464844
No action rate,p6vbd18i,2026-07-17_17-50-34_05_04_gmr_no_action_rate_seed_42_iter_1000_20260717T143245Z,190,2.1971104735136033,57.42,1.0725517272949219,0.250032901763916,0.2402227818965912,0.1195802316069603,0.711604118347168,1.030128836631775,7.029531002044678,100.60403442382812,0.003852458205074072,0.0012820018455386162,0.0,30.666667938232422,0.0,52.625
No action rate,p6vbd18i,2026-07-17_17-50-34_05_04_gmr_no_action_rate_seed_42_iter_1000_20260717T143245Z,191,1.8336863934993743,49.65,1.0733842849731445,0.2544838786125183,0.23688428103923798,0.12016783654689789,0.7083430290222168,1.0408707857131958,7.056920528411865,101.353271484375,0.003429541364312172,0.0012410874478518963,0.0,32.16666793823242,0.0,55.54166793823242
No action rate,p6vbd18i,2026-07-17_17-50-34_05_04_gmr_no_action_rate_seed_42_iter_1000_20260717T143245Z,192,2.1147965371608732,55.62,1.0739467144012451,0.25469014048576355,0.23631370067596436,0.11989035457372665,0.7079837322235107,1.042458415031433,7.0583038330078125,101.54937744140625,0.0036226892843842506,0.0011109606130048633,0.0,33.0,0.0,50.375
No action rate,p6vbd18i,2026-07-17_17-50-34_05_04_gmr_no_action_rate_seed_42_iter_1000_20260717T143245Z,193,2.2231221348047256,57.95,1.0746530294418335,0.25585052371025085,0.23688501119613647,0.12043480575084686,0.7114197611808777,1.0416409969329834,7.0677490234375,101.68353271484375,0.003763702465221286,0.0014141913270577788,0.0,30.666667938232422,0.0,52.04166793823242
No action rate,p6vbd18i,2026-07-17_17-50-34_05_04_gmr_no_action_rate_seed_42_iter_1000_20260717T143245Z,194,2.15196225553751,58.94,1.074602723121643,0.2559327483177185,0.23705825209617615,0.12009497731924057,0.7095472812652588,1.0390676259994507,7.0767059326171875,102.1572494506836,0.0035150418989360332,0.0010479469783604145,0.0,32.958335876464844,0.0,48.625
No action rate,p6vbd18i,2026-07-17_17-50-34_05_04_gmr_no_action_rate_seed_42_iter_1000_20260717T143245Z,195,2.0166255968809126,53.1,1.0750142335891724,0.2596365213394165,0.237068772315979,0.11982624977827072,0.7055246829986572,1.0415582656860352,7.081064224243164,102.66072845458984,0.0036283712834119797,0.001380278612487018,0.0,31.375,0.0,50.5
No action rate,p6vbd18i,2026-07-17_17-50-34_05_04_gmr_no_action_rate_seed_42_iter_1000_20260717T143245Z,196,1.8585957783460616,52.37,1.076035976409912,0.25889915227890015,0.23608164489269257,0.11960713565349579,0.7163457870483398,1.0456007719039917,7.1065778732299805,102.84603118896484,0.0034984457306563854,0.0018697994528338313,0.0,30.70833396911621,0.0,49.875
No action rate,p6vbd18i,2026-07-17_17-50-34_05_04_gmr_no_action_rate_seed_42_iter_1000_20260717T143245Z,197,2.184780136346817,58.22,1.0764821767807007,0.26454323530197144,0.23544621467590332,0.11953693628311157,0.7095811367034912,1.0426043272018433,7.113326549530029,103.3179931640625,0.003713032230734825,0.0010722092119976878,0.0,30.875,0.0,49.375
No action rate,p6vbd18i,2026-07-17_17-50-34_05_04_gmr_no_action_rate_seed_42_iter_1000_20260717T143245Z,198,2.2470852419734,59.54,1.077461838722229,0.2629513144493103,0.2354767918586731,0.12013809382915497,0.7090873718261719,1.0406508445739746,7.096467018127441,103.888671875,0.00369472149759531,0.0017459699884057045,0.0,33.083335876464844,0.0,48.458335876464844
No action rate,p6vbd18i,2026-07-17_17-50-34_05_04_gmr_no_action_rate_seed_42_iter_1000_20260717T143245Z,199,2.0813233035802843,56.26,1.0781329870224,0.2653714418411255,0.23808400332927704,0.1206507533788681,0.7226194739341736,1.0482211112976074,7.137908458709717,103.94819641113281,0.0035140400286763906,0.0013632572954520583,0.0,30.541667938232422,0.0,47.833335876464844
No action rate,p6vbd18i,2026-07-17_17-50-34_05_04_gmr_no_action_rate_seed_42_iter_1000_20260717T143245Z,200,2.2426885479688643,59.25,1.0789117813110352,0.2655869424343109,0.23760947585105896,0.1202554926276207,0.718419075012207,1.0497947931289673,7.159350395202637,104.4197998046875,0.0035722970496863127,0.0018995199352502823,0.0,31.33333396911621,0.0,47.333335876464844
No action rate,p6vbd18i,2026-07-17_17-50-34_05_04_gmr_no_action_rate_seed_42_iter_1000_20260717T143245Z,201,2.2081096452474593,59.63,1.0797773599624634,0.26933619379997253,0.23487983644008636,0.12083643674850464,0.7118808627128601,1.0468218326568604,7.15241003036499,104.86165618896484,0.0036793663166463375,0.0017035226337611675,0.0,32.16666793823242,0.0,45.25
No action rate,p6vbd18i,2026-07-17_17-50-34_05_04_gmr_no_action_rate_seed_42_iter_1000_20260717T143245Z,202,1.9181323865056037,54.21,1.0805760622024536,0.27052032947540283,0.23914210498332977,0.12116926908493042,0.7306827902793884,1.0527763366699219,7.195977687835693,105.02079772949219,0.0035210917703807354,0.0026336349546909332,0.0,33.25,0.0,45.708335876464844
No action rate,p6vbd18i,2026-07-17_17-50-34_05_04_gmr_no_action_rate_seed_42_iter_1000_20260717T143245Z,203,1.9803380358219147,54.34,1.0811327695846558,0.27152949571609497,0.23844274878501892,0.12043431401252747,0.7275266051292419,1.0569853782653809,7.2029643058776855,105.26553344726562,0.003926695790141821,0.0023428217973560095,0.0,32.41666793823242,0.0,46.833335876464844
No action rate,p6vbd18i,2026-07-17_17-50-34_05_04_gmr_no_action_rate_seed_42_iter_1000_20260717T143245Z,204,2.227049053311348,58.89,1.0822645425796509,0.2723238468170166,0.23719865083694458,0.12087617814540863,0.7264878749847412,1.052501916885376,7.205906867980957,105.64382934570312,0.003999465610831976,0.002007782692089677,0.0,29.416667938232422,0.0,44.41666793823242
No action rate,p6vbd18i,2026-07-17_17-50-34_05_04_gmr_no_action_rate_seed_42_iter_1000_20260717T143245Z,205,2.0846921473741533,55.98,1.083417296409607,0.27600961923599243,0.23505716025829315,0.1214575469493866,0.7271019816398621,1.0604645013809204,7.225245475769043,106.26963806152344,0.004318392835557461,0.0014469600282609463,0.0,30.25,0.0,44.958335876464844
No action rate,p6vbd18i,2026-07-17_17-50-34_05_04_gmr_no_action_rate_seed_42_iter_1000_20260717T143245Z,206,2.34727460950613,62.99,1.0844212770462036,0.27793410420417786,0.2356564998626709,0.1207302138209343,0.7202920913696289,1.0550222396850586,7.228612422943115,106.67854309082031,0.003945392556488514,0.0018928023055195808,0.0,30.625,0.0,43.0
No action rate,p6vbd18i,2026-07-17_17-50-34_05_04_gmr_no_action_rate_seed_42_iter_1000_20260717T143245Z,207,2.1860396391153336,60.73,1.0852959156036377,0.27359503507614136,0.2360120266675949,0.12002086639404297,0.7306241989135742,1.0570725202560425,7.260387420654297,106.94071960449219,0.003997717052698135,0.0019098626216873527,0.0,29.791667938232422,0.0,45.54166793823242
No action rate,p6vbd18i,2026-07-17_17-50-34_05_04_gmr_no_action_rate_seed_42_iter_1000_20260717T143245Z,208,2.3870756936073305,64.31,1.08589506149292,0.27757081389427185,0.23564526438713074,0.12027700990438461,0.7243286967277527,1.0471082925796509,7.241065979003906,107.41780090332031,0.004084772430360317,0.0017901384271681309,0.0,29.08333396911621,0.0,45.5
No action rate,p6vbd18i,2026-07-17_17-50-34_05_04_gmr_no_action_rate_seed_42_iter_1000_20260717T143245Z,209,2.3598901051282883,64.18,1.0865727663040161,0.2820802330970764,0.2349362075328827,0.12110986560583115,0.7226061820983887,1.0632563829421997,7.247239112854004,107.607177734375,0.004286525771021843,0.0012075044214725494,0.0,30.791667938232422,0.0,44.375
No action rate,p6vbd18i,2026-07-17_17-50-34_05_04_gmr_no_action_rate_seed_42_iter_1000_20260717T143245Z,210,2.0627021461725237,56.18,1.0871092081069946,0.27311956882476807,0.2337169349193573,0.12117188423871994,0.7229251861572266,1.0571849346160889,7.282548904418945,108.54856872558594,0.004159513395279646,0.002277547027915716,0.0,27.95833396911621,0.0,41.625
No action rate,p6vbd18i,2026-07-17_17-50-34_05_04_gmr_no_action_rate_seed_42_iter_1000_20260717T143245Z,211,2.1065873432159425,59.67,1.0876266956329346,0.28262239694595337,0.23595814406871796,0.1205826848745346,0.72496497631073,1.0575451850891113,7.272562026977539,108.5601806640625,0.004164819605648518,0.0014186798362061381,0.0,30.75,0.0,43.375
No action rate,p6vbd18i,2026-07-17_17-50-34_05_04_gmr_no_action_rate_seed_42_iter_1000_20260717T143245Z,212,2.8250936791300774,74.19,1.0885860919952393,0.2819752097129822,0.2342071533203125,0.12037235498428345,0.7318374514579773,1.0583796501159668,7.285473823547363,108.92288208007812,0.0042131696827709675,0.0015986089129000902,0.0,29.916667938232422,0.0,41.54166793823242
No action rate,p6vbd18i,2026-07-17_17-50-34_05_04_gmr_no_action_rate_seed_42_iter_1000_20260717T143245Z,213,2.347769736945629,63.68,1.08941650390625,0.28315556049346924,0.23284821212291718,0.1207495778799057,0.7298468351364136,1.0581365823745728,7.296596050262451,109.47135925292969,0.0041258679702878,0.0017940998077392578,0.0,31.416667938232422,0.0,41.0
No action rate,p6vbd18i,2026-07-17_17-50-34_05_04_gmr_no_action_rate_seed_42_iter_1000_20260717T143245Z,214,2.2670173382759096,62.85,1.0901660919189453,0.28453904390335083,0.23378342390060425,0.12049891799688339,0.7315635681152344,1.0547716617584229,7.28705358505249,109.17916870117188,0.004276077728718519,0.0017069022869691253,0.0,30.666667938232422,0.0,38.208335876464844
No action rate,p6vbd18i,2026-07-17_17-50-34_05_04_gmr_no_action_rate_seed_42_iter_1000_20260717T143245Z,215,2.014213748574257,56.23,1.0913889408111572,0.28192847967147827,0.23335038125514984,0.1198323667049408,0.7345384359359741,1.0617754459381104,7.327378749847412,110.47054290771484,0.004033689387142658,0.0021067638881504536,0.0,27.666667938232422,0.0,41.0
No action rate,p6vbd18i,2026-07-17_17-50-34_05_04_gmr_no_action_rate_seed_42_iter_1000_20260717T143245Z,216,2.5762309753894805,69.67,1.0922610759735107,0.28583964705467224,0.2375548928976059,0.12169679254293442,0.744053304195404,1.0610356330871582,7.345222473144531,110.25181579589844,0.003927326761186123,0.0014351964928209782,0.0,29.25,0.0,40.25
No action rate,p6vbd18i,2026-07-17_17-50-34_05_04_gmr_no_action_rate_seed_42_iter_1000_20260717T143245Z,217,2.4367133012413977,66.94,1.0928462743759155,0.2830613851547241,0.23374168574810028,0.12127970159053802,0.7421185970306396,1.067293405532837,7.356080055236816,110.88267517089844,0.004258507862687111,0.002101594815030694,0.0,28.375,0.0,40.333335876464844
No action rate,p6vbd18i,2026-07-17_17-50-34_05_04_gmr_no_action_rate_seed_42_iter_1000_20260717T143245Z,218,2.3459885242581366,63.99,1.0932872295379639,0.2886234521865845,0.2339293658733368,0.12038283795118332,0.7358323931694031,1.0549407005310059,7.331520080566406,111.11693572998047,0.0043831090442836285,0.002408516127616167,0.0,27.875,0.0,39.083335876464844
No action rate,p6vbd18i,2026-07-17_17-50-34_05_04_gmr_no_action_rate_seed_42_iter_1000_20260717T143245Z,219,2.4459834364056587,66.41,1.0937426090240479,0.2953242361545563,0.23338787257671356,0.1212024837732315,0.7334737777709961,1.0573270320892334,7.334643363952637,111.65960693359375,0.004262366332113743,0.002796778455376625,0.0,26.75,0.0,38.54166793823242
No action rate,p6vbd18i,2026-07-17_17-50-34_05_04_gmr_no_action_rate_seed_42_iter_1000_20260717T143245Z,220,2.428974155187607,68.22,1.0945569276809692,0.2911360561847687,0.23265758156776428,0.12030194699764252,0.7367264032363892,1.0594182014465332,7.359893798828125,112.31660461425781,0.004253949970006943,0.0022395113483071327,0.0,26.666667938232422,0.0,39.875
No action rate,p6vbd18i,2026-07-17_17-50-34_05_04_gmr_no_action_rate_seed_42_iter_1000_20260717T143245Z,221,2.7816585767269135,74.66,1.0958386659622192,0.2926473617553711,0.2319554090499878,0.12118279188871384,0.7369014024734497,1.0627987384796143,7.364302635192871,112.36824798583984,0.004464959260076284,0.0014045601710677147,0.0,28.125,0.0,39.125
No action rate,p6vbd18i,2026-07-17_17-50-34_05_04_gmr_no_action_rate_seed_42_iter_1000_20260717T143245Z,222,2.440970659554005,66.36,1.096623182296753,0.2931433320045471,0.22956717014312744,0.12089025974273682,0.7379958629608154,1.060011386871338,7.375301361083984,112.94213104248047,0.00430544838309288,0.0012878554407507181,0.0,28.125,0.0,40.375
No action rate,p6vbd18i,2026-07-17_17-50-34_05_04_gmr_no_action_rate_seed_42_iter_1000_20260717T143245Z,223,2.3734482869505884,64.8,1.0974771976470947,0.29644960165023804,0.22897212207317352,0.12078472971916199,0.7294906377792358,1.066193699836731,7.382773399353027,113.1790771484375,0.0045409295707941055,0.0020911535248160362,0.0,26.95833396911621,0.0,39.958335876464844
No action rate,p6vbd18i,2026-07-17_17-50-34_05_04_gmr_no_action_rate_seed_42_iter_1000_20260717T143245Z,224,2.7356375536322592,73.23,1.0979938507080078,0.2874014973640442,0.23376868665218353,0.12054058164358139,0.7414370775222778,1.0664503574371338,7.420035362243652,113.85227966308594,0.004483099095523357,0.00248508807271719,0.0,25.041667938232422,0.0,39.0
No action rate,p6vbd18i,2026-07-17_17-50-34_05_04_gmr_no_action_rate_seed_42_iter_1000_20260717T143245Z,225,2.7480604100227355,74.87,1.098770022392273,0.3004570007324219,0.23289142549037933,0.12114141881465912,0.7493590712547302,1.0694725513458252,7.407668113708496,114.35685729980469,0.004377629607915878,0.002039807615801692,0.0,25.70833396911621,0.0,38.16666793823242
No action rate,p6vbd18i,2026-07-17_17-50-34_05_04_gmr_no_action_rate_seed_42_iter_1000_20260717T143245Z,226,2.5042059606313707,69.42,1.0995113849639893,0.2946537435054779,0.23122557997703552,0.12077558040618896,0.7442739009857178,1.0665209293365479,7.415866851806641,114.39299774169922,0.004445925354957581,0.001791646471247077,0.0,25.041667938232422,0.0,38.04166793823242
No action rate,p6vbd18i,2026-07-17_17-50-34_05_04_gmr_no_action_rate_seed_42_iter_1000_20260717T143245Z,227,2.462383551001549,68.2,1.1003361940383911,0.28868037462234497,0.22800658643245697,0.12165145576000214,0.7524435520172119,1.06923508644104,7.443388938903809,114.73641204833984,0.004280279856175184,0.003070796374231577,0.0,26.75,0.0,35.5
No action rate,p6vbd18i,2026-07-17_17-50-34_05_04_gmr_no_action_rate_seed_42_iter_1000_20260717T143245Z,228,3.0543185344338415,84.26,1.1008706092834473,0.30211371183395386,0.22852449119091034,0.12131200730800629,0.7481250762939453,1.0603606700897217,7.426942348480225,114.9922103881836,0.004385672509670258,0.002078984398394823,0.0,25.33333396911621,0.0,35.5
No action rate,p6vbd18i,2026-07-17_17-50-34_05_04_gmr_no_action_rate_seed_42_iter_1000_20260717T143245Z,229,2.5473584192991257,71.06,1.1014918088912964,0.29880744218826294,0.23015981912612915,0.12103348970413208,0.744847297668457,1.0634323358535767,7.454136848449707,115.93099212646484,0.004422713536769152,0.0015711169689893723,0.0,24.666667938232422,0.0,34.91666793823242
No action rate,p6vbd18i,2026-07-17_17-50-34_05_04_gmr_no_action_rate_seed_42_iter_1000_20260717T143245Z,230,2.622969574332237,72.86,1.1025729179382324,0.29653507471084595,0.22842460870742798,0.12085922062397003,0.745557963848114,1.0648207664489746,7.432684898376465,115.907958984375,0.00475195050239563,0.001571080181747675,0.0,26.20833396911621,0.0,38.708335876464844
No action rate,p6vbd18i,2026-07-17_17-50-34_05_04_gmr_no_action_rate_seed_42_iter_1000_20260717T143245Z,231,2.720597917437553,75.7,1.1034812927246094,0.30868613719940186,0.234427809715271,0.12244747579097748,0.7552870512008667,1.0635443925857544,7.468982219696045,116.04374694824219,0.004528750665485859,0.0015902797458693385,0.0,25.875,0.0,36.0
No action rate,p6vbd18i,2026-07-17_17-50-34_05_04_gmr_no_action_rate_seed_42_iter_1000_20260717T143245Z,232,2.5743937239050867,69.93,1.1042499542236328,0.29668542742729187,0.23233561217784882,0.12092211842536926,0.754245936870575,1.0634061098098755,7.495628356933594,116.90447235107422,0.004495030269026756,0.001603183802217245,0.0,24.58333396911621,0.0,35.458335876464844
No action rate,p6vbd18i,2026-07-17_17-50-34_05_04_gmr_no_action_rate_seed_42_iter_1000_20260717T143245Z,233,2.619553037285805,72.96,1.104854941368103,0.30205410718917847,0.23370817303657532,0.12177878618240356,0.7603874206542969,1.076816439628601,7.506801128387451,117.30619812011719,0.004749489016830921,0.0016129305586218834,0.0,24.70833396911621,0.0,37.833335876464844
No action rate,p6vbd18i,2026-07-17_17-50-34_05_04_gmr_no_action_rate_seed_42_iter_1000_20260717T143245Z,234,2.390245314836502,66.6,1.105372667312622,0.3004164695739746,0.2334209382534027,0.12239830940961838,0.7626979351043701,1.0823636054992676,7.535403251647949,117.42277526855469,0.004798047244548798,0.0015676335897296667,0.0,24.416667938232422,0.0,34.958335876464844
No action rate,p6vbd18i,2026-07-17_17-50-34_05_04_gmr_no_action_rate_seed_42_iter_1000_20260717T143245Z,235,2.5380461752414702,70.55,1.1057497262954712,0.30478635430336,0.23562197387218475,0.12252359837293625,0.7676531672477722,1.0733002424240112,7.545452117919922,117.41761779785156,0.004803976509720087,0.001982733840122819,0.0,23.791667938232422,0.0,33.0
No action rate,p6vbd18i,2026-07-17_17-50-34_05_04_gmr_no_action_rate_seed_42_iter_1000_20260717T143245Z,236,2.9448791214823724,82.02,1.1061960458755493,0.3043197989463806,0.2334374636411667,0.12187613546848297,0.7643124461174011,1.0745295286178589,7.545427322387695,117.83203125,0.0049926284700632095,0.001672412734478712,0.0,24.625,0.0,34.04166793823242
No action rate,p6vbd18i,2026-07-17_17-50-34_05_04_gmr_no_action_rate_seed_42_iter_1000_20260717T143245Z,237,2.864544679969549,80.63,1.107017993927002,0.30820491909980774,0.23324432969093323,0.12200000137090683,0.7631759643554688,1.0772905349731445,7.560568809509277,118.2883529663086,0.005166677292436361,0.0026195207610726357,0.0,23.166667938232422,0.0,33.25
No action rate,p6vbd18i,2026-07-17_17-50-34_05_04_gmr_no_action_rate_seed_42_iter_1000_20260717T143245Z,238,2.7497106647491454,76.69,1.1078085899353027,0.3072969317436218,0.2315305918455124,0.12155752629041672,0.7661861777305603,1.0694434642791748,7.557614803314209,118.52809143066406,0.005251065827906132,0.000870666466653347,0.0,23.125,0.0,33.0
No action rate,p6vbd18i,2026-07-17_17-50-34_05_04_gmr_no_action_rate_seed_42_iter_1000_20260717T143245Z,239,2.815491067171097,77.94,1.1085840463638306,0.30955764651298523,0.23380926251411438,0.12035994231700897,0.7626835703849792,1.0625405311584473,7.567807674407959,118.53013610839844,0.004732409026473761,0.0020934194326400757,0.0,23.875,0.0,32.875
No action rate,p6vbd18i,2026-07-17_17-50-34_05_04_gmr_no_action_rate_seed_42_iter_1000_20260717T143245Z,240,2.765363864302635,77.27,1.1093459129333496,0.31369826197624207,0.2349710911512375,0.12184137105941772,0.7772372961044312,1.0842297077178955,7.610747337341309,119.33724212646484,0.005054009146988392,0.0015967380022630095,0.0,23.25,0.0,31.416667938232422
No action rate,p6vbd18i,2026-07-17_17-50-34_05_04_gmr_no_action_rate_seed_42_iter_1000_20260717T143245Z,241,3.063365181386471,85.75,1.110136866569519,0.30777260661125183,0.23389050364494324,0.12250681221485138,0.7751924395561218,1.0825436115264893,7.615943431854248,119.79681396484375,0.005353791639208794,0.0018958947621285915,0.0,22.5,0.0,32.958335876464844
No action rate,p6vbd18i,2026-07-17_17-50-34_05_04_gmr_no_action_rate_seed_42_iter_1000_20260717T143245Z,242,2.8176951509714128,77.35,1.1109044551849365,0.32431119680404663,0.23269352316856384,0.12104495614767075,0.7693032026290894,1.070068597793579,7.594926357269287,120.319091796875,0.0052748993039131165,0.00108692841604352,0.0,21.416667938232422,0.0,30.291667938232422
No action rate,p6vbd18i,2026-07-17_17-50-34_05_04_gmr_no_action_rate_seed_42_iter_1000_20260717T143245Z,243,2.9268276578187944,83.73,1.1115864515304565,0.3147469460964203,0.23406438529491425,0.12244744598865509,0.7709304690361023,1.0787217617034912,7.6072187423706055,120.33003234863281,0.005352209322154522,0.0018953746184706688,0.0,21.666667938232422,0.0,31.916667938232422
No action rate,p6vbd18i,2026-07-17_17-50-34_05_04_gmr_no_action_rate_seed_42_iter_1000_20260717T143245Z,244,3.168653094768524,88.25,1.1120108366012573,0.3123076558113098,0.23359784483909607,0.12109319865703583,0.7669025659561157,1.0674164295196533,7.603054046630859,120.58506774902344,0.005131353624165058,0.0015649505658075213,0.0,20.791667938232422,0.0,31.666667938232422
No action rate,p6vbd18i,2026-07-17_17-50-34_05_04_gmr_no_action_rate_seed_42_iter_1000_20260717T143245Z,245,2.988636471033096,83.3,1.112849473953247,0.31672757863998413,0.2299456000328064,0.12159230560064316,0.7655093669891357,1.0674078464508057,7.631436824798584,121.76188659667969,0.0053480397909879684,0.00203535333275795,0.0,21.375,0.0,30.416667938232422
No action rate,p6vbd18i,2026-07-17_17-50-34_05_04_gmr_no_action_rate_seed_42_iter_1000_20260717T143245Z,246,2.9180882570147513,84.04,1.1140912771224976,0.3242999315261841,0.2338947355747223,0.12092620134353638,0.7763079404830933,1.0686380863189697,7.636150360107422,121.34551239013672,0.005691759288311005,0.0018457870464771986,0.0,19.291667938232422,0.0,31.33333396911621
No action rate,p6vbd18i,2026-07-17_17-50-34_05_04_gmr_no_action_rate_seed_42_iter_1000_20260717T143245Z,247,3.217699941396713,91.17,1.1147329807281494,0.32095038890838623,0.23419877886772156,0.1214766651391983,0.7766613960266113,1.070343017578125,7.630655288696289,121.53765869140625,0.005204589106142521,0.002313667442649603,0.0,20.45833396911621,0.0,30.45833396911621
No action rate,p6vbd18i,2026-07-17_17-50-34_05_04_gmr_no_action_rate_seed_42_iter_1000_20260717T143245Z,248,3.4302069652080536,93.96,1.115217685699463,0.3189753592014313,0.23469178378582,0.12162797152996063,0.7841970324516296,1.0749603509902954,7.6766815185546875,122.73924255371094,0.005382008850574493,0.0011910375906154513,0.0833333358168602,20.08333396911621,0.0416666679084301,28.791667938232422
No action rate,p6vbd18i,2026-07-17_17-50-34_05_04_gmr_no_action_rate_seed_42_iter_1000_20260717T143245Z,249,2.7716202867031097,80.91,1.1162216663360596,0.3316032290458679,0.2303100824356079,0.12093901634216309,0.7713375091552734,1.0794801712036133,7.670327663421631,123.46554565429688,0.005615900736302137,0.003478188533335924,0.0,19.75,0.0,28.08333396911621
No action rate,p6vbd18i,2026-07-17_17-50-34_05_04_gmr_no_action_rate_seed_42_iter_1000_20260717T143245Z,250,3.415096600353718,98.16,1.1171278953552246,0.3226410448551178,0.2300400584936142,0.12144450843334198,0.7794274091720581,1.0729320049285889,7.675800323486328,123.158203125,0.005524895153939724,0.002013993449509144,0.0,19.33333396911621,0.0,29.291667938232422
No action rate,p6vbd18i,2026-07-17_17-50-34_05_04_gmr_no_action_rate_seed_42_iter_1000_20260717T143245Z,251,3.2225324589014055,93.34,1.1172845363616943,0.32712575793266296,0.23140311241149902,0.12137800455093384,0.7791616320610046,1.078643560409546,7.68691349029541,123.70536804199219,0.005338291637599468,0.0014795539900660515,0.0,18.166667938232422,0.0,31.125
No action rate,p6vbd18i,2026-07-17_17-50-34_05_04_gmr_no_action_rate_seed_42_iter_1000_20260717T143245Z,252,3.2814764946699144,92.3,1.1177585124969482,0.3366541266441345,0.22874915599822998,0.12116118520498276,0.7744767069816589,1.0769906044006348,7.718972206115723,124.16496276855469,0.005575496703386307,0.002106577157974243,0.0,19.875,0.0,28.416667938232422
No action rate,p6vbd18i,2026-07-17_17-50-34_05_04_gmr_no_action_rate_seed_42_iter_1000_20260717T143245Z,253,3.246125884205103,90.14,1.1186612844467163,0.3443123698234558,0.22927610576152802,0.12116597592830658,0.776852548122406,1.0786852836608887,7.6928815841674805,124.80328369140625,0.0057453736662864685,0.0012907306663691998,0.0416666679084301,17.166667938232422,0.0,28.45833396911621
No action rate,p6vbd18i,2026-07-17_17-50-34_05_04_gmr_no_action_rate_seed_42_iter_1000_20260717T143245Z,254,3.015598603785038,88.29,1.1193323135375977,0.3408105969429016,0.23347745835781097,0.12146405875682831,0.7806917428970337,1.0817935466766357,7.717066764831543,125.46528625488281,0.005762949585914612,0.0012885647593066096,0.0,18.20833396911621,0.0,27.375
No action rate,p6vbd18i,2026-07-17_17-50-34_05_04_gmr_no_action_rate_seed_42_iter_1000_20260717T143245Z,255,3.6313325220346453,102.09,1.1199102401733398,0.3544604778289795,0.23110905289649963,0.12193890661001205,0.7845038771629333,1.0960580110549927,7.759606838226318,125.78269958496094,0.006208961363881826,0.0018434040248394012,0.0,17.416667938232422,0.0,26.08333396911621
No action rate,p6vbd18i,2026-07-17_17-50-34_05_04_gmr_no_action_rate_seed_42_iter_1000_20260717T143245Z,256,3.5410307639837266,104.99,1.120629906654358,0.3472536504268646,0.22759878635406494,0.12090739607810974,0.7785832285881042,1.0866847038269043,7.749572277069092,125.76634979248047,0.005493351723998785,0.0014910734025761485,0.0,17.70833396911621,0.0,26.75
No action rate,p6vbd18i,2026-07-17_17-50-34_05_04_gmr_no_action_rate_seed_42_iter_1000_20260717T143245Z,257,3.417737825214863,96.3,1.1216598749160767,0.3451215624809265,0.22672264277935028,0.12043356895446777,0.7797611951828003,1.0791888236999512,7.739411354064941,126.35626220703125,0.0058509851805865765,0.001666451571509242,0.0833333358168602,17.291667938232422,0.0,25.916667938232422
No action rate,p6vbd18i,2026-07-17_17-50-34_05_04_gmr_no_action_rate_seed_42_iter_1000_20260717T143245Z,258,3.6334054934978486,106.31,1.1225171089172363,0.35070478916168213,0.22934745252132416,0.12117396295070648,0.7822917699813843,1.0910834074020386,7.773807048797607,126.50762939453125,0.006141663994640112,0.0034649106673896313,0.0416666679084301,18.291667938232422,0.0,26.375
No action rate,p6vbd18i,2026-07-17_17-50-34_05_04_gmr_no_action_rate_seed_42_iter_1000_20260717T143245Z,259,3.920213701725006,111.73,1.1232281923294067,0.3461887240409851,0.22331929206848145,0.11964544653892517,0.7652168273925781,1.0706593990325928,7.721622467041016,126.55393981933594,0.005964178126305342,0.0020242519676685333,0.0416666679084301,15.875,0.0,26.166667938232422
No action rate,p6vbd18i,2026-07-17_17-50-34_05_04_gmr_no_action_rate_seed_42_iter_1000_20260717T143245Z,260,3.4253518015146254,96.89,1.1238036155700684,0.34744152426719666,0.22757819294929504,0.12108685821294785,0.7850909233093262,1.0814533233642578,7.781928062438965,127.36477661132812,0.00601935014128685,0.0012375814840197563,0.0416666679084301,16.25,0.0,25.916667938232422
No action rate,p6vbd18i,2026-07-17_17-50-34_05_04_gmr_no_action_rate_seed_42_iter_1000_20260717T143245Z,261,3.854165968000889,110.35,1.1248012781143188,0.33845824003219604,0.23076020181179047,0.12181156873703003,0.7890715599060059,1.0830116271972656,7.782169342041016,127.28302001953125,0.006235708482563496,0.0011568211484700441,0.0416666679084301,16.25,0.0,25.625
No action rate,p6vbd18i,2026-07-17_17-50-34_05_04_gmr_no_action_rate_seed_42_iter_1000_20260717T143245Z,262,3.8893497294187545,112.11,1.1255282163619995,0.3586197793483734,0.22588901221752167,0.12039452791213989,0.7780362963676453,1.0795061588287354,7.801000595092773,128.2713623046875,0.00607018917798996,0.0020188805647194386,0.0833333358168602,16.666667938232422,0.0,24.791667938232422
No action rate,p6vbd18i,2026-07-17_17-50-34_05_04_gmr_no_action_rate_seed_42_iter_1000_20260717T143245Z,263,3.8220479708909987,109.12,1.1266919374465942,0.33764904737472534,0.2281172275543213,0.1212075799703598,0.7860755920410156,1.0781848430633545,7.768651962280273,127.64605712890625,0.006203061901032925,0.001468409551307559,0.0416666679084301,15.583333969116211,0.0,22.83333396911621
No action rate,p6vbd18i,2026-07-17_17-50-34_05_04_gmr_no_action_rate_seed_42_iter_1000_20260717T143245Z,264,3.715721344947815,107.74,1.127549409866333,0.35427841544151306,0.22584067285060883,0.12098618596792221,0.7794815301895142,1.0662586688995361,7.7605390548706055,128.20420837402344,0.006146369501948357,0.0012772639747709036,0.0416666679084301,16.5,0.0,21.916667938232422
No action rate,p6vbd18i,2026-07-17_17-50-34_05_04_gmr_no_action_rate_seed_42_iter_1000_20260717T143245Z,265,3.286027705073357,96.72,1.1282665729522705,0.3531254231929779,0.23064999282360077,0.12193405628204346,0.7958580851554871,1.0790438652038574,7.854040145874023,129.29879760742188,0.006429154425859451,0.001912253792397678,0.0833333358168602,16.166667938232422,0.0,22.5
No action rate,p6vbd18i,2026-07-17_17-50-34_05_04_gmr_no_action_rate_seed_42_iter_1000_20260717T143245Z,266,3.4125491857528685,101.93,1.1284223794937134,0.35583949089050293,0.22830705344676971,0.12072839587926865,0.7858561277389526,1.0865626335144043,7.818156719207764,129.51133728027344,0.006464357487857342,0.004418016877025366,0.1666666716337204,15.916666984558105,0.0,23.70833396911621
No action rate,p6vbd18i,2026-07-17_17-50-34_05_04_gmr_no_action_rate_seed_42_iter_1000_20260717T143245Z,267,3.4799530798196794,100.12,1.1289445161819458,0.3559669852256775,0.23133862018585205,0.12212296575307846,0.7836021184921265,1.0822592973709106,7.83003044128418,129.59207153320312,0.00654775183647871,0.0021983045153319836,0.0416666679084301,14.875,0.0,23.5
No action rate,p6vbd18i,2026-07-17_17-50-34_05_04_gmr_no_action_rate_seed_42_iter_1000_20260717T143245Z,268,3.787796812057495,111.7,1.1298398971557617,0.3683997094631195,0.2343987673521042,0.1224825382232666,0.8021165132522583,1.0889259576797485,7.84604024887085,130.4256591796875,0.006502091884613037,0.0013916566967964172,0.1666666716337204,15.25,0.0,23.125
No action rate,p6vbd18i,2026-07-17_17-50-34_05_04_gmr_no_action_rate_seed_42_iter_1000_20260717T143245Z,269,4.057714660167694,118.93,1.1307059526443481,0.35572350025177,0.2314668893814087,0.12219476699829102,0.7832631468772888,1.0666152238845825,7.805403709411621,130.70407104492188,0.006343617103993893,0.0036684158258140087,0.25,14.666666984558105,0.0,22.5
No action rate,p6vbd18i,2026-07-17_17-50-34_05_04_gmr_no_action_rate_seed_42_iter_1000_20260717T143245Z,270,4.404488104581833,123.67,1.131384015083313,0.3636559844017029,0.23245000839233398,0.12323158234357834,0.7990535497665405,1.0892091989517212,7.883034706115723,131.71791076660156,0.006829552352428436,0.0020505599677562714,0.125,15.458333969116211,0.0,20.916667938232422
No action rate,p6vbd18i,2026-07-17_17-50-34_05_04_gmr_no_action_rate_seed_42_iter_1000_20260717T143245Z,271,3.8765112133324147,111.32,1.1321343183517456,0.37021946907043457,0.2220107913017273,0.12044982612133026,0.7747577428817749,1.0736777782440186,7.838294506072998,131.6019287109375,0.006695848889648914,0.002673080889508128,0.25,14.5,0.0,21.70833396911621
No action rate,p6vbd18i,2026-07-17_17-50-34_05_04_gmr_no_action_rate_seed_42_iter_1000_20260717T143245Z,272,4.040716560482979,117.3,1.1327499151229858,0.3646657466888428,0.2274664342403412,0.12130604684352875,0.7874025106430054,1.0887795686721802,7.902991771697998,132.0437469482422,0.007229368202388287,0.0014717814046889544,0.25,14.041666984558105,0.0,22.45833396911621
No action rate,p6vbd18i,2026-07-17_17-50-34_05_04_gmr_no_action_rate_seed_42_iter_1000_20260717T143245Z,273,4.478298536241055,124.52,1.133471965789795,0.3484511077404022,0.22942209243774414,0.12177850306034088,0.7894487380981445,1.0809246301651,7.88641881942749,132.45188903808594,0.007042374461889267,0.0033226176165044308,0.25,12.166666984558105,0.0,20.041667938232422
No action rate,p6vbd18i,2026-07-17_17-50-34_05_04_gmr_no_action_rate_seed_42_iter_1000_20260717T143245Z,274,4.646020069718361,131.73,1.1339800357818604,0.37383076548576355,0.22252008318901062,0.12092432379722595,0.7726101875305176,1.076897382736206,7.8922119140625,133.87484741210938,0.006760879885405302,0.001296172384172678,0.4166666865348816,12.375,0.0,18.791667938232422
No action rate,p6vbd18i,2026-07-17_17-50-34_05_04_gmr_no_action_rate_seed_42_iter_1000_20260717T143245Z,275,3.771362316906452,109.08,1.1342048645019531,0.36681410670280457,0.22443413734436035,0.12168511003255844,0.7853941917419434,1.0877346992492676,7.919114589691162,133.5791778564453,0.007107025943696499,0.0009487452916800976,0.1666666716337204,13.333333969116211,0.0,22.041667938232422
No action rate,p6vbd18i,2026-07-17_17-50-34_05_04_gmr_no_action_rate_seed_42_iter_1000_20260717T143245Z,276,4.8426405295729635,138.06,1.1352139711380005,0.35794493556022644,0.22387897968292236,0.1216549426317215,0.78890460729599,1.0740864276885986,7.901711463928223,133.35089111328125,0.006831211969256401,0.002000251319259405,0.125,12.75,0.0,20.125
No action rate,p6vbd18i,2026-07-17_17-50-34_05_04_gmr_no_action_rate_seed_42_iter_1000_20260717T143245Z,277,4.440368909835815,129.89,1.1360962390899658,0.36598286032676697,0.22669252753257751,0.1203080415725708,0.7797644138336182,1.091827392578125,7.9181413650512695,133.87132263183594,0.007070724852383137,0.0017060681711882353,0.2083333432674408,11.708333969116211,0.0,20.375
No action rate,p6vbd18i,2026-07-17_17-50-34_05_04_gmr_no_action_rate_seed_42_iter_1000_20260717T143245Z,278,4.0712346205115315,115.26,1.1371530294418335,0.35952091217041016,0.219463512301445,0.1207609474658966,0.7745663523674011,1.0708963871002197,7.8817901611328125,133.63314819335938,0.006597598548978567,0.0021559656597673893,0.2916666865348816,10.416666984558105,0.0,19.541667938232422
No action rate,p6vbd18i,2026-07-17_17-50-34_05_04_gmr_no_action_rate_seed_42_iter_1000_20260717T143245Z,279,3.9632031178474425,113.43,1.1381068229675293,0.36642393469810486,0.22320780158042908,0.12147901952266693,0.7846807241439819,1.0734612941741943,7.887759208679199,134.41392517089844,0.0068429759703576565,0.0016319621354341507,0.4166666865348816,11.625,0.0,18.041667938232422
No action rate,p6vbd18i,2026-07-17_17-50-34_05_04_gmr_no_action_rate_seed_42_iter_1000_20260717T143245Z,280,4.569909063875675,128.76,1.138675332069397,0.36627399921417236,0.2210855334997177,0.12021264433860779,0.7806776762008667,1.0707645416259766,7.901837348937988,134.87591552734375,0.006200005766004324,0.0016746100736781955,0.3333333432674408,10.833333969116211,0.0,19.125
No action rate,p6vbd18i,2026-07-17_17-50-34_05_04_gmr_no_action_rate_seed_42_iter_1000_20260717T143245Z,281,6.07244753645733,174.73,1.139650583267212,0.37537598609924316,0.2228146642446518,0.12163170427083969,0.7880052328109741,1.071164608001709,7.934207439422607,135.49761962890625,0.006733085960149765,0.002114886185154319,0.8333333730697632,12.375,0.0,17.5
No action rate,p6vbd18i,2026-07-17_17-50-34_05_04_gmr_no_action_rate_seed_42_iter_1000_20260717T143245Z,282,4.419999706894159,131.23,1.1409389972686768,0.38062891364097595,0.22230474650859833,0.12133769690990448,0.7863515615463257,1.0697184801101685,7.934308052062988,134.98971557617188,0.006961206905543804,0.0013161692768335342,0.8333333730697632,10.291666984558105,0.0,18.791667938232422
No action rate,p6vbd18i,2026-07-17_17-50-34_05_04_gmr_no_action_rate_seed_42_iter_1000_20260717T143245Z,283,4.074128421843052,118.98,1.1423231363296509,0.3689310550689697,0.21800261735916138,0.12159352004528046,0.7804390788078308,1.0747435092926025,7.919689178466797,135.2312774658203,0.006970894988626242,0.00372908404096961,0.375,9.583333969116211,0.0,17.666667938232422
No action rate,p6vbd18i,2026-07-17_17-50-34_05_04_gmr_no_action_rate_seed_42_iter_1000_20260717T143245Z,284,5.057459992170334,147.94,1.1434170007705688,0.38133594393730164,0.22207173705101013,0.12145255506038666,0.7795774340629578,1.0741182565689087,7.923958778381348,135.9588623046875,0.00673978915438056,0.0018084514886140823,0.5,10.625,0.0,15.583333969116211
No action rate,p6vbd18i,2026-07-17_17-50-34_05_04_gmr_no_action_rate_seed_42_iter_1000_20260717T143245Z,285,5.29239484846592,154.43,1.144515037536621,0.3755650520324707,0.2216031551361084,0.12200178951025009,0.7795993685722351,1.072252631187439,7.953284740447998,136.30801391601562,0.00691897002980113,0.0035665284376591444,0.5416666865348816,10.333333969116211,0.0,17.125
No action rate,p6vbd18i,2026-07-17_17-50-34_05_04_gmr_no_action_rate_seed_42_iter_1000_20260717T143245Z,286,4.908583620488644,139.25,1.1454323530197144,0.3709695041179657,0.21693333983421326,0.11989729851484299,0.7748750448226929,1.0703048706054688,7.940595626831055,136.49038696289062,0.007011862006038427,0.0012968792580068111,0.6666666865348816,8.541666984558105,0.0,17.125
No action rate,p6vbd18i,2026-07-17_17-50-34_05_04_gmr_no_action_rate_seed_42_iter_1000_20260717T143245Z,287,6.529323217272759,187.81,1.1461080312728882,0.37138402462005615,0.21963827311992645,0.12077691406011581,0.7809793949127197,1.0753719806671143,7.965468883514404,137.44076538085938,0.007014717906713486,0.0020845825783908367,0.7916666865348816,10.041666984558105,0.0,15.375
No action rate,p6vbd18i,2026-07-17_17-50-34_05_04_gmr_no_action_rate_seed_42_iter_1000_20260717T143245Z,288,6.380352131724358,185.4,1.1464331150054932,0.3777225613594055,0.21777819097042084,0.1205681562423706,0.7784611582756042,1.0547595024108887,7.9168500900268555,137.0109100341797,0.006332593970000744,0.0015486462507396936,1.2916667461395264,9.166666984558105,0.0,15.291666984558105
No action rate,p6vbd18i,2026-07-17_17-50-34_05_04_gmr_no_action_rate_seed_42_iter_1000_20260717T143245Z,289,5.903403451740742,165.25,1.1474310159683228,0.3722779154777527,0.2201213240623474,0.11974158883094788,0.7777950167655945,1.059988260269165,7.936465263366699,137.80625915527344,0.006434002425521612,0.0015227110125124454,1.0833333730697632,10.333333969116211,0.0,15.083333969116211
No action rate,p6vbd18i,2026-07-17_17-50-34_05_04_gmr_no_action_rate_seed_42_iter_1000_20260717T143245Z,290,5.545843762755394,160.48,1.1482571363449097,0.3864615857601166,0.21994571387767792,0.12042730301618576,0.7711819410324097,1.0641484260559082,7.9181365966796875,138.29994201660156,0.007274969946593046,0.0014365201350301504,1.25,9.5,0.0,13.916666984558105
No action rate,p6vbd18i,2026-07-17_17-50-34_05_04_gmr_no_action_rate_seed_42_iter_1000_20260717T143245Z,291,6.3469393658638005,186.51,1.149487853050232,0.3859947621822357,0.22018513083457947,0.12130260467529297,0.7824640274047852,1.069955825805664,7.958198070526123,138.72982788085938,0.007307842373847961,0.0021513209212571383,1.0,9.166666984558105,0.0,14.791666984558105
No action rate,p6vbd18i,2026-07-17_17-50-34_05_04_gmr_no_action_rate_seed_42_iter_1000_20260717T143245Z,292,6.380340463519096,179.05,1.1506295204162598,0.37327271699905396,0.21927803754806519,0.11994802951812744,0.7738533020019531,1.0508049726486206,7.957971572875977,139.3121337890625,0.006498660426586866,0.00133943697437644,1.2916667461395264,9.666666984558105,0.0,13.041666984558105
No action rate,p6vbd18i,2026-07-17_17-50-34_05_04_gmr_no_action_rate_seed_42_iter_1000_20260717T143245Z,293,5.4416816522181035,153.02,1.1512237787246704,0.38530033826828003,0.21794798970222473,0.12040361016988754,0.7769633531570435,1.0583266019821167,7.953085899353027,138.87110900878906,0.00661699753254652,0.0016730474308133125,1.5416667461395264,8.958333969116211,0.0,14.75
No action rate,p6vbd18i,2026-07-17_17-50-34_05_04_gmr_no_action_rate_seed_42_iter_1000_20260717T143245Z,294,5.996248477697373,172.13,1.1521495580673218,0.3935840129852295,0.21140789985656738,0.11921852827072144,0.7716428637504578,1.0568593740463257,7.970848083496094,140.16094970703125,0.007001274731010199,0.0020163822919130325,1.5,8.708333969116211,0.0,14.708333969116211
No action rate,p6vbd18i,2026-07-17_17-50-34_05_04_gmr_no_action_rate_seed_42_iter_1000_20260717T143245Z,295,5.083475072085857,146.96,1.1530606746673584,0.38361072540283203,0.2204943597316742,0.12164962291717529,0.768627405166626,1.0715186595916748,7.991994380950928,140.406005859375,0.007517244666814804,0.0023432138841599226,0.7916666865348816,8.458333969116211,0.0,14.416666984558105
No action rate,p6vbd18i,2026-07-17_17-50-34_05_04_gmr_no_action_rate_seed_42_iter_1000_20260717T143245Z,296,7.063098652362823,201.49,1.1536954641342163,0.38929229974746704,0.22110186517238617,0.12071668356657028,0.7831882238388062,1.0592402219772339,7.976916313171387,140.19532775878906,0.007496621459722519,0.002037761267274618,1.8333333730697632,8.0,0.0,13.208333969116211
No action rate,p6vbd18i,2026-07-17_17-50-34_05_04_gmr_no_action_rate_seed_42_iter_1000_20260717T143245Z,297,6.636323954761028,190.62,1.1547359228134155,0.3854561448097229,0.21702973544597626,0.11971225589513779,0.7776028513908386,1.0534822940826416,7.957696437835693,140.44161987304688,0.00671148207038641,0.0011786732356995344,1.6666667461395264,7.625,0.0,14.083333969116211
No action rate,p6vbd18i,2026-07-17_17-50-34_05_04_gmr_no_action_rate_seed_42_iter_1000_20260717T143245Z,298,6.111267777085304,173.2,1.155624508857727,0.37486881017684937,0.21605317294597626,0.12046484649181366,0.7788209915161133,1.0388762950897217,7.977675914764404,141.30484008789062,0.0069014765322208405,0.0012468148488551378,1.4166667461395264,8.5,0.0,14.166666984558105
No action rate,p6vbd18i,2026-07-17_17-50-34_05_04_gmr_no_action_rate_seed_42_iter_1000_20260717T143245Z,299,6.96823427259922,194.06,1.1567052602767944,0.3800932765007019,0.21159198880195618,0.11985069513320923,0.7762150168418884,1.0435330867767334,7.956710338592529,141.25071716308594,0.007402441464364529,0.0021381748374551535,2.0,8.791666984558105,0.0,11.416666984558105
No action rate,p6vbd18i,2026-07-17_17-50-34_05_04_gmr_no_action_rate_seed_42_iter_1000_20260717T143245Z,300,6.345225133001804,180.38,1.1573450565338135,0.36928999423980713,0.21424125134944916,0.11861385405063629,0.7692750692367554,1.0232415199279785,7.970436096191406,142.0261993408203,0.007100490387529135,0.0013970625586807728,1.875,7.75,0.0,13.041666984558105
No action rate,p6vbd18i,2026-07-17_17-50-34_05_04_gmr_no_action_rate_seed_42_iter_1000_20260717T143245Z,301,7.343111024200916,205.1,1.1576781272888184,0.3908917307853699,0.2132321298122406,0.11974585056304932,0.7767791748046875,1.0484607219696045,8.000537872314453,142.18804931640625,0.0073581263422966,0.0014622306916862726,1.375,8.291666984558105,0.0,12.625
No action rate,p6vbd18i,2026-07-17_17-50-34_05_04_gmr_no_action_rate_seed_42_iter_1000_20260717T143245Z,302,7.364079773426056,206.15,1.1588903665542603,0.3838498592376709,0.21541431546211243,0.118930384516716,0.7685672640800476,1.0366061925888062,7.998546600341797,142.45010375976562,0.0071974340826272964,0.0020334525033831596,1.5833333730697632,6.75,0.0,10.625
No action rate,p6vbd18i,2026-07-17_17-50-34_05_04_gmr_no_action_rate_seed_42_iter_1000_20260717T143245Z,303,6.489030373394489,182.47,1.1597098112106323,0.391668438911438,0.2155178040266037,0.1194014772772789,0.7742359042167664,1.0473309755325317,8.038104057312012,144.08798217773438,0.007566080894321203,0.002579557243734598,2.0833334922790527,7.125,0.0,11.458333969116211
No action rate,p6vbd18i,2026-07-17_17-50-34_05_04_gmr_no_action_rate_seed_42_iter_1000_20260717T143245Z,304,7.917338098883629,224.85,1.1605173349380493,0.3884151577949524,0.2123197764158249,0.11767280101776123,0.7569515705108643,1.0190653800964355,7.930830955505371,142.4015350341797,0.006951723247766495,0.0019315833924338222,2.4583334922790527,6.0,0.0,11.0
No action rate,p6vbd18i,2026-07-17_17-50-34_05_04_gmr_no_action_rate_seed_42_iter_1000_20260717T143245Z,305,7.436779115796089,212.02,1.1613233089447021,0.3889497220516205,0.21230491995811462,0.11752438545227051,0.760350227355957,1.0337274074554443,8.000463485717773,144.1533203125,0.0070305801928043365,0.001579688279889524,2.375,6.75,0.0,12.208333969116211
No action rate,p6vbd18i,2026-07-17_17-50-34_05_04_gmr_no_action_rate_seed_42_iter_1000_20260717T143245Z,306,6.748251484036445,192.6,1.1620346307754517,0.395296573638916,0.2105218470096588,0.11733154952526093,0.7620865702629089,1.0360472202301025,7.988933086395264,144.22247314453125,0.006743633653968573,0.0016955811297520995,2.0,7.0416669845581055,0.0,11.666666984558105
No action rate,p6vbd18i,2026-07-17_17-50-34_05_04_gmr_no_action_rate_seed_42_iter_1000_20260717T143245Z,307,6.487834605276585,181.8,1.1625109910964966,0.3718421459197998,0.21211305260658264,0.11791529506444931,0.7577780485153198,1.0483132600784302,8.051900863647461,145.70013427734375,0.008356984704732895,0.0027872580103576183,2.25,5.833333492279053,0.0,11.458333969116211
No action rate,p6vbd18i,2026-07-17_17-50-34_05_04_gmr_no_action_rate_seed_42_iter_1000_20260717T143245Z,308,7.830065051317215,224.72,1.1633955240249634,0.40462884306907654,0.20950648188591003,0.11689358204603195,0.7629331946372986,1.037585973739624,8.032282829284668,145.70553588867188,0.006933263968676329,0.0014054314233362675,2.3333334922790527,5.625,0.0,10.625
No action rate,p6vbd18i,2026-07-17_17-50-34_05_04_gmr_no_action_rate_seed_42_iter_1000_20260717T143245Z,309,8.661686473488807,244.09,1.1643654108047485,0.411027729511261,0.21234938502311707,0.11768170446157455,0.7561143636703491,1.0250277519226074,7.941529273986816,144.72854614257812,0.006807672791182995,0.0012977259466424584,2.125,6.0,0.0,11.75
No action rate,p6vbd18i,2026-07-17_17-50-34_05_04_gmr_no_action_rate_seed_42_iter_1000_20260717T143245Z,310,8.268087500929832,234.4,1.1652584075927734,0.4244024157524109,0.20715516805648804,0.11850040405988693,0.7595720291137695,1.0422008037567139,8.017984390258789,146.07275390625,0.007395948749035597,0.0019182035466656089,2.3333334922790527,6.25,0.0,10.166666984558105
No action rate,p6vbd18i,2026-07-17_17-50-34_05_04_gmr_no_action_rate_seed_42_iter_1000_20260717T143245Z,311,7.120380477011204,202.26,1.1660478115081787,0.41392725706100464,0.21362827718257904,0.11903882026672363,0.7687680125236511,1.046712875366211,8.028797149658203,145.59664916992188,0.007495417259633541,0.0021582343615591526,2.9166667461395264,5.583333492279053,0.0,10.291666984558105
No action rate,p6vbd18i,2026-07-17_17-50-34_05_04_gmr_no_action_rate_seed_42_iter_1000_20260717T143245Z,312,7.464797517061234,206.33,1.1673479080200195,0.37494438886642456,0.2091394066810608,0.11708644032478333,0.7564736604690552,1.0275543928146362,8.084739685058594,146.65744018554688,0.007619963958859444,0.012418070808053017,2.4583334922790527,6.4166669845581055,0.0,9.958333969116211
No action rate,p6vbd18i,2026-07-17_17-50-34_05_04_gmr_no_action_rate_seed_42_iter_1000_20260717T143245Z,313,8.334671092033386,237.58,1.1682302951812744,0.4107329845428467,0.20970407128334045,0.11760609596967697,0.7614572048187256,1.0302424430847168,8.063512802124023,146.76304626464844,0.007510456256568432,0.00208567688241601,2.75,5.7916669845581055,0.0,9.708333969116211
No action rate,p6vbd18i,2026-07-17_17-50-34_05_04_gmr_no_action_rate_seed_42_iter_1000_20260717T143245Z,314,7.305342777371407,207.65,1.1691569089889526,0.41080808639526367,0.20930954813957214,0.11653245985507965,0.7562620043754578,1.026965618133545,8.009838104248047,146.2188720703125,0.007132260128855705,0.002275550737977028,2.9583334922790527,5.208333492279053,0.0,8.875
No action rate,p6vbd18i,2026-07-17_17-50-34_05_04_gmr_no_action_rate_seed_42_iter_1000_20260717T143245Z,315,8.054253880530595,224.79,1.1700023412704468,0.4026051163673401,0.2082679271697998,0.11693816632032394,0.7603210210800171,1.0325472354888916,8.046295166015625,147.19424438476562,0.008091139607131481,0.0014067849842831492,2.2916667461395264,5.125,0.0,10.291666984558105
No action rate,p6vbd18i,2026-07-17_17-50-34_05_04_gmr_no_action_rate_seed_42_iter_1000_20260717T143245Z,316,8.259964905232192,232.66,1.1711698770523071,0.40618646144866943,0.21036766469478607,0.11762750148773193,0.755400538444519,1.0208015441894531,8.011371612548828,146.72406005859375,0.006972315721213818,0.001707096816971898,2.6666667461395264,5.5,0.0,9.291666984558105
No action rate,p6vbd18i,2026-07-17_17-50-34_05_04_gmr_no_action_rate_seed_42_iter_1000_20260717T143245Z,317,8.739319790750741,248.59,1.1723265647888184,0.4009068012237549,0.20708519220352173,0.11770917475223541,0.7610514163970947,1.0208390951156616,8.026159286499023,147.2689208984375,0.007694466970860958,0.0015724686672911048,3.125,6.0,0.0,9.041666984558105
No action rate,p6vbd18i,2026-07-17_17-50-34_05_04_gmr_no_action_rate_seed_42_iter_1000_20260717T143245Z,318,9.079500734210015,249.98,1.173069715499878,0.39869436621665955,0.20472195744514465,0.11624054610729218,0.7436708211898804,0.9997599124908447,7.989951133728027,147.53231811523438,0.006980041973292828,0.0019439458847045898,3.25,5.4166669845581055,0.0,9.0
No action rate,p6vbd18i,2026-07-17_17-50-34_05_04_gmr_no_action_rate_seed_42_iter_1000_20260717T143245Z,319,9.424871843606233,266.71,1.1739252805709839,0.4192811846733093,0.20740211009979248,0.11694373190402985,0.7504755854606628,1.0286616086959839,8.081344604492188,149.26873779296875,0.008057164028286934,0.0025679776445031166,3.125,5.583333492279053,0.0,9.166666984558105
No action rate,p6vbd18i,2026-07-17_17-50-34_05_04_gmr_no_action_rate_seed_42_iter_1000_20260717T143245Z,320,8.748323279321193,242.57,1.1753119230270386,0.4069151282310486,0.20762822031974792,0.11661183834075928,0.749349057674408,1.0246285200119019,8.056145668029785,149.1676025390625,0.007611807435750961,0.0014511325862258673,3.0416667461395264,5.333333492279053,0.0,9.166666984558105
No action rate,p6vbd18i,2026-07-17_17-50-34_05_04_gmr_no_action_rate_seed_42_iter_1000_20260717T143245Z,321,8.10633955001831,231.11,1.1761153936386108,0.43417251110076904,0.20872239768505096,0.11810778826475143,0.75702303647995,1.0269631147384644,8.025344848632812,149.0825653076172,0.0076878685504198074,0.00503145344555378,3.0,4.458333492279053,0.0,7.833333492279053
No action rate,p6vbd18i,2026-07-17_17-50-34_05_04_gmr_no_action_rate_seed_42_iter_1000_20260717T143245Z,322,7.152465949356556,206.09,1.1768618822097778,0.4054739475250244,0.211099773645401,0.11664362996816635,0.7548798322677612,1.0334150791168213,8.076132774353027,149.52896118164062,0.007341123651713133,0.00371607206761837,2.9166667461395264,5.375,0.0,8.333333969116211
No action rate,p6vbd18i,2026-07-17_17-50-34_05_04_gmr_no_action_rate_seed_42_iter_1000_20260717T143245Z,323,9.00779049396515,248.05,1.1778314113616943,0.4097081422805786,0.2083035409450531,0.11645229905843735,0.7549678683280945,1.021045446395874,8.090374946594238,150.65692138671875,0.0074404883198440075,0.0012447497574612498,3.0416667461395264,4.833333492279053,0.0,7.9166669845581055
No action rate,p6vbd18i,2026-07-17_17-50-34_05_04_gmr_no_action_rate_seed_42_iter_1000_20260717T143245Z,324,9.43007971316576,268.52,1.1785273551940918,0.41470688581466675,0.20612725615501404,0.11539184302091599,0.7548055648803711,1.0081814527511597,8.080102920532227,150.06640625,0.007043185643851757,0.002021796302869916,4.25,4.458333492279053,0.0,8.875
No action rate,p6vbd18i,2026-07-17_17-50-34_05_04_gmr_no_action_rate_seed_42_iter_1000_20260717T143245Z,325,9.475219193994999,262.79,1.1795505285263062,0.4059019088745117,0.20869921147823334,0.11728151887655258,0.7534791231155396,1.0136706829071045,8.074836730957031,150.28494262695312,0.008239979855716228,0.0024625775404274464,3.5,5.0416669845581055,0.0,7.4166669845581055
No action rate,p6vbd18i,2026-07-17_17-50-34_05_04_gmr_no_action_rate_seed_42_iter_1000_20260717T143245Z,326,10.488174473047257,292.7,1.18051016330719,0.4137663245201111,0.20968382060527802,0.11634182929992676,0.7568889856338501,1.0121004581451416,8.102457046508789,151.5059814453125,0.007763742469251156,0.0017102917190641165,3.875,4.458333492279053,0.0,8.25
No action rate,p6vbd18i,2026-07-17_17-50-34_05_04_gmr_no_action_rate_seed_42_iter_1000_20260717T143245Z,327,7.999479632079601,225.09,1.1812913417816162,0.4222545623779297,0.20996403694152832,0.11719678342342377,0.7480246424674988,1.0153237581253052,8.077349662780762,151.10508728027344,0.007943713106215,0.0017400732031092048,4.0,5.083333492279053,0.0,8.166666984558105
No action rate,p6vbd18i,2026-07-17_17-50-34_05_04_gmr_no_action_rate_seed_42_iter_1000_20260717T143245Z,328,9.000802173912525,252.28,1.1822988986968994,0.415141761302948,0.20278483629226685,0.11631443351507187,0.7421256899833679,1.0158908367156982,8.11076545715332,151.82333374023438,0.008369054645299911,0.0017222387250512838,3.75,3.75,0.0,8.125
No action rate,p6vbd18i,2026-07-17_17-50-34_05_04_gmr_no_action_rate_seed_42_iter_1000_20260717T143245Z,329,10.223683827519416,281.19,1.1831496953964233,0.4163169860839844,0.20084898173809052,0.11493971198797226,0.7424852252006531,0.9944993853569031,8.053268432617188,151.20474243164062,0.006882708519697189,0.002298985840752721,3.5,4.458333492279053,0.0,7.958333492279053
No action rate,p6vbd18i,2026-07-17_17-50-34_05_04_gmr_no_action_rate_seed_42_iter_1000_20260717T143245Z,330,9.603063032478094,270.95,1.183955192565918,0.4116673469543457,0.20335793495178223,0.11507171392440796,0.7461649775505066,0.9997066259384155,8.069725036621094,152.10498046875,0.0071849338710308075,0.0036665182560682297,3.9583334922790527,4.208333492279053,0.0,7.0416669845581055
No action rate,p6vbd18i,2026-07-17_17-50-34_05_04_gmr_no_action_rate_seed_42_iter_1000_20260717T143245Z,331,9.346697916984558,258.17,1.1849086284637451,0.40751904249191284,0.19575390219688416,0.11435388028621674,0.73602294921875,0.9985678195953369,8.074233055114746,152.29119873046875,0.0077237761579453945,0.0017173686064779758,3.6666667461395264,3.875,0.0,7.833333492279053
No action rate,p6vbd18i,2026-07-17_17-50-34_05_04_gmr_no_action_rate_seed_42_iter_1000_20260717T143245Z,332,9.518646664619446,260.83,1.1856257915496826,0.39991915225982666,0.2029438465833664,0.11438681930303574,0.735736072063446,1.0050467252731323,8.090816497802734,153.0784454345703,0.007925255224108696,0.0010985321132466197,3.9166667461395264,3.625,0.0,7.208333492279053
No action rate,p6vbd18i,2026-07-17_17-50-34_05_04_gmr_no_action_rate_seed_42_iter_1000_20260717T143245Z,333,9.736868959665298,273.09,1.1864784955978394,0.41472455859184265,0.20500241219997406,0.1146179661154747,0.7431763410568237,0.9990667104721069,8.077597618103027,153.31381225585938,0.007261291146278381,0.0017393722664564848,4.208333492279053,4.6666669845581055,0.0,7.25
No action rate,p6vbd18i,2026-07-17_17-50-34_05_04_gmr_no_action_rate_seed_42_iter_1000_20260717T143245Z,334,8.72778361186385,242.62,1.1875238418579102,0.4031258225440979,0.20936863124370575,0.11529108136892319,0.7486664652824402,0.9971442222595215,8.10898208618164,153.1993865966797,0.007969632744789124,0.0020503876730799675,3.625,3.7916667461395264,0.0,6.25
No action rate,p6vbd18i,2026-07-17_17-50-34_05_04_gmr_no_action_rate_seed_42_iter_1000_20260717T143245Z,335,9.694391582012177,272.35,1.1886454820632935,0.4324330687522888,0.20654337108135223,0.11535786092281342,0.754768967628479,1.011205792427063,8.119569778442383,153.994140625,0.007195993792265654,0.002277207328006625,4.0416669845581055,3.4583334922790527,0.0,7.333333492279053
No action rate,p6vbd18i,2026-07-17_17-50-34_05_04_gmr_no_action_rate_seed_42_iter_1000_20260717T143245Z,336,10.667883121967316,294.4,1.189886450767517,0.4030529260635376,0.19863903522491455,0.1147027537226677,0.7390123605728149,0.9914697408676147,8.12232780456543,155.07162475585938,0.007795881014317274,0.002229144796729088,3.75,3.625,0.0,6.7916669845581055
No action rate,p6vbd18i,2026-07-17_17-50-34_05_04_gmr_no_action_rate_seed_42_iter_1000_20260717T143245Z,337,9.257879801392555,258.84,1.1910213232040405,0.4320377707481384,0.20373889803886414,0.11609289050102234,0.7468819618225098,1.005782127380371,8.131857872009277,154.96444702148438,0.0076391189359128475,0.0024021838326007128,4.208333492279053,3.8333334922790527,0.0,6.9166669845581055
No action rate,p6vbd18i,2026-07-17_17-50-34_05_04_gmr_no_action_rate_seed_42_iter_1000_20260717T143245Z,338,11.28274875164032,307.49,1.1918379068374634,0.42094236612319946,0.19689422845840454,0.11421968042850494,0.7318040132522583,0.9853019714355469,8.043632507324219,154.19351196289062,0.007718916982412338,0.0018959539011120796,4.0416669845581055,3.0,0.0,6.083333492279053
No action rate,p6vbd18i,2026-07-17_17-50-34_05_04_gmr_no_action_rate_seed_42_iter_1000_20260717T143245Z,339,12.566239300370217,339.36,1.1933495998382568,0.41049861907958984,0.20063230395317078,0.11386775225400925,0.7375259399414062,0.9846587181091309,8.054779052734375,154.50137329101562,0.007385547272861004,0.0017458706861361861,4.708333492279053,3.6666667461395264,0.0,5.875
No action rate,p6vbd18i,2026-07-17_17-50-34_05_04_gmr_no_action_rate_seed_42_iter_1000_20260717T143245Z,340,9.986395967379213,278.69,1.1948161125183105,0.42618077993392944,0.19586770236492157,0.11401750892400742,0.7327982187271118,0.9868370890617371,8.072317123413086,155.6561737060547,0.007380739785730839,0.0017864428227767348,4.458333492279053,3.875,0.0,6.0
No action rate,p6vbd18i,2026-07-17_17-50-34_05_04_gmr_no_action_rate_seed_42_iter_1000_20260717T143245Z,341,10.54827749311924,292.13,1.1961725950241089,0.42863091826438904,0.19787567853927612,0.1144043430685997,0.7341756820678711,0.986245334148407,8.035017013549805,154.70425415039062,0.007370851002633572,0.0012750527821481228,4.6666669845581055,3.4583334922790527,0.0,5.9166669845581055
No action rate,p6vbd18i,2026-07-17_17-50-34_05_04_gmr_no_action_rate_seed_42_iter_1000_20260717T143245Z,342,10.573802068829536,286.14,1.1971937417984009,0.4088084101676941,0.1986752450466156,0.11433582752943039,0.7323449850082397,1.0096197128295898,8.188217163085938,157.05149841308594,0.009548654779791832,0.003687433898448944,3.4583334922790527,3.2083334922790527,0.0,6.9166669845581055
No action rate,p6vbd18i,2026-07-17_17-50-34_05_04_gmr_no_action_rate_seed_42_iter_1000_20260717T143245Z,343,9.835670463740826,272.77,1.1979039907455444,0.43040284514427185,0.1951761245727539,0.11285670846700668,0.7230147123336792,0.9800511598587036,8.098176956176758,156.15582275390625,0.007631694432348013,0.00391840934753418,4.125,3.9583334922790527,0.0,6.083333492279053
No action rate,p6vbd18i,2026-07-17_17-50-34_05_04_gmr_no_action_rate_seed_42_iter_1000_20260717T143245Z,344,12.075593451857566,328.5,1.1993025541305542,0.41284820437431335,0.19833438098430634,0.11245186626911163,0.7400876879692078,0.9808927774429321,8.146669387817383,156.4215850830078,0.0070000602863729,0.003047890029847622,4.9166669845581055,2.7916667461395264,0.0,5.833333492279053
No action rate,p6vbd18i,2026-07-17_17-50-34_05_04_gmr_no_action_rate_seed_42_iter_1000_20260717T143245Z,345,11.935041780471801,324.34,1.2006930112838745,0.4203871190547943,0.2005837857723236,0.11428319662809372,0.7400333285331726,0.9882926940917969,8.10915756225586,157.02597045898438,0.008173868991434574,0.0011652864050120115,5.2916669845581055,3.5416667461395264,0.0,6.458333492279053
No action rate,p6vbd18i,2026-07-17_17-50-34_05_04_gmr_no_action_rate_seed_42_iter_1000_20260717T143245Z,346,11.843299306333066,326.91,1.2016690969467163,0.4380137324333191,0.20280413329601288,0.11352535337209702,0.736949622631073,0.9872183799743652,8.129659652709961,157.57492065429688,0.007347022648900747,0.002355030272156,4.9166669845581055,3.5416667461395264,0.0,6.708333492279053
No action rate,p6vbd18i,2026-07-17_17-50-34_05_04_gmr_no_action_rate_seed_42_iter_1000_20260717T143245Z,347,11.082964600622654,301.75,1.2022536993026733,0.4227463901042938,0.19868521392345428,0.11419745534658432,0.7376076579093933,1.0070488452911377,8.15860366821289,158.34664916992188,0.00872437097132206,0.0015670189168304205,4.75,3.2083334922790527,0.0,5.958333492279053
No action rate,p6vbd18i,2026-07-17_17-50-34_05_04_gmr_no_action_rate_seed_42_iter_1000_20260717T143245Z,348,11.554979605078698,316.99,1.2031532526016235,0.4267647862434387,0.19434891641139984,0.11421849578619003,0.7312440872192383,0.9923124313354492,8.131744384765625,158.64141845703125,0.007431766949594021,0.0018793439958244562,5.125,3.0,0.0,6.333333492279053
No action rate,p6vbd18i,2026-07-17_17-50-34_05_04_gmr_no_action_rate_seed_42_iter_1000_20260717T143245Z,349,11.30091425448656,310.16,1.2037594318389893,0.4326048791408539,0.20004600286483765,0.11436176300048828,0.7402846813201904,0.9852068424224854,8.150360107421875,158.91452026367188,0.007576766423881054,0.0027240323834121227,5.583333492279053,3.4166667461395264,0.0,6.25
No action rate,p6vbd18i,2026-07-17_17-50-34_05_04_gmr_no_action_rate_seed_42_iter_1000_20260717T143245Z,350,11.478080747276545,312.02,1.2048052549362183,0.41998276114463806,0.20094791054725647,0.11483140289783478,0.7414624094963074,0.9987611770629883,8.185562133789062,158.5662384033203,0.008992262184619904,0.009633255191147327,4.958333492279053,3.0416667461395264,0.0,6.583333492279053
No action rate,p6vbd18i,2026-07-17_17-50-34_05_04_gmr_no_action_rate_seed_42_iter_1000_20260717T143245Z,351,11.351642711311579,311.25,1.2057267427444458,0.42170262336730957,0.19708459079265594,0.11254631727933884,0.741080641746521,0.9921292662620544,8.159720420837402,158.75619506835938,0.007744163274765015,0.0023816365282982588,4.6666669845581055,2.875,0.0,5.75
No action rate,p6vbd18i,2026-07-17_17-50-34_05_04_gmr_no_action_rate_seed_42_iter_1000_20260717T143245Z,352,10.108332006335258,278.29,1.2071303129196167,0.4292246699333191,0.2014220952987671,0.11404460668563843,0.7444571256637573,0.9976553916931152,8.202446937561035,160.46661376953125,0.007807551883161068,0.0014117028331384063,4.0416669845581055,3.0,0.0,5.2916669845581055
No action rate,p6vbd18i,2026-07-17_17-50-34_05_04_gmr_no_action_rate_seed_42_iter_1000_20260717T143245Z,353,10.802507928013801,292.52,1.2088137865066528,0.4023151397705078,0.1946740597486496,0.11254774779081345,0.7334147691726685,0.9890298843383789,8.238299369812012,160.33477783203125,0.008218882605433464,0.002153781009837985,4.5416669845581055,2.8333334922790527,0.0,6.7916669845581055
No action rate,p6vbd18i,2026-07-17_17-50-34_05_04_gmr_no_action_rate_seed_42_iter_1000_20260717T143245Z,354,9.243545710444451,257.48,1.2098649740219116,0.4220874309539795,0.19950756430625916,0.11407222598791122,0.7420668005943298,1.0123882293701172,8.289131164550781,161.20156860351562,0.00871816836297512,0.0017572259530425072,4.7916669845581055,2.9583334922790527,0.0,6.375
No action rate,p6vbd18i,2026-07-17_17-50-34_05_04_gmr_no_action_rate_seed_42_iter_1000_20260717T143245Z,355,10.893523845747113,294.96,1.211290955543518,0.41566967964172363,0.2004944086074829,0.11339674890041351,0.7314176559448242,0.9942833781242371,8.170886993408203,160.2935028076172,0.007307582534849644,0.0019606961868703365,4.708333492279053,2.9166667461395264,0.0,5.833333492279053
No action rate,p6vbd18i,2026-07-17_17-50-34_05_04_gmr_no_action_rate_seed_42_iter_1000_20260717T143245Z,356,10.853807704746723,292.49,1.2125096321105957,0.4321315288543701,0.1983872354030609,0.11430415511131287,0.7375264167785645,1.0168452262878418,8.275678634643555,161.9000244140625,0.009675879031419754,0.0017139478586614132,4.25,2.7916667461395264,0.0,6.125
No action rate,p6vbd18i,2026-07-17_17-50-34_05_04_gmr_no_action_rate_seed_42_iter_1000_20260717T143245Z,357,11.681562753915786,320.31,1.2132327556610107,0.42146730422973633,0.194495290517807,0.11284272372722626,0.7272278666496277,0.9909891486167908,8.202230453491211,161.74581909179688,0.008042222820222378,0.001374211860820651,4.875,2.7916667461395264,0.0,5.583333492279053
No action rate,p6vbd18i,2026-07-17_17-50-34_05_04_gmr_no_action_rate_seed_42_iter_1000_20260717T143245Z,358,11.901868227124215,323.07,1.2138493061065674,0.42362460494041443,0.19202876091003418,0.11206387728452682,0.7246741652488708,0.9840395450592041,8.206216812133789,161.61865234375,0.009139121510088444,0.00453856959939003,5.125,2.875,0.0,4.6666669845581055
No action rate,p6vbd18i,2026-07-17_17-50-34_05_04_gmr_no_action_rate_seed_42_iter_1000_20260717T143245Z,359,12.413603504300118,334.19,1.2145905494689941,0.4046834707260132,0.1891373246908188,0.11039450019598007,0.7110046148300171,0.9681400060653687,8.164670944213867,162.18508911132812,0.007507430389523506,0.0017766209784895182,4.708333492279053,2.9583334922790527,0.0,5.083333492279053
No action rate,p6vbd18i,2026-07-17_17-50-34_05_04_gmr_no_action_rate_seed_42_iter_1000_20260717T143245Z,360,11.87558939665556,324.72,1.215777039527893,0.4247131049633026,0.1953040361404419,0.11202123016119003,0.7280350923538208,0.9771448373794556,8.21546745300293,162.60504150390625,0.007267293985933065,0.006712276488542557,5.5416669845581055,2.5,0.0,4.75
No action rate,p6vbd18i,2026-07-17_17-50-34_05_04_gmr_no_action_rate_seed_42_iter_1000_20260717T143245Z,361,11.597055885791779,315.62,1.2168773412704468,0.4259642958641052,0.19095870852470398,0.11110033094882965,0.722558856010437,0.9770106077194214,8.199966430664062,161.95806884765625,0.007529709488153458,0.0017942603444680572,5.0,3.4583334922790527,0.0,5.5416669845581055
No action rate,p6vbd18i,2026-07-17_17-50-34_05_04_gmr_no_action_rate_seed_42_iter_1000_20260717T143245Z,362,11.976826932430267,327.26,1.218263864517212,0.4159771203994751,0.19125282764434814,0.11087088286876678,0.7188776731491089,0.9693982005119324,8.208401679992676,162.73326110839844,0.0077246418222785,0.0025071408599615097,5.1666669845581055,2.625,0.0,5.5416669845581055
No action rate,p6vbd18i,2026-07-17_17-50-34_05_04_gmr_no_action_rate_seed_42_iter_1000_20260717T143245Z,363,12.26048356179148,328.83,1.2191236019134521,0.42584240436553955,0.1948283165693283,0.11161061376333237,0.7165519595146179,0.9915322065353394,8.269708633422852,164.58914184570312,0.008434577845036983,0.0019699069671332836,5.083333492279053,2.5,0.0416666679084301,5.083333492279053
No action rate,p6vbd18i,2026-07-17_17-50-34_05_04_gmr_no_action_rate_seed_42_iter_1000_20260717T143245Z,364,11.651757340431214,314.73,1.2200943231582642,0.4099087119102478,0.1964971125125885,0.11310265958309174,0.7303073406219482,0.9816575050354004,8.288044929504395,165.07748413085938,0.00859114434570074,0.0011773842852562666,4.6666669845581055,2.6666667461395264,0.0,4.583333492279053
No action rate,p6vbd18i,2026-07-17_17-50-34_05_04_gmr_no_action_rate_seed_42_iter_1000_20260717T143245Z,365,13.08173474907875,354.34,1.2210668325424194,0.44390568137168884,0.19348034262657166,0.1118301972746849,0.7272323369979858,0.9847967028617859,8.232123374938965,164.26959228515625,0.008700721897184849,0.001551664317958057,5.6666669845581055,1.75,0.0,5.458333492279053
No action rate,p6vbd18i,2026-07-17_17-50-34_05_04_gmr_no_action_rate_seed_42_iter_1000_20260717T143245Z,366,13.637227378487587,364.91,1.2215609550476074,0.43412813544273376,0.18978123366832733,0.11103301495313644,0.722399890422821,0.9630163908004761,8.16386604309082,163.51663208007812,0.007147673517465591,0.0021557677537202835,5.0416669845581055,2.2083334922790527,0.0,4.333333492279053
No action rate,p6vbd18i,2026-07-17_17-50-34_05_04_gmr_no_action_rate_seed_42_iter_1000_20260717T143245Z,367,10.920138494968414,299.4,1.2223862409591675,0.43062859773635864,0.19247739017009735,0.11105044931173325,0.7195026278495789,0.9750012159347534,8.254236221313477,165.1112518310547,0.007723220624029636,0.0020449457224458456,5.583333492279053,2.5416667461395264,0.0,5.4166669845581055
No action rate,p6vbd18i,2026-07-17_17-50-34_05_04_gmr_no_action_rate_seed_42_iter_1000_20260717T143245Z,368,12.003615562617778,329.94,1.2230912446975708,0.4393157958984375,0.1953042596578598,0.11277371644973755,0.7313742637634277,0.9851833581924438,8.295245170593262,165.63986206054688,0.007472076918929815,0.0024296471383422613,5.208333492279053,3.625,0.0,4.708333492279053
No action rate,p6vbd18i,2026-07-17_17-50-34_05_04_gmr_no_action_rate_seed_42_iter_1000_20260717T143245Z,369,11.979909123778343,321.98,1.2241286039352417,0.4241439700126648,0.18864992260932922,0.11070315539836884,0.7111811637878418,0.9767048358917236,8.247698783874512,165.8459930419922,0.008103598840534687,0.005882093217223883,5.25,2.4166667461395264,0.0,4.2916669845581055
No action rate,p6vbd18i,2026-07-17_17-50-34_05_04_gmr_no_action_rate_seed_42_iter_1000_20260717T143245Z,370,12.009439138770103,327.79,1.224879503250122,0.42836207151412964,0.18963651359081268,0.11367504298686981,0.728385329246521,0.9785141944885254,8.193146705627441,165.0347900390625,0.007816055789589882,0.010920681059360504,5.958333492279053,2.5833334922790527,0.0,4.333333492279053
No action rate,p6vbd18i,2026-07-17_17-50-34_05_04_gmr_no_action_rate_seed_42_iter_1000_20260717T143245Z,371,13.37535463243723,358.25,1.2259926795959473,0.4235811233520508,0.18992531299591064,0.11051064729690552,0.715897262096405,0.9850050806999207,8.288087844848633,166.76980590820312,0.008222660049796104,0.0017349951667711139,5.75,1.5833333730697632,0.0,4.708333492279053
No action rate,p6vbd18i,2026-07-17_17-50-34_05_04_gmr_no_action_rate_seed_42_iter_1000_20260717T143245Z,372,12.465493121147155,336.33,1.227562427520752,0.4259175658226013,0.19019544124603271,0.11061092466115952,0.7135372161865234,0.9688159227371216,8.210406303405762,165.71463012695312,0.007361873053014278,0.002094366354867816,5.0,2.25,0.0,4.75
No action rate,p6vbd18i,2026-07-17_17-50-34_05_04_gmr_no_action_rate_seed_42_iter_1000_20260717T143245Z,373,12.037274077404291,329.93,1.2286500930786133,0.4673784673213959,0.1905134916305542,0.110826276242733,0.7158584594726562,0.9969428777694702,8.306070327758789,166.51373291015625,0.008475391194224358,0.0023607169277966022,4.9166669845581055,1.6666667461395264,0.0,4.458333492279053
No action rate,p6vbd18i,2026-07-17_17-50-34_05_04_gmr_no_action_rate_seed_42_iter_1000_20260717T143245Z,374,13.153954017460347,353.95,1.2296621799468994,0.4132719039916992,0.18847650289535522,0.10992297530174255,0.7068456411361694,0.9661837816238403,8.240782737731934,167.0382080078125,0.008057774975895882,0.003807609900832176,5.1666669845581055,1.5,0.0,4.5416669845581055
No action rate,p6vbd18i,2026-07-17_17-50-34_05_04_gmr_no_action_rate_seed_42_iter_1000_20260717T143245Z,375,12.709127404689788,346.94,1.2304441928863525,0.40899866819381714,0.1969332993030548,0.11192291975021362,0.7200692892074585,0.9865617156028748,8.349892616271973,169.57095336914062,0.010073039680719376,0.002501744544133544,5.75,2.4583334922790527,0.0,4.458333492279053
No action rate,p6vbd18i,2026-07-17_17-50-34_05_04_gmr_no_action_rate_seed_42_iter_1000_20260717T143245Z,376,12.75521026790142,346.2,1.231250286102295,0.4240560233592987,0.18867534399032593,0.10972075164318085,0.7138441801071167,0.9558002352714539,8.215398788452148,166.84495544433594,0.007196077611297369,0.0022382212337106466,5.833333492279053,1.625,0.0,4.1666669845581055
No action rate,p6vbd18i,2026-07-17_17-50-34_05_04_gmr_no_action_rate_seed_42_iter_1000_20260717T143245Z,377,12.495804252624511,342.41,1.2320200204849243,0.43745148181915283,0.18541400134563446,0.10907900333404541,0.7019683718681335,0.9556118845939636,8.219738006591797,167.02639770507812,0.007120913825929165,0.0017764561343938112,5.9166669845581055,2.0,0.0,4.0
No action rate,p6vbd18i,2026-07-17_17-50-34_05_04_gmr_no_action_rate_seed_42_iter_1000_20260717T143245Z,378,13.529214153289795,368.46,1.2329413890838623,0.42954617738723755,0.18464064598083496,0.11010701954364777,0.7118018865585327,0.9625064730644226,8.272829055786133,167.80520629882812,0.0071711307391524315,0.0023282640613615513,6.458333492279053,2.0833334922790527,0.0,4.4166669845581055
No action rate,p6vbd18i,2026-07-17_17-50-34_05_04_gmr_no_action_rate_seed_42_iter_1000_20260717T143245Z,379,12.931766230762005,350.16,1.2342270612716675,0.42696505784988403,0.19142401218414307,0.11194312572479248,0.7177082300186157,0.9774994254112244,8.305540084838867,169.39859008789062,0.007990751415491104,0.002593840239569545,5.7916669845581055,2.6666667461395264,0.0,4.5
No action rate,p6vbd18i,2026-07-17_17-50-34_05_04_gmr_no_action_rate_seed_42_iter_1000_20260717T143245Z,380,13.573822160214185,367.81,1.2351398468017578,0.423449844121933,0.18883252143859863,0.10996611416339874,0.7057396769523621,0.9630770087242126,8.259342193603516,168.38421630859375,0.0078046428970992565,0.002292343880981207,5.25,1.8333333730697632,0.0,4.125
No action rate,p6vbd18i,2026-07-17_17-50-34_05_04_gmr_no_action_rate_seed_42_iter_1000_20260717T143245Z,381,13.07465421974659,354.33,1.235653281211853,0.4175773561000824,0.18795602023601532,0.10912226140499115,0.7104038000106812,0.9528946280479431,8.245195388793945,169.46359252929688,0.008149685338139534,0.0021048381458967924,5.333333492279053,1.7916667461395264,0.0,4.0
No action rate,p6vbd18i,2026-07-17_17-50-34_05_04_gmr_no_action_rate_seed_42_iter_1000_20260717T143245Z,382,13.761012484133243,374.7,1.236547827720642,0.44305604696273804,0.1852641999721527,0.1099294051527977,0.7064869403839111,0.9702180624008179,8.284200668334961,170.13430786132812,0.007899032905697823,0.0037646982818841934,5.7916669845581055,1.75,0.0416666679084301,3.9166667461395264
No action rate,p6vbd18i,2026-07-17_17-50-34_05_04_gmr_no_action_rate_seed_42_iter_1000_20260717T143245Z,383,14.329327422678471,389.03,1.2374236583709717,0.44447430968284607,0.18569299578666687,0.10876697301864624,0.7021796107292175,0.9359074831008911,8.190861701965332,169.36349487304688,0.006651484873145819,0.0022846474312245846,6.7916669845581055,1.4583333730697632,0.0,4.1666669845581055
No action rate,p6vbd18i,2026-07-17_17-50-34_05_04_gmr_no_action_rate_seed_42_iter_1000_20260717T143245Z,384,13.34822572529316,359.24,1.2379612922668457,0.43911856412887573,0.1970723271369934,0.10934178531169891,0.7120994925498962,0.9623839259147644,8.263861656188965,170.82080078125,0.007906626909971237,0.0016675022197887301,5.75,1.875,0.0,3.75
No action rate,p6vbd18i,2026-07-17_17-50-34_05_04_gmr_no_action_rate_seed_42_iter_1000_20260717T143245Z,385,12.532825631648302,343.14,1.2385709285736084,0.4445343017578125,0.182901069521904,0.10915403068065643,0.7124738097190857,0.9535025358200073,8.25016975402832,169.82591247558594,0.007392440922558308,0.0015318833757191896,5.0,2.0833334922790527,0.0,3.7083334922790527
No action rate,p6vbd18i,2026-07-17_17-50-34_05_04_gmr_no_action_rate_seed_42_iter_1000_20260717T143245Z,386,13.936635257899761,376.39,1.2395139932632446,0.45007163286209106,0.18772700428962708,0.10994568467140198,0.7073094248771667,0.967841386795044,8.286251068115234,171.0727996826172,0.007893490605056286,0.0027648056857287884,6.0416669845581055,2.5,0.0,4.0
No action rate,p6vbd18i,2026-07-17_17-50-34_05_04_gmr_no_action_rate_seed_42_iter_1000_20260717T143245Z,387,12.551689648628235,338.17,1.2405649423599243,0.4030529856681824,0.18903106451034546,0.10998062789440155,0.7057263255119324,0.9819995760917664,8.381625175476074,173.0961151123047,0.008236642926931381,0.002141977660357952,4.333333492279053,2.1666667461395264,0.0,4.25
No action rate,p6vbd18i,2026-07-17_17-50-34_05_04_gmr_no_action_rate_seed_42_iter_1000_20260717T143245Z,388,13.829288403093814,371.65,1.2415064573287964,0.4556398391723633,0.18406078219413757,0.10828036069869995,0.7033490538597107,0.9592773914337158,8.303366661071777,171.2718963623047,0.007181812077760696,0.00192715460434556,6.375,1.9166667461395264,0.0,3.375
No action rate,p6vbd18i,2026-07-17_17-50-34_05_04_gmr_no_action_rate_seed_42_iter_1000_20260717T143245Z,389,13.663037849068642,370.19,1.2426185607910156,0.4262278974056244,0.18642231822013855,0.10882546752691269,0.7095886468887329,0.9552344083786011,8.31545639038086,171.66162109375,0.00778643973171711,0.002186549361795187,6.5416669845581055,1.75,0.0,3.75
No action rate,p6vbd18i,2026-07-17_17-50-34_05_04_gmr_no_action_rate_seed_42_iter_1000_20260717T143245Z,390,13.18255851060152,352.45,1.2442095279693604,0.40599000453948975,0.1841733157634735,0.10844838619232178,0.7029118537902832,0.9585394263267517,8.320934295654297,172.33663940429688,0.00876461248844862,0.0022100768983364105,6.333333492279053,1.9166667461395264,0.0,4.125
No action rate,p6vbd18i,2026-07-17_17-50-34_05_04_gmr_no_action_rate_seed_42_iter_1000_20260717T143245Z,391,14.542065003365279,391.49,1.2452776432037354,0.45695042610168457,0.18339084088802338,0.1088762879371643,0.7041200399398804,0.9411791563034058,8.295848846435547,172.7176513671875,0.007474393583834171,0.0018328111618757248,6.75,1.6666667461395264,0.0,3.625
No action rate,p6vbd18i,2026-07-17_17-50-34_05_04_gmr_no_action_rate_seed_42_iter_1000_20260717T143245Z,392,12.876549627482891,345.83,1.246317744255066,0.4494493901729584,0.1846996247768402,0.10887843370437622,0.7104811668395996,0.9511412382125854,8.365926742553711,173.34521484375,0.00719838123768568,0.002269054763019085,6.125,1.5,0.0,3.875
No action rate,p6vbd18i,2026-07-17_17-50-34_05_04_gmr_no_action_rate_seed_42_iter_1000_20260717T143245Z,393,13.947128521203995,373.53,1.2473822832107544,0.4365062415599823,0.18501722812652588,0.10805213451385498,0.6942149996757507,0.9475730657577515,8.292970657348633,173.03550720214844,0.007544572465121746,0.001393029699102044,6.0416669845581055,1.4166667461395264,0.0,3.5833334922790527
No action rate,p6vbd18i,2026-07-17_17-50-34_05_04_gmr_no_action_rate_seed_42_iter_1000_20260717T143245Z,394,12.679580768868327,345.3,1.2480741739273071,0.44450125098228455,0.18316589295864105,0.10915380716323853,0.7067672610282898,0.9594685435295105,8.384659767150879,174.401611328125,0.008419705554842949,0.0057196482084691525,4.6666669845581055,2.0,0.0,3.4583334922790527
No action rate,p6vbd18i,2026-07-17_17-50-34_05_04_gmr_no_action_rate_seed_42_iter_1000_20260717T143245Z,395,13.331642854213715,356.55,1.2485498189926147,0.4177956283092499,0.18360114097595215,0.10823386907577515,0.6946098804473877,0.9445421099662781,8.330501556396484,174.02499389648438,0.007197764702141285,0.0015148994280025363,5.0416669845581055,1.6666667461395264,0.0,3.5
No action rate,p6vbd18i,2026-07-17_17-50-34_05_04_gmr_no_action_rate_seed_42_iter_1000_20260717T143245Z,396,14.030641944408417,377.89,1.2495251893997192,0.4258272051811218,0.18817567825317383,0.10835324972867966,0.7013483047485352,0.9545913934707642,8.351330757141113,174.4391326904297,0.008446143008768559,0.002442580182105303,6.0416669845581055,1.375,0.0,3.6666667461395264
No action rate,p6vbd18i,2026-07-17_17-50-34_05_04_gmr_no_action_rate_seed_42_iter_1000_20260717T143245Z,397,13.968094261288643,372.59,1.2505958080291748,0.42547351121902466,0.17460757493972778,0.10753671824932098,0.6919812560081482,0.9414944648742676,8.25656509399414,173.8638153076172,0.00694970041513443,0.003688384545966983,6.5416669845581055,1.125,0.0,3.25
No action rate,p6vbd18i,2026-07-17_17-50-34_05_04_gmr_no_action_rate_seed_42_iter_1000_20260717T143245Z,398,14.055114306211472,378.21,1.2513353824615479,0.44175097346305847,0.1772451102733612,0.10721751302480698,0.6937923431396484,0.94267737865448,8.300025939941406,174.37179565429688,0.0069615039974451065,0.0021280748769640923,5.958333492279053,1.2916667461395264,0.0,3.5
No action rate,p6vbd18i,2026-07-17_17-50-34_05_04_gmr_no_action_rate_seed_42_iter_1000_20260717T143245Z,399,15.149861389994621,403.93,1.2522027492523193,0.4357607960700989,0.1788092851638794,0.10665478557348251,0.6890479326248169,0.9239490032196045,8.236896514892578,174.0511474609375,0.006262768059968948,0.0014846895355731249,7.5416669845581055,1.25,0.0,3.2083334922790527
No action rate,p6vbd18i,2026-07-17_17-50-34_05_04_gmr_no_action_rate_seed_42_iter_1000_20260717T143245Z,400,14.12573361415416,375.68,1.2530310153961182,0.4317264258861542,0.18569199740886688,0.10818451642990112,0.6944613456726074,0.9483722448348999,8.333827018737793,175.494140625,0.0065375096164643764,0.0018877530237659812,6.5,2.0,0.0,3.4166667461395264
No action rate,p6vbd18i,2026-07-17_17-50-34_05_04_gmr_no_action_rate_seed_42_iter_1000_20260717T143245Z,401,14.128654134869576,375.93,1.2538857460021973,0.4309391379356384,0.18348029255867004,0.10808110237121582,0.6998516917228699,0.9488021731376648,8.332141876220703,175.52523803710938,0.007524869404733181,0.002509365091100335,5.875,1.3333333730697632,0.0,3.3333334922790527
No action rate,p6vbd18i,2026-07-17_17-50-34_05_04_gmr_no_action_rate_seed_42_iter_1000_20260717T143245Z,402,13.965466263890267,373.9,1.2548142671585083,0.4284024238586426,0.18324682116508484,0.10803484916687012,0.6935690641403198,0.940717875957489,8.280982971191406,174.86428833007812,0.0070031434297561646,0.00243186648003757,5.458333492279053,1.875,0.0,3.5416667461395264
No action rate,p6vbd18i,2026-07-17_17-50-34_05_04_gmr_no_action_rate_seed_42_iter_1000_20260717T143245Z,403,13.963908741772174,375.87,1.2556912899017334,0.4217606484889984,0.17916010320186615,0.10613767802715302,0.6912497878074646,0.9355003237724304,8.3145751953125,175.4061737060547,0.007360958959907293,0.0038542798720300198,6.7916669845581055,1.25,0.0,3.7916667461395264
No action rate,p6vbd18i,2026-07-17_17-50-34_05_04_gmr_no_action_rate_seed_42_iter_1000_20260717T143245Z,404,15.010511185228825,397.13,1.256360411643982,0.4228299558162689,0.1772797554731369,0.10626593232154846,0.6831259727478027,0.941508948802948,8.309889793395996,176.05908203125,0.006793621927499771,0.0023302757181227207,6.375,1.375,0.0,3.0
No action rate,p6vbd18i,2026-07-17_17-50-34_05_04_gmr_no_action_rate_seed_42_iter_1000_20260717T143245Z,405,13.89433473944664,369.52,1.2567278146743774,0.4077622592449188,0.17799751460552216,0.1073199138045311,0.6851862668991089,0.926534116268158,8.281100273132324,176.57992553710938,0.00664961151778698,0.002033739350736141,6.208333492279053,1.9166667461395264,0.0,3.7916667461395264
No action rate,p6vbd18i,2026-07-17_17-50-34_05_04_gmr_no_action_rate_seed_42_iter_1000_20260717T143245Z,406,13.51589112251997,357.68,1.2573120594024658,0.4018671214580536,0.18471315503120422,0.10886608064174652,0.7027904391288757,0.9628099799156189,8.441549301147461,177.79122924804688,0.008565414696931839,0.00166179402731359,5.25,1.625,0.0,3.0416667461395264
No action rate,p6vbd18i,2026-07-17_17-50-34_05_04_gmr_no_action_rate_seed_42_iter_1000_20260717T143245Z,407,13.887294955253601,369.49,1.25809907913208,0.41095197200775146,0.17679190635681152,0.10583336651325226,0.6842464208602905,0.9301494359970093,8.300277709960938,177.36680603027344,0.005835108458995819,0.002703495090827346,6.375,1.6666667461395264,0.0,3.6666667461395264
No action rate,p6vbd18i,2026-07-17_17-50-34_05_04_gmr_no_action_rate_seed_42_iter_1000_20260717T143245Z,408,14.73166494011879,392.4,1.2588669061660767,0.44231462478637695,0.1842469871044159,0.10803692042827606,0.6948146224021912,0.9539797306060791,8.379618644714355,177.43734741210938,0.007029957138001919,0.0024206906091421843,5.9166669845581055,1.7916667461395264,0.0,3.2083334922790527
No action rate,p6vbd18i,2026-07-17_17-50-34_05_04_gmr_no_action_rate_seed_42_iter_1000_20260717T143245Z,409,13.656767644882201,363.71,1.2601306438446045,0.4264240264892578,0.17792221903800964,0.10594721138477325,0.6832969188690186,0.9326090216636658,8.304962158203125,177.3497314453125,0.0063360645435750484,0.002332501346245408,6.5416669845581055,1.0416667461395264,0.0,3.4583334922790527
No action rate,p6vbd18i,2026-07-17_17-50-34_05_04_gmr_no_action_rate_seed_42_iter_1000_20260717T143245Z,410,13.79291264206171,368.93,1.2609705924987793,0.43202775716781616,0.17899733781814575,0.10641344636678696,0.6901339888572693,0.9520202875137329,8.384830474853516,178.18191528320312,0.007741705980151892,0.007268317975103855,6.4166669845581055,1.5416667461395264,0.0,2.9583334922790527
No action rate,p6vbd18i,2026-07-17_17-50-34_05_04_gmr_no_action_rate_seed_42_iter_1000_20260717T143245Z,411,13.310777508318424,354.25,1.2618340253829956,0.4264976978302002,0.1842842996120453,0.1065809354186058,0.6820557117462158,0.9454511404037476,8.387012481689453,179.7154998779297,0.007301214151084423,0.0017105024307966232,5.875,1.7083333730697632,0.0,2.9166667461395264
No action rate,p6vbd18i,2026-07-17_17-50-34_05_04_gmr_no_action_rate_seed_42_iter_1000_20260717T143245Z,412,14.640176207721233,386.46,1.2628356218338013,0.4301353693008423,0.17673838138580322,0.10573630034923553,0.6833178997039795,0.9255468249320984,8.326400756835938,177.9152069091797,0.006128980778157711,0.002024042885750532,7.333333492279053,2.0833334922790527,0.0,3.2083334922790527
No action rate,p6vbd18i,2026-07-17_17-50-34_05_04_gmr_no_action_rate_seed_42_iter_1000_20260717T143245Z,413,14.0450535723567,378.07,1.2641792297363281,0.4376925826072693,0.1768808364868164,0.10577341169118881,0.6787457466125488,0.9472388029098511,8.407815933227539,180.10765075683594,0.007167400326579809,0.00400922354310751,6.2916669845581055,1.7083333730697632,0.0,3.625
No action rate,p6vbd18i,2026-07-17_17-50-34_05_04_gmr_no_action_rate_seed_42_iter_1000_20260717T143245Z,414,16.170636870265007,424.16,1.265231966972351,0.4297946095466614,0.177150696516037,0.10543536394834518,0.6835567355155945,0.9289218783378601,8.340133666992188,178.19204711914062,0.006663433741778135,0.0019909744150936604,6.1666669845581055,1.0833333730697632,0.0,2.6666667461395264
No action rate,p6vbd18i,2026-07-17_17-50-34_05_04_gmr_no_action_rate_seed_42_iter_1000_20260717T143245Z,415,15.053975801467896,399.44,1.2661375999450684,0.4028358459472656,0.18019425868988037,0.10438915342092514,0.6697728633880615,0.9316387176513672,8.420053482055664,180.12664794921875,0.007735076826065779,0.0012625039089471102,4.9166669845581055,1.125,0.0,3.4166667461395264
No action rate,p6vbd18i,2026-07-17_17-50-34_05_04_gmr_no_action_rate_seed_42_iter_1000_20260717T143245Z,416,14.304650474190712,377.9,1.267166256904602,0.41640663146972656,0.18143194913864136,0.10749784111976624,0.6967029571533203,0.9618816375732422,8.470279693603516,180.74212646484375,0.007912063971161842,0.0015828072791919112,6.0,1.7083333730697632,0.0,3.75
No action rate,p6vbd18i,2026-07-17_17-50-34_05_04_gmr_no_action_rate_seed_42_iter_1000_20260717T143245Z,417,13.626382556557655,361.29,1.2680690288543701,0.40194234251976013,0.1812969446182251,0.10562946647405624,0.6883024573326111,0.9445048570632935,8.424038887023926,180.5499725341797,0.007156177423894405,0.001691927551291883,5.833333492279053,1.4583333730697632,0.0,3.2916667461395264
No action rate,p6vbd18i,2026-07-17_17-50-34_05_04_gmr_no_action_rate_seed_42_iter_1000_20260717T143245Z,418,15.436403834819794,409.98,1.2687238454818726,0.4268592298030853,0.17545633018016815,0.10445117205381393,0.6772788763046265,0.9272293448448181,8.36880874633789,180.28939819335938,0.00717498641461134,0.002806400414556265,6.0416669845581055,1.25,0.0,3.5833334922790527
No action rate,p6vbd18i,2026-07-17_17-50-34_05_04_gmr_no_action_rate_seed_42_iter_1000_20260717T143245Z,419,16.3063215726614,433.05,1.2694942951202393,0.4332043528556824,0.1807250827550888,0.10508622974157333,0.6763919591903687,0.9202395677566528,8.310084342956543,180.9237060546875,0.006097149103879929,0.001980104483664036,6.958333492279053,1.5,0.0,2.4583334922790527
No action rate,p6vbd18i,2026-07-17_17-50-34_05_04_gmr_no_action_rate_seed_42_iter_1000_20260717T143245Z,420,14.260834245085716,376.78,1.2707109451293945,0.4032512605190277,0.17569777369499207,0.10478329658508301,0.6766802668571472,0.9406994581222534,8.457290649414062,182.8801727294922,0.007759115658700466,0.0018177928868681192,6.9166669845581055,1.7083333730697632,0.0,3.2916667461395264
No action rate,p6vbd18i,2026-07-17_17-50-34_05_04_gmr_no_action_rate_seed_42_iter_1000_20260717T143245Z,421,14.736559266522526,387.29,1.271649956703186,0.4203336238861084,0.18135850131511688,0.10621964931488037,0.6944584846496582,0.9325660467147827,8.383666038513184,181.7450408935547,0.006949055939912796,0.0016884705983102322,6.5,1.25,0.0,2.7916667461395264
No action rate,p6vbd18i,2026-07-17_17-50-34_05_04_gmr_no_action_rate_seed_42_iter_1000_20260717T143245Z,422,14.820418151021004,394.54,1.2725927829742432,0.42663097381591797,0.18352413177490234,0.10616636276245117,0.6889068484306335,0.936628520488739,8.436060905456543,182.37893676757812,0.006361112929880619,0.0016861588228493929,6.333333492279053,1.3333333730697632,0.0,3.2916667461395264
No action rate,p6vbd18i,2026-07-17_17-50-34_05_04_gmr_no_action_rate_seed_42_iter_1000_20260717T143245Z,423,15.229467357993126,404.33,1.2733666896820068,0.4151333272457123,0.1743859499692917,0.10435257852077484,0.6803237795829773,0.9301896095275879,8.39305305480957,182.53221130371094,0.007003383245319128,0.005199971608817577,6.25,1.0416667461395264,0.0,2.4583334922790527
No action rate,p6vbd18i,2026-07-17_17-50-34_05_04_gmr_no_action_rate_seed_42_iter_1000_20260717T143245Z,424,15.128077204227447,397.4,1.2741360664367676,0.40404731035232544,0.17480680346488953,0.10443522781133652,0.675017237663269,0.9123516082763672,8.337370872497559,182.1534881591797,0.006576409097760916,0.001277015544474125,6.0416669845581055,1.6666667461395264,0.0,2.3333334922790527
No action rate,p6vbd18i,2026-07-17_17-50-34_05_04_gmr_no_action_rate_seed_42_iter_1000_20260717T143245Z,425,15.477628066390754,402.49,1.275105595588684,0.4173906743526459,0.17452804744243622,0.10437369346618652,0.6724850535392761,0.9256640672683716,8.354018211364746,182.52294921875,0.007089374121278524,0.002034534467384219,6.25,1.5416667461395264,0.0,2.9166667461395264
No action rate,p6vbd18i,2026-07-17_17-50-34_05_04_gmr_no_action_rate_seed_42_iter_1000_20260717T143245Z,426,14.771971274614334,391.63,1.2764884233474731,0.4221450686454773,0.17395125329494476,0.10413336008787155,0.6684060096740723,0.9060668349266052,8.282959938049316,181.7834930419922,0.006065032444894314,0.0017537734238430858,6.5416669845581055,1.1666667461395264,0.0,2.875
No action rate,p6vbd18i,2026-07-17_17-50-34_05_04_gmr_no_action_rate_seed_42_iter_1000_20260717T143245Z,427,14.107778895497322,374.28,1.2777653932571411,0.4112369418144226,0.17670981585979462,0.10585357993841171,0.6810780763626099,0.9297349452972412,8.408045768737793,183.66549682617188,0.007233395706862211,0.0018033290980383754,5.625,1.625,0.0,3.0416667461395264
No action rate,p6vbd18i,2026-07-17_17-50-34_05_04_gmr_no_action_rate_seed_42_iter_1000_20260717T143245Z,428,14.53531590640545,383.71,1.2786465883255005,0.4273700714111328,0.17544150352478027,0.10448108613491058,0.6826993823051453,0.9213826060295105,8.423759460449219,184.32260131835938,0.006581309251487255,0.0020262151956558228,6.458333492279053,1.5,0.0,2.4166667461395264
No action rate,p6vbd18i,2026-07-17_17-50-34_05_04_gmr_no_action_rate_seed_42_iter_1000_20260717T143245Z,429,15.120280715227127,398.12,1.2799403667449951,0.4269857108592987,0.1734720915555954,0.1038651317358017,0.6770474910736084,0.9094998240470886,8.384405136108398,183.4642791748047,0.005797483958303928,0.001633969135582447,6.333333492279053,0.875,0.0,2.1666667461395264
No action rate,p6vbd18i,2026-07-17_17-50-34_05_04_gmr_no_action_rate_seed_42_iter_1000_20260717T143245Z,430,15.563415945768357,411.61,1.281090259552002,0.42499256134033203,0.17289182543754578,0.10414774715900421,0.6731534004211426,0.9179174900054932,8.352561950683594,184.13658142089844,0.006018077023327351,0.0029564739670604467,6.7916669845581055,1.125,0.0,2.375
No action rate,p6vbd18i,2026-07-17_17-50-34_05_04_gmr_no_action_rate_seed_42_iter_1000_20260717T143245Z,431,15.388148050159216,400.25,1.282097339630127,0.3869081735610962,0.16671888530254364,0.10297491401433945,0.6612319946289062,0.9082366824150085,8.376535415649414,185.88641357421875,0.0071891965344548225,0.0014173313975334167,6.5,0.7916666865348816,0.0,2.5416667461395264
No action rate,p6vbd18i,2026-07-17_17-50-34_05_04_gmr_no_action_rate_seed_42_iter_1000_20260717T143245Z,432,14.24125690639019,377.24,1.2831236124038696,0.4306284785270691,0.17400652170181274,0.10455596446990967,0.6716670989990234,0.9362372159957886,8.471858978271484,186.89279174804688,0.008129964582622051,0.002147048944607377,5.958333492279053,1.25,0.0,2.3333334922790527
No action rate,p6vbd18i,2026-07-17_17-50-34_05_04_gmr_no_action_rate_seed_42_iter_1000_20260717T143245Z,433,16.42879412859678,435.29,1.2839362621307373,0.40900731086730957,0.1726226657629013,0.10396277904510498,0.6753081679344177,0.9094879031181335,8.377299308776855,185.54150390625,0.00644882395863533,0.002755890367552638,8.208333969116211,1.0,0.0,2.25
No action rate,p6vbd18i,2026-07-17_17-50-34_05_04_gmr_no_action_rate_seed_42_iter_1000_20260717T143245Z,434,15.087571586668492,398.56,1.284658432006836,0.42001599073410034,0.17702436447143555,0.10450218617916107,0.6727225184440613,0.9292210936546326,8.454015731811523,186.379638671875,0.007256893441081047,0.0016233071219176054,7.0,1.2916667461395264,0.0,2.9166667461395264
No action rate,p6vbd18i,2026-07-17_17-50-34_05_04_gmr_no_action_rate_seed_42_iter_1000_20260717T143245Z,435,14.707776951938868,387.61,1.285528540611267,0.4188482463359833,0.1738153100013733,0.10427384823560715,0.6735875606536865,0.9299117922782898,8.464437484741211,187.46823120117188,0.007755129598081112,0.0017638941062614322,5.625,1.125,0.0,2.375
No action rate,p6vbd18i,2026-07-17_17-50-34_05_04_gmr_no_action_rate_seed_42_iter_1000_20260717T143245Z,436,15.08373698592186,398.69,1.2859692573547363,0.4307914674282074,0.1702265739440918,0.10365918278694153,0.6719805598258972,0.9270850419998169,8.454435348510742,188.15353393554688,0.006505601108074188,0.0018566235667094588,5.4166669845581055,1.1666667461395264,0.0,2.2916667461395264
No action rate,p6vbd18i,2026-07-17_17-50-34_05_04_gmr_no_action_rate_seed_42_iter_1000_20260717T143245Z,437,15.745325676500798,405.89,1.286868691444397,0.400998592376709,0.1713273525238037,0.10338252037763596,0.6688058376312256,0.9279444217681885,8.446067810058594,188.4039306640625,0.006940117105841637,0.0021383638959378004,7.125,1.375,0.0,2.5833334922790527
No action rate,p6vbd18i,2026-07-17_17-50-34_05_04_gmr_no_action_rate_seed_42_iter_1000_20260717T143245Z,438,14.718140035271645,388.61,1.2880175113677979,0.41390734910964966,0.16919395327568054,0.10206066071987152,0.6611570119857788,0.9106405973434448,8.408697128295898,188.01097106933594,0.006162875331938267,0.002055120887234807,6.6666669845581055,1.25,0.0,3.0416667461395264
No action rate,p6vbd18i,2026-07-17_17-50-34_05_04_gmr_no_action_rate_seed_42_iter_1000_20260717T143245Z,439,14.244095159769058,372.24,1.2888318300247192,0.4263591766357422,0.1722780168056488,0.10318410396575928,0.6658124327659607,0.9204227328300476,8.445239067077637,189.04495239257812,0.006895055063068867,0.0027599409222602844,6.6666669845581055,0.9583333730697632,0.0,2.7083334922790527
No action rate,p6vbd18i,2026-07-17_17-50-34_05_04_gmr_no_action_rate_seed_42_iter_1000_20260717T143245Z,440,15.089223109185696,398.05,1.2896649837493896,0.42537662386894226,0.17113018035888672,0.10288631916046143,0.669073760509491,0.9271653890609741,8.472230911254883,189.109619140625,0.0066651850938797,0.0023745279759168625,7.2916669845581055,1.1666667461395264,0.0,2.625
No action rate,p6vbd18i,2026-07-17_17-50-34_05_04_gmr_no_action_rate_seed_42_iter_1000_20260717T143245Z,441,15.22297086916864,402.52,1.2904372215270996,0.43423569202423096,0.17289885878562927,0.1036744937300682,0.6744996905326843,0.9146892428398132,8.395440101623535,187.91867065429688,0.006471600383520126,0.0030275878962129354,7.833333492279053,1.5,0.0,2.0833334922790527
No action rate,p6vbd18i,2026-07-17_17-50-34_05_04_gmr_no_action_rate_seed_42_iter_1000_20260717T143245Z,442,15.622607662975788,410.46,1.2910257577896118,0.41290292143821716,0.16928449273109436,0.10340583324432373,0.6669904589653015,0.9225255846977234,8.482248306274414,189.70518493652344,0.006742164026945829,0.006693103816360235,6.5,0.875,0.0,2.4166667461395264
No action rate,p6vbd18i,2026-07-17_17-50-34_05_04_gmr_no_action_rate_seed_42_iter_1000_20260717T143245Z,443,15.22458111256361,397.74,1.291603922843933,0.41445404291152954,0.17133334279060364,0.1029740422964096,0.6651192903518677,0.9026234149932861,8.400839805603027,189.39572143554688,0.005835908930748701,0.0019769491627812386,6.958333492279053,1.2916667461395264,0.0,1.9166667461395264
No action rate,p6vbd18i,2026-07-17_17-50-34_05_04_gmr_no_action_rate_seed_42_iter_1000_20260717T143245Z,444,16.146941775977613,422.08,1.2925546169281006,0.4337916076183319,0.16711120307445526,0.10270808637142181,0.6610776782035828,0.9189357161521912,8.420568466186523,190.187255859375,0.006603998597711325,0.002465961966663599,7.125,1.0416667461395264,0.0,2.7083334922790527
No action rate,p6vbd18i,2026-07-17_17-50-34_05_04_gmr_no_action_rate_seed_42_iter_1000_20260717T143245Z,445,15.869937297850846,418.9,1.2933751344680786,0.41367268562316895,0.1731710135936737,0.10250326246023178,0.6607481837272644,0.9135529398918152,8.43451976776123,190.1349334716797,0.006262801121920347,0.002377715427428484,6.125,1.1666667461395264,0.0,2.0
No action rate,p6vbd18i,2026-07-17_17-50-34_05_04_gmr_no_action_rate_seed_42_iter_1000_20260717T143245Z,446,15.46622695684433,405.06,1.2940213680267334,0.38993415236473083,0.17182698845863342,0.1027468591928482,0.6726177930831909,0.9053861498832703,8.446344375610352,190.7124481201172,0.00637417659163475,0.0019921190105378628,7.125,0.9583333730697632,0.0,2.5
No action rate,p6vbd18i,2026-07-17_17-50-34_05_04_gmr_no_action_rate_seed_42_iter_1000_20260717T143245Z,447,15.538286039233208,407.37,1.2947455644607544,0.43089044094085693,0.1703709363937378,0.10214512050151825,0.6649999022483826,0.909662127494812,8.409297943115234,190.17852783203125,0.006035377271473408,0.002693326910957694,7.208333492279053,1.1666667461395264,0.0,2.5416667461395264
No action rate,p6vbd18i,2026-07-17_17-50-34_05_04_gmr_no_action_rate_seed_42_iter_1000_20260717T143245Z,448,15.330688790678979,395.46,1.295538306236267,0.40000805258750916,0.1678350865840912,0.10158562660217285,0.6555362343788147,0.9079148173332214,8.446735382080078,192.0978240966797,0.0065195318311452866,0.0028011538088321686,6.5,1.3333333730697632,0.0,2.5
No action rate,p6vbd18i,2026-07-17_17-50-34_05_04_gmr_no_action_rate_seed_42_iter_1000_20260717T143245Z,449,15.455348509848118,410.05,1.2966890335083008,0.4164128303527832,0.1724817156791687,0.10406909883022308,0.6710882186889648,0.9298510551452637,8.503382682800293,191.99526977539062,0.006286816205829382,0.0023503124248236418,6.333333492279053,1.2916667461395264,0.0,2.4166667461395264
No action rate,p6vbd18i,2026-07-17_17-50-34_05_04_gmr_no_action_rate_seed_42_iter_1000_20260717T143245Z,450,15.087758412957191,400.19,1.2973902225494385,0.42595145106315613,0.17496101558208466,0.10398765653371811,0.6744961738586426,0.9246901273727417,8.45771312713623,191.92111206054688,0.006497721187770367,0.002937123877927661,6.375,1.2916667461395264,0.0,1.75
No action rate,p6vbd18i,2026-07-17_17-50-34_05_04_gmr_no_action_rate_seed_42_iter_1000_20260717T143245Z,451,15.404767140746117,406.63,1.297778606414795,0.43697866797447205,0.17634043097496033,0.10473929345607758,0.6772550344467163,0.9419590830802917,8.52780532836914,193.43820190429688,0.007886139675974846,0.0013747918419539928,6.2916669845581055,1.125,0.0,1.9583333730697632
No action rate,p6vbd18i,2026-07-17_17-50-34_05_04_gmr_no_action_rate_seed_42_iter_1000_20260717T143245Z,452,15.384233249127865,397.02,1.2981760501861572,0.4276047646999359,0.1748204231262207,0.1034245491027832,0.665336012840271,0.9226808547973633,8.486196517944336,193.26113891601562,0.006873413920402527,0.002420314121991396,5.583333492279053,1.0416667461395264,0.0,1.75
No action rate,p6vbd18i,2026-07-17_17-50-34_05_04_gmr_no_action_rate_seed_42_iter_1000_20260717T143245Z,453,15.858109754025936,414.85,1.2987260818481445,0.44375237822532654,0.1651228368282318,0.1016002744436264,0.6577024459838867,0.9046074748039246,8.420076370239258,192.4113006591797,0.005721599794924259,0.0014251017710193992,6.4166669845581055,1.25,0.0,2.0833334922790527
No action rate,p6vbd18i,2026-07-17_17-50-34_05_04_gmr_no_action_rate_seed_42_iter_1000_20260717T143245Z,454,15.633807410001754,410.98,1.2993786334991455,0.4073551595211029,0.16919922828674316,0.10216133296489716,0.6649491786956787,0.9000194072723389,8.46461296081543,193.60752868652344,0.005553464405238628,0.002794792875647545,7.583333492279053,1.0,0.0,2.125
No action rate,p6vbd18i,2026-07-17_17-50-34_05_04_gmr_no_action_rate_seed_42_iter_1000_20260717T143245Z,455,16.152352250218392,420.54,1.299851655960083,0.42464494705200195,0.16930314898490906,0.10233669728040695,0.6600918769836426,0.9095741510391235,8.447980880737305,193.73898315429688,0.005964680574834347,0.0018539021257311106,7.5416669845581055,0.9583333730697632,0.0,2.5416667461395264
No action rate,p6vbd18i,2026-07-17_17-50-34_05_04_gmr_no_action_rate_seed_42_iter_1000_20260717T143245Z,456,15.097589489519596,398.2,1.3001761436462402,0.41792094707489014,0.17314808070659637,0.10283305495977402,0.6629050374031067,0.9205707311630249,8.4730806350708,193.97610473632812,0.006937065627425909,0.0021751602180302143,5.125,1.1666667461395264,0.0,1.9166667461395264
No action rate,p6vbd18i,2026-07-17_17-50-34_05_04_gmr_no_action_rate_seed_42_iter_1000_20260717T143245Z,457,16.28502062767744,418.75,1.3007901906967163,0.408760666847229,0.17407861351966858,0.10375824570655823,0.6713199615478516,0.9117327928543091,8.49597454071045,195.37939453125,0.007301616482436657,0.0019473687279969454,5.875,0.9583333730697632,0.0,2.375
No action rate,p6vbd18i,2026-07-17_17-50-34_05_04_gmr_no_action_rate_seed_42_iter_1000_20260717T143245Z,458,15.979090912993998,413.29,1.3018161058425903,0.4123491644859314,0.1683274507522583,0.10149290412664413,0.650734543800354,0.9133219718933105,8.532063484191895,196.51620483398438,0.0065150330774486065,0.0019673167262226343,6.75,1.25,0.0,2.6666667461395264
No action rate,p6vbd18i,2026-07-17_17-50-34_05_04_gmr_no_action_rate_seed_42_iter_1000_20260717T143245Z,459,16.078387421369552,415.37,1.3026598691940308,0.425101637840271,0.16762994229793549,0.10114359855651855,0.6576509475708008,0.9061030149459839,8.513365745544434,195.454345703125,0.006077384110540152,0.001335418550297618,7.333333492279053,0.7916666865348816,0.0,2.875
No action rate,p6vbd18i,2026-07-17_17-50-34_05_04_gmr_no_action_rate_seed_42_iter_1000_20260717T143245Z,460,15.52724557429552,405.29,1.3034883737564087,0.41655564308166504,0.16867908835411072,0.10188096016645432,0.6560723781585693,0.9045144319534302,8.476179122924805,196.2083740234375,0.007224453147500753,0.001279018702916801,7.583333492279053,0.875,0.0,2.4583334922790527
No action rate,p6vbd18i,2026-07-17_17-50-34_05_04_gmr_no_action_rate_seed_42_iter_1000_20260717T143245Z,461,15.382443277537822,397.43,1.304105520248413,0.41483354568481445,0.1701001524925232,0.10172059386968613,0.6587256789207458,0.9038531184196472,8.493971824645996,196.0059814453125,0.006199202965945005,0.002209886908531189,7.25,0.9166666865348816,0.0,2.125
No action rate,p6vbd18i,2026-07-17_17-50-34_05_04_gmr_no_action_rate_seed_42_iter_1000_20260717T143245Z,462,16.475971049666406,426.29,1.3050276041030884,0.414707750082016,0.17059731483459473,0.10274648666381836,0.6664738655090332,0.9171544909477234,8.546614646911621,196.80288696289062,0.007503907661885023,0.001450459472835064,7.833333492279053,0.7916666865348816,0.0,1.9166667461395264
No action rate,p6vbd18i,2026-07-17_17-50-34_05_04_gmr_no_action_rate_seed_42_iter_1000_20260717T143245Z,463,15.419094706773757,395.74,1.3056933879852295,0.41739365458488464,0.16624148190021515,0.10191407054662704,0.6576412320137024,0.9100514650344849,8.519044876098633,197.1352996826172,0.0069769807159900665,0.0015340165700763464,6.6666669845581055,1.4583333730697632,0.0,1.9583333730697632
No action rate,p6vbd18i,2026-07-17_17-50-34_05_04_gmr_no_action_rate_seed_42_iter_1000_20260717T143245Z,464,16.03065858066082,413.98,1.306988000869751,0.41053804755210876,0.17208701372146606,0.10209022462368011,0.6712881922721863,0.9024545550346375,8.474416732788086,196.62530517578125,0.005634509027004242,0.0014116663951426744,7.0416669845581055,0.9166666865348816,0.0,1.9166667461395264
No action rate,p6vbd18i,2026-07-17_17-50-34_05_04_gmr_no_action_rate_seed_42_iter_1000_20260717T143245Z,465,17.59756627649069,452.6,1.3084334135055542,0.4185492694377899,0.1679673045873642,0.10118529200553894,0.6596279144287109,0.8893155455589294,8.43008804321289,195.794921875,0.005336279049515724,0.005416606552898884,7.75,0.4583333432674408,0.0,1.5416667461395264
No action rate,p6vbd18i,2026-07-17_17-50-34_05_04_gmr_no_action_rate_seed_42_iter_1000_20260717T143245Z,466,16.01261850580573,417.99,1.3091137409210205,0.4102524220943451,0.16908898949623108,0.10233847796916962,0.667382001876831,0.922120213508606,8.606101036071777,198.75418090820312,0.007551947142928839,0.0013460461050271988,6.0,1.0,0.0,2.2083334922790527
No action rate,p6vbd18i,2026-07-17_17-50-34_05_04_gmr_no_action_rate_seed_42_iter_1000_20260717T143245Z,467,16.745923143327236,431.99,1.3103396892547607,0.4222124516963959,0.1679394692182541,0.1021762490272522,0.670163094997406,0.9077276587486267,8.496803283691406,197.84634399414062,0.00635948684066534,0.003238443983718753,7.0,1.2083333730697632,0.0,2.0
No action rate,p6vbd18i,2026-07-17_17-50-34_05_04_gmr_no_action_rate_seed_42_iter_1000_20260717T143245Z,468,15.962360026538372,408.88,1.3111733198165894,0.41059476137161255,0.1670396327972412,0.10045592486858368,0.6544994711875916,0.8968133926391602,8.495777130126953,198.24615478515625,0.006130424328148365,0.0015877464320510626,6.75,0.8333333730697632,0.0,2.4166667461395264
No action rate,p6vbd18i,2026-07-17_17-50-34_05_04_gmr_no_action_rate_seed_42_iter_1000_20260717T143245Z,469,15.542206349372863,404.42,1.3120073080062866,0.4233463704586029,0.16859249770641327,0.10154092311859131,0.6612318158149719,0.9129743576049805,8.546774864196777,199.68650817871094,0.006713058799505234,0.0016500437632203102,7.125,1.0833333730697632,0.0,2.7083334922790527
No action rate,p6vbd18i,2026-07-17_17-50-34_05_04_gmr_no_action_rate_seed_42_iter_1000_20260717T143245Z,470,16.210414780825378,415.91,1.3125114440917969,0.39968520402908325,0.1661306768655777,0.10110461711883545,0.6495379209518433,0.9028631448745728,8.484089851379395,199.01739501953125,0.006704553496092558,0.0035842335782945156,6.458333492279053,0.6666666865348816,0.0,2.3333334922790527
No action rate,p6vbd18i,2026-07-17_17-50-34_05_04_gmr_no_action_rate_seed_42_iter_1000_20260717T143245Z,471,16.1242849239707,421.87,1.3133784532546997,0.42559003829956055,0.16819804906845093,0.10095982253551483,0.660226047039032,0.9088737368583679,8.536399841308594,199.6290283203125,0.00643604202196002,0.003184032393619418,6.75,1.0416667461395264,0.0,1.8333333730697632
No action rate,p6vbd18i,2026-07-17_17-50-34_05_04_gmr_no_action_rate_seed_42_iter_1000_20260717T143245Z,472,16.447569385170937,420.08,1.3141063451766968,0.39547547698020935,0.15880754590034485,0.10012350976467133,0.6461402177810669,0.8908735513687134,8.494104385375977,200.18699645996094,0.005843121558427811,0.00255579873919487,6.625,1.125,0.0,1.7083333730697632
No action rate,p6vbd18i,2026-07-17_17-50-34_05_04_gmr_no_action_rate_seed_42_iter_1000_20260717T143245Z,473,15.215990066230297,390.45,1.314984917640686,0.4196200370788574,0.16641412675380707,0.10061086714267731,0.6573704481124878,0.9131878614425659,8.52847671508789,200.33413696289062,0.006820163689553738,0.001351534272544086,5.75,1.3333333730697632,0.0,2.1666667461395264
No action rate,p6vbd18i,2026-07-17_17-50-34_05_04_gmr_no_action_rate_seed_42_iter_1000_20260717T143245Z,474,16.67527624338865,430.9,1.315722107887268,0.4089898467063904,0.16138534247875214,0.10033026337623596,0.6494815349578857,0.8930537104606628,8.503591537475586,200.490478515625,0.006327950861304998,0.0012772086774930358,6.625,1.0833333730697632,0.0,1.875
No action rate,p6vbd18i,2026-07-17_17-50-34_05_04_gmr_no_action_rate_seed_42_iter_1000_20260717T143245Z,475,16.495908728837968,425.04,1.3166919946670532,0.4110977351665497,0.16242794692516327,0.10099975764751434,0.6546685695648193,0.8963017463684082,8.513677597045898,200.9000244140625,0.00672418437898159,0.001224153209477663,7.875,0.875,0.0,2.4583334922790527
No action rate,p6vbd18i,2026-07-17_17-50-34_05_04_gmr_no_action_rate_seed_42_iter_1000_20260717T143245Z,476,15.771988641619682,416.48,1.3171993494033813,0.4461632966995239,0.16454392671585083,0.10146769136190414,0.6603700518608093,0.9216855764389038,8.558732032775879,201.54867553710938,0.0068419440649449825,0.004553895443677902,7.125,1.0,0.0,2.0
No action rate,p6vbd18i,2026-07-17_17-50-34_05_04_gmr_no_action_rate_seed_42_iter_1000_20260717T143245Z,477,15.308760990202426,394.71,1.3177233934402466,0.4014317989349365,0.16413041949272156,0.10016202926635742,0.6480945348739624,0.8939661979675293,8.526881217956543,202.61178588867188,0.006657618097960949,0.0014469990273937583,5.708333492279053,0.9166666865348816,0.0,2.2916667461395264
No action rate,p6vbd18i,2026-07-17_17-50-34_05_04_gmr_no_action_rate_seed_42_iter_1000_20260717T143245Z,478,16.173447492718697,416.84,1.3182127475738525,0.41871723532676697,0.16260135173797607,0.10005208104848862,0.6503864526748657,0.9106372594833374,8.588800430297852,203.44668579101562,0.006772628985345364,0.0030618016608059406,6.5,0.8333333730697632,0.0,2.0416667461395264
No action rate,p6vbd18i,2026-07-17_17-50-34_05_04_gmr_no_action_rate_seed_42_iter_1000_20260717T143245Z,479,15.48209942817688,401.55,1.3190773725509644,0.41326582431793213,0.16517555713653564,0.09989418089389801,0.6470770239830017,0.9040236473083496,8.570161819458008,203.3275146484375,0.006688972003757954,0.004282253794372082,7.0,0.7916666865348816,0.0,2.4166667461395264
No action rate,p6vbd18i,2026-07-17_17-50-34_05_04_gmr_no_action_rate_seed_42_iter_1000_20260717T143245Z,480,16.86768307209015,430.51,1.3196598291397095,0.3946220278739929,0.16121351718902588,0.09932370483875275,0.6442283987998962,0.8937112092971802,8.574896812438965,204.3760986328125,0.007101847790181637,0.0026782145723700523,7.708333492279053,0.625,0.0,2.1666667461395264
No action rate,p6vbd18i,2026-07-17_17-50-34_05_04_gmr_no_action_rate_seed_42_iter_1000_20260717T143245Z,481,15.583540152907371,406.28,1.3205500841140747,0.41815775632858276,0.171682208776474,0.10217714309692383,0.6666864156723022,0.9134085178375244,8.576813697814941,203.99215698242188,0.007796743884682655,0.0025333845987915993,7.9166669845581055,1.2916667461395264,0.0,2.4166667461395264
No action rate,p6vbd18i,2026-07-17_17-50-34_05_04_gmr_no_action_rate_seed_42_iter_1000_20260717T143245Z,482,16.83306260764599,432.06,1.3216348886489868,0.4185571074485779,0.16409681737422943,0.09995609521865845,0.649958610534668,0.9037642478942871,8.568979263305664,204.2225799560547,0.0064636277966201305,0.005168650299310684,7.375,1.0416667461395264,0.0,2.3333334922790527
No action rate,p6vbd18i,2026-07-17_17-50-34_05_04_gmr_no_action_rate_seed_42_iter_1000_20260717T143245Z,483,16.757468683123587,432.51,1.3222087621688843,0.4059361219406128,0.16848906874656677,0.10058213770389557,0.6563442945480347,0.894623875617981,8.555699348449707,204.3098602294922,0.0058005559258162975,0.0019051565323024988,7.208333492279053,1.0416667461395264,0.0,1.9583333730697632
No action rate,p6vbd18i,2026-07-17_17-50-34_05_04_gmr_no_action_rate_seed_42_iter_1000_20260717T143245Z,484,15.312352662980556,391.43,1.3225523233413696,0.41127920150756836,0.16853442788124084,0.10153505206108093,0.658953845500946,0.9176414012908936,8.577922821044922,204.79855346679688,0.006817247718572617,0.0017904340056702495,6.5,1.3333333730697632,0.0,1.9166667461395264
No action rate,p6vbd18i,2026-07-17_17-50-34_05_04_gmr_no_action_rate_seed_42_iter_1000_20260717T143245Z,485,16.73111928731203,429.04,1.3233528137207031,0.4059939980506897,0.16538846492767334,0.1008336991071701,0.6546301245689392,0.9091896414756775,8.551822662353516,204.38388061523438,0.006476817652583122,0.0017366060055792332,7.458333492279053,1.0416667461395264,0.0,1.7916667461395264
No action rate,p6vbd18i,2026-07-17_17-50-34_05_04_gmr_no_action_rate_seed_42_iter_1000_20260717T143245Z,486,16.61008385464549,426.79,1.3239338397979736,0.3970069885253906,0.1608661413192749,0.09971997141838074,0.6428577303886414,0.8963313102722168,8.551206588745117,205.87005615234375,0.0066327801905572414,0.0020429629366844893,6.5,0.9166666865348816,0.0,2.2083334922790527
No action rate,p6vbd18i,2026-07-17_17-50-34_05_04_gmr_no_action_rate_seed_42_iter_1000_20260717T143245Z,487,16.795326658189296,433.73,1.3242688179016113,0.4042728543281555,0.1728450506925583,0.10156428813934326,0.6656926870346069,0.9036495685577393,8.578182220458984,205.4647674560547,0.006001738365739584,0.0016232188791036606,6.625,1.0416667461395264,0.0,1.5416667461395264
No action rate,p6vbd18i,2026-07-17_17-50-34_05_04_gmr_no_action_rate_seed_42_iter_1000_20260717T143245Z,488,17.15787426844239,438.12,1.3246004581451416,0.3970831036567688,0.16385778784751892,0.09948842972517014,0.6464385986328125,0.8882924318313599,8.526968955993652,205.50375366210938,0.005703321658074856,0.0019506000680848956,7.75,0.8333333730697632,0.0,2.25
No action rate,p6vbd18i,2026-07-17_17-50-34_05_04_gmr_no_action_rate_seed_42_iter_1000_20260717T143245Z,489,15.497380532026291,400.2,1.3253560066223145,0.41354355216026306,0.1637711524963379,0.09987109154462814,0.6462573409080505,0.9105369448661804,8.664302825927734,207.99581909179688,0.007680661976337433,0.002258057938888669,6.333333492279053,0.75,0.0,2.125
No action rate,p6vbd18i,2026-07-17_17-50-34_05_04_gmr_no_action_rate_seed_42_iter_1000_20260717T143245Z,490,16.790464098453523,428.3,1.326062560081482,0.3914737105369568,0.1601877361536026,0.09898273646831512,0.6458622813224792,0.888857364654541,8.527741432189941,206.1461181640625,0.006543338298797607,0.0013244922738522291,7.75,0.9166666865348816,0.0,2.25
No action rate,p6vbd18i,2026-07-17_17-50-34_05_04_gmr_no_action_rate_seed_42_iter_1000_20260717T143245Z,491,15.697713400125503,404.06,1.3263344764709473,0.40672990679740906,0.1642344892024994,0.10045011341571808,0.6512517929077148,0.9190059900283813,8.62313175201416,208.6968231201172,0.007371533662080765,0.0022045006044209003,6.5416669845581055,0.75,0.0,2.4583334922790527
No action rate,p6vbd18i,2026-07-17_17-50-34_05_04_gmr_no_action_rate_seed_42_iter_1000_20260717T143245Z,492,15.219088033437728,396.58,1.3265049457550049,0.40281781554222107,0.16826942563056946,0.10061927884817123,0.6554715633392334,0.9127663373947144,8.606014251708984,207.48049926757812,0.006594350561499596,0.003836924210190773,6.125,1.0833333730697632,0.0,1.9583333730697632
No action rate,p6vbd18i,2026-07-17_17-50-34_05_04_gmr_no_action_rate_seed_42_iter_1000_20260717T143245Z,493,16.53394359126687,420.89,1.3272438049316406,0.4086152911186218,0.16423510015010834,0.09903012961149216,0.6429393291473389,0.9106685519218445,8.613734245300293,208.95140075683594,0.007247097324579954,0.0016550456639379263,6.833333492279053,0.8333333730697632,0.0,1.625
No action rate,p6vbd18i,2026-07-17_17-50-34_05_04_gmr_no_action_rate_seed_42_iter_1000_20260717T143245Z,494,17.028609380722045,429.17,1.3279359340667725,0.4148797392845154,0.15675710141658783,0.09865494817495346,0.6346156001091003,0.8930250406265259,8.54843521118164,209.7767791748047,0.006870313547551632,0.004939772188663483,6.333333492279053,0.625,0.0,2.125
No action rate,p6vbd18i,2026-07-17_17-50-34_05_04_gmr_no_action_rate_seed_42_iter_1000_20260717T143245Z,495,16.82204598262906,426.65,1.3286911249160767,0.4084479808807373,0.1585693359375,0.09879150241613388,0.6390924453735352,0.8966860771179199,8.590601921081543,209.44845581054688,0.006767734419554472,0.0015249367570504546,6.875,0.9583333730697632,0.0,1.75
No action rate,p6vbd18i,2026-07-17_17-50-34_05_04_gmr_no_action_rate_seed_42_iter_1000_20260717T143245Z,496,15.217470363676547,391.4,1.3295727968215942,0.39743679761886597,0.16978812217712402,0.09961595386266708,0.6481278538703918,0.9229985475540161,8.7041597366333,211.3490447998047,0.008004813455045223,0.0012751485919579864,7.4166669845581055,1.0416667461395264,0.0,2.625
No action rate,p6vbd18i,2026-07-17_17-50-34_05_04_gmr_no_action_rate_seed_42_iter_1000_20260717T143245Z,497,15.335240482091903,393.88,1.3303452730178833,0.4118609130382538,0.16304059326648712,0.09984347224235535,0.6492196321487427,0.9085593223571777,8.600523948669434,209.31932067871094,0.006797937210649252,0.0021725508850067854,7.125,1.0,0.0,2.5
No action rate,p6vbd18i,2026-07-17_17-50-34_05_04_gmr_no_action_rate_seed_42_iter_1000_20260717T143245Z,498,15.840236367583275,402.07,1.3311723470687866,0.3924529552459717,0.1603374183177948,0.09885513782501221,0.6417919993400574,0.9091638326644897,8.683185577392578,211.17852783203125,0.008439922705292702,0.0025426754727959633,6.208333492279053,0.7083333730697632,0.0,2.1666667461395264
No action rate,p6vbd18i,2026-07-17_17-50-34_05_04_gmr_no_action_rate_seed_42_iter_1000_20260717T143245Z,499,15.997861404120922,409.32,1.3316220045089722,0.4136679172515869,0.15812800824642181,0.09782092273235321,0.6274793148040771,0.8924887180328369,8.583074569702148,212.34268188476562,0.006852881517261267,0.0015579450409859419,6.125,0.625,0.0,2.125
No action rate,p6vbd18i,2026-07-17_17-50-34_05_04_gmr_no_action_rate_seed_42_iter_1000_20260717T143245Z,500,17.473055682331324,438.15,1.3322478532791138,0.3744818866252899,0.15599659085273743,0.09746690839529037,0.6297856569290161,0.8755264282226562,8.50908088684082,210.22769165039062,0.006090754177421331,0.010258648544549942,7.708333492279053,1.0,0.0,2.0833334922790527
No action rate,p6vbd18i,2026-07-17_17-50-34_05_04_gmr_no_action_rate_seed_42_iter_1000_20260717T143245Z,501,17.210769250392914,438.19,1.33298659324646,0.4060373306274414,0.15589798986911774,0.0975901335477829,0.6291701197624207,0.8912035822868347,8.52890396118164,211.38421630859375,0.005556660704314709,0.003990198951214552,7.2916669845581055,1.0,0.0,1.7916667461395264
No action rate,p6vbd18i,2026-07-17_17-50-34_05_04_gmr_no_action_rate_seed_42_iter_1000_20260717T143245Z,502,16.97481281429529,427.88,1.3336091041564941,0.4018731117248535,0.15459886193275452,0.09726093709468842,0.6272414922714233,0.8739724159240723,8.504850387573242,210.16360473632812,0.006182070355862379,0.002022488508373499,7.6666669845581055,0.5,0.0,1.75
No action rate,p6vbd18i,2026-07-17_17-50-34_05_04_gmr_no_action_rate_seed_42_iter_1000_20260717T143245Z,503,17.05353524595499,435.02,1.3342117071151733,0.4241323173046112,0.16261428594589233,0.09962654113769531,0.654364824295044,0.9083783030509949,8.60948371887207,211.788330078125,0.007024831138551235,0.0018440264975652099,7.6666669845581055,0.7916666865348816,0.0,1.9583333730697632
No action rate,p6vbd18i,2026-07-17_17-50-34_05_04_gmr_no_action_rate_seed_42_iter_1000_20260717T143245Z,504,16.523454233407975,421.24,1.3347820043563843,0.4200420379638672,0.16033560037612915,0.09846179187297821,0.636701226234436,0.8967517614364624,8.619915962219238,214.058837890625,0.0067217908799648285,0.0022846378851681948,6.75,0.75,0.0,1.6666667461395264
No action rate,p6vbd18i,2026-07-17_17-50-34_05_04_gmr_no_action_rate_seed_42_iter_1000_20260717T143245Z,505,17.392503523379563,437.88,1.3355971574783325,0.39342135190963745,0.15594327449798584,0.09806673228740692,0.6360658407211304,0.9026592969894409,8.625703811645508,214.6839599609375,0.007065213285386562,0.0014512966154143214,7.2916669845581055,0.75,0.0,1.7083333730697632
No action rate,p6vbd18i,2026-07-17_17-50-34_05_04_gmr_no_action_rate_seed_42_iter_1000_20260717T143245Z,506,17.00801224589348,433.2,1.336616039276123,0.4037191569805145,0.1569603532552719,0.09769497811794281,0.6334116458892822,0.8878951072692871,8.57404613494873,213.36294555664062,0.005801014602184296,0.0020884936675429344,7.6666669845581055,0.8333333730697632,0.0,1.75
No action rate,p6vbd18i,2026-07-17_17-50-34_05_04_gmr_no_action_rate_seed_42_iter_1000_20260717T143245Z,507,17.479832971692087,436.87,1.3377196788787842,0.3874375522136688,0.1574932187795639,0.09702752530574799,0.6235553622245789,0.8909109830856323,8.582197189331055,213.99777221679688,0.007357848342508078,0.0031047489028424025,6.583333492279053,0.75,0.0,1.9583333730697632
No action rate,p6vbd18i,2026-07-17_17-50-34_05_04_gmr_no_action_rate_seed_42_iter_1000_20260717T143245Z,508,17.365357772707938,443.16,1.3382703065872192,0.41899093985557556,0.16049736738204956,0.09913800656795502,0.6429716944694519,0.8940204381942749,8.580911636352539,213.33616638183594,0.006232242099940777,0.0014361969660967588,6.958333492279053,1.0416667461395264,0.0,1.2083333730697632
No action rate,p6vbd18i,2026-07-17_17-50-34_05_04_gmr_no_action_rate_seed_42_iter_1000_20260717T143245Z,509,16.959103655964135,422.7,1.3386168479919434,0.3929685056209564,0.15352723002433777,0.0963272899389267,0.6184558868408203,0.8795242309570312,8.564720153808594,215.26895141601562,0.006514772307127714,0.0016884889919310808,8.25,1.125,0.0,1.8333333730697632
No action rate,p6vbd18i,2026-07-17_17-50-34_05_04_gmr_no_action_rate_seed_42_iter_1000_20260717T143245Z,510,16.924665324687957,426.83,1.3391809463500977,0.37920260429382324,0.16159209609031677,0.09729697555303574,0.6332370638847351,0.8901052474975586,8.652851104736328,215.08468627929688,0.006897571496665478,0.0017264727503061295,6.333333492279053,0.6666666865348816,0.0,2.125
No action rate,p6vbd18i,2026-07-17_17-50-34_05_04_gmr_no_action_rate_seed_42_iter_1000_20260717T143245Z,511,18.02849523156881,450.63,1.3400356769561768,0.39025944471359253,0.15694177150726318,0.09660976380109787,0.6246950626373291,0.8869937658309937,8.61253547668457,215.41448974609375,0.006044905632734299,0.0017340227495878935,7.583333492279053,0.6666666865348816,0.0,2.0833334922790527
No action rate,p6vbd18i,2026-07-17_17-50-34_05_04_gmr_no_action_rate_seed_42_iter_1000_20260717T143245Z,512,16.364043686538935,417.89,1.3408210277557373,0.3788663148880005,0.15973924100399017,0.09812821447849274,0.6357758045196533,0.9096336364746094,8.714881896972656,217.74853515625,0.007961327210068703,0.0033227214589715004,6.708333492279053,0.875,0.0,2.2083334922790527
No action rate,p6vbd18i,2026-07-17_17-50-34_05_04_gmr_no_action_rate_seed_42_iter_1000_20260717T143245Z,513,16.94404709726572,428.95,1.3412383794784546,0.39419516921043396,0.1542261242866516,0.09574282169342041,0.6249028444290161,0.8828854560852051,8.587199211120605,214.66470336914062,0.006456401199102402,0.013290616683661938,6.375,0.5833333730697632,0.0,2.3333334922790527
No action rate,p6vbd18i,2026-07-17_17-50-34_05_04_gmr_no_action_rate_seed_42_iter_1000_20260717T143245Z,514,17.647466753721236,446.77,1.341696858406067,0.404303640127182,0.15604405105113983,0.09607827663421631,0.6272196769714355,0.8773700594902039,8.579998970031738,215.59814453125,0.0052003501914441586,0.001738705555908382,6.7916669845581055,0.5,0.0,1.5833333730697632
No action rate,p6vbd18i,2026-07-17_17-50-34_05_04_gmr_no_action_rate_seed_42_iter_1000_20260717T143245Z,515,17.200131269693376,437.62,1.34212064743042,0.41302788257598877,0.1572427749633789,0.0973888486623764,0.6317262649536133,0.8897050619125366,8.596529960632324,216.14341735839844,0.006135080941021442,0.003863407066091895,6.625,0.8333333730697632,0.0,2.125
No action rate,p6vbd18i,2026-07-17_17-50-34_05_04_gmr_no_action_rate_seed_42_iter_1000_20260717T143245Z,516,16.762259906828405,420.57,1.3426244258880615,0.38104209303855896,0.1571134775876999,0.09697189182043076,0.6307871341705322,0.8989652395248413,8.668801307678223,217.6259002685547,0.0072113461792469025,0.0018431900534778833,6.833333492279053,0.7916666865348816,0.0,2.4166667461395264
No action rate,p6vbd18i,2026-07-17_17-50-34_05_04_gmr_no_action_rate_seed_42_iter_1000_20260717T143245Z,517,16.28402400314808,411.53,1.3434367179870605,0.40877723693847656,0.1544254720211029,0.0968630313873291,0.626657247543335,0.9046849012374878,8.643890380859375,218.1673583984375,0.006852376274764538,0.0022735283710062504,7.5,0.9583333730697632,0.0,2.25
No action rate,p6vbd18i,2026-07-17_17-50-34_05_04_gmr_no_action_rate_seed_42_iter_1000_20260717T143245Z,518,16.1030160677433,411.18,1.3439010381698608,0.4005758464336395,0.15303799510002136,0.09555163234472275,0.622180700302124,0.8834645748138428,8.61180305480957,217.25558471679688,0.0058813318610191345,0.002433870453387499,6.7916669845581055,0.5416666865348816,0.0,1.7083333730697632
No action rate,p6vbd18i,2026-07-17_17-50-34_05_04_gmr_no_action_rate_seed_42_iter_1000_20260717T143245Z,519,16.944875660836697,422.03,1.3446462154388428,0.3866071105003357,0.15502870082855225,0.09571634978055954,0.6251498460769653,0.8757507801055908,8.5836181640625,216.83087158203125,0.005913818255066872,0.002742980606853962,6.083333492279053,0.5833333730697632,0.0,1.4583333730697632
No action rate,p6vbd18i,2026-07-17_17-50-34_05_04_gmr_no_action_rate_seed_42_iter_1000_20260717T143245Z,520,16.12600498557091,406.89,1.3453749418258667,0.3990272283554077,0.15908250212669373,0.09723519533872604,0.6306836009025574,0.8997805118560791,8.69651985168457,220.11431884765625,0.006560798734426498,0.0011551310308277607,6.708333492279053,0.5833333730697632,0.0,2.0
No action rate,p6vbd18i,2026-07-17_17-50-34_05_04_gmr_no_action_rate_seed_42_iter_1000_20260717T143245Z,521,16.83257764428854,426.57,1.3459786176681519,0.40136227011680603,0.15559595823287964,0.09677612781524658,0.621939480304718,0.8917822241783142,8.648128509521484,218.29547119140625,0.006787991151213646,0.0025674160569906235,7.625,0.7916666865348816,0.0,1.9166667461395264
No action rate,p6vbd18i,2026-07-17_17-50-34_05_04_gmr_no_action_rate_seed_42_iter_1000_20260717T143245Z,522,16.205503044724466,412.84,1.3465403318405151,0.39368367195129395,0.1570385992527008,0.09735243022441864,0.6279501914978027,0.9029779434204102,8.710092544555664,220.23623657226562,0.007601461373269558,0.0016318223206326365,7.4166669845581055,0.5833333730697632,0.0,2.25
No action rate,p6vbd18i,2026-07-17_17-50-34_05_04_gmr_no_action_rate_seed_42_iter_1000_20260717T143245Z,523,17.03478288412094,426.2,1.3476879596710205,0.39712971448898315,0.15483632683753967,0.096504807472229,0.6277587413787842,0.8938986659049988,8.665019989013672,219.29159545898438,0.006735350005328655,0.001971669029444456,7.75,0.875,0.0,2.4166667461395264
No action rate,p6vbd18i,2026-07-17_17-50-34_05_04_gmr_no_action_rate_seed_42_iter_1000_20260717T143245Z,524,17.518974200487136,439.17,1.348587989807129,0.3965250849723816,0.15207993984222412,0.09622502326965332,0.6228482723236084,0.879101037979126,8.571441650390625,218.26351928710938,0.00510476715862751,0.0016301688738167286,8.083333969116211,0.75,0.0,1.7083333730697632
No action rate,p6vbd18i,2026-07-17_17-50-34_05_04_gmr_no_action_rate_seed_42_iter_1000_20260717T143245Z,525,16.705368994474412,418.25,1.3492028713226318,0.4148041009902954,0.16056013107299805,0.09705092757940292,0.6303982138633728,0.9124419093132019,8.708614349365234,221.0389404296875,0.006833995692431927,0.011984109878540039,6.25,0.7916666865348816,0.0,2.0416667461395264
No action rate,p6vbd18i,2026-07-17_17-50-34_05_04_gmr_no_action_rate_seed_42_iter_1000_20260717T143245Z,526,16.740769826769828,419.02,1.3499853610992432,0.3708823621273041,0.15543687343597412,0.09614238142967224,0.6249452829360962,0.9001643061637878,8.75119400024414,220.9597625732422,0.007739678956568241,0.002255836734548211,7.0416669845581055,0.7916666865348816,0.0,2.5416667461395264
No action rate,p6vbd18i,2026-07-17_17-50-34_05_04_gmr_no_action_rate_seed_42_iter_1000_20260717T143245Z,527,17.59798671603203,438.63,1.350768804550171,0.38425445556640625,0.15209832787513733,0.0950746238231659,0.6209372282028198,0.8793668746948242,8.641164779663086,220.09661865234375,0.006187249906361103,0.0015837640967220068,7.375,0.8333333730697632,0.0,2.0
No action rate,p6vbd18i,2026-07-17_17-50-34_05_04_gmr_no_action_rate_seed_42_iter_1000_20260717T143245Z,528,16.080566102787852,404.35,1.3511277437210083,0.4036801755428314,0.15946805477142334,0.0974663645029068,0.6374746561050415,0.9209487438201904,8.788386344909668,222.98876953125,0.008463555946946144,0.002526730764657259,6.458333492279053,0.625,0.0,2.125
No action rate,p6vbd18i,2026-07-17_17-50-34_05_04_gmr_no_action_rate_seed_42_iter_1000_20260717T143245Z,529,17.24573803678155,428.98,1.3516998291015625,0.416276216506958,0.15559294819831848,0.09694123268127441,0.6215022802352905,0.907193660736084,8.759543418884277,224.1848602294922,0.007967467419803143,0.0013103780802339315,7.2916669845581055,0.75,0.0,1.9166667461395264
No action rate,p6vbd18i,2026-07-17_17-50-34_05_04_gmr_no_action_rate_seed_42_iter_1000_20260717T143245Z,530,17.827428160309793,449.01,1.3525933027267456,0.3837171494960785,0.1531364917755127,0.0951543003320694,0.6148415803909302,0.8723360896110535,8.62741470336914,221.70773315429688,0.005923878401517868,0.0019525578245520592,8.375,0.7083333730697632,0.0,1.5833333730697632
No action rate,p6vbd18i,2026-07-17_17-50-34_05_04_gmr_no_action_rate_seed_42_iter_1000_20260717T143245Z,531,17.519413594007492,441.71,1.353357195854187,0.4143371284008026,0.15179896354675293,0.09479272365570068,0.6126759052276611,0.8891472220420837,8.675664901733398,222.74789428710938,0.006407770793884993,0.0020932562183588743,6.9166669845581055,0.75,0.0,1.5
No action rate,p6vbd18i,2026-07-17_17-50-34_05_04_gmr_no_action_rate_seed_42_iter_1000_20260717T143245Z,532,18.07406030535698,453.37,1.3542648553848267,0.39710187911987305,0.15013137459754944,0.09412737935781479,0.609798789024353,0.8716800212860107,8.601741790771484,221.95382690429688,0.005759622901678085,0.0031234435737133026,7.833333492279053,0.4583333432674408,0.0,1.5833333730697632
No action rate,p6vbd18i,2026-07-17_17-50-34_05_04_gmr_no_action_rate_seed_42_iter_1000_20260717T143245Z,533,15.142350307106971,384.1,1.354881763458252,0.393082857131958,0.15521755814552307,0.09555140137672424,0.6260035037994385,0.8981630206108093,8.750354766845703,223.969970703125,0.006961018778383732,0.0018926137126982212,6.25,0.875,0.0,1.875
No action rate,p6vbd18i,2026-07-17_17-50-34_05_04_gmr_no_action_rate_seed_42_iter_1000_20260717T143245Z,534,17.214074976742268,429.9,1.355087399482727,0.4036511778831482,0.15318527817726135,0.09563680738210678,0.6228666305541992,0.8943099975585938,8.724588394165039,224.5945281982422,0.006816908251494169,0.0021184077486395836,7.1666669845581055,0.75,0.0,1.5416667461395264
No action rate,p6vbd18i,2026-07-17_17-50-34_05_04_gmr_no_action_rate_seed_42_iter_1000_20260717T143245Z,535,17.321664185374974,435.76,1.3556029796600342,0.406024694442749,0.15212154388427734,0.09501546621322632,0.6155376434326172,0.8928340673446655,8.712955474853516,225.09423828125,0.007225271314382553,0.0021756167989224195,6.875,0.6666666865348816,0.0,1.7083333730697632
No action rate,p6vbd18i,2026-07-17_17-50-34_05_04_gmr_no_action_rate_seed_42_iter_1000_20260717T143245Z,536,16.85894657343626,426.44,1.3561956882476807,0.3926144540309906,0.1514066457748413,0.09488968551158905,0.6174373030662537,0.8946890234947205,8.728655815124512,224.73507690429688,0.007021667435765266,0.002049639355391264,5.958333492279053,0.5416666865348816,0.0,1.5416667461395264
No action rate,p6vbd18i,2026-07-17_17-50-34_05_04_gmr_no_action_rate_seed_42_iter_1000_20260717T143245Z,537,17.908317831754683,445.49,1.3568514585494995,0.38549932837486267,0.15213416516780853,0.09526912868022919,0.6186317205429077,0.8740066885948181,8.65293025970459,225.2761688232422,0.005813475698232651,0.0026408997364342213,7.583333492279053,0.5,0.0,1.7083333730697632
No action rate,p6vbd18i,2026-07-17_17-50-34_05_04_gmr_no_action_rate_seed_42_iter_1000_20260717T143245Z,538,18.137039290070533,451.08,1.3573051691055298,0.3934338092803955,0.15043380856513977,0.0949678048491478,0.6149165630340576,0.8736740350723267,8.675233840942383,226.5781707763672,0.006735192146152258,0.002226624172180891,8.333333969116211,0.5,0.0,1.7083333730697632
No action rate,p6vbd18i,2026-07-17_17-50-34_05_04_gmr_no_action_rate_seed_42_iter_1000_20260717T143245Z,539,17.01503920853138,424.16,1.3578568696975708,0.4035775363445282,0.15346752107143402,0.09664410352706909,0.6183024644851685,0.8913585543632507,8.702523231506348,227.94610595703125,0.006396876182407141,0.002464054385200143,6.0,0.7916666865348816,0.0,1.75
No action rate,p6vbd18i,2026-07-17_17-50-34_05_04_gmr_no_action_rate_seed_42_iter_1000_20260717T143245Z,540,16.72357872903347,420.8,1.3584330081939697,0.3896157741546631,0.15478289127349854,0.09644730389118195,0.6207225322723389,0.8887845873832703,8.729029655456543,227.07254028320312,0.007300791796296835,0.001952125458046794,5.583333492279053,0.5416666865348816,0.0,1.625
No action rate,p6vbd18i,2026-07-17_17-50-34_05_04_gmr_no_action_rate_seed_42_iter_1000_20260717T143245Z,541,17.657743122577667,437.3,1.359175443649292,0.39441370964050293,0.14956295490264893,0.09402396529912949,0.6092373728752136,0.8697811365127563,8.626716613769531,226.02462768554688,0.005514503922313452,0.001798605895601213,6.458333492279053,0.5416666865348816,0.0,1.5833333730697632
No action rate,p6vbd18i,2026-07-17_17-50-34_05_04_gmr_no_action_rate_seed_42_iter_1000_20260717T143245Z,542,17.175744417905808,437.94,1.3597748279571533,0.3960731625556946,0.15058128535747528,0.09444745630025864,0.6148266792297363,0.8763794302940369,8.667876243591309,226.6748046875,0.005611183121800423,0.0021540354937314987,7.5416669845581055,0.9583333730697632,0.0,1.5416667461395264
No action rate,p6vbd18i,2026-07-17_17-50-34_05_04_gmr_no_action_rate_seed_42_iter_1000_20260717T143245Z,543,17.197760264873505,428.43,1.3603907823562622,0.38659512996673584,0.14643594622612,0.09391044080257416,0.6031569242477417,0.874193549156189,8.677165985107422,227.46873474121094,0.005638721864670515,0.005026151426136494,7.5416669845581055,0.7083333730697632,0.0,1.7083333730697632
No action rate,p6vbd18i,2026-07-17_17-50-34_05_04_gmr_no_action_rate_seed_42_iter_1000_20260717T143245Z,544,18.001476699411867,452.07,1.3614375591278076,0.3848233222961426,0.14798377454280853,0.09391044825315475,0.6064897775650024,0.8666753172874451,8.62106704711914,226.64242553710938,0.005857568234205246,0.0015886336332187057,8.458333969116211,0.5,0.0,1.4166667461395264
No action rate,p6vbd18i,2026-07-17_17-50-34_05_04_gmr_no_action_rate_seed_42_iter_1000_20260717T143245Z,545,16.755823611468077,421.59,1.361920714378357,0.37747591733932495,0.15127961337566376,0.09510047733783722,0.616386890411377,0.8979024291038513,8.805421829223633,230.01513671875,0.00811341404914856,0.0020260862074792385,8.25,1.0833333730697632,0.0,2.3333334922790527
No action rate,p6vbd18i,2026-07-17_17-50-34_05_04_gmr_no_action_rate_seed_42_iter_1000_20260717T143245Z,546,15.74251353919506,400.07,1.3626121282577515,0.4088716506958008,0.1558886617422104,0.09633883088827133,0.610977053642273,0.893749475479126,8.731890678405762,229.05233764648438,0.00645684776827693,0.0014192129019647837,6.0,0.75,0.0,2.0833334922790527
No action rate,p6vbd18i,2026-07-17_17-50-34_05_04_gmr_no_action_rate_seed_42_iter_1000_20260717T143245Z,547,16.549855599850417,413.21,1.363229513168335,0.37897372245788574,0.1497364193201065,0.09473927319049835,0.6168054938316345,0.8829578161239624,8.753072738647461,229.5847625732422,0.006774362176656723,0.002262942725792527,6.875,0.9166666865348816,0.0,1.8333333730697632
No action rate,p6vbd18i,2026-07-17_17-50-34_05_04_gmr_no_action_rate_seed_42_iter_1000_20260717T143245Z,548,16.800444344580175,418.61,1.3636549711227417,0.39955252408981323,0.1583295464515686,0.09566190093755722,0.624739408493042,0.9042174220085144,8.786429405212402,231.10012817382812,0.006869473960250616,0.002641185885295272,7.125,0.5833333730697632,0.0,1.7083333730697632
No action rate,p6vbd18i,2026-07-17_17-50-34_05_04_gmr_no_action_rate_seed_42_iter_1000_20260717T143245Z,549,18.44832268357277,455.81,1.3640416860580444,0.38577184081077576,0.14959633350372314,0.09424394369125366,0.6114293932914734,0.8764170408248901,8.690498352050781,229.20089721679688,0.00599813973531127,0.003295671194791794,7.375,0.6666666865348816,0.0,1.375
No action rate,p6vbd18i,2026-07-17_17-50-34_05_04_gmr_no_action_rate_seed_42_iter_1000_20260717T143245Z,550,17.14641328364611,431.93,1.3644543886184692,0.3969671130180359,0.14910924434661865,0.09481160342693329,0.6182758808135986,0.8830569982528687,8.681527137756348,229.61590576171875,0.005705631338059902,0.002123122802004218,7.333333492279053,0.625,0.0,2.0
No action rate,p6vbd18i,2026-07-17_17-50-34_05_04_gmr_no_action_rate_seed_42_iter_1000_20260717T143245Z,551,17.198730322122575,427.65,1.36507248878479,0.367551326751709,0.15136955678462982,0.09508373588323593,0.6189482808113098,0.8766042590141296,8.726025581359863,230.3397216796875,0.005740590393543243,0.001923047355376184,8.0,0.7083333730697632,0.0,1.75
No action rate,p6vbd18i,2026-07-17_17-50-34_05_04_gmr_no_action_rate_seed_42_iter_1000_20260717T143245Z,552,16.743135175704957,421.38,1.3660824298858643,0.4007241427898407,0.15534552931785583,0.09606599807739258,0.6254923343658447,0.903089702129364,8.801814079284668,232.45550537109375,0.007183271460235119,0.001979650929570198,7.0416669845581055,1.0416667461395264,0.0,2.0
No action rate,p6vbd18i,2026-07-17_17-50-34_05_04_gmr_no_action_rate_seed_42_iter_1000_20260717T143245Z,553,17.096749827712774,429.59,1.3669694662094116,0.37249264121055603,0.14862459897994995,0.09381289780139923,0.6072325110435486,0.8811254501342773,8.724410057067871,231.07049560546875,0.006588064134120941,0.003946769516915083,7.333333492279053,0.7083333730697632,0.0,1.8333333730697632
No action rate,p6vbd18i,2026-07-17_17-50-34_05_04_gmr_no_action_rate_seed_42_iter_1000_20260717T143245Z,554,18.332864158153534,456.19,1.3673142194747925,0.3949466645717621,0.15127748250961304,0.09456890821456909,0.618158757686615,0.8917934894561768,8.781582832336426,231.88748168945312,0.007025604601949453,0.0019428867381066084,6.5,0.6666666865348816,0.0,1.5833333730697632
No action rate,p6vbd18i,2026-07-17_17-50-34_05_04_gmr_no_action_rate_seed_42_iter_1000_20260717T143245Z,555,17.011558418571948,420.91,1.3678869009017944,0.35911330580711365,0.15293000638484955,0.0948595330119133,0.6084762215614319,0.8875817060470581,8.744810104370117,232.7833709716797,0.007114320062100887,0.001204205909743905,6.75,0.6666666865348816,0.0,1.7916667461395264
No action rate,p6vbd18i,2026-07-17_17-50-34_05_04_gmr_no_action_rate_seed_42_iter_1000_20260717T143245Z,556,17.06875254571438,426.73,1.368523120880127,0.3679724633693695,0.1540975123643875,0.09513124078512192,0.6208918690681458,0.8881889581680298,8.778297424316406,232.120361328125,0.006228229962289333,0.00302894483320415,6.75,0.75,0.0,1.625
No action rate,p6vbd18i,2026-07-17_17-50-34_05_04_gmr_no_action_rate_seed_42_iter_1000_20260717T143245Z,557,16.556604830026625,414.43,1.3690695762634277,0.3686390817165375,0.15036854147911072,0.09395599365234375,0.6145593523979187,0.8849340677261353,8.782400131225586,232.42063903808594,0.0067460909485816956,0.0016721602296456695,6.1666669845581055,0.7916666865348816,0.0,2.0833334922790527
No action rate,p6vbd18i,2026-07-17_17-50-34_05_04_gmr_no_action_rate_seed_42_iter_1000_20260717T143245Z,558,17.531881821155547,434.23,1.369511604309082,0.38308054208755493,0.14781266450881958,0.0932556614279747,0.6020398139953613,0.8691681623458862,8.679935455322266,232.21221923828125,0.005838355049490929,0.008598567917943,8.125,0.625,0.0,1.4583333730697632
No action rate,p6vbd18i,2026-07-17_17-50-34_05_04_gmr_no_action_rate_seed_42_iter_1000_20260717T143245Z,559,18.54462768524885,458.95,1.370058298110962,0.36837345361709595,0.1467529982328415,0.09320583939552307,0.6073158979415894,0.8626655340194702,8.668941497802734,232.1052703857422,0.005829956382513046,0.002044699154794216,8.125,0.4166666865348816,0.0,1.6666667461395264
No action rate,p6vbd18i,2026-07-17_17-50-34_05_04_gmr_no_action_rate_seed_42_iter_1000_20260717T143245Z,560,16.5546156334877,413.56,1.370719313621521,0.37971848249435425,0.15109758079051971,0.0944683849811554,0.6154099702835083,0.8901521563529968,8.76906681060791,232.65635681152344,0.006578631699085236,0.0024448991753160954,5.9166669845581055,0.6666666865348816,0.0,2.0416667461395264
No action rate,p6vbd18i,2026-07-17_17-50-34_05_04_gmr_no_action_rate_seed_42_iter_1000_20260717T143245Z,561,17.365630043745043,436.07,1.3714957237243652,0.37587425112724304,0.15054114162921906,0.09385889023542404,0.6057769060134888,0.875262975692749,8.726211547851562,233.6405487060547,0.006305317394435406,0.007490062154829502,5.458333492279053,0.5416666865348816,0.0,1.6666667461395264
No action rate,p6vbd18i,2026-07-17_17-50-34_05_04_gmr_no_action_rate_seed_42_iter_1000_20260717T143245Z,562,17.283203163146972,428.14,1.372117519378662,0.3809346556663513,0.1501820683479309,0.0940040871500969,0.6085717678070068,0.876075267791748,8.741800308227539,233.90869140625,0.005880493205040693,0.0016278758412227035,6.125,0.75,0.0,1.9166667461395264
No action rate,p6vbd18i,2026-07-17_17-50-34_05_04_gmr_no_action_rate_seed_42_iter_1000_20260717T143245Z,563,17.832549310326577,441.9,1.3728079795837402,0.3915221095085144,0.14860469102859497,0.09353701770305634,0.6133644580841064,0.8786937594413757,8.728568077087402,233.9814910888672,0.005901560187339783,0.0018188792746514082,7.875,0.5,0.0,1.5
No action rate,p6vbd18i,2026-07-17_17-50-34_05_04_gmr_no_action_rate_seed_42_iter_1000_20260717T143245Z,564,17.175277396142484,428.76,1.3731404542922974,0.3764225244522095,0.14918829500675201,0.09326653182506561,0.6120466589927673,0.874541163444519,8.738455772399902,234.236328125,0.006042340770363808,0.0014113096985965967,8.041666984558105,0.5,0.0,1.5833333730697632
No action rate,p6vbd18i,2026-07-17_17-50-34_05_04_gmr_no_action_rate_seed_42_iter_1000_20260717T143245Z,565,17.216467864066363,427.98,1.373525857925415,0.3755605220794678,0.15050940215587616,0.0945889800786972,0.6114486455917358,0.88438880443573,8.742066383361816,234.8269500732422,0.005711441859602928,0.001787017099559307,7.4166669845581055,0.7916666865348816,0.0,1.7083333730697632
No action rate,p6vbd18i,2026-07-17_17-50-34_05_04_gmr_no_action_rate_seed_42_iter_1000_20260717T143245Z,566,18.03866157501936,451.87,1.3741048574447632,0.39798229932785034,0.14664413034915924,0.09374817460775375,0.6100354194641113,0.8744735717773438,8.745182037353516,234.8138885498047,0.006235208362340927,0.001598884118720889,7.833333492279053,0.4583333432674408,0.0,1.5833333730697632
No action rate,p6vbd18i,2026-07-17_17-50-34_05_04_gmr_no_action_rate_seed_42_iter_1000_20260717T143245Z,567,16.705398702323436,414.92,1.3747966289520264,0.3652871549129486,0.152867391705513,0.0947309136390686,0.6166874170303345,0.887994647026062,8.834749221801758,237.17562866210938,0.006690645590424538,0.0022316446993499994,6.833333492279053,0.9166666865348816,0.0,1.4166667461395264
No action rate,p6vbd18i,2026-07-17_17-50-34_05_04_gmr_no_action_rate_seed_42_iter_1000_20260717T143245Z,568,17.3392573928833,433.82,1.375341773033142,0.3920896649360657,0.15089619159698486,0.09418225288391113,0.6106382608413696,0.8890074491500854,8.79307746887207,236.43319702148438,0.006719108670949936,0.0016177899669855833,7.083333492279053,0.4583333432674408,0.0,1.625
No action rate,p6vbd18i,2026-07-17_17-50-34_05_04_gmr_no_action_rate_seed_42_iter_1000_20260717T143245Z,569,17.717663869857788,437.3,1.3755532503128052,0.3833034932613373,0.15079960227012634,0.09506034851074219,0.6259942054748535,0.8840763568878174,8.775293350219727,235.8235321044922,0.006014700513333082,0.0012975790305063128,7.9166669845581055,0.5833333730697632,0.0,1.9583333730697632
No action rate,p6vbd18i,2026-07-17_17-50-34_05_04_gmr_no_action_rate_seed_42_iter_1000_20260717T143245Z,570,17.392039428055288,427.36,1.3758883476257324,0.3700414299964905,0.14739403128623962,0.09371082484722137,0.6093995571136475,0.8846375346183777,8.825601577758789,236.9936981201172,0.006651125382632017,0.001695234328508377,7.0,0.5833333730697632,0.0,1.8333333730697632
No action rate,p6vbd18i,2026-07-17_17-50-34_05_04_gmr_no_action_rate_seed_42_iter_1000_20260717T143245Z,571,17.6834567373991,441.03,1.3763593435287476,0.3790397644042969,0.15031976997852325,0.09445371478796005,0.6145811080932617,0.8864254951477051,8.833169937133789,237.6956024169922,0.007560059428215027,0.0015608849935233593,7.9166669845581055,0.7916666865348816,0.0,1.8333333730697632
No action rate,p6vbd18i,2026-07-17_17-50-34_05_04_gmr_no_action_rate_seed_42_iter_1000_20260717T143245Z,572,17.737374235987662,434.94,1.3768471479415894,0.3725734353065491,0.14705246686935425,0.09333203732967377,0.6030753254890442,0.8774666786193848,8.783218383789062,237.27342224121094,0.007040882017463446,0.00237612915225327,7.75,0.4166666865348816,0.0,1.4166667461395264
No action rate,p6vbd18i,2026-07-17_17-50-34_05_04_gmr_no_action_rate_seed_42_iter_1000_20260717T143245Z,573,17.420148524045945,430.96,1.377273440361023,0.3760964274406433,0.15027213096618652,0.09412302821874619,0.610620379447937,0.8793196678161621,8.804984092712402,237.5736541748047,0.006204578094184399,0.0019915387965738773,7.458333492279053,0.5833333730697632,0.0,1.5416667461395264
No action rate,p6vbd18i,2026-07-17_17-50-34_05_04_gmr_no_action_rate_seed_42_iter_1000_20260717T143245Z,574,17.116577288135886,424.37,1.3781776428222656,0.3605904281139374,0.15053421258926392,0.0939677357673645,0.6086995601654053,0.8747774362564087,8.798529624938965,237.52891540527344,0.007450941018760204,0.0020586836617439985,7.875,0.9166666865348816,0.0,1.5833333730697632
No action rate,p6vbd18i,2026-07-17_17-50-34_05_04_gmr_no_action_rate_seed_42_iter_1000_20260717T143245Z,575,16.69290233053267,419.79,1.3793261051177979,0.37748345732688904,0.15252473950386047,0.09467118978500366,0.6152898669242859,0.8855306506156921,8.807531356811523,237.60784912109375,0.0072157057002186775,0.0019915555603802204,6.5416669845581055,0.8333333730697632,0.0,2.0416667461395264
No action rate,p6vbd18i,2026-07-17_17-50-34_05_04_gmr_no_action_rate_seed_42_iter_1000_20260717T143245Z,576,18.24531406402588,451.7,1.379696011543274,0.37859463691711426,0.14622224867343903,0.09327603876590729,0.609113335609436,0.8738031387329102,8.78647232055664,237.4734344482422,0.005883350037038326,0.00321566010825336,7.125,0.9166666865348816,0.0,1.375
No action rate,p6vbd18i,2026-07-17_17-50-34_05_04_gmr_no_action_rate_seed_42_iter_1000_20260717T143245Z,577,16.942235053777694,421.37,1.3802943229675293,0.3698233962059021,0.14869052171707153,0.09406490623950958,0.6092332601547241,0.878091037273407,8.817832946777344,238.7745361328125,0.006562379654496908,0.001803219085559249,6.25,0.6666666865348816,0.0,1.4166667461395264
No action rate,p6vbd18i,2026-07-17_17-50-34_05_04_gmr_no_action_rate_seed_42_iter_1000_20260717T143245Z,578,16.82189371407032,416.2,1.381421446800232,0.3758750855922699,0.15190184116363525,0.09507055580615997,0.6088073253631592,0.88771653175354,8.836748123168945,239.46066284179688,0.007269567809998989,0.0031791641376912594,6.583333492279053,0.625,0.0,1.5
No action rate,p6vbd18i,2026-07-17_17-50-34_05_04_gmr_no_action_rate_seed_42_iter_1000_20260717T143245Z,579,18.26739560842514,454.26,1.3820852041244507,0.4017251431941986,0.148145854473114,0.09378709644079208,0.6038917303085327,0.8837925791740417,8.79767894744873,239.7347412109375,0.006649957969784737,0.0020576724782586098,8.458333969116211,0.7083333730697632,0.0,1.625
No action rate,p6vbd18i,2026-07-17_17-50-34_05_04_gmr_no_action_rate_seed_42_iter_1000_20260717T143245Z,580,17.008936493098737,418.75,1.3828151226043701,0.3699137568473816,0.14643335342407227,0.09289643168449402,0.6038528680801392,0.8722354173660278,8.7971773147583,239.6778564453125,0.006434427108615637,0.001538650132715702,7.333333492279053,0.5833333730697632,0.0,1.6666667461395264
No action rate,p6vbd18i,2026-07-17_17-50-34_05_04_gmr_no_action_rate_seed_42_iter_1000_20260717T143245Z,581,17.130079942941666,426.77,1.3836510181427002,0.3811783194541931,0.1469816267490387,0.0927986353635788,0.5970856547355652,0.8707919120788574,8.803266525268555,241.1261444091797,0.006353259086608887,0.005397208966314793,6.375,0.5,0.0,1.9583333730697632
No action rate,p6vbd18i,2026-07-17_17-50-34_05_04_gmr_no_action_rate_seed_42_iter_1000_20260717T143245Z,582,18.427117913365365,447.66,1.3843488693237305,0.35946547985076904,0.14949949085712433,0.09300750494003296,0.6033831238746643,0.8702442049980164,8.821195602416992,240.19296264648438,0.005695667117834091,0.0014924104325473309,5.6666669845581055,0.375,0.0,1.7083333730697632
No action rate,p6vbd18i,2026-07-17_17-50-34_05_04_gmr_no_action_rate_seed_42_iter_1000_20260717T143245Z,583,17.31103269070387,433.56,1.3848731517791748,0.3885270059108734,0.14997711777687073,0.09464474022388458,0.6176036596298218,0.9008064270019531,8.892263412475586,241.5911102294922,0.007312060799449682,0.0017624979373067617,6.375,0.9166666865348816,0.0,1.4166667461395264
No action rate,p6vbd18i,2026-07-17_17-50-34_05_04_gmr_no_action_rate_seed_42_iter_1000_20260717T143245Z,584,17.43620495736599,431.86,1.3853386640548706,0.38696998357772827,0.1473546326160431,0.09376366436481476,0.6070038676261902,0.889039933681488,8.857217788696289,241.17514038085938,0.006316745188087225,0.0014204233884811401,7.2916669845581055,0.75,0.0,1.6666667461395264
No action rate,p6vbd18i,2026-07-17_17-50-34_05_04_gmr_no_action_rate_seed_42_iter_1000_20260717T143245Z,585,18.47346366971731,462.14,1.3855197429656982,0.3803982734680176,0.1494564563035965,0.09352802485227585,0.6098960041999817,0.8752464056015015,8.828136444091797,241.5563201904297,0.005492233671247959,0.0016854320419952273,8.958333969116211,0.625,0.0,1.2083333730697632
No action rate,p6vbd18i,2026-07-17_17-50-34_05_04_gmr_no_action_rate_seed_42_iter_1000_20260717T143245Z,586,18.0860769623518,447.23,1.385960578918457,0.385047048330307,0.14824768900871277,0.09323525428771973,0.6102535128593445,0.8687567710876465,8.783975601196289,240.5112762451172,0.005442287772893906,0.001804098952561617,7.7916669845581055,0.8333333730697632,0.0,1.4583333730697632
No action rate,p6vbd18i,2026-07-17_17-50-34_05_04_gmr_no_action_rate_seed_42_iter_1000_20260717T143245Z,587,16.974673706889153,419.08,1.3868472576141357,0.39101070165634155,0.15215104818344116,0.09454137086868286,0.6097820997238159,0.8931216597557068,8.84426498413086,241.47720336914062,0.006233792286366224,0.0019233287312090397,6.875,0.7083333730697632,0.0,1.9583333730697632
No action rate,p6vbd18i,2026-07-17_17-50-34_05_04_gmr_no_action_rate_seed_42_iter_1000_20260717T143245Z,588,17.13289140403271,430.66,1.387323260307312,0.3786483407020569,0.15022075176239014,0.09447504580020905,0.617805004119873,0.8847460746765137,8.843667984008789,242.27011108398438,0.006253993138670921,0.015094883739948273,6.875,0.6666666865348816,0.0,1.4583333730697632
No action rate,p6vbd18i,2026-07-17_17-50-34_05_04_gmr_no_action_rate_seed_42_iter_1000_20260717T143245Z,589,16.34610122233629,407.34,1.3879636526107788,0.3832346200942993,0.15063108503818512,0.09417887032032013,0.6125144362449646,0.8879835605621338,8.888007164001465,243.54574584960938,0.0063728573732078075,0.0021498464047908783,7.2916669845581055,1.0,0.0,1.5833333730697632
No action rate,p6vbd18i,2026-07-17_17-50-34_05_04_gmr_no_action_rate_seed_42_iter_1000_20260717T143245Z,590,18.0099276638031,444.57,1.3887068033218384,0.3590705990791321,0.1471109688282013,0.09281229972839355,0.5982681512832642,0.8702303767204285,8.822904586791992,242.1708221435547,0.006375878117978573,0.0018306314013898373,7.833333492279053,0.7083333730697632,0.0,1.5416667461395264
No action rate,p6vbd18i,2026-07-17_17-50-34_05_04_gmr_no_action_rate_seed_42_iter_1000_20260717T143245Z,591,17.491083350777625,436.08,1.3894933462142944,0.36528897285461426,0.15141865611076355,0.09434714913368225,0.6140739321708679,0.8894785642623901,8.922842979431152,244.24093627929688,0.007289453409612179,0.0030708517879247665,7.0,0.5416666865348816,0.0,1.5416667461395264
No action rate,p6vbd18i,2026-07-17_17-50-34_05_04_gmr_no_action_rate_seed_42_iter_1000_20260717T143245Z,592,17.232375641465186,427.9,1.3907076120376587,0.382125586271286,0.14849735796451569,0.09406422823667526,0.6102281212806702,0.8842333555221558,8.862878799438477,243.51846313476562,0.006514554377645254,0.0014935372164472938,8.375,0.6666666865348816,0.0,1.4583333730697632
No action rate,p6vbd18i,2026-07-17_17-50-34_05_04_gmr_no_action_rate_seed_42_iter_1000_20260717T143245Z,593,17.234946526288986,429.88,1.3913300037384033,0.37093016505241394,0.15374061465263367,0.09423987567424774,0.6169916391372681,0.8907445669174194,8.904499053955078,243.26577758789062,0.00659713800996542,0.001549356384202838,6.958333492279053,0.9583333730697632,0.0,1.9583333730697632
No action rate,p6vbd18i,2026-07-17_17-50-34_05_04_gmr_no_action_rate_seed_42_iter_1000_20260717T143245Z,594,17.53088252723217,432.42,1.3919243812561035,0.3617682158946991,0.14916908740997314,0.09292858839035034,0.6050875186920166,0.8774619102478027,8.85749626159668,243.47886657714844,0.006532581523060799,0.001023787073791027,7.708333492279053,0.6666666865348816,0.0,1.7083333730697632
No action rate,p6vbd18i,2026-07-17_17-50-34_05_04_gmr_no_action_rate_seed_42_iter_1000_20260717T143245Z,595,18.1348810249567,444.36,1.3924291133880615,0.38322168588638306,0.14962898194789886,0.09280608594417572,0.604430079460144,0.8841346502304077,8.865677833557129,244.0051727294922,0.005827553104609251,0.0018894351087510586,7.875,0.4583333432674408,0.0,1.5
No action rate,p6vbd18i,2026-07-17_17-50-34_05_04_gmr_no_action_rate_seed_42_iter_1000_20260717T143245Z,596,17.41794605791569,431.13,1.3928234577178955,0.35910385847091675,0.14685459434986115,0.09285145998001099,0.5999742746353149,0.8692929148674011,8.844179153442383,243.064697265625,0.006233982741832733,0.0026703644543886185,7.125,0.4166666865348816,0.0,1.9166667461395264
No action rate,p6vbd18i,2026-07-17_17-50-34_05_04_gmr_no_action_rate_seed_42_iter_1000_20260717T143245Z,597,18.093594668507578,441.47,1.3935370445251465,0.3627947270870209,0.14924480020999908,0.09325157105922699,0.6085361838340759,0.8804342746734619,8.904626846313477,244.84239196777344,0.007642000913619995,0.0019684673752635717,6.7916669845581055,0.4583333432674408,0.0,1.625
No action rate,p6vbd18i,2026-07-17_17-50-34_05_04_gmr_no_action_rate_seed_42_iter_1000_20260717T143245Z,598,17.813264340162277,441.39,1.39406156539917,0.3757134675979614,0.14893744885921478,0.09366786479949951,0.6029412746429443,0.8687365055084229,8.837706565856934,243.94894409179688,0.006050621625036001,0.0029210289940238,6.125,0.625,0.0,1.2916667461395264
No action rate,p6vbd18i,2026-07-17_17-50-34_05_04_gmr_no_action_rate_seed_42_iter_1000_20260717T143245Z,599,18.297765610814096,448.04,1.3944849967956543,0.3607008159160614,0.14973333477973938,0.09348710626363754,0.6088796854019165,0.8845127820968628,8.903839111328125,244.22445678710938,0.006076590623706579,0.0016119813080877066,6.708333492279053,0.4166666865348816,0.0,1.375
No action rate,p6vbd18i,2026-07-17_17-50-34_05_04_gmr_no_action_rate_seed_42_iter_1000_20260717T143245Z,600,19.096437518596648,468.2,1.3952621221542358,0.35385236144065857,0.1449742615222931,0.09165166318416595,0.6025289297103882,0.8477677702903748,8.766388893127441,243.2120819091797,0.00477339792996645,0.0016331251244992018,7.833333492279053,0.3333333432674408,0.0,1.0
No action rate,p6vbd18i,2026-07-17_17-50-34_05_04_gmr_no_action_rate_seed_42_iter_1000_20260717T143245Z,601,17.723451673537493,433.06,1.3958134651184082,0.3778451085090637,0.15111473202705383,0.09352146089076996,0.6053012609481812,0.8899143934249878,8.911663055419922,245.97654724121094,0.007082448340952396,0.001419629785232246,7.458333492279053,0.6666666865348816,0.0,1.8333333730697632
No action rate,p6vbd18i,2026-07-17_17-50-34_05_04_gmr_no_action_rate_seed_42_iter_1000_20260717T143245Z,602,17.725222702920437,435.13,1.3963638544082642,0.3522762656211853,0.14448855817317963,0.0915602445602417,0.588598370552063,0.8717265129089355,8.854653358459473,245.5853271484375,0.006792057305574417,0.0017284274799749255,6.083333492279053,0.2083333432674408,0.0,1.3333333730697632
No action rate,p6vbd18i,2026-07-17_17-50-34_05_04_gmr_no_action_rate_seed_42_iter_1000_20260717T143245Z,603,17.89516633052379,442.37,1.397074580192566,0.39131662249565125,0.144138365983963,0.092556431889534,0.5956799387931824,0.8830556869506836,8.91487979888916,246.9606170654297,0.006936204619705677,0.00240959576331079,6.2916669845581055,0.625,0.0,1.9583333730697632
No action rate,p6vbd18i,2026-07-17_17-50-34_05_04_gmr_no_action_rate_seed_42_iter_1000_20260717T143245Z,604,17.5264359331131,436.01,1.3979939222335815,0.3814462423324585,0.1520594358444214,0.09339204430580139,0.6066266894340515,0.8805418014526367,8.88872241973877,245.84750366210938,0.006482647266238928,0.0016774883260950446,7.25,0.625,0.0,1.625
No action rate,p6vbd18i,2026-07-17_17-50-34_05_04_gmr_no_action_rate_seed_42_iter_1000_20260717T143245Z,605,17.926668905615806,443.76,1.398338794708252,0.3659456968307495,0.1446564495563507,0.09187643229961395,0.6012520790100098,0.8630039691925049,8.821020126342773,245.4819793701172,0.005975841544568539,0.0012113670818507671,7.208333492279053,0.3333333432674408,0.0,1.6666667461395264
No action rate,p6vbd18i,2026-07-17_17-50-34_05_04_gmr_no_action_rate_seed_42_iter_1000_20260717T143245Z,606,17.57743266940117,440.4,1.3989763259887695,0.3817053735256195,0.14658400416374207,0.09218928217887878,0.6017194986343384,0.8746263384819031,8.89361572265625,246.84359741210938,0.006086766719818115,0.00661425618454814,9.083333969116211,0.8333333730697632,0.0,1.375
No action rate,p6vbd18i,2026-07-17_17-50-34_05_04_gmr_no_action_rate_seed_42_iter_1000_20260717T143245Z,607,17.980868314802645,447.42,1.3997057676315308,0.3803972601890564,0.14946360886096954,0.09272202849388123,0.6055443286895752,0.8806805610656738,8.873066902160645,246.58309936523438,0.006026902236044407,0.002227763645350933,8.083333969116211,0.4166666865348816,0.0,1.4166667461395264
No action rate,p6vbd18i,2026-07-17_17-50-34_05_04_gmr_no_action_rate_seed_42_iter_1000_20260717T143245Z,608,16.74670620262623,417.81,1.400546908378601,0.36338159441947937,0.14988631010055542,0.09214307367801666,0.6055965423583984,0.8848617076873779,8.967782974243164,247.7871551513672,0.006650297902524471,0.0019118362106382847,7.333333492279053,0.625,0.0,1.7916667461395264
No action rate,p6vbd18i,2026-07-17_17-50-34_05_04_gmr_no_action_rate_seed_42_iter_1000_20260717T143245Z,609,17.598683049082755,433.07,1.4010958671569824,0.3398378789424896,0.15378588438034058,0.09394429624080658,0.6048198342323303,0.8911773562431335,8.96746826171875,249.47467041015625,0.008203653618693352,0.0018857133109122515,6.7916669845581055,0.625,0.0,1.5
No action rate,p6vbd18i,2026-07-17_17-50-34_05_04_gmr_no_action_rate_seed_42_iter_1000_20260717T143245Z,610,18.31676427602768,452.28,1.4017893075942993,0.3703904151916504,0.1469794064760208,0.0915922224521637,0.5998942852020264,0.8747698664665222,8.90109920501709,248.78182983398438,0.005587647669017315,0.0019569643773138523,7.5416669845581055,0.625,0.0,1.4583333730697632
No action rate,p6vbd18i,2026-07-17_17-50-34_05_04_gmr_no_action_rate_seed_42_iter_1000_20260717T143245Z,611,17.934706910848618,447.93,1.4024192094802856,0.3774699568748474,0.15117739140987396,0.0942053347826004,0.6092144250869751,0.8913370966911316,8.96124267578125,249.3975067138672,0.007357250899076462,0.0015157402958720922,7.6666669845581055,0.5833333730697632,0.0,1.7916667461395264
No action rate,p6vbd18i,2026-07-17_17-50-34_05_04_gmr_no_action_rate_seed_42_iter_1000_20260717T143245Z,612,16.709945472180845,414.33,1.4028511047363281,0.36306118965148926,0.15060947835445404,0.09304779767990112,0.6066962480545044,0.8828936815261841,8.947193145751953,249.86813354492188,0.006398731376975775,0.0013495138846337795,6.1666669845581055,0.75,0.0,1.4166667461395264
No action rate,p6vbd18i,2026-07-17_17-50-34_05_04_gmr_no_action_rate_seed_42_iter_1000_20260717T143245Z,613,18.455909330248833,449.58,1.403415322303772,0.359666109085083,0.1471443474292755,0.09204767644405365,0.6023097634315491,0.877816379070282,8.958999633789062,249.94000244140625,0.006192946340888739,0.001183624379336834,8.333333969116211,0.7916666865348816,0.0,1.7916667461395264
No action rate,p6vbd18i,2026-07-17_17-50-34_05_04_gmr_no_action_rate_seed_42_iter_1000_20260717T143245Z,614,17.378207233548164,431.94,1.4038233757019043,0.36081504821777344,0.14760956168174744,0.09248246997594833,0.596746563911438,0.8743184804916382,8.880195617675781,249.41830444335938,0.005662179552018642,0.006422217004001141,7.125,0.5833333730697632,0.0,1.5416667461395264
No action rate,p6vbd18i,2026-07-17_17-50-34_05_04_gmr_no_action_rate_seed_42_iter_1000_20260717T143245Z,615,18.380827260315417,448.38,1.4042980670928955,0.3642955720424652,0.14589127898216248,0.09140037000179291,0.5963653922080994,0.8659981489181519,8.909708023071289,250.49176025390625,0.006319149397313595,0.001572200795635581,8.166666984558105,0.5,0.0,1.5833333730697632
No action rate,p6vbd18i,2026-07-17_17-50-34_05_04_gmr_no_action_rate_seed_42_iter_1000_20260717T143245Z,616,18.488599482774735,456.05,1.4047173261642456,0.36963650584220886,0.14690640568733215,0.09198293089866638,0.6031562089920044,0.870361328125,8.930196762084961,249.345458984375,0.005440060049295425,0.0010932863224297762,7.833333492279053,0.6666666865348816,0.0,1.5833333730697632
No action rate,p6vbd18i,2026-07-17_17-50-34_05_04_gmr_no_action_rate_seed_42_iter_1000_20260717T143245Z,617,17.4857348254323,439.61,1.4051896333694458,0.3698839545249939,0.1489453762769699,0.09336714446544647,0.6027305722236633,0.8917258977890015,8.991994857788086,252.3701629638672,0.007486164104193449,0.00487194349989295,7.458333492279053,0.5,0.0,1.9166667461395264
No action rate,p6vbd18i,2026-07-17_17-50-34_05_04_gmr_no_action_rate_seed_42_iter_1000_20260717T143245Z,618,17.212994608283044,421.02,1.4057456254959106,0.3641396164894104,0.14309430122375488,0.09140674769878387,0.5968214273452759,0.8725428581237793,8.935590744018555,252.34164428710938,0.006854870822280645,0.0012016933178529143,6.2916669845581055,0.5833333730697632,0.0,1.25
No action rate,p6vbd18i,2026-07-17_17-50-34_05_04_gmr_no_action_rate_seed_42_iter_1000_20260717T143245Z,619,17.70170162677765,436.05,1.4067145586013794,0.36944136023521423,0.1485317200422287,0.09264057129621506,0.5917853116989136,0.8809687495231628,8.945029258728027,251.9398651123047,0.007056327071040869,0.0014339148765429854,6.875,0.625,0.0,1.75
No action rate,p6vbd18i,2026-07-17_17-50-34_05_04_gmr_no_action_rate_seed_42_iter_1000_20260717T143245Z,620,18.35541746497154,447.61,1.407569408416748,0.3632830083370209,0.14377152919769287,0.09104548394680023,0.594536542892456,0.8604549765586853,8.91096305847168,251.50169372558594,0.005428930278867483,0.0011416325578466058,7.1666669845581055,0.5833333730697632,0.0,1.3333333730697632
No action rate,p6vbd18i,2026-07-17_17-50-34_05_04_gmr_no_action_rate_seed_42_iter_1000_20260717T143245Z,621,17.861749653816222,437.53,1.4082155227661133,0.3606761395931244,0.1443713903427124,0.09114567935466766,0.5983850359916687,0.8612284064292908,8.891080856323242,251.9578094482422,0.005349562503397465,0.001189806847833097,6.833333492279053,0.5833333730697632,0.0,1.2916667461395264
No action rate,p6vbd18i,2026-07-17_17-50-34_05_04_gmr_no_action_rate_seed_42_iter_1000_20260717T143245Z,622,18.26147438824177,447.51,1.4087408781051636,0.35090917348861694,0.14454606175422668,0.09127824008464813,0.5968788862228394,0.8665374517440796,8.906303405761719,252.34039306640625,0.005549874156713486,0.001616084948182106,6.625,0.625,0.0,1.4166667461395264
No action rate,p6vbd18i,2026-07-17_17-50-34_05_04_gmr_no_action_rate_seed_42_iter_1000_20260717T143245Z,623,17.988308429718018,443.14,1.4091449975967407,0.35667848587036133,0.14259086549282074,0.08977147936820984,0.5890957117080688,0.8640964031219482,8.940862655639648,252.50344848632812,0.005618423223495483,0.00149408052675426,6.125,0.1666666716337204,0.0,1.7083333730697632
No action rate,p6vbd18i,2026-07-17_17-50-34_05_04_gmr_no_action_rate_seed_42_iter_1000_20260717T143245Z,624,17.722976970672608,440.43,1.409693956375122,0.36789366602897644,0.14674413204193115,0.09211771935224533,0.599624514579773,0.8722977638244629,8.925909996032715,252.5258026123047,0.005961112678050995,0.001221535261720419,6.6666669845581055,0.75,0.0,1.5833333730697632
No action rate,p6vbd18i,2026-07-17_17-50-34_05_04_gmr_no_action_rate_seed_42_iter_1000_20260717T143245Z,625,18.742267652451993,463.58,1.4101985692977905,0.38102149963378906,0.14305375516414642,0.0910828709602356,0.5895583033561707,0.8755804300308228,8.934775352478027,254.18675231933594,0.006587590556591749,0.007441915571689606,7.75,0.625,0.0,1.2916667461395264
No action rate,p6vbd18i,2026-07-17_17-50-34_05_04_gmr_no_action_rate_seed_42_iter_1000_20260717T143245Z,626,17.503283949941398,432.54,1.4106559753417969,0.3602297306060791,0.1447295993566513,0.09062771499156952,0.593154788017273,0.8689333200454712,8.957779884338379,253.4152069091797,0.006324694491922855,0.0012756285723298788,7.375,0.3333333432674408,0.0,1.5416667461395264
No action rate,p6vbd18i,2026-07-17_17-50-34_05_04_gmr_no_action_rate_seed_42_iter_1000_20260717T143245Z,627,18.58750246733427,453.43,1.410811185836792,0.3630436658859253,0.1434195637702942,0.0900794267654419,0.5864217281341553,0.8612024784088135,8.897712707519531,254.1127166748047,0.005979582201689482,0.0012584829237312078,8.541666984558105,0.25,0.0,1.5416667461395264
No action rate,p6vbd18i,2026-07-17_17-50-34_05_04_gmr_no_action_rate_seed_42_iter_1000_20260717T143245Z,628,17.828806928098203,435.28,1.4113171100616455,0.3612280786037445,0.14421318471431732,0.09039777517318726,0.5893401503562927,0.8767085075378418,8.970861434936523,254.44195556640625,0.006857320666313171,0.0009815548546612263,8.041666984558105,0.2083333432674408,0.0,2.375
No action rate,p6vbd18i,2026-07-17_17-50-34_05_04_gmr_no_action_rate_seed_42_iter_1000_20260717T143245Z,629,16.466175382733343,407.65,1.4118317365646362,0.37043246626853943,0.1470813751220703,0.09275197982788086,0.6035366654396057,0.8959113955497742,9.028326034545898,255.24618530273438,0.0074532730504870415,0.0017085470026358962,6.375,0.5416666865348816,0.0,1.6666667461395264
No action rate,p6vbd18i,2026-07-17_17-50-34_05_04_gmr_no_action_rate_seed_42_iter_1000_20260717T143245Z,630,17.392559025883674,428.83,1.4124796390533447,0.36216962337493896,0.14629393815994263,0.09208935499191284,0.5971674919128418,0.8802685737609863,8.9661283493042,255.7172088623047,0.005435843952000141,0.0011725135846063495,7.625,0.5833333730697632,0.0,1.7916667461395264
No action rate,p6vbd18i,2026-07-17_17-50-34_05_04_gmr_no_action_rate_seed_42_iter_1000_20260717T143245Z,631,18.142630993127824,448.07,1.4130088090896606,0.35091206431388855,0.14485809206962585,0.09178565442562103,0.6015301942825317,0.8873335123062134,9.043140411376953,256.4745788574219,0.007299716584384441,0.0018580267205834389,7.125,0.3333333432674408,0.0,1.625
No action rate,p6vbd18i,2026-07-17_17-50-34_05_04_gmr_no_action_rate_seed_42_iter_1000_20260717T143245Z,632,18.112161757946016,445.25,1.4135013818740845,0.37268730998039246,0.1421002596616745,0.09068483114242554,0.5880109667778015,0.8682643175125122,8.933226585388184,254.3850555419922,0.0059571703895926476,0.0017214245162904263,7.1666669845581055,0.6666666865348816,0.0,1.4583333730697632
No action rate,p6vbd18i,2026-07-17_17-50-34_05_04_gmr_no_action_rate_seed_42_iter_1000_20260717T143245Z,633,17.185900158286096,424.51,1.4140660762786865,0.3647429645061493,0.14584952592849731,0.09125550836324692,0.5867395401000977,0.8796426653862,8.9739990234375,256.2475280761719,0.006953018717467785,0.002298196777701378,6.875,0.75,0.0,1.4583333730697632
No action rate,p6vbd18i,2026-07-17_17-50-34_05_04_gmr_no_action_rate_seed_42_iter_1000_20260717T143245Z,634,17.67064477801323,431.72,1.4143303632736206,0.3604973256587982,0.14176927506923676,0.09017466008663177,0.5849537253379822,0.8773331642150879,8.988414764404297,257.18524169921875,0.006768282037228346,0.0011944521684199572,8.416666984558105,0.5416666865348816,0.0,1.625
No action rate,p6vbd18i,2026-07-17_17-50-34_05_04_gmr_no_action_rate_seed_42_iter_1000_20260717T143245Z,635,19.005480662733316,461.37,1.4146106243133545,0.34400540590286255,0.14104580879211426,0.09041451662778854,0.5914996266365051,0.8702651858329773,8.937174797058105,255.74755859375,0.00549975223839283,0.0017907776637002826,7.5,0.2916666865348816,0.0,1.4166667461395264
No action rate,p6vbd18i,2026-07-17_17-50-34_05_04_gmr_no_action_rate_seed_42_iter_1000_20260717T143245Z,636,18.152063336372375,446.17,1.4152709245681763,0.3618625998497009,0.14375077188014984,0.09012985229492188,0.5933754444122314,0.8738592863082886,8.929498672485352,255.8680877685547,0.005809912458062172,0.002233699429780245,8.5,0.4166666865348816,0.0,1.2916667461395264
No action rate,p6vbd18i,2026-07-17_17-50-34_05_04_gmr_no_action_rate_seed_42_iter_1000_20260717T143245Z,637,18.54961323261261,454.06,1.4158555269241333,0.3676442801952362,0.14418737590312958,0.09040986001491547,0.5884445309638977,0.8803393244743347,8.982088088989258,258.1665954589844,0.006275429856032133,0.0014814859023317695,7.125,0.3333333432674408,0.0,1.5
No action rate,p6vbd18i,2026-07-17_17-50-34_05_04_gmr_no_action_rate_seed_42_iter_1000_20260717T143245Z,638,18.441459258794783,456.56,1.4162870645523071,0.38291192054748535,0.14399898052215576,0.09028001874685287,0.5905086398124695,0.8738583326339722,8.955645561218262,257.00347900390625,0.005978563334792852,0.0017843148671090603,7.2916669845581055,0.2916666865348816,0.0,1.5416667461395264
No action rate,p6vbd18i,2026-07-17_17-50-34_05_04_gmr_no_action_rate_seed_42_iter_1000_20260717T143245Z,639,18.382552275657655,451.73,1.416795015335083,0.3647232949733734,0.14228036999702454,0.08993178606033325,0.5867944359779358,0.8646385669708252,8.952374458312988,257.75164794921875,0.005926291458308697,0.0010945175308734179,6.75,0.375,0.0,1.5416667461395264
No action rate,p6vbd18i,2026-07-17_17-50-34_05_04_gmr_no_action_rate_seed_42_iter_1000_20260717T143245Z,640,17.85093055680394,434.98,1.417409896850586,0.35164761543273926,0.141717329621315,0.09028936922550201,0.5932247042655945,0.8730804324150085,8.978113174438477,256.95098876953125,0.0059368181973695755,0.0014906460419297218,7.0416669845581055,0.3333333432674408,0.0,1.625
No action rate,p6vbd18i,2026-07-17_17-50-34_05_04_gmr_no_action_rate_seed_42_iter_1000_20260717T143245Z,641,18.120504227280616,441.43,1.4182040691375732,0.3548688292503357,0.14286673069000244,0.09040865302085876,0.5893065929412842,0.8633705973625183,8.939447402954102,257.1088562011719,0.005743811838328838,0.0013287592446431518,6.5,0.5416666865348816,0.0,1.25
No action rate,p6vbd18i,2026-07-17_17-50-34_05_04_gmr_no_action_rate_seed_42_iter_1000_20260717T143245Z,642,17.261523040086033,422.33,1.418709635734558,0.3540099859237671,0.14155375957489014,0.09009858965873718,0.5879369974136353,0.8685994148254395,8.946941375732422,257.8460388183594,0.005870841443538666,0.0014475596835836768,7.7916669845581055,0.4166666865348816,0.0,1.4166667461395264
No action rate,p6vbd18i,2026-07-17_17-50-34_05_04_gmr_no_action_rate_seed_42_iter_1000_20260717T143245Z,643,17.80089623570442,439.09,1.4192733764648438,0.3669569194316864,0.14455121755599976,0.09077724814414978,0.5922511219978333,0.883719801902771,9.026447296142578,259.25909423828125,0.006823394447565079,0.0022190886083990335,6.6666669845581055,0.5833333730697632,0.0,1.625
No action rate,p6vbd18i,2026-07-17_17-50-34_05_04_gmr_no_action_rate_seed_42_iter_1000_20260717T143245Z,644,17.141627762019635,422.24,1.419621467590332,0.36246347427368164,0.14703363180160522,0.09073322266340256,0.5984854698181152,0.8841314315795898,9.077657699584961,260.96917724609375,0.006924191024154425,0.0014376125764101744,6.083333492279053,0.2916666865348816,0.0,1.875
No action rate,p6vbd18i,2026-07-17_17-50-34_05_04_gmr_no_action_rate_seed_42_iter_1000_20260717T143245Z,645,18.077078095674516,446.23,1.4201909303665161,0.37541645765304565,0.14548924565315247,0.09107734262943268,0.5906981229782104,0.8770971298217773,9.003118515014648,259.6056823730469,0.005768442060798407,0.0020842798985540867,6.6666669845581055,0.5416666865348816,0.0,1.5416667461395264
No action rate,p6vbd18i,2026-07-17_17-50-34_05_04_gmr_no_action_rate_seed_42_iter_1000_20260717T143245Z,646,19.058769127875568,459.57,1.4206243753433228,0.3563031554222107,0.14111089706420898,0.0894777700304985,0.5831819176673889,0.8723403811454773,8.966018676757812,260.1805419921875,0.006014704238623381,0.0042816284112632275,7.5416669845581055,0.4166666865348816,0.0,1.25
No action rate,p6vbd18i,2026-07-17_17-50-34_05_04_gmr_no_action_rate_seed_42_iter_1000_20260717T143245Z,647,17.671485910713674,436.87,1.42132568359375,0.37098902463912964,0.14505065977573395,0.09062710404396057,0.5926131010055542,0.881121039390564,8.995718955993652,259.6861572265625,0.006484095007181168,0.0020901253446936607,7.5416669845581055,0.5833333730697632,0.0,1.5416667461395264
No action rate,p6vbd18i,2026-07-17_17-50-34_05_04_gmr_no_action_rate_seed_42_iter_1000_20260717T143245Z,648,17.681453174352647,434.74,1.4217987060546875,0.35338401794433594,0.14336201548576355,0.090806744992733,0.5927073955535889,0.8681618571281433,8.938613891601562,260.7099609375,0.006098504178225994,0.0015251192962750793,8.625,0.4166666865348816,0.0,1.7083333730697632
No action rate,p6vbd18i,2026-07-17_17-50-34_05_04_gmr_no_action_rate_seed_42_iter_1000_20260717T143245Z,649,18.152274535894392,444.49,1.422029733657837,0.36618003249168396,0.14392074942588806,0.09007810801267624,0.5870929956436157,0.8693743944168091,8.991665840148926,259.83880615234375,0.005671534221619368,0.0017381608486175537,7.7916669845581055,0.375,0.0,1.3333333730697632
No action rate,p6vbd18i,2026-07-17_17-50-34_05_04_gmr_no_action_rate_seed_42_iter_1000_20260717T143245Z,650,17.813449873030187,438.19,1.4223541021347046,0.37514472007751465,0.14537782967090607,0.09097584336996078,0.5993842482566833,0.8796074986457825,9.015896797180176,261.9631652832031,0.006493414286524057,0.0017067492008209229,6.65217399597168,0.43478262424468994,0.0,1.2173913717269897
No action rate,p6vbd18i,2026-07-17_17-50-34_05_04_gmr_no_action_rate_seed_42_iter_1000_20260717T143245Z,651,17.931827794909477,436.84,1.4228299856185913,0.3467487096786499,0.14197173714637756,0.0903320461511612,0.5899943113327026,0.8674607276916504,8.978107452392578,261.2919921875,0.006290706805884838,0.0013216594234108925,8.666666984558105,0.8333333730697632,0.0,1.1666667461395264
No action rate,p6vbd18i,2026-07-17_17-50-34_05_04_gmr_no_action_rate_seed_42_iter_1000_20260717T143245Z,652,17.721846867501736,439.15,1.4236183166503906,0.36830851435661316,0.14378593862056732,0.09019224345684052,0.5931037068367004,0.8804788589477539,9.025789260864258,261.9246520996094,0.007083402946591377,0.0016294948291033506,7.083333492279053,0.2916666865348816,0.0,1.7083333730697632
No action rate,p6vbd18i,2026-07-17_17-50-34_05_04_gmr_no_action_rate_seed_42_iter_1000_20260717T143245Z,653,18.13376605063677,438.21,1.4241994619369507,0.33474501967430115,0.14160262048244476,0.08992942422628403,0.5836687684059143,0.8710243105888367,9.059511184692383,262.5468444824219,0.00641266442835331,0.0011636574054136872,7.4166669845581055,0.5833333730697632,0.0,1.5416667461395264
No action rate,p6vbd18i,2026-07-17_17-50-34_05_04_gmr_no_action_rate_seed_42_iter_1000_20260717T143245Z,654,18.346932738423348,451.13,1.424603819847107,0.3826697766780853,0.14049050211906433,0.08956567943096161,0.588570773601532,0.873445451259613,9.013588905334473,262.82855224609375,0.005819769110530615,0.001762000611051917,7.25,0.4583333432674408,0.0,1.375
No action rate,p6vbd18i,2026-07-17_17-50-34_05_04_gmr_no_action_rate_seed_42_iter_1000_20260717T143245Z,655,18.422666249275206,455.24,1.4251147508621216,0.3759196698665619,0.14157336950302124,0.08945038169622421,0.5834777355194092,0.8701686859130859,8.97585678100586,262.43548583984375,0.005882536061108112,0.0022906786762177944,8.125,0.5,0.0,1.125
No action rate,p6vbd18i,2026-07-17_17-50-34_05_04_gmr_no_action_rate_seed_42_iter_1000_20260717T143245Z,656,18.554243603646754,452.73,1.4257076978683472,0.3597029149532318,0.13986900448799133,0.08957447856664658,0.5864161252975464,0.8655366897583008,8.981117248535156,263.1549072265625,0.006095021963119507,0.0014613736420869827,7.7916669845581055,0.2916666865348816,0.0,1.6666667461395264
No action rate,p6vbd18i,2026-07-17_17-50-34_05_04_gmr_no_action_rate_seed_42_iter_1000_20260717T143245Z,657,18.698502143025397,449.68,1.426504373550415,0.33999964594841003,0.14452090859413147,0.08985670655965805,0.5895254015922546,0.8756828308105469,9.030075073242188,264.11102294921875,0.0071084811352193356,0.002263555768877268,8.166666984558105,0.4166666865348816,0.0,1.7916667461395264
No action rate,p6vbd18i,2026-07-17_17-50-34_05_04_gmr_no_action_rate_seed_42_iter_1000_20260717T143245Z,658,17.68626286149025,431.08,1.4270644187927246,0.3652706742286682,0.14441131055355072,0.09035354107618332,0.5961247682571411,0.8804703950881958,9.0888671875,265.2996520996094,0.006356102414429188,0.0015630394918844104,7.1666669845581055,0.5833333730697632,0.0,1.5833333730697632
No action rate,p6vbd18i,2026-07-17_17-50-34_05_04_gmr_no_action_rate_seed_42_iter_1000_20260717T143245Z,659,18.005770372152327,444.35,1.4274404048919678,0.37098750472068787,0.14247533679008484,0.08916598558425903,0.5867231488227844,0.8757553100585938,9.016068458557129,264.1025085449219,0.005520865321159363,0.002022241707891226,7.458333492279053,0.3333333432674408,0.0,1.375
No action rate,p6vbd18i,2026-07-17_17-50-34_05_04_gmr_no_action_rate_seed_42_iter_1000_20260717T143245Z,660,17.248494866490365,422.98,1.4278393983840942,0.35444915294647217,0.14430579543113708,0.09011684358119965,0.5951453447341919,0.8850871920585632,9.087386131286621,265.4888610839844,0.006711937487125397,0.0012084960471838713,6.9166669845581055,0.5416666865348816,0.0,1.625
No action rate,p6vbd18i,2026-07-17_17-50-34_05_04_gmr_no_action_rate_seed_42_iter_1000_20260717T143245Z,661,18.84908240020275,458.92,1.42836332321167,0.3618941307067871,0.1419053077697754,0.08988891541957855,0.5895026922225952,0.8757679462432861,9.063834190368652,267.1719970703125,0.006022303365170956,0.00942646898329258,6.833333492279053,0.375,0.0,1.375
No action rate,p6vbd18i,2026-07-17_17-50-34_05_04_gmr_no_action_rate_seed_42_iter_1000_20260717T143245Z,662,18.40762342572212,446.27,1.428715705871582,0.3513675630092621,0.14060916006565094,0.089621901512146,0.5916004180908203,0.8670405149459839,9.000391006469727,265.99847412109375,0.005774171091616154,0.0012028827331960201,6.625,0.25,0.0,1.625
No action rate,p6vbd18i,2026-07-17_17-50-34_05_04_gmr_no_action_rate_seed_42_iter_1000_20260717T143245Z,663,18.87997936487198,458.49,1.4293123483657837,0.37301188707351685,0.14058133959770203,0.08890171349048615,0.5833531618118286,0.8647102117538452,8.991937637329102,265.7128601074219,0.00509323924779892,0.0018778773956000805,8.333333969116211,0.5,0.0,1.3333333730697632
No action rate,p6vbd18i,2026-07-17_17-50-34_05_04_gmr_no_action_rate_seed_42_iter_1000_20260717T143245Z,664,18.239885035157204,449.92,1.4299874305725098,0.37348029017448425,0.14353013038635254,0.0917520523071289,0.5953978300094604,0.8975076675415039,9.122983932495117,268.17401123046875,0.008116188459098339,0.0016922526992857456,6.708333492279053,0.6666666865348816,0.0,1.2916667461395264
No action rate,p6vbd18i,2026-07-17_17-50-34_05_04_gmr_no_action_rate_seed_42_iter_1000_20260717T143245Z,665,18.056904951930047,435.11,1.4304455518722534,0.34043988585472107,0.14045101404190063,0.08922410011291504,0.5909547805786133,0.858705461025238,8.972890853881836,265.698974609375,0.005957146640866995,0.0015328535810112953,5.9166669845581055,0.4583333432674408,0.0,1.375
No action rate,p6vbd18i,2026-07-17_17-50-34_05_04_gmr_no_action_rate_seed_42_iter_1000_20260717T143245Z,666,18.52982561469078,448.46,1.4307060241699219,0.365851491689682,0.14201180636882782,0.08992314338684082,0.5861562490463257,0.8714479207992554,9.009164810180664,267.107421875,0.006364166736602783,0.0012076281709596515,6.625,0.5416666865348816,0.0,1.2083333730697632
No action rate,p6vbd18i,2026-07-17_17-50-34_05_04_gmr_no_action_rate_seed_42_iter_1000_20260717T143245Z,667,19.040226902365685,469.66,1.4308794736862183,0.3916587829589844,0.14252202212810516,0.08995674550533295,0.5941829681396484,0.872524619102478,9.003822326660156,267.27020263671875,0.006141980178654194,0.0012949827359989285,7.458333492279053,0.625,0.0,1.2916667461395264
No action rate,p6vbd18i,2026-07-17_17-50-34_05_04_gmr_no_action_rate_seed_42_iter_1000_20260717T143245Z,668,18.997422256469726,459.49,1.431196928024292,0.3425410985946655,0.14071348309516907,0.08960869908332825,0.583488941192627,0.8677822351455688,9.047019958496094,268.5513916015625,0.0061745960265398026,0.002263304777443409,7.4166669845581055,0.4583333432674408,0.0,1.4583333730697632
No action rate,p6vbd18i,2026-07-17_17-50-34_05_04_gmr_no_action_rate_seed_42_iter_1000_20260717T143245Z,669,19.12105710506439,463.91,1.4315131902694702,0.34601396322250366,0.14019747078418732,0.08901733160018921,0.5821946859359741,0.8598120212554932,8.993825912475586,267.66070556640625,0.005476642400026321,0.0016910850536078215,8.541666984558105,0.5833333730697632,0.0,1.25
No action rate,p6vbd18i,2026-07-17_17-50-34_05_04_gmr_no_action_rate_seed_42_iter_1000_20260717T143245Z,670,19.20061292886734,466.16,1.4315919876098633,0.35846731066703796,0.14114347100257874,0.08993049710988998,0.5839889049530029,0.860885500907898,9.002873420715332,269.311767578125,0.00593620166182518,0.0017015875782817602,7.708333492279053,0.3333333432674408,0.0,1.0833333730697632
No action rate,p6vbd18i,2026-07-17_17-50-34_05_04_gmr_no_action_rate_seed_42_iter_1000_20260717T143245Z,671,17.910754784941673,436.37,1.4319924116134644,0.38902077078819275,0.14433811604976654,0.08892395347356796,0.5804347395896912,0.8752843737602234,9.054771423339844,269.383544921875,0.006202425807714462,0.0025135192554444075,6.75,0.5,0.0,1.5833333730697632
No action rate,p6vbd18i,2026-07-17_17-50-34_05_04_gmr_no_action_rate_seed_42_iter_1000_20260717T143245Z,672,19.116240956783294,460.98,1.4326952695846558,0.34202343225479126,0.14063577353954315,0.08881041407585144,0.5861073732376099,0.8631612658500671,9.025632858276367,269.368896484375,0.005359962582588196,0.002364163752645254,8.125,0.3333333432674408,0.0,1.1666667461395264
No action rate,p6vbd18i,2026-07-17_17-50-34_05_04_gmr_no_action_rate_seed_42_iter_1000_20260717T143245Z,673,18.597221013903617,459.42,1.4335153102874756,0.3808620870113373,0.14146344363689423,0.08927018940448761,0.5865312814712524,0.8627538681030273,9.015350341796875,269.09320068359375,0.005498354323208332,0.0015618301695212722,7.0,0.5416666865348816,0.0,1.1666667461395264
No action rate,p6vbd18i,2026-07-17_17-50-34_05_04_gmr_no_action_rate_seed_42_iter_1000_20260717T143245Z,674,17.391975539028646,425.17,1.433971881866455,0.35514116287231445,0.14329680800437927,0.09055926650762558,0.5881878137588501,0.8839859962463379,9.102073669433594,271.60809326171875,0.00683762039989233,0.0017222206806764007,7.9166669845581055,0.4583333432674408,0.0,1.4166667461395264
No action rate,p6vbd18i,2026-07-17_17-50-34_05_04_gmr_no_action_rate_seed_42_iter_1000_20260717T143245Z,675,17.527856811136008,427.75,1.4345190525054932,0.34800493717193604,0.14095115661621094,0.08933168649673462,0.583224892616272,0.8756376504898071,9.072372436523438,271.1115417480469,0.006223760545253754,0.0022261538542807102,7.5416669845581055,0.625,0.0,1.5
No action rate,p6vbd18i,2026-07-17_17-50-34_05_04_gmr_no_action_rate_seed_42_iter_1000_20260717T143245Z,676,18.395139357596637,445.46,1.4350894689559937,0.34530147910118103,0.14113079011440277,0.08968745172023773,0.5807098746299744,0.8592705130577087,9.00971508026123,271.08380126953125,0.006960429251194,0.0019704631995409727,8.0,0.5,0.0,1.1666667461395264
No action rate,p6vbd18i,2026-07-17_17-50-34_05_04_gmr_no_action_rate_seed_42_iter_1000_20260717T143245Z,677,17.825066887140274,439.99,1.4354342222213745,0.38632577657699585,0.14445912837982178,0.09057539701461792,0.582550585269928,0.8917180895805359,9.127594947814941,272.956298828125,0.007294091396033764,0.0022462697234004736,7.708333492279053,0.625,0.0,1.4583333730697632
No action rate,p6vbd18i,2026-07-17_17-50-34_05_04_gmr_no_action_rate_seed_42_iter_1000_20260717T143245Z,678,18.447772760391235,450.53,1.4358329772949219,0.35982972383499146,0.1394047737121582,0.08864288032054901,0.5788039565086365,0.8609199523925781,9.013858795166016,272.31805419921875,0.005055971909314394,0.0021689636632800102,8.25,0.2916666865348816,0.0,1.2083333730697632
No action rate,p6vbd18i,2026-07-17_17-50-34_05_04_gmr_no_action_rate_seed_42_iter_1000_20260717T143245Z,679,18.132744222581387,436.61,1.436205506324768,0.3551056385040283,0.14230993390083313,0.08960835635662079,0.5881523489952087,0.870222806930542,9.043022155761719,271.9783935546875,0.00631882157176733,0.001743075205013156,7.0416669845581055,0.5,0.0,1.3333333730697632
No action rate,p6vbd18i,2026-07-17_17-50-34_05_04_gmr_no_action_rate_seed_42_iter_1000_20260717T143245Z,680,17.978279117643833,435.1,1.4365812540054321,0.345558226108551,0.14387179911136627,0.09042181819677353,0.59183269739151,0.8799130320549011,9.148855209350586,273.5363464355469,0.00821007788181305,0.006592884659767151,7.25,0.4583333432674408,0.0,1.7083333730697632
No action rate,p6vbd18i,2026-07-17_17-50-34_05_04_gmr_no_action_rate_seed_42_iter_1000_20260717T143245Z,681,18.8912448900938,459.97,1.4367883205413818,0.36501896381378174,0.1396789252758026,0.08893740177154541,0.586463451385498,0.8596767783164978,9.018400192260742,271.7699890136719,0.005111467558890581,0.0013534831814467907,7.25,0.4166666865348816,0.0,1.4166667461395264
No action rate,p6vbd18i,2026-07-17_17-50-34_05_04_gmr_no_action_rate_seed_42_iter_1000_20260717T143245Z,682,18.62997462272644,452.78,1.437180757522583,0.3457038402557373,0.14075788855552673,0.08919566124677658,0.5861130952835083,0.8658937215805054,9.040630340576172,272.86724853515625,0.0057371435686945915,0.0019794099498540163,6.75,0.25,0.0,1.4583333730697632
No action rate,p6vbd18i,2026-07-17_17-50-34_05_04_gmr_no_action_rate_seed_42_iter_1000_20260717T143245Z,683,18.97484771847725,458.32,1.4374669790267944,0.3514760434627533,0.1390959620475769,0.08874857425689697,0.5817607641220093,0.8548744916915894,9.011098861694336,272.8398132324219,0.0051778992637991905,0.001406308962032199,7.0,0.5416666865348816,0.0,1.1666667461395264
No action rate,p6vbd18i,2026-07-17_17-50-34_05_04_gmr_no_action_rate_seed_42_iter_1000_20260717T143245Z,684,18.234783454835416,442.85,1.4376518726348877,0.3581920862197876,0.1426020711660385,0.0893961489200592,0.5780104398727417,0.8688818216323853,9.074845314025879,274.1927490234375,0.006540229078382254,0.0017858006758615375,8.416666984558105,0.5,0.0,1.875
No action rate,p6vbd18i,2026-07-17_17-50-34_05_04_gmr_no_action_rate_seed_42_iter_1000_20260717T143245Z,685,17.714366919994355,435.01,1.4379581212997437,0.3618384003639221,0.14311213791370392,0.08976565301418304,0.5869784355163574,0.8779258728027344,9.124507904052734,274.549560546875,0.007017183117568493,0.0025794922839850187,6.708333492279053,0.4583333432674408,0.0,1.3333333730697632
No action rate,p6vbd18i,2026-07-17_17-50-34_05_04_gmr_no_action_rate_seed_42_iter_1000_20260717T143245Z,686,18.540937725529076,452.44,1.438410997390747,0.3564390540122986,0.1420423686504364,0.08875831216573715,0.5903507471084595,0.8756347894668579,9.10332202911377,274.3468322753906,0.006698311306536198,0.0019010374089702964,6.0416669845581055,0.4583333432674408,0.0,1.125
No action rate,p6vbd18i,2026-07-17_17-50-34_05_04_gmr_no_action_rate_seed_42_iter_1000_20260717T143245Z,687,18.36583811700344,448.38,1.4388041496276855,0.3662615418434143,0.14441068470478058,0.09027447551488876,0.5841448903083801,0.8678193092346191,9.04920768737793,273.507080078125,0.006056496407836676,0.0015122368931770325,6.958333492279053,0.4583333432674408,0.0,1.625
No action rate,p6vbd18i,2026-07-17_17-50-34_05_04_gmr_no_action_rate_seed_42_iter_1000_20260717T143245Z,688,19.113863285183907,463.31,1.439304232597351,0.358602374792099,0.14168772101402283,0.0887264609336853,0.581532895565033,0.860282301902771,9.012723922729492,273.9909362792969,0.005451166070997715,0.0017694171983748674,7.583333492279053,0.5416666865348816,0.0,1.1666667461395264
No action rate,p6vbd18i,2026-07-17_17-50-34_05_04_gmr_no_action_rate_seed_42_iter_1000_20260717T143245Z,689,19.039369611144068,453.08,1.439758062362671,0.36568257212638855,0.14253085851669312,0.08931338042020798,0.5834765434265137,0.8662859797477722,9.038923263549805,274.65850830078125,0.0056028300896286964,0.0017570890486240387,8.208333969116211,0.4166666865348816,0.0,0.9583333730697632
No action rate,p6vbd18i,2026-07-17_17-50-34_05_04_gmr_no_action_rate_seed_42_iter_1000_20260717T143245Z,690,18.494718461334706,451.33,1.4402265548706055,0.34729641675949097,0.14413098990917206,0.09009401500225067,0.5879511833190918,0.8691985011100769,9.09242057800293,275.130615234375,0.006501044146716595,0.007397766690701246,7.458333492279053,0.4583333432674408,0.0,1.2083333730697632
No action rate,p6vbd18i,2026-07-17_17-50-34_05_04_gmr_no_action_rate_seed_42_iter_1000_20260717T143245Z,691,18.390748334527014,448.29,1.4407399892807007,0.3538801074028015,0.14021609723567963,0.08863358199596405,0.5836172103881836,0.8680499792098999,9.06369400024414,275.9508361816406,0.00567282922565937,0.0015941374003887177,7.75,0.5,0.0,1.4583333730697632
No action rate,p6vbd18i,2026-07-17_17-50-34_05_04_gmr_no_action_rate_seed_42_iter_1000_20260717T143245Z,692,19.44008661985397,470.34,1.44132399559021,0.3585338592529297,0.14255604147911072,0.08880683034658432,0.5839656591415405,0.8624520301818848,9.043901443481445,275.7944030761719,0.00530629139393568,0.0017781718634068966,7.375,0.25,0.0,1.25
No action rate,p6vbd18i,2026-07-17_17-50-34_05_04_gmr_no_action_rate_seed_42_iter_1000_20260717T143245Z,693,18.182199650406837,444.29,1.4416651725769043,0.3510152995586395,0.14189191162586212,0.08935334533452988,0.5887057185173035,0.8688721656799316,9.076857566833496,276.326416015625,0.006157267838716507,0.001868272665888071,7.583333492279053,0.4583333432674408,0.0,0.9166666865348816
No action rate,p6vbd18i,2026-07-17_17-50-34_05_04_gmr_no_action_rate_seed_42_iter_1000_20260717T143245Z,694,19.1536025428772,463.71,1.4418458938598633,0.3534846305847168,0.1430284082889557,0.08956998586654663,0.5853675603866577,0.8757259845733643,9.094213485717773,277.0517272949219,0.006020619533956051,0.0019907797686755657,7.75,0.6666666865348816,0.0,0.875
No action rate,p6vbd18i,2026-07-17_17-50-34_05_04_gmr_no_action_rate_seed_42_iter_1000_20260717T143245Z,695,18.745958912968636,452.06,1.4423742294311523,0.34959858655929565,0.14295832812786102,0.08904270827770233,0.5821959972381592,0.8577592372894287,9.036810874938965,276.3182373046875,0.005349848419427872,0.0013830396346747875,7.333333492279053,0.375,0.0,1.0
No action rate,p6vbd18i,2026-07-17_17-50-34_05_04_gmr_no_action_rate_seed_42_iter_1000_20260717T143245Z,696,18.1367723351717,441.77,1.4428198337554932,0.34471291303634644,0.14315488934516907,0.08959273993968964,0.5805717706680298,0.8723079562187195,9.088398933410645,278.0820007324219,0.005740794353187084,0.0016118858475238085,7.458333492279053,0.7083333730697632,0.0,1.25
No action rate,p6vbd18i,2026-07-17_17-50-34_05_04_gmr_no_action_rate_seed_42_iter_1000_20260717T143245Z,697,17.1411554774642,420.37,1.443514108657837,0.3583962917327881,0.14416812360286713,0.09026794135570526,0.5889699459075928,0.8768746852874756,9.1378755569458,278.9139099121094,0.007242125924676657,0.001252802205272019,7.833333492279053,0.8333333730697632,0.0,1.2083333730697632
No action rate,p6vbd18i,2026-07-17_17-50-34_05_04_gmr_no_action_rate_seed_42_iter_1000_20260717T143245Z,698,18.43683376789093,452.66,1.4437243938446045,0.36774325370788574,0.14644937217235565,0.09046193957328796,0.5861641764640808,0.8803738355636597,9.140665054321289,279.2039489746094,0.006987988483160734,0.002403274178504944,7.6666669845581055,0.5,0.0,1.0833333730697632
No action rate,p6vbd18i,2026-07-17_17-50-34_05_04_gmr_no_action_rate_seed_42_iter_1000_20260717T143245Z,699,18.395663537979125,442.94,1.4441474676132202,0.3451803922653198,0.1393517255783081,0.08826135098934174,0.5720248222351074,0.8591386079788208,9.062834739685059,278.0875244140625,0.005248363595455885,0.0017843509558588266,7.583333492279053,0.2916666865348816,0.0,1.25
No action rate,p6vbd18i,2026-07-17_17-50-34_05_04_gmr_no_action_rate_seed_42_iter_1000_20260717T143245Z,700,18.53666484564543,450.49,1.4446518421173096,0.34261998534202576,0.14195403456687927,0.08941459655761719,0.5864543318748474,0.8686665296554565,9.121764183044434,278.68310546875,0.00617878045886755,0.0013584238477051258,7.25,0.5833333730697632,0.0,1.125
No action rate,p6vbd18i,2026-07-17_17-50-34_05_04_gmr_no_action_rate_seed_42_iter_1000_20260717T143245Z,701,18.411660188436507,446.14,1.4450628757476807,0.35687777400016785,0.1456926316022873,0.09006800502538681,0.5863156318664551,0.8726755976676941,9.127328872680664,278.31976318359375,0.005885398015379906,0.0016426024958491325,7.708333492279053,0.5416666865348816,0.0,1.2916667461395264
No action rate,p6vbd18i,2026-07-17_17-50-34_05_04_gmr_no_action_rate_seed_42_iter_1000_20260717T143245Z,702,19.11008190780878,456.54,1.4453349113464355,0.34254130721092224,0.1469079852104187,0.09000144898891449,0.5858104228973389,0.8739725947380066,9.106170654296875,278.17706298828125,0.005837372969835997,0.001984075177460909,7.083333492279053,0.375,0.0,0.9583333730697632
No action rate,p6vbd18i,2026-07-17_17-50-34_05_04_gmr_no_action_rate_seed_42_iter_1000_20260717T143245Z,703,17.35875619918108,418.83,1.4459929466247559,0.34734535217285156,0.14253340661525726,0.08958561718463898,0.5815871953964233,0.8698446154594421,9.11181640625,279.1326599121094,0.0060991933569312096,0.0018326950957998633,7.0416669845581055,0.5416666865348816,0.0,1.5416667461395264
No action rate,p6vbd18i,2026-07-17_17-50-34_05_04_gmr_no_action_rate_seed_42_iter_1000_20260717T143245Z,704,19.135452983975412,462.61,1.4466259479522705,0.3575820326805115,0.14590921998023987,0.0901549682021141,0.5917912721633911,0.8780010938644409,9.152898788452148,280.0650329589844,0.006117396056652069,0.0023231885861605406,7.625,0.375,0.0,1.2916667461395264
No action rate,p6vbd18i,2026-07-17_17-50-34_05_04_gmr_no_action_rate_seed_42_iter_1000_20260717T143245Z,705,18.357962939217686,444.7,1.4470453262329102,0.34407514333724976,0.14381366968154907,0.08968687057495117,0.5896133184432983,0.8788324594497681,9.14082145690918,280.5451354980469,0.006851371377706528,0.0020040494855493307,8.208333969116211,0.375,0.0,1.2083333730697632
No action rate,p6vbd18i,2026-07-17_17-50-34_05_04_gmr_no_action_rate_seed_42_iter_1000_20260717T143245Z,706,18.218032454364003,439.81,1.4476326704025269,0.32900434732437134,0.14074330031871796,0.08936361968517303,0.5842313170433044,0.8638976812362671,9.095233917236328,279.37554931640625,0.005430704914033413,0.001664809649810195,6.875,0.4166666865348816,0.0,1.5416667461395264
No action rate,p6vbd18i,2026-07-17_17-50-34_05_04_gmr_no_action_rate_seed_42_iter_1000_20260717T143245Z,707,18.49369686037302,449.55,1.448134183883667,0.36680251359939575,0.14065971970558167,0.0889555811882019,0.5841549038887024,0.874482274055481,9.17927360534668,280.6645202636719,0.006634931545704603,0.0018687313422560692,6.4166669845581055,0.375,0.0,1.3333333730697632
No action rate,p6vbd18i,2026-07-17_17-50-34_05_04_gmr_no_action_rate_seed_42_iter_1000_20260717T143245Z,708,18.65717544078827,456.16,1.4482738971710205,0.35528892278671265,0.14170721173286438,0.08860708773136139,0.581851601600647,0.8693051338195801,9.119983673095703,279.7795715332031,0.0057639977894723415,0.001631007413379848,7.458333492279053,0.625,0.0,1.25
No action rate,p6vbd18i,2026-07-17_17-50-34_05_04_gmr_no_action_rate_seed_42_iter_1000_20260717T143245Z,709,18.897356445789338,457.57,1.4486545324325562,0.3496350646018982,0.14170703291893005,0.0886501893401146,0.5803431272506714,0.8688322901725769,9.11994457244873,280.81549072265625,0.005799017380923033,0.006017662584781647,7.25,0.4583333432674408,0.0,1.25
No action rate,p6vbd18i,2026-07-17_17-50-34_05_04_gmr_no_action_rate_seed_42_iter_1000_20260717T143245Z,710,18.98501293987036,461.27,1.4488965272903442,0.34789907932281494,0.14032897353172302,0.08922240138053894,0.5792295336723328,0.8669092059135437,9.107978820800781,280.96636962890625,0.006182230543345213,0.0013417021837085485,8.5,0.3333333432674408,0.0,1.3333333730697632
No action rate,p6vbd18i,2026-07-17_17-50-34_05_04_gmr_no_action_rate_seed_42_iter_1000_20260717T143245Z,711,18.403727592825888,444.71,1.4490082263946533,0.34296339750289917,0.13773435354232788,0.087533138692379,0.567408561706543,0.8529717922210693,9.034911155700684,280.65185546875,0.005034561734646559,0.001955245155841112,7.625,0.25,0.0,1.2916667461395264
No action rate,p6vbd18i,2026-07-17_17-50-34_05_04_gmr_no_action_rate_seed_42_iter_1000_20260717T143245Z,712,18.28664785593748,439.95,1.4493021965026855,0.3474735915660858,0.13789372146129608,0.08796622604131699,0.5732165575027466,0.87360680103302,9.152593612670898,282.7127380371094,0.005723245441913605,0.002045001834630966,7.458333492279053,0.4583333432674408,0.0,1.1666667461395264
No action rate,p6vbd18i,2026-07-17_17-50-34_05_04_gmr_no_action_rate_seed_42_iter_1000_20260717T143245Z,713,18.348573482036592,449.34,1.4497865438461304,0.34844908118247986,0.14100365340709686,0.08909374475479126,0.5795533657073975,0.8756203651428223,9.18640422821045,282.4110107421875,0.006074485834687948,0.0037136615719646215,7.7916669845581055,0.5833333730697632,0.0,1.2916667461395264
No action rate,p6vbd18i,2026-07-17_17-50-34_05_04_gmr_no_action_rate_seed_42_iter_1000_20260717T143245Z,714,18.716278488114476,449.46,1.4501811265945435,0.36039742827415466,0.1399955004453659,0.08942322432994843,0.5801382064819336,0.8734554052352905,9.146061897277832,282.263427734375,0.006899568252265453,0.0028347910847514868,7.083333492279053,0.4583333432674408,0.0,1.375
No action rate,p6vbd18i,2026-07-17_17-50-34_05_04_gmr_no_action_rate_seed_42_iter_1000_20260717T143245Z,715,18.73158195376396,452.63,1.4503445625305176,0.35890430212020874,0.13639819622039795,0.08740568161010742,0.5659654140472412,0.8505136370658875,9.061895370483398,281.75469970703125,0.004845112096518278,0.0011987013276666403,7.7916669845581055,0.5,0.0,1.2916667461395264
No action rate,p6vbd18i,2026-07-17_17-50-34_05_04_gmr_no_action_rate_seed_42_iter_1000_20260717T143245Z,716,18.794620196521283,447.75,1.4506547451019287,0.33210426568984985,0.13697873055934906,0.0876849815249443,0.5749005675315857,0.8593479990959167,9.12843132019043,282.62506103515625,0.005670135375112295,0.0014781856443732977,6.7916669845581055,0.3333333432674408,0.0,1.125
No action rate,p6vbd18i,2026-07-17_17-50-34_05_04_gmr_no_action_rate_seed_42_iter_1000_20260717T143245Z,717,18.906085499227046,456.83,1.4509223699569702,0.35852837562561035,0.13798175752162933,0.08800110220909119,0.5784420967102051,0.8733731508255005,9.1497163772583,282.63348388671875,0.005595564376562834,0.0015095530543476343,7.7916669845581055,0.1666666716337204,0.0,1.625
No action rate,p6vbd18i,2026-07-17_17-50-34_05_04_gmr_no_action_rate_seed_42_iter_1000_20260717T143245Z,718,18.570758869647978,455.42,1.4514068365097046,0.3465610146522522,0.13774017989635468,0.08781735599040985,0.5705390572547913,0.8584057092666626,9.069991111755371,282.4861145019531,0.0056082396768033504,0.0018734526820480824,7.7916669845581055,0.25,0.0,1.25
No action rate,p6vbd18i,2026-07-17_17-50-34_05_04_gmr_no_action_rate_seed_42_iter_1000_20260717T143245Z,719,19.13048203110695,466.8,1.451879620552063,0.35085684061050415,0.13713209331035614,0.08756108582019806,0.5765973925590515,0.8589784502983093,9.103219985961914,282.56695556640625,0.005173362325876951,0.0017797773471102118,7.6666669845581055,0.4583333432674408,0.0,0.9583333730697632
No action rate,p6vbd18i,2026-07-17_17-50-34_05_04_gmr_no_action_rate_seed_42_iter_1000_20260717T143245Z,720,18.045344224870206,433.59,1.4524818658828735,0.33765920996665955,0.13839221000671387,0.08789293467998505,0.5777506828308105,0.8648989200592041,9.133827209472656,284.3277282714844,0.005222258158028126,0.0018167350208386779,7.1666669845581055,0.5416666865348816,0.0,1.0416667461395264
No action rate,p6vbd18i,2026-07-17_17-50-34_05_04_gmr_no_action_rate_seed_42_iter_1000_20260717T143245Z,721,18.559854206442832,450.52,1.4527779817581177,0.3648965060710907,0.13922472298145294,0.08810023963451385,0.5750697255134583,0.8766972422599792,9.20021915435791,284.26708984375,0.005692982580512762,0.0017824865644797683,7.25,0.3333333432674408,0.0,1.5416667461395264
No action rate,p6vbd18i,2026-07-17_17-50-34_05_04_gmr_no_action_rate_seed_42_iter_1000_20260717T143245Z,722,19.501334459781646,467.17,1.4530688524246216,0.34385108947753906,0.13521774113178253,0.08710335940122604,0.5631135106086731,0.8598184585571289,9.097662925720215,285.3761901855469,0.005108070559799671,0.0012309178709983826,8.083333969116211,0.2083333432674408,0.0,1.2916667461395264
No action rate,p6vbd18i,2026-07-17_17-50-34_05_04_gmr_no_action_rate_seed_42_iter_1000_20260717T143245Z,723,18.74327982902527,451.24,1.453636884689331,0.3285316824913025,0.13853318989276886,0.0880180224776268,0.5723422765731812,0.8601937294006348,9.129352569580078,284.032958984375,0.005798174999654293,0.0016756865661591291,6.75,0.5833333730697632,0.0,1.4166667461395264
No action rate,p6vbd18i,2026-07-17_17-50-34_05_04_gmr_no_action_rate_seed_42_iter_1000_20260717T143245Z,724,18.171568346619605,442.64,1.453952670097351,0.3525908589363098,0.14064061641693115,0.08949270844459534,0.5816589593887329,0.8886134028434753,9.252902030944824,287.0717468261719,0.00722814304754138,0.0013495497405529022,7.208333492279053,0.5,0.0,1.4583333730697632
No action rate,p6vbd18i,2026-07-17_17-50-34_05_04_gmr_no_action_rate_seed_42_iter_1000_20260717T143245Z,725,18.99508240520954,454.09,1.4542036056518555,0.3320789933204651,0.13581925630569458,0.0869850143790245,0.5642327666282654,0.8514617681503296,9.0643310546875,285.056396484375,0.005165837239474058,0.0016618374502286315,7.625,0.2083333432674408,0.0,1.2916667461395264
No action rate,p6vbd18i,2026-07-17_17-50-34_05_04_gmr_no_action_rate_seed_42_iter_1000_20260717T143245Z,726,19.664536115676164,469.74,1.454564094543457,0.33162569999694824,0.13483977317810059,0.08726652711629868,0.5686088800430298,0.8565788269042969,9.122024536132812,286.6405944824219,0.005340877920389175,0.001188742695376277,8.416666984558105,0.3333333432674408,0.0,1.0833333730697632
No action rate,p6vbd18i,2026-07-17_17-50-34_05_04_gmr_no_action_rate_seed_42_iter_1000_20260717T143245Z,727,18.15983452141285,437.62,1.4551588296890259,0.3377339541912079,0.13856452703475952,0.0880570337176323,0.5699418783187866,0.8689590692520142,9.215275764465332,288.035888671875,0.007178167812526226,0.0013700900599360466,6.4166669845581055,0.4166666865348816,0.0,1.25
No action rate,p6vbd18i,2026-07-17_17-50-34_05_04_gmr_no_action_rate_seed_42_iter_1000_20260717T143245Z,728,19.265488128066064,467.58,1.4556080102920532,0.3474794626235962,0.13768626749515533,0.08726032823324203,0.5744258165359497,0.8551098704338074,9.091022491455078,285.4083251953125,0.005320248194038868,0.0018504047766327858,7.083333492279053,0.25,0.0,1.0416667461395264
No action rate,p6vbd18i,2026-07-17_17-50-34_05_04_gmr_no_action_rate_seed_42_iter_1000_20260717T143245Z,729,18.86656693547964,457.96,1.4560106992721558,0.3360370099544525,0.13867416977882385,0.088001549243927,0.5755804181098938,0.8699325919151306,9.180074691772461,287.1298522949219,0.006132129114121199,0.001993696205317974,7.625,0.4583333432674408,0.0,1.2083333730697632
No action rate,p6vbd18i,2026-07-17_17-50-34_05_04_gmr_no_action_rate_seed_42_iter_1000_20260717T143245Z,730,19.14798166334629,462.79,1.4564530849456787,0.3493821322917938,0.13656018674373627,0.08707946538925171,0.5707473754882812,0.863243579864502,9.14262866973877,287.1675109863281,0.005757953505963087,0.0027674962766468525,6.708333492279053,0.3333333432674408,0.0,1.2083333730697632
No action rate,p6vbd18i,2026-07-17_17-50-34_05_04_gmr_no_action_rate_seed_42_iter_1000_20260717T143245Z,731,19.41098316371441,464.42,1.4567646980285645,0.3493928909301758,0.13510999083518982,0.08678103983402252,0.5734689235687256,0.8506234884262085,9.077763557434082,286.61029052734375,0.004383399151265621,0.001286522950977087,8.666666984558105,0.4166666865348816,0.0,1.0833333730697632
No action rate,p6vbd18i,2026-07-17_17-50-34_05_04_gmr_no_action_rate_seed_42_iter_1000_20260717T143245Z,732,18.219114505052566,441.31,1.457373857498169,0.3353428840637207,0.13703127205371857,0.08752240985631943,0.5752753615379333,0.8629055023193359,9.20167064666748,289.0179443359375,0.0054683927446603775,0.0017684799386188388,7.125,0.5833333730697632,0.0,1.4166667461395264
No action rate,p6vbd18i,2026-07-17_17-50-34_05_04_gmr_no_action_rate_seed_42_iter_1000_20260717T143245Z,733,19.55391038686037,469.1,1.4579731225967407,0.34192484617233276,0.13686802983283997,0.08685843646526337,0.5677388906478882,0.8527002334594727,9.098008155822754,286.37860107421875,0.004495085217058659,0.0013583421241492033,7.2916669845581055,0.25,0.0,1.0416667461395264
No action rate,p6vbd18i,2026-07-17_17-50-34_05_04_gmr_no_action_rate_seed_42_iter_1000_20260717T143245Z,734,18.37182538691908,442.07,1.4583302736282349,0.33591553568840027,0.1422199010848999,0.0887594148516655,0.5816758871078491,0.8791508674621582,9.250295639038086,289.9420166015625,0.008624700829386711,0.0016383356414735317,7.5416669845581055,0.4583333432674408,0.0,1.7083333730697632
No action rate,p6vbd18i,2026-07-17_17-50-34_05_04_gmr_no_action_rate_seed_42_iter_1000_20260717T143245Z,735,18.545658786296844,444.25,1.4586302042007446,0.3376424014568329,0.1374988555908203,0.08725639432668686,0.5723546743392944,0.8600125312805176,9.140960693359375,288.013671875,0.004802388604730368,0.0015461072325706482,7.5,0.375,0.0,1.2083333730697632
No action rate,p6vbd18i,2026-07-17_17-50-34_05_04_gmr_no_action_rate_seed_42_iter_1000_20260717T143245Z,736,19.449259501695632,468.05,1.4588640928268433,0.335270494222641,0.13636761903762817,0.08710883557796478,0.5727183222770691,0.8567716479301453,9.108396530151367,287.4019470214844,0.004847588017582893,0.011082988232374191,7.833333492279053,0.4166666865348816,0.0,0.875
No action rate,p6vbd18i,2026-07-17_17-50-34_05_04_gmr_no_action_rate_seed_42_iter_1000_20260717T143245Z,737,18.177150950431823,435.4,1.4591706991195679,0.33942100405693054,0.13849236071109772,0.08827739953994751,0.5729901790618896,0.8662716150283813,9.170611381530762,287.81158447265625,0.006251567974686623,0.0018475453834980726,6.1666669845581055,0.375,0.0,1.375
No action rate,p6vbd18i,2026-07-17_17-50-34_05_04_gmr_no_action_rate_seed_42_iter_1000_20260717T143245Z,738,19.065502469837664,455.68,1.4596449136734009,0.3440793454647064,0.1382608860731125,0.08752024173736572,0.567520022392273,0.8627716302871704,9.157742500305176,289.7412414550781,0.005629712715744972,0.0016977579798549414,8.416666984558105,0.5416666865348816,0.0,1.3333333730697632
No action rate,p6vbd18i,2026-07-17_17-50-34_05_04_gmr_no_action_rate_seed_42_iter_1000_20260717T143245Z,739,17.961101602315903,438.96,1.4604390859603882,0.343620240688324,0.1389792263507843,0.08821044862270355,0.5815050601959229,0.8767558932304382,9.188008308410645,290.04107666015625,0.006406088825315237,0.0021787271834909916,7.5,0.5833333730697632,0.0,1.2083333730697632
No action rate,p6vbd18i,2026-07-17_17-50-34_05_04_gmr_no_action_rate_seed_42_iter_1000_20260717T143245Z,740,19.503168242871762,465.93,1.4610629081726074,0.3395084738731384,0.13595786690711975,0.08644440025091171,0.5650854110717773,0.8594030141830444,9.16061782836914,290.5761413574219,0.006404012441635132,0.001428047544322908,8.333333969116211,0.125,0.0,1.0416667461395264
No action rate,p6vbd18i,2026-07-17_17-50-34_05_04_gmr_no_action_rate_seed_42_iter_1000_20260717T143245Z,741,19.042985030412673,455.33,1.4613940715789795,0.336223304271698,0.13520526885986328,0.08647175133228302,0.5601121187210083,0.8528765439987183,9.149236679077148,291.2750244140625,0.006036210805177689,0.0019606356509029865,7.083333492279053,0.4583333432674408,0.0,0.9583333730697632
No action rate,p6vbd18i,2026-07-17_17-50-34_05_04_gmr_no_action_rate_seed_42_iter_1000_20260717T143245Z,742,18.332327976971865,446.97,1.4616031646728516,0.34480398893356323,0.1389172077178955,0.08771823346614838,0.5746603012084961,0.8670967817306519,9.193824768066406,291.64556884765625,0.006140955723822117,0.003345013130456209,7.75,0.5416666865348816,0.0,1.5
No action rate,p6vbd18i,2026-07-17_17-50-34_05_04_gmr_no_action_rate_seed_42_iter_1000_20260717T143245Z,743,19.197658699713646,456.23,1.4618542194366455,0.3244795501232147,0.1339072585105896,0.08608120679855347,0.5583477020263672,0.8496932983398438,9.151679992675781,290.9497985839844,0.005228019785135984,0.002120391232892871,7.833333492279053,0.0416666679084301,0.0,0.9583333730697632
No action rate,p6vbd18i,2026-07-17_17-50-34_05_04_gmr_no_action_rate_seed_42_iter_1000_20260717T143245Z,744,18.644239786863327,444.82,1.4621436595916748,0.34633445739746094,0.13805237412452698,0.08755223453044891,0.5712263584136963,0.859153687953949,9.161499977111816,291.4366149902344,0.005430994555354118,0.001616423251107335,7.25,0.3333333432674408,0.0,1.375
No action rate,p6vbd18i,2026-07-17_17-50-34_05_04_gmr_no_action_rate_seed_42_iter_1000_20260717T143245Z,745,19.923985117077827,476.46,1.4624531269073486,0.35071060061454773,0.1370944380760193,0.08729380369186401,0.5664387941360474,0.8616888523101807,9.145386695861816,291.8961486816406,0.005354687105864286,0.0010885277297347784,7.25,0.4166666865348816,0.0,1.1666667461395264
No action rate,p6vbd18i,2026-07-17_17-50-34_05_04_gmr_no_action_rate_seed_42_iter_1000_20260717T143245Z,746,19.183963746652008,457.71,1.4627833366394043,0.33976054191589355,0.13687817752361298,0.08671097457408905,0.5705253481864929,0.8550043106079102,9.19064712524414,291.7623291015625,0.005664446856826544,0.0013880706392228603,7.6666669845581055,0.4583333432674408,0.0,0.8333333730697632
No action rate,p6vbd18i,2026-07-17_17-50-34_05_04_gmr_no_action_rate_seed_42_iter_1000_20260717T143245Z,747,18.744320448040963,448.81,1.4633547067642212,0.3444170355796814,0.13623711466789246,0.08583222329616547,0.564378023147583,0.8569755554199219,9.176494598388672,291.90447998046875,0.005191693548113108,0.0018247533589601517,7.833333492279053,0.3333333432674408,0.0,1.2083333730697632
No action rate,p6vbd18i,2026-07-17_17-50-34_05_04_gmr_no_action_rate_seed_42_iter_1000_20260717T143245Z,748,17.744081505537032,427.53,1.4640668630599976,0.3401256501674652,0.13558733463287354,0.08729925006628036,0.5638111233711243,0.8685822486877441,9.240370750427246,294.9448547363281,0.005913618952035904,0.0018399315886199474,6.875,0.5833333730697632,0.0,1.2916667461395264
No action rate,p6vbd18i,2026-07-17_17-50-34_05_04_gmr_no_action_rate_seed_42_iter_1000_20260717T143245Z,749,18.643775893449785,443.71,1.464512586593628,0.3388786017894745,0.139825239777565,0.08727573603391647,0.5674870014190674,0.8657521605491638,9.184148788452148,293.2532958984375,0.005828820168972015,0.0014608110068365932,7.083333492279053,0.2916666865348816,0.0,0.7916666865348816
No action rate,p6vbd18i,2026-07-17_17-50-34_05_04_gmr_no_action_rate_seed_42_iter_1000_20260717T143245Z,750,18.049027551710605,437.16,1.4648176431655884,0.34464186429977417,0.13797709345817566,0.08788621425628662,0.5769968628883362,0.8604167699813843,9.233927726745605,292.81494140625,0.006434076465666294,0.0017949272878468037,7.208333492279053,0.5416666865348816,0.0,1.375
No action rate,p6vbd18i,2026-07-17_17-50-34_05_04_gmr_no_action_rate_seed_42_iter_1000_20260717T143245Z,751,18.525828667730092,447.01,1.4651970863342285,0.3354818820953369,0.13586175441741943,0.0872969776391983,0.5709651708602905,0.8633531332015991,9.200739860534668,293.4929504394531,0.006326643284410238,0.004977044649422169,7.375,0.3333333432674408,0.0,0.9583333730697632
No action rate,p6vbd18i,2026-07-17_17-50-34_05_04_gmr_no_action_rate_seed_42_iter_1000_20260717T143245Z,752,19.161207546293735,453.14,1.4656602144241333,0.32947683334350586,0.13650517165660858,0.08659225702285767,0.5635969042778015,0.8526455760002136,9.14523696899414,293.4483947753906,0.005035218317061663,0.0014220935991033912,8.583333969116211,0.4166666865348816,0.0,1.125
No action rate,p6vbd18i,2026-07-17_17-50-34_05_04_gmr_no_action_rate_seed_42_iter_1000_20260717T143245Z,753,19.394805381298067,461.61,1.4658669233322144,0.3315463066101074,0.1358395665884018,0.08637800067663193,0.5665041208267212,0.8597421646118164,9.198112487792969,293.70684814453125,0.005342436488717794,0.0015787787269800901,7.1666669845581055,0.25,0.0,1.375
No action rate,p6vbd18i,2026-07-17_17-50-34_05_04_gmr_no_action_rate_seed_42_iter_1000_20260717T143245Z,754,19.933367874622345,475.91,1.4658386707305908,0.3507821261882782,0.13549330830574036,0.08636676520109177,0.5630378127098083,0.8524384498596191,9.138134002685547,293.15289306640625,0.005234716460108757,0.0011530921328812838,7.083333492279053,0.375,0.0,0.4583333432674408
No action rate,p6vbd18i,2026-07-17_17-50-34_05_04_gmr_no_action_rate_seed_42_iter_1000_20260717T143245Z,755,19.69292309165001,466.83,1.4660894870758057,0.34055548906326294,0.13372674584388733,0.08542881906032562,0.5587992668151855,0.8443279266357422,9.112386703491211,293.23602294921875,0.004670558497309685,0.001729648094624281,8.375,0.25,0.0,0.9166666865348816
No action rate,p6vbd18i,2026-07-17_17-50-34_05_04_gmr_no_action_rate_seed_42_iter_1000_20260717T143245Z,756,18.890469433665274,452.57,1.4662381410598755,0.34013211727142334,0.13376954197883606,0.08683725446462631,0.5655405521392822,0.8574416637420654,9.169957160949707,295.13458251953125,0.005156159400939941,0.0015354612842202187,6.9166669845581055,0.2916666865348816,0.0,0.875
No action rate,p6vbd18i,2026-07-17_17-50-34_05_04_gmr_no_action_rate_seed_42_iter_1000_20260717T143245Z,757,19.117425051257015,454.89,1.466529369354248,0.3283829092979431,0.13519686460494995,0.08645494282245636,0.5677781105041504,0.8533935546875,9.201915740966797,295.51922607421875,0.006038562394678593,0.0015308938454836607,7.5,0.2916666865348816,0.0,0.9166666865348816
No action rate,p6vbd18i,2026-07-17_17-50-34_05_04_gmr_no_action_rate_seed_42_iter_1000_20260717T143245Z,758,19.048435689806936,453.51,1.4670456647872925,0.3237046003341675,0.13539162278175354,0.08676694333553314,0.5677313804626465,0.8618460893630981,9.200035095214844,295.7237548828125,0.006109015084803104,0.0012462441809475422,7.208333492279053,0.25,0.0,1.5833333730697632
No action rate,p6vbd18i,2026-07-17_17-50-34_05_04_gmr_no_action_rate_seed_42_iter_1000_20260717T143245Z,759,19.45223331451416,466.12,1.467306137084961,0.3458024859428406,0.13460201025009155,0.08624380081892014,0.5675379037857056,0.8567416071891785,9.153678894042969,294.5458679199219,0.00516525749117136,0.0016550349537283182,8.166666984558105,0.375,0.0,1.0
No action rate,p6vbd18i,2026-07-17_17-50-34_05_04_gmr_no_action_rate_seed_42_iter_1000_20260717T143245Z,760,19.000163857340812,457.11,1.4674856662750244,0.3343849182128906,0.13764452934265137,0.08667302131652832,0.57269686460495,0.8651086688041687,9.239236831665039,295.3448486328125,0.006530831567943096,0.006623727735131979,8.0,0.5833333730697632,0.0,1.4583333730697632
No action rate,p6vbd18i,2026-07-17_17-50-34_05_04_gmr_no_action_rate_seed_42_iter_1000_20260717T143245Z,761,19.377116217315198,458.14,1.4678280353546143,0.32991623878479004,0.1361185610294342,0.0865270346403122,0.5665000081062317,0.8486220240592957,9.14067554473877,295.32373046875,0.005362073890864849,0.0013724099844694138,7.5,0.4583333432674408,0.0,1.0416667461395264
No action rate,p6vbd18i,2026-07-17_17-50-34_05_04_gmr_no_action_rate_seed_42_iter_1000_20260717T143245Z,762,19.716200776398182,463.54,1.4682387113571167,0.32957324385643005,0.13749736547470093,0.08718608319759369,0.5710269212722778,0.8620505332946777,9.228302955627441,296.00592041015625,0.0063468171283602715,0.0017468640580773354,7.6666669845581055,0.5833333730697632,0.0,1.625
No action rate,p6vbd18i,2026-07-17_17-50-34_05_04_gmr_no_action_rate_seed_42_iter_1000_20260717T143245Z,763,19.330390143990517,453.75,1.4685990810394287,0.32982006669044495,0.1322653591632843,0.08530780673027039,0.5596418380737305,0.841330885887146,9.144721031188965,295.69403076171875,0.0049903211183846,0.001166832516901195,7.958333492279053,0.2916666865348816,0.0,1.0416667461395264
No action rate,p6vbd18i,2026-07-17_17-50-34_05_04_gmr_no_action_rate_seed_42_iter_1000_20260717T143245Z,764,18.139273464530707,431.57,1.4688271284103394,0.3213202953338623,0.14100924134254456,0.08721693605184555,0.570900559425354,0.8727828860282898,9.279654502868652,299.05010986328125,0.0074241552501916885,0.0013170738238841295,7.375,0.4166666865348816,0.0,1.375
No action rate,p6vbd18i,2026-07-17_17-50-34_05_04_gmr_no_action_rate_seed_42_iter_1000_20260717T143245Z,765,19.504677798748016,463.24,1.4692562818527222,0.3281208574771881,0.1314249038696289,0.08455413579940796,0.5545461177825928,0.8417708873748779,9.12037181854248,296.82330322265625,0.005368733312934637,0.0013459187466651201,7.458333492279053,0.25,0.0,0.9583333730697632
No action rate,p6vbd18i,2026-07-17_17-50-34_05_04_gmr_no_action_rate_seed_42_iter_1000_20260717T143245Z,766,18.95633852005005,454.4,1.4699196815490723,0.33150413632392883,0.1352926343679428,0.08619368076324463,0.5604199767112732,0.8524519205093384,9.189621925354004,297.42083740234375,0.0055241212248802185,0.002041491447016597,7.208333492279053,0.5,0.0,1.1666667461395264
No action rate,p6vbd18i,2026-07-17_17-50-34_05_04_gmr_no_action_rate_seed_42_iter_1000_20260717T143245Z,767,18.93251257687807,456.51,1.47024405002594,0.3498234152793884,0.13758331537246704,0.08668359369039536,0.5677021145820618,0.8679766654968262,9.26028823852539,298.0185241699219,0.006138470023870468,0.0018812291091307998,7.708333492279053,0.5,0.0,1.25
No action rate,p6vbd18i,2026-07-17_17-50-34_05_04_gmr_no_action_rate_seed_42_iter_1000_20260717T143245Z,768,19.426802174448966,460.24,1.470536708831787,0.34316131472587585,0.13458304107189178,0.08568362891674042,0.5576600432395935,0.859323263168335,9.201570510864258,297.2387390136719,0.005859464406967163,0.0015558585291728377,7.208333492279053,0.25,0.0,0.9583333730697632
No action rate,p6vbd18i,2026-07-17_17-50-34_05_04_gmr_no_action_rate_seed_42_iter_1000_20260717T143245Z,769,18.684757542461156,442.85,1.4708744287490845,0.3194255232810974,0.13542765378952026,0.08646374195814133,0.5642836093902588,0.8556160926818848,9.208187103271484,298.9655456542969,0.005986186675727367,0.0024902739096432924,7.083333492279053,0.4166666865348816,0.0,1.2083333730697632
No action rate,p6vbd18i,2026-07-17_17-50-34_05_04_gmr_no_action_rate_seed_42_iter_1000_20260717T143245Z,770,18.665565100908278,445.58,1.4711745977401733,0.33738964796066284,0.13854840397834778,0.08778732270002365,0.5721340179443359,0.8730273246765137,9.313730239868164,300.0341796875,0.007742138113826513,0.0020360646303743124,6.625,0.6666666865348816,0.0,1.0833333730697632
No action rate,p6vbd18i,2026-07-17_17-50-34_05_04_gmr_no_action_rate_seed_42_iter_1000_20260717T143245Z,771,19.20192580521107,459.95,1.4716161489486694,0.3468656539916992,0.13673242926597595,0.08612506091594696,0.563634991645813,0.8568512797355652,9.235466003417969,299.53948974609375,0.00546655710786581,0.008733798749744892,8.166666984558105,0.4166666865348816,0.0,1.2083333730697632
No action rate,p6vbd18i,2026-07-17_17-50-34_05_04_gmr_no_action_rate_seed_42_iter_1000_20260717T143245Z,772,19.42804382920265,459.12,1.471998929977417,0.32067257165908813,0.13426077365875244,0.08577089011669159,0.5606464147567749,0.8484870791435242,9.169229507446289,298.4523010253906,0.00513325072824955,0.0017547416500747204,7.5,0.2916666865348816,0.0,1.1666667461395264
No action rate,p6vbd18i,2026-07-17_17-50-34_05_04_gmr_no_action_rate_seed_42_iter_1000_20260717T143245Z,773,18.754372664690017,447.14,1.4724417924880981,0.3272358179092407,0.13448330760002136,0.08624856173992157,0.5654218196868896,0.8578824996948242,9.213342666625977,299.01995849609375,0.0058339787647128105,0.002140870550647378,8.25,0.4583333432674408,0.0,1.2916667461395264
No action rate,p6vbd18i,2026-07-17_17-50-34_05_04_gmr_no_action_rate_seed_42_iter_1000_20260717T143245Z,774,19.693490904867648,469.47,1.4729084968566895,0.3447684645652771,0.13434278964996338,0.08648459613323212,0.5637439489364624,0.8548245429992676,9.211976051330566,299.62109375,0.0057300361804664135,0.0010325191542506218,7.2916669845581055,0.2916666865348816,0.0,0.9583333730697632
No action rate,p6vbd18i,2026-07-17_17-50-34_05_04_gmr_no_action_rate_seed_42_iter_1000_20260717T143245Z,775,19.25854805111885,458.89,1.473233938217163,0.33060359954833984,0.13454490900039673,0.08540122956037521,0.5598773956298828,0.8532238006591797,9.208352088928223,298.8992919921875,0.005545184016227722,0.0014168673660606146,6.25,0.3333333432674408,0.0,0.875
No action rate,p6vbd18i,2026-07-17_17-50-34_05_04_gmr_no_action_rate_seed_42_iter_1000_20260717T143245Z,776,19.602517256140708,468.69,1.473598837852478,0.32759401202201843,0.13454756140708923,0.08502738922834396,0.5595361590385437,0.8552820682525635,9.212417602539062,299.3960876464844,0.005793679039925337,0.0038149922620505095,7.875,0.3333333432674408,0.0,1.125
No action rate,p6vbd18i,2026-07-17_17-50-34_05_04_gmr_no_action_rate_seed_42_iter_1000_20260717T143245Z,777,20.235878764986992,478.36,1.473902940750122,0.32519349455833435,0.1306745558977127,0.08503644913434982,0.5608351230621338,0.844997763633728,9.145992279052734,298.6287841796875,0.0047219558618962765,0.0012197287287563086,6.75,0.375,0.0,0.875
No action rate,p6vbd18i,2026-07-17_17-50-34_05_04_gmr_no_action_rate_seed_42_iter_1000_20260717T143245Z,778,19.42356684565544,461.14,1.4741288423538208,0.3313090205192566,0.13832609355449677,0.08636762201786041,0.5669301748275757,0.8606588244438171,9.244144439697266,300.3161315917969,0.005541433580219746,0.002339939819648862,7.833333492279053,0.25,0.0,1.4166667461395264
No action rate,p6vbd18i,2026-07-17_17-50-34_05_04_gmr_no_action_rate_seed_42_iter_1000_20260717T143245Z,779,20.187346197366715,475.86,1.4744542837142944,0.3297470211982727,0.13161438703536987,0.08594708889722824,0.5607873201370239,0.8504152297973633,9.175642013549805,300.76971435546875,0.0051926737651228905,0.0010376055724918842,7.5416669845581055,0.0833333358168602,0.0,0.875
No action rate,p6vbd18i,2026-07-17_17-50-34_05_04_gmr_no_action_rate_seed_42_iter_1000_20260717T143245Z,780,19.95152209341526,468.09,1.4746767282485962,0.3217490017414093,0.13531842827796936,0.085506871342659,0.5646460056304932,0.8522151708602905,9.22218132019043,300.19085693359375,0.00507657416164875,0.0012096191057935357,8.375,0.2916666865348816,0.0,1.125
No action rate,p6vbd18i,2026-07-17_17-50-34_05_04_gmr_no_action_rate_seed_42_iter_1000_20260717T143245Z,781,18.841541604995726,442.99,1.4750604629516602,0.32527026534080505,0.13410763442516327,0.08578097075223923,0.5605584979057312,0.8529729843139648,9.211894989013672,299.5255432128906,0.006195740774273872,0.0032410197891294956,8.333333969116211,0.2083333432674408,0.0,1.2916667461395264
No action rate,p6vbd18i,2026-07-17_17-50-34_05_04_gmr_no_action_rate_seed_42_iter_1000_20260717T143245Z,782,18.999398633241654,450.97,1.4756696224212646,0.33636581897735596,0.13423316180706024,0.0857367143034935,0.5584332942962646,0.8542871475219727,9.202800750732422,300.4400329589844,0.006182183977216482,0.006197952665388584,7.583333492279053,0.3333333432674408,0.0,1.0833333730697632
No action rate,p6vbd18i,2026-07-17_17-50-34_05_04_gmr_no_action_rate_seed_42_iter_1000_20260717T143245Z,783,18.963005174696445,449.95,1.4762811660766602,0.31209510564804077,0.13358867168426514,0.08540301769971848,0.5588996410369873,0.8462948203086853,9.208597183227539,299.527587890625,0.004795175511389971,0.0014038837980479002,7.7916669845581055,0.375,0.0,1.5
No action rate,p6vbd18i,2026-07-17_17-50-34_05_04_gmr_no_action_rate_seed_42_iter_1000_20260717T143245Z,784,19.1517437428236,448.48,1.4768197536468506,0.3229326605796814,0.13377460837364197,0.08656090497970581,0.5619630813598633,0.8600620627403259,9.238349914550781,301.97052001953125,0.005800945218652487,0.0019462205236777663,7.875,0.3333333432674408,0.0,1.375
No action rate,p6vbd18i,2026-07-17_17-50-34_05_04_gmr_no_action_rate_seed_42_iter_1000_20260717T143245Z,785,19.174651237726213,457.78,1.4772924184799194,0.33374691009521484,0.13522478938102722,0.08647322654724121,0.5648905038833618,0.8638657331466675,9.269206047058105,301.172607421875,0.006929843686521053,0.003683743765577674,8.083333969116211,0.2083333432674408,0.0,1.5833333730697632
No action rate,p6vbd18i,2026-07-17_17-50-34_05_04_gmr_no_action_rate_seed_42_iter_1000_20260717T143245Z,786,19.19728099167347,453.18,1.4777066707611084,0.3268696665763855,0.13943791389465332,0.08710925281047821,0.569171667098999,0.8730458617210388,9.330891609191895,302.77789306640625,0.006769969593733549,0.00248124310746789,7.125,0.1666666716337204,0.0,1.5
No action rate,p6vbd18i,2026-07-17_17-50-34_05_04_gmr_no_action_rate_seed_42_iter_1000_20260717T143245Z,787,19.085627878308298,451.61,1.4780699014663696,0.3298952281475067,0.13585540652275085,0.08656452596187592,0.5692650675773621,0.8618597388267517,9.271475791931152,300.60003662109375,0.006071735173463821,0.001566885388456285,7.0416669845581055,0.375,0.0,0.9583333730697632
No action rate,p6vbd18i,2026-07-17_17-50-34_05_04_gmr_no_action_rate_seed_42_iter_1000_20260717T143245Z,788,18.997514666318892,457.0,1.4784679412841797,0.34079599380493164,0.13492822647094727,0.08611395210027695,0.5657802820205688,0.8554002046585083,9.210699081420898,300.3309020996094,0.005397755652666092,0.0012166074011474848,8.125,0.2916666865348816,0.0,0.875
No action rate,p6vbd18i,2026-07-17_17-50-34_05_04_gmr_no_action_rate_seed_42_iter_1000_20260717T143245Z,789,20.22829085767269,481.61,1.4786779880523682,0.32153594493865967,0.1335965096950531,0.0856449231505394,0.5670298933982849,0.8568384647369385,9.239469528198242,302.4032897949219,0.005411215126514435,0.0016264462610706687,7.333333492279053,0.0833333358168602,0.0,0.9583333730697632
No action rate,p6vbd18i,2026-07-17_17-50-34_05_04_gmr_no_action_rate_seed_42_iter_1000_20260717T143245Z,790,19.743035562038422,467.56,1.4790985584259033,0.32663100957870483,0.13202467560768127,0.08617286384105682,0.5635212063789368,0.8511532545089722,9.213674545288086,302.03125,0.005826457869261503,0.0015001418069005013,6.4166669845581055,0.4166666865348816,0.0,0.9166666865348816
No action rate,p6vbd18i,2026-07-17_17-50-34_05_04_gmr_no_action_rate_seed_42_iter_1000_20260717T143245Z,791,19.215000611543655,459.86,1.4798516035079956,0.3316165506839752,0.1339227557182312,0.0858139619231224,0.5617852807044983,0.8630954623222351,9.273750305175781,301.5125427246094,0.005888193845748901,0.003725774120539427,7.1666669845581055,0.25,0.0,1.125
No action rate,p6vbd18i,2026-07-17_17-50-34_05_04_gmr_no_action_rate_seed_42_iter_1000_20260717T143245Z,792,19.770562282800675,466.56,1.480395793914795,0.3169533908367157,0.13310623168945312,0.08530174195766449,0.5613092184066772,0.8545340895652771,9.265722274780273,302.107421875,0.006435427814722061,0.0013571768067777157,8.708333969116211,0.1666666716337204,0.0,0.9583333730697632
No action rate,p6vbd18i,2026-07-17_17-50-34_05_04_gmr_no_action_rate_seed_42_iter_1000_20260717T143245Z,793,19.711578260958195,462.65,1.481061339378357,0.3214714527130127,0.13271090388298035,0.08588431775569916,0.5601924657821655,0.8523613810539246,9.218542098999023,302.87237548828125,0.006321632768958807,0.0012028657365590334,7.5416669845581055,0.4166666865348816,0.0,1.0416667461395264
No action rate,p6vbd18i,2026-07-17_17-50-34_05_04_gmr_no_action_rate_seed_42_iter_1000_20260717T143245Z,794,19.39515690803528,461.72,1.4815599918365479,0.3271641731262207,0.1328791379928589,0.08605366200208664,0.5674213767051697,0.8550257086753845,9.200525283813477,302.616943359375,0.004934227094054222,0.0017492601182311773,8.416666984558105,0.2083333432674408,0.0,1.1666667461395264
No action rate,p6vbd18i,2026-07-17_17-50-34_05_04_gmr_no_action_rate_seed_42_iter_1000_20260717T143245Z,795,18.988587842583655,453.81,1.4821964502334595,0.3325466513633728,0.1352502703666687,0.08667760342359543,0.5640655755996704,0.8621835708618164,9.253480911254883,304.01043701171875,0.005703957285732031,0.0062817856669425964,7.125,0.25,0.0,1.25
No action rate,p6vbd18i,2026-07-17_17-50-34_05_04_gmr_no_action_rate_seed_42_iter_1000_20260717T143245Z,796,18.57862578198314,442.8,1.4826455116271973,0.33433592319488525,0.13719362020492554,0.0877414345741272,0.5651620626449585,0.8826014399528503,9.364584922790527,305.7103271484375,0.007121916860342026,0.011791108176112175,6.9166669845581055,0.4583333432674408,0.0,1.25
No action rate,p6vbd18i,2026-07-17_17-50-34_05_04_gmr_no_action_rate_seed_42_iter_1000_20260717T143245Z,797,18.983977451249956,453.93,1.4829473495483398,0.34223756194114685,0.13533931970596313,0.08628857135772705,0.5676802396774292,0.8668999075889587,9.2991943359375,304.0099182128906,0.0057165115140378475,0.0018833869835361838,7.583333492279053,0.2916666865348816,0.0,1.3333333730697632
No action rate,p6vbd18i,2026-07-17_17-50-34_05_04_gmr_no_action_rate_seed_42_iter_1000_20260717T143245Z,798,18.062285756617783,432.22,1.4833219051361084,0.3306536078453064,0.13571345806121826,0.08647030591964722,0.5625748634338379,0.8729833364486694,9.334783554077148,304.90643310546875,0.007369366940110922,0.003786800429224968,6.625,0.2916666865348816,0.0,1.3333333730697632
No action rate,p6vbd18i,2026-07-17_17-50-34_05_04_gmr_no_action_rate_seed_42_iter_1000_20260717T143245Z,799,19.04381283044815,451.55,1.483731985092163,0.3251892328262329,0.1341373175382614,0.08635028451681137,0.5617967844009399,0.8588852882385254,9.253386497497559,304.375,0.005910704843699932,0.002826225943863392,7.5416669845581055,0.3333333432674408,0.0,1.25
No action rate,p6vbd18i,2026-07-17_17-50-34_05_04_gmr_no_action_rate_seed_42_iter_1000_20260717T143245Z,800,19.54645994454622,465.6,1.484018087387085,0.3290199637413025,0.13626137375831604,0.08689513057470322,0.5691716074943542,0.8651003241539001,9.249092102050781,304.72119140625,0.006440003868192434,0.0011040897807106376,6.875,0.2916666865348816,0.0,0.9166666865348816
No action rate,p6vbd18i,2026-07-17_17-50-34_05_04_gmr_no_action_rate_seed_42_iter_1000_20260717T143245Z,801,20.107297755479813,472.18,1.4842413663864136,0.3171868622303009,0.13291284441947937,0.08576025068759918,0.5667799711227417,0.8466132879257202,9.20215129852295,304.07342529296875,0.004402854014188051,0.0013793049147352576,8.583333969116211,0.2083333432674408,0.0,0.7083333730697632
No action rate,p6vbd18i,2026-07-17_17-50-34_05_04_gmr_no_action_rate_seed_42_iter_1000_20260717T143245Z,802,19.813726420402528,471.6,1.4845407009124756,0.34485483169555664,0.1343022584915161,0.08561651408672333,0.5600230097770691,0.8593624830245972,9.233908653259277,304.07989501953125,0.004832399543374777,0.0020425894763320684,8.25,0.1666666716337204,0.0,1.0416667461395264
No action rate,p6vbd18i,2026-07-17_17-50-34_05_04_gmr_no_action_rate_seed_42_iter_1000_20260717T143245Z,803,19.39373412132263,462.92,1.484810709953308,0.33055487275123596,0.13206350803375244,0.08525127172470093,0.558937668800354,0.8547526597976685,9.237170219421387,304.9373474121094,0.004915274679660797,0.007268853019922972,7.6666669845581055,0.2083333432674408,0.0,1.0416667461395264
No action rate,p6vbd18i,2026-07-17_17-50-34_05_04_gmr_no_action_rate_seed_42_iter_1000_20260717T143245Z,804,19.202398206293584,458.12,1.4851235151290894,0.3242625296115875,0.1364375799894333,0.086970254778862,0.5697612166404724,0.8600308299064636,9.266194343566895,305.3616943359375,0.005714745260775089,0.0015707913553342223,7.9166669845581055,0.375,0.0,1.4166667461395264
No action rate,p6vbd18i,2026-07-17_17-50-34_05_04_gmr_no_action_rate_seed_42_iter_1000_20260717T143245Z,805,19.69609341084957,463.77,1.4854047298431396,0.3395191431045532,0.1329919546842575,0.08628051728010178,0.5606005191802979,0.8567518591880798,9.230751991271973,305.582763671875,0.005254298448562622,0.0013553950702771544,8.083333969116211,0.25,0.0,0.7916666865348816
No action rate,p6vbd18i,2026-07-17_17-50-34_05_04_gmr_no_action_rate_seed_42_iter_1000_20260717T143245Z,806,19.370022230446338,455.97,1.4857605695724487,0.3037676513195038,0.13225769996643066,0.0857442319393158,0.5607101917266846,0.8470845222473145,9.229384422302246,306.032470703125,0.005281414836645126,0.0015353983035311103,8.333333969116211,0.375,0.0,1.1666667461395264
No action rate,p6vbd18i,2026-07-17_17-50-34_05_04_gmr_no_action_rate_seed_42_iter_1000_20260717T143245Z,807,18.885432325303555,443.57,1.4862604141235352,0.31848299503326416,0.13501085340976715,0.08546729385852814,0.5563068985939026,0.8560160994529724,9.268221855163574,307.8521728515625,0.005677748005837202,0.0012162321945652366,7.4166669845581055,0.375,0.0,1.5
No action rate,p6vbd18i,2026-07-17_17-50-34_05_04_gmr_no_action_rate_seed_42_iter_1000_20260717T143245Z,808,19.100723376274107,452.75,1.4871554374694824,0.3372661769390106,0.13548028469085693,0.08616925776004791,0.5691068172454834,0.8656601905822754,9.312986373901367,307.2206115722656,0.005918032489717007,0.001324775512330234,7.2916669845581055,0.375,0.0,1.25
No action rate,p6vbd18i,2026-07-17_17-50-34_05_04_gmr_no_action_rate_seed_42_iter_1000_20260717T143245Z,809,18.899923062026502,452.99,1.4874579906463623,0.32840391993522644,0.13544100522994995,0.08599120378494263,0.5619944334030151,0.8607403635978699,9.236528396606445,306.38934326171875,0.005167903378605843,0.0013511086581274867,7.958333492279053,0.2916666865348816,0.0,1.1666667461395264
No action rate,p6vbd18i,2026-07-17_17-50-34_05_04_gmr_no_action_rate_seed_42_iter_1000_20260717T143245Z,810,19.053561461567877,456.45,1.4879506826400757,0.32898223400115967,0.13798068463802338,0.08740251511335373,0.577255129814148,0.8798777461051941,9.395330429077148,310.36444091796875,0.006650201044976711,0.0068807280622422695,6.875,0.25,0.0,1.1666667461395264
No action rate,p6vbd18i,2026-07-17_17-50-34_05_04_gmr_no_action_rate_seed_42_iter_1000_20260717T143245Z,811,19.101686636507512,455.03,1.4885541200637817,0.3403085172176361,0.13968047499656677,0.08730148524045944,0.5703011751174927,0.883998692035675,9.36031723022461,308.5935974121094,0.0062818690203130245,0.005645995493978262,6.956521987915039,0.47826087474823,0.0,1.08695650100708
No action rate,p6vbd18i,2026-07-17_17-50-34_05_04_gmr_no_action_rate_seed_42_iter_1000_20260717T143245Z,812,18.418234155774115,437.06,1.4889143705368042,0.3247917890548706,0.13881178200244904,0.0876346081495285,0.5667941570281982,0.8754991292953491,9.372000694274902,309.77630615234375,0.00765879824757576,0.0013720935676246881,7.208333492279053,0.375,0.0,1.25
No action rate,p6vbd18i,2026-07-17_17-50-34_05_04_gmr_no_action_rate_seed_42_iter_1000_20260717T143245Z,813,19.06001520752907,458.79,1.4891331195831299,0.3433752655982971,0.13640670478343964,0.08655493706464767,0.5637660026550293,0.8655014038085938,9.271455764770508,308.9098815917969,0.005370506551116705,0.002999119460582733,8.25,0.1666666716337204,0.0,0.9166666865348816
No action rate,p6vbd18i,2026-07-17_17-50-34_05_04_gmr_no_action_rate_seed_42_iter_1000_20260717T143245Z,814,19.841107524484396,468.22,1.4894918203353882,0.3198634088039398,0.13342218101024628,0.08574708551168442,0.5618958473205566,0.8482006788253784,9.201271057128906,308.36138916015625,0.005496300291270018,0.0013900762423872948,8.25,0.2083333432674408,0.0,1.0416667461395264
No action rate,p6vbd18i,2026-07-17_17-50-34_05_04_gmr_no_action_rate_seed_42_iter_1000_20260717T143245Z,815,19.308943692445755,457.46,1.4899101257324219,0.3197000026702881,0.1332305520772934,0.08598651736974716,0.5614048838615417,0.8563700914382935,9.245880126953125,309.69207763671875,0.00520672183483839,0.0013173980405554175,7.7916669845581055,0.3333333432674408,0.0,1.125
No action rate,p6vbd18i,2026-07-17_17-50-34_05_04_gmr_no_action_rate_seed_42_iter_1000_20260717T143245Z,816,19.548401820659638,469.01,1.49025297164917,0.3346514105796814,0.13452717661857605,0.08549683541059494,0.5574283003807068,0.8558950424194336,9.278467178344727,311.1496276855469,0.004889065399765968,0.0019138276111334562,7.1666669845581055,0.25,0.0,1.2916667461395264
No action rate,p6vbd18i,2026-07-17_17-50-34_05_04_gmr_no_action_rate_seed_42_iter_1000_20260717T143245Z,817,19.21561984270811,456.86,1.4905600547790527,0.3412836492061615,0.13533943891525269,0.08645474910736084,0.5578560829162598,0.8661435842514038,9.327863693237305,311.61090087890625,0.0058028860948979855,0.0014850867446511984,6.958333492279053,0.2916666865348816,0.0,1.0833333730697632
No action rate,p6vbd18i,2026-07-17_17-50-34_05_04_gmr_no_action_rate_seed_42_iter_1000_20260717T143245Z,818,18.56640970528126,443.43,1.4908164739608765,0.3197809159755707,0.13527585566043854,0.08633241057395935,0.5663292407989502,0.8575682640075684,9.295977592468262,311.01849365234375,0.005614953115582466,0.001522349426522851,7.4166669845581055,0.2916666865348816,0.0,1.125
No action rate,p6vbd18i,2026-07-17_17-50-34_05_04_gmr_no_action_rate_seed_42_iter_1000_20260717T143245Z,819,20.335489761829376,480.42,1.4911688566207886,0.32598739862442017,0.13281401991844177,0.08635668456554413,0.5585263967514038,0.8515264391899109,9.252717971801758,310.775634765625,0.0054315305314958096,0.0012069842778146267,7.125,0.375,0.0,0.75
No action rate,p6vbd18i,2026-07-17_17-50-34_05_04_gmr_no_action_rate_seed_42_iter_1000_20260717T143245Z,820,18.98107259273529,452.73,1.4915281534194946,0.3478177487850189,0.13503307104110718,0.08627007901668549,0.5625940561294556,0.8729051351547241,9.323272705078125,311.8769836425781,0.005482657812535763,0.0016571898013353348,7.0416669845581055,0.2916666865348816,0.0,0.7916666865348816
No action rate,p6vbd18i,2026-07-17_17-50-34_05_04_gmr_no_action_rate_seed_42_iter_1000_20260717T143245Z,821,19.160299569368362,455.41,1.4919300079345703,0.33147886395454407,0.13386479020118713,0.08618190139532089,0.5603453516960144,0.859055757522583,9.272392272949219,311.2689514160156,0.004852956160902977,0.004258236847817898,7.5416669845581055,0.0833333358168602,0.0,1.1666667461395264
No action rate,p6vbd18i,2026-07-17_17-50-34_05_04_gmr_no_action_rate_seed_42_iter_1000_20260717T143245Z,822,18.867111173272132,445.2,1.4924589395523071,0.3222423195838928,0.13480471074581146,0.08604913204908371,0.5596136450767517,0.8548158407211304,9.296881675720215,312.751953125,0.0053548081777989864,0.008407864719629288,8.416666984558105,0.4583333432674408,0.0,1.75
No action rate,p6vbd18i,2026-07-17_17-50-34_05_04_gmr_no_action_rate_seed_42_iter_1000_20260717T143245Z,823,19.32747364461422,452.46,1.4928227663040161,0.3100193738937378,0.13635127246379852,0.08613835275173187,0.5578582286834717,0.8581639528274536,9.294116973876953,313.258056640625,0.00540971290320158,0.0018570031970739365,8.166666984558105,0.1666666716337204,0.0,1.125
No action rate,p6vbd18i,2026-07-17_17-50-34_05_04_gmr_no_action_rate_seed_42_iter_1000_20260717T143245Z,824,18.95775364279747,448.72,1.493155598640442,0.3173295259475708,0.13574151694774628,0.08601193130016327,0.5614376068115234,0.8536269664764404,9.267316818237305,312.5843200683594,0.00504184328019619,0.0019441712647676468,7.75,0.3333333432674408,0.0,1.1666667461395264
No action rate,p6vbd18i,2026-07-17_17-50-34_05_04_gmr_no_action_rate_seed_42_iter_1000_20260717T143245Z,825,18.6061925303936,437.91,1.4935145378112793,0.3149126172065735,0.1353815793991089,0.0851655825972557,0.5517936944961548,0.8523167967796326,9.305480003356934,312.9855651855469,0.004808472935110331,0.001651915255934,7.708333492279053,0.1666666716337204,0.0,1.125
No action rate,p6vbd18i,2026-07-17_17-50-34_05_04_gmr_no_action_rate_seed_42_iter_1000_20260717T143245Z,826,19.5373691624403,458.88,1.493843674659729,0.32337287068367004,0.13182441890239716,0.08586357533931732,0.5552025437355042,0.8551575541496277,9.28120231628418,312.91241455078125,0.00550055131316185,0.002624593209475279,7.833333492279053,0.3333333432674408,0.0,0.7916666865348816
No action rate,p6vbd18i,2026-07-17_17-50-34_05_04_gmr_no_action_rate_seed_42_iter_1000_20260717T143245Z,827,19.048744221925734,452.24,1.493973970413208,0.3172892928123474,0.13170894980430603,0.0851140171289444,0.5519031286239624,0.8504570722579956,9.261136054992676,313.12945556640625,0.004379809834063053,0.001354769803583622,8.083333969116211,0.1666666716337204,0.0,1.2083333730697632
No action rate,p6vbd18i,2026-07-17_17-50-34_05_04_gmr_no_action_rate_seed_42_iter_1000_20260717T143245Z,828,19.783861854970453,465.88,1.4944182634353638,0.31125736236572266,0.13188478350639343,0.08559955656528473,0.5529878735542297,0.8576104044914246,9.301496505737305,314.8038330078125,0.005374470259994268,0.005770431365817785,7.6666669845581055,0.1666666716337204,0.0,1.0
No action rate,p6vbd18i,2026-07-17_17-50-34_05_04_gmr_no_action_rate_seed_42_iter_1000_20260717T143245Z,829,19.53490886569023,456.72,1.4950532913208008,0.31553828716278076,0.13785333931446075,0.08714695274829865,0.5690425038337708,0.8619692325592041,9.315075874328613,313.7257080078125,0.0052537559531629086,0.002971436595544219,7.833333492279053,0.4166666865348816,0.0,1.25
No action rate,p6vbd18i,2026-07-17_17-50-34_05_04_gmr_no_action_rate_seed_42_iter_1000_20260717T143245Z,830,19.064671572744846,450.44,1.4955244064331055,0.3062954246997833,0.13274335861206055,0.08567160367965698,0.5563817024230957,0.8493503332138062,9.305755615234375,314.91259765625,0.004950329661369324,0.0017523219576105475,7.75,0.25,0.0,1.4166667461395264
No action rate,p6vbd18i,2026-07-17_17-50-34_05_04_gmr_no_action_rate_seed_42_iter_1000_20260717T143245Z,831,19.871505364477635,472.54,1.4960874319076538,0.3208426833152771,0.13548974692821503,0.08656245470046997,0.5583299994468689,0.8502300977706909,9.293037414550781,314.61090087890625,0.005213357508182526,0.0011678067967295647,7.083333492279053,0.25,0.0,0.7916666865348816
No action rate,p6vbd18i,2026-07-17_17-50-34_05_04_gmr_no_action_rate_seed_42_iter_1000_20260717T143245Z,832,18.97169243052602,452.37,1.4966695308685303,0.3078012764453888,0.14605827629566193,0.08863085508346558,0.584506094455719,0.8787679672241211,9.431648254394531,315.1708679199219,0.007046976592391729,0.001772155286744237,6.583333492279053,0.2083333432674408,0.0,0.9166666865348816
No action rate,p6vbd18i,2026-07-17_17-50-34_05_04_gmr_no_action_rate_seed_42_iter_1000_20260717T143245Z,833,20.386426508128643,484.82,1.4969003200531006,0.3158697485923767,0.134465292096138,0.08571525663137436,0.5603662729263306,0.8540722727775574,9.27242660522461,313.67974853515625,0.00477513438090682,0.0027863061986863613,8.041666984558105,0.3333333432674408,0.0,0.7916666865348816
No action rate,p6vbd18i,2026-07-17_17-50-34_05_04_gmr_no_action_rate_seed_42_iter_1000_20260717T143245Z,834,19.145705865621565,451.7,1.4974714517593384,0.3113371431827545,0.1331469714641571,0.08569663763046265,0.556986391544342,0.8553420901298523,9.31987190246582,315.04998779296875,0.00514982407912612,0.0014395694015547633,7.7916669845581055,0.0833333358168602,0.0,1.2916667461395264
No action rate,p6vbd18i,2026-07-17_17-50-34_05_04_gmr_no_action_rate_seed_42_iter_1000_20260717T143245Z,835,20.470361108779908,482.48,1.4983021020889282,0.3079998791217804,0.13701528310775757,0.08600731939077377,0.5545673370361328,0.8516062498092651,9.300385475158691,316.1642150878906,0.005527358502149582,0.001905943499878049,8.333333969116211,0.375,0.0,0.9166666865348816
No action rate,p6vbd18i,2026-07-17_17-50-34_05_04_gmr_no_action_rate_seed_42_iter_1000_20260717T143245Z,836,18.30707699775696,430.85,1.4989702701568604,0.30933070182800293,0.13786795735359192,0.0863327905535698,0.5651230812072754,0.866923987865448,9.353391647338867,315.33746337890625,0.005795562174171209,0.0019346120534464717,7.4166669845581055,0.6666666865348816,0.0,1.6666667461395264
No action rate,p6vbd18i,2026-07-17_17-50-34_05_04_gmr_no_action_rate_seed_42_iter_1000_20260717T143245Z,837,18.631958052515984,440.44,1.4994596242904663,0.3178836703300476,0.1370726227760315,0.0866314023733139,0.5605065822601318,0.8726820349693298,9.385795593261719,317.45904541015625,0.0071187312714755535,0.0013714309316128492,6.875,0.4583333432674408,0.0,1.2083333730697632
No action rate,p6vbd18i,2026-07-17_17-50-34_05_04_gmr_no_action_rate_seed_42_iter_1000_20260717T143245Z,838,20.096474087238313,477.07,1.4998786449432373,0.3163124918937683,0.1345306783914566,0.08624346554279327,0.5577336549758911,0.8589405417442322,9.325429916381836,316.92108154296875,0.005926943384110928,0.0012794528156518936,7.5416669845581055,0.2083333432674408,0.0,1.25
No action rate,p6vbd18i,2026-07-17_17-50-34_05_04_gmr_no_action_rate_seed_42_iter_1000_20260717T143245Z,839,19.231882525980474,455.39,1.5002174377441406,0.3160923719406128,0.13890044391155243,0.08740809559822083,0.5736106634140015,0.8757731914520264,9.406122207641602,316.2289733886719,0.007131255231797695,0.0017499824753031135,6.6666669845581055,0.2916666865348816,0.0,0.8333333730697632
No action rate,p6vbd18i,2026-07-17_17-50-34_05_04_gmr_no_action_rate_seed_42_iter_1000_20260717T143245Z,840,19.914955673217772,471.84,1.5008633136749268,0.3169732093811035,0.13481959700584412,0.08605282008647919,0.5644792914390564,0.8545255661010742,9.29137134552002,315.588134765625,0.005033770576119423,0.001432068645954132,7.5,0.375,0.0,0.75
No action rate,p6vbd18i,2026-07-17_17-50-34_05_04_gmr_no_action_rate_seed_42_iter_1000_20260717T143245Z,841,19.330009876936675,458.53,1.5013900995254517,0.3320775032043457,0.13661277294158936,0.08658105134963989,0.5576776266098022,0.8780077695846558,9.450780868530273,320.5615234375,0.007202698849141598,0.00108712341170758,7.0,0.375,0.0,1.125
No action rate,p6vbd18i,2026-07-17_17-50-34_05_04_gmr_no_action_rate_seed_42_iter_1000_20260717T143245Z,842,19.396988860964775,456.16,1.5015314817428589,0.32072359323501587,0.13425341248512268,0.08628713339567184,0.5592308044433594,0.8542871475219727,9.307989120483398,317.56671142578125,0.004932928364723921,0.0017603992018848658,7.708333492279053,0.2916666865348816,0.0,1.25
No action rate,p6vbd18i,2026-07-17_17-50-34_05_04_gmr_no_action_rate_seed_42_iter_1000_20260717T143245Z,843,20.121589503884316,473.41,1.501983642578125,0.31335389614105225,0.1321982592344284,0.08560410141944885,0.5566096305847168,0.8547336459159851,9.333436965942383,317.42730712890625,0.004752838984131813,0.0010688677430152893,8.666666984558105,0.25,0.0,0.875
No action rate,p6vbd18i,2026-07-17_17-50-34_05_04_gmr_no_action_rate_seed_42_iter_1000_20260717T143245Z,844,19.756923996806144,462.71,1.5023705959320068,0.30864620208740234,0.13334423303604126,0.08480708301067352,0.5526306629180908,0.8479155898094177,9.297392845153809,316.8127746582031,0.0044556534849107265,0.0015774423955008388,7.7916669845581055,0.1666666716337204,0.0,1.1666667461395264
No action rate,p6vbd18i,2026-07-17_17-50-34_05_04_gmr_no_action_rate_seed_42_iter_1000_20260717T143245Z,845,19.27927756562829,452.48,1.5026918649673462,0.315248966217041,0.1355348825454712,0.0853431448340416,0.5559338927268982,0.8560353517532349,9.32685661315918,318.02728271484375,0.004835198633372784,0.001582837663590908,7.708333492279053,0.2916666865348816,0.0,1.2916667461395264
No action rate,p6vbd18i,2026-07-17_17-50-34_05_04_gmr_no_action_rate_seed_42_iter_1000_20260717T143245Z,846,19.01482890665531,451.32,1.5031015872955322,0.33066195249557495,0.13349349796772003,0.08519455045461655,0.5566082000732422,0.8582477569580078,9.307592391967773,318.851806640625,0.00461113266646862,0.0014443357940763235,7.458333492279053,0.2916666865348816,0.0,1.125
No action rate,p6vbd18i,2026-07-17_17-50-34_05_04_gmr_no_action_rate_seed_42_iter_1000_20260717T143245Z,847,20.331405203342438,477.57,1.5034328699111938,0.314883291721344,0.13115808367729187,0.08485287427902222,0.5483512878417969,0.8503841161727905,9.279620170593262,317.9376220703125,0.004464057739824057,0.0020871697925031185,7.6666669845581055,0.375,0.0,0.8333333730697632
No action rate,p6vbd18i,2026-07-17_17-50-34_05_04_gmr_no_action_rate_seed_42_iter_1000_20260717T143245Z,848,19.939856103360654,470.41,1.5038602352142334,0.3205069899559021,0.13163359463214874,0.08530549705028534,0.5565666556358337,0.8532304763793945,9.314735412597656,318.0398864746094,0.005287387873977423,0.0013140635564923286,7.833333492279053,0.25,0.0,0.9166666865348816
No action rate,p6vbd18i,2026-07-17_17-50-34_05_04_gmr_no_action_rate_seed_42_iter_1000_20260717T143245Z,849,18.7568385720253,447.32,1.5043801069259644,0.3324987590312958,0.1333543360233307,0.08651034533977509,0.5607270002365112,0.8633512854576111,9.346685409545898,319.25140380859375,0.005539397709071636,0.002365692052990198,7.208333492279053,0.3333333432674408,0.0,1.25
No action rate,p6vbd18i,2026-07-17_17-50-34_05_04_gmr_no_action_rate_seed_42_iter_1000_20260717T143245Z,850,19.75014779061079,465.91,1.504868745803833,0.31417348980903625,0.1345463991165161,0.0853627473115921,0.5625400543212891,0.8580023646354675,9.354273796081543,318.0666809082031,0.004896943457424641,0.0013720857677981257,8.291666984558105,0.3333333432674408,0.0,0.9583333730697632
No action rate,p6vbd18i,2026-07-17_17-50-34_05_04_gmr_no_action_rate_seed_42_iter_1000_20260717T143245Z,851,19.81723052740097,462.81,1.5052497386932373,0.30921876430511475,0.1326901912689209,0.08523108810186386,0.5541266202926636,0.851911723613739,9.310483932495117,319.04718017578125,0.005373101681470871,0.0012314212508499622,7.875,0.4583333432674408,0.0,1.0833333730697632
No action rate,p6vbd18i,2026-07-17_17-50-34_05_04_gmr_no_action_rate_seed_42_iter_1000_20260717T143245Z,852,19.639694375991823,462.18,1.5057306289672852,0.3153272271156311,0.13126996159553528,0.08541124314069748,0.55511474609375,0.8594245910644531,9.315911293029785,318.8055725097656,0.004917194601148367,0.0013653074856847525,6.2916669845581055,0.3333333432674408,0.0,0.875
No action rate,p6vbd18i,2026-07-17_17-50-34_05_04_gmr_no_action_rate_seed_42_iter_1000_20260717T143245Z,853,19.649449239969254,460.27,1.5061284303665161,0.3083930015563965,0.13048699498176575,0.08520138263702393,0.5516664385795593,0.8536893129348755,9.266606330871582,319.1241149902344,0.004912619479000568,0.0020463690161705017,7.2916669845581055,0.25,0.0,0.75
No action rate,p6vbd18i,2026-07-17_17-50-34_05_04_gmr_no_action_rate_seed_42_iter_1000_20260717T143245Z,854,20.57127712726593,482.41,1.5065630674362183,0.31742388010025024,0.1330103725194931,0.08550434559583664,0.5563979148864746,0.8631418943405151,9.339388847351074,320.96368408203125,0.005944345146417618,0.0014106528833508492,7.708333492279053,0.375,0.0,1.0833333730697632
No action rate,p6vbd18i,2026-07-17_17-50-34_05_04_gmr_no_action_rate_seed_42_iter_1000_20260717T143245Z,855,19.175887697935103,452.29,1.5068657398223877,0.3145442605018616,0.13582664728164673,0.08614208549261093,0.5571132302284241,0.862153172492981,9.381851196289062,322.337646484375,0.00555541692301631,0.0011351120192557573,7.583333492279053,0.4166666865348816,0.0,0.9166666865348816
No action rate,p6vbd18i,2026-07-17_17-50-34_05_04_gmr_no_action_rate_seed_42_iter_1000_20260717T143245Z,856,20.115490545630454,470.01,1.5070250034332275,0.3129197955131531,0.1316252201795578,0.08557358384132385,0.5579854846000671,0.855306088924408,9.294129371643066,320.939697265625,0.005204181186854839,0.0011047670850530267,8.375,0.2916666865348816,0.0,1.0833333730697632
No action rate,p6vbd18i,2026-07-17_17-50-34_05_04_gmr_no_action_rate_seed_42_iter_1000_20260717T143245Z,857,19.75704656600952,465.32,1.5070537328720093,0.3213486075401306,0.13166677951812744,0.08513917773962021,0.5540367364883423,0.8581098318099976,9.301970481872559,320.35418701171875,0.0050611961632966995,0.0013396203285083175,7.9166669845581055,0.3333333432674408,0.0,1.1666667461395264
No action rate,p6vbd18i,2026-07-17_17-50-34_05_04_gmr_no_action_rate_seed_42_iter_1000_20260717T143245Z,858,19.98861186683178,466.05,1.5074217319488525,0.30607104301452637,0.13320627808570862,0.0850677341222763,0.5522686243057251,0.8483421206474304,9.32596206665039,319.708984375,0.004912066273391247,0.00107579177711159,7.25,0.25,0.0,1.1666667461395264
No action rate,p6vbd18i,2026-07-17_17-50-34_05_04_gmr_no_action_rate_seed_42_iter_1000_20260717T143245Z,859,19.74668095588684,460.63,1.507893681526184,0.3035708963871002,0.1311541050672531,0.08453904092311859,0.5547075271606445,0.845740795135498,9.29199504852295,319.932373046875,0.004874509759247303,0.0015405443264171481,7.375,0.0833333358168602,0.0,1.3333333730697632
No action rate,p6vbd18i,2026-07-17_17-50-34_05_04_gmr_no_action_rate_seed_42_iter_1000_20260717T143245Z,860,18.58987174987793,443.35,1.5084199905395508,0.3183577358722687,0.1336866319179535,0.08590134233236313,0.5568495988845825,0.8693515062332153,9.386816024780273,322.58868408203125,0.005992627702653408,0.0037221135571599007,6.6666669845581055,0.3333333432674408,0.0,1.1666667461395264
No action rate,p6vbd18i,2026-07-17_17-50-34_05_04_gmr_no_action_rate_seed_42_iter_1000_20260717T143245Z,861,19.6405998390913,461.11,1.508851170539856,0.31819599866867065,0.13249675929546356,0.08565887063741684,0.5556509494781494,0.8603332042694092,9.353738784790039,322.52874755859375,0.005414902698248625,0.0015014188829809427,7.333333492279053,0.25,0.0,1.2916667461395264
No action rate,p6vbd18i,2026-07-17_17-50-34_05_04_gmr_no_action_rate_seed_42_iter_1000_20260717T143245Z,862,19.315406473875047,455.46,1.5092941522598267,0.3021042048931122,0.1290500909090042,0.0845157727599144,0.5452467203140259,0.8427696228027344,9.28176212310791,321.7542419433594,0.004733400419354439,0.001401123940013349,7.083333492279053,0.2916666865348816,0.0,0.6666666865348816
No action rate,p6vbd18i,2026-07-17_17-50-34_05_04_gmr_no_action_rate_seed_42_iter_1000_20260717T143245Z,863,19.55724521368742,462.67,1.509627103805542,0.31114330887794495,0.12949515879154205,0.08506593108177185,0.5487622618675232,0.851331889629364,9.312484741210938,322.31170654296875,0.005570974200963974,0.0017834508325904608,8.333333969116211,0.3333333432674408,0.0,1.0416667461395264
No action rate,p6vbd18i,2026-07-17_17-50-34_05_04_gmr_no_action_rate_seed_42_iter_1000_20260717T143245Z,864,19.693608003258706,464.73,1.5098966360092163,0.3084199130535126,0.13236920535564423,0.08521618694067001,0.5542333126068115,0.860750138759613,9.345508575439453,321.8638916015625,0.005968078505247831,0.0012110883835703135,8.625,0.4166666865348816,0.0,0.9166666865348816
No action rate,p6vbd18i,2026-07-17_17-50-34_05_04_gmr_no_action_rate_seed_42_iter_1000_20260717T143245Z,865,19.66777636408806,460.18,1.5102472305297852,0.3145753741264343,0.12931445240974426,0.0848456621170044,0.5552428364753723,0.8587930202484131,9.355005264282227,323.6899108886719,0.005753874778747559,0.001090544043108821,7.375,0.2083333432674408,0.0,1.0416667461395264
No action rate,p6vbd18i,2026-07-17_17-50-34_05_04_gmr_no_action_rate_seed_42_iter_1000_20260717T143245Z,866,19.817625494003295,464.45,1.5106205940246582,0.31995975971221924,0.13215023279190063,0.0856444239616394,0.5557745695114136,0.8649055361747742,9.342374801635742,323.58001708984375,0.00664085429161787,0.0015249098651111126,7.958333492279053,0.25,0.0,1.125
No action rate,p6vbd18i,2026-07-17_17-50-34_05_04_gmr_no_action_rate_seed_42_iter_1000_20260717T143245Z,867,18.78868028283119,440.92,1.5111396312713623,0.30079466104507446,0.13291069865226746,0.08533553779125214,0.5527745485305786,0.8623935580253601,9.394155502319336,323.84857177734375,0.006819059606641531,0.001341322436928749,7.75,0.125,0.0,1.0416667461395264
No action rate,p6vbd18i,2026-07-17_17-50-34_05_04_gmr_no_action_rate_seed_42_iter_1000_20260717T143245Z,868,19.531971349716187,464.64,1.5115584135055542,0.3176412582397461,0.12904582917690277,0.08509957045316696,0.5574524998664856,0.8520590662956238,9.311076164245605,322.2518310546875,0.004936288110911846,0.0012830186169594526,7.333333492279053,0.2916666865348816,0.0,0.9583333730697632
No action rate,p6vbd18i,2026-07-17_17-50-34_05_04_gmr_no_action_rate_seed_42_iter_1000_20260717T143245Z,869,19.442411354184152,456.97,1.5116949081420898,0.31229105591773987,0.13268674910068512,0.08564315736293793,0.553602933883667,0.8614785671234131,9.348735809326172,322.7373046875,0.005848450120538473,0.006162510719150305,7.583333492279053,0.375,0.0,1.0
No action rate,p6vbd18i,2026-07-17_17-50-34_05_04_gmr_no_action_rate_seed_42_iter_1000_20260717T143245Z,870,18.240426956117155,431.81,1.5117759704589844,0.330353319644928,0.13591280579566956,0.08723792433738708,0.5683120489120483,0.8874155282974243,9.46650505065918,324.540771484375,0.006040270905941725,0.0024099526926875114,7.625,0.2916666865348816,0.0,1.5
No action rate,p6vbd18i,2026-07-17_17-50-34_05_04_gmr_no_action_rate_seed_42_iter_1000_20260717T143245Z,871,18.965580142736435,453.28,1.5120558738708496,0.30611783266067505,0.13118645548820496,0.08460621535778046,0.5512694716453552,0.8550543189048767,9.340599060058594,324.7765808105469,0.005374792963266373,0.001985867042094469,7.7916669845581055,0.375,0.0,0.875
No action rate,p6vbd18i,2026-07-17_17-50-34_05_04_gmr_no_action_rate_seed_42_iter_1000_20260717T143245Z,872,19.885292626917362,465.8,1.5126874446868896,0.30314549803733826,0.1331145167350769,0.08583890646696091,0.5587539672851562,0.862276554107666,9.383489608764648,324.683837890625,0.006353536155074835,0.006951920688152313,7.958333492279053,0.2083333432674408,0.0,0.8333333730697632
No action rate,p6vbd18i,2026-07-17_17-50-34_05_04_gmr_no_action_rate_seed_42_iter_1000_20260717T143245Z,873,19.768334721326827,463.74,1.5132468938827515,0.30193695425987244,0.1314902901649475,0.08586131036281586,0.5569756627082825,0.8882439136505127,9.471565246582031,327.00262451171875,0.0066859046928584576,0.0018586924998089671,6.458333492279053,0.1666666716337204,0.0,1.0416667461395264
No action rate,p6vbd18i,2026-07-17_17-50-34_05_04_gmr_no_action_rate_seed_42_iter_1000_20260717T143245Z,874,19.42119469702244,457.39,1.5135821104049683,0.2957744598388672,0.1326422542333603,0.08494647592306137,0.5488405227661133,0.8573808670043945,9.406412124633789,326.42425537109375,0.006040028762072325,0.0015800895635038614,7.458333492279053,0.25,0.0,1.2916667461395264
No action rate,p6vbd18i,2026-07-17_17-50-34_05_04_gmr_no_action_rate_seed_42_iter_1000_20260717T143245Z,875,18.781056952178478,442.03,1.5138816833496094,0.31309443712234497,0.13384073972702026,0.08586052060127258,0.5577977895736694,0.8665627837181091,9.381979942321777,324.34466552734375,0.006160847842693329,0.002142652403563261,7.458333492279053,0.25,0.0,1.4583333730697632
No action rate,p6vbd18i,2026-07-17_17-50-34_05_04_gmr_no_action_rate_seed_42_iter_1000_20260717T143245Z,876,19.347222263216974,461.21,1.5142592191696167,0.3190363645553589,0.1324467808008194,0.08497197926044464,0.5550724267959595,0.861103892326355,9.368245124816895,326.10870361328125,0.005031098611652851,0.0010665610898286104,7.875,0.375,0.0,1.1666667461395264
No action rate,p6vbd18i,2026-07-17_17-50-34_05_04_gmr_no_action_rate_seed_42_iter_1000_20260717T143245Z,877,20.180067965984346,475.54,1.5145716667175293,0.32872462272644043,0.12788335978984833,0.08396987617015839,0.5447496771812439,0.8528788089752197,9.316169738769531,325.00299072265625,0.004807920195162296,0.0015882052248343825,8.666666984558105,0.2083333432674408,0.0,1.0833333730697632
No action rate,p6vbd18i,2026-07-17_17-50-34_05_04_gmr_no_action_rate_seed_42_iter_1000_20260717T143245Z,878,18.97341389209032,446.57,1.5147459506988525,0.30760857462882996,0.1333734393119812,0.08527475595474243,0.5573992729187012,0.8646639585494995,9.379009246826172,325.14434814453125,0.005713804624974728,0.0012624989030882716,7.708333492279053,0.375,0.0,1.4583333730697632
No action rate,p6vbd18i,2026-07-17_17-50-34_05_04_gmr_no_action_rate_seed_42_iter_1000_20260717T143245Z,879,18.821739618778228,440.54,1.5150742530822754,0.31117403507232666,0.1304885447025299,0.08427588641643524,0.552780032157898,0.8564836382865906,9.347623825073242,324.63531494140625,0.004866114351898432,0.0010759923607110977,7.1666669845581055,0.125,0.0,1.1666667461395264
No action rate,p6vbd18i,2026-07-17_17-50-34_05_04_gmr_no_action_rate_seed_42_iter_1000_20260717T143245Z,880,20.12033016085625,472.2,1.5154848098754883,0.30526554584503174,0.13084110617637634,0.0852593407034874,0.5566926598548889,0.8604902029037476,9.379051208496094,325.6459045410156,0.005317916162312031,0.0022847731597721577,8.208333969116211,0.2083333432674408,0.0,1.0833333730697632
No action rate,p6vbd18i,2026-07-17_17-50-34_05_04_gmr_no_action_rate_seed_42_iter_1000_20260717T143245Z,881,19.548639470636843,452.83,1.515612006187439,0.3033792972564697,0.13245889544487,0.08429662883281708,0.5514265894889832,0.857458233833313,9.378697395324707,325.67303466796875,0.005429762415587902,0.001413961872458458,6.4166669845581055,0.2083333432674408,0.0,0.875
No action rate,p6vbd18i,2026-07-17_17-50-34_05_04_gmr_no_action_rate_seed_42_iter_1000_20260717T143245Z,882,19.27444059967995,452.88,1.5160560607910156,0.3105683922767639,0.13162069022655487,0.0849251002073288,0.5570244789123535,0.8678478002548218,9.424690246582031,326.84576416015625,0.0057357000187039375,0.0018825784791260958,7.458333492279053,0.125,0.0,1.2916667461395264
No action rate,p6vbd18i,2026-07-17_17-50-34_05_04_gmr_no_action_rate_seed_42_iter_1000_20260717T143245Z,883,19.21270045697689,453.3,1.5165103673934937,0.3106953501701355,0.131522536277771,0.08427661657333374,0.5473083257675171,0.8520305156707764,9.372730255126953,326.00067138671875,0.004762589931488037,0.0011583945015445352,7.583333492279053,0.2083333432674408,0.0,1.0833333730697632
No action rate,p6vbd18i,2026-07-17_17-50-34_05_04_gmr_no_action_rate_seed_42_iter_1000_20260717T143245Z,884,20.070737854242324,469.2,1.5171178579330444,0.30250275135040283,0.13504266738891602,0.08553719520568848,0.5538280606269836,0.8639364242553711,9.40998649597168,327.252685546875,0.00678659975528717,0.0014044898562133312,8.25,0.25,0.0,1.2916667461395264
No action rate,p6vbd18i,2026-07-17_17-50-34_05_04_gmr_no_action_rate_seed_42_iter_1000_20260717T143245Z,885,20.241015919446944,471.77,1.5174444913864136,0.3077266812324524,0.12873977422714233,0.08404204249382019,0.5474736094474792,0.8515521883964539,9.354278564453125,327.03497314453125,0.004766251891851425,0.0017500281101092696,8.25,0.2083333432674408,0.0,1.0
No action rate,p6vbd18i,2026-07-17_17-50-34_05_04_gmr_no_action_rate_seed_42_iter_1000_20260717T143245Z,886,19.937124263197184,467.19,1.5176342725753784,0.3013765811920166,0.1312016099691391,0.08490589261054993,0.5543972253799438,0.8559536337852478,9.391702651977539,327.05291748046875,0.005749167408794165,0.0011452686740085483,7.125,0.3333333432674408,0.0,0.75
No action rate,p6vbd18i,2026-07-17_17-50-34_05_04_gmr_no_action_rate_seed_42_iter_1000_20260717T143245Z,887,19.617284370660784,462.4,1.5177522897720337,0.30015113949775696,0.12869340181350708,0.08394186198711395,0.5466964840888977,0.8469440937042236,9.317180633544922,326.3274230957031,0.004466853570193052,0.0024874804075807333,8.0,0.3333333432674408,0.0,0.9583333730697632
No action rate,p6vbd18i,2026-07-17_17-50-34_05_04_gmr_no_action_rate_seed_42_iter_1000_20260717T143245Z,888,19.08793476641178,447.44,1.5176100730895996,0.30404990911483765,0.12833590805530548,0.08372122049331665,0.549583375453949,0.8502035140991211,9.343912124633789,326.8893737792969,0.004777752794325352,0.002053302014246583,7.5,0.0833333358168602,0.0,0.9583333730697632
No action rate,p6vbd18i,2026-07-17_17-50-34_05_04_gmr_no_action_rate_seed_42_iter_1000_20260717T143245Z,889,19.924037787914276,462.9,1.5178301334381104,0.3027312457561493,0.13027016818523407,0.0841384157538414,0.541934609413147,0.8526303172111511,9.33102035522461,327.9742431640625,0.004629308357834816,0.0023186998441815376,6.6666669845581055,0.2083333432674408,0.0,0.7916666865348816
No action rate,p6vbd18i,2026-07-17_17-50-34_05_04_gmr_no_action_rate_seed_42_iter_1000_20260717T143245Z,890,19.93490826010704,464.65,1.5182496309280396,0.3150160312652588,0.12698663771152496,0.08373013138771057,0.5427911281585693,0.8475596308708191,9.334842681884766,327.046142578125,0.0041252183727920055,0.0011503574205562472,7.875,0.0833333358168602,0.0,1.125
No action rate,p6vbd18i,2026-07-17_17-50-34_05_04_gmr_no_action_rate_seed_42_iter_1000_20260717T143245Z,891,20.932560176253318,480.8,1.5185834169387817,0.2985391616821289,0.12648732960224152,0.08316811174154282,0.5435547828674316,0.8438634872436523,9.296976089477539,326.94769287109375,0.004765110090374947,0.0012537643779069185,8.333333969116211,0.1666666716337204,0.0,0.5
No action rate,p6vbd18i,2026-07-17_17-50-34_05_04_gmr_no_action_rate_seed_42_iter_1000_20260717T143245Z,892,19.763451734185217,454.5,1.5187827348709106,0.29466766119003296,0.1360253542661667,0.08487983793020248,0.5478627681732178,0.8543866872787476,9.333772659301758,326.19012451171875,0.005123574286699295,0.0015476224943995476,7.2916669845581055,0.3333333432674408,0.0,0.875
No action rate,p6vbd18i,2026-07-17_17-50-34_05_04_gmr_no_action_rate_seed_42_iter_1000_20260717T143245Z,893,19.89227193966508,462.95,1.5189577341079712,0.30132386088371277,0.13413584232330322,0.08465857803821564,0.5504639148712158,0.8504132032394409,9.337535858154297,327.54620361328125,0.00580050703138113,0.0013315327232703567,7.4166669845581055,0.3333333432674408,0.0,0.9583333730697632
No action rate,p6vbd18i,2026-07-17_17-50-34_05_04_gmr_no_action_rate_seed_42_iter_1000_20260717T143245Z,894,19.99079008758068,467.71,1.5194640159606934,0.3028179407119751,0.13140593469142914,0.08431088924407959,0.5478748083114624,0.8590983152389526,9.3580322265625,327.10369873046875,0.005132741294801235,0.001198158017359674,6.458333492279053,0.1666666716337204,0.0,0.9583333730697632
No action rate,p6vbd18i,2026-07-17_17-50-34_05_04_gmr_no_action_rate_seed_42_iter_1000_20260717T143245Z,895,19.54309961408377,457.64,1.5198763608932495,0.2941887378692627,0.1310238093137741,0.0828227698802948,0.5403603315353394,0.8461652994155884,9.32390308380127,326.734619140625,0.004620315507054329,0.001459286897443235,7.25,0.125,0.0,1.0833333730697632
No action rate,p6vbd18i,2026-07-17_17-50-34_05_04_gmr_no_action_rate_seed_42_iter_1000_20260717T143245Z,896,20.218280239701272,473.17,1.5203955173492432,0.3122669458389282,0.13005869090557098,0.08433973789215088,0.5417084097862244,0.8508709669113159,9.359642028808594,328.01055908203125,0.0049486830830574036,0.0011311867274343967,8.25,0.25,0.0,1.0416667461395264
No action rate,p6vbd18i,2026-07-17_17-50-34_05_04_gmr_no_action_rate_seed_42_iter_1000_20260717T143245Z,897,20.26343930661678,472.74,1.5208491086959839,0.3038477599620819,0.13098636269569397,0.08430851995944977,0.5454511642456055,0.8542757034301758,9.357690811157227,327.9056396484375,0.005835383199155331,0.0012329283636063337,8.208333969116211,0.25,0.0,1.0
No action rate,p6vbd18i,2026-07-17_17-50-34_05_04_gmr_no_action_rate_seed_42_iter_1000_20260717T143245Z,898,19.00831181526184,442.85,1.5211892127990723,0.30026254057884216,0.1292111724615097,0.08388559520244598,0.5426269769668579,0.8483700752258301,9.339865684509277,326.9307861328125,0.0052544414065778255,0.0015709700528532267,9.25,0.2916666865348816,0.0,1.25
No action rate,p6vbd18i,2026-07-17_17-50-34_05_04_gmr_no_action_rate_seed_42_iter_1000_20260717T143245Z,899,19.257810947299003,455.02,1.521471381187439,0.3172357380390167,0.13178259134292603,0.08482882380485535,0.5551089644432068,0.8565953969955444,9.379364967346191,328.27978515625,0.00520127359777689,0.0014468299923464656,7.458333492279053,0.3333333432674408,0.0,0.875
No action rate,p6vbd18i,2026-07-17_17-50-34_05_04_gmr_no_action_rate_seed_42_iter_1000_20260717T143245Z,900,19.70391137957573,460.85,1.521876573562622,0.30184218287467957,0.12713244557380676,0.08318217098712921,0.5415726900100708,0.8470897674560547,9.359128952026367,327.1985778808594,0.004668074194341898,0.0015698941424489021,7.6666669845581055,0.125,0.0,1.0833333730697632
No action rate,p6vbd18i,2026-07-17_17-50-34_05_04_gmr_no_action_rate_seed_42_iter_1000_20260717T143245Z,901,19.001369619295,444.51,1.5224661827087402,0.3030617833137512,0.13294556736946106,0.08500014245510101,0.5475568175315857,0.8622507452964783,9.407987594604492,329.50408935546875,0.005677197128534317,0.001600166317075491,8.125,0.4583333432674408,0.0,1.1666667461395264
No action rate,p6vbd18i,2026-07-17_17-50-34_05_04_gmr_no_action_rate_seed_42_iter_1000_20260717T143245Z,902,19.816838417053223,461.49,1.5227997303009033,0.29397401213645935,0.12867027521133423,0.0840507373213768,0.5440665483474731,0.8485402464866638,9.359108924865723,327.4051818847656,0.0052008358761668205,0.0010149970185011625,6.625,0.2083333432674408,0.0,1.0833333730697632
No action rate,p6vbd18i,2026-07-17_17-50-34_05_04_gmr_no_action_rate_seed_42_iter_1000_20260717T143245Z,903,20.15326950468123,468.81,1.5232949256896973,0.29333198070526123,0.12998977303504944,0.08393829315900803,0.5436414480209351,0.8499078750610352,9.358003616333008,328.60736083984375,0.005295896902680397,0.0015226913383230567,7.9166669845581055,0.25,0.0,0.9583333730697632
No action rate,p6vbd18i,2026-07-17_17-50-34_05_04_gmr_no_action_rate_seed_42_iter_1000_20260717T143245Z,904,20.61734177827835,478.55,1.52390456199646,0.3001997768878937,0.12910299003124237,0.08363567292690277,0.5438859462738037,0.8455003499984741,9.327975273132324,327.87554931640625,0.004714174196124077,0.0013684399891644716,7.4166669845581055,0.1666666716337204,0.0,0.8333333730697632
No action rate,p6vbd18i,2026-07-17_17-50-34_05_04_gmr_no_action_rate_seed_42_iter_1000_20260717T143245Z,905,20.442944317758084,480.14,1.5240892171859741,0.30885016918182373,0.13061338663101196,0.08478263020515442,0.5492073893547058,0.8558292388916016,9.3595552444458,328.8611755371094,0.005112193059176207,0.0016032091807574034,8.75,0.2083333432674408,0.0,0.5833333730697632
No action rate,p6vbd18i,2026-07-17_17-50-34_05_04_gmr_no_action_rate_seed_42_iter_1000_20260717T143245Z,906,20.404786373376847,476.36,1.524169921875,0.29662612080574036,0.13123326003551483,0.08426511287689209,0.5503074526786804,0.860241174697876,9.426899909973145,330.3467712402344,0.005500500556081533,0.0028492589481174946,7.625,0.3333333432674408,0.0,0.7916666865348816
No action rate,p6vbd18i,2026-07-17_17-50-34_05_04_gmr_no_action_rate_seed_42_iter_1000_20260717T143245Z,907,19.498517157435415,454.04,1.5242947340011597,0.31284016370773315,0.13147351145744324,0.08399765938520432,0.543738842010498,0.862605094909668,9.432548522949219,330.21490478515625,0.005852946080267429,0.0024101976305246353,7.1666669845581055,0.1666666716337204,0.0,1.0
No action rate,p6vbd18i,2026-07-17_17-50-34_05_04_gmr_no_action_rate_seed_42_iter_1000_20260717T143245Z,908,20.351076750103385,471.52,1.5245647430419922,0.29809242486953735,0.13266827166080475,0.08480797708034515,0.5484025478363037,0.8617252707481384,9.413345336914062,329.3101501464844,0.006794378161430359,0.0019280873239040375,7.875,0.375,0.0,1.0833333730697632
No action rate,p6vbd18i,2026-07-17_17-50-34_05_04_gmr_no_action_rate_seed_42_iter_1000_20260717T143245Z,909,19.107163193821908,448.61,1.5249030590057373,0.3115108013153076,0.13085542619228363,0.08416333049535751,0.5518526434898376,0.8580101728439331,9.398036003112793,328.789306640625,0.004996719770133495,0.0015785573050379753,7.375,0.3333333432674408,0.0,0.75
No action rate,p6vbd18i,2026-07-17_17-50-34_05_04_gmr_no_action_rate_seed_42_iter_1000_20260717T143245Z,910,19.2358499109745,447.22,1.5252331495285034,0.294883131980896,0.131537064909935,0.08396577835083008,0.5413669347763062,0.8587332963943481,9.41491985321045,331.05908203125,0.005669089965522289,0.0014157553669065237,7.0416669845581055,0.25,0.0,1.0833333730697632
No action rate,p6vbd18i,2026-07-17_17-50-34_05_04_gmr_no_action_rate_seed_42_iter_1000_20260717T143245Z,911,19.909254073798657,465.83,1.5252958536148071,0.2996482849121094,0.13249126076698303,0.08451472967863083,0.555079996585846,0.856731653213501,9.37287712097168,328.7438049316406,0.005158066283911467,0.0019059221958741546,7.5416669845581055,0.25,0.0,1.0416667461395264
No action rate,p6vbd18i,2026-07-17_17-50-34_05_04_gmr_no_action_rate_seed_42_iter_1000_20260717T143245Z,912,19.903708320856094,459.58,1.525741696357727,0.30284878611564636,0.1293116807937622,0.08402298390865326,0.5434486865997314,0.8486112952232361,9.337770462036133,329.8413391113281,0.00431855907663703,0.0012714799959212542,7.208333492279053,0.2916666865348816,0.0,0.7083333730697632
No action rate,p6vbd18i,2026-07-17_17-50-34_05_04_gmr_no_action_rate_seed_42_iter_1000_20260717T143245Z,913,19.516959602832795,455.09,1.5261051654815674,0.293690949678421,0.12891951203346252,0.08412604033946991,0.5468620657920837,0.8486703634262085,9.356903076171875,329.46490478515625,0.005079889204353094,0.0254114530980587,7.9166669845581055,0.25,0.0,0.9583333730697632
No action rate,p6vbd18i,2026-07-17_17-50-34_05_04_gmr_no_action_rate_seed_42_iter_1000_20260717T143245Z,914,19.37269498169422,455.11,1.5263408422470093,0.3054191470146179,0.13214589655399323,0.08440724015235901,0.5513473153114319,0.854642391204834,9.360554695129395,328.8812255859375,0.005507256370037794,0.0019588214345276356,6.708333492279053,0.4583333432674408,0.0,0.9166666865348816
No action rate,p6vbd18i,2026-07-17_17-50-34_05_04_gmr_no_action_rate_seed_42_iter_1000_20260717T143245Z,915,21.03974506855011,482.51,1.5266432762145996,0.310928612947464,0.12621916830539703,0.0826520323753357,0.5377974510192871,0.838350772857666,9.273929595947266,327.7383728027344,0.003832352114841342,0.0018275780603289604,6.708333492279053,0.0833333358168602,0.0,0.5833333730697632
No action rate,p6vbd18i,2026-07-17_17-50-34_05_04_gmr_no_action_rate_seed_42_iter_1000_20260717T143245Z,916,19.824212225675584,469.16,1.5272756814956665,0.3104129731655121,0.13055537641048431,0.08427605032920837,0.5501140356063843,0.8591347932815552,9.394031524658203,330.51617431640625,0.005030341446399689,0.003167141228914261,7.4166669845581055,0.2916666865348816,0.0,0.9583333730697632
No action rate,p6vbd18i,2026-07-17_17-50-34_05_04_gmr_no_action_rate_seed_42_iter_1000_20260717T143245Z,917,19.0268239068985,450.96,1.5278825759887695,0.3027282655239105,0.13088078796863556,0.08465828746557236,0.5496455430984497,0.867977499961853,9.440260887145996,331.5251159667969,0.006357248872518539,0.0015165286604315042,7.75,0.4583333432674408,0.0,1.2916667461395264
No action rate,p6vbd18i,2026-07-17_17-50-34_05_04_gmr_no_action_rate_seed_42_iter_1000_20260717T143245Z,918,20.472263655662537,475.82,1.5283626317977905,0.2986879348754883,0.12680242955684662,0.08371751010417938,0.5428280234336853,0.8369429111480713,9.290891647338867,329.2690734863281,0.004247787408530712,0.0011197734856978059,8.333333969116211,0.1666666716337204,0.0,0.5416666865348816
No action rate,p6vbd18i,2026-07-17_17-50-34_05_04_gmr_no_action_rate_seed_42_iter_1000_20260717T143245Z,919,19.892858267202975,461.53,1.5286928415298462,0.3019920587539673,0.12543725967407227,0.08276752382516861,0.5321416854858398,0.8407308459281921,9.325459480285645,329.3350524902344,0.004425401333719492,0.001457482809200883,9.708333969116211,0.1666666716337204,0.0,0.7916666865348816
No action rate,p6vbd18i,2026-07-17_17-50-34_05_04_gmr_no_action_rate_seed_42_iter_1000_20260717T143245Z,920,19.823582743108272,463.21,1.5286962985992432,0.30436164140701294,0.13096784055233002,0.08399453014135361,0.5436311960220337,0.852299690246582,9.371856689453125,329.1298828125,0.005283140577375889,0.0013332919916138053,8.416666984558105,0.375,0.0,0.9583333730697632
No action rate,p6vbd18i,2026-07-17_17-50-34_05_04_gmr_no_action_rate_seed_42_iter_1000_20260717T143245Z,921,19.82528993368149,459.96,1.5288711786270142,0.3052390217781067,0.12751632928848267,0.0834263414144516,0.5415861010551453,0.8480481505393982,9.355499267578125,331.4621276855469,0.0044314865954220295,0.0010831481777131557,7.625,0.2083333432674408,0.0,0.6666666865348816
No action rate,p6vbd18i,2026-07-17_17-50-34_05_04_gmr_no_action_rate_seed_42_iter_1000_20260717T143245Z,922,20.12992205657065,467.53,1.5291625261306763,0.28632304072380066,0.13411125540733337,0.08455269783735275,0.5623456239700317,0.8562741279602051,9.409866333007812,331.76629638671875,0.006731211207807064,0.0012711775489151478,8.166666984558105,0.3333333432674408,0.0,1.0416667461395264
No action rate,p6vbd18i,2026-07-17_17-50-34_05_04_gmr_no_action_rate_seed_42_iter_1000_20260717T143245Z,923,20.232973858714104,467.94,1.5294774770736694,0.29727107286453247,0.1259775459766388,0.08346843719482422,0.5372589826583862,0.846267580986023,9.334627151489258,331.1290283203125,0.004575295373797417,0.0027404604479670525,6.9166669845581055,0.1666666716337204,0.0,0.9583333730697632
No action rate,p6vbd18i,2026-07-17_17-50-34_05_04_gmr_no_action_rate_seed_42_iter_1000_20260717T143245Z,924,19.30722783356905,449.73,1.5298211574554443,0.2893652319908142,0.1289818435907364,0.08350557088851929,0.540495753288269,0.8475314378738403,9.361964225769043,331.7612609863281,0.00462744478136301,0.001529043773189187,7.6666669845581055,0.2083333432674408,0.0,1.125
No action rate,p6vbd18i,2026-07-17_17-50-34_05_04_gmr_no_action_rate_seed_42_iter_1000_20260717T143245Z,925,20.333117364645005,472.42,1.5302772521972656,0.2970750033855438,0.1284797489643097,0.0839882344007492,0.5444228053092957,0.845511794090271,9.349573135375977,331.50677490234375,0.0044092838652431965,0.001341209514066577,7.5416669845581055,0.4166666865348816,0.0,0.7083333730697632
No action rate,p6vbd18i,2026-07-17_17-50-34_05_04_gmr_no_action_rate_seed_42_iter_1000_20260717T143245Z,926,20.15688080459833,468.5,1.5307108163833618,0.29906463623046875,0.12793122231960297,0.08335189521312714,0.5444396138191223,0.8473860025405884,9.349543571472168,331.4888610839844,0.005360329058021307,0.0015901740407571197,8.125,0.2083333432674408,0.0,0.5833333730697632
No action rate,p6vbd18i,2026-07-17_17-50-34_05_04_gmr_no_action_rate_seed_42_iter_1000_20260717T143245Z,927,19.99750381231308,464.91,1.5312023162841797,0.29562780261039734,0.13085207343101501,0.08464641869068146,0.5516375303268433,0.858799159526825,9.414119720458984,331.96905517578125,0.005366213154047728,0.0015282612293958664,7.4166669845581055,0.3333333432674408,0.0,0.8333333730697632
No action rate,p6vbd18i,2026-07-17_17-50-34_05_04_gmr_no_action_rate_seed_42_iter_1000_20260717T143245Z,928,20.566620494127275,470.06,1.5312530994415283,0.2865411043167114,0.1265253722667694,0.08331955969333649,0.5390505790710449,0.8412351012229919,9.336050033569336,330.9756774902344,0.004308715928345919,0.0011422408279031515,7.5416669845581055,0.25,0.0,0.625
No action rate,p6vbd18i,2026-07-17_17-50-34_05_04_gmr_no_action_rate_seed_42_iter_1000_20260717T143245Z,929,20.240855379104616,470.02,1.5315439701080322,0.29166853427886963,0.12863735854625702,0.08393014967441559,0.5513343214988708,0.8565723299980164,9.348804473876953,330.48016357421875,0.005087999161332846,0.0010487405816093087,7.375,0.2083333432674408,0.0,0.9583333730697632
No action rate,p6vbd18i,2026-07-17_17-50-34_05_04_gmr_no_action_rate_seed_42_iter_1000_20260717T143245Z,930,19.778261717557907,463.85,1.531746506690979,0.2974415123462677,0.13104233145713806,0.08461295068264008,0.5507223010063171,0.8594209551811218,9.401823997497559,331.7684326171875,0.005302999168634415,0.002673044567927718,7.25,0.3333333432674408,0.0,0.875
No action rate,p6vbd18i,2026-07-17_17-50-34_05_04_gmr_no_action_rate_seed_42_iter_1000_20260717T143245Z,931,20.30853623867035,476.53,1.5319782495498657,0.311659038066864,0.12738585472106934,0.08413904905319214,0.5404013395309448,0.8570928573608398,9.375909805297852,332.54327392578125,0.005431468598544598,0.004802382551133633,7.75,0.125,0.0,0.75
No action rate,p6vbd18i,2026-07-17_17-50-34_05_04_gmr_no_action_rate_seed_42_iter_1000_20260717T143245Z,932,19.95826498389244,468.01,1.532305359840393,0.3035009503364563,0.1320037841796875,0.08537968248128891,0.5518918633460999,0.8644930124282837,9.445406913757324,333.29632568359375,0.006339835003018379,0.002273932099342346,7.708333492279053,0.3333333432674408,0.0,0.9583333730697632
No action rate,p6vbd18i,2026-07-17_17-50-34_05_04_gmr_no_action_rate_seed_42_iter_1000_20260717T143245Z,933,19.699028272628784,460.72,1.5325931310653687,0.3034941852092743,0.13042989373207092,0.08402687311172485,0.5408316850662231,0.8518165349960327,9.398957252502441,333.006103515625,0.005152588710188866,0.0012566081713885069,7.0,0.3333333432674408,0.0,0.875
No action rate,p6vbd18i,2026-07-17_17-50-34_05_04_gmr_no_action_rate_seed_42_iter_1000_20260717T143245Z,934,19.93448918581009,463.78,1.5328831672668457,0.3104199171066284,0.12896619737148285,0.08416418731212616,0.5453273057937622,0.8628047704696655,9.420049667358398,332.30645751953125,0.005083182360976934,0.0014993160730227828,7.6666669845581055,0.25,0.0,1.0
No action rate,p6vbd18i,2026-07-17_17-50-34_05_04_gmr_no_action_rate_seed_42_iter_1000_20260717T143245Z,935,20.216756687164306,469.88,1.533051609992981,0.29339122772216797,0.13047534227371216,0.08397000283002853,0.5454429388046265,0.8559955954551697,9.387251853942871,332.907958984375,0.0048173959366977215,0.0016039402689784765,6.7916669845581055,0.25,0.0,0.6666666865348816
No action rate,p6vbd18i,2026-07-17_17-50-34_05_04_gmr_no_action_rate_seed_42_iter_1000_20260717T143245Z,936,20.113176023662092,463.52,1.5334781408309937,0.2836579382419586,0.12703804671764374,0.08331745862960815,0.5397829413414001,0.8455707430839539,9.35745620727539,333.0291442871094,0.005004317965358496,0.005128134042024612,6.708333492279053,0.2083333432674408,0.0,0.8333333730697632
No action rate,p6vbd18i,2026-07-17_17-50-34_05_04_gmr_no_action_rate_seed_42_iter_1000_20260717T143245Z,937,20.290091894865036,471.76,1.533900499343872,0.30655592679977417,0.1268809288740158,0.08329825848340988,0.5374031066894531,0.8510743975639343,9.3758544921875,332.41339111328125,0.005353814922273159,0.0018318870570510626,8.041666984558105,0.2916666865348816,0.0,0.6666666865348816
No action rate,p6vbd18i,2026-07-17_17-50-34_05_04_gmr_no_action_rate_seed_42_iter_1000_20260717T143245Z,938,20.030586004853248,466.31,1.534122109413147,0.2910904884338379,0.1255662441253662,0.08330534398555756,0.5357045531272888,0.8425175547599792,9.360908508300781,333.22357177734375,0.004677370190620422,0.0018961867317557335,8.416666984558105,0.2916666865348816,0.0,0.875
No action rate,p6vbd18i,2026-07-17_17-50-34_05_04_gmr_no_action_rate_seed_42_iter_1000_20260717T143245Z,939,20.040097423791885,465.75,1.5344725847244263,0.28881171345710754,0.1303226351737976,0.08504506945610046,0.5491118431091309,0.8582544326782227,9.41650390625,334.0870666503906,0.006406553089618683,0.0014907519798725843,8.125,0.3333333432674408,0.0,1.0833333730697632
No action rate,p6vbd18i,2026-07-17_17-50-34_05_04_gmr_no_action_rate_seed_42_iter_1000_20260717T143245Z,940,19.856597003936766,464.83,1.5347893238067627,0.304563045501709,0.1277255415916443,0.08443129062652588,0.5487610101699829,0.8612868785858154,9.423518180847168,335.07928466796875,0.005401897244155407,0.0013189588207751513,8.916666984558105,0.2916666865348816,0.0,0.875
No action rate,p6vbd18i,2026-07-17_17-50-34_05_04_gmr_no_action_rate_seed_42_iter_1000_20260717T143245Z,941,20.759974238872527,484.04,1.5350431203842163,0.2877826690673828,0.12628130614757538,0.08316530287265778,0.5354498624801636,0.8452078700065613,9.3488130569458,334.3154296875,0.00497976690530777,0.0016125317197293043,8.375,0.125,0.0,0.7916666865348816
No action rate,p6vbd18i,2026-07-17_17-50-34_05_04_gmr_no_action_rate_seed_42_iter_1000_20260717T143245Z,942,21.076658271551132,487.2,1.5355596542358398,0.2929098308086395,0.1260775774717331,0.08321790397167206,0.5411995649337769,0.8459100723266602,9.368827819824219,333.82952880859375,0.004563974682241678,0.0017395199974998832,7.958333492279053,0.25,0.0,0.7916666865348816
No action rate,p6vbd18i,2026-07-17_17-50-34_05_04_gmr_no_action_rate_seed_42_iter_1000_20260717T143245Z,943,20.045603530108927,461.88,1.5360252857208252,0.2877146005630493,0.13016989827156067,0.08387447893619537,0.5450602769851685,0.8529386520385742,9.422540664672852,334.2673034667969,0.005353621207177639,0.0015131651889532804,7.958333492279053,0.2916666865348816,0.0,1.125
No action rate,p6vbd18i,2026-07-17_17-50-34_05_04_gmr_no_action_rate_seed_42_iter_1000_20260717T143245Z,944,20.398978129029274,474.89,1.5363885164260864,0.30287161469459534,0.1271715760231018,0.08350466936826706,0.5415349006652832,0.8586744666099548,9.400251388549805,334.48638916015625,0.00546332448720932,0.001537617645226419,7.25,0.2083333432674408,0.0,0.9166666865348816
No action rate,p6vbd18i,2026-07-17_17-50-34_05_04_gmr_no_action_rate_seed_42_iter_1000_20260717T143245Z,945,19.78843418955803,455.55,1.5367628335952759,0.2955078184604645,0.12612156569957733,0.08321636915206909,0.5386596918106079,0.8479720950126648,9.3574800491333,333.80047607421875,0.004741751588881016,0.001253341673873365,7.333333492279053,0.125,0.0,0.9583333730697632
No action rate,p6vbd18i,2026-07-17_17-50-34_05_04_gmr_no_action_rate_seed_42_iter_1000_20260717T143245Z,946,20.078535649180413,467.12,1.536989450454712,0.29107600450515747,0.1261373609304428,0.0833517536520958,0.5425076484680176,0.8420109748840332,9.347010612487793,334.23614501953125,0.004645378328859806,0.0016658155946061015,7.7916669845581055,0.3333333432674408,0.0,0.4166666865348816
No action rate,p6vbd18i,2026-07-17_17-50-34_05_04_gmr_no_action_rate_seed_42_iter_1000_20260717T143245Z,947,19.91385059773922,458.83,1.5372318029403687,0.2819976806640625,0.12931706011295319,0.08420239388942719,0.5434281826019287,0.8558148145675659,9.413092613220215,334.2718811035156,0.005522481631487608,0.0012707016430795193,8.041666984558105,0.2083333432674408,0.0,1.2916667461395264
No action rate,p6vbd18i,2026-07-17_17-50-34_05_04_gmr_no_action_rate_seed_42_iter_1000_20260717T143245Z,948,19.452343579679727,449.97,1.537558674812317,0.2946101427078247,0.12824617326259613,0.08332967013120651,0.5434136390686035,0.8545317649841309,9.4042387008667,335.17437744140625,0.004654193762689829,0.0014571736101061106,7.375,0.2083333432674408,0.0,1.125
No action rate,p6vbd18i,2026-07-17_17-50-34_05_04_gmr_no_action_rate_seed_42_iter_1000_20260717T143245Z,949,20.26502434670925,468.37,1.5379329919815063,0.285274863243103,0.12818968296051025,0.08351253718137741,0.5485926866531372,0.8475314974784851,9.380979537963867,334.2333068847656,0.005035126116126776,0.001311466097831726,7.4166669845581055,0.25,0.0,1.0833333730697632
No action rate,p6vbd18i,2026-07-17_17-50-34_05_04_gmr_no_action_rate_seed_42_iter_1000_20260717T143245Z,950,20.55006354570389,476.12,1.5381494760513306,0.28878629207611084,0.12849515676498413,0.0840698778629303,0.5480632781982422,0.8562898635864258,9.380196571350098,335.38897705078125,0.004859141539782286,0.005625811871141195,7.375,0.1666666716337204,0.0,0.9166666865348816
No action rate,p6vbd18i,2026-07-17_17-50-34_05_04_gmr_no_action_rate_seed_42_iter_1000_20260717T143245Z,951,19.748987112641334,457.22,1.5383158922195435,0.2839062213897705,0.12683835625648499,0.08378545939922333,0.5383232831954956,0.85573810338974,9.413698196411133,335.7265625,0.005531957373023033,0.0016137107741087675,6.9166669845581055,0.2916666865348816,0.0,1.1666667461395264
No action rate,p6vbd18i,2026-07-17_17-50-34_05_04_gmr_no_action_rate_seed_42_iter_1000_20260717T143245Z,952,20.077787141576408,464.51,1.5386489629745483,0.30061715841293335,0.12388664484024048,0.0826496109366417,0.5348812937736511,0.8361696600914001,9.312735557556152,334.1932678222656,0.004320324864238501,0.0013875168515369296,7.958333492279053,0.1666666716337204,0.0,1.0
No action rate,p6vbd18i,2026-07-17_17-50-34_05_04_gmr_no_action_rate_seed_42_iter_1000_20260717T143245Z,953,20.931633670330047,483.64,1.5391396284103394,0.2929784953594208,0.12438976019620895,0.08253826200962067,0.5357460975646973,0.8426477313041687,9.341113090515137,334.9212341308594,0.004593411460518837,0.001254039816558361,7.625,0.125,0.0,0.8333333730697632
No action rate,p6vbd18i,2026-07-17_17-50-34_05_04_gmr_no_action_rate_seed_42_iter_1000_20260717T143245Z,954,19.132827771306037,442.76,1.53944993019104,0.28977298736572266,0.13158868253231049,0.08471240848302841,0.5497980713844299,0.8602089881896973,9.495820045471191,336.17694091796875,0.0070696985349059105,0.0010819166200235486,6.875,0.2083333432674408,0.0,1.5833333730697632
No action rate,p6vbd18i,2026-07-17_17-50-34_05_04_gmr_no_action_rate_seed_42_iter_1000_20260717T143245Z,955,19.92551307976246,458.5,1.5396409034729004,0.2848894000053406,0.12487249821424484,0.08276088535785675,0.5337504148483276,0.8434352278709412,9.365249633789062,335.20068359375,0.004996221046894789,0.001590724103152752,7.458333492279053,0.2083333432674408,0.0,1.0833333730697632
No action rate,p6vbd18i,2026-07-17_17-50-34_05_04_gmr_no_action_rate_seed_42_iter_1000_20260717T143245Z,956,19.047806394696234,438.64,1.5398451089859009,0.28901398181915283,0.13224899768829346,0.08446455001831055,0.5468513369560242,0.8608431816101074,9.455718040466309,337.0115661621094,0.006171694956719875,0.0016475761076435447,6.583333492279053,0.5833333730697632,0.0,0.9583333730697632
No action rate,p6vbd18i,2026-07-17_17-50-34_05_04_gmr_no_action_rate_seed_42_iter_1000_20260717T143245Z,957,19.953195412158966,460.79,1.5402113199234009,0.29093700647354126,0.12722526490688324,0.08336594700813293,0.5354607105255127,0.8430739641189575,9.400131225585938,336.8132629394531,0.0051043108105659485,0.0015716326888650656,6.583333492279053,0.2916666865348816,0.0,0.7083333730697632
No action rate,p6vbd18i,2026-07-17_17-50-34_05_04_gmr_no_action_rate_seed_42_iter_1000_20260717T143245Z,958,20.19546549215913,465.81,1.540614366531372,0.30380821228027344,0.1307213008403778,0.08416531980037689,0.5384476780891418,0.8601474761962891,9.405400276184082,336.7866516113281,0.006260633002966642,0.00255564134567976,7.958333492279053,0.375,0.0,1.0416667461395264
No action rate,p6vbd18i,2026-07-17_17-50-34_05_04_gmr_no_action_rate_seed_42_iter_1000_20260717T143245Z,959,20.953180466294288,483.42,1.5409973859786987,0.2911618947982788,0.12587369978427887,0.08291041851043701,0.5415632724761963,0.8347142934799194,9.34156608581543,335.5290222167969,0.004047076217830181,0.0008935725782066584,8.333333969116211,0.125,0.0,0.5416666865348816
No action rate,p6vbd18i,2026-07-17_17-50-34_05_04_gmr_no_action_rate_seed_42_iter_1000_20260717T143245Z,960,20.02472752571106,466.76,1.5415188074111938,0.29829928278923035,0.12905749678611755,0.08385422080755234,0.5390806794166565,0.8482524156570435,9.381032943725586,336.5807189941406,0.0052800714038312435,0.0026846572291105986,8.541666984558105,0.3333333432674408,0.0,0.7916666865348816
No action rate,p6vbd18i,2026-07-17_17-50-34_05_04_gmr_no_action_rate_seed_42_iter_1000_20260717T143245Z,961,19.451343265771865,451.77,1.5417202711105347,0.2902000844478607,0.1284930258989334,0.08340825885534286,0.5390974283218384,0.8521496653556824,9.436592102050781,335.92645263671875,0.00542550440877676,0.001902046031318605,8.75,0.1666666716337204,0.0,1.0833333730697632
No action rate,p6vbd18i,2026-07-17_17-50-34_05_04_gmr_no_action_rate_seed_42_iter_1000_20260717T143245Z,962,20.293407313227654,463.85,1.5417892932891846,0.2786306142807007,0.12901006639003754,0.08262555301189423,0.5396518707275391,0.8391722440719604,9.342061996459961,335.2275390625,0.004770900588482618,0.0014199605211615562,8.0,0.2916666865348816,0.0,0.8333333730697632
No action rate,p6vbd18i,2026-07-17_17-50-34_05_04_gmr_no_action_rate_seed_42_iter_1000_20260717T143245Z,963,21.124637375473977,488.12,1.542023777961731,0.288213849067688,0.12643322348594666,0.08267457783222198,0.5365538597106934,0.8437010049819946,9.352668762207031,335.7063903808594,0.004710488952696323,0.001438598963432014,8.208333969116211,0.2083333432674408,0.0,0.5416666865348816
No action rate,p6vbd18i,2026-07-17_17-50-34_05_04_gmr_no_action_rate_seed_42_iter_1000_20260717T143245Z,964,19.62723343193531,454.13,1.5420726537704468,0.29324162006378174,0.1303892433643341,0.08406972885131836,0.5475261211395264,0.8556286692619324,9.445976257324219,337.32574462890625,0.0057379091158509254,0.0014235902344807982,7.5,0.2916666865348816,0.0,0.875
No action rate,p6vbd18i,2026-07-17_17-50-34_05_04_gmr_no_action_rate_seed_42_iter_1000_20260717T143245Z,965,19.841582930982113,461.77,1.5422749519348145,0.29023343324661255,0.1294393539428711,0.08342726528644562,0.5401092767715454,0.8509640693664551,9.425545692443848,337.9746398925781,0.00561513751745224,0.0018722815439105034,7.333333492279053,0.3333333432674408,0.0,0.7083333730697632
No action rate,p6vbd18i,2026-07-17_17-50-34_05_04_gmr_no_action_rate_seed_42_iter_1000_20260717T143245Z,966,19.491527500748635,456.12,1.5425832271575928,0.299251914024353,0.1280764788389206,0.08295603096485138,0.5345994234085083,0.8550512194633484,9.415531158447266,338.15997314453125,0.0048565007746219635,0.0016657046508044004,7.5416669845581055,0.3333333432674408,0.0,1.375
No action rate,p6vbd18i,2026-07-17_17-50-34_05_04_gmr_no_action_rate_seed_42_iter_1000_20260717T143245Z,967,20.660380392670632,475.67,1.5428987741470337,0.2873692810535431,0.12487362325191498,0.08274182677268982,0.5334756374359131,0.8414647579193115,9.367793083190918,337.9067077636719,0.004549151286482811,0.0011625320184975863,7.958333492279053,0.25,0.0,0.9166666865348816
No action rate,p6vbd18i,2026-07-17_17-50-34_05_04_gmr_no_action_rate_seed_42_iter_1000_20260717T143245Z,968,19.977939526289703,458.9,1.543546438217163,0.27495384216308594,0.12687699496746063,0.08304809033870697,0.5351279973983765,0.8374660015106201,9.35931396484375,337.5334777832031,0.005357246845960617,0.0006294904742389917,8.125,0.1666666716337204,0.0,0.875
No action rate,p6vbd18i,2026-07-17_17-50-34_05_04_gmr_no_action_rate_seed_42_iter_1000_20260717T143245Z,969,19.72300640836358,456.24,1.5439348220825195,0.2715635597705841,0.13197538256645203,0.08424171805381775,0.5440250635147095,0.8500427603721619,9.460051536560059,339.93292236328125,0.006402601953595877,0.0011352465953677893,8.0,0.4166666865348816,0.0,1.1666667461395264
No action rate,p6vbd18i,2026-07-17_17-50-34_05_04_gmr_no_action_rate_seed_42_iter_1000_20260717T143245Z,970,20.619162648916245,471.64,1.543997883796692,0.27366864681243896,0.1264517903327942,0.08275739848613739,0.5354954600334167,0.8397270441055298,9.38456916809082,338.89044189453125,0.004980334080755711,0.000990280881524086,7.625,0.1666666716337204,0.0,0.6666666865348816
No action rate,p6vbd18i,2026-07-17_17-50-34_05_04_gmr_no_action_rate_seed_42_iter_1000_20260717T143245Z,971,20.595511150360107,480.78,1.5442001819610596,0.29288777709007263,0.1272030621767044,0.08270745724439621,0.5348706841468811,0.8408641219139099,9.350624084472656,337.9949645996094,0.004663587547838688,0.001348226680420339,7.25,0.125,0.0,0.75
No action rate,p6vbd18i,2026-07-17_17-50-34_05_04_gmr_no_action_rate_seed_42_iter_1000_20260717T143245Z,972,20.42711517691612,472.93,1.5446255207061768,0.3019718527793884,0.12860283255577087,0.08382295817136765,0.5440248847007751,0.8642639517784119,9.46518611907959,340.2003173828125,0.005762807093560696,0.001383683062158525,7.333333492279053,0.3333333432674408,0.0,1.0
No action rate,p6vbd18i,2026-07-17_17-50-34_05_04_gmr_no_action_rate_seed_42_iter_1000_20260717T143245Z,973,20.190094465017317,464.45,1.5453625917434692,0.28209590911865234,0.12673801183700562,0.0834471806883812,0.5335683822631836,0.840603232383728,9.375003814697266,339.8072509765625,0.005358563736081123,0.0011978275142610073,7.583333492279053,0.125,0.0,1.0833333730697632
No action rate,p6vbd18i,2026-07-17_17-50-34_05_04_gmr_no_action_rate_seed_42_iter_1000_20260717T143245Z,974,20.448544120788576,472.01,1.5456840991973877,0.2951591908931732,0.125985786318779,0.0823906660079956,0.5325879454612732,0.8434869647026062,9.415298461914062,339.9600524902344,0.005006446968764067,0.0010007000528275967,7.4166669845581055,0.0416666679084301,0.0,0.7916666865348816
No action rate,p6vbd18i,2026-07-17_17-50-34_05_04_gmr_no_action_rate_seed_42_iter_1000_20260717T143245Z,975,20.47412885427475,471.26,1.5460548400878906,0.2909964323043823,0.12396740913391113,0.08194142580032349,0.5304514765739441,0.8356691598892212,9.368431091308594,338.78533935546875,0.004306731279939413,0.0012181843630969524,7.7916669845581055,0.0833333358168602,0.0,0.5833333730697632
No action rate,p6vbd18i,2026-07-17_17-50-34_05_04_gmr_no_action_rate_seed_42_iter_1000_20260717T143245Z,976,19.62475213587284,449.54,1.5464730262756348,0.2867890000343323,0.12668552994728088,0.08284948766231537,0.5299625396728516,0.85200035572052,9.422039031982422,339.11773681640625,0.005628594662994146,0.0015347050502896309,7.458333492279053,0.3333333432674408,0.0,0.8333333730697632
No action rate,p6vbd18i,2026-07-17_17-50-34_05_04_gmr_no_action_rate_seed_42_iter_1000_20260717T143245Z,977,19.404369619339704,444.98,1.5472705364227295,0.29411134123802185,0.13012367486953735,0.08399516344070435,0.5416848063468933,0.8734731078147888,9.55213451385498,341.80841064453125,0.007085843943059444,0.001456205965951085,6.583333492279053,0.1666666716337204,0.0,1.25
No action rate,p6vbd18i,2026-07-17_17-50-34_05_04_gmr_no_action_rate_seed_42_iter_1000_20260717T143245Z,978,20.516772862672806,476.6,1.547839641571045,0.3090440630912781,0.1252610683441162,0.08265997469425201,0.5336818695068359,0.8416387438774109,9.361579895019531,338.4644775390625,0.004853788763284683,0.0012550514657050371,7.125,0.1666666716337204,0.0,0.4583333432674408
No action rate,p6vbd18i,2026-07-17_17-50-34_05_04_gmr_no_action_rate_seed_42_iter_1000_20260717T143245Z,979,19.71526171416044,451.53,1.548322319984436,0.27945029735565186,0.12656152248382568,0.08263842761516571,0.5287909507751465,0.8373899459838867,9.36939811706543,340.9173278808594,0.0050971535965800285,0.002033829689025879,7.958333492279053,0.375,0.0,1.0
No action rate,p6vbd18i,2026-07-17_17-50-34_05_04_gmr_no_action_rate_seed_42_iter_1000_20260717T143245Z,980,20.35890022277832,469.08,1.5485594272613525,0.2939246892929077,0.12816894054412842,0.08329235017299652,0.5414839386940002,0.8514373302459717,9.439733505249023,341.8189392089844,0.005652762018144131,0.002097255550324917,7.7916669845581055,0.2083333432674408,0.0,0.8333333730697632
No action rate,p6vbd18i,2026-07-17_17-50-34_05_04_gmr_no_action_rate_seed_42_iter_1000_20260717T143245Z,981,21.043472359180452,481.97,1.5488775968551636,0.28650134801864624,0.1241394579410553,0.08170454204082489,0.5239391326904297,0.8388156890869141,9.360573768615723,339.2380065917969,0.005050039850175381,0.0014089399483054876,9.0,0.2083333432674408,0.0,0.75
No action rate,p6vbd18i,2026-07-17_17-50-34_05_04_gmr_no_action_rate_seed_42_iter_1000_20260717T143245Z,982,20.61980040490627,469.54,1.5490385293960571,0.27404215931892395,0.12220549583435059,0.08153697848320007,0.5268439650535583,0.8331893682479858,9.361276626586914,340.9956970214844,0.004892570897936821,0.003924296237528324,8.458333969116211,0.0416666679084301,0.0,0.75
No action rate,p6vbd18i,2026-07-17_17-50-34_05_04_gmr_no_action_rate_seed_42_iter_1000_20260717T143245Z,983,19.846860216856,460.14,1.5493288040161133,0.27837270498275757,0.1277046501636505,0.08293957263231277,0.5390185117721558,0.8498679995536804,9.434722900390625,340.21807861328125,0.005408817436546087,0.0014195742551237345,8.0,0.0833333358168602,0.0,0.8333333730697632
No action rate,p6vbd18i,2026-07-17_17-50-34_05_04_gmr_no_action_rate_seed_42_iter_1000_20260717T143245Z,984,20.56030625283718,471.66,1.5495703220367432,0.2719154357910156,0.12585321068763733,0.08238878101110458,0.5355315208435059,0.839864194393158,9.426407814025879,341.24029541015625,0.005049234256148338,0.0011505576549097896,7.75,0.4583333432674408,0.0,0.9583333730697632
No action rate,p6vbd18i,2026-07-17_17-50-34_05_04_gmr_no_action_rate_seed_42_iter_1000_20260717T143245Z,985,19.928195371031762,456.21,1.549862027168274,0.27238988876342773,0.1278563141822815,0.0826120376586914,0.5328496098518372,0.8444878458976746,9.448478698730469,341.77984619140625,0.005935579538345337,0.0015489587094634771,7.333333492279053,0.0833333358168602,0.0,0.9583333730697632
No action rate,p6vbd18i,2026-07-17_17-50-34_05_04_gmr_no_action_rate_seed_42_iter_1000_20260717T143245Z,986,20.217859464883805,463.71,1.549979567527771,0.280514657497406,0.12376266717910767,0.08242964744567871,0.5305132865905762,0.8403951525688171,9.36469841003418,341.0580749511719,0.00484707485884428,0.0015105537604540586,7.708333492279053,0.125,0.0,0.8333333730697632
No action rate,p6vbd18i,2026-07-17_17-50-34_05_04_gmr_no_action_rate_seed_42_iter_1000_20260717T143245Z,987,20.40638344824314,464.54,1.5501827001571655,0.2703946530818939,0.12384000420570374,0.08161350339651108,0.5283679962158203,0.8297289609909058,9.364835739135742,340.4141540527344,0.004322526045143604,0.0009342528646811843,7.625,0.0416666679084301,0.0,0.875
No action rate,p6vbd18i,2026-07-17_17-50-34_05_04_gmr_no_action_rate_seed_42_iter_1000_20260717T143245Z,988,20.577023873478176,474.26,1.5502859354019165,0.2774166464805603,0.12807181477546692,0.08274402469396591,0.5395712852478027,0.8496584892272949,9.44080638885498,340.74993896484375,0.005974819418042898,0.0012753349728882313,8.125,0.2083333432674408,0.0,0.7916666865348816
No action rate,p6vbd18i,2026-07-17_17-50-34_05_04_gmr_no_action_rate_seed_42_iter_1000_20260717T143245Z,989,20.50151933647692,469.25,1.5506008863449097,0.2801182270050049,0.1265188455581665,0.08385743200778961,0.5362454056739807,0.8481317758560181,9.428886413574219,341.73724365234375,0.005887862294912338,0.0012237201444804668,8.166666984558105,0.3333333432674408,0.0,0.5833333730697632
No action rate,p6vbd18i,2026-07-17_17-50-34_05_04_gmr_no_action_rate_seed_42_iter_1000_20260717T143245Z,990,20.61797604262829,471.01,1.5511493682861328,0.2772705554962158,0.12582162022590637,0.08266837894916534,0.5322567224502563,0.8436843752861023,9.443109512329102,342.225830078125,0.005514438264071941,0.0012825130252167583,8.083333969116211,0.25,0.0,0.7083333730697632
No action rate,p6vbd18i,2026-07-17_17-50-34_05_04_gmr_no_action_rate_seed_42_iter_1000_20260717T143245Z,991,19.526645865142346,448.89,1.5513945817947388,0.2782018780708313,0.1273769587278366,0.0830061286687851,0.5321378707885742,0.845956027507782,9.406827926635742,342.2080993652344,0.005318998824805021,0.0010723627638071775,7.4166669845581055,0.4166666865348816,0.0,1.0416667461395264
No action rate,p6vbd18i,2026-07-17_17-50-34_05_04_gmr_no_action_rate_seed_42_iter_1000_20260717T143245Z,992,19.94432510137558,458.73,1.5516871213912964,0.2863413095474243,0.13107913732528687,0.083184152841568,0.5346519351005554,0.8554920554161072,9.463333129882812,340.9935302734375,0.005721236579120159,0.0023172886576503515,7.375,0.125,0.0,0.9583333730697632
No action rate,p6vbd18i,2026-07-17_17-50-34_05_04_gmr_no_action_rate_seed_42_iter_1000_20260717T143245Z,993,20.989628784134982,482.61,1.5520830154418945,0.2749437391757965,0.12525978684425354,0.08238997310400009,0.5357654094696045,0.8432744741439819,9.417322158813477,341.83056640625,0.005355366971343756,0.0013492261059582233,7.7916669845581055,0.0416666679084301,0.0,0.5833333730697632
No action rate,p6vbd18i,2026-07-17_17-50-34_05_04_gmr_no_action_rate_seed_42_iter_1000_20260717T143245Z,994,20.68389140367508,474.16,1.5525119304656982,0.27692046761512756,0.12778332829475403,0.08306585252285004,0.5441051125526428,0.8461860418319702,9.4197998046875,341.5362243652344,0.0046570030972361565,0.0014650365337729454,7.875,0.2083333432674408,0.0,0.875
No action rate,p6vbd18i,2026-07-17_17-50-34_05_04_gmr_no_action_rate_seed_42_iter_1000_20260717T143245Z,995,20.532158991098402,468.18,1.5530115365982056,0.2792993187904358,0.12629000842571259,0.08220207691192627,0.5317749977111816,0.8361943960189819,9.382343292236328,343.0473327636719,0.004760948941111565,0.0010463331127539277,7.4166669845581055,0.1666666716337204,0.0,1.3333333730697632
No action rate,p6vbd18i,2026-07-17_17-50-34_05_04_gmr_no_action_rate_seed_42_iter_1000_20260717T143245Z,996,19.890960238575936,452.36,1.5534273386001587,0.26307040452957153,0.12481467425823212,0.08257459849119186,0.5328177809715271,0.8344141840934753,9.384550094604492,342.6356201171875,0.004911860916763544,0.0014213165268301964,6.958333492279053,0.2083333432674408,0.0,0.7916666865348816
No action rate,p6vbd18i,2026-07-17_17-50-34_05_04_gmr_no_action_rate_seed_42_iter_1000_20260717T143245Z,997,20.70711296439171,471.12,1.5538498163223267,0.2797759771347046,0.12648922204971313,0.08252044022083282,0.5308307409286499,0.8406224250793457,9.394793510437012,343.837890625,0.00463310070335865,0.0016187485307455063,7.625,0.125,0.0,0.8333333730697632
No action rate,p6vbd18i,2026-07-17_17-50-34_05_04_gmr_no_action_rate_seed_42_iter_1000_20260717T143245Z,998,19.996037644147872,464.62,1.554063081741333,0.28145527839660645,0.1276668757200241,0.08242076635360718,0.5317189693450928,0.8408054113388062,9.404984474182129,342.34771728515625,0.004622490145266056,0.0011857402278110385,7.0,0.1666666716337204,0.0,0.7916666865348816
No action rate,p6vbd18i,2026-07-17_17-50-34_05_04_gmr_no_action_rate_seed_42_iter_1000_20260717T143245Z,999,21.235641963481903,477.2,1.5542385578155518,0.26196783781051636,0.1233479231595993,0.08164601027965546,0.5217819213867188,0.82623291015625,9.362863540649414,343.5175476074219,0.004482516087591648,0.0010783449979498982,7.375,0.1666666716337204,0.0,0.7083333730697632
