Configuration,Run ID,Run name,_step,Train/mean_reward,Train/mean_episode_length,Policy/mean_std,Episode_Metrics/root_position_error,Episode_Metrics/root_orientation_error,Episode_Metrics/body_position_error,Episode_Metrics/body_orientation_error,Episode_Metrics/body_linear_velocity_error,Episode_Metrics/body_angular_velocity_error,Episode_Metrics/action_rate_l2_raw,Episode_Metrics/joint_limit_raw,Episode_Metrics/self_collision_raw,Episode_Termination/time_out,Episode_Termination/anchor_pos,Episode_Termination/anchor_ori,Episode_Termination/ee_body_pos
No self collision,q2l4sxxn,2026-07-17_19-30-54_05_04_gmr_no_self_collision_seed_42_iter_1000_20260717T143245Z,0,-0.6184912258386612,8.25,0.996378481388092,0.06182175874710083,0.22523564100265503,0.07945846766233444,0.5225487947463989,1.1978120803833008,9.294893264770508,51.79630661010742,0.023973125964403152,0.08881048858165741,3.5416667461395264,2.7083334922790527,0.2083333432674408,419.375
No self collision,q2l4sxxn,2026-07-17_19-30-54_05_04_gmr_no_self_collision_seed_42_iter_1000_20260717T143245Z,1,-0.6228651167452335,8.16,0.9918175935745239,0.06725355237722397,0.23784969747066498,0.08585011959075928,0.5657787322998047,1.2359774112701416,9.195548057556152,52.94969940185547,0.024309789761900902,0.10327045619487762,0.125,6.0,0.875,496.875
No self collision,q2l4sxxn,2026-07-17_19-30-54_05_04_gmr_no_self_collision_seed_42_iter_1000_20260717T143245Z,2,-0.5879154133796692,8.34,0.9830387234687805,0.06718146055936813,0.2368902862071991,0.08576282858848572,0.5646905303001404,1.2388933897018433,9.19417667388916,51.884300231933594,0.022854795679450035,0.10745996236801147,0.0,5.9166669845581055,0.5,494.25
No self collision,q2l4sxxn,2026-07-17_19-30-54_05_04_gmr_no_self_collision_seed_42_iter_1000_20260717T143245Z,3,-0.5852898508310318,8.7,0.9726125597953796,0.06693723052740097,0.2373109757900238,0.08536630868911743,0.5649120807647705,1.2379417419433594,9.203056335449219,50.56005859375,0.02213548868894577,0.10638643801212311,0.0,5.0,0.625,497.7083435058594
No self collision,q2l4sxxn,2026-07-17_19-30-54_05_04_gmr_no_self_collision_seed_42_iter_1000_20260717T143245Z,4,-0.5685788843035698,8.57,0.9646528959274292,0.06660553812980652,0.2342619150876999,0.0845722109079361,0.5619089007377625,1.2382569313049316,9.18909740447998,48.988365173339844,0.02090170606970787,0.10597731918096542,0.0,4.583333492279053,0.625,511.79168701171875
No self collision,q2l4sxxn,2026-07-17_19-30-54_05_04_gmr_no_self_collision_seed_42_iter_1000_20260717T143245Z,5,-0.48492913991212844,7.93,0.9580541253089905,0.06646648794412613,0.23406314849853516,0.08462731540203094,0.5607483386993408,1.238836646080017,9.194663047790527,47.66474914550781,0.020110486075282097,0.1094348281621933,0.0,4.125,0.625,510.3333435058594
No self collision,q2l4sxxn,2026-07-17_19-30-54_05_04_gmr_no_self_collision_seed_42_iter_1000_20260717T143245Z,6,-0.4740257740020752,8.04,0.9515751004219055,0.06622092425823212,0.234089657664299,0.08429842442274094,0.5597063302993774,1.2385975122451782,9.180302619934082,46.507957458496094,0.01952877640724182,0.1090775653719902,0.0,4.5416669845581055,0.9583333730697632,512.25
No self collision,q2l4sxxn,2026-07-17_19-30-54_05_04_gmr_no_self_collision_seed_42_iter_1000_20260717T143245Z,7,-0.48306648030877114,8.65,0.9439700841903687,0.06567719578742981,0.2343570441007614,0.08409927785396576,0.5577496290206909,1.2404536008834839,9.168715476989746,45.34447479248047,0.018422722816467285,0.11111299693584442,0.0,3.875,1.0,522.4583740234375
No self collision,q2l4sxxn,2026-07-17_19-30-54_05_04_gmr_no_self_collision_seed_42_iter_1000_20260717T143245Z,8,-0.4221780685335398,7.96,0.934971272945404,0.06510572135448456,0.23408544063568115,0.08356830477714539,0.5562975406646729,1.243515968322754,9.176971435546875,44.046871185302734,0.017542283982038498,0.10941575467586517,0.0,2.7083334922790527,1.2083333730697632,531.2083740234375
No self collision,q2l4sxxn,2026-07-17_19-30-54_05_04_gmr_no_self_collision_seed_42_iter_1000_20260717T143245Z,9,-0.3552123176306486,7.2,0.9270254373550415,0.06488662213087082,0.2343769073486328,0.08298829197883606,0.5520567893981934,1.2426416873931885,9.157548904418945,42.71495056152344,0.016728229820728302,0.10935163497924805,0.0,2.4166667461395264,1.4583333730697632,542.5416870117188
No self collision,q2l4sxxn,2026-07-17_19-30-54_05_04_gmr_no_self_collision_seed_42_iter_1000_20260717T143245Z,10,-0.35196996212005616,7.5,0.918059229850769,0.06370235979557037,0.23423239588737488,0.08245380967855453,0.5488228797912598,1.242442011833191,9.149148941040039,41.3748779296875,0.015791162848472595,0.10863315314054489,0.0,2.0416667461395264,1.625,547.9166870117188
No self collision,q2l4sxxn,2026-07-17_19-30-54_05_04_gmr_no_self_collision_seed_42_iter_1000_20260717T143245Z,11,-0.3352025817707181,7.25,0.9116775393486023,0.06352630257606506,0.23205475509166718,0.08204494416713715,0.5463871359825134,1.247031331062317,9.157546997070312,40.097938537597656,0.014962181448936462,0.1087227612733841,0.0,1.8333333730697632,2.0416667461395264,561.0
No self collision,q2l4sxxn,2026-07-17_19-30-54_05_04_gmr_no_self_collision_seed_42_iter_1000_20260717T143245Z,12,-0.28744128793478013,7.09,0.9065689444541931,0.062243472784757614,0.23107057809829712,0.08141530305147171,0.5436248779296875,1.2443101406097412,9.145817756652832,39.00331115722656,0.01440059207379818,0.1090780645608902,0.0,1.1666667461395264,1.6666667461395264,561.3333740234375
No self collision,q2l4sxxn,2026-07-17_19-30-54_05_04_gmr_no_self_collision_seed_42_iter_1000_20260717T143245Z,13,-0.3239201758056879,7.68,0.9003718495368958,0.0629279613494873,0.2326790988445282,0.0812816247344017,0.5419570803642273,1.2474571466445923,9.134906768798828,38.124210357666016,0.014200536534190178,0.10950937122106552,0.0,1.0,2.75,571.625
No self collision,q2l4sxxn,2026-07-17_19-30-54_05_04_gmr_no_self_collision_seed_42_iter_1000_20260717T143245Z,14,-0.29404604125767947,7.7,0.8935472965240479,0.06207790598273277,0.23330864310264587,0.08064952492713928,0.5389167070388794,1.2465882301330566,9.119169235229492,37.02750015258789,0.01361189316958189,0.11000876128673553,0.0,1.1666667461395264,3.3333334922790527,576.375
No self collision,q2l4sxxn,2026-07-17_19-30-54_05_04_gmr_no_self_collision_seed_42_iter_1000_20260717T143245Z,15,-0.2223479076847434,6.53,0.888205885887146,0.06142117828130722,0.2333908975124359,0.08035802096128464,0.535787045955658,1.2461555004119873,9.108850479125977,36.172149658203125,0.013054488226771355,0.1078716367483139,0.0,0.75,3.5833334922790527,585.375
No self collision,q2l4sxxn,2026-07-17_19-30-54_05_04_gmr_no_self_collision_seed_42_iter_1000_20260717T143245Z,16,-0.23225881244987248,6.81,0.8811238408088684,0.060900792479515076,0.23212842643260956,0.08003927022218704,0.5328194499015808,1.2501904964447021,9.117456436157227,35.340362548828125,0.012407309375703335,0.10593776404857635,0.0,0.7083333730697632,3.2083334922790527,589.0416870117188
No self collision,q2l4sxxn,2026-07-17_19-30-54_05_04_gmr_no_self_collision_seed_42_iter_1000_20260717T143245Z,17,-0.2202085923217237,7.16,0.8745401501655579,0.06124049052596092,0.23206494748592377,0.07993297278881073,0.5318772792816162,1.2502272129058838,9.097280502319336,34.297306060791016,0.011911764740943909,0.10820570588111877,0.0,0.0833333358168602,4.4166669845581055,591.4166870117188
No self collision,q2l4sxxn,2026-07-17_19-30-54_05_04_gmr_no_self_collision_seed_42_iter_1000_20260717T143245Z,18,-0.17971256041899322,6.37,0.8702734708786011,0.060752611607313156,0.23317639529705048,0.07971291244029999,0.530033528804779,1.2519748210906982,9.086699485778809,33.39210510253906,0.011288809590041637,0.10543565452098846,0.0,0.25,4.708333492279053,603.375
No self collision,q2l4sxxn,2026-07-17_19-30-54_05_04_gmr_no_self_collision_seed_42_iter_1000_20260717T143245Z,19,-0.1843892527371645,7.02,0.8659615516662598,0.0604083389043808,0.23036907613277435,0.0791964903473854,0.5273656249046326,1.253662109375,9.09719467163086,32.68934631347656,0.010962693020701408,0.10361232608556747,0.0,0.5416666865348816,4.708333492279053,612.25
No self collision,q2l4sxxn,2026-07-17_19-30-54_05_04_gmr_no_self_collision_seed_42_iter_1000_20260717T143245Z,20,-0.1675551509670913,6.49,0.860892117023468,0.06025093048810959,0.2323048710823059,0.07909612357616425,0.524255633354187,1.2568519115447998,9.092867851257324,31.90396499633789,0.010797226801514626,0.10172633826732635,0.0,0.1666666716337204,5.7916669845581055,615.2083740234375
No self collision,q2l4sxxn,2026-07-17_19-30-54_05_04_gmr_no_self_collision_seed_42_iter_1000_20260717T143245Z,21,-0.14036179553717376,6.38,0.8552354574203491,0.05936253070831299,0.23018603026866913,0.07842646539211273,0.5219225883483887,1.256024718284607,9.099273681640625,31.21288299560547,0.010211516171693802,0.10091420263051987,0.0,0.125,5.25,625.1666870117188
No self collision,q2l4sxxn,2026-07-17_19-30-54_05_04_gmr_no_self_collision_seed_42_iter_1000_20260717T143245Z,22,-0.1441428709588945,6.65,0.8501201272010803,0.05965225026011467,0.23084163665771484,0.07846251875162125,0.5191025733947754,1.25652277469635,9.052021026611328,30.384674072265625,0.010002123191952705,0.10173236578702927,0.0,0.125,5.5,626.5833740234375
No self collision,q2l4sxxn,2026-07-17_19-30-54_05_04_gmr_no_self_collision_seed_42_iter_1000_20260717T143245Z,23,-0.12835848284885287,6.65,0.8445914387702942,0.059423863887786865,0.2286125123500824,0.07811737060546875,0.5173802375793457,1.2588748931884766,9.059261322021484,29.665939331054688,0.009564720094203949,0.09918831288814545,0.0,0.125,4.958333492279053,629.7916870117188
No self collision,q2l4sxxn,2026-07-17_19-30-54_05_04_gmr_no_self_collision_seed_42_iter_1000_20260717T143245Z,24,-0.106528563760221,6.21,0.839486837387085,0.059394340962171555,0.22971713542938232,0.07816991209983826,0.5157310962677002,1.2600131034851074,9.041359901428223,28.997753143310547,0.009360715746879578,0.1001201793551445,0.0,0.1666666716337204,4.875,635.4583740234375
No self collision,q2l4sxxn,2026-07-17_19-30-54_05_04_gmr_no_self_collision_seed_42_iter_1000_20260717T143245Z,25,-0.10347575686872006,6.16,0.8350217938423157,0.05904286354780197,0.2263536900281906,0.07775542885065079,0.5125463604927063,1.2596495151519775,9.039416313171387,28.356611251831055,0.008963143453001976,0.10035528987646103,0.0,0.0833333358168602,4.625,640.2916870117188
No self collision,q2l4sxxn,2026-07-17_19-30-54_05_04_gmr_no_self_collision_seed_42_iter_1000_20260717T143245Z,26,-0.09917244980111718,6.35,0.8291654586791992,0.05902612954378128,0.22740988433361053,0.07758249342441559,0.5130976438522339,1.2621335983276367,9.030609130859375,27.77120018005371,0.008933089673519135,0.09762586653232574,0.0,0.0833333358168602,4.208333492279053,642.4583740234375
No self collision,q2l4sxxn,2026-07-17_19-30-54_05_04_gmr_no_self_collision_seed_42_iter_1000_20260717T143245Z,27,-0.07750911452807487,6.05,0.8223834037780762,0.05940447375178337,0.22681882977485657,0.07760481536388397,0.5118202567100525,1.262539267539978,9.019028663635254,27.177814483642578,0.008573386818170547,0.10304319858551025,0.0,0.125,4.25,641.3333740234375
No self collision,q2l4sxxn,2026-07-17_19-30-54_05_04_gmr_no_self_collision_seed_42_iter_1000_20260717T143245Z,28,-0.07388573933392763,6.09,0.8141356110572815,0.058609023690223694,0.22561928629875183,0.07694542407989502,0.5066937804222107,1.2573800086975098,8.969572067260742,26.51949119567871,0.008424068801105022,0.09615372866392136,0.0,0.0416666679084301,4.875,648.625
No self collision,q2l4sxxn,2026-07-17_19-30-54_05_04_gmr_no_self_collision_seed_42_iter_1000_20260717T143245Z,29,-0.06947983523830771,6.23,0.807180643081665,0.058579325675964355,0.2230411022901535,0.07669399678707123,0.5046712160110474,1.2571266889572144,8.95289421081543,25.80196762084961,0.007920031435787678,0.09619517624378204,0.0,0.0,4.375,653.0833740234375
No self collision,q2l4sxxn,2026-07-17_19-30-54_05_04_gmr_no_self_collision_seed_42_iter_1000_20260717T143245Z,30,-0.05090266321785748,6.06,0.8004641532897949,0.058505915105342865,0.22163498401641846,0.07644689083099365,0.5021902322769165,1.2572681903839111,8.92784309387207,25.140850067138672,0.007674535270780325,0.09408964961767197,0.0,0.0416666679084301,4.5,655.4583740234375
No self collision,q2l4sxxn,2026-07-17_19-30-54_05_04_gmr_no_self_collision_seed_42_iter_1000_20260717T143245Z,31,-0.04544260282069445,6.08,0.7937074899673462,0.05843467265367508,0.22147616744041443,0.07624785602092743,0.49923691153526306,1.254556655883789,8.891593933105469,24.547529220581055,0.0073926374316215515,0.09485132992267609,0.0,0.0416666679084301,4.125,658.4166870117188
No self collision,q2l4sxxn,2026-07-17_19-30-54_05_04_gmr_no_self_collision_seed_42_iter_1000_20260717T143245Z,32,-0.05094160403124988,6.25,0.7870526313781738,0.058122046291828156,0.21945130825042725,0.07642309367656708,0.49801725149154663,1.2561588287353516,8.865565299987793,24.003353118896484,0.007210062816739082,0.09266386926174164,0.0,0.0,4.208333492279053,660.7083740234375
No self collision,q2l4sxxn,2026-07-17_19-30-54_05_04_gmr_no_self_collision_seed_42_iter_1000_20260717T143245Z,33,-0.026464412081986667,5.9,0.7789230942726135,0.05867733806371689,0.21971875429153442,0.07633905857801437,0.4972970187664032,1.2523330450057983,8.814643859863281,23.481842041015625,0.007007877808064222,0.09615667164325714,0.0,0.0,5.0,651.4583740234375
No self collision,q2l4sxxn,2026-07-17_19-30-54_05_04_gmr_no_self_collision_seed_42_iter_1000_20260717T143245Z,34,-0.022494815979152916,6.04,0.7730298042297363,0.058317601680755615,0.21612998843193054,0.07599452137947083,0.49407967925071716,1.2516319751739502,8.795944213867188,22.772075653076172,0.006320524960756302,0.09296977519989014,0.0,0.0,4.125,664.0416870117188
No self collision,q2l4sxxn,2026-07-17_19-30-54_05_04_gmr_no_self_collision_seed_42_iter_1000_20260717T143245Z,35,-0.015211375225335359,6.18,0.765899121761322,0.058162085711956024,0.21614180505275726,0.07588633894920349,0.4923824667930603,1.248323678970337,8.7510404586792,22.345867156982422,0.006270033773034811,0.09422721713781357,0.0,0.0,3.25,658.6666870117188
No self collision,q2l4sxxn,2026-07-17_19-30-54_05_04_gmr_no_self_collision_seed_42_iter_1000_20260717T143245Z,36,-0.01523756144568324,6.24,0.7573340535163879,0.05799499899148941,0.21651515364646912,0.07567426562309265,0.49297451972961426,1.2452737092971802,8.73071575164795,21.777545928955078,0.006058350205421448,0.09779401123523712,0.0,0.0416666679084301,3.25,660.9583740234375
No self collision,q2l4sxxn,2026-07-17_19-30-54_05_04_gmr_no_self_collision_seed_42_iter_1000_20260717T143245Z,37,-0.005759598733857274,6.07,0.7505640387535095,0.05776624009013176,0.21347379684448242,0.07548344135284424,0.49095386266708374,1.2446141242980957,8.716340065002441,21.18214988708496,0.0058750263415277,0.09781503677368164,0.0,0.0,3.6666667461395264,665.125
No self collision,q2l4sxxn,2026-07-17_19-30-54_05_04_gmr_no_self_collision_seed_42_iter_1000_20260717T143245Z,38,0.007370663592591881,6.01,0.7449737191200256,0.057901531457901,0.21006011962890625,0.07516660541296005,0.48733410239219666,1.2418761253356934,8.666465759277344,20.706634521484375,0.005610487423837185,0.09629064798355103,0.0,0.0,3.2916667461395264,659.375
No self collision,q2l4sxxn,2026-07-17_19-30-54_05_04_gmr_no_self_collision_seed_42_iter_1000_20260717T143245Z,39,0.02181021104566753,5.72,0.7397328615188599,0.058242738246917725,0.21342360973358154,0.07553333044052124,0.48802006244659424,1.2370785474777222,8.612274169921875,20.292882919311523,0.0054709105752408504,0.10488712787628174,0.0,0.0416666679084301,3.625,657.3333740234375
No self collision,q2l4sxxn,2026-07-17_19-30-54_05_04_gmr_no_self_collision_seed_42_iter_1000_20260717T143245Z,40,0.022706286003813147,6.1,0.7338675856590271,0.05808529257774353,0.20944218337535858,0.07513774931430817,0.484211266040802,1.2348442077636719,8.578275680541992,19.893762588500977,0.005366578232496977,0.10046356171369553,0.0,0.0,3.4166667461395264,659.2083740234375
No self collision,q2l4sxxn,2026-07-17_19-30-54_05_04_gmr_no_self_collision_seed_42_iter_1000_20260717T143245Z,41,0.022658617198467255,6.13,0.7272689938545227,0.05832605063915253,0.20935684442520142,0.07512268424034119,0.4847571551799774,1.2326481342315674,8.549978256225586,19.502429962158203,0.005280848126858473,0.10497164726257324,0.0,0.0416666679084301,3.125,656.0
No self collision,q2l4sxxn,2026-07-17_19-30-54_05_04_gmr_no_self_collision_seed_42_iter_1000_20260717T143245Z,42,0.026790085192769767,6.18,0.7210981249809265,0.05816859006881714,0.207871675491333,0.07510411739349365,0.4842338562011719,1.2310346364974976,8.535287857055664,19.0636043548584,0.005098522640764713,0.10345594584941864,0.0,0.0,3.0833334922790527,658.375
No self collision,q2l4sxxn,2026-07-17_19-30-54_05_04_gmr_no_self_collision_seed_42_iter_1000_20260717T143245Z,43,0.03655020454898476,6.31,0.7149218916893005,0.058097656816244125,0.20780090987682343,0.07494650781154633,0.48285526037216187,1.224502444267273,8.479625701904297,18.652864456176758,0.004919187165796757,0.10778795182704926,0.0,0.0,3.0416667461395264,650.625
No self collision,q2l4sxxn,2026-07-17_19-30-54_05_04_gmr_no_self_collision_seed_42_iter_1000_20260717T143245Z,44,0.03590120609849692,6.35,0.7091458439826965,0.058087628334760666,0.20621809363365173,0.07474397867918015,0.48079389333724976,1.2186930179595947,8.43203067779541,18.275283813476562,0.004694567993283272,0.10296016931533813,0.0,0.0,2.9583334922790527,654.7916870117188
No self collision,q2l4sxxn,2026-07-17_19-30-54_05_04_gmr_no_self_collision_seed_42_iter_1000_20260717T143245Z,45,0.04609373320825398,6.27,0.7033340334892273,0.057924456894397736,0.20392930507659912,0.07470203191041946,0.4799748659133911,1.2154028415679932,8.387025833129883,17.922544479370117,0.00463265273720026,0.09924646466970444,0.0,0.0416666679084301,3.0,649.875
No self collision,q2l4sxxn,2026-07-17_19-30-54_05_04_gmr_no_self_collision_seed_42_iter_1000_20260717T143245Z,46,0.050056157130748034,6.17,0.6973507404327393,0.05824755132198334,0.20310501754283905,0.07468754053115845,0.479057252407074,1.2105932235717773,8.346363067626953,17.568185806274414,0.0044649746268987656,0.1103774905204773,0.0,0.0,3.2916667461395264,647.5833740234375
No self collision,q2l4sxxn,2026-07-17_19-30-54_05_04_gmr_no_self_collision_seed_42_iter_1000_20260717T143245Z,47,0.06091814400628209,6.55,0.6917167901992798,0.0578959584236145,0.20081359148025513,0.07466749101877213,0.4770938754081726,1.2086894512176514,8.297531127929688,17.22801399230957,0.004489658400416374,0.10078953206539154,0.0,0.0,2.4583334922790527,644.875
No self collision,q2l4sxxn,2026-07-17_19-30-54_05_04_gmr_no_self_collision_seed_42_iter_1000_20260717T143245Z,48,0.06136063597165048,6.53,0.6856421828269958,0.05821564421057701,0.2020472139120102,0.07467865943908691,0.4767492413520813,1.2018544673919678,8.239609718322754,16.914127349853516,0.004301758948713541,0.10892748832702637,0.0,0.0,3.0,639.75
No self collision,q2l4sxxn,2026-07-17_19-30-54_05_04_gmr_no_self_collision_seed_42_iter_1000_20260717T143245Z,49,0.05940937491133809,6.44,0.6805227994918823,0.05823218822479248,0.20044338703155518,0.07463939487934113,0.4749663472175598,1.1981669664382935,8.18762493133545,16.565595626831055,0.004137493669986725,0.10607083886861801,0.0,0.0,2.8333334922790527,638.25
No self collision,q2l4sxxn,2026-07-17_19-30-54_05_04_gmr_no_self_collision_seed_42_iter_1000_20260717T143245Z,50,0.06959612149745226,6.77,0.6753384470939636,0.058550771325826645,0.1985074281692505,0.07453715801239014,0.47542643547058105,1.1948254108428955,8.153007507324219,16.28091049194336,0.004129796288907528,0.10823898017406464,0.0,0.0,2.5833334922790527,632.25
No self collision,q2l4sxxn,2026-07-17_19-30-54_05_04_gmr_no_self_collision_seed_42_iter_1000_20260717T143245Z,51,0.07321007927879691,6.51,0.6702095866203308,0.058541178703308105,0.19724306464195251,0.07453183829784393,0.4744800925254822,1.1857719421386719,8.105376243591309,15.964694023132324,0.004007493145763874,0.10763572156429291,0.0,0.0,2.25,629.5833740234375
No self collision,q2l4sxxn,2026-07-17_19-30-54_05_04_gmr_no_self_collision_seed_42_iter_1000_20260717T143245Z,52,0.08476840917021036,6.35,0.6652006506919861,0.058462321758270264,0.19776098430156708,0.0746474340558052,0.4739111363887787,1.1802083253860474,8.031909942626953,15.724889755249023,0.003946453332901001,0.11204775422811508,0.0,0.0,2.75,625.125
No self collision,q2l4sxxn,2026-07-17_19-30-54_05_04_gmr_no_self_collision_seed_42_iter_1000_20260717T143245Z,53,0.08924799837172032,6.58,0.6602984666824341,0.058999091386795044,0.1961042881011963,0.0747322142124176,0.47359558939933777,1.176707148551941,8.006522178649902,15.47834587097168,0.003882824210450053,0.11162625253200531,0.0,0.0,2.3333334922790527,621.5833740234375
No self collision,q2l4sxxn,2026-07-17_19-30-54_05_04_gmr_no_self_collision_seed_42_iter_1000_20260717T143245Z,54,0.08833479709923267,6.82,0.6554282903671265,0.05919837951660156,0.19426028430461884,0.07473275065422058,0.4746154248714447,1.169811487197876,7.95406436920166,15.207538604736328,0.003777328645810485,0.11493724584579468,0.0,0.0416666679084301,2.3333334922790527,613.3333740234375
No self collision,q2l4sxxn,2026-07-17_19-30-54_05_04_gmr_no_self_collision_seed_42_iter_1000_20260717T143245Z,55,0.08740740150213241,6.53,0.6506652235984802,0.059233300387859344,0.19344685971736908,0.07468970119953156,0.47256219387054443,1.1622612476348877,7.886895656585693,14.98139476776123,0.003656900953501463,0.11603227257728577,0.0,0.0,2.375,611.5833740234375
No self collision,q2l4sxxn,2026-07-17_19-30-54_05_04_gmr_no_self_collision_seed_42_iter_1000_20260717T143245Z,56,0.09093314392492174,6.29,0.6468815207481384,0.05910256505012512,0.19172947108745575,0.07484181225299835,0.4729146957397461,1.1573851108551025,7.84450101852417,14.714874267578125,0.0036191975232213736,0.11089404672384262,0.0,0.0416666679084301,1.6666667461395264,605.75
No self collision,q2l4sxxn,2026-07-17_19-30-54_05_04_gmr_no_self_collision_seed_42_iter_1000_20260717T143245Z,57,0.10260403018444776,6.46,0.643470048904419,0.058927327394485474,0.19181513786315918,0.07469916343688965,0.47140011191368103,1.1497142314910889,7.784496307373047,14.534785270690918,0.003542628837749362,0.116157665848732,0.0,0.0,2.6666667461395264,603.0
No self collision,q2l4sxxn,2026-07-17_19-30-54_05_04_gmr_no_self_collision_seed_42_iter_1000_20260717T143245Z,58,0.1077162948064506,6.71,0.6400769352912903,0.05968116968870163,0.1916470229625702,0.07507645338773727,0.4754762351512909,1.1467747688293457,7.773244857788086,14.382074356079102,0.0036553461104631424,0.12081827968358994,0.0,0.0833333358168602,1.9583333730697632,590.5416870117188
No self collision,q2l4sxxn,2026-07-17_19-30-54_05_04_gmr_no_self_collision_seed_42_iter_1000_20260717T143245Z,59,0.09985113937407732,6.69,0.6367545127868652,0.0599951408803463,0.19162964820861816,0.07512429356575012,0.473829984664917,1.1358197927474976,7.684672832489014,14.221880912780762,0.00358390505425632,0.11913465708494186,0.0,0.0416666679084301,2.25,582.8333740234375
No self collision,q2l4sxxn,2026-07-17_19-30-54_05_04_gmr_no_self_collision_seed_42_iter_1000_20260717T143245Z,60,0.11821099253371357,7.35,0.6340993046760559,0.0601593479514122,0.18870650231838226,0.07508257776498795,0.47151827812194824,1.1288689374923706,7.617937088012695,14.066862106323242,0.0034626908600330353,0.11176960170269012,0.0,0.125,1.875,576.8333740234375
No self collision,q2l4sxxn,2026-07-17_19-30-54_05_04_gmr_no_self_collision_seed_42_iter_1000_20260717T143245Z,61,0.11247425906360149,6.96,0.6316829919815063,0.06047513335943222,0.19020530581474304,0.07546623051166534,0.47252219915390015,1.1241410970687866,7.566965103149414,14.001566886901855,0.0033716363832354546,0.11738314479589462,0.0,0.2083333432674408,1.2916667461395264,569.75
No self collision,q2l4sxxn,2026-07-17_19-30-54_05_04_gmr_no_self_collision_seed_42_iter_1000_20260717T143245Z,62,0.1106357441842556,7.29,0.629684329032898,0.06081649288535118,0.18943533301353455,0.07550618052482605,0.4726286828517914,1.113166093826294,7.48361873626709,13.888885498046875,0.0033732284791767597,0.11837966740131378,0.0,0.1666666716337204,1.3333333730697632,558.375
No self collision,q2l4sxxn,2026-07-17_19-30-54_05_04_gmr_no_self_collision_seed_42_iter_1000_20260717T143245Z,63,0.12828394960612058,7.65,0.628358781337738,0.06120719015598297,0.18910667300224304,0.07561783492565155,0.47380757331848145,1.1006518602371216,7.413500785827637,13.813891410827637,0.003575767856091261,0.11635663360357285,0.0,0.1666666716337204,1.5833333730697632,549.0833740234375
No self collision,q2l4sxxn,2026-07-17_19-30-54_05_04_gmr_no_self_collision_seed_42_iter_1000_20260717T143245Z,64,0.12768679607659578,7.35,0.6273793578147888,0.06170380115509033,0.18945994973182678,0.07574441283941269,0.47232288122177124,1.0947251319885254,7.352874279022217,13.771261215209961,0.003609743667766452,0.11732442677021027,0.0,0.5,0.9166666865348816,541.7916870117188
No self collision,q2l4sxxn,2026-07-17_19-30-54_05_04_gmr_no_self_collision_seed_42_iter_1000_20260717T143245Z,65,0.12160786314867437,7.54,0.6263144612312317,0.06178610771894455,0.19016912579536438,0.07588251680135727,0.47555384039878845,1.0910266637802124,7.34787130355835,13.760061264038086,0.0034626456908881664,0.12426888197660446,0.0,0.1666666716337204,1.2916667461395264,533.6666870117188
No self collision,q2l4sxxn,2026-07-17_19-30-54_05_04_gmr_no_self_collision_seed_42_iter_1000_20260717T143245Z,66,0.13244896233081818,7.72,0.6252669095993042,0.06190430372953415,0.1889866292476654,0.07608678936958313,0.47333917021751404,1.0847997665405273,7.290139198303223,13.729707717895508,0.0036644539795815945,0.11826777458190918,0.0,0.2916666865348816,1.2083333730697632,527.3333740234375
No self collision,q2l4sxxn,2026-07-17_19-30-54_05_04_gmr_no_self_collision_seed_42_iter_1000_20260717T143245Z,67,0.13713135525584222,8.09,0.6243449449539185,0.06268888711929321,0.18877944350242615,0.07642063498497009,0.47429224848747253,1.0773338079452515,7.231719017028809,13.699724197387695,0.0035972436890006065,0.12059788405895233,0.0,0.5416666865348816,1.0416667461395264,523.2083740234375
No self collision,q2l4sxxn,2026-07-17_19-30-54_05_04_gmr_no_self_collision_seed_42_iter_1000_20260717T143245Z,68,0.12633957713842392,7.45,0.6236036419868469,0.062277212738990784,0.18725189566612244,0.07629852741956711,0.4730374813079834,1.0684900283813477,7.177776336669922,13.719878196716309,0.003497831290587783,0.11706234514713287,0.0,0.8333333730697632,1.125,509.375
No self collision,q2l4sxxn,2026-07-17_19-30-54_05_04_gmr_no_self_collision_seed_42_iter_1000_20260717T143245Z,69,0.1372910075634718,8.05,0.6227971315383911,0.06309406459331512,0.18761351704597473,0.07651497423648834,0.4747425317764282,1.0608608722686768,7.130916595458984,13.706446647644043,0.0035803625360131264,0.12183400243520737,0.0,0.875,0.8333333730697632,499.4583435058594
No self collision,q2l4sxxn,2026-07-17_19-30-54_05_04_gmr_no_self_collision_seed_42_iter_1000_20260717T143245Z,70,0.13002409875392915,7.62,0.6219738721847534,0.06363285332918167,0.18710486590862274,0.07669603824615479,0.4766603410243988,1.0561902523040771,7.099944591522217,13.695953369140625,0.0035850468557327986,0.12534980475902557,0.0,0.8333333730697632,0.7916666865348816,498.2083435058594
No self collision,q2l4sxxn,2026-07-17_19-30-54_05_04_gmr_no_self_collision_seed_42_iter_1000_20260717T143245Z,71,0.15759974095970392,9.12,0.6211525201797485,0.06413625180721283,0.1860828399658203,0.07704778015613556,0.4780559241771698,1.0532240867614746,7.067704200744629,13.712196350097656,0.003541146172210574,0.12028886377811432,0.0,0.7916666865348816,0.9166666865348816,487.75
No self collision,q2l4sxxn,2026-07-17_19-30-54_05_04_gmr_no_self_collision_seed_42_iter_1000_20260717T143245Z,72,0.14880764696747065,8.97,0.6204787492752075,0.06478644907474518,0.18735729157924652,0.0774347335100174,0.4800311326980591,1.0436186790466309,6.998136043548584,13.716902732849121,0.003518768586218357,0.1261524260044098,0.0,1.2083333730697632,0.875,484.91668701171875
No self collision,q2l4sxxn,2026-07-17_19-30-54_05_04_gmr_no_self_collision_seed_42_iter_1000_20260717T143245Z,73,0.15728534650057555,8.96,0.6198624968528748,0.06508508324623108,0.18625736236572266,0.07741688191890717,0.4790627956390381,1.0412993431091309,6.97354793548584,13.72437858581543,0.003472608048468828,0.12222033739089966,0.0,0.75,0.4583333432674408,472.25
No self collision,q2l4sxxn,2026-07-17_19-30-54_05_04_gmr_no_self_collision_seed_42_iter_1000_20260717T143245Z,74,0.14799092292785646,8.65,0.619263768196106,0.0656166523694992,0.18678921461105347,0.07810544967651367,0.4821760654449463,1.0309547185897827,6.907046318054199,13.72449016571045,0.0036665936931967735,0.12267830222845078,0.0,1.4583333730697632,0.375,461.25
No self collision,q2l4sxxn,2026-07-17_19-30-54_05_04_gmr_no_self_collision_seed_42_iter_1000_20260717T143245Z,75,0.14591123383492233,8.44,0.6187387108802795,0.0663934275507927,0.18811750411987305,0.07858002930879593,0.48411035537719727,1.0253981351852417,6.857306480407715,13.746212005615234,0.003600677940994501,0.11711332201957703,0.0,1.4166667461395264,0.5,454.91668701171875
No self collision,q2l4sxxn,2026-07-17_19-30-54_05_04_gmr_no_self_collision_seed_42_iter_1000_20260717T143245Z,76,0.15987717818468808,8.87,0.618228018283844,0.06753958761692047,0.1878422498703003,0.07851124554872513,0.48266345262527466,1.0118354558944702,6.769937515258789,13.797971725463867,0.00377615331672132,0.11971032619476318,0.0,1.375,0.375,443.4583435058594
No self collision,q2l4sxxn,2026-07-17_19-30-54_05_04_gmr_no_self_collision_seed_42_iter_1000_20260717T143245Z,77,0.15868609596043826,9.35,0.617727518081665,0.06800821423530579,0.18800008296966553,0.07909286022186279,0.485079288482666,1.0057547092437744,6.718503475189209,13.839346885681152,0.0038671677466481924,0.11600670218467712,0.0,1.375,0.25,434.8333435058594
No self collision,q2l4sxxn,2026-07-17_19-30-54_05_04_gmr_no_self_collision_seed_42_iter_1000_20260717T143245Z,78,0.15386344017460943,9.57,0.6172881126403809,0.0688483789563179,0.1893470287322998,0.07957181334495544,0.48502206802368164,0.9943284392356873,6.62861967086792,13.851642608642578,0.0039047375321388245,0.11350668966770172,0.0,1.9166667461395264,0.375,418.625
No self collision,q2l4sxxn,2026-07-17_19-30-54_05_04_gmr_no_self_collision_seed_42_iter_1000_20260717T143245Z,79,0.1572093765437603,9.17,0.616870105266571,0.0703376829624176,0.19021382927894592,0.08020879328250885,0.4889609217643738,0.9880826473236084,6.5762529373168945,13.906949996948242,0.004013529978692532,0.11479495465755463,0.0,1.6666667461395264,0.375,412.375
No self collision,q2l4sxxn,2026-07-17_19-30-54_05_04_gmr_no_self_collision_seed_42_iter_1000_20260717T143245Z,80,0.17350578494369984,9.82,0.6164729595184326,0.07127359509468079,0.19069871306419373,0.08067825436592102,0.4910820424556732,0.9775871634483337,6.505273342132568,13.966907501220703,0.004185610916465521,0.11837784945964813,0.0,2.1666667461395264,0.375,397.375
No self collision,q2l4sxxn,2026-07-17_19-30-54_05_04_gmr_no_self_collision_seed_42_iter_1000_20260717T143245Z,81,0.1785449539683759,11.1,0.6160923838615417,0.07211973518133163,0.19116607308387756,0.08085040003061295,0.4932735562324524,0.9673339128494263,6.447198867797852,13.991694450378418,0.004173613619059324,0.12000834941864014,0.0,1.6666667461395264,0.3333333432674408,388.75
No self collision,q2l4sxxn,2026-07-17_19-30-54_05_04_gmr_no_self_collision_seed_42_iter_1000_20260717T143245Z,82,0.18405308820307253,11.75,0.6157192587852478,0.07289361953735352,0.19352130591869354,0.08159828186035156,0.49506399035453796,0.9581859111785889,6.37637996673584,14.035148620605469,0.004253083374351263,0.11670640110969543,0.0,2.4583334922790527,0.4583333432674408,379.375
No self collision,q2l4sxxn,2026-07-17_19-30-54_05_04_gmr_no_self_collision_seed_42_iter_1000_20260717T143245Z,83,0.19249460864812135,11.24,0.6153541803359985,0.07411018013954163,0.19395695626735687,0.08223270624876022,0.4973382353782654,0.9513214826583862,6.336699485778809,14.092351913452148,0.004427749663591385,0.11781924962997437,0.0,2.3333334922790527,0.2083333432674408,365.66668701171875
No self collision,q2l4sxxn,2026-07-17_19-30-54_05_04_gmr_no_self_collision_seed_42_iter_1000_20260717T143245Z,84,0.17856612239032985,10.82,0.6149956583976746,0.07588746398687363,0.19689267873764038,0.08305417001247406,0.5044713020324707,0.9420267343521118,6.282140254974365,14.138906478881836,0.004329949617385864,0.11949240416288376,0.0,2.125,0.2083333432674408,352.875
No self collision,q2l4sxxn,2026-07-17_19-30-54_05_04_gmr_no_self_collision_seed_42_iter_1000_20260717T143245Z,85,0.1758748836070299,11.61,0.6146963834762573,0.07769512385129929,0.19787375628948212,0.08360917866230011,0.5044273138046265,0.938576877117157,6.220541954040527,14.172201156616211,0.004521941300481558,0.11977048963308334,0.0,2.7916667461395264,0.25,345.3333435058594
No self collision,q2l4sxxn,2026-07-17_19-30-54_05_04_gmr_no_self_collision_seed_42_iter_1000_20260717T143245Z,86,0.19523807018995284,12.25,0.6143999695777893,0.0780075341463089,0.19803285598754883,0.08398425579071045,0.506883978843689,0.9298882484436035,6.195462226867676,14.182894706726074,0.004547935910522938,0.11765523999929428,0.0,2.125,0.2083333432674408,337.16668701171875
No self collision,q2l4sxxn,2026-07-17_19-30-54_05_04_gmr_no_self_collision_seed_42_iter_1000_20260717T143245Z,87,0.21195520404726267,12.96,0.6141143441200256,0.0793389230966568,0.19811531901359558,0.0845562219619751,0.5077856183052063,0.9234806895256042,6.122683525085449,14.214706420898438,0.004689774941653013,0.11251487582921982,0.0,2.7083334922790527,0.0416666679084301,328.125
No self collision,q2l4sxxn,2026-07-17_19-30-54_05_04_gmr_no_self_collision_seed_42_iter_1000_20260717T143245Z,88,0.20135221341624857,12.09,0.6138331890106201,0.08032223582267761,0.20020636916160583,0.08527349680662155,0.51017165184021,0.9197189211845398,6.104161262512207,14.235811233520508,0.0049276347272098064,0.11390213668346405,0.0,2.4166667461395264,0.0833333358168602,320.625
No self collision,q2l4sxxn,2026-07-17_19-30-54_05_04_gmr_no_self_collision_seed_42_iter_1000_20260717T143245Z,89,0.21375417426228524,12.47,0.6135833263397217,0.08198557794094086,0.20115041732788086,0.08581291884183884,0.5136474370956421,0.9126434326171875,6.050670146942139,14.324938774108887,0.004871480166912079,0.12006084620952606,0.0,2.0,0.2083333432674408,309.0
No self collision,q2l4sxxn,2026-07-17_19-30-54_05_04_gmr_no_self_collision_seed_42_iter_1000_20260717T143245Z,90,0.21715220637619495,13.34,0.6133296489715576,0.08301341533660889,0.2010703980922699,0.08612411469221115,0.5174014568328857,0.9032050967216492,5.999475002288818,14.322047233581543,0.005019618198275566,0.12282898277044296,0.0,2.25,0.2083333432674408,303.8333435058594
No self collision,q2l4sxxn,2026-07-17_19-30-54_05_04_gmr_no_self_collision_seed_42_iter_1000_20260717T143245Z,91,0.19657680325210095,12.75,0.6130773425102234,0.08365251868963242,0.20230525732040405,0.08645235002040863,0.5196371078491211,0.9076668620109558,6.019990921020508,14.356489181518555,0.005196252837777138,0.11146984994411469,0.0,2.5833334922790527,0.125,296.375
No self collision,q2l4sxxn,2026-07-17_19-30-54_05_04_gmr_no_self_collision_seed_42_iter_1000_20260717T143245Z,92,0.22634964933618903,15.17,0.6128525733947754,0.08718680590391159,0.20627039670944214,0.08780970424413681,0.5216012001037598,0.8986169099807739,5.940525054931641,14.38355827331543,0.005122053902596235,0.11349260061979294,0.0,2.4583334922790527,0.375,286.66668701171875
No self collision,q2l4sxxn,2026-07-17_19-30-54_05_04_gmr_no_self_collision_seed_42_iter_1000_20260717T143245Z,93,0.2130829949118197,14.11,0.6126289963722229,0.08901461213827133,0.2056494802236557,0.08836160600185394,0.5246832966804504,0.8967384099960327,5.904458522796631,14.434064865112305,0.005331217311322689,0.11362336575984955,0.0,2.75,0.1666666716337204,276.91668701171875
No self collision,q2l4sxxn,2026-07-17_19-30-54_05_04_gmr_no_self_collision_seed_42_iter_1000_20260717T143245Z,94,0.24369622625410556,15.46,0.6124054193496704,0.089933380484581,0.20913653075695038,0.08881255239248276,0.5252947807312012,0.8908704519271851,5.871144771575928,14.458544731140137,0.00519631989300251,0.11567195504903793,0.0,3.375,0.2083333432674408,266.91668701171875
No self collision,q2l4sxxn,2026-07-17_19-30-54_05_04_gmr_no_self_collision_seed_42_iter_1000_20260717T143245Z,95,0.22527787759900092,14.34,0.6121925115585327,0.0907316654920578,0.21051093935966492,0.0891498550772667,0.5238552093505859,0.8877501487731934,5.843897819519043,14.474116325378418,0.0054983715526759624,0.12292496860027313,0.0,2.625,0.3333333432674408,267.29168701171875
No self collision,q2l4sxxn,2026-07-17_19-30-54_05_04_gmr_no_self_collision_seed_42_iter_1000_20260717T143245Z,96,0.24827952455729246,15.45,0.6119589805603027,0.09310276806354523,0.2094692885875702,0.0898166298866272,0.5269505977630615,0.885344386100769,5.815333366394043,14.493510246276855,0.0056512122973799706,0.11574410647153854,0.0,3.1666667461395264,0.0,255.6666717529297
No self collision,q2l4sxxn,2026-07-17_19-30-54_05_04_gmr_no_self_collision_seed_42_iter_1000_20260717T143245Z,97,0.26502602845430373,17.02,0.611745297908783,0.09388798475265503,0.21013665199279785,0.09001389145851135,0.5270335674285889,0.8873693346977234,5.813107490539551,14.527544975280762,0.005429713986814022,0.11540187895298004,0.0,3.375,0.1666666716337204,252.6666717529297
No self collision,q2l4sxxn,2026-07-17_19-30-54_05_04_gmr_no_self_collision_seed_42_iter_1000_20260717T143245Z,98,0.24899698086082936,16.76,0.6113646030426025,0.09708385169506073,0.21088826656341553,0.0909787118434906,0.5290368795394897,0.8845087885856628,5.768813133239746,14.550542831420898,0.005433093290776014,0.11734235286712646,0.0,3.0833334922790527,0.2916666865348816,246.5
No self collision,q2l4sxxn,2026-07-17_19-30-54_05_04_gmr_no_self_collision_seed_42_iter_1000_20260717T143245Z,99,0.2961847695335746,18.22,0.611170768737793,0.09822992980480194,0.21238449215888977,0.09084933996200562,0.5266739130020142,0.8752708435058594,5.710163116455078,14.579852104187012,0.005601346492767334,0.12149468064308167,0.0,3.3333334922790527,0.25,242.25
No self collision,q2l4sxxn,2026-07-17_19-30-54_05_04_gmr_no_self_collision_seed_42_iter_1000_20260717T143245Z,100,0.2470331044308841,14.65,0.6106781363487244,0.09772598743438721,0.2102796733379364,0.09067529439926147,0.5236796736717224,0.8746411204338074,5.691956520080566,14.600722312927246,0.005467175506055355,0.1135854572057724,0.0,2.75,0.125,242.08334350585938
No self collision,q2l4sxxn,2026-07-17_19-30-54_05_04_gmr_no_self_collision_seed_42_iter_1000_20260717T143245Z,101,0.2920460307225585,17.24,0.6101536154747009,0.09810976684093475,0.21056906878948212,0.09061356633901596,0.5239846110343933,0.8716034889221191,5.678281307220459,14.598834037780762,0.00539084617048502,0.12218821048736572,0.0,2.8333334922790527,0.0416666679084301,237.20834350585938
No self collision,q2l4sxxn,2026-07-17_19-30-54_05_04_gmr_no_self_collision_seed_42_iter_1000_20260717T143245Z,102,0.27402991623617706,17.58,0.6099041700363159,0.10125081241130829,0.21147549152374268,0.09182780236005783,0.5257564187049866,0.8691930770874023,5.6455888748168945,14.63892650604248,0.005514142103493214,0.11944454908370972,0.0,3.3333334922790527,0.1666666716337204,225.7916717529297
No self collision,q2l4sxxn,2026-07-17_19-30-54_05_04_gmr_no_self_collision_seed_42_iter_1000_20260717T143245Z,103,0.26415420573204756,17.2,0.6093305945396423,0.10526037216186523,0.2117585837841034,0.09290837496519089,0.5274616479873657,0.8714532852172852,5.605434417724609,14.63497543334961,0.005559656303375959,0.12482161819934845,0.0,3.9583334922790527,0.0,224.1666717529297
No self collision,q2l4sxxn,2026-07-17_19-30-54_05_04_gmr_no_self_collision_seed_42_iter_1000_20260717T143245Z,104,0.28067073099315165,17.38,0.6080375909805298,0.10415685176849365,0.210042342543602,0.09197403490543365,0.5225802659988403,0.8650132417678833,5.578214645385742,14.649602890014648,0.00511044729501009,0.12544554471969604,0.0,3.25,0.0416666679084301,220.5
No self collision,q2l4sxxn,2026-07-17_19-30-54_05_04_gmr_no_self_collision_seed_42_iter_1000_20260717T143245Z,105,0.2909902547672391,17.72,0.606483519077301,0.1049812063574791,0.20936761796474457,0.09197907149791718,0.5233628153800964,0.8606714010238647,5.544230937957764,14.670641899108887,0.004952664487063885,0.1187492311000824,0.0,2.7083334922790527,0.0833333358168602,219.5416717529297
No self collision,q2l4sxxn,2026-07-17_19-30-54_05_04_gmr_no_self_collision_seed_42_iter_1000_20260717T143245Z,106,0.36285499028861523,21.76,0.6049319505691528,0.1079762801527977,0.2090131938457489,0.0925249308347702,0.5217050313949585,0.8586146831512451,5.487968444824219,14.633116722106934,0.005152665078639984,0.1266750991344452,0.0,3.2083334922790527,0.0833333358168602,207.125
No self collision,q2l4sxxn,2026-07-17_19-30-54_05_04_gmr_no_self_collision_seed_42_iter_1000_20260717T143245Z,107,0.3327490271255374,22.25,0.6037142276763916,0.11122985184192657,0.2097310870885849,0.0935869812965393,0.5212196707725525,0.8565319776535034,5.453429222106934,14.62647819519043,0.005199342966079712,0.13247138261795044,0.0,2.7916667461395264,0.0416666679084301,197.75
No self collision,q2l4sxxn,2026-07-17_19-30-54_05_04_gmr_no_self_collision_seed_42_iter_1000_20260717T143245Z,108,0.33961190804839136,19.38,0.6022834181785583,0.11268956959247589,0.2088221311569214,0.09315493702888489,0.518882155418396,0.8490413427352905,5.393183708190918,14.605918884277344,0.005075064022094011,0.1281222254037857,0.0,2.5833334922790527,0.0416666679084301,198.33334350585938
No self collision,q2l4sxxn,2026-07-17_19-30-54_05_04_gmr_no_self_collision_seed_42_iter_1000_20260717T143245Z,109,0.33009918343275785,20.65,0.6006382703781128,0.11433735489845276,0.20861920714378357,0.09347929805517197,0.5181649923324585,0.8493644595146179,5.378406524658203,14.556135177612305,0.004943769425153732,0.12543922662734985,0.0,2.6666667461395264,0.0416666679084301,190.95834350585938
No self collision,q2l4sxxn,2026-07-17_19-30-54_05_04_gmr_no_self_collision_seed_42_iter_1000_20260717T143245Z,110,0.36774690106511115,22.29,0.5991223454475403,0.11766745895147324,0.20943152904510498,0.09417372941970825,0.5144007802009583,0.8459569811820984,5.301360607147217,14.552804946899414,0.004893352743238211,0.12814855575561523,0.0,2.6666667461395264,0.0416666679084301,191.75
No self collision,q2l4sxxn,2026-07-17_19-30-54_05_04_gmr_no_self_collision_seed_42_iter_1000_20260717T143245Z,111,0.3860672201961279,23.58,0.5969972014427185,0.11960425227880478,0.20832239091396332,0.09420903772115707,0.5152977705001831,0.8507627248764038,5.3035383224487305,14.512142181396484,0.00470702676102519,0.12365220487117767,0.0,2.9583334922790527,0.0833333358168602,182.9166717529297
No self collision,q2l4sxxn,2026-07-17_19-30-54_05_04_gmr_no_self_collision_seed_42_iter_1000_20260717T143245Z,112,0.4139037291333079,24.04,0.5951290130615234,0.12226442992687225,0.2104005515575409,0.09527244418859482,0.515720784664154,0.8509647250175476,5.278563499450684,14.439265251159668,0.0048588598147034645,0.128224715590477,0.0,2.9583334922790527,0.0833333358168602,176.95834350585938
No self collision,q2l4sxxn,2026-07-17_19-30-54_05_04_gmr_no_self_collision_seed_42_iter_1000_20260717T143245Z,113,0.3943569936603308,22.76,0.5933009386062622,0.12535104155540466,0.21046099066734314,0.09593411535024643,0.5142894387245178,0.8501067161560059,5.232694149017334,14.396540641784668,0.004631272051483393,0.126334547996521,0.0,3.0833334922790527,0.0833333358168602,175.08334350585938
No self collision,q2l4sxxn,2026-07-17_19-30-54_05_04_gmr_no_self_collision_seed_42_iter_1000_20260717T143245Z,114,0.4119294127263129,23.8,0.5914393067359924,0.1257951408624649,0.20828180015087128,0.09529030323028564,0.5092129707336426,0.8421861529350281,5.176646709442139,14.347572326660156,0.004311967641115189,0.11918364465236664,0.0,2.2083334922790527,0.0833333358168602,170.7916717529297
No self collision,q2l4sxxn,2026-07-17_19-30-54_05_04_gmr_no_self_collision_seed_42_iter_1000_20260717T143245Z,115,0.4360270278155804,23.72,0.5895864367485046,0.12646853923797607,0.2064308375120163,0.09500928968191147,0.5069150328636169,0.8430737257003784,5.156211853027344,14.290018081665039,0.0042487080208957195,0.12856273353099823,0.0,2.625,0.0,169.7916717529297
No self collision,q2l4sxxn,2026-07-17_19-30-54_05_04_gmr_no_self_collision_seed_42_iter_1000_20260717T143245Z,116,0.470512338867411,26.2,0.5877313017845154,0.1266474723815918,0.2061956822872162,0.09478873014450073,0.5057781934738159,0.8340648412704468,5.1135334968566895,14.253334045410156,0.004091982264071703,0.1255342960357666,0.0,2.7916667461395264,0.125,170.70834350585938
No self collision,q2l4sxxn,2026-07-17_19-30-54_05_04_gmr_no_self_collision_seed_42_iter_1000_20260717T143245Z,117,0.4183148251473904,23.97,0.586238443851471,0.12742120027542114,0.2048846334218979,0.0946960300207138,0.5056403875350952,0.841305673122406,5.109140396118164,14.166885375976562,0.0039837658405303955,0.12691262364387512,0.0,2.0416667461395264,0.125,162.83334350585938
No self collision,q2l4sxxn,2026-07-17_19-30-54_05_04_gmr_no_self_collision_seed_42_iter_1000_20260717T143245Z,118,0.4775325385481119,25.99,0.584130585193634,0.1305619180202484,0.20449158549308777,0.09541042894124985,0.5022149682044983,0.8311716914176941,5.032431602478027,14.168281555175781,0.004024452529847622,0.11568164825439453,0.0,1.625,0.2083333432674408,162.6666717529297
No self collision,q2l4sxxn,2026-07-17_19-30-54_05_04_gmr_no_self_collision_seed_42_iter_1000_20260717T143245Z,119,0.4409471413493156,24.47,0.5820815563201904,0.13178682327270508,0.2026093453168869,0.09567277878522873,0.49997803568840027,0.8372406959533691,5.011048316955566,14.083762168884277,0.0037036656867712736,0.12912681698799133,0.0,2.4583334922790527,0.0833333358168602,156.83334350585938
No self collision,q2l4sxxn,2026-07-17_19-30-54_05_04_gmr_no_self_collision_seed_42_iter_1000_20260717T143245Z,120,0.4513083463534713,25.63,0.5800309181213379,0.13463817536830902,0.20278558135032654,0.09580908715724945,0.5003693699836731,0.8332780599594116,4.968527793884277,14.025203704833984,0.0036375587806105614,0.13031648099422455,0.0,2.2916667461395264,0.0,156.5
No self collision,q2l4sxxn,2026-07-17_19-30-54_05_04_gmr_no_self_collision_seed_42_iter_1000_20260717T143245Z,121,0.4885535713285208,26.25,0.578586995601654,0.13919901847839355,0.20387893915176392,0.09646500647068024,0.4989343583583832,0.837038516998291,4.946863174438477,13.957565307617188,0.003588115330785513,0.13641156256198883,0.0,2.9166667461395264,0.0833333358168602,151.875
No self collision,q2l4sxxn,2026-07-17_19-30-54_05_04_gmr_no_self_collision_seed_42_iter_1000_20260717T143245Z,122,0.46760950557887554,24.66,0.5769618153572083,0.1389056146144867,0.20153650641441345,0.09571700543165207,0.496337890625,0.8357433080673218,4.916782379150391,13.923423767089844,0.0036534680984914303,0.12567947804927826,0.0,2.0833334922790527,0.0833333358168602,153.70834350585938
No self collision,q2l4sxxn,2026-07-17_19-30-54_05_04_gmr_no_self_collision_seed_42_iter_1000_20260717T143245Z,123,0.4945509223267436,26.13,0.5749961137771606,0.14308324456214905,0.20179089903831482,0.09680888056755066,0.4971960484981537,0.8410098552703857,4.910637378692627,13.828056335449219,0.003477560356259346,0.12510885298252106,0.0,2.25,0.0,146.83334350585938
No self collision,q2l4sxxn,2026-07-17_19-30-54_05_04_gmr_no_self_collision_seed_42_iter_1000_20260717T143245Z,124,0.5026179113984108,27.31,0.5735492706298828,0.14455083012580872,0.2008228749036789,0.09730659425258636,0.49636977910995483,0.8402329683303833,4.866872310638428,13.793180465698242,0.0035617868416011333,0.1334463655948639,0.0,2.5833334922790527,0.0833333358168602,146.1666717529297
No self collision,q2l4sxxn,2026-07-17_19-30-54_05_04_gmr_no_self_collision_seed_42_iter_1000_20260717T143245Z,125,0.5475469613820314,28.29,0.5718666315078735,0.14554518461227417,0.2017671912908554,0.09712551534175873,0.4965817630290985,0.8369464874267578,4.867093086242676,13.757923126220703,0.003254604060202837,0.14012402296066284,0.0,2.4583334922790527,0.0833333358168602,145.0
No self collision,q2l4sxxn,2026-07-17_19-30-54_05_04_gmr_no_self_collision_seed_42_iter_1000_20260717T143245Z,126,0.5762003625184298,29.22,0.5701949000358582,0.14496947824954987,0.19761179387569427,0.09651124477386475,0.49275824427604675,0.8297042846679688,4.80351448059082,13.699145317077637,0.003273698966950178,0.1371128261089325,0.0,2.5833334922790527,0.0,142.45834350585938
No self collision,q2l4sxxn,2026-07-17_19-30-54_05_04_gmr_no_self_collision_seed_42_iter_1000_20260717T143245Z,127,0.5628351074457169,28.23,0.5681933760643005,0.14331474900245667,0.1953766942024231,0.09566768258810043,0.48907777667045593,0.8253458738327026,4.802891731262207,13.652735710144043,0.0032046919222921133,0.13867178559303284,0.0,2.2916667461395264,0.1666666716337204,145.83334350585938
No self collision,q2l4sxxn,2026-07-17_19-30-54_05_04_gmr_no_self_collision_seed_42_iter_1000_20260717T143245Z,128,0.5829991551488638,27.74,0.566737949848175,0.14270445704460144,0.19327425956726074,0.09559494256973267,0.4904605746269226,0.823755145072937,4.786645412445068,13.587851524353027,0.0031684571877121925,0.12654149532318115,0.0,2.5,0.0833333358168602,147.2916717529297
No self collision,q2l4sxxn,2026-07-17_19-30-54_05_04_gmr_no_self_collision_seed_42_iter_1000_20260717T143245Z,129,0.5924152721464634,28.3,0.5652226209640503,0.1405719369649887,0.19176936149597168,0.09536828845739365,0.48515862226486206,0.8186771869659424,4.752883434295654,13.534944534301758,0.003098856657743454,0.13348393142223358,0.0,2.1666667461395264,0.0416666679084301,147.375
No self collision,q2l4sxxn,2026-07-17_19-30-54_05_04_gmr_no_self_collision_seed_42_iter_1000_20260717T143245Z,130,0.6340723571740091,30.76,0.5639578104019165,0.14409668743610382,0.19255375862121582,0.09602782130241394,0.49203968048095703,0.8240029215812683,4.761565685272217,13.470853805541992,0.00286183413118124,0.13138268887996674,0.0,2.1666667461395264,0.0416666679084301,142.5
No self collision,q2l4sxxn,2026-07-17_19-30-54_05_04_gmr_no_self_collision_seed_42_iter_1000_20260717T143245Z,131,0.6427564157545567,29.76,0.5630429983139038,0.1477108895778656,0.1925976574420929,0.09688422083854675,0.4903111457824707,0.8278676271438599,4.736936092376709,13.442575454711914,0.0029791980050504208,0.13979807496070862,0.0,2.75,0.0,137.1666717529297
No self collision,q2l4sxxn,2026-07-17_19-30-54_05_04_gmr_no_self_collision_seed_42_iter_1000_20260717T143245Z,132,0.6352300158143044,30.58,0.5622184872627258,0.1519700288772583,0.19183282554149628,0.09794598072767258,0.49024415016174316,0.8342852592468262,4.721407890319824,13.387128829956055,0.003039840143173933,0.13941165804862976,0.0,2.375,0.0,134.1666717529297
No self collision,q2l4sxxn,2026-07-17_19-30-54_05_04_gmr_no_self_collision_seed_42_iter_1000_20260717T143245Z,133,0.5835068515688181,28.29,0.5605801939964294,0.15554429590702057,0.19351789355278015,0.09811245650053024,0.491732120513916,0.8374327421188354,4.712982177734375,13.334288597106934,0.003101293696090579,0.14288154244422913,0.0,2.0833334922790527,0.0,132.83334350585938
No self collision,q2l4sxxn,2026-07-17_19-30-54_05_04_gmr_no_self_collision_seed_42_iter_1000_20260717T143245Z,134,0.6147775479406118,29.41,0.5584080815315247,0.1543443202972412,0.19317078590393066,0.09790694713592529,0.48807990550994873,0.837902307510376,4.699843406677246,13.325143814086914,0.003144493792206049,0.14480629563331604,0.0,2.4166667461395264,0.0416666679084301,131.75
No self collision,q2l4sxxn,2026-07-17_19-30-54_05_04_gmr_no_self_collision_seed_42_iter_1000_20260717T143245Z,135,0.6609400703012943,32.12,0.5563509464263916,0.1582590937614441,0.19225911796092987,0.0988425612449646,0.48733052611351013,0.8424863219261169,4.656009197235107,13.29273796081543,0.00305353756994009,0.13984501361846924,0.0,3.0416667461395264,0.0,131.0
No self collision,q2l4sxxn,2026-07-17_19-30-54_05_04_gmr_no_self_collision_seed_42_iter_1000_20260717T143245Z,136,0.621764589548111,29.21,0.5548409819602966,0.1600620150566101,0.18983471393585205,0.09809692203998566,0.48574039340019226,0.839331865310669,4.630856513977051,13.185247421264648,0.0031621018424630165,0.13503533601760864,0.0,2.875,0.0,130.9166717529297
No self collision,q2l4sxxn,2026-07-17_19-30-54_05_04_gmr_no_self_collision_seed_42_iter_1000_20260717T143245Z,137,0.7011624630540609,32.92,0.5529187321662903,0.15989229083061218,0.18996107578277588,0.0982685312628746,0.4854186773300171,0.8392111659049988,4.619649410247803,13.105276107788086,0.003129297634586692,0.14131677150726318,0.0,3.125,0.0416666679084301,129.9166717529297
No self collision,q2l4sxxn,2026-07-17_19-30-54_05_04_gmr_no_self_collision_seed_42_iter_1000_20260717T143245Z,138,0.7509780424833298,34.41,0.5509892106056213,0.16201040148735046,0.1900918185710907,0.09865079820156097,0.487590491771698,0.845665693283081,4.613038539886475,13.04902172088623,0.0029827223625034094,0.1464294046163559,0.0,4.083333492279053,0.0416666679084301,125.79167175292969
No self collision,q2l4sxxn,2026-07-17_19-30-54_05_04_gmr_no_self_collision_seed_42_iter_1000_20260717T143245Z,139,0.7326404735445976,31.8,0.5493757724761963,0.16134896874427795,0.18804287910461426,0.0986516922712326,0.4851110577583313,0.8436581492424011,4.600310325622559,12.995561599731445,0.0031018536537885666,0.15737806260585785,0.0,3.625,0.0833333358168602,126.66667175292969
No self collision,q2l4sxxn,2026-07-17_19-30-54_05_04_gmr_no_self_collision_seed_42_iter_1000_20260717T143245Z,140,0.695371856354177,31.82,0.5473144054412842,0.16756603121757507,0.19078251719474792,0.09884019196033478,0.4838295876979828,0.845880389213562,4.564952373504639,12.936843872070312,0.0029343776404857635,0.14656800031661987,0.0,3.4583334922790527,0.0416666679084301,125.75
No self collision,q2l4sxxn,2026-07-17_19-30-54_05_04_gmr_no_self_collision_seed_42_iter_1000_20260717T143245Z,141,0.6721986259520054,31.2,0.545301616191864,0.16580656170845032,0.18869179487228394,0.0986284464597702,0.4818255305290222,0.8403333425521851,4.530529975891113,12.873759269714355,0.0030078513082116842,0.1576569378376007,0.0,3.5416667461395264,0.0,124.45833587646484
No self collision,q2l4sxxn,2026-07-17_19-30-54_05_04_gmr_no_self_collision_seed_42_iter_1000_20260717T143245Z,142,0.746860332712531,33.27,0.5434292554855347,0.16619716584682465,0.1902579367160797,0.09913098812103271,0.48533615469932556,0.8493830561637878,4.561970233917236,12.824399948120117,0.00298860901966691,0.1549605429172516,0.0,3.9583334922790527,0.0,123.16667175292969
No self collision,q2l4sxxn,2026-07-17_19-30-54_05_04_gmr_no_self_collision_seed_42_iter_1000_20260717T143245Z,143,0.7662730614840985,33.22,0.541827380657196,0.1681482046842575,0.18705058097839355,0.09848813712596893,0.4794106185436249,0.8466681241989136,4.504019737243652,12.738655090332031,0.0029932749457657337,0.1567651778459549,0.0,3.75,0.0,119.33333587646484
No self collision,q2l4sxxn,2026-07-17_19-30-54_05_04_gmr_no_self_collision_seed_42_iter_1000_20260717T143245Z,144,0.7334537701308728,32.57,0.5400568842887878,0.17102937400341034,0.18989455699920654,0.09880465269088745,0.4787468910217285,0.8464728593826294,4.479611873626709,12.656484603881836,0.0030340878292918205,0.1554674208164215,0.0,3.2916667461395264,0.0416666679084301,117.5
No self collision,q2l4sxxn,2026-07-17_19-30-54_05_04_gmr_no_self_collision_seed_42_iter_1000_20260717T143245Z,145,0.7962003189325333,34.54,0.5384783148765564,0.17187714576721191,0.1883554905653,0.09880547225475311,0.47766876220703125,0.8436357378959656,4.466163158416748,12.61482048034668,0.0029809107072651386,0.15605893731117249,0.0,4.4166669845581055,0.0,123.54167175292969
No self collision,q2l4sxxn,2026-07-17_19-30-54_05_04_gmr_no_self_collision_seed_42_iter_1000_20260717T143245Z,146,0.7777717786282301,33.03,0.5373071432113647,0.1717802733182907,0.18882274627685547,0.09889209270477295,0.4759792685508728,0.84998619556427,4.454663276672363,12.58393383026123,0.002930760383605957,0.15208663046360016,0.0,3.9583334922790527,0.0416666679084301,117.70833587646484
No self collision,q2l4sxxn,2026-07-17_19-30-54_05_04_gmr_no_self_collision_seed_42_iter_1000_20260717T143245Z,147,0.8499256730079651,36.09,0.5354098677635193,0.17382392287254333,0.18880198895931244,0.0984310433268547,0.47555145621299744,0.844031810760498,4.428255081176758,12.528251647949219,0.0028674318455159664,0.15979203581809998,0.0,3.6666667461395264,0.0,115.95833587646484
No self collision,q2l4sxxn,2026-07-17_19-30-54_05_04_gmr_no_self_collision_seed_42_iter_1000_20260717T143245Z,148,0.7788479407131672,33.54,0.5335168838500977,0.1730899065732956,0.18888728320598602,0.09886455535888672,0.47572821378707886,0.8469470739364624,4.426657676696777,12.493868827819824,0.0029189977794885635,0.15563994646072388,0.0,3.3333334922790527,0.0,119.25
No self collision,q2l4sxxn,2026-07-17_19-30-54_05_04_gmr_no_self_collision_seed_42_iter_1000_20260717T143245Z,149,0.8314409801363944,35.34,0.5318126678466797,0.1738453209400177,0.18877723813056946,0.09864922612905502,0.4716631770133972,0.8498938083648682,4.414453983306885,12.447860717773438,0.0028323079459369183,0.15526136755943298,0.0,4.208333492279053,0.0,119.25
No self collision,q2l4sxxn,2026-07-17_19-30-54_05_04_gmr_no_self_collision_seed_42_iter_1000_20260717T143245Z,150,0.814587977528572,34.3,0.530046820640564,0.17467252910137177,0.1868099868297577,0.09835003316402435,0.47227776050567627,0.8471919894218445,4.39418888092041,12.347631454467773,0.0029646994080394506,0.16006295382976532,0.0,4.125,0.0,118.04167175292969
No self collision,q2l4sxxn,2026-07-17_19-30-54_05_04_gmr_no_self_collision_seed_42_iter_1000_20260717T143245Z,151,0.8388643668591976,33.9,0.5284857153892517,0.1724439114332199,0.18437336385250092,0.09759985655546188,0.46799445152282715,0.8424952030181885,4.372798919677734,12.327083587646484,0.0027988608926534653,0.15399578213691711,0.0,3.0,0.0416666679084301,117.625
No self collision,q2l4sxxn,2026-07-17_19-30-54_05_04_gmr_no_self_collision_seed_42_iter_1000_20260717T143245Z,152,0.7474854481220246,31.66,0.5272944569587708,0.17350909113883972,0.1850583553314209,0.09767228364944458,0.46855780482292175,0.8410065174102783,4.34934139251709,12.250547409057617,0.002732357708737254,0.14730896055698395,0.0,3.5416667461395264,0.0,120.375
No self collision,q2l4sxxn,2026-07-17_19-30-54_05_04_gmr_no_self_collision_seed_42_iter_1000_20260717T143245Z,153,0.799995235800743,32.51,0.5258387327194214,0.1737585961818695,0.1858643740415573,0.09791573137044907,0.46903085708618164,0.8412848711013794,4.359586715698242,12.193766593933105,0.0024960925802588463,0.17583760619163513,0.0,3.2916667461395264,0.0,116.91667175292969
No self collision,q2l4sxxn,2026-07-17_19-30-54_05_04_gmr_no_self_collision_seed_42_iter_1000_20260717T143245Z,154,0.9159134308993816,36.24,0.5241549015045166,0.17470374703407288,0.18426448106765747,0.09767019003629684,0.46409329771995544,0.8412584066390991,4.318515777587891,12.171432495117188,0.002532558748498559,0.18321120738983154,0.0,3.3333334922790527,0.0,116.29167175292969
No self collision,q2l4sxxn,2026-07-17_19-30-54_05_04_gmr_no_self_collision_seed_42_iter_1000_20260717T143245Z,155,0.9759761127829552,37.67,0.5225714445114136,0.17529945075511932,0.18463300168514252,0.09775836765766144,0.46435409784317017,0.8374201059341431,4.314308166503906,12.085195541381836,0.0025513016153126955,0.1785432994365692,0.0,3.6666667461395264,0.0,115.29167175292969
No self collision,q2l4sxxn,2026-07-17_19-30-54_05_04_gmr_no_self_collision_seed_42_iter_1000_20260717T143245Z,156,0.9054516226053237,36.09,0.5211853384971619,0.1740070879459381,0.18367640674114227,0.09805961698293686,0.4653456211090088,0.8394813537597656,4.298795700073242,12.035820007324219,0.002613828983157873,0.15906214714050293,0.0,3.6666667461395264,0.0,118.20833587646484
No self collision,q2l4sxxn,2026-07-17_19-30-54_05_04_gmr_no_self_collision_seed_42_iter_1000_20260717T143245Z,157,0.8369074711203575,32.85,0.5199027061462402,0.17465436458587646,0.18196946382522583,0.09760425984859467,0.4613811671733856,0.8411293029785156,4.292806625366211,11.997149467468262,0.0023264246992766857,0.1608419418334961,0.0,3.375,0.0,114.875
No self collision,q2l4sxxn,2026-07-17_19-30-54_05_04_gmr_no_self_collision_seed_42_iter_1000_20260717T143245Z,158,0.9207271653413772,36.61,0.518110454082489,0.1747417449951172,0.18118131160736084,0.09748564660549164,0.4616285264492035,0.8307242393493652,4.263665199279785,11.957048416137695,0.002377620432525873,0.1585931032896042,0.0,3.75,0.0,116.20833587646484
No self collision,q2l4sxxn,2026-07-17_19-30-54_05_04_gmr_no_self_collision_seed_42_iter_1000_20260717T143245Z,159,0.8670773391425609,34.54,0.5162173509597778,0.17570434510707855,0.18244080245494843,0.09780395030975342,0.466129869222641,0.8356172442436218,4.2862467765808105,11.91684341430664,0.0022666254080832005,0.1670035421848297,0.0,3.375,0.0833333358168602,114.91667175292969
No self collision,q2l4sxxn,2026-07-17_19-30-54_05_04_gmr_no_self_collision_seed_42_iter_1000_20260717T143245Z,160,0.9647383719682694,36.8,0.5144972205162048,0.1773950308561325,0.18373605608940125,0.09769715368747711,0.46242809295654297,0.84014892578125,4.265311241149902,11.800841331481934,0.002200762275606394,0.1813810169696808,0.0,3.0416667461395264,0.0,114.79167175292969
No self collision,q2l4sxxn,2026-07-17_19-30-54_05_04_gmr_no_self_collision_seed_42_iter_1000_20260717T143245Z,161,1.0109911885857583,37.48,0.5126592516899109,0.17866115272045135,0.18285517394542694,0.09782975167036057,0.45933300256729126,0.8385518789291382,4.225029468536377,11.777435302734375,0.002328029368072748,0.18612468242645264,0.0,3.8333334922790527,0.0,111.625
No self collision,q2l4sxxn,2026-07-17_19-30-54_05_04_gmr_no_self_collision_seed_42_iter_1000_20260717T143245Z,162,0.8236511166393757,33.55,0.5111817121505737,0.1795780062675476,0.18414902687072754,0.0977724939584732,0.4617026448249817,0.8462177515029907,4.24101448059082,11.712386131286621,0.0023987465538084507,0.1695798933506012,0.0,3.8333334922790527,0.0416666679084301,112.29167175292969
No self collision,q2l4sxxn,2026-07-17_19-30-54_05_04_gmr_no_self_collision_seed_42_iter_1000_20260717T143245Z,163,0.8504232396185398,33.23,0.509353518486023,0.17768582701683044,0.18176576495170593,0.09740155190229416,0.4599708020687103,0.8420761823654175,4.221523761749268,11.661901473999023,0.0022619329392910004,0.1678975224494934,0.0,3.875,0.0,114.66667175292969
No self collision,q2l4sxxn,2026-07-17_19-30-54_05_04_gmr_no_self_collision_seed_42_iter_1000_20260717T143245Z,164,0.9719480013847351,36.75,0.5075750946998596,0.17973601818084717,0.18271951377391815,0.09717851877212524,0.4562877118587494,0.8342108130455017,4.1842360496521,11.590503692626953,0.002176639623939991,0.18010002374649048,0.0,3.5,0.0,112.83333587646484
No self collision,q2l4sxxn,2026-07-17_19-30-54_05_04_gmr_no_self_collision_seed_42_iter_1000_20260717T143245Z,165,1.0057576924562455,36.64,0.5061259865760803,0.1811046302318573,0.1819906234741211,0.0971747487783432,0.45556673407554626,0.8388022184371948,4.17680549621582,11.521827697753906,0.0022114221937954426,0.17662958800792694,0.0,4.0416669845581055,0.0,108.83333587646484
No self collision,q2l4sxxn,2026-07-17_19-30-54_05_04_gmr_no_self_collision_seed_42_iter_1000_20260717T143245Z,166,1.113595400005579,38.65,0.5043298602104187,0.1797821819782257,0.18191365897655487,0.09712245315313339,0.4534231126308441,0.8363542556762695,4.1471123695373535,11.460626602172852,0.00203058123588562,0.17797759175300598,0.0,4.583333492279053,0.0,113.54167175292969
No self collision,q2l4sxxn,2026-07-17_19-30-54_05_04_gmr_no_self_collision_seed_42_iter_1000_20260717T143245Z,167,1.0238619785010814,37.07,0.502851128578186,0.18022947013378143,0.18054109811782837,0.09746181964874268,0.4527099132537842,0.8405949473381042,4.146460056304932,11.401995658874512,0.002094221767038107,0.1706167459487915,0.0,4.875,0.0,112.25
No self collision,q2l4sxxn,2026-07-17_19-30-54_05_04_gmr_no_self_collision_seed_42_iter_1000_20260717T143245Z,168,1.0624471801519393,37.17,0.5014698505401611,0.18055719137191772,0.17770835757255554,0.09706562012434006,0.4526062607765198,0.8356903791427612,4.135015487670898,11.33332633972168,0.0019791987724602222,0.17749613523483276,0.0,4.0416669845581055,0.0,109.75
No self collision,q2l4sxxn,2026-07-17_19-30-54_05_04_gmr_no_self_collision_seed_42_iter_1000_20260717T143245Z,169,1.064731320142746,37.96,0.5006198287010193,0.18406212329864502,0.17923080921173096,0.09787996858358383,0.45790895819664,0.8422548174858093,4.139666557312012,11.282279968261719,0.002133595757186413,0.18958556652069092,0.0,4.1666669845581055,0.0416666679084301,108.75
No self collision,q2l4sxxn,2026-07-17_19-30-54_05_04_gmr_no_self_collision_seed_42_iter_1000_20260717T143245Z,170,1.0177858403325082,36.49,0.4997619092464447,0.18358775973320007,0.18042807281017303,0.09739606827497482,0.4528511166572571,0.8398056030273438,4.123198986053467,11.254969596862793,0.002228199504315853,0.18488475680351257,0.0,4.25,0.0416666679084301,111.58333587646484
No self collision,q2l4sxxn,2026-07-17_19-30-54_05_04_gmr_no_self_collision_seed_42_iter_1000_20260717T143245Z,171,1.0104522806406022,36.9,0.49896931648254395,0.18230251967906952,0.17964844405651093,0.09786602109670639,0.4530681073665619,0.84023118019104,4.1202898025512695,11.24420166015625,0.002064121887087822,0.17346183955669403,0.0,4.5416669845581055,0.0,108.5
No self collision,q2l4sxxn,2026-07-17_19-30-54_05_04_gmr_no_self_collision_seed_42_iter_1000_20260717T143245Z,172,0.9885995397344232,37.05,0.49815240502357483,0.18466642498970032,0.17822623252868652,0.09778809547424316,0.4505951404571533,0.8369874954223633,4.079074859619141,11.201179504394531,0.0022089206613600254,0.1841696947813034,0.0,4.6666669845581055,0.0,106.95833587646484
No self collision,q2l4sxxn,2026-07-17_19-30-54_05_04_gmr_no_self_collision_seed_42_iter_1000_20260717T143245Z,173,0.9656751154363156,35.49,0.4973500967025757,0.18676768243312836,0.1789204329252243,0.09767361730337143,0.45217177271842957,0.8466553092002869,4.105985641479492,11.17219352722168,0.0022003091871738434,0.17110894620418549,0.0,4.875,0.0416666679084301,109.83333587646484
No self collision,q2l4sxxn,2026-07-17_19-30-54_05_04_gmr_no_self_collision_seed_42_iter_1000_20260717T143245Z,174,0.9628527575731277,34.75,0.4959664046764374,0.18363724648952484,0.17935070395469666,0.09808047115802765,0.4525880813598633,0.8395781517028809,4.104674339294434,11.173238754272461,0.0021742465905845165,0.18132835626602173,0.0,4.7916669845581055,0.0,107.70833587646484
No self collision,q2l4sxxn,2026-07-17_19-30-54_05_04_gmr_no_self_collision_seed_42_iter_1000_20260717T143245Z,175,0.9997127979993821,35.8,0.4942292869091034,0.18788668513298035,0.1797693967819214,0.0981791615486145,0.4527008533477783,0.8480489253997803,4.105564117431641,11.121058464050293,0.0023106448352336884,0.17585095763206482,0.0,5.0,0.0,106.875
No self collision,q2l4sxxn,2026-07-17_19-30-54_05_04_gmr_no_self_collision_seed_42_iter_1000_20260717T143245Z,176,1.110732550919056,38.29,0.49258071184158325,0.19081589579582214,0.17943060398101807,0.09870952367782593,0.4512358605861664,0.8461322784423828,4.057040214538574,11.087501525878906,0.002288571558892727,0.16437318921089172,0.0,5.5,0.0,103.5
No self collision,q2l4sxxn,2026-07-17_19-30-54_05_04_gmr_no_self_collision_seed_42_iter_1000_20260717T143245Z,177,1.0342312593758107,37.26,0.49129125475883484,0.18849647045135498,0.17748454213142395,0.09817443788051605,0.4506656527519226,0.8397221565246582,4.059010028839111,10.995040893554688,0.002181094605475664,0.16954290866851807,0.0,4.5,0.0,104.5
No self collision,q2l4sxxn,2026-07-17_19-30-54_05_04_gmr_no_self_collision_seed_42_iter_1000_20260717T143245Z,178,1.172154863253236,40.11,0.48995593190193176,0.189920574426651,0.1777898520231247,0.09817953407764435,0.44621366262435913,0.8437278270721436,4.022304058074951,10.960330963134766,0.0023664338514208794,0.15723277628421783,0.0,4.5416669845581055,0.0,108.16667175292969
No self collision,q2l4sxxn,2026-07-17_19-30-54_05_04_gmr_no_self_collision_seed_42_iter_1000_20260717T143245Z,179,1.1464151598513126,39.13,0.48838096857070923,0.19100289046764374,0.1772674024105072,0.09794627130031586,0.4469718337059021,0.8468413352966309,4.035581588745117,10.941610336303711,0.0023068324662745,0.15595224499702454,0.0,5.1666669845581055,0.0,106.0
No self collision,q2l4sxxn,2026-07-17_19-30-54_05_04_gmr_no_self_collision_seed_42_iter_1000_20260717T143245Z,180,1.1540483933687211,38.96,0.48726996779441833,0.18825653195381165,0.17726001143455505,0.09794197976589203,0.4484112858772278,0.842970073223114,4.020520210266113,10.886062622070312,0.0020802803337574005,0.15870431065559387,0.0,4.708333492279053,0.0,105.41667175292969
No self collision,q2l4sxxn,2026-07-17_19-30-54_05_04_gmr_no_self_collision_seed_42_iter_1000_20260717T143245Z,181,1.1590635675191878,39.25,0.4862789213657379,0.18990373611450195,0.17762839794158936,0.09797720611095428,0.44631004333496094,0.8435720801353455,4.012491226196289,10.804931640625,0.0022577252238988876,0.1685372292995453,0.0,5.458333492279053,0.0,103.16667175292969
No self collision,q2l4sxxn,2026-07-17_19-30-54_05_04_gmr_no_self_collision_seed_42_iter_1000_20260717T143245Z,182,1.0764627209305764,36.95,0.4851645529270172,0.19210591912269592,0.17938265204429626,0.09851203858852386,0.4447958469390869,0.8431626558303833,4.005443572998047,10.827255249023438,0.002191385952755809,0.17114178836345673,0.0,4.9166669845581055,0.0,105.58333587646484
No self collision,q2l4sxxn,2026-07-17_19-30-54_05_04_gmr_no_self_collision_seed_42_iter_1000_20260717T143245Z,183,1.0888721479475498,37.96,0.4842210114002228,0.1880001276731491,0.178852841258049,0.09788193553686142,0.4431760907173157,0.8424598574638367,3.9989333152770996,10.813743591308594,0.002220004331320524,0.16329966485500336,0.0,4.5416669845581055,0.0,104.91667175292969
No self collision,q2l4sxxn,2026-07-17_19-30-54_05_04_gmr_no_self_collision_seed_42_iter_1000_20260717T143245Z,184,1.0690588277578355,37.26,0.48289981484413147,0.19235680997371674,0.17781178653240204,0.0979369580745697,0.4432101845741272,0.8425194621086121,3.9735350608825684,10.7443265914917,0.0021771194878965616,0.17161604762077332,0.0,5.25,0.0,104.625
No self collision,q2l4sxxn,2026-07-17_19-30-54_05_04_gmr_no_self_collision_seed_42_iter_1000_20260717T143245Z,185,1.1251812815666198,38.16,0.48164695501327515,0.191742941737175,0.17692343890666962,0.09793391078710556,0.44114017486572266,0.843596339225769,3.9659669399261475,10.713885307312012,0.0022585177794098854,0.1626904159784317,0.0,5.5416669845581055,0.0,103.45833587646484
No self collision,q2l4sxxn,2026-07-17_19-30-54_05_04_gmr_no_self_collision_seed_42_iter_1000_20260717T143245Z,186,1.1320343601703644,39.5,0.4799795150756836,0.1927904188632965,0.17587821185588837,0.09815707802772522,0.44172677397727966,0.8472685813903809,3.955390453338623,10.692510604858398,0.0022822075989097357,0.15824416279792786,0.0,6.083333492279053,0.0,103.95833587646484
No self collision,q2l4sxxn,2026-07-17_19-30-54_05_04_gmr_no_self_collision_seed_42_iter_1000_20260717T143245Z,187,1.2016841873526574,40.21,0.4787554144859314,0.19232861697673798,0.1760442852973938,0.09812800586223602,0.44137144088745117,0.8454489707946777,3.968832492828369,10.653042793273926,0.0021578161977231503,0.174542635679245,0.0,5.125,0.0,100.875
No self collision,q2l4sxxn,2026-07-17_19-30-54_05_04_gmr_no_self_collision_seed_42_iter_1000_20260717T143245Z,188,1.173630073070526,39.44,0.47750797867774963,0.190833181142807,0.17701953649520874,0.0973694771528244,0.43979495763778687,0.8366233110427856,3.9323906898498535,10.58900260925293,0.002048507798463106,0.17098945379257202,0.0,5.125,0.0,104.58333587646484
No self collision,q2l4sxxn,2026-07-17_19-30-54_05_04_gmr_no_self_collision_seed_42_iter_1000_20260717T143245Z,189,1.0546333482861519,37.44,0.47598767280578613,0.19716662168502808,0.17717334628105164,0.09814107418060303,0.43755412101745605,0.8479050397872925,3.9160876274108887,10.560628890991211,0.0021806752774864435,0.17013297975063324,0.0,5.583333492279053,0.0,104.04167175292969
No self collision,q2l4sxxn,2026-07-17_19-30-54_05_04_gmr_no_self_collision_seed_42_iter_1000_20260717T143245Z,190,1.139837889522314,38.81,0.47482457756996155,0.19420599937438965,0.17708951234817505,0.09749623388051987,0.43668365478515625,0.8406583666801453,3.9091148376464844,10.522146224975586,0.0021255211904644966,0.16414371132850647,0.0,5.083333492279053,0.0,101.08333587646484
No self collision,q2l4sxxn,2026-07-17_19-30-54_05_04_gmr_no_self_collision_seed_42_iter_1000_20260717T143245Z,191,1.3018268278241159,43.16,0.47387656569480896,0.19491243362426758,0.1762559413909912,0.09817584604024887,0.4400615096092224,0.841984212398529,3.9145095348358154,10.47270679473877,0.00199095718562603,0.1723955273628235,0.0,4.9166669845581055,0.0,103.33333587646484
No self collision,q2l4sxxn,2026-07-17_19-30-54_05_04_gmr_no_self_collision_seed_42_iter_1000_20260717T143245Z,192,1.274970096051693,40.88,0.4730469286441803,0.19377796351909637,0.17595624923706055,0.09781106561422348,0.4363982081413269,0.8396689891815186,3.885751247406006,10.411298751831055,0.0020564598962664604,0.1539698839187622,0.0,5.25,0.0,101.625
No self collision,q2l4sxxn,2026-07-17_19-30-54_05_04_gmr_no_self_collision_seed_42_iter_1000_20260717T143245Z,193,1.235021999925375,41.13,0.4719430208206177,0.19500938057899475,0.17673373222351074,0.09758584946393967,0.43841540813446045,0.843604564666748,3.9011008739471436,10.391977310180664,0.002179378643631935,0.16255740821361542,0.0,5.5416669845581055,0.0,101.79167175292969
No self collision,q2l4sxxn,2026-07-17_19-30-54_05_04_gmr_no_self_collision_seed_42_iter_1000_20260717T143245Z,194,1.1586466440558434,40.27,0.47083690762519836,0.19621792435646057,0.17813166975975037,0.09847500175237656,0.4382862448692322,0.844571053981781,3.8852133750915527,10.351661682128906,0.002183574717491865,0.17188410460948944,0.0,5.458333492279053,0.0,101.625
No self collision,q2l4sxxn,2026-07-17_19-30-54_05_04_gmr_no_self_collision_seed_42_iter_1000_20260717T143245Z,195,1.1329216480255127,36.97,0.4700687825679779,0.19507209956645966,0.1754826158285141,0.09834659099578857,0.4362189471721649,0.8473452925682068,3.875720500946045,10.343482971191406,0.002200603950768709,0.1602194905281067,0.0,4.958333492279053,0.0,98.58333587646484
No self collision,q2l4sxxn,2026-07-17_19-30-54_05_04_gmr_no_self_collision_seed_42_iter_1000_20260717T143245Z,196,1.2405877701938153,40.0,0.4687449038028717,0.19573664665222168,0.17605619132518768,0.09750153869390488,0.43463024497032166,0.8434960842132568,3.862957000732422,10.308860778808594,0.002146657556295395,0.16185563802719116,0.0,6.333333492279053,0.0,101.20833587646484
No self collision,q2l4sxxn,2026-07-17_19-30-54_05_04_gmr_no_self_collision_seed_42_iter_1000_20260717T143245Z,197,1.306498326510191,42.24,0.4673856198787689,0.19600729644298553,0.17660288512706757,0.097701296210289,0.43738850951194763,0.8420337438583374,3.8745572566986084,10.253910064697266,0.002142575103789568,0.16998855769634247,0.0,6.208333492279053,0.0,100.41667175292969
No self collision,q2l4sxxn,2026-07-17_19-30-54_05_04_gmr_no_self_collision_seed_42_iter_1000_20260717T143245Z,198,1.1213802143931388,37.7,0.4661788046360016,0.1976097673177719,0.17436641454696655,0.09772814810276031,0.4347892701625824,0.844096839427948,3.8478622436523438,10.208064079284668,0.00218208902515471,0.16287881135940552,0.0,5.875,0.0,98.83333587646484
No self collision,q2l4sxxn,2026-07-17_19-30-54_05_04_gmr_no_self_collision_seed_42_iter_1000_20260717T143245Z,199,1.195214556902647,38.64,0.46487975120544434,0.19883500039577484,0.17783117294311523,0.09804876893758774,0.4339810311794281,0.848090410232544,3.8552863597869873,10.180594444274902,0.002101543126627803,0.16358698904514313,0.0,5.375,0.0,100.45833587646484
No self collision,q2l4sxxn,2026-07-17_19-30-54_05_04_gmr_no_self_collision_seed_42_iter_1000_20260717T143245Z,200,1.2660348629951477,41.12,0.4635259211063385,0.19837939739227295,0.1748110055923462,0.09830065071582794,0.43231654167175293,0.844316840171814,3.830076217651367,10.158740997314453,0.0022217226214706898,0.1632823795080185,0.0,5.375,0.0,102.875
No self collision,q2l4sxxn,2026-07-17_19-30-54_05_04_gmr_no_self_collision_seed_42_iter_1000_20260717T143245Z,201,1.2543125784397124,40.45,0.46232500672340393,0.1976185292005539,0.17616777122020721,0.09868903458118439,0.4341675639152527,0.8443259000778198,3.8342692852020264,10.107630729675293,0.002097307238727808,0.18067780137062073,0.0,5.833333492279053,0.0,100.08333587646484
No self collision,q2l4sxxn,2026-07-17_19-30-54_05_04_gmr_no_self_collision_seed_42_iter_1000_20260717T143245Z,202,1.1989534294605255,38.57,0.46115049719810486,0.19801770150661469,0.17584344744682312,0.098422110080719,0.43196922540664673,0.8421482443809509,3.814344882965088,10.054309844970703,0.00233641779050231,0.16951410472393036,0.0,6.1666669845581055,0.0,99.20833587646484
No self collision,q2l4sxxn,2026-07-17_19-30-54_05_04_gmr_no_self_collision_seed_42_iter_1000_20260717T143245Z,203,1.1976617249846457,39.15,0.4597034752368927,0.19768178462982178,0.17402780055999756,0.09809838980436325,0.4341515004634857,0.8457075953483582,3.822605848312378,10.020434379577637,0.002284927060827613,0.16521593928337097,0.0,5.6666669845581055,0.0,100.16667175292969
No self collision,q2l4sxxn,2026-07-17_19-30-54_05_04_gmr_no_self_collision_seed_42_iter_1000_20260717T143245Z,204,1.2830536553263665,40.15,0.45848891139030457,0.2011633813381195,0.17327630519866943,0.09798239171504974,0.4311487078666687,0.8435821533203125,3.7849268913269043,9.97526741027832,0.002354363678023219,0.16040131449699402,0.0,6.375,0.0,96.375
No self collision,q2l4sxxn,2026-07-17_19-30-54_05_04_gmr_no_self_collision_seed_42_iter_1000_20260717T143245Z,205,1.2048339986801146,39.27,0.457777738571167,0.19891534745693207,0.1746111959218979,0.09812428057193756,0.43232202529907227,0.8389359712600708,3.780343532562256,9.910364151000977,0.0022138801869004965,0.1637953519821167,0.0,6.0416669845581055,0.0,99.875
No self collision,q2l4sxxn,2026-07-17_19-30-54_05_04_gmr_no_self_collision_seed_42_iter_1000_20260717T143245Z,206,1.3032689175009728,42.35,0.4564621150493622,0.20362727344036102,0.17597723007202148,0.09863424301147461,0.43387195467948914,0.8520864248275757,3.7913050651550293,9.907038688659668,0.002066301181912422,0.16458027064800262,0.0,6.958333492279053,0.0,94.45833587646484
No self collision,q2l4sxxn,2026-07-17_19-30-54_05_04_gmr_no_self_collision_seed_42_iter_1000_20260717T143245Z,207,1.4411069384217263,43.78,0.4551108479499817,0.19982217252254486,0.17346303164958954,0.09827213734388351,0.42850956320762634,0.8361047506332397,3.7551417350769043,9.836772918701172,0.002215050859376788,0.1654156744480133,0.0,6.5416669845581055,0.0,100.75
No self collision,q2l4sxxn,2026-07-17_19-30-54_05_04_gmr_no_self_collision_seed_42_iter_1000_20260717T143245Z,208,1.3765462240576745,43.22,0.4539791941642761,0.20140604674816132,0.17428016662597656,0.09841139614582062,0.4313175082206726,0.8471188545227051,3.7757506370544434,9.811578750610352,0.0020494461059570312,0.1637139469385147,0.0,5.4166669845581055,0.0,95.83333587646484
No self collision,q2l4sxxn,2026-07-17_19-30-54_05_04_gmr_no_self_collision_seed_42_iter_1000_20260717T143245Z,209,1.4038270257413388,43.32,0.45288148522377014,0.20139074325561523,0.1738697737455368,0.0982825979590416,0.43087857961654663,0.8468831777572632,3.762284994125366,9.768827438354492,0.0021534529514610767,0.15820585191249847,0.0,6.5416669845581055,0.0,96.375
No self collision,q2l4sxxn,2026-07-17_19-30-54_05_04_gmr_no_self_collision_seed_42_iter_1000_20260717T143245Z,210,1.3672525510191917,42.5,0.4518103003501892,0.20372401177883148,0.1750212162733078,0.09884995222091675,0.429247111082077,0.8465415239334106,3.744410991668701,9.757477760314941,0.0020369677804410458,0.17106787860393524,0.0,6.958333492279053,0.0,97.04167175292969
No self collision,q2l4sxxn,2026-07-17_19-30-54_05_04_gmr_no_self_collision_seed_42_iter_1000_20260717T143245Z,211,1.3502107971906663,41.17,0.4508613348007202,0.2056550234556198,0.17671190202236176,0.09914203733205795,0.43315601348876953,0.8508052229881287,3.7669334411621094,9.693609237670898,0.0021303766407072544,0.18266314268112183,0.0,7.458333492279053,0.0,93.41667175292969
No self collision,q2l4sxxn,2026-07-17_19-30-54_05_04_gmr_no_self_collision_seed_42_iter_1000_20260717T143245Z,212,1.3660504505038262,42.4,0.4497063159942627,0.20533804595470428,0.17620187997817993,0.09878052771091461,0.4283023476600647,0.8459887504577637,3.7313144207000732,9.672737121582031,0.002216656692326069,0.16986680030822754,0.0,7.708333492279053,0.0,95.125
No self collision,q2l4sxxn,2026-07-17_19-30-54_05_04_gmr_no_self_collision_seed_42_iter_1000_20260717T143245Z,213,1.3017727264761925,40.27,0.4483198821544647,0.20445683598518372,0.17508022487163544,0.0991659089922905,0.4307166039943695,0.8494524955749512,3.7472894191741943,9.640746116638184,0.0020251437090337276,0.18262283504009247,0.0,8.75,0.0,97.29167175292969
No self collision,q2l4sxxn,2026-07-17_19-30-54_05_04_gmr_no_self_collision_seed_42_iter_1000_20260717T143245Z,214,1.206497215628624,38.39,0.44700735807418823,0.20666095614433289,0.17521986365318298,0.0995151624083519,0.431649386882782,0.8534687757492065,3.727625608444214,9.608946800231934,0.002066994085907936,0.17453214526176453,0.0,8.0,0.0,96.875
No self collision,q2l4sxxn,2026-07-17_19-30-54_05_04_gmr_no_self_collision_seed_42_iter_1000_20260717T143245Z,215,1.3124117395281791,40.62,0.4458211362361908,0.20608572661876678,0.17452549934387207,0.09906834363937378,0.429246187210083,0.8542407751083374,3.724874496459961,9.565359115600586,0.0020314264111220837,0.16795355081558228,0.0,7.458333492279053,0.0,95.29167175292969
No self collision,q2l4sxxn,2026-07-17_19-30-54_05_04_gmr_no_self_collision_seed_42_iter_1000_20260717T143245Z,216,1.3922542649507523,41.7,0.4446859657764435,0.20517294108867645,0.17506572604179382,0.09924419969320297,0.4359208941459656,0.8579704165458679,3.7451560497283936,9.506929397583008,0.0020200833678245544,0.18568311631679535,0.0,8.041666984558105,0.0,96.20833587646484
No self collision,q2l4sxxn,2026-07-17_19-30-54_05_04_gmr_no_self_collision_seed_42_iter_1000_20260717T143245Z,217,1.3343914556503296,41.93,0.4438636600971222,0.20706820487976074,0.17538094520568848,0.09950228035449982,0.4335310459136963,0.8598449230194092,3.7267367839813232,9.491503715515137,0.0020664206240326166,0.16720470786094666,0.0,7.708333492279053,0.0,94.16667175292969
No self collision,q2l4sxxn,2026-07-17_19-30-54_05_04_gmr_no_self_collision_seed_42_iter_1000_20260717T143245Z,218,1.5722194078564644,46.49,0.4427512586116791,0.20525507628917694,0.17547248303890228,0.09894758462905884,0.427523672580719,0.8479751348495483,3.695010185241699,9.433501243591309,0.002171371830627322,0.1681111454963684,0.0,6.9166669845581055,0.0,95.58333587646484
No self collision,q2l4sxxn,2026-07-17_19-30-54_05_04_gmr_no_self_collision_seed_42_iter_1000_20260717T143245Z,219,1.384837754368782,41.9,0.4417465925216675,0.20608823001384735,0.17528244853019714,0.09898342192173004,0.4309616982936859,0.8491208553314209,3.7061243057250977,9.399867057800293,0.0019399586599320173,0.17228487133979797,0.0,7.75,0.0,92.33333587646484
No self collision,q2l4sxxn,2026-07-17_19-30-54_05_04_gmr_no_self_collision_seed_42_iter_1000_20260717T143245Z,220,1.429695296883583,43.16,0.44054272770881653,0.20919227600097656,0.17537324130535126,0.09897532314062119,0.4279979169368744,0.8525032997131348,3.6886394023895264,9.383745193481445,0.0021274418104439974,0.16386784613132477,0.0,7.083333492279053,0.0,92.875
No self collision,q2l4sxxn,2026-07-17_19-30-54_05_04_gmr_no_self_collision_seed_42_iter_1000_20260717T143245Z,221,1.2731729786098003,38.48,0.43951407074928284,0.20934993028640747,0.17632101476192474,0.09921333193778992,0.4316997230052948,0.8598941564559937,3.708765745162964,9.361557006835938,0.002301364205777645,0.1755109429359436,0.0,8.708333969116211,0.0,96.0
No self collision,q2l4sxxn,2026-07-17_19-30-54_05_04_gmr_no_self_collision_seed_42_iter_1000_20260717T143245Z,222,1.4426548811793327,43.08,0.4384472668170929,0.21085874736309052,0.17664122581481934,0.0993720293045044,0.4316459596157074,0.8583511114120483,3.699396848678589,9.318903923034668,0.0022823698818683624,0.17303001880645752,0.0,8.166666984558105,0.0,91.45833587646484
No self collision,q2l4sxxn,2026-07-17_19-30-54_05_04_gmr_no_self_collision_seed_42_iter_1000_20260717T143245Z,223,1.4096449610590935,43.05,0.4370456635951996,0.2110997438430786,0.17562276124954224,0.09926556050777435,0.43005138635635376,0.8570979833602905,3.6670491695404053,9.29243278503418,0.002214341890066862,0.17206397652626038,0.0,8.25,0.0,92.75
No self collision,q2l4sxxn,2026-07-17_19-30-54_05_04_gmr_no_self_collision_seed_42_iter_1000_20260717T143245Z,224,1.3958404105901718,41.53,0.4362567067146301,0.2127951830625534,0.17529034614562988,0.09910285472869873,0.4279728829860687,0.8599438071250916,3.6676745414733887,9.250885963439941,0.00238587474450469,0.1752619445323944,0.0,7.583333492279053,0.0,90.91667175292969
No self collision,q2l4sxxn,2026-07-17_19-30-54_05_04_gmr_no_self_collision_seed_42_iter_1000_20260717T143245Z,225,1.3375631695985795,41.73,0.43531492352485657,0.21143507957458496,0.17531642317771912,0.0990108773112297,0.4286215901374817,0.8571934700012207,3.6643476486206055,9.22573471069336,0.002375995507463813,0.17677167057991028,0.0,8.666666984558105,0.0,92.33333587646484
No self collision,q2l4sxxn,2026-07-17_19-30-54_05_04_gmr_no_self_collision_seed_42_iter_1000_20260717T143245Z,226,1.3843256786465645,41.52,0.4346635341644287,0.20875093340873718,0.17556294798851013,0.09914235770702362,0.42932039499282837,0.8549909591674805,3.6607723236083984,9.182867050170898,0.0023293409030884504,0.18900613486766815,0.0,9.208333969116211,0.0,91.75
No self collision,q2l4sxxn,2026-07-17_19-30-54_05_04_gmr_no_self_collision_seed_42_iter_1000_20260717T143245Z,227,1.3345586018264293,42.71,0.4339540898799896,0.21240191161632538,0.175790473818779,0.09966623783111572,0.42889243364334106,0.8599560260772705,3.6593120098114014,9.183897018432617,0.002324341796338558,0.18417423963546753,0.0,9.041666984558105,0.0,91.0
No self collision,q2l4sxxn,2026-07-17_19-30-54_05_04_gmr_no_self_collision_seed_42_iter_1000_20260717T143245Z,228,1.4431757518649102,42.74,0.43313345313072205,0.21253982186317444,0.1765030324459076,0.10006839036941528,0.43144065141677856,0.8594939708709717,3.6608362197875977,9.142607688903809,0.002415638417005539,0.19303998351097107,0.0,9.75,0.0,91.91667175292969
No self collision,q2l4sxxn,2026-07-17_19-30-54_05_04_gmr_no_self_collision_seed_42_iter_1000_20260717T143245Z,229,1.4054905542731284,43.12,0.43244779109954834,0.2110835760831833,0.17518064379692078,0.0994083508849144,0.42848727107048035,0.8596517443656921,3.6477274894714355,9.123973846435547,0.002524657640606165,0.1736200749874115,0.0,8.583333969116211,0.0,91.79167175292969
No self collision,q2l4sxxn,2026-07-17_19-30-54_05_04_gmr_no_self_collision_seed_42_iter_1000_20260717T143245Z,230,1.4958480036258697,43.81,0.4316127300262451,0.21262066066265106,0.17509829998016357,0.09967629611492157,0.4280831813812256,0.8625097274780273,3.6495089530944824,9.112255096435547,0.0024307463318109512,0.19075188040733337,0.0,8.208333969116211,0.0,92.70833587646484
No self collision,q2l4sxxn,2026-07-17_19-30-54_05_04_gmr_no_self_collision_seed_42_iter_1000_20260717T143245Z,231,1.2728134283423425,40.14,0.43059802055358887,0.21241798996925354,0.17741762101650238,0.09985461086034775,0.42905181646347046,0.8640729784965515,3.6549911499023438,9.092697143554688,0.0023624973837286234,0.18135854601860046,0.0,10.916666984558105,0.0,90.04167175292969
No self collision,q2l4sxxn,2026-07-17_19-30-54_05_04_gmr_no_self_collision_seed_42_iter_1000_20260717T143245Z,232,1.483926653265953,43.32,0.42960822582244873,0.21144668757915497,0.17488226294517517,0.09881241619586945,0.42752477526664734,0.8540270328521729,3.6378564834594727,9.056367874145508,0.002363563049584627,0.1844664216041565,0.0,9.125,0.0,90.08333587646484
No self collision,q2l4sxxn,2026-07-17_19-30-54_05_04_gmr_no_self_collision_seed_42_iter_1000_20260717T143245Z,233,1.396979120671749,42.42,0.4286538362503052,0.21205666661262512,0.1743658185005188,0.09938033670186996,0.4280690550804138,0.855059027671814,3.621436595916748,9.015081405639648,0.002213043626397848,0.19040629267692566,0.0,8.833333969116211,0.0,89.41667175292969
No self collision,q2l4sxxn,2026-07-17_19-30-54_05_04_gmr_no_self_collision_seed_42_iter_1000_20260717T143245Z,234,1.585643864572048,46.64,0.4275500476360321,0.21101927757263184,0.1742030829191208,0.09949325025081635,0.4271036982536316,0.853598952293396,3.6171011924743652,8.979180335998535,0.002411134075373411,0.1850622594356537,0.0,10.125,0.0,90.45833587646484
No self collision,q2l4sxxn,2026-07-17_19-30-54_05_04_gmr_no_self_collision_seed_42_iter_1000_20260717T143245Z,235,1.5858916446566582,45.76,0.4266960620880127,0.21479789912700653,0.17438462376594543,0.09932658076286316,0.4269854426383972,0.8573592901229858,3.6075797080993652,8.95718002319336,0.0023358981125056744,0.1969386339187622,0.0,9.833333969116211,0.0,93.04167175292969
No self collision,q2l4sxxn,2026-07-17_19-30-54_05_04_gmr_no_self_collision_seed_42_iter_1000_20260717T143245Z,236,1.5208559668064117,44.3,0.4258061647415161,0.21236690878868103,0.1745884120464325,0.099100761115551,0.42541640996932983,0.8577205538749695,3.610807418823242,8.932416915893555,0.002335560042411089,0.19373798370361328,0.0,9.791666984558105,0.0,87.04167175292969
No self collision,q2l4sxxn,2026-07-17_19-30-54_05_04_gmr_no_self_collision_seed_42_iter_1000_20260717T143245Z,237,1.4070246574282645,41.82,0.4249195158481598,0.21598438918590546,0.1721116155385971,0.09887301921844482,0.42814916372299194,0.8626309633255005,3.608362913131714,8.905117988586426,0.0022852043621242046,0.1873321533203125,0.0,10.708333969116211,0.0,90.41667175292969
No self collision,q2l4sxxn,2026-07-17_19-30-54_05_04_gmr_no_self_collision_seed_42_iter_1000_20260717T143245Z,238,1.423307889252901,42.16,0.42404797673225403,0.21378639340400696,0.1717250943183899,0.09908066689968109,0.42593854665756226,0.8598285913467407,3.6004996299743652,8.88054084777832,0.0021737338975071907,0.19898097217082977,0.0,10.208333969116211,0.0,90.70833587646484
No self collision,q2l4sxxn,2026-07-17_19-30-54_05_04_gmr_no_self_collision_seed_42_iter_1000_20260717T143245Z,239,1.4933309379220008,42.39,0.4233173429965973,0.2157232165336609,0.17438678443431854,0.0991235077381134,0.4262651801109314,0.8599100112915039,3.5916881561279297,8.851476669311523,0.0022437262814491987,0.194546639919281,0.0,9.833333969116211,0.0,89.20833587646484
No self collision,q2l4sxxn,2026-07-17_19-30-54_05_04_gmr_no_self_collision_seed_42_iter_1000_20260717T143245Z,240,1.6797827887535095,47.26,0.42254194617271423,0.21408900618553162,0.17400257289409637,0.0990271121263504,0.42665672302246094,0.857831597328186,3.595003843307495,8.800251007080078,0.002337845042347908,0.19117318093776703,0.0,10.625,0.0,90.0
No self collision,q2l4sxxn,2026-07-17_19-30-54_05_04_gmr_no_self_collision_seed_42_iter_1000_20260717T143245Z,241,1.4977465826272964,44.79,0.42174074053764343,0.2154710292816162,0.17166265845298767,0.09904590249061584,0.42730197310447693,0.8606624603271484,3.5930049419403076,8.79873275756836,0.0023640275467187166,0.1942540854215622,0.0,10.25,0.0,87.08333587646484
No self collision,q2l4sxxn,2026-07-17_19-30-54_05_04_gmr_no_self_collision_seed_42_iter_1000_20260717T143245Z,242,1.5325065618753433,47.1,0.4209122061729431,0.21736404299736023,0.175144761800766,0.09948723018169403,0.42853158712387085,0.860008716583252,3.5916497707366943,8.765469551086426,0.0022782988380640745,0.19114109873771667,0.0,10.791666984558105,0.0,87.08333587646484
No self collision,q2l4sxxn,2026-07-17_19-30-54_05_04_gmr_no_self_collision_seed_42_iter_1000_20260717T143245Z,243,1.6584489876031876,46.92,0.4200381934642792,0.21805524826049805,0.1727924942970276,0.09884703159332275,0.4243210256099701,0.8602393865585327,3.5782134532928467,8.74761962890625,0.002422092715278268,0.17179159820079803,0.0,10.25,0.0,88.04167175292969
No self collision,q2l4sxxn,2026-07-17_19-30-54_05_04_gmr_no_self_collision_seed_42_iter_1000_20260717T143245Z,244,1.5951449686288834,45.57,0.419304758310318,0.2153225541114807,0.17386400699615479,0.09891277551651001,0.4264351725578308,0.8586119413375854,3.575662612915039,8.701640129089355,0.002323558321222663,0.1811951845884323,0.0,10.333333969116211,0.0,88.29167175292969
No self collision,q2l4sxxn,2026-07-17_19-30-54_05_04_gmr_no_self_collision_seed_42_iter_1000_20260717T143245Z,245,1.4484128740429878,43.27,0.418558269739151,0.21650385856628418,0.17261187732219696,0.09908970445394516,0.42730629444122314,0.8590074777603149,3.575411796569824,8.68327522277832,0.002430545398965478,0.19224318861961365,0.0,9.958333969116211,0.0,86.95833587646484
No self collision,q2l4sxxn,2026-07-17_19-30-54_05_04_gmr_no_self_collision_seed_42_iter_1000_20260717T143245Z,246,1.510177429318428,43.01,0.41773346066474915,0.21574372053146362,0.17229831218719482,0.09885136783123016,0.42321765422821045,0.8588611483573914,3.554594039916992,8.65769100189209,0.0026019688230007887,0.19705739617347717,0.0,10.791666984558105,0.0,87.875
No self collision,q2l4sxxn,2026-07-17_19-30-54_05_04_gmr_no_self_collision_seed_42_iter_1000_20260717T143245Z,247,1.5784119111299515,45.66,0.41697797179222107,0.2181919515132904,0.17262136936187744,0.09901853650808334,0.42672061920166016,0.8649362325668335,3.5836055278778076,8.676268577575684,0.0025760428979992867,0.19750142097473145,0.0,10.958333969116211,0.0,87.66667175292969
No self collision,q2l4sxxn,2026-07-17_19-30-54_05_04_gmr_no_self_collision_seed_42_iter_1000_20260717T143245Z,248,1.4622863498330116,42.73,0.41621965169906616,0.21632739901542664,0.17252418398857117,0.09964735805988312,0.4256075322628021,0.8636609315872192,3.5646636486053467,8.664162635803223,0.0029261517338454723,0.19342291355133057,0.0,12.041666984558105,0.0,87.54167175292969
No self collision,q2l4sxxn,2026-07-17_19-30-54_05_04_gmr_no_self_collision_seed_42_iter_1000_20260717T143245Z,249,1.5018402421474457,43.82,0.4152818024158478,0.21925054490566254,0.17420396208763123,0.0997837483882904,0.4281114935874939,0.869555652141571,3.589585781097412,8.630302429199219,0.002450011670589447,0.2142229676246643,0.0,10.416666984558105,0.0,88.125
No self collision,q2l4sxxn,2026-07-17_19-30-54_05_04_gmr_no_self_collision_seed_42_iter_1000_20260717T143245Z,250,1.4644825232028962,43.37,0.4143002927303314,0.21779923141002655,0.17357859015464783,0.0990384966135025,0.4253568649291992,0.8596301078796387,3.5597991943359375,8.595426559448242,0.0025471928529441357,0.19171714782714844,0.0,10.0,0.0,86.79167175292969
No self collision,q2l4sxxn,2026-07-17_19-30-54_05_04_gmr_no_self_collision_seed_42_iter_1000_20260717T143245Z,251,1.7580690428614616,48.99,0.4137442111968994,0.21762262284755707,0.1730993688106537,0.09916633367538452,0.4246649444103241,0.8577010035514832,3.5471105575561523,8.57052230834961,0.002208496443927288,0.20337644219398499,0.0,10.833333969116211,0.0,86.45833587646484
No self collision,q2l4sxxn,2026-07-17_19-30-54_05_04_gmr_no_self_collision_seed_42_iter_1000_20260717T143245Z,252,1.4910582831501962,42.73,0.4128229320049286,0.21520882844924927,0.17289772629737854,0.09845676273107529,0.4219161868095398,0.8602943420410156,3.526177167892456,8.554461479187012,0.0023729673121124506,0.1854645311832428,0.0,9.791666984558105,0.0,88.25
No self collision,q2l4sxxn,2026-07-17_19-30-54_05_04_gmr_no_self_collision_seed_42_iter_1000_20260717T143245Z,253,1.4525725078582763,41.9,0.41202807426452637,0.2176724374294281,0.17085576057434082,0.09896928071975708,0.4232780933380127,0.8593189716339111,3.5308282375335693,8.517410278320312,0.0023398236371576786,0.19098985195159912,0.0,11.041666984558105,0.0,88.625
No self collision,q2l4sxxn,2026-07-17_19-30-54_05_04_gmr_no_self_collision_seed_42_iter_1000_20260717T143245Z,254,1.5518385037779807,44.44,0.41119635105133057,0.21887974441051483,0.17279259860515594,0.09986874461174011,0.425712913274765,0.8655532598495483,3.560464382171631,8.497150421142578,0.002400929806753993,0.1957601010799408,0.0,11.5,0.0,86.08333587646484
No self collision,q2l4sxxn,2026-07-17_19-30-54_05_04_gmr_no_self_collision_seed_42_iter_1000_20260717T143245Z,255,1.4966548763215541,43.59,0.4104306995868683,0.22017721831798553,0.17294852435588837,0.09964808076620102,0.4252762794494629,0.8692349791526794,3.543769359588623,8.464042663574219,0.002383273560553789,0.20198462903499603,0.0,10.833333969116211,0.0,89.125
No self collision,q2l4sxxn,2026-07-17_19-30-54_05_04_gmr_no_self_collision_seed_42_iter_1000_20260717T143245Z,256,1.7152505266666411,45.8,0.4096488058567047,0.21885043382644653,0.17255932092666626,0.10001348704099655,0.4264708459377289,0.8689903020858765,3.540149688720703,8.436094284057617,0.0023658573627471924,0.2057739943265915,0.0,10.875,0.0,84.66667175292969
No self collision,q2l4sxxn,2026-07-17_19-30-54_05_04_gmr_no_self_collision_seed_42_iter_1000_20260717T143245Z,257,1.7610647296905517,47.75,0.4089509844779968,0.21814784407615662,0.1707090139389038,0.09930947422981262,0.42256975173950195,0.8615233898162842,3.5139331817626953,8.41873550415039,0.0025020609609782696,0.2083481401205063,0.0,11.833333969116211,0.0,83.54167175292969
No self collision,q2l4sxxn,2026-07-17_19-30-54_05_04_gmr_no_self_collision_seed_42_iter_1000_20260717T143245Z,258,1.648884000480175,46.7,0.4081507623195648,0.2189873903989792,0.17294107377529144,0.09984847903251648,0.4246034324169159,0.8630151748657227,3.5304553508758545,8.388386726379395,0.002320424886420369,0.20389705896377563,0.0,11.708333969116211,0.0,84.875
No self collision,q2l4sxxn,2026-07-17_19-30-54_05_04_gmr_no_self_collision_seed_42_iter_1000_20260717T143245Z,259,1.562397425174713,43.76,0.40732166171073914,0.22081530094146729,0.17202505469322205,0.09914698451757431,0.4231860637664795,0.8628907203674316,3.5243873596191406,8.366908073425293,0.0023984075523912907,0.19699518382549286,0.0,11.625,0.0,83.25
No self collision,q2l4sxxn,2026-07-17_19-30-54_05_04_gmr_no_self_collision_seed_42_iter_1000_20260717T143245Z,260,1.6596826946735381,45.5,0.40677905082702637,0.22124260663986206,0.17327670753002167,0.09924425929784775,0.4250100553035736,0.862198531627655,3.521446704864502,8.31040096282959,0.002471044659614563,0.20373845100402832,0.0,10.75,0.0,85.625
No self collision,q2l4sxxn,2026-07-17_19-30-54_05_04_gmr_no_self_collision_seed_42_iter_1000_20260717T143245Z,261,1.500106415450573,43.07,0.4061904847621918,0.21980655193328857,0.17456290125846863,0.09970544278621674,0.42725417017936707,0.8712390661239624,3.554439067840576,8.34135627746582,0.002489919075742364,0.20721130073070526,0.0,11.125,0.0,86.125
No self collision,q2l4sxxn,2026-07-17_19-30-54_05_04_gmr_no_self_collision_seed_42_iter_1000_20260717T143245Z,262,1.61714503377676,45.54,0.40560054779052734,0.2231907844543457,0.17471002042293549,0.10013887286186218,0.4277679920196533,0.8708588480949402,3.530606746673584,8.288780212402344,0.0022697853855788708,0.21234004199504852,0.0,12.541666984558105,0.0,85.41667175292969
No self collision,q2l4sxxn,2026-07-17_19-30-54_05_04_gmr_no_self_collision_seed_42_iter_1000_20260717T143245Z,263,1.5863038524985313,45.45,0.40458300709724426,0.2245955914258957,0.17410168051719666,0.09995758533477783,0.4260246157646179,0.8739120960235596,3.5251083374023438,8.297507286071777,0.0022525677923113108,0.20618604123592377,0.0,12.125,0.0,85.25
No self collision,q2l4sxxn,2026-07-17_19-30-54_05_04_gmr_no_self_collision_seed_42_iter_1000_20260717T143245Z,264,1.6035119700431824,45.53,0.40382665395736694,0.22352945804595947,0.17346522212028503,0.10013867914676666,0.42403244972229004,0.870522677898407,3.517266273498535,8.243535995483398,0.0023654273245483637,0.21015259623527527,0.0,13.25,0.0,86.5
No self collision,q2l4sxxn,2026-07-17_19-30-54_05_04_gmr_no_self_collision_seed_42_iter_1000_20260717T143245Z,265,1.5180364742875099,42.77,0.40333327651023865,0.22304610908031464,0.17260509729385376,0.0994708389043808,0.4226181209087372,0.8761727213859558,3.5134215354919434,8.239402770996094,0.0024915519170463085,0.2070772647857666,0.0,10.875,0.0,82.66667175292969
No self collision,q2l4sxxn,2026-07-17_19-30-54_05_04_gmr_no_self_collision_seed_42_iter_1000_20260717T143245Z,266,1.5784471985697746,43.17,0.40271908044815063,0.22043761610984802,0.1723351925611496,0.09949138760566711,0.42244380712509155,0.8678097724914551,3.5031518936157227,8.21155071258545,0.002472549444064498,0.20703844726085663,0.0,12.5,0.0,85.83333587646484
No self collision,q2l4sxxn,2026-07-17_19-30-54_05_04_gmr_no_self_collision_seed_42_iter_1000_20260717T143245Z,267,1.6669190669059752,46.85,0.40200740098953247,0.22055038809776306,0.17430377006530762,0.09959769248962402,0.4227559566497803,0.8659574389457703,3.495387077331543,8.195601463317871,0.002472223248332739,0.20579862594604492,0.0,11.375,0.0,83.16667175292969
No self collision,q2l4sxxn,2026-07-17_19-30-54_05_04_gmr_no_self_collision_seed_42_iter_1000_20260717T143245Z,268,1.8358785635232926,50.31,0.4012419879436493,0.22200223803520203,0.1739976853132248,0.09960614144802094,0.4235866069793701,0.861691951751709,3.488656759262085,8.17121696472168,0.002518783090636134,0.1969609260559082,0.0,12.958333969116211,0.0,83.70833587646484
No self collision,q2l4sxxn,2026-07-17_19-30-54_05_04_gmr_no_self_collision_seed_42_iter_1000_20260717T143245Z,269,1.6591589018702506,45.34,0.4004848003387451,0.22175006568431854,0.17188963294029236,0.09964295476675034,0.422410249710083,0.8697333335876465,3.4938502311706543,8.172784805297852,0.0023435282055288553,0.21822968125343323,0.0,12.291666984558105,0.0,83.16667175292969
No self collision,q2l4sxxn,2026-07-17_19-30-54_05_04_gmr_no_self_collision_seed_42_iter_1000_20260717T143245Z,270,1.5909440061450004,44.57,0.3998511731624603,0.21904674172401428,0.17289553582668304,0.09937117993831635,0.42410749197006226,0.8615536093711853,3.489198684692383,8.125601768493652,0.002366661559790373,0.20171386003494263,0.0,12.416666984558105,0.0,84.375
No self collision,q2l4sxxn,2026-07-17_19-30-54_05_04_gmr_no_self_collision_seed_42_iter_1000_20260717T143245Z,271,1.6491446056962014,46.32,0.3993856906890869,0.22557055950164795,0.17300944030284882,0.0997702106833458,0.42338693141937256,0.8768438100814819,3.4851901531219482,8.105453491210938,0.0023956538643687963,0.20972689986228943,0.0,11.625,0.0,82.75
No self collision,q2l4sxxn,2026-07-17_19-30-54_05_04_gmr_no_self_collision_seed_42_iter_1000_20260717T143245Z,272,1.6730290713906288,45.65,0.39890334010124207,0.22328683733940125,0.1741560995578766,0.099544458091259,0.4226338267326355,0.8725353479385376,3.48555850982666,8.101001739501953,0.0025912264827638865,0.21410664916038513,0.0,12.208333969116211,0.0,84.25
No self collision,q2l4sxxn,2026-07-17_19-30-54_05_04_gmr_no_self_collision_seed_42_iter_1000_20260717T143245Z,273,1.7699476814270019,48.64,0.39808982610702515,0.22642534971237183,0.17383885383605957,0.1002395749092102,0.4266688823699951,0.8738664984703064,3.4982991218566895,8.086477279663086,0.0025960607454180717,0.21582286059856415,0.0,12.791666984558105,0.0,82.125
No self collision,q2l4sxxn,2026-07-17_19-30-54_05_04_gmr_no_self_collision_seed_42_iter_1000_20260717T143245Z,274,1.7749393132328988,48.32,0.39743471145629883,0.22536145150661469,0.17442063987255096,0.09931271523237228,0.42498886585235596,0.8714377284049988,3.488715171813965,8.083173751831055,0.002549949800595641,0.22444193065166473,0.0,12.583333969116211,0.0,84.375
No self collision,q2l4sxxn,2026-07-17_19-30-54_05_04_gmr_no_self_collision_seed_42_iter_1000_20260717T143245Z,275,1.5111568190157414,42.87,0.39682549238204956,0.224587082862854,0.1746825873851776,0.10003285109996796,0.4271266460418701,0.8747842311859131,3.5024211406707764,8.058135032653809,0.002175023313611746,0.21588163077831268,0.0,12.916666984558105,0.0,81.45833587646484
No self collision,q2l4sxxn,2026-07-17_19-30-54_05_04_gmr_no_self_collision_seed_42_iter_1000_20260717T143245Z,276,1.7817247280478477,48.25,0.3961620032787323,0.22278814017772675,0.1738547533750534,0.09932064265012741,0.4243168532848358,0.8697375059127808,3.483745574951172,8.024903297424316,0.0023982140701264143,0.22098839282989502,0.0,12.25,0.0,82.29167175292969
No self collision,q2l4sxxn,2026-07-17_19-30-54_05_04_gmr_no_self_collision_seed_42_iter_1000_20260717T143245Z,277,1.6061084577441216,44.57,0.3955579400062561,0.22475466132164001,0.17308419942855835,0.09989996999502182,0.42606842517852783,0.8729669451713562,3.4778170585632324,8.02006721496582,0.002519546542316675,0.21793925762176514,0.0,12.625,0.0,81.66667175292969
No self collision,q2l4sxxn,2026-07-17_19-30-54_05_04_gmr_no_self_collision_seed_42_iter_1000_20260717T143245Z,278,1.8033731019496917,48.01,0.3950256109237671,0.22469161450862885,0.17263785004615784,0.0995856374502182,0.4233982563018799,0.8734191656112671,3.4701766967773438,7.976905822753906,0.0024598347954452038,0.2287333905696869,0.0,13.875,0.0,80.75
No self collision,q2l4sxxn,2026-07-17_19-30-54_05_04_gmr_no_self_collision_seed_42_iter_1000_20260717T143245Z,279,1.8052144181728362,48.88,0.39450204372406006,0.22560012340545654,0.17238223552703857,0.0991642028093338,0.42589566111564636,0.8687804937362671,3.4681358337402344,7.975855827331543,0.0023307621013373137,0.20541700720787048,0.0,12.166666984558105,0.0,84.25
No self collision,q2l4sxxn,2026-07-17_19-30-54_05_04_gmr_no_self_collision_seed_42_iter_1000_20260717T143245Z,280,1.541427873969078,43.76,0.3940158784389496,0.22331365942955017,0.17204102873802185,0.09944283217191696,0.4272542893886566,0.8722246885299683,3.471956253051758,7.943767547607422,0.0023390213027596474,0.2063768208026886,0.0,12.875,0.0,82.20833587646484
No self collision,q2l4sxxn,2026-07-17_19-30-54_05_04_gmr_no_self_collision_seed_42_iter_1000_20260717T143245Z,281,1.676007998585701,46.42,0.39340975880622864,0.22202520072460175,0.17208197712898254,0.10001133382320404,0.42431649565696716,0.8702186346054077,3.451814651489258,7.948105812072754,0.0025023038033396006,0.2100859135389328,0.0,12.375,0.0,80.70833587646484
No self collision,q2l4sxxn,2026-07-17_19-30-54_05_04_gmr_no_self_collision_seed_42_iter_1000_20260717T143245Z,282,1.407885444164276,42.12,0.39267659187316895,0.22793570160865784,0.17398694157600403,0.1003493070602417,0.42931097745895386,0.8796213865280151,3.4775805473327637,7.936396598815918,0.002398413373157382,0.20605599880218506,0.0,14.083333969116211,0.0,80.54167175292969
No self collision,q2l4sxxn,2026-07-17_19-30-54_05_04_gmr_no_self_collision_seed_42_iter_1000_20260717T143245Z,283,1.6976496303081512,46.99,0.39227041602134705,0.22846505045890808,0.1730235517024994,0.10026686638593674,0.42520007491111755,0.8772680163383484,3.455502986907959,7.901891231536865,0.002282727276906371,0.22245089709758759,0.0,13.958333969116211,0.0,79.375
No self collision,q2l4sxxn,2026-07-17_19-30-54_05_04_gmr_no_self_collision_seed_42_iter_1000_20260717T143245Z,284,1.8100271148979663,48.67,0.391753613948822,0.22779908776283264,0.1727653592824936,0.0996859073638916,0.4232226014137268,0.874649167060852,3.4515655040740967,7.891274452209473,0.0025044202338904142,0.2105722874403,0.0,15.0,0.0,83.91667175292969
No self collision,q2l4sxxn,2026-07-17_19-30-54_05_04_gmr_no_self_collision_seed_42_iter_1000_20260717T143245Z,285,1.6971421203017234,47.81,0.39113283157348633,0.2298351228237152,0.17185336351394653,0.09930482506752014,0.4252903461456299,0.8746259212493896,3.4586760997772217,7.887653350830078,0.0024396812077611685,0.20664045214653015,0.0,12.791666984558105,0.0,78.75
No self collision,q2l4sxxn,2026-07-17_19-30-54_05_04_gmr_no_self_collision_seed_42_iter_1000_20260717T143245Z,286,1.6761463639140128,46.06,0.3904464542865753,0.22626976668834686,0.17431524395942688,0.09975302219390869,0.4274404048919678,0.8691191077232361,3.4684348106384277,7.863931179046631,0.002124019432812929,0.21441501379013062,0.0,13.375,0.0,79.70833587646484
No self collision,q2l4sxxn,2026-07-17_19-30-54_05_04_gmr_no_self_collision_seed_42_iter_1000_20260717T143245Z,287,1.7955872124433518,47.27,0.3899567127227783,0.22545568645000458,0.17024187743663788,0.09897866100072861,0.4216771721839905,0.8714246153831482,3.4370391368865967,7.848252773284912,0.0022555990144610405,0.20990411937236786,0.0,12.083333969116211,0.0,80.5
No self collision,q2l4sxxn,2026-07-17_19-30-54_05_04_gmr_no_self_collision_seed_42_iter_1000_20260717T143245Z,288,1.737109009027481,49.17,0.3892724812030792,0.22834162414073944,0.17351818084716797,0.09942011535167694,0.42275524139404297,0.871253490447998,3.443899154663086,7.822626113891602,0.002627336885780096,0.22097301483154297,0.0,12.791666984558105,0.0,79.95833587646484
No self collision,q2l4sxxn,2026-07-17_19-30-54_05_04_gmr_no_self_collision_seed_42_iter_1000_20260717T143245Z,289,1.6870284795761108,46.07,0.38870593905448914,0.2281397581100464,0.17201930284500122,0.09978264570236206,0.42438602447509766,0.8750966787338257,3.449739456176758,7.814888954162598,0.002582463901489973,0.23780202865600586,0.0,13.208333969116211,0.0,82.41667175292969
No self collision,q2l4sxxn,2026-07-17_19-30-54_05_04_gmr_no_self_collision_seed_42_iter_1000_20260717T143245Z,290,1.7856137377023698,48.23,0.38840869069099426,0.2305615395307541,0.17355215549468994,0.10071590542793274,0.42829591035842896,0.8804490566253662,3.457388401031494,7.8192057609558105,0.0025193793699145317,0.2313389629125595,0.0,14.0,0.0,78.75
No self collision,q2l4sxxn,2026-07-17_19-30-54_05_04_gmr_no_self_collision_seed_42_iter_1000_20260717T143245Z,291,1.8732588177919387,49.31,0.38798680901527405,0.22909340262413025,0.1729840636253357,0.10028545558452606,0.4246906042098999,0.8727654218673706,3.4311461448669434,7.785341262817383,0.002436921466141939,0.23460736870765686,0.0,14.125,0.0,82.0
No self collision,q2l4sxxn,2026-07-17_19-30-54_05_04_gmr_no_self_collision_seed_42_iter_1000_20260717T143245Z,292,1.502818294465542,44.23,0.38767021894454956,0.23082423210144043,0.1736602485179901,0.10055282711982727,0.4276840388774872,0.8851704597473145,3.449803113937378,7.8035197257995605,0.002399247605353594,0.23761753737926483,0.0,12.208333969116211,0.0,82.29167175292969
No self collision,q2l4sxxn,2026-07-17_19-30-54_05_04_gmr_no_self_collision_seed_42_iter_1000_20260717T143245Z,293,1.5072172927856444,44.06,0.3872729241847992,0.22772298753261566,0.17382636666297913,0.10030897706747055,0.42677411437034607,0.8772270083427429,3.438314199447632,7.776565074920654,0.0025124228559434414,0.21947568655014038,0.0,12.833333969116211,0.0,77.625
No self collision,q2l4sxxn,2026-07-17_19-30-54_05_04_gmr_no_self_collision_seed_42_iter_1000_20260717T143245Z,294,1.621072250008583,45.1,0.3868626654148102,0.22941133379936218,0.17262449860572815,0.09994544833898544,0.42476898431777954,0.8774043321609497,3.429446220397949,7.7506818771362305,0.0025207572616636753,0.224738210439682,0.0,13.208333969116211,0.0,77.70833587646484
No self collision,q2l4sxxn,2026-07-17_19-30-54_05_04_gmr_no_self_collision_seed_42_iter_1000_20260717T143245Z,295,1.7789521074295045,49.05,0.38631513714790344,0.22863146662712097,0.17426073551177979,0.10045668482780457,0.4290730357170105,0.8737420439720154,3.44297194480896,7.742218017578125,0.002628629095852375,0.2507021129131317,0.0,14.958333969116211,0.0,80.45833587646484
No self collision,q2l4sxxn,2026-07-17_19-30-54_05_04_gmr_no_self_collision_seed_42_iter_1000_20260717T143245Z,296,1.6700117924809457,46.69,0.38597702980041504,0.23062416911125183,0.1733739823102951,0.10015915334224701,0.42605310678482056,0.8738255500793457,3.4084205627441406,7.728504180908203,0.00278170732781291,0.23058396577835083,0.0,14.666666984558105,0.0,78.41667175292969
No self collision,q2l4sxxn,2026-07-17_19-30-54_05_04_gmr_no_self_collision_seed_42_iter_1000_20260717T143245Z,297,1.885163453221321,50.63,0.38556748628616333,0.2288278043270111,0.17196890711784363,0.0999746322631836,0.42942267656326294,0.8729633092880249,3.435324192047119,7.72911262512207,0.0024427303578704596,0.23172327876091003,0.0,12.708333969116211,0.0,76.29167175292969
No self collision,q2l4sxxn,2026-07-17_19-30-54_05_04_gmr_no_self_collision_seed_42_iter_1000_20260717T143245Z,298,2.0049751776456834,52.46,0.38509705662727356,0.22912272810935974,0.17292863130569458,0.10022743791341782,0.42575153708457947,0.8673278093338013,3.414374351501465,7.729926109313965,0.0024567176587879658,0.2299637794494629,0.0,12.916666984558105,0.0,78.125
No self collision,q2l4sxxn,2026-07-17_19-30-54_05_04_gmr_no_self_collision_seed_42_iter_1000_20260717T143245Z,299,1.728961616307497,47.37,0.3845900595188141,0.2281334102153778,0.1725103110074997,0.09948514401912689,0.4249195456504822,0.868313193321228,3.4083666801452637,7.709603309631348,0.002674902556464076,0.2506487965583801,0.0,13.958333969116211,0.0,79.45833587646484
No self collision,q2l4sxxn,2026-07-17_19-30-54_05_04_gmr_no_self_collision_seed_42_iter_1000_20260717T143245Z,300,1.7023095619678497,46.88,0.3840773105621338,0.23123471438884735,0.17277806997299194,0.1004781424999237,0.42553794384002686,0.8730652332305908,3.405412197113037,7.669218063354492,0.0024791816249489784,0.23065045475959778,0.0,12.916666984558105,0.0,77.58333587646484
No self collision,q2l4sxxn,2026-07-17_19-30-54_05_04_gmr_no_self_collision_seed_42_iter_1000_20260717T143245Z,301,1.843268795311451,49.17,0.3835471272468567,0.22970497608184814,0.1727534532546997,0.10070662200450897,0.4289647936820984,0.8728861808776855,3.4169416427612305,7.678243160247803,0.002468943363055587,0.23011434078216553,0.0,14.458333969116211,0.0,80.0
No self collision,q2l4sxxn,2026-07-17_19-30-54_05_04_gmr_no_self_collision_seed_42_iter_1000_20260717T143245Z,302,1.7617287901043892,48.21,0.3831118941307068,0.23033832013607025,0.17336711287498474,0.1004558652639389,0.4262605905532837,0.8770480155944824,3.4123151302337646,7.67225980758667,0.002547036623582244,0.24617557227611542,0.0,13.541666984558105,0.0,78.75
No self collision,q2l4sxxn,2026-07-17_19-30-54_05_04_gmr_no_self_collision_seed_42_iter_1000_20260717T143245Z,303,1.748089972138405,47.77,0.3828706741333008,0.2300351858139038,0.17306098341941833,0.10000684857368469,0.4267292022705078,0.8768426179885864,3.4300572872161865,7.669371604919434,0.0024887206964194775,0.2405751645565033,0.0,14.25,0.0,79.91667175292969
No self collision,q2l4sxxn,2026-07-17_19-30-54_05_04_gmr_no_self_collision_seed_42_iter_1000_20260717T143245Z,304,1.8212022998929023,48.54,0.38248488306999207,0.23088626563549042,0.17240211367607117,0.10002749413251877,0.4246083199977875,0.8761786222457886,3.4011733531951904,7.65509557723999,0.0025063157081604004,0.22649264335632324,0.0,12.833333969116211,0.0,77.58333587646484
No self collision,q2l4sxxn,2026-07-17_19-30-54_05_04_gmr_no_self_collision_seed_42_iter_1000_20260717T143245Z,305,1.9182905012369156,52.01,0.38191649317741394,0.22896769642829895,0.17451652884483337,0.10037889331579208,0.4274396300315857,0.8697576522827148,3.4317307472229004,7.645463466644287,0.0026914679910987616,0.24054750800132751,0.0,13.125,0.0,78.58333587646484
No self collision,q2l4sxxn,2026-07-17_19-30-54_05_04_gmr_no_self_collision_seed_42_iter_1000_20260717T143245Z,306,1.8980564665794373,50.85,0.3814510107040405,0.23428866267204285,0.17284256219863892,0.10032503306865692,0.4261745810508728,0.8763407468795776,3.412219524383545,7.622154235839844,0.0027555557899177074,0.24980318546295166,0.0,13.666666984558105,0.0,76.91667175292969
No self collision,q2l4sxxn,2026-07-17_19-30-54_05_04_gmr_no_self_collision_seed_42_iter_1000_20260717T143245Z,307,1.8445396423339844,50.61,0.38100099563598633,0.23355886340141296,0.17550000548362732,0.09987697005271912,0.42501968145370483,0.8790583610534668,3.412637233734131,7.627625942230225,0.0026632938534021378,0.24762068688869476,0.0,14.0,0.0,76.625
No self collision,q2l4sxxn,2026-07-17_19-30-54_05_04_gmr_no_self_collision_seed_42_iter_1000_20260717T143245Z,308,1.9374534770846368,52.36,0.3805539309978485,0.2292550504207611,0.17344801127910614,0.09945046901702881,0.4275917410850525,0.8666598200798035,3.408982038497925,7.605851650238037,0.002629521070048213,0.23921434581279755,0.0,14.458333969116211,0.0,76.70833587646484
No self collision,q2l4sxxn,2026-07-17_19-30-54_05_04_gmr_no_self_collision_seed_42_iter_1000_20260717T143245Z,309,1.9025019657611848,50.98,0.3803768754005432,0.22910860180854797,0.17449212074279785,0.10022740811109543,0.42547640204429626,0.878037691116333,3.41127347946167,7.602659225463867,0.0026565715670585632,0.24768047034740448,0.0,14.458333969116211,0.0,76.625
No self collision,q2l4sxxn,2026-07-17_19-30-54_05_04_gmr_no_self_collision_seed_42_iter_1000_20260717T143245Z,310,1.8768972811102866,50.18,0.3799046576023102,0.2341984510421753,0.1750851720571518,0.10053926706314087,0.42734479904174805,0.8816778063774109,3.41272234916687,7.5833740234375,0.0025830944068729877,0.24949109554290771,0.0,15.208333969116211,0.0,75.41667175292969
No self collision,q2l4sxxn,2026-07-17_19-30-54_05_04_gmr_no_self_collision_seed_42_iter_1000_20260717T143245Z,311,1.9127426102757454,52.02,0.3794267177581787,0.23257243633270264,0.1746036261320114,0.09963999688625336,0.4250505566596985,0.8792835474014282,3.3960158824920654,7.585267066955566,0.00276888906955719,0.24436378479003906,0.0,12.75,0.0,77.29167175292969
No self collision,q2l4sxxn,2026-07-17_19-30-54_05_04_gmr_no_self_collision_seed_42_iter_1000_20260717T143245Z,312,1.8535700023174286,49.24,0.37899792194366455,0.23465585708618164,0.1769372671842575,0.1005898267030716,0.4282406270503998,0.8867588043212891,3.4250571727752686,7.576391220092773,0.0026965716388076544,0.23779265582561493,0.0,13.041666984558105,0.0,77.83333587646484
No self collision,q2l4sxxn,2026-07-17_19-30-54_05_04_gmr_no_self_collision_seed_42_iter_1000_20260717T143245Z,313,1.5537470859289169,44.07,0.37863484025001526,0.23043358325958252,0.17718181014060974,0.10049545764923096,0.4287717342376709,0.88005530834198,3.4212942123413086,7.5658698081970215,0.002807008568197489,0.2500477433204651,0.0,13.458333969116211,0.0,77.5
No self collision,q2l4sxxn,2026-07-17_19-30-54_05_04_gmr_no_self_collision_seed_42_iter_1000_20260717T143245Z,314,2.038567530661821,52.78,0.37820181250572205,0.2333727329969406,0.1751701831817627,0.10002043098211288,0.42643246054649353,0.880673885345459,3.405656576156616,7.533011436462402,0.0028330485802143812,0.23163056373596191,0.0,13.75,0.0,76.41667175292969
No self collision,q2l4sxxn,2026-07-17_19-30-54_05_04_gmr_no_self_collision_seed_42_iter_1000_20260717T143245Z,315,1.7285734674334525,47.76,0.37785252928733826,0.22963640093803406,0.17429260909557343,0.0990995392203331,0.42435598373413086,0.8722587823867798,3.3997256755828857,7.536121368408203,0.002613652031868696,0.2257964015007019,0.0,12.708333969116211,0.0,75.79167175292969
No self collision,q2l4sxxn,2026-07-17_19-30-54_05_04_gmr_no_self_collision_seed_42_iter_1000_20260717T143245Z,316,1.8520448505878448,50.16,0.37752458453178406,0.23308894038200378,0.17404913902282715,0.10000213235616684,0.42624032497406006,0.8787567019462585,3.4086108207702637,7.506196022033691,0.0026254020631313324,0.2394808530807495,0.0,14.25,0.0,77.29167175292969
No self collision,q2l4sxxn,2026-07-17_19-30-54_05_04_gmr_no_self_collision_seed_42_iter_1000_20260717T143245Z,317,1.982053928375244,51.53,0.3772609233856201,0.23255053162574768,0.1711549609899521,0.09951715916395187,0.4240356385707855,0.8757237195968628,3.392423152923584,7.525458812713623,0.002667768858373165,0.23119239509105682,0.0,13.958333969116211,0.0,76.70833587646484
No self collision,q2l4sxxn,2026-07-17_19-30-54_05_04_gmr_no_self_collision_seed_42_iter_1000_20260717T143245Z,318,1.7740025189518929,48.05,0.3768061399459839,0.23058991134166718,0.17396068572998047,0.09980945289134979,0.42497965693473816,0.8723623752593994,3.3951621055603027,7.510304927825928,0.0025969180278480053,0.23415052890777588,0.0,14.166666984558105,0.0,75.08333587646484
No self collision,q2l4sxxn,2026-07-17_19-30-54_05_04_gmr_no_self_collision_seed_42_iter_1000_20260717T143245Z,319,1.9429871144890785,50.87,0.3764992654323578,0.23295408487319946,0.17451012134552002,0.10006870329380035,0.42670273780822754,0.8820861577987671,3.4019391536712646,7.513078212738037,0.0027392625343054533,0.23003387451171875,0.0,12.833333969116211,0.0,74.75
No self collision,q2l4sxxn,2026-07-17_19-30-54_05_04_gmr_no_self_collision_seed_42_iter_1000_20260717T143245Z,320,1.703505522608757,46.98,0.3761226534843445,0.2335718870162964,0.17233209311962128,0.09953006356954575,0.4252043664455414,0.8768997192382812,3.38995361328125,7.478809356689453,0.002856961451470852,0.2258424013853073,0.0,14.125,0.0,74.75
No self collision,q2l4sxxn,2026-07-17_19-30-54_05_04_gmr_no_self_collision_seed_42_iter_1000_20260717T143245Z,321,1.9709458220005036,51.37,0.3757132291793823,0.2361394613981247,0.1737249344587326,0.0992734283208847,0.42350178956985474,0.8779394030570984,3.385671615600586,7.472128868103027,0.0027024135924875736,0.23764073848724365,0.0,12.833333969116211,0.0,74.79167175292969
No self collision,q2l4sxxn,2026-07-17_19-30-54_05_04_gmr_no_self_collision_seed_42_iter_1000_20260717T143245Z,322,1.9212844541668892,51.65,0.37545907497406006,0.23539862036705017,0.1722075343132019,0.09909600019454956,0.4235282838344574,0.8747855424880981,3.3897743225097656,7.4559831619262695,0.0027352008037269115,0.24698930978775024,0.0,13.75,0.0,75.04167175292969
No self collision,q2l4sxxn,2026-07-17_19-30-54_05_04_gmr_no_self_collision_seed_42_iter_1000_20260717T143245Z,323,1.898330287784338,51.43,0.37511909008026123,0.23640629649162292,0.1742033213376999,0.09962882846593857,0.42715367674827576,0.8847035765647888,3.396747589111328,7.452991485595703,0.002742000389844179,0.23750606179237366,0.0,14.5,0.0,73.875
No self collision,q2l4sxxn,2026-07-17_19-30-54_05_04_gmr_no_self_collision_seed_42_iter_1000_20260717T143245Z,324,1.8185064010322094,48.06,0.37469014525413513,0.2327800691127777,0.17437908053398132,0.09925401210784912,0.425187885761261,0.8797169923782349,3.3892791271209717,7.465526580810547,0.002747379243373871,0.2457611858844757,0.0,13.125,0.0,76.04167175292969
No self collision,q2l4sxxn,2026-07-17_19-30-54_05_04_gmr_no_self_collision_seed_42_iter_1000_20260717T143245Z,325,1.960773040652275,51.56,0.3742445707321167,0.2316896617412567,0.17411021888256073,0.09952329099178314,0.42756742238998413,0.8722742795944214,3.3956503868103027,7.432351112365723,0.002587792230769992,0.2539427876472473,0.0,12.666666984558105,0.0,74.08333587646484
No self collision,q2l4sxxn,2026-07-17_19-30-54_05_04_gmr_no_self_collision_seed_42_iter_1000_20260717T143245Z,326,1.742840584218502,48.05,0.3740054666996002,0.23447579145431519,0.17528036236763,0.10009785741567612,0.42859750986099243,0.8748334646224976,3.3894107341766357,7.415612697601318,0.00256786635145545,0.25827106833457947,0.0,14.25,0.0,77.54167175292969
No self collision,q2l4sxxn,2026-07-17_19-30-54_05_04_gmr_no_self_collision_seed_42_iter_1000_20260717T143245Z,327,1.9932290732860565,51.84,0.37367916107177734,0.23564335703849792,0.17350390553474426,0.09998729825019836,0.4262954890727997,0.8796288371086121,3.3873801231384277,7.411780834197998,0.002847094787284732,0.26280519366264343,0.0,12.375,0.0,74.70833587646484
No self collision,q2l4sxxn,2026-07-17_19-30-54_05_04_gmr_no_self_collision_seed_42_iter_1000_20260717T143245Z,328,1.9135157853364944,50.79,0.37341344356536865,0.23449060320854187,0.1733366847038269,0.10037554800510406,0.4295286536216736,0.8827864527702332,3.3903732299804688,7.411228179931641,0.002678168471902609,0.24284523725509644,0.0,14.083333969116211,0.0,75.70833587646484
No self collision,q2l4sxxn,2026-07-17_19-30-54_05_04_gmr_no_self_collision_seed_42_iter_1000_20260717T143245Z,329,2.189794481396675,56.34,0.37289491295814514,0.23406057059764862,0.17134039103984833,0.09976570308208466,0.42810139060020447,0.8797847628593445,3.396838665008545,7.418268203735352,0.002762111835181713,0.23598811030387878,0.0,13.416666984558105,0.0,73.54167175292969
No self collision,q2l4sxxn,2026-07-17_19-30-54_05_04_gmr_no_self_collision_seed_42_iter_1000_20260717T143245Z,330,1.8540438345074655,49.6,0.37258613109588623,0.23380212485790253,0.17235895991325378,0.09906121343374252,0.42366811633110046,0.8775307536125183,3.3656325340270996,7.395495414733887,0.002832663943991065,0.24468642473220825,0.0,14.291666984558105,0.0,76.20833587646484
No self collision,q2l4sxxn,2026-07-17_19-30-54_05_04_gmr_no_self_collision_seed_42_iter_1000_20260717T143245Z,331,2.083409557044506,52.58,0.37218552827835083,0.2303917109966278,0.17121462523937225,0.0997934564948082,0.42566046118736267,0.8747094869613647,3.369737148284912,7.370655059814453,0.002776659559458494,0.21650175750255585,0.0,14.125,0.0,74.45833587646484
No self collision,q2l4sxxn,2026-07-17_19-30-54_05_04_gmr_no_self_collision_seed_42_iter_1000_20260717T143245Z,332,1.896766169667244,50.52,0.3718664348125458,0.23706082999706268,0.17290937900543213,0.0996963232755661,0.4275974929332733,0.8819528818130493,3.3908872604370117,7.373634338378906,0.0028715680819004774,0.2394423484802246,0.0,14.583333969116211,0.0,71.08333587646484
No self collision,q2l4sxxn,2026-07-17_19-30-54_05_04_gmr_no_self_collision_seed_42_iter_1000_20260717T143245Z,333,1.8663894110918045,49.81,0.37154796719551086,0.23671039938926697,0.1709035485982895,0.09943866729736328,0.42654603719711304,0.881426990032196,3.373429775238037,7.375885009765625,0.00278311874717474,0.22244560718536377,0.0,14.041666984558105,0.0,74.25
No self collision,q2l4sxxn,2026-07-17_19-30-54_05_04_gmr_no_self_collision_seed_42_iter_1000_20260717T143245Z,334,2.0402619153261186,52.91,0.3711127042770386,0.23626548051834106,0.17390072345733643,0.1000635027885437,0.42870673537254333,0.8827143907546997,3.3868472576141357,7.364015579223633,0.002923710737377405,0.2272627353668213,0.0,15.916666984558105,0.0,70.83333587646484
No self collision,q2l4sxxn,2026-07-17_19-30-54_05_04_gmr_no_self_collision_seed_42_iter_1000_20260717T143245Z,335,2.1566251301765442,56.09,0.3709907829761505,0.2339441478252411,0.17243319749832153,0.09985481202602386,0.4277193546295166,0.880807101726532,3.3756608963012695,7.34309196472168,0.002864789916202426,0.221425399184227,0.0,13.666666984558105,0.0,74.16667175292969
No self collision,q2l4sxxn,2026-07-17_19-30-54_05_04_gmr_no_self_collision_seed_42_iter_1000_20260717T143245Z,336,2.121468591094017,54.14,0.37068817019462585,0.23505762219429016,0.1709364652633667,0.09954896569252014,0.424274206161499,0.8716499209403992,3.3538119792938232,7.3313727378845215,0.0027272372972220182,0.21675798296928406,0.0,14.541666984558105,0.0,71.5
No self collision,q2l4sxxn,2026-07-17_19-30-54_05_04_gmr_no_self_collision_seed_42_iter_1000_20260717T143245Z,337,1.811533300280571,49.32,0.37034717202186584,0.23368392884731293,0.17287054657936096,0.09929265826940536,0.42573413252830505,0.8723272681236267,3.373542308807373,7.3353424072265625,0.0026864882092922926,0.21508274972438812,0.0,14.333333969116211,0.0,72.375
No self collision,q2l4sxxn,2026-07-17_19-30-54_05_04_gmr_no_self_collision_seed_42_iter_1000_20260717T143245Z,338,1.8368855530023576,49.51,0.36996424198150635,0.23556014895439148,0.17199277877807617,0.09918790310621262,0.426922082901001,0.8821238279342651,3.378939151763916,7.32736349105835,0.0026393074076622725,0.20983314514160156,0.0,14.666666984558105,0.0,72.625
No self collision,q2l4sxxn,2026-07-17_19-30-54_05_04_gmr_no_self_collision_seed_42_iter_1000_20260717T143245Z,339,1.7754279172420502,47.96,0.36958983540534973,0.23711071908473969,0.1706860065460205,0.0990702360868454,0.4242432117462158,0.8793168067932129,3.374239921569824,7.311183452606201,0.0026350603438913822,0.2061334103345871,0.0,15.416666984558105,0.0,72.29167175292969
No self collision,q2l4sxxn,2026-07-17_19-30-54_05_04_gmr_no_self_collision_seed_42_iter_1000_20260717T143245Z,340,1.9063726702332497,50.5,0.36919263005256653,0.23306021094322205,0.1724185198545456,0.09898360073566437,0.4265206754207611,0.8830684423446655,3.3782920837402344,7.298638820648193,0.0028311414644122124,0.20892813801765442,0.0,14.75,0.0,75.16667175292969
No self collision,q2l4sxxn,2026-07-17_19-30-54_05_04_gmr_no_self_collision_seed_42_iter_1000_20260717T143245Z,341,1.9499117904901504,51.52,0.3688165843486786,0.2342730164527893,0.1703193634748459,0.09939410537481308,0.4270230233669281,0.8826810717582703,3.374558210372925,7.325098991394043,0.0028773872181773186,0.19843237102031708,0.0,13.416666984558105,0.0,71.08333587646484
No self collision,q2l4sxxn,2026-07-17_19-30-54_05_04_gmr_no_self_collision_seed_42_iter_1000_20260717T143245Z,342,1.7314432656764984,49.03,0.3686370253562927,0.2368897646665573,0.1716594099998474,0.09981082379817963,0.4293404519557953,0.8830817937850952,3.388146162033081,7.302804470062256,0.0030090156942605972,0.19913612306118011,0.0,15.875,0.0,71.91667175292969
No self collision,q2l4sxxn,2026-07-17_19-30-54_05_04_gmr_no_self_collision_seed_42_iter_1000_20260717T143245Z,343,2.0867576664686203,54.02,0.368545800447464,0.236334428191185,0.1710658073425293,0.09967152774333954,0.42947959899902344,0.8776790499687195,3.374518871307373,7.302909851074219,0.0027500088326632977,0.19675974547863007,0.0,17.041667938232422,0.0,68.66667175292969
No self collision,q2l4sxxn,2026-07-17_19-30-54_05_04_gmr_no_self_collision_seed_42_iter_1000_20260717T143245Z,344,1.954519508779049,51.19,0.36824145913124084,0.2375485599040985,0.17043757438659668,0.09911170601844788,0.4259445071220398,0.8826719522476196,3.362654685974121,7.2781782150268555,0.0028635631315410137,0.200287863612175,0.0,15.416666984558105,0.0,73.25
No self collision,q2l4sxxn,2026-07-17_19-30-54_05_04_gmr_no_self_collision_seed_42_iter_1000_20260717T143245Z,345,2.1367220669984817,55.86,0.3683083951473236,0.23789939284324646,0.17239734530448914,0.09975206851959229,0.42805129289627075,0.8843838572502136,3.3673179149627686,7.277385711669922,0.0025803991593420506,0.20558711886405945,0.0,15.291666984558105,0.0,68.5
No self collision,q2l4sxxn,2026-07-17_19-30-54_05_04_gmr_no_self_collision_seed_42_iter_1000_20260717T143245Z,346,2.3075098574161528,58.56,0.36824750900268555,0.23812608420848846,0.17149202525615692,0.09941485524177551,0.4277274012565613,0.8693971633911133,3.364778995513916,7.283849239349365,0.002720355987548828,0.20480260252952576,0.0,15.708333969116211,0.0,69.58333587646484
No self collision,q2l4sxxn,2026-07-17_19-30-54_05_04_gmr_no_self_collision_seed_42_iter_1000_20260717T143245Z,347,1.936311748921871,51.35,0.36822509765625,0.23867015540599823,0.17278754711151123,0.09938793629407883,0.4276043772697449,0.8810774683952332,3.376163959503174,7.301023483276367,0.003061349270865321,0.20278768241405487,0.0,15.958333969116211,0.0,69.91667175292969
No self collision,q2l4sxxn,2026-07-17_19-30-54_05_04_gmr_no_self_collision_seed_42_iter_1000_20260717T143245Z,348,2.163432016968727,55.65,0.3680326044559479,0.23763881623744965,0.17118632793426514,0.09972085803747177,0.42878180742263794,0.8796029090881348,3.375946044921875,7.290382385253906,0.002862919820472598,0.19017301499843597,0.0,16.45833396911621,0.0,68.20833587646484
No self collision,q2l4sxxn,2026-07-17_19-30-54_05_04_gmr_no_self_collision_seed_42_iter_1000_20260717T143245Z,349,1.9048007678985597,50.38,0.36756518483161926,0.23875606060028076,0.17043879628181458,0.0996655821800232,0.4272978901863098,0.885077714920044,3.3629202842712402,7.2942328453063965,0.002618905622512102,0.19851210713386536,0.0,16.5,0.0,71.95833587646484
No self collision,q2l4sxxn,2026-07-17_19-30-54_05_04_gmr_no_self_collision_seed_42_iter_1000_20260717T143245Z,350,1.9230891132354737,51.75,0.3672402799129486,0.23786941170692444,0.17179176211357117,0.09979677200317383,0.4284093379974365,0.8824316263198853,3.3671178817749023,7.304957866668701,0.002935130847617984,0.19980351626873016,0.0,17.08333396911621,0.0,69.08333587646484
No self collision,q2l4sxxn,2026-07-17_19-30-54_05_04_gmr_no_self_collision_seed_42_iter_1000_20260717T143245Z,351,1.9866998872160913,51.64,0.366904079914093,0.23762834072113037,0.17217175662517548,0.09986233711242676,0.42858609557151794,0.8851313591003418,3.365190029144287,7.291589260101318,0.0028335205279290676,0.2052740901708603,0.0,15.458333969116211,0.0,68.875
No self collision,q2l4sxxn,2026-07-17_19-30-54_05_04_gmr_no_self_collision_seed_42_iter_1000_20260717T143245Z,352,1.9784629133343696,53.22,0.36680856347084045,0.23690681159496307,0.1711721271276474,0.09929802268743515,0.42756184935569763,0.8828632235527039,3.365211248397827,7.263186931610107,0.0027691374998539686,0.19024008512496948,0.0,16.0,0.0,70.20833587646484
No self collision,q2l4sxxn,2026-07-17_19-30-54_05_04_gmr_no_self_collision_seed_42_iter_1000_20260717T143245Z,353,2.116842437386513,54.32,0.36655616760253906,0.23720744252204895,0.1716872900724411,0.0994894728064537,0.4269197881221771,0.8882929086685181,3.362565040588379,7.26536750793457,0.0031474106945097446,0.19643065333366394,0.0,16.95833396911621,0.0,71.25
No self collision,q2l4sxxn,2026-07-17_19-30-54_05_04_gmr_no_self_collision_seed_42_iter_1000_20260717T143245Z,354,2.13044960975647,54.62,0.3662577271461487,0.2365225851535797,0.17220193147659302,0.09945716708898544,0.42908453941345215,0.8797591924667358,3.3551948070526123,7.260995864868164,0.003013367298990488,0.20230019092559814,0.0,15.833333969116211,0.0,69.25
No self collision,q2l4sxxn,2026-07-17_19-30-54_05_04_gmr_no_self_collision_seed_42_iter_1000_20260717T143245Z,355,2.6063514402508736,64.19,0.366001695394516,0.23861956596374512,0.17055176198482513,0.09864004701375961,0.42662668228149414,0.8746004104614258,3.344717502593994,7.235016822814941,0.003084243042394519,0.1902965009212494,0.0,16.20833396911621,0.0,70.0
No self collision,q2l4sxxn,2026-07-17_19-30-54_05_04_gmr_no_self_collision_seed_42_iter_1000_20260717T143245Z,356,2.0494018480181695,53.87,0.36582350730895996,0.23864254355430603,0.17171089351177216,0.09917774051427841,0.4271697402000427,0.8847646117210388,3.362056255340576,7.259030818939209,0.0026750832330435514,0.18111643195152283,0.0,16.33333396911621,0.0,68.66667175292969
No self collision,q2l4sxxn,2026-07-17_19-30-54_05_04_gmr_no_self_collision_seed_42_iter_1000_20260717T143245Z,357,2.1725888776779176,57.63,0.3657044470310211,0.24097971618175507,0.17131420969963074,0.09911774098873138,0.4288812577724457,0.8897683024406433,3.377854108810425,7.262560844421387,0.0029188988264650106,0.20622870326042175,0.0,16.541667938232422,0.0,72.875
No self collision,q2l4sxxn,2026-07-17_19-30-54_05_04_gmr_no_self_collision_seed_42_iter_1000_20260717T143245Z,358,1.8896002674102783,50.87,0.36551880836486816,0.240162655711174,0.17513911426067352,0.10015472024679184,0.43025559186935425,0.8908470869064331,3.3759055137634277,7.24178409576416,0.0030645239166915417,0.17728647589683533,0.0,16.83333396911621,0.0,69.29167175292969
No self collision,q2l4sxxn,2026-07-17_19-30-54_05_04_gmr_no_self_collision_seed_42_iter_1000_20260717T143245Z,359,2.12573272138834,55.22,0.36531195044517517,0.23968617618083954,0.1717182844877243,0.09948170185089111,0.42847585678100586,0.8948385715484619,3.3716578483581543,7.253880977630615,0.0030184395145624876,0.19924592971801758,0.0,16.041667938232422,0.0,70.375
No self collision,q2l4sxxn,2026-07-17_19-30-54_05_04_gmr_no_self_collision_seed_42_iter_1000_20260717T143245Z,360,1.89115647315979,49.96,0.36495643854141235,0.23754310607910156,0.17015942931175232,0.09885154664516449,0.42641544342041016,0.8804838061332703,3.352153778076172,7.237395763397217,0.0031530740670859814,0.19062218070030212,0.0,15.875,0.0,66.91667175292969
No self collision,q2l4sxxn,2026-07-17_19-30-54_05_04_gmr_no_self_collision_seed_42_iter_1000_20260717T143245Z,361,2.177018407583237,56.04,0.36466795206069946,0.24200576543807983,0.17147812247276306,0.09942888468503952,0.4279657006263733,0.8871216773986816,3.353311538696289,7.2156195640563965,0.002923652296885848,0.20023445785045624,0.0,16.916667938232422,0.0,69.70833587646484
No self collision,q2l4sxxn,2026-07-17_19-30-54_05_04_gmr_no_self_collision_seed_42_iter_1000_20260717T143245Z,362,2.30507438659668,58.97,0.3646422028541565,0.2397230714559555,0.1691814512014389,0.09907051175832748,0.4287736415863037,0.8820576667785645,3.352288007736206,7.208596229553223,0.0034065868239849806,0.18337075412273407,0.0,16.166667938232422,0.0,65.5
No self collision,q2l4sxxn,2026-07-17_19-30-54_05_04_gmr_no_self_collision_seed_42_iter_1000_20260717T143245Z,363,1.7218218883872032,47.52,0.3644500970840454,0.2413579225540161,0.17080584168434143,0.09930848330259323,0.42862313985824585,0.8907551765441895,3.376281261444092,7.209115982055664,0.003216502023860812,0.18545809388160706,0.0,17.5,0.0,70.25
No self collision,q2l4sxxn,2026-07-17_19-30-54_05_04_gmr_no_self_collision_seed_42_iter_1000_20260717T143245Z,364,2.0737112084031106,54.56,0.364242285490036,0.24126200377941132,0.17170290648937225,0.09954792261123657,0.4270819127559662,0.8894710540771484,3.3509860038757324,7.203275680541992,0.0032705895137041807,0.19517652690410614,0.0,16.08333396911621,0.0,67.41667175292969
No self collision,q2l4sxxn,2026-07-17_19-30-54_05_04_gmr_no_self_collision_seed_42_iter_1000_20260717T143245Z,365,1.9957441127300262,50.92,0.3641008734703064,0.23714637756347656,0.16935357451438904,0.09896355867385864,0.429088294506073,0.8779098391532898,3.355135679244995,7.20817756652832,0.0029878313653171062,0.1977657675743103,0.0,16.875,0.0,67.875
No self collision,q2l4sxxn,2026-07-17_19-30-54_05_04_gmr_no_self_collision_seed_42_iter_1000_20260717T143245Z,366,1.8895127269625664,49.96,0.36390891671180725,0.24014195799827576,0.16957210004329681,0.09921121597290039,0.42845600843429565,0.8861856460571289,3.3471248149871826,7.20504903793335,0.00310242036357522,0.18347780406475067,0.0,16.0,0.0,68.875
No self collision,q2l4sxxn,2026-07-17_19-30-54_05_04_gmr_no_self_collision_seed_42_iter_1000_20260717T143245Z,367,2.07982531696558,55.26,0.3637513220310211,0.24501466751098633,0.1695626974105835,0.09978167712688446,0.428987979888916,0.8958234786987305,3.3544669151306152,7.224579811096191,0.003108038567006588,0.18657653033733368,0.0,16.416667938232422,0.0,68.45833587646484
No self collision,q2l4sxxn,2026-07-17_19-30-54_05_04_gmr_no_self_collision_seed_42_iter_1000_20260717T143245Z,368,2.1016864213347435,54.68,0.3636724650859833,0.2404921054840088,0.16862544417381287,0.09943151473999023,0.424086332321167,0.8786136507987976,3.32977294921875,7.193540096282959,0.0031454856507480145,0.1977863311767578,0.0,16.0,0.0,66.70833587646484
No self collision,q2l4sxxn,2026-07-17_19-30-54_05_04_gmr_no_self_collision_seed_42_iter_1000_20260717T143245Z,369,2.058000818639994,54.17,0.3635571002960205,0.2383599728345871,0.1705443114042282,0.09876426309347153,0.4268837869167328,0.882503867149353,3.3598384857177734,7.189178466796875,0.003187687136232853,0.19019238650798798,0.0,15.541666984558105,0.0,67.5
No self collision,q2l4sxxn,2026-07-17_19-30-54_05_04_gmr_no_self_collision_seed_42_iter_1000_20260717T143245Z,370,2.076098072975874,54.76,0.3635234236717224,0.2405303418636322,0.1688738465309143,0.09928794950246811,0.4273223876953125,0.8843356966972351,3.3561742305755615,7.188012599945068,0.0031133019365370274,0.1888032853603363,0.0,17.916667938232422,0.0,68.58333587646484
No self collision,q2l4sxxn,2026-07-17_19-30-54_05_04_gmr_no_self_collision_seed_42_iter_1000_20260717T143245Z,371,2.066389385163784,53.39,0.3633095324039459,0.23736163973808289,0.17117592692375183,0.0988045260310173,0.4255537986755371,0.8759447932243347,3.353661298751831,7.196826934814453,0.003071938641369343,0.18563565611839294,0.0,16.70833396911621,0.0,67.95833587646484
No self collision,q2l4sxxn,2026-07-17_19-30-54_05_04_gmr_no_self_collision_seed_42_iter_1000_20260717T143245Z,372,2.2268454974889753,57.57,0.36296018958091736,0.23769733309745789,0.1697365641593933,0.09878139197826385,0.4234080910682678,0.8836976289749146,3.3439881801605225,7.177637100219727,0.0031516680028289557,0.18307851254940033,0.0,16.166667938232422,0.0,67.5
No self collision,q2l4sxxn,2026-07-17_19-30-54_05_04_gmr_no_self_collision_seed_42_iter_1000_20260717T143245Z,373,2.101975980401039,55.92,0.3629930913448334,0.24034976959228516,0.16967885196208954,0.09898392856121063,0.425327867269516,0.8862169981002808,3.340484142303467,7.17194128036499,0.0034609143622219563,0.17808030545711517,0.0,15.666666984558105,0.0,66.33333587646484
No self collision,q2l4sxxn,2026-07-17_19-30-54_05_04_gmr_no_self_collision_seed_42_iter_1000_20260717T143245Z,374,2.1816050413250925,56.31,0.3629113435745239,0.23898451030254364,0.1705702245235443,0.0987199991941452,0.4252142906188965,0.8812829852104187,3.353062391281128,7.1788530349731445,0.0032594266813248396,0.17989489436149597,0.0,17.20833396911621,0.0,65.70833587646484
No self collision,q2l4sxxn,2026-07-17_19-30-54_05_04_gmr_no_self_collision_seed_42_iter_1000_20260717T143245Z,375,1.9521834397315978,53.0,0.362832635641098,0.23864597082138062,0.16868329048156738,0.09847255796194077,0.4227841794490814,0.8743572235107422,3.331108808517456,7.1651225090026855,0.0030368331354111433,0.18378232419490814,0.0,16.95833396911621,0.0,65.375
No self collision,q2l4sxxn,2026-07-17_19-30-54_05_04_gmr_no_self_collision_seed_42_iter_1000_20260717T143245Z,376,2.067223334014416,52.59,0.3626885414123535,0.23771308362483978,0.16979555785655975,0.0983581393957138,0.4252864718437195,0.8859087824821472,3.345698833465576,7.187453269958496,0.0033556963317096233,0.17538146674633026,0.0,13.958333969116211,0.0,68.04167175292969
No self collision,q2l4sxxn,2026-07-17_19-30-54_05_04_gmr_no_self_collision_seed_42_iter_1000_20260717T143245Z,377,2.336765181720257,59.51,0.36261603236198425,0.24153172969818115,0.1710723638534546,0.09922687709331512,0.42694365978240967,0.8854002952575684,3.3486061096191406,7.171390533447266,0.0032971638720482588,0.18961140513420105,0.0,16.33333396911621,0.0,66.25
No self collision,q2l4sxxn,2026-07-17_19-30-54_05_04_gmr_no_self_collision_seed_42_iter_1000_20260717T143245Z,378,1.8866686920821667,50.47,0.36252543330192566,0.24041318893432617,0.1713256537914276,0.0987367257475853,0.42653509974479675,0.8810995817184448,3.3420989513397217,7.175676345825195,0.0034371993970125914,0.18298088014125824,0.0,15.208333969116211,0.0,65.54167175292969
No self collision,q2l4sxxn,2026-07-17_19-30-54_05_04_gmr_no_self_collision_seed_42_iter_1000_20260717T143245Z,379,2.0729410895705223,54.02,0.3625020980834961,0.24058914184570312,0.1707010716199875,0.0991235226392746,0.42726558446884155,0.8899269104003906,3.356635808944702,7.200798988342285,0.003538394346833229,0.18406963348388672,0.0,16.416667938232422,0.0,66.83333587646484
No self collision,q2l4sxxn,2026-07-17_19-30-54_05_04_gmr_no_self_collision_seed_42_iter_1000_20260717T143245Z,380,2.2064844915270805,57.22,0.3622549772262573,0.24420879781246185,0.17005310952663422,0.09977583587169647,0.4307142198085785,0.8955390453338623,3.356175184249878,7.187787055969238,0.003444144269451499,0.17780594527721405,0.0,16.875,0.0,66.58333587646484
No self collision,q2l4sxxn,2026-07-17_19-30-54_05_04_gmr_no_self_collision_seed_42_iter_1000_20260717T143245Z,381,1.9213850438594817,51.05,0.3621969223022461,0.2406027764081955,0.17006394267082214,0.09908978641033173,0.42757999897003174,0.883726954460144,3.3405208587646484,7.156664848327637,0.003264761995524168,0.18088838458061218,0.0,15.416666984558105,0.0,64.29167175292969
No self collision,q2l4sxxn,2026-07-17_19-30-54_05_04_gmr_no_self_collision_seed_42_iter_1000_20260717T143245Z,382,1.8785963061451911,51.16,0.3620314300060272,0.24458011984825134,0.17184209823608398,0.09879404306411743,0.42660221457481384,0.8925970792770386,3.351421356201172,7.1857757568359375,0.0035404376685619354,0.18310736119747162,0.0,16.70833396911621,0.0,67.04167175292969
No self collision,q2l4sxxn,2026-07-17_19-30-54_05_04_gmr_no_self_collision_seed_42_iter_1000_20260717T143245Z,383,2.2418698275089266,57.73,0.36190223693847656,0.24087779223918915,0.1707191914319992,0.09917362779378891,0.4286690652370453,0.8856140971183777,3.353139877319336,7.164718151092529,0.0033453393261879683,0.1832294762134552,0.0,15.333333969116211,0.0,63.25
No self collision,q2l4sxxn,2026-07-17_19-30-54_05_04_gmr_no_self_collision_seed_42_iter_1000_20260717T143245Z,384,2.1040925016999243,55.37,0.3618338108062744,0.24531297385692596,0.17033158242702484,0.09909933805465698,0.4291866719722748,0.8867316246032715,3.3363099098205566,7.131203651428223,0.003372828010469675,0.18380793929100037,0.0,14.375,0.0,67.25
No self collision,q2l4sxxn,2026-07-17_19-30-54_05_04_gmr_no_self_collision_seed_42_iter_1000_20260717T143245Z,385,2.0969613733887673,55.68,0.36172065138816833,0.24691233038902283,0.16952165961265564,0.09952138364315033,0.43186354637145996,0.8992706537246704,3.3677749633789062,7.170651435852051,0.00328547740355134,0.17343997955322266,0.0,16.125,0.0,64.875
No self collision,q2l4sxxn,2026-07-17_19-30-54_05_04_gmr_no_self_collision_seed_42_iter_1000_20260717T143245Z,386,2.0715225487947464,54.74,0.3614981174468994,0.24297067523002625,0.16944120824337006,0.09886574745178223,0.42860206961631775,0.8833205103874207,3.344385862350464,7.176128387451172,0.00324931344948709,0.16908273100852966,0.0,16.83333396911621,0.0,65.91667175292969
No self collision,q2l4sxxn,2026-07-17_19-30-54_05_04_gmr_no_self_collision_seed_42_iter_1000_20260717T143245Z,387,2.1040257862210274,54.83,0.36140090227127075,0.24364089965820312,0.16991955041885376,0.09887709468603134,0.4290750026702881,0.8973166346549988,3.347888946533203,7.184401512145996,0.003226491389796138,0.15137344598770142,0.0,13.125,0.0,65.5
No self collision,q2l4sxxn,2026-07-17_19-30-54_05_04_gmr_no_self_collision_seed_42_iter_1000_20260717T143245Z,388,2.1193532609939574,55.23,0.3612917363643646,0.2442808449268341,0.1721222698688507,0.09873650968074799,0.4275524616241455,0.8830258250236511,3.340121269226074,7.15969181060791,0.003112447913736105,0.17002636194229126,0.0,16.58333396911621,0.0,65.70833587646484
No self collision,q2l4sxxn,2026-07-17_19-30-54_05_04_gmr_no_self_collision_seed_42_iter_1000_20260717T143245Z,389,1.8610398682951927,51.59,0.361168771982193,0.24255213141441345,0.16914987564086914,0.09863439202308655,0.4285980463027954,0.8879696726799011,3.3540310859680176,7.166812896728516,0.003103856695815921,0.17907965183258057,0.0,13.625,0.0,63.625
No self collision,q2l4sxxn,2026-07-17_19-30-54_05_04_gmr_no_self_collision_seed_42_iter_1000_20260717T143245Z,390,2.348266118168831,60.74,0.361146479845047,0.24009808897972107,0.1703222095966339,0.0977083370089531,0.4256162643432617,0.8738746643066406,3.3305130004882812,7.1383376121521,0.0031951263081282377,0.1670622080564499,0.0,14.5,0.0,68.08333587646484
No self collision,q2l4sxxn,2026-07-17_19-30-54_05_04_gmr_no_self_collision_seed_42_iter_1000_20260717T143245Z,391,2.0628986623883248,53.3,0.3609108626842499,0.24006423354148865,0.16916543245315552,0.09850412607192993,0.4278133809566498,0.8830103874206543,3.3484930992126465,7.159352779388428,0.0031772549264132977,0.1629806011915207,0.0,15.0,0.0,65.58333587646484
No self collision,q2l4sxxn,2026-07-17_19-30-54_05_04_gmr_no_self_collision_seed_42_iter_1000_20260717T143245Z,392,2.0210779993236065,53.55,0.3608699142932892,0.240474671125412,0.1682177633047104,0.09865541756153107,0.4270593822002411,0.8846817016601562,3.338198661804199,7.151328086853027,0.0031185010448098183,0.16109780967235565,0.0,14.291666984558105,0.0,62.458335876464844
No self collision,q2l4sxxn,2026-07-17_19-30-54_05_04_gmr_no_self_collision_seed_42_iter_1000_20260717T143245Z,393,2.2471168130636214,57.84,0.36076682806015015,0.24149668216705322,0.1671956479549408,0.0980205088853836,0.42608556151390076,0.8777127265930176,3.332012176513672,7.1547393798828125,0.003175299149006605,0.1637246310710907,0.0,15.708333969116211,0.0,65.75
No self collision,q2l4sxxn,2026-07-17_19-30-54_05_04_gmr_no_self_collision_seed_42_iter_1000_20260717T143245Z,394,2.369618597626686,60.27,0.3607018291950226,0.23797176778316498,0.16756048798561096,0.0980510339140892,0.4252014756202698,0.8811477422714233,3.3451268672943115,7.166985988616943,0.0032901351805776358,0.1657780110836029,0.0,15.041666984558105,0.0,64.91667175292969
No self collision,q2l4sxxn,2026-07-17_19-30-54_05_04_gmr_no_self_collision_seed_42_iter_1000_20260717T143245Z,395,2.2332958033680916,57.56,0.36063647270202637,0.23931793868541718,0.17040857672691345,0.09860269725322723,0.42922550439834595,0.8845217227935791,3.3586392402648926,7.1807050704956055,0.0033486755564808846,0.15336868166923523,0.0,14.583333969116211,0.0,64.0
No self collision,q2l4sxxn,2026-07-17_19-30-54_05_04_gmr_no_self_collision_seed_42_iter_1000_20260717T143245Z,396,2.1650491070747377,55.99,0.360524982213974,0.23965713381767273,0.16881303489208221,0.09823505580425262,0.4254924952983856,0.8733177185058594,3.3344504833221436,7.171270370483398,0.003423059359192848,0.15684574842453003,0.0,14.041666984558105,0.0,64.25
No self collision,q2l4sxxn,2026-07-17_19-30-54_05_04_gmr_no_self_collision_seed_42_iter_1000_20260717T143245Z,397,2.131082805097103,55.23,0.36063653230667114,0.23912620544433594,0.16943302750587463,0.09871747344732285,0.4290412366390228,0.8822064399719238,3.3441808223724365,7.188767910003662,0.00360339367762208,0.15155728161334991,0.0,14.25,0.0,62.375
No self collision,q2l4sxxn,2026-07-17_19-30-54_05_04_gmr_no_self_collision_seed_42_iter_1000_20260717T143245Z,398,1.8556416141986847,51.06,0.36034297943115234,0.24257633090019226,0.16815787553787231,0.09839706867933273,0.4234633445739746,0.8748469352722168,3.3276987075805664,7.155844688415527,0.003289505373686552,0.15794828534126282,0.0,16.75,0.0,63.583335876464844
No self collision,q2l4sxxn,2026-07-17_19-30-54_05_04_gmr_no_self_collision_seed_42_iter_1000_20260717T143245Z,399,2.278901489377022,59.06,0.3603547513484955,0.24409222602844238,0.1664552390575409,0.09865789860486984,0.42706483602523804,0.8776897192001343,3.3347251415252686,7.172618389129639,0.0030932226218283176,0.16290298104286194,0.0,15.666666984558105,0.0,63.79166793823242
No self collision,q2l4sxxn,2026-07-17_19-30-54_05_04_gmr_no_self_collision_seed_42_iter_1000_20260717T143245Z,400,2.3860166469961404,60.95,0.36035650968551636,0.2399487942457199,0.16828422248363495,0.09862002730369568,0.4278396964073181,0.8815338015556335,3.3462910652160645,7.18820333480835,0.0032948441803455353,0.1559787094593048,0.0,13.166666984558105,0.0,60.333335876464844
No self collision,q2l4sxxn,2026-07-17_19-30-54_05_04_gmr_no_self_collision_seed_42_iter_1000_20260717T143245Z,401,2.3158310556411745,58.43,0.36038538813591003,0.24244141578674316,0.1674964278936386,0.09814591705799103,0.4235283136367798,0.8722097277641296,3.3239333629608154,7.169890880584717,0.0033546816557645798,0.15934281051158905,0.0,16.33333396911621,0.0,62.5
No self collision,q2l4sxxn,2026-07-17_19-30-54_05_04_gmr_no_self_collision_seed_42_iter_1000_20260717T143245Z,402,2.270198034644127,58.59,0.36045700311660767,0.24609427154064178,0.16979090869426727,0.09838168323040009,0.4287494122982025,0.8828849792480469,3.3373610973358154,7.159333229064941,0.003440947737544775,0.16213545203208923,0.0,15.083333969116211,0.0,63.25
No self collision,q2l4sxxn,2026-07-17_19-30-54_05_04_gmr_no_self_collision_seed_42_iter_1000_20260717T143245Z,403,2.3915938824415206,60.43,0.36021217703819275,0.2409948706626892,0.16618487238883972,0.09853988885879517,0.4282457232475281,0.8746421337127686,3.356837749481201,7.190242767333984,0.0033518250565975904,0.15685182809829712,0.0,15.25,0.0,61.583335876464844
No self collision,q2l4sxxn,2026-07-17_19-30-54_05_04_gmr_no_self_collision_seed_42_iter_1000_20260717T143245Z,404,2.5410516482591627,63.98,0.3601436913013458,0.24065211415290833,0.1661032736301422,0.09750347584486008,0.42482227087020874,0.8701319098472595,3.3199145793914795,7.174968719482422,0.0031504123471677303,0.14727655053138733,0.0,14.708333969116211,0.0,63.208335876464844
No self collision,q2l4sxxn,2026-07-17_19-30-54_05_04_gmr_no_self_collision_seed_42_iter_1000_20260717T143245Z,405,2.3537649393081663,60.98,0.3601645231246948,0.2459007352590561,0.16685771942138672,0.09818198531866074,0.4257940649986267,0.8891967535018921,3.34977388381958,7.188852310180664,0.0031992290169000626,0.14376917481422424,0.0,14.041666984558105,0.0,62.75
No self collision,q2l4sxxn,2026-07-17_19-30-54_05_04_gmr_no_self_collision_seed_42_iter_1000_20260717T143245Z,406,2.3607112097740175,61.35,0.3601781725883484,0.238730788230896,0.1686103790998459,0.09805184602737427,0.4276333451271057,0.8733951449394226,3.344359874725342,7.186664581298828,0.0031544293742626905,0.14316585659980774,0.0,14.708333969116211,0.0,61.083335876464844
No self collision,q2l4sxxn,2026-07-17_19-30-54_05_04_gmr_no_self_collision_seed_42_iter_1000_20260717T143245Z,407,2.089448568224907,56.74,0.36013543605804443,0.24074624478816986,0.1682419776916504,0.09820239245891571,0.42582982778549194,0.8714665770530701,3.3349218368530273,7.197421550750732,0.0032789232209324837,0.13692422211170197,0.0,15.333333969116211,0.0,60.583335876464844
No self collision,q2l4sxxn,2026-07-17_19-30-54_05_04_gmr_no_self_collision_seed_42_iter_1000_20260717T143245Z,408,2.3819128996133805,62.28,0.3601871132850647,0.2425435483455658,0.16445159912109375,0.09763865172863007,0.42422837018966675,0.8814457654953003,3.341949224472046,7.193465232849121,0.003417516127228737,0.14793503284454346,0.0,16.08333396911621,0.0,61.75
No self collision,q2l4sxxn,2026-07-17_19-30-54_05_04_gmr_no_self_collision_seed_42_iter_1000_20260717T143245Z,409,2.0794873309135435,54.09,0.36039772629737854,0.24705097079277039,0.16715000569820404,0.09722660481929779,0.4227820336818695,0.878170907497406,3.3333964347839355,7.198428630828857,0.0034022503532469273,0.14832836389541626,0.0,16.166667938232422,0.0,61.54166793823242
No self collision,q2l4sxxn,2026-07-17_19-30-54_05_04_gmr_no_self_collision_seed_42_iter_1000_20260717T143245Z,410,2.074397147297859,54.35,0.36046525835990906,0.24264976382255554,0.1669505089521408,0.09701530635356903,0.4203515946865082,0.8800622224807739,3.3283004760742188,7.208942413330078,0.0033268271945416927,0.15577587485313416,0.0,15.166666984558105,0.0,58.375
No self collision,q2l4sxxn,2026-07-17_19-30-54_05_04_gmr_no_self_collision_seed_42_iter_1000_20260717T143245Z,411,2.3856057664752006,60.77,0.36054086685180664,0.24143695831298828,0.16720446944236755,0.0976940244436264,0.42351508140563965,0.8727483749389648,3.320917844772339,7.202361106872559,0.0033982580062001944,0.1380537897348404,0.0,15.75,0.0,61.54166793823242
No self collision,q2l4sxxn,2026-07-17_19-30-54_05_04_gmr_no_self_collision_seed_42_iter_1000_20260717T143245Z,412,2.2542585346102713,57.42,0.36048850417137146,0.24448822438716888,0.16762308776378632,0.09732338786125183,0.4219551980495453,0.8780195713043213,3.3226916790008545,7.198897361755371,0.003438889514654875,0.13199904561042786,0.0,17.291667938232422,0.0,61.0
No self collision,q2l4sxxn,2026-07-17_19-30-54_05_04_gmr_no_self_collision_seed_42_iter_1000_20260717T143245Z,413,2.364716561436653,61.52,0.3604872226715088,0.24170522391796112,0.16649721562862396,0.09769546985626221,0.42454105615615845,0.8856600522994995,3.3442294597625732,7.255420684814453,0.003668087301775813,0.1415332704782486,0.0,16.041667938232422,0.0,60.91666793823242
No self collision,q2l4sxxn,2026-07-17_19-30-54_05_04_gmr_no_self_collision_seed_42_iter_1000_20260717T143245Z,414,2.7052226504683494,65.87,0.3604017496109009,0.24577400088310242,0.16634568572044373,0.09711699187755585,0.42224249243736267,0.8781256079673767,3.340178966522217,7.236572265625,0.0034213827457278967,0.13601654767990112,0.0,15.375,0.0,59.54166793823242
No self collision,q2l4sxxn,2026-07-17_19-30-54_05_04_gmr_no_self_collision_seed_42_iter_1000_20260717T143245Z,415,2.477131192088127,61.96,0.36053934693336487,0.24718451499938965,0.16409339010715485,0.09733011573553085,0.4241701066493988,0.8899967074394226,3.3402185440063477,7.23541259765625,0.0034231708850711584,0.1456553041934967,0.0,16.541667938232422,0.0,59.66666793823242
No self collision,q2l4sxxn,2026-07-17_19-30-54_05_04_gmr_no_self_collision_seed_42_iter_1000_20260717T143245Z,416,2.1605061224102973,56.75,0.3605336546897888,0.24426791071891785,0.16681674122810364,0.09781761467456818,0.4265162944793701,0.8820192217826843,3.343465805053711,7.245704174041748,0.003266060259193182,0.14611642062664032,0.0,17.041667938232422,0.0,60.0
No self collision,q2l4sxxn,2026-07-17_19-30-54_05_04_gmr_no_self_collision_seed_42_iter_1000_20260717T143245Z,417,2.443758944272995,62.33,0.36062148213386536,0.24261334538459778,0.1685018241405487,0.09785348176956177,0.42582547664642334,0.8844350576400757,3.3528618812561035,7.253720760345459,0.0033857538364827633,0.1436397284269333,0.0,16.45833396911621,0.0,59.91666793823242
No self collision,q2l4sxxn,2026-07-17_19-30-54_05_04_gmr_no_self_collision_seed_42_iter_1000_20260717T143245Z,418,2.5425666230916977,63.04,0.36071309447288513,0.24167335033416748,0.165621817111969,0.0973452776670456,0.4212551712989807,0.8812968134880066,3.3266961574554443,7.249118804931641,0.003803738160058856,0.1495673954486847,0.0,14.708333969116211,0.0,55.41666793823242
No self collision,q2l4sxxn,2026-07-17_19-30-54_05_04_gmr_no_self_collision_seed_42_iter_1000_20260717T143245Z,419,2.4084239575266837,60.98,0.36075523495674133,0.2435659021139145,0.16614851355552673,0.0970044881105423,0.4231395423412323,0.8723912239074707,3.327620267868042,7.244956970214844,0.0034587045665830374,0.15259355306625366,0.0,17.33333396911621,0.0,60.958335876464844
No self collision,q2l4sxxn,2026-07-17_19-30-54_05_04_gmr_no_self_collision_seed_42_iter_1000_20260717T143245Z,420,2.716811389923096,66.66,0.3608575165271759,0.23983053863048553,0.1668170690536499,0.09666281938552856,0.42093682289123535,0.8596016764640808,3.305449962615967,7.236983776092529,0.0033151633106172085,0.14763221144676208,0.0,14.708333969116211,0.0,58.0
No self collision,q2l4sxxn,2026-07-17_19-30-54_05_04_gmr_no_self_collision_seed_42_iter_1000_20260717T143245Z,421,2.6729841446876526,68.68,0.36108577251434326,0.2476586103439331,0.16668292880058289,0.0976056307554245,0.4235530495643616,0.8861652612686157,3.335073471069336,7.272426605224609,0.0036558338906615973,0.1506422460079193,0.0,14.875,0.0,58.208335876464844
No self collision,q2l4sxxn,2026-07-17_19-30-54_05_04_gmr_no_self_collision_seed_42_iter_1000_20260717T143245Z,422,2.536578227579594,65.33,0.36110764741897583,0.24479061365127563,0.1682107150554657,0.09789536893367767,0.42541903257369995,0.8750724792480469,3.327453136444092,7.271655082702637,0.003427704330533743,0.15202628076076508,0.0,14.833333969116211,0.0,58.583335876464844
No self collision,q2l4sxxn,2026-07-17_19-30-54_05_04_gmr_no_self_collision_seed_42_iter_1000_20260717T143245Z,423,2.3939564326405525,61.92,0.3612014949321747,0.2435654252767563,0.1656869649887085,0.0972491130232811,0.42239445447921753,0.8706361651420593,3.3156707286834717,7.261605739593506,0.0036345438566058874,0.15231812000274658,0.0,16.45833396911621,0.0,55.958335876464844
No self collision,q2l4sxxn,2026-07-17_19-30-54_05_04_gmr_no_self_collision_seed_42_iter_1000_20260717T143245Z,424,2.5979023483395576,65.78,0.36135298013687134,0.24689285457134247,0.16508448123931885,0.09727448225021362,0.42189550399780273,0.8792390823364258,3.3246612548828125,7.289394378662109,0.003626421792432666,0.14307643473148346,0.0,16.125,0.0,56.625
No self collision,q2l4sxxn,2026-07-17_19-30-54_05_04_gmr_no_self_collision_seed_42_iter_1000_20260717T143245Z,425,2.3349728202819824,61.71,0.36121898889541626,0.24513904750347137,0.16590097546577454,0.09710939228534698,0.4256333112716675,0.8813575506210327,3.3468596935272217,7.313876628875732,0.0038437284529209137,0.14084002375602722,0.0,13.666666984558105,0.0,58.0
No self collision,q2l4sxxn,2026-07-17_19-30-54_05_04_gmr_no_self_collision_seed_42_iter_1000_20260717T143245Z,426,2.7199461591243743,69.11,0.3611396551132202,0.2428852617740631,0.1663166731595993,0.09682688117027283,0.4231354594230652,0.8732964396476746,3.3225746154785156,7.278191566467285,0.003724645357578993,0.1447063833475113,0.0,15.583333969116211,0.0,58.5
No self collision,q2l4sxxn,2026-07-17_19-30-54_05_04_gmr_no_self_collision_seed_42_iter_1000_20260717T143245Z,427,2.637677813619375,66.98,0.36141324043273926,0.24466422200202942,0.16463397443294525,0.09699110686779022,0.423242449760437,0.880477786064148,3.3333582878112793,7.314313888549805,0.003759167855605483,0.14545270800590515,0.0,14.5,0.0,56.625
No self collision,q2l4sxxn,2026-07-17_19-30-54_05_04_gmr_no_self_collision_seed_42_iter_1000_20260717T143245Z,428,2.6132347059249876,65.78,0.3613985478878021,0.24401625990867615,0.16269928216934204,0.09635724872350693,0.41941606998443604,0.8747321367263794,3.316770076751709,7.2885637283325195,0.0039481548592448235,0.151111900806427,0.0,16.125,0.0,57.833335876464844
No self collision,q2l4sxxn,2026-07-17_19-30-54_05_04_gmr_no_self_collision_seed_42_iter_1000_20260717T143245Z,429,2.4208656519651415,62.28,0.36145156621932983,0.24995478987693787,0.164738267660141,0.09725787490606308,0.42314887046813965,0.8803166151046753,3.3275258541107178,7.309979438781738,0.003972634673118591,0.15731629729270935,0.0,15.75,0.0,56.458335876464844
No self collision,q2l4sxxn,2026-07-17_19-30-54_05_04_gmr_no_self_collision_seed_42_iter_1000_20260717T143245Z,430,2.2084640190005302,58.15,0.36133643984794617,0.24463431537151337,0.1643548160791397,0.09724976122379303,0.4237699508666992,0.8842935562133789,3.335169792175293,7.32303524017334,0.00401841988787055,0.1503753960132599,0.0,15.166666984558105,0.0,56.0
No self collision,q2l4sxxn,2026-07-17_19-30-54_05_04_gmr_no_self_collision_seed_42_iter_1000_20260717T143245Z,431,2.5771810194849967,66.45,0.36135706305503845,0.25395888090133667,0.1641438901424408,0.09682043641805649,0.4207605719566345,0.8824149370193481,3.3255434036254883,7.335386276245117,0.004155464470386505,0.1646401286125183,0.0,15.708333969116211,0.0,55.29166793823242
No self collision,q2l4sxxn,2026-07-17_19-30-54_05_04_gmr_no_self_collision_seed_42_iter_1000_20260717T143245Z,432,2.650794157385826,65.99,0.3614528775215149,0.24530810117721558,0.16643375158309937,0.09672098606824875,0.4232228398323059,0.8712889552116394,3.3222854137420654,7.2977800369262695,0.0036241270136088133,0.15741431713104248,0.0,16.08333396911621,0.0,54.875
No self collision,q2l4sxxn,2026-07-17_19-30-54_05_04_gmr_no_self_collision_seed_42_iter_1000_20260717T143245Z,433,2.2544104140996932,58.93,0.3614061772823334,0.24910354614257812,0.1669255942106247,0.09786610305309296,0.42614877223968506,0.89109206199646,3.3443527221679688,7.315346717834473,0.00426478311419487,0.1585017740726471,0.0,16.58333396911621,0.0,55.41666793823242
No self collision,q2l4sxxn,2026-07-17_19-30-54_05_04_gmr_no_self_collision_seed_42_iter_1000_20260717T143245Z,434,2.5263352927565577,66.91,0.36139875650405884,0.25224947929382324,0.16808342933654785,0.09796750545501709,0.42503470182418823,0.8867737054824829,3.3406436443328857,7.32801628112793,0.003961375914514065,0.16381484270095825,0.0416666679084301,15.166666984558105,0.0,54.375
No self collision,q2l4sxxn,2026-07-17_19-30-54_05_04_gmr_no_self_collision_seed_42_iter_1000_20260717T143245Z,435,2.3543292453885076,63.4,0.3615295886993408,0.2460552155971527,0.1677941083908081,0.0975399762392044,0.4234498143196106,0.8765861988067627,3.338318347930908,7.342955589294434,0.0035766931250691414,0.1608014851808548,0.0416666679084301,14.583333969116211,0.0,54.333335876464844
No self collision,q2l4sxxn,2026-07-17_19-30-54_05_04_gmr_no_self_collision_seed_42_iter_1000_20260717T143245Z,436,2.657314822077751,68.95,0.36168166995048523,0.24884247779846191,0.16619715094566345,0.0972522422671318,0.42052364349365234,0.8770978450775146,3.3205833435058594,7.333520412445068,0.003765696659684181,0.17024299502372742,0.0,15.916666984558105,0.0,54.833335876464844
No self collision,q2l4sxxn,2026-07-17_19-30-54_05_04_gmr_no_self_collision_seed_42_iter_1000_20260717T143245Z,437,3.0775990688800814,75.36,0.36168915033340454,0.2507127821445465,0.1666995733976364,0.0980084165930748,0.4242442548274994,0.8853510618209839,3.343796730041504,7.376884460449219,0.003928130026906729,0.1648143082857132,0.0,14.333333969116211,0.0,55.083335876464844
No self collision,q2l4sxxn,2026-07-17_19-30-54_05_04_gmr_no_self_collision_seed_42_iter_1000_20260717T143245Z,438,3.0032150837779046,74.98,0.36174556612968445,0.24682632088661194,0.16593655943870544,0.09739216417074203,0.4216856360435486,0.8797636032104492,3.343186855316162,7.372737884521484,0.0038772772531956434,0.17192447185516357,0.0,14.458333969116211,0.0,53.458335876464844
No self collision,q2l4sxxn,2026-07-17_19-30-54_05_04_gmr_no_self_collision_seed_42_iter_1000_20260717T143245Z,439,2.472207823097706,64.72,0.3618701994419098,0.24878792464733124,0.16762566566467285,0.0974644348025322,0.42235660552978516,0.8782269358634949,3.334022283554077,7.355962753295898,0.0038649241905659437,0.17321336269378662,0.0,14.0,0.0,52.708335876464844
No self collision,q2l4sxxn,2026-07-17_19-30-54_05_04_gmr_no_self_collision_seed_42_iter_1000_20260717T143245Z,440,2.7201465249061583,70.46,0.3619793951511383,0.24765604734420776,0.1671690046787262,0.09713097661733627,0.422945111989975,0.875726580619812,3.354053020477295,7.384016990661621,0.004045418463647366,0.1607702076435089,0.0,14.541666984558105,0.0,54.91666793823242
No self collision,q2l4sxxn,2026-07-17_19-30-54_05_04_gmr_no_self_collision_seed_42_iter_1000_20260717T143245Z,441,2.9914279890060427,74.43,0.36211979389190674,0.24476031959056854,0.16591167449951172,0.09625615924596786,0.4187524914741516,0.8713127970695496,3.326449155807495,7.376899719238281,0.003970617428421974,0.1634712517261505,0.0,14.041666984558105,0.0,53.458335876464844
No self collision,q2l4sxxn,2026-07-17_19-30-54_05_04_gmr_no_self_collision_seed_42_iter_1000_20260717T143245Z,442,2.5550490644574166,66.89,0.362367182970047,0.2554292678833008,0.16688120365142822,0.09810447692871094,0.4245114028453827,0.8884960412979126,3.3386049270629883,7.382850170135498,0.0038989651948213577,0.1650296151638031,0.0,14.75,0.0,52.708335876464844
No self collision,q2l4sxxn,2026-07-17_19-30-54_05_04_gmr_no_self_collision_seed_42_iter_1000_20260717T143245Z,443,2.7315297389030455,70.65,0.3625912368297577,0.25158700346946716,0.16922549903392792,0.097268246114254,0.42384153604507446,0.8808765411376953,3.3593220710754395,7.420414924621582,0.0042453245259821415,0.1820966899394989,0.0,13.666666984558105,0.0,53.29166793823242
No self collision,q2l4sxxn,2026-07-17_19-30-54_05_04_gmr_no_self_collision_seed_42_iter_1000_20260717T143245Z,444,2.733615553379059,69.84,0.3627654016017914,0.2518688440322876,0.1682148575782776,0.09695093333721161,0.42351049184799194,0.8836170434951782,3.351717948913574,7.416121959686279,0.004094529896974564,0.1644405871629715,0.0,15.125,0.0,54.0
No self collision,q2l4sxxn,2026-07-17_19-30-54_05_04_gmr_no_self_collision_seed_42_iter_1000_20260717T143245Z,445,2.6318618166446686,69.59,0.3626168668270111,0.2540917992591858,0.16735360026359558,0.0968194231390953,0.4224376082420349,0.8795110583305359,3.334383964538574,7.407395839691162,0.003914991393685341,0.1668706238269806,0.0,12.125,0.0,51.958335876464844
No self collision,q2l4sxxn,2026-07-17_19-30-54_05_04_gmr_no_self_collision_seed_42_iter_1000_20260717T143245Z,446,2.5816681355237963,65.88,0.36243700981140137,0.2527897357940674,0.16766589879989624,0.0971454307436943,0.4258827865123749,0.8838400840759277,3.3550219535827637,7.450572967529297,0.004455325659364462,0.16386085748672485,0.0416666679084301,13.458333969116211,0.0,52.833335876464844
No self collision,q2l4sxxn,2026-07-17_19-30-54_05_04_gmr_no_self_collision_seed_42_iter_1000_20260717T143245Z,447,2.6279227742552758,69.02,0.3629019856452942,0.2528069019317627,0.16493050754070282,0.0960046797990799,0.42174047231674194,0.8770837783813477,3.3478236198425293,7.449877738952637,0.0043403590098023415,0.15678070485591888,0.0,13.958333969116211,0.0,51.208335876464844
No self collision,q2l4sxxn,2026-07-17_19-30-54_05_04_gmr_no_self_collision_seed_42_iter_1000_20260717T143245Z,448,2.9238405212759973,74.35,0.36313560605049133,0.25020188093185425,0.1673337072134018,0.09606306254863739,0.42113202810287476,0.8770207166671753,3.349883556365967,7.457016944885254,0.004283328540623188,0.156187042593956,0.0,12.5,0.0,52.958335876464844
No self collision,q2l4sxxn,2026-07-17_19-30-54_05_04_gmr_no_self_collision_seed_42_iter_1000_20260717T143245Z,449,2.9641769149899484,75.89,0.3634064197540283,0.25686854124069214,0.1678488850593567,0.0964832454919815,0.42267927527427673,0.8865710496902466,3.352447032928467,7.481139183044434,0.004304120317101479,0.15930357575416565,0.0,13.333333969116211,0.0,53.04166793823242
No self collision,q2l4sxxn,2026-07-17_19-30-54_05_04_gmr_no_self_collision_seed_42_iter_1000_20260717T143245Z,450,2.8259406870603563,72.93,0.36347442865371704,0.25318658351898193,0.16538399457931519,0.09608664363622665,0.42219966650009155,0.8833520412445068,3.3524293899536133,7.493045330047607,0.0043809544295072556,0.16139167547225952,0.0,12.958333969116211,0.0,49.875
No self collision,q2l4sxxn,2026-07-17_19-30-54_05_04_gmr_no_self_collision_seed_42_iter_1000_20260717T143245Z,451,2.7628465887904166,72.31,0.3634723126888275,0.2560763359069824,0.1658693552017212,0.09659326076507568,0.42423760890960693,0.8865736722946167,3.3620963096618652,7.507188320159912,0.004622355103492737,0.16376113891601562,0.0,13.583333969116211,0.0,48.583335876464844
No self collision,q2l4sxxn,2026-07-17_19-30-54_05_04_gmr_no_self_collision_seed_42_iter_1000_20260717T143245Z,452,2.8619457620382307,74.57,0.3635726869106293,0.2579229474067688,0.16740576922893524,0.09680088609457016,0.4271087050437927,0.8861462473869324,3.376218318939209,7.495552062988281,0.00468023307621479,0.16891621053218842,0.0,12.333333969116211,0.0,50.583335876464844
No self collision,q2l4sxxn,2026-07-17_19-30-54_05_04_gmr_no_self_collision_seed_42_iter_1000_20260717T143245Z,453,2.492217206954956,66.7,0.3636062741279602,0.2574828267097473,0.1682886928319931,0.09618731588125229,0.4237063527107239,0.8790130615234375,3.365463972091675,7.500756740570068,0.004449655767530203,0.16144907474517822,0.0,13.375,0.0,50.083335876464844
No self collision,q2l4sxxn,2026-07-17_19-30-54_05_04_gmr_no_self_collision_seed_42_iter_1000_20260717T143245Z,454,3.094410237669945,78.92,0.36376845836639404,0.25449657440185547,0.16650064289569855,0.09550301730632782,0.4217180609703064,0.8696707487106323,3.3482797145843506,7.497960567474365,0.004523869603872299,0.18123510479927063,0.0,14.041666984558105,0.0,48.41666793823242
No self collision,q2l4sxxn,2026-07-17_19-30-54_05_04_gmr_no_self_collision_seed_42_iter_1000_20260717T143245Z,455,2.8278405290842055,73.51,0.3639158606529236,0.25317010283470154,0.16572903096675873,0.09506525844335556,0.4183461666107178,0.875602662563324,3.3468775749206543,7.505949974060059,0.004605642985552549,0.16456735134124756,0.0,12.875,0.0,47.333335876464844
No self collision,q2l4sxxn,2026-07-17_19-30-54_05_04_gmr_no_self_collision_seed_42_iter_1000_20260717T143245Z,456,3.339930653274059,83.02,0.36408308148384094,0.2548007369041443,0.1676838994026184,0.09598885476589203,0.42167776823043823,0.8758289217948914,3.351987600326538,7.513265609741211,0.00396745465695858,0.17998604476451874,0.0,13.083333969116211,0.0,48.958335876464844
No self collision,q2l4sxxn,2026-07-17_19-30-54_05_04_gmr_no_self_collision_seed_42_iter_1000_20260717T143245Z,457,2.9558681762218475,76.61,0.36431628465652466,0.2599055767059326,0.1704065203666687,0.09650807827711105,0.4264746606349945,0.888225257396698,3.3905417919158936,7.566900253295898,0.004566993564367294,0.18845640122890472,0.0,12.958333969116211,0.0,49.79166793823242
No self collision,q2l4sxxn,2026-07-17_19-30-54_05_04_gmr_no_self_collision_seed_42_iter_1000_20260717T143245Z,458,3.050005120933056,77.42,0.3644685447216034,0.2560783624649048,0.1687193363904953,0.09706631302833557,0.42848438024520874,0.8832658529281616,3.400693893432617,7.594965934753418,0.004609695635735989,0.1791624128818512,0.0,14.041666984558105,0.0,49.875
No self collision,q2l4sxxn,2026-07-17_19-30-54_05_04_gmr_no_self_collision_seed_42_iter_1000_20260717T143245Z,459,2.9495418912172315,75.54,0.3644106686115265,0.25449901819229126,0.1675504446029663,0.095942422747612,0.42292457818984985,0.8817409873008728,3.370807647705078,7.584606170654297,0.004653417505323887,0.1788155734539032,0.0,12.333333969116211,0.0,46.75
No self collision,q2l4sxxn,2026-07-17_19-30-54_05_04_gmr_no_self_collision_seed_42_iter_1000_20260717T143245Z,460,2.7638753807544707,71.41,0.3644813597202301,0.25165456533432007,0.16649793088436127,0.09634718298912048,0.4210937023162842,0.8755475878715515,3.3591220378875732,7.589158058166504,0.004522042348980904,0.1847011297941208,0.0,13.708333969116211,0.0,47.41666793823242
No self collision,q2l4sxxn,2026-07-17_19-30-54_05_04_gmr_no_self_collision_seed_42_iter_1000_20260717T143245Z,461,2.7937273210287095,74.14,0.3646669387817383,0.26017558574676514,0.1662524938583374,0.09663714468479156,0.4251704216003418,0.8859376907348633,3.372126340866089,7.573674201965332,0.004226177465170622,0.18983876705169678,0.0,11.583333969116211,0.0,46.5
No self collision,q2l4sxxn,2026-07-17_19-30-54_05_04_gmr_no_self_collision_seed_42_iter_1000_20260717T143245Z,462,2.722428545355797,70.16,0.3650073707103729,0.25782009959220886,0.16755041480064392,0.09621496498584747,0.42490142583847046,0.8773841261863708,3.3792495727539062,7.609931468963623,0.004358925856649876,0.19203466176986694,0.0,14.166666984558105,0.0,47.54166793823242
No self collision,q2l4sxxn,2026-07-17_19-30-54_05_04_gmr_no_self_collision_seed_42_iter_1000_20260717T143245Z,463,2.5540632620453834,68.18,0.36521095037460327,0.25198620557785034,0.16783010959625244,0.09610673785209656,0.421485036611557,0.8737661242485046,3.379742383956909,7.626950740814209,0.004466806538403034,0.19990622997283936,0.0,12.291666984558105,0.0,45.41666793823242
No self collision,q2l4sxxn,2026-07-17_19-30-54_05_04_gmr_no_self_collision_seed_42_iter_1000_20260717T143245Z,464,3.1914203384518625,83.26,0.36552342772483826,0.2606065273284912,0.16768279671669006,0.09630434960126877,0.42540234327316284,0.8863366842269897,3.4003143310546875,7.6496381759643555,0.0042319269850850105,0.19518983364105225,0.0,11.5,0.0,45.75
No self collision,q2l4sxxn,2026-07-17_19-30-54_05_04_gmr_no_self_collision_seed_42_iter_1000_20260717T143245Z,465,2.9231079267710447,76.09,0.3654962182044983,0.26108863949775696,0.16847674548625946,0.0955260619521141,0.4237791895866394,0.8938518762588501,3.4006385803222656,7.660619258880615,0.004983915016055107,0.18388859927654266,0.0,10.333333969116211,0.0,44.79166793823242
No self collision,q2l4sxxn,2026-07-17_19-30-54_05_04_gmr_no_self_collision_seed_42_iter_1000_20260717T143245Z,466,2.974911834299564,77.01,0.3654680848121643,0.25684285163879395,0.16724757850170135,0.09481275081634521,0.4163181483745575,0.868170440196991,3.3566713333129883,7.645242691040039,0.0042618438601493835,0.19306044280529022,0.0,12.916666984558105,0.0,45.875
No self collision,q2l4sxxn,2026-07-17_19-30-54_05_04_gmr_no_self_collision_seed_42_iter_1000_20260717T143245Z,467,3.636137979328632,92.62,0.3655827045440674,0.26328665018081665,0.1673811376094818,0.09520936012268066,0.4215849041938782,0.8770631551742554,3.3853538036346436,7.661065101623535,0.004446875769644976,0.20069259405136108,0.0,12.458333969116211,0.0,44.625
No self collision,q2l4sxxn,2026-07-17_19-30-54_05_04_gmr_no_self_collision_seed_42_iter_1000_20260717T143245Z,468,3.6008765110373497,91.15,0.3657962679862976,0.2584286630153656,0.16678619384765625,0.09484108537435532,0.42066192626953125,0.8751195669174194,3.376713514328003,7.659038543701172,0.004421747289597988,0.20595607161521912,0.0,12.583333969116211,0.0,45.04166793823242
No self collision,q2l4sxxn,2026-07-17_19-30-54_05_04_gmr_no_self_collision_seed_42_iter_1000_20260717T143245Z,469,3.326393168121576,83.61,0.36606231331825256,0.2552722692489624,0.1675701141357422,0.09547470510005951,0.42204833030700684,0.8720531463623047,3.3826847076416016,7.655898571014404,0.004716257564723492,0.20079493522644043,0.0,12.458333969116211,0.0,42.833335876464844
No self collision,q2l4sxxn,2026-07-17_19-30-54_05_04_gmr_no_self_collision_seed_42_iter_1000_20260717T143245Z,470,3.358753790855408,86.62,0.3662198483943939,0.25703758001327515,0.16598789393901825,0.09485143423080444,0.4200632572174072,0.871208667755127,3.3677420616149902,7.686966896057129,0.004506652243435383,0.2001628279685974,0.0,11.875,0.0,45.583335876464844
No self collision,q2l4sxxn,2026-07-17_19-30-54_05_04_gmr_no_self_collision_seed_42_iter_1000_20260717T143245Z,471,2.9526688715815546,78.44,0.36637309193611145,0.26050427556037903,0.16862700879573822,0.09537707269191742,0.42177197337150574,0.8773529529571533,3.379955768585205,7.673814296722412,0.004166154190897942,0.20387130975723267,0.0,12.333333969116211,0.0,44.208335876464844
No self collision,q2l4sxxn,2026-07-17_19-30-54_05_04_gmr_no_self_collision_seed_42_iter_1000_20260717T143245Z,472,3.6065039555728435,91.93,0.3665582537651062,0.25954416394233704,0.16896319389343262,0.09515523910522461,0.42121511697769165,0.8726994395256042,3.3812854290008545,7.696230888366699,0.004259031731635332,0.19485120475292206,0.0416666679084301,10.916666984558105,0.0,43.54166793823242
No self collision,q2l4sxxn,2026-07-17_19-30-54_05_04_gmr_no_self_collision_seed_42_iter_1000_20260717T143245Z,473,3.3023364093899725,84.93,0.36666062474250793,0.2581387162208557,0.16915246844291687,0.09505505859851837,0.41892969608306885,0.8707126379013062,3.3719096183776855,7.690245628356934,0.004537155851721764,0.19653034210205078,0.0,11.875,0.0,42.125
No self collision,q2l4sxxn,2026-07-17_19-30-54_05_04_gmr_no_self_collision_seed_42_iter_1000_20260717T143245Z,474,3.240058376789093,83.73,0.3667231500148773,0.26356011629104614,0.16626188158988953,0.09495638310909271,0.41980624198913574,0.8771252036094666,3.3757896423339844,7.709205627441406,0.004651384893804789,0.19580966234207153,0.0,12.125,0.0,43.875
No self collision,q2l4sxxn,2026-07-17_19-30-54_05_04_gmr_no_self_collision_seed_42_iter_1000_20260717T143245Z,475,3.311582140028477,86.33,0.366577684879303,0.25928667187690735,0.1680668294429779,0.09500420093536377,0.41898757219314575,0.8700809478759766,3.378023147583008,7.72566556930542,0.0044900658540427685,0.18267467617988586,0.0416666679084301,10.875,0.0,41.91666793823242
No self collision,q2l4sxxn,2026-07-17_19-30-54_05_04_gmr_no_self_collision_seed_42_iter_1000_20260717T143245Z,476,3.225408666729927,84.48,0.3665381371974945,0.2665237486362457,0.1689997911453247,0.09563308954238892,0.42125988006591797,0.8805121779441833,3.381493330001831,7.73602819442749,0.0044540297240018845,0.1966249942779541,0.0416666679084301,12.125,0.0,41.79166793823242
No self collision,q2l4sxxn,2026-07-17_19-30-54_05_04_gmr_no_self_collision_seed_42_iter_1000_20260717T143245Z,477,3.2673291462659835,86.76,0.3666267991065979,0.2640848159790039,0.16756455600261688,0.0949832946062088,0.4206872880458832,0.8749846816062927,3.3792991638183594,7.714432716369629,0.004917476326227188,0.1871083676815033,0.125,11.416666984558105,0.0,42.833335876464844
No self collision,q2l4sxxn,2026-07-17_19-30-54_05_04_gmr_no_self_collision_seed_42_iter_1000_20260717T143245Z,478,3.3739733082056045,86.87,0.36663782596588135,0.26585447788238525,0.1690233200788498,0.0949409008026123,0.41936159133911133,0.875973105430603,3.369128704071045,7.743809700012207,0.004657890647649765,0.1778416633605957,0.0,11.708333969116211,0.0,42.75
No self collision,q2l4sxxn,2026-07-17_19-30-54_05_04_gmr_no_self_collision_seed_42_iter_1000_20260717T143245Z,479,2.954799523353577,76.31,0.36661848425865173,0.26215189695358276,0.16935452818870544,0.09573595225811005,0.42269861698150635,0.8756731748580933,3.393543004989624,7.751317501068115,0.0046857791021466255,0.19087158143520355,0.0,11.083333969116211,0.0,41.16666793823242
No self collision,q2l4sxxn,2026-07-17_19-30-54_05_04_gmr_no_self_collision_seed_42_iter_1000_20260717T143245Z,480,3.325395057052374,86.78,0.366807222366333,0.2702011466026306,0.16894684731960297,0.0948370099067688,0.42002567648887634,0.8864771723747253,3.4003429412841797,7.777591705322266,0.004858316853642464,0.19529268145561218,0.0,10.791666984558105,0.0,44.0
No self collision,q2l4sxxn,2026-07-17_19-30-54_05_04_gmr_no_self_collision_seed_42_iter_1000_20260717T143245Z,481,3.063100982308388,80.63,0.36680006980895996,0.2593127489089966,0.16831141710281372,0.09474869817495346,0.419456422328949,0.8752373456954956,3.374955654144287,7.740293025970459,0.004795418120920658,0.17771057784557343,0.0,10.166666984558105,0.0,42.875
No self collision,q2l4sxxn,2026-07-17_19-30-54_05_04_gmr_no_self_collision_seed_42_iter_1000_20260717T143245Z,482,2.928716752231121,81.58,0.36692121624946594,0.2698487937450409,0.16847074031829834,0.09431397169828415,0.42164477705955505,0.8813385963439941,3.4015116691589355,7.789624214172363,0.0048700617626309395,0.16771087050437927,0.0833333358168602,11.208333969116211,0.0,41.625
No self collision,q2l4sxxn,2026-07-17_19-30-54_05_04_gmr_no_self_collision_seed_42_iter_1000_20260717T143245Z,483,3.019105648100376,78.48,0.3669127821922302,0.2670813798904419,0.1684778779745102,0.09440764039754868,0.41971534490585327,0.873654842376709,3.389230728149414,7.794574737548828,0.0048040118999779224,0.175059974193573,0.0833333358168602,9.625,0.0,39.958335876464844
No self collision,q2l4sxxn,2026-07-17_19-30-54_05_04_gmr_no_self_collision_seed_42_iter_1000_20260717T143245Z,484,2.9869735151529313,78.47,0.36729076504707336,0.2698567509651184,0.16836516559123993,0.09461195766925812,0.42079615592956543,0.877539336681366,3.3912596702575684,7.8137006759643555,0.004352449439466,0.1729625165462494,0.0416666679084301,10.833333969116211,0.0,41.5
No self collision,q2l4sxxn,2026-07-17_19-30-54_05_04_gmr_no_self_collision_seed_42_iter_1000_20260717T143245Z,485,3.521208269298077,89.51,0.36739686131477356,0.26535564661026,0.16768138110637665,0.0934627503156662,0.41638797521591187,0.8726235628128052,3.377750873565674,7.7860212326049805,0.004785710945725441,0.19109666347503662,0.0,9.166666984558105,0.0,39.79166793823242
No self collision,q2l4sxxn,2026-07-17_19-30-54_05_04_gmr_no_self_collision_seed_42_iter_1000_20260717T143245Z,486,3.3222598212957384,86.89,0.36763447523117065,0.270374059677124,0.16870328783988953,0.09450997412204742,0.42105382680892944,0.8770555257797241,3.393017530441284,7.821342468261719,0.005295820068567991,0.17071495950222015,0.0833333358168602,11.458333969116211,0.0,39.833335876464844
No self collision,q2l4sxxn,2026-07-17_19-30-54_05_04_gmr_no_self_collision_seed_42_iter_1000_20260717T143245Z,487,3.6452427127957345,92.42,0.3679356276988983,0.26970240473747253,0.166786789894104,0.09380587190389633,0.4178487956523895,0.8696259260177612,3.372406482696533,7.813462734222412,0.0050923023372888565,0.1714046448469162,0.1666666716337204,10.416666984558105,0.0,39.583335876464844
No self collision,q2l4sxxn,2026-07-17_19-30-54_05_04_gmr_no_self_collision_seed_42_iter_1000_20260717T143245Z,488,3.7606905975937845,96.97,0.3681454658508301,0.2707933187484741,0.16789662837982178,0.09418751299381256,0.4187532663345337,0.8714109659194946,3.3874149322509766,7.823401927947998,0.005114629399031401,0.17218641936779022,0.0416666679084301,10.208333969116211,0.0,40.0
No self collision,q2l4sxxn,2026-07-17_19-30-54_05_04_gmr_no_self_collision_seed_42_iter_1000_20260717T143245Z,489,3.30041660502553,85.84,0.36833396553993225,0.27111881971359253,0.16976213455200195,0.09425883740186691,0.4245748519897461,0.8838445544242859,3.4201302528381348,7.895482540130615,0.005421109031885862,0.17471513152122498,0.0833333358168602,10.416666984558105,0.0,39.333335876464844
No self collision,q2l4sxxn,2026-07-17_19-30-54_05_04_gmr_no_self_collision_seed_42_iter_1000_20260717T143245Z,490,3.546031649261713,93.96,0.3686246871948242,0.27461349964141846,0.16844730079174042,0.09469082206487656,0.42374444007873535,0.8857337832450867,3.4196810722351074,7.891559600830078,0.005133018828928471,0.18980923295021057,0.0833333358168602,11.25,0.0,38.75
No self collision,q2l4sxxn,2026-07-17_19-30-54_05_04_gmr_no_self_collision_seed_42_iter_1000_20260717T143245Z,491,3.031060408055782,81.74,0.36865147948265076,0.2797185480594635,0.1689460277557373,0.09453316777944565,0.4232628345489502,0.8818842172622681,3.408067226409912,7.879073143005371,0.005198426079005003,0.1834864616394043,0.0416666679084301,9.791666984558105,0.0,37.66666793823242
No self collision,q2l4sxxn,2026-07-17_19-30-54_05_04_gmr_no_self_collision_seed_42_iter_1000_20260717T143245Z,492,3.3100503969192503,87.04,0.36888372898101807,0.2787333130836487,0.17107127606868744,0.09534898400306702,0.4264622926712036,0.8831920623779297,3.4161479473114014,7.91986608505249,0.00508506502956152,0.17837059497833252,0.0416666679084301,10.916666984558105,0.0,39.458335876464844
No self collision,q2l4sxxn,2026-07-17_19-30-54_05_04_gmr_no_self_collision_seed_42_iter_1000_20260717T143245Z,493,3.062386707365513,82.51,0.36906784772872925,0.2737088203430176,0.1665099561214447,0.09443157911300659,0.4207543730735779,0.8737456798553467,3.406501531600952,7.918015956878662,0.0053666881285607815,0.18199817836284637,0.0416666679084301,11.166666984558105,0.0,37.91666793823242
No self collision,q2l4sxxn,2026-07-17_19-30-54_05_04_gmr_no_self_collision_seed_42_iter_1000_20260717T143245Z,494,3.217762903869152,85.41,0.3690546751022339,0.27469369769096375,0.1714402735233307,0.09477965533733368,0.4208199381828308,0.8732752799987793,3.3993873596191406,7.898542404174805,0.0050699422135949135,0.1833922117948532,0.125,10.583333969116211,0.0,37.833335876464844
No self collision,q2l4sxxn,2026-07-17_19-30-54_05_04_gmr_no_self_collision_seed_42_iter_1000_20260717T143245Z,495,3.1899740847945215,87.66,0.3690357804298401,0.2774384915828705,0.16871345043182373,0.09474539011716843,0.4228934943675995,0.8792409300804138,3.394456624984741,7.919388771057129,0.005215221084654331,0.17012467980384827,0.0416666679084301,9.958333969116211,0.0,39.0
No self collision,q2l4sxxn,2026-07-17_19-30-54_05_04_gmr_no_self_collision_seed_42_iter_1000_20260717T143245Z,496,3.267056015431881,86.71,0.36911851167678833,0.2679661810398102,0.1680590957403183,0.09372609853744507,0.4208711087703705,0.8772619962692261,3.4137983322143555,7.969956874847412,0.005344634875655174,0.1842201054096222,0.0416666679084301,10.333333969116211,0.0,37.708335876464844
No self collision,q2l4sxxn,2026-07-17_19-30-54_05_04_gmr_no_self_collision_seed_42_iter_1000_20260717T143245Z,497,3.595643635392189,94.11,0.3693026006221771,0.27830052375793457,0.16661261022090912,0.0945291668176651,0.42254647612571716,0.8960859179496765,3.422722339630127,7.978383541107178,0.0049573197029531,0.182024285197258,0.125,9.875,0.0,38.375
No self collision,q2l4sxxn,2026-07-17_19-30-54_05_04_gmr_no_self_collision_seed_42_iter_1000_20260717T143245Z,498,3.1942049869149924,85.8,0.36932533979415894,0.2753680646419525,0.16792748868465424,0.09431500732898712,0.4219209551811218,0.8888174891471863,3.4267101287841797,7.993923187255859,0.005154878832399845,0.1894533932209015,0.0833333358168602,10.041666984558105,0.0,39.0
No self collision,q2l4sxxn,2026-07-17_19-30-54_05_04_gmr_no_self_collision_seed_42_iter_1000_20260717T143245Z,499,3.4336643695831297,92.05,0.36964818835258484,0.27360907196998596,0.16865813732147217,0.09446614980697632,0.4221734404563904,0.8846956491470337,3.413259506225586,7.982208251953125,0.005010860040783882,0.18230697512626648,0.125,10.0,0.0,35.375
No self collision,q2l4sxxn,2026-07-17_19-30-54_05_04_gmr_no_self_collision_seed_42_iter_1000_20260717T143245Z,500,3.668548174202442,92.99,0.37002483010292053,0.27352064847946167,0.16972319781780243,0.09443610161542892,0.42142820358276367,0.8705248832702637,3.401414394378662,7.963321685791016,0.005102701485157013,0.18345145881175995,0.125,11.083333969116211,0.0,36.79166793823242
No self collision,q2l4sxxn,2026-07-17_19-30-54_05_04_gmr_no_self_collision_seed_42_iter_1000_20260717T143245Z,501,3.7924781006574633,98.25,0.37033888697624207,0.2820631265640259,0.16916167736053467,0.0943569540977478,0.41973182559013367,0.8731569051742554,3.392808437347412,7.9678449630737305,0.0052174292504787445,0.18095064163208008,0.125,10.875,0.0,35.458335876464844
No self collision,q2l4sxxn,2026-07-17_19-30-54_05_04_gmr_no_self_collision_seed_42_iter_1000_20260717T143245Z,502,3.3200404925644396,88.48,0.3706541955471039,0.28011611104011536,0.17024587094783783,0.0948452576994896,0.4225728511810303,0.8856648206710815,3.4292402267456055,8.047754287719727,0.005488130263984203,0.17132580280303955,0.0833333358168602,9.0,0.0,34.54166793823242
No self collision,q2l4sxxn,2026-07-17_19-30-54_05_04_gmr_no_self_collision_seed_42_iter_1000_20260717T143245Z,503,4.543094496428966,116.24,0.37063467502593994,0.2722975015640259,0.1686304211616516,0.09321220964193344,0.4161772131919861,0.8617528676986694,3.3941497802734375,7.990927696228027,0.004800925962626934,0.18969127535820007,0.125,10.0,0.0,35.91666793823242
No self collision,q2l4sxxn,2026-07-17_19-30-54_05_04_gmr_no_self_collision_seed_42_iter_1000_20260717T143245Z,504,3.961599523127079,102.79,0.37074342370033264,0.277258962392807,0.16752073168754578,0.09356880187988281,0.4207613170146942,0.8773006200790405,3.4328441619873047,8.03425407409668,0.005098151043057442,0.1891619861125946,0.0833333358168602,10.166666984558105,0.0,34.875
No self collision,q2l4sxxn,2026-07-17_19-30-54_05_04_gmr_no_self_collision_seed_42_iter_1000_20260717T143245Z,505,3.57449182331562,94.45,0.370994508266449,0.2744048833847046,0.16931067407131195,0.09419028460979462,0.4191747307777405,0.8699722290039062,3.408032178878784,8.066981315612793,0.0053710672073066235,0.18678556382656097,0.125,10.041666984558105,0.0,36.708335876464844
No self collision,q2l4sxxn,2026-07-17_19-30-54_05_04_gmr_no_self_collision_seed_42_iter_1000_20260717T143245Z,506,3.4463022017106413,90.37,0.3712174892425537,0.2737969160079956,0.1666589379310608,0.09324418008327484,0.41737663745880127,0.8694450259208679,3.4253573417663574,8.045581817626953,0.005545155145227909,0.17905953526496887,0.2916666865348816,8.375,0.0,37.04166793823242
No self collision,q2l4sxxn,2026-07-17_19-30-54_05_04_gmr_no_self_collision_seed_42_iter_1000_20260717T143245Z,507,3.917534888982773,103.22,0.37140294909477234,0.272659569978714,0.1695539951324463,0.09377097338438034,0.41995272040367126,0.8669877052307129,3.409503936767578,8.060147285461426,0.005102864466607571,0.1682201325893402,0.125,10.125,0.0,35.458335876464844
No self collision,q2l4sxxn,2026-07-17_19-30-54_05_04_gmr_no_self_collision_seed_42_iter_1000_20260717T143245Z,508,3.2242143806815147,87.42,0.37157493829727173,0.2787116765975952,0.1699799746274948,0.09460597485303879,0.4224492907524109,0.8903203010559082,3.43982195854187,8.113048553466797,0.005844762083142996,0.16949151456356049,0.2083333432674408,8.958333969116211,0.0,33.875
No self collision,q2l4sxxn,2026-07-17_19-30-54_05_04_gmr_no_self_collision_seed_42_iter_1000_20260717T143245Z,509,4.160581582486629,107.76,0.37167420983314514,0.2735922932624817,0.16639244556427002,0.09311288595199585,0.4158705472946167,0.8662071228027344,3.4136900901794434,8.106849670410156,0.005383772309869528,0.17402391135692596,0.2083333432674408,9.041666984558105,0.0,34.75
No self collision,q2l4sxxn,2026-07-17_19-30-54_05_04_gmr_no_self_collision_seed_42_iter_1000_20260717T143245Z,510,3.9583585122972726,104.17,0.3716644048690796,0.2787631154060364,0.16979646682739258,0.09364768117666245,0.4217948913574219,0.8777303695678711,3.448946714401245,8.135396957397461,0.0052368128672242165,0.17309486865997314,0.2083333432674408,9.208333969116211,0.0,32.79166793823242
No self collision,q2l4sxxn,2026-07-17_19-30-54_05_04_gmr_no_self_collision_seed_42_iter_1000_20260717T143245Z,511,3.222893677055836,88.61,0.372039794921875,0.2790496051311493,0.1671324372291565,0.0928068608045578,0.4166218638420105,0.867871880531311,3.421609878540039,8.111812591552734,0.005330529995262623,0.17741313576698303,0.0833333358168602,9.208333969116211,0.0,33.875
No self collision,q2l4sxxn,2026-07-17_19-30-54_05_04_gmr_no_self_collision_seed_42_iter_1000_20260717T143245Z,512,3.334487321972847,91.22,0.372496634721756,0.27984997630119324,0.16694092750549316,0.09311001002788544,0.4156791865825653,0.8607701063156128,3.4086499214172363,8.091678619384766,0.005213105585426092,0.17457561194896698,0.2083333432674408,9.916666984558105,0.0,33.79166793823242
No self collision,q2l4sxxn,2026-07-17_19-30-54_05_04_gmr_no_self_collision_seed_42_iter_1000_20260717T143245Z,513,3.444155299961567,93.39,0.3727709949016571,0.2782704532146454,0.16930226981639862,0.09282781928777695,0.4126124382019043,0.8632301092147827,3.4040322303771973,8.097853660583496,0.00505846319720149,0.16358910501003265,0.2916666865348816,9.208333969116211,0.0,32.41666793823242
No self collision,q2l4sxxn,2026-07-17_19-30-54_05_04_gmr_no_self_collision_seed_42_iter_1000_20260717T143245Z,514,4.465627410113812,115.51,0.37299442291259766,0.2847357392311096,0.1688903570175171,0.09350825846195221,0.4191862940788269,0.8656048774719238,3.431098699569702,8.151590347290039,0.005471722688525915,0.1729476898908615,0.0833333358168602,8.625,0.0,31.75
No self collision,q2l4sxxn,2026-07-17_19-30-54_05_04_gmr_no_self_collision_seed_42_iter_1000_20260717T143245Z,515,4.0775715148448946,106.03,0.37317320704460144,0.28005626797676086,0.16705715656280518,0.09344713389873505,0.4201999604701996,0.8760392665863037,3.439033031463623,8.17371654510498,0.005682406015694141,0.17828333377838135,0.3333333432674408,9.125,0.0,33.958335876464844
No self collision,q2l4sxxn,2026-07-17_19-30-54_05_04_gmr_no_self_collision_seed_42_iter_1000_20260717T143245Z,516,4.209032928347588,111.76,0.37344005703926086,0.28420841693878174,0.16572725772857666,0.0932416170835495,0.41242891550064087,0.8709640502929688,3.4153316020965576,8.184785842895508,0.005257651209831238,0.18667082488536835,0.0,8.833333969116211,0.0,32.125
No self collision,q2l4sxxn,2026-07-17_19-30-54_05_04_gmr_no_self_collision_seed_42_iter_1000_20260717T143245Z,517,4.368544174730777,112.35,0.3736899495124817,0.27841538190841675,0.1686917245388031,0.0939859002828598,0.41870245337486267,0.8887042999267578,3.4557952880859375,8.219679832458496,0.005536738783121109,0.1703316569328308,0.25,8.666666984558105,0.0,32.25
No self collision,q2l4sxxn,2026-07-17_19-30-54_05_04_gmr_no_self_collision_seed_42_iter_1000_20260717T143245Z,518,3.1223809163272382,87.33,0.37379151582717896,0.2848947048187256,0.1677558869123459,0.09363938868045807,0.41857409477233887,0.8707599639892578,3.44439697265625,8.181114196777344,0.0054479967802762985,0.17807523906230927,0.4166666865348816,10.0,0.0,32.29166793823242
No self collision,q2l4sxxn,2026-07-17_19-30-54_05_04_gmr_no_self_collision_seed_42_iter_1000_20260717T143245Z,519,3.675924573242664,98.54,0.37379369139671326,0.2738038897514343,0.17217883467674255,0.09344576299190521,0.4182949960231781,0.8627373576164246,3.4468703269958496,8.228558540344238,0.00593231525272131,0.16079896688461304,0.0833333358168602,9.166666984558105,0.0,32.458335876464844
No self collision,q2l4sxxn,2026-07-17_19-30-54_05_04_gmr_no_self_collision_seed_42_iter_1000_20260717T143245Z,520,4.284590168446303,111.64,0.3739840090274811,0.2776601314544678,0.16782104969024658,0.09305976331233978,0.41701745986938477,0.8629068732261658,3.4401016235351562,8.246936798095703,0.005632667802274227,0.1663077175617218,0.3333333432674408,8.875,0.0,31.95833396911621
No self collision,q2l4sxxn,2026-07-17_19-30-54_05_04_gmr_no_self_collision_seed_42_iter_1000_20260717T143245Z,521,4.011619653701782,107.22,0.37399905920028687,0.2854663133621216,0.16774925589561462,0.09315942227840424,0.41532373428344727,0.8771082758903503,3.4481334686279297,8.264242172241211,0.005412466358393431,0.1601363569498062,0.3333333432674408,8.0,0.0,32.083335876464844
No self collision,q2l4sxxn,2026-07-17_19-30-54_05_04_gmr_no_self_collision_seed_42_iter_1000_20260717T143245Z,522,4.8681255923211575,124.95,0.3742847144603729,0.28208082914352417,0.16569527983665466,0.09262317419052124,0.41335660219192505,0.8632181882858276,3.417402982711792,8.22034740447998,0.005061277654021978,0.17581278085708618,0.2083333432674408,8.916666984558105,0.0,32.5
No self collision,q2l4sxxn,2026-07-17_19-30-54_05_04_gmr_no_self_collision_seed_42_iter_1000_20260717T143245Z,523,4.228028446137905,107.77,0.37425002455711365,0.2764485478401184,0.16660279035568237,0.09270470589399338,0.4136509597301483,0.8626841902732849,3.4197747707366943,8.257389068603516,0.005092856008559465,0.17655280232429504,0.1666666716337204,8.125,0.0,32.29166793823242
No self collision,q2l4sxxn,2026-07-17_19-30-54_05_04_gmr_no_self_collision_seed_42_iter_1000_20260717T143245Z,524,3.894318665117025,101.49,0.3742538094520569,0.28241345286369324,0.17004677653312683,0.09392672777175903,0.4195035696029663,0.8682252764701843,3.4485931396484375,8.285240173339844,0.005201051943004131,0.16994492709636688,0.25,9.458333969116211,0.0,32.458335876464844
No self collision,q2l4sxxn,2026-07-17_19-30-54_05_04_gmr_no_self_collision_seed_42_iter_1000_20260717T143245Z,525,3.6387675309181216,97.92,0.37459641695022583,0.2827635407447815,0.16783887147903442,0.09248250722885132,0.4116693139076233,0.8612054586410522,3.419870138168335,8.241499900817871,0.004897658713161945,0.17300942540168762,0.25,7.875,0.0,31.666667938232422
No self collision,q2l4sxxn,2026-07-17_19-30-54_05_04_gmr_no_self_collision_seed_42_iter_1000_20260717T143245Z,526,4.516045589447021,116.96,0.37493765354156494,0.27422118186950684,0.1687500923871994,0.09194117039442062,0.41169726848602295,0.8627794981002808,3.445544719696045,8.307979583740234,0.00486660934984684,0.16848348081111908,0.2916666865348816,7.958333492279053,0.0,31.375
No self collision,q2l4sxxn,2026-07-17_19-30-54_05_04_gmr_no_self_collision_seed_42_iter_1000_20260717T143245Z,527,4.575740181803703,119.27,0.37521931529045105,0.2839786112308502,0.16704241931438446,0.0925305113196373,0.4144238829612732,0.8587650060653687,3.446777105331421,8.277423858642578,0.004836842883378267,0.15861913561820984,0.5,7.875,0.0,29.83333396911621
No self collision,q2l4sxxn,2026-07-17_19-30-54_05_04_gmr_no_self_collision_seed_42_iter_1000_20260717T143245Z,528,3.672170578837395,98.24,0.3755917251110077,0.28448691964149475,0.16579359769821167,0.09329734742641449,0.4150021970272064,0.8725074529647827,3.4547338485717773,8.29940414428711,0.0051917415112257,0.18825477361679077,0.25,8.916666984558105,0.0,31.5
No self collision,q2l4sxxn,2026-07-17_19-30-54_05_04_gmr_no_self_collision_seed_42_iter_1000_20260717T143245Z,529,3.9353848946094514,106.61,0.37583988904953003,0.2798653244972229,0.16808852553367615,0.09258323907852173,0.4115431308746338,0.8608115911483765,3.4464175701141357,8.347963333129883,0.005282209720462561,0.1600458025932312,0.2083333432674408,8.25,0.0,31.291667938232422
No self collision,q2l4sxxn,2026-07-17_19-30-54_05_04_gmr_no_self_collision_seed_42_iter_1000_20260717T143245Z,530,4.463544317483902,115.99,0.375727117061615,0.27927035093307495,0.1695519983768463,0.09185588359832764,0.41156548261642456,0.8721267580986023,3.4704556465148926,8.402728080749512,0.005180984735488892,0.14961712062358856,0.2916666865348816,8.041666984558105,0.0,30.75
No self collision,q2l4sxxn,2026-07-17_19-30-54_05_04_gmr_no_self_collision_seed_42_iter_1000_20260717T143245Z,531,4.40874091245234,113.83,0.3758213520050049,0.2839713990688324,0.1664300262928009,0.09211583435535431,0.4130004644393921,0.8633990287780762,3.44161319732666,8.372550010681152,0.0054102931171655655,0.15758250653743744,0.25,7.2916669845581055,0.0,30.58333396911621
No self collision,q2l4sxxn,2026-07-17_19-30-54_05_04_gmr_no_self_collision_seed_42_iter_1000_20260717T143245Z,532,4.3549765574932096,114.42,0.37604522705078125,0.28154799342155457,0.16692966222763062,0.09124606847763062,0.41065263748168945,0.8596811294555664,3.4642653465270996,8.377482414245605,0.005373811349272728,0.15875084698200226,0.2916666865348816,6.9166669845581055,0.0,30.916667938232422
No self collision,q2l4sxxn,2026-07-17_19-30-54_05_04_gmr_no_self_collision_seed_42_iter_1000_20260717T143245Z,533,4.121309521384537,110.16,0.37619921565055847,0.2796558737754822,0.16708672046661377,0.09198703616857529,0.41139039397239685,0.8612064123153687,3.453277349472046,8.400713920593262,0.00517111923545599,0.15103799104690552,0.1666666716337204,7.4166669845581055,0.0,29.916667938232422
No self collision,q2l4sxxn,2026-07-17_19-30-54_05_04_gmr_no_self_collision_seed_42_iter_1000_20260717T143245Z,534,5.759514009356499,146.73,0.37628936767578125,0.2923617362976074,0.1655946969985962,0.09161376953125,0.4111144542694092,0.8630026578903198,3.440556049346924,8.375947952270508,0.005400766618549824,0.15781715512275696,0.5833333730697632,7.0,0.0,31.125
No self collision,q2l4sxxn,2026-07-17_19-30-54_05_04_gmr_no_self_collision_seed_42_iter_1000_20260717T143245Z,535,5.220662030577659,135.37,0.37662890553474426,0.2895447313785553,0.16874919831752777,0.09171576797962189,0.4116697311401367,0.8574473857879639,3.46136736869812,8.403666496276855,0.005287087522447109,0.14019903540611267,0.5833333730697632,7.0,0.0,29.20833396911621
No self collision,q2l4sxxn,2026-07-17_19-30-54_05_04_gmr_no_self_collision_seed_42_iter_1000_20260717T143245Z,536,4.648293499797583,120.51,0.37671858072280884,0.28513023257255554,0.16414481401443481,0.09142233431339264,0.4088352620601654,0.8514131903648376,3.441976547241211,8.407488822937012,0.004937039688229561,0.13559871912002563,0.2916666865348816,8.583333969116211,0.0,30.875
No self collision,q2l4sxxn,2026-07-17_19-30-54_05_04_gmr_no_self_collision_seed_42_iter_1000_20260717T143245Z,537,4.3871340236067775,116.19,0.37682464718818665,0.288912832736969,0.1650516539812088,0.09162186831235886,0.4104914665222168,0.8573118448257446,3.4587478637695312,8.410478591918945,0.00512548815459013,0.14514894783496857,0.2083333432674408,7.125,0.0,29.95833396911621
No self collision,q2l4sxxn,2026-07-17_19-30-54_05_04_gmr_no_self_collision_seed_42_iter_1000_20260717T143245Z,538,4.6666443791985515,123.6,0.3770945370197296,0.2916559875011444,0.16522562503814697,0.09242169559001923,0.4130096435546875,0.8622825145721436,3.467759847640991,8.418618202209473,0.005309221800416708,0.15196557343006134,0.1666666716337204,8.083333969116211,0.0,30.666667938232422
No self collision,q2l4sxxn,2026-07-17_19-30-54_05_04_gmr_no_self_collision_seed_42_iter_1000_20260717T143245Z,539,4.220194610953331,113.95,0.37756815552711487,0.28324174880981445,0.16647681593894958,0.09224709868431091,0.41367337107658386,0.8540242910385132,3.460063934326172,8.435562133789062,0.005002298392355442,0.1480543166399002,0.4166666865348816,7.75,0.0,32.5
No self collision,q2l4sxxn,2026-07-17_19-30-54_05_04_gmr_no_self_collision_seed_42_iter_1000_20260717T143245Z,540,3.9538522788882258,105.85,0.3778972327709198,0.2865513563156128,0.1646738350391388,0.09235487878322601,0.4145663380622864,0.8674776554107666,3.4732537269592285,8.479503631591797,0.005747921299189329,0.14779669046401978,0.2083333432674408,6.5,0.0,29.125
No self collision,q2l4sxxn,2026-07-17_19-30-54_05_04_gmr_no_self_collision_seed_42_iter_1000_20260717T143245Z,541,4.3677588683366775,118.41,0.3781035840511322,0.2914503514766693,0.16596506536006927,0.09191210567951202,0.4122682809829712,0.8630279302597046,3.4743010997772217,8.478422164916992,0.0050385743379592896,0.1401054412126541,0.7083333730697632,8.166666984558105,0.0,29.45833396911621
No self collision,q2l4sxxn,2026-07-17_19-30-54_05_04_gmr_no_self_collision_seed_42_iter_1000_20260717T143245Z,542,4.5739017599821095,126.01,0.3783082067966461,0.29941463470458984,0.17100811004638672,0.09207885712385178,0.4166586101055145,0.8761229515075684,3.4794394969940186,8.49483871459961,0.005525521468371153,0.1343109905719757,0.5,7.583333492279053,0.0,29.125
No self collision,q2l4sxxn,2026-07-17_19-30-54_05_04_gmr_no_self_collision_seed_42_iter_1000_20260717T143245Z,543,3.83678885191679,106.07,0.3784394860267639,0.29338762164115906,0.16650202870368958,0.09321273863315582,0.41518324613571167,0.8724566698074341,3.4760377407073975,8.510517120361328,0.005376978777348995,0.1394650638103485,0.4166666865348816,7.7916669845581055,0.0,29.875
No self collision,q2l4sxxn,2026-07-17_19-30-54_05_04_gmr_no_self_collision_seed_42_iter_1000_20260717T143245Z,544,4.307235113233328,115.65,0.37854936718940735,0.2941778302192688,0.167067289352417,0.09172771871089935,0.41438114643096924,0.8666102290153503,3.4884986877441406,8.563713073730469,0.005536648444831371,0.14458081126213074,0.375,7.5416669845581055,0.0,29.20833396911621
No self collision,q2l4sxxn,2026-07-17_19-30-54_05_04_gmr_no_self_collision_seed_42_iter_1000_20260717T143245Z,545,4.977533094882965,127.86,0.3788752555847168,0.282331645488739,0.16463449597358704,0.09102480858564377,0.40904557704925537,0.8572365641593933,3.4490325450897217,8.486757278442383,0.005469474941492081,0.1418769359588623,0.7083333730697632,6.75,0.0,29.08333396911621
No self collision,q2l4sxxn,2026-07-17_19-30-54_05_04_gmr_no_self_collision_seed_42_iter_1000_20260717T143245Z,546,4.161021804511547,112.62,0.3793027997016907,0.292599081993103,0.16451530158519745,0.09138544648885727,0.40981507301330566,0.8523083925247192,3.460158109664917,8.55055046081543,0.005409588105976582,0.13575699925422668,0.25,6.708333492279053,0.0,29.75
No self collision,q2l4sxxn,2026-07-17_19-30-54_05_04_gmr_no_self_collision_seed_42_iter_1000_20260717T143245Z,547,4.417979045659304,116.19,0.37971460819244385,0.2925909161567688,0.16625192761421204,0.09194032847881317,0.41157516837120056,0.8678737878799438,3.4710254669189453,8.542776107788086,0.005355975590646267,0.16045710444450378,0.5,7.9166669845581055,0.0,30.08333396911621
No self collision,q2l4sxxn,2026-07-17_19-30-54_05_04_gmr_no_self_collision_seed_42_iter_1000_20260717T143245Z,548,4.295009489059448,114.93,0.3798131048679352,0.289424866437912,0.1665017455816269,0.09140168875455856,0.4113349914550781,0.8557747602462769,3.4769532680511475,8.546735763549805,0.005570787936449051,0.13189080357551575,0.2916666865348816,7.25,0.0,26.58333396911621
No self collision,q2l4sxxn,2026-07-17_19-30-54_05_04_gmr_no_self_collision_seed_42_iter_1000_20260717T143245Z,549,4.380193269550801,117.2,0.38013800978660583,0.2985457181930542,0.16617172956466675,0.09229563921689987,0.41433820128440857,0.8753542900085449,3.480246067047119,8.616949081420898,0.006004336290061474,0.13447511196136475,0.5416666865348816,6.125,0.0,27.70833396911621
No self collision,q2l4sxxn,2026-07-17_19-30-54_05_04_gmr_no_self_collision_seed_42_iter_1000_20260717T143245Z,550,4.88936488211155,128.53,0.38011544942855835,0.29727959632873535,0.16637548804283142,0.09125339239835739,0.4087047576904297,0.8469251990318298,3.4562301635742188,8.555063247680664,0.005280857440084219,0.13575249910354614,0.4166666865348816,6.7916669845581055,0.0,27.375
No self collision,q2l4sxxn,2026-07-17_19-30-54_05_04_gmr_no_self_collision_seed_42_iter_1000_20260717T143245Z,551,4.372406529337168,119.96,0.38048067688941956,0.2938443124294281,0.1660950779914856,0.09185265004634857,0.41249358654022217,0.8675186038017273,3.492321014404297,8.632247924804688,0.005937886890023947,0.16007107496261597,0.5416666865348816,7.2916669845581055,0.0,29.875
No self collision,q2l4sxxn,2026-07-17_19-30-54_05_04_gmr_no_self_collision_seed_42_iter_1000_20260717T143245Z,552,4.711284126341343,127.2,0.38067951798439026,0.30060458183288574,0.16599853336811066,0.0911782905459404,0.4120251536369324,0.8568505644798279,3.492480754852295,8.627626419067383,0.005632310174405575,0.13395734131336212,0.5,6.958333492279053,0.0,28.83333396911621
No self collision,q2l4sxxn,2026-07-17_19-30-54_05_04_gmr_no_self_collision_seed_42_iter_1000_20260717T143245Z,553,4.401913677155972,118.64,0.38075020909309387,0.29194673895835876,0.16874176263809204,0.09085975587368011,0.41149598360061646,0.8562576174736023,3.4896514415740967,8.647281646728516,0.00547272153198719,0.1501239836215973,0.4583333432674408,6.833333492279053,0.0,26.45833396911621
No self collision,q2l4sxxn,2026-07-17_19-30-54_05_04_gmr_no_self_collision_seed_42_iter_1000_20260717T143245Z,554,4.749353904724121,129.17,0.3807896077632904,0.3076748549938202,0.1692057102918625,0.09206973016262054,0.41613849997520447,0.8696438670158386,3.509716033935547,8.673627853393555,0.005531462840735912,0.1321837455034256,0.5,7.2916669845581055,0.0,27.20833396911621
No self collision,q2l4sxxn,2026-07-17_19-30-54_05_04_gmr_no_self_collision_seed_42_iter_1000_20260717T143245Z,555,5.083910287022591,132.66,0.3810766339302063,0.29487964510917664,0.1687038391828537,0.09101216495037079,0.4117357134819031,0.8620690703392029,3.4869754314422607,8.650627136230469,0.0052197836339473724,0.13584476709365845,0.6666666865348816,5.75,0.0,25.75
No self collision,q2l4sxxn,2026-07-17_19-30-54_05_04_gmr_no_self_collision_seed_42_iter_1000_20260717T143245Z,556,4.847787711322308,128.67,0.3813081979751587,0.28831741213798523,0.16577394306659698,0.09051232039928436,0.40841183066368103,0.8522595167160034,3.4748799800872803,8.63355541229248,0.005182360298931599,0.1374111771583557,0.4583333432674408,6.375,0.0,29.20833396911621
No self collision,q2l4sxxn,2026-07-17_19-30-54_05_04_gmr_no_self_collision_seed_42_iter_1000_20260717T143245Z,557,4.783986812084914,129.86,0.38152173161506653,0.3160296678543091,0.16925156116485596,0.09132377803325653,0.41268372535705566,0.8681036829948425,3.489605665206909,8.638818740844727,0.005532185547053814,0.12234507501125336,0.7916666865348816,6.875,0.0,27.291667938232422
No self collision,q2l4sxxn,2026-07-17_19-30-54_05_04_gmr_no_self_collision_seed_42_iter_1000_20260717T143245Z,558,4.349154626429081,117.96,0.3816053569316864,0.30020496249198914,0.17090272903442383,0.0921347588300705,0.41570839285850525,0.8634729385375977,3.51521635055542,8.697369575500488,0.006006285548210144,0.12193934619426727,0.5833333730697632,6.458333492279053,0.0,28.125
No self collision,q2l4sxxn,2026-07-17_19-30-54_05_04_gmr_no_self_collision_seed_42_iter_1000_20260717T143245Z,559,5.273075487539172,139.58,0.3816850185394287,0.29629796743392944,0.1667635142803192,0.09186235070228577,0.4152723252773285,0.8657895922660828,3.503261089324951,8.723705291748047,0.005727359559386969,0.15727905929088593,0.6666666865348816,5.875,0.0,25.166667938232422
No self collision,q2l4sxxn,2026-07-17_19-30-54_05_04_gmr_no_self_collision_seed_42_iter_1000_20260717T143245Z,560,3.9265109049528837,108.61,0.3817451298236847,0.2904540002346039,0.16762897372245789,0.09136389195919037,0.4143688678741455,0.8616191744804382,3.4887657165527344,8.682473182678223,0.005619820207357407,0.14099985361099243,0.4166666865348816,6.208333492279053,0.0,26.375
No self collision,q2l4sxxn,2026-07-17_19-30-54_05_04_gmr_no_self_collision_seed_42_iter_1000_20260717T143245Z,561,4.92505171790719,133.08,0.38191598653793335,0.30243217945098877,0.17173194885253906,0.09135590493679047,0.4155006408691406,0.8567109107971191,3.493142604827881,8.711956024169922,0.006500117480754852,0.14073926210403442,0.375,6.583333492279053,0.0,26.041667938232422
No self collision,q2l4sxxn,2026-07-17_19-30-54_05_04_gmr_no_self_collision_seed_42_iter_1000_20260717T143245Z,562,5.164272042512894,136.57,0.38217693567276,0.2960706353187561,0.1670779436826706,0.09119176864624023,0.41383418440818787,0.8638877868652344,3.496561050415039,8.726907730102539,0.005818650126457214,0.13692277669906616,0.7916666865348816,6.0416669845581055,0.0,27.58333396911621
No self collision,q2l4sxxn,2026-07-17_19-30-54_05_04_gmr_no_self_collision_seed_42_iter_1000_20260717T143245Z,563,5.272349131256342,142.08,0.38242366909980774,0.30318233370780945,0.16762875020503998,0.09082536399364471,0.41208013892173767,0.8495570421218872,3.508241653442383,8.729887008666992,0.005707458592951298,0.13155768811702728,0.9166666865348816,6.4166669845581055,0.0,26.75
No self collision,q2l4sxxn,2026-07-17_19-30-54_05_04_gmr_no_self_collision_seed_42_iter_1000_20260717T143245Z,564,4.918079802393914,134.86,0.3825337290763855,0.3050501346588135,0.1701156497001648,0.09208621084690094,0.41806909441947937,0.8746621608734131,3.532393455505371,8.754134178161621,0.006085304077714682,0.15080277621746063,0.6666666865348816,6.25,0.0,26.375
No self collision,q2l4sxxn,2026-07-17_19-30-54_05_04_gmr_no_self_collision_seed_42_iter_1000_20260717T143245Z,565,4.851419235616922,132.29,0.38286292552948,0.30498501658439636,0.17021554708480835,0.09106157720088959,0.41522669792175293,0.8724560141563416,3.5079221725463867,8.756437301635742,0.006183110177516937,0.12583118677139282,1.0,5.375,0.0,26.166667938232422
No self collision,q2l4sxxn,2026-07-17_19-30-54_05_04_gmr_no_self_collision_seed_42_iter_1000_20260717T143245Z,566,4.429959318637848,121.53,0.3830442726612091,0.30121010541915894,0.1694852113723755,0.09176792949438095,0.41638731956481934,0.8631259799003601,3.504671812057495,8.763993263244629,0.006069428753107786,0.14186862111091614,0.875,6.333333492279053,0.0,26.95833396911621
No self collision,q2l4sxxn,2026-07-17_19-30-54_05_04_gmr_no_self_collision_seed_42_iter_1000_20260717T143245Z,567,5.713427502065897,150.72,0.38298213481903076,0.31524181365966797,0.1708534210920334,0.09125306457281113,0.41621431708335876,0.864014744758606,3.5167250633239746,8.79373550415039,0.006396084558218718,0.13820797204971313,1.0,5.458333492279053,0.0,24.83333396911621
No self collision,q2l4sxxn,2026-07-17_19-30-54_05_04_gmr_no_self_collision_seed_42_iter_1000_20260717T143245Z,568,4.213479496538639,119.68,0.3830823302268982,0.3158101737499237,0.1715153455734253,0.09171965718269348,0.41818174719810486,0.8812775611877441,3.5433778762817383,8.802728652954102,0.006008797325193882,0.12512756884098053,0.9166666865348816,5.958333492279053,0.0,25.791667938232422
No self collision,q2l4sxxn,2026-07-17_19-30-54_05_04_gmr_no_self_collision_seed_42_iter_1000_20260717T143245Z,569,5.116093752831221,138.36,0.38332170248031616,0.30661827325820923,0.16647696495056152,0.08988521993160248,0.41121673583984375,0.849280834197998,3.495476484298706,8.741583824157715,0.005295717157423496,0.13724222779273987,0.5416666865348816,5.25,0.0,24.95833396911621
No self collision,q2l4sxxn,2026-07-17_19-30-54_05_04_gmr_no_self_collision_seed_42_iter_1000_20260717T143245Z,570,4.715005695670843,127.97,0.3834020793437958,0.30260029435157776,0.17025268077850342,0.09139929711818695,0.4194298982620239,0.8626787662506104,3.5410895347595215,8.8359375,0.0062517812475562096,0.13161110877990723,0.9583333730697632,5.6666669845581055,0.0,26.95833396911621
No self collision,q2l4sxxn,2026-07-17_19-30-54_05_04_gmr_no_self_collision_seed_42_iter_1000_20260717T143245Z,571,4.335903024375439,120.57,0.3837967813014984,0.30619245767593384,0.17185574769973755,0.0916990265250206,0.41588282585144043,0.853912353515625,3.5147695541381836,8.797527313232422,0.005795731674879789,0.13370820879936218,0.5833333730697632,6.5,0.0,26.45833396911621
No self collision,q2l4sxxn,2026-07-17_19-30-54_05_04_gmr_no_self_collision_seed_42_iter_1000_20260717T143245Z,572,5.366966761648655,141.61,0.38407766819000244,0.30741196870803833,0.1689525842666626,0.09223099797964096,0.4192478060722351,0.8727821111679077,3.5313520431518555,8.83702564239502,0.0066789425909519196,0.13605450093746185,0.9583333730697632,6.833333492279053,0.0,24.95833396911621
No self collision,q2l4sxxn,2026-07-17_19-30-54_05_04_gmr_no_self_collision_seed_42_iter_1000_20260717T143245Z,573,4.241366840600968,122.17,0.3839973211288452,0.3052050769329071,0.17117826640605927,0.09115295857191086,0.41620194911956787,0.8583716750144958,3.5188920497894287,8.854846954345703,0.006228785961866379,0.132205531001091,0.8333333730697632,6.083333492279053,0.0,24.58333396911621
No self collision,q2l4sxxn,2026-07-17_19-30-54_05_04_gmr_no_self_collision_seed_42_iter_1000_20260717T143245Z,574,5.295799589455128,143.73,0.38410958647727966,0.3115382194519043,0.17403928935527802,0.09081199020147324,0.4179224371910095,0.8584935069084167,3.5218234062194824,8.826167106628418,0.005610177293419838,0.13375990092754364,0.7916666865348816,5.708333492279053,0.0,26.291667938232422
No self collision,q2l4sxxn,2026-07-17_19-30-54_05_04_gmr_no_self_collision_seed_42_iter_1000_20260717T143245Z,575,4.366022124700248,124.01,0.384063720703125,0.3076826333999634,0.17438912391662598,0.09235838055610657,0.4214364290237427,0.8664207458496094,3.542440176010132,8.849573135375977,0.006415769457817078,0.1404796689748764,0.5833333730697632,5.9166669845581055,0.0,23.166667938232422
No self collision,q2l4sxxn,2026-07-17_19-30-54_05_04_gmr_no_self_collision_seed_42_iter_1000_20260717T143245Z,576,5.18376653380692,142.27,0.38421791791915894,0.3212229609489441,0.17332367599010468,0.09009068459272385,0.4145439863204956,0.862409770488739,3.5346593856811523,8.908896446228027,0.006492248736321926,0.1277308464050293,0.7916666865348816,6.083333492279053,0.0,25.875
No self collision,q2l4sxxn,2026-07-17_19-30-54_05_04_gmr_no_self_collision_seed_42_iter_1000_20260717T143245Z,577,5.44261250987649,146.73,0.38433828949928284,0.3038700222969055,0.17246276140213013,0.08990263938903809,0.4152991473674774,0.8409703969955444,3.508157253265381,8.816717147827148,0.006129231303930283,0.13889029622077942,1.375,5.375,0.0,23.75
No self collision,q2l4sxxn,2026-07-17_19-30-54_05_04_gmr_no_self_collision_seed_42_iter_1000_20260717T143245Z,578,4.743597765415907,130.36,0.38444092869758606,0.311819851398468,0.17082682251930237,0.09063361585140228,0.41637513041496277,0.8577641844749451,3.5321414470672607,8.865535736083984,0.006252574734389782,0.13397210836410522,0.8333333730697632,6.25,0.0,24.041667938232422
No self collision,q2l4sxxn,2026-07-17_19-30-54_05_04_gmr_no_self_collision_seed_42_iter_1000_20260717T143245Z,579,4.774596718549728,133.69,0.3845899701118469,0.3127151131629944,0.1715790033340454,0.09012375771999359,0.416203111410141,0.8484950065612793,3.5387253761291504,8.917055130004883,0.005909654311835766,0.14229987561702728,0.9166666865348816,5.125,0.0,23.95833396911621
No self collision,q2l4sxxn,2026-07-17_19-30-54_05_04_gmr_no_self_collision_seed_42_iter_1000_20260717T143245Z,580,5.476526103615761,148.35,0.3848254382610321,0.31999289989471436,0.17264673113822937,0.0904749259352684,0.41855818033218384,0.8517934679985046,3.5164108276367188,8.879000663757324,0.00610453262925148,0.12589125335216522,0.9166666865348816,5.375,0.0,21.70833396911621
No self collision,q2l4sxxn,2026-07-17_19-30-54_05_04_gmr_no_self_collision_seed_42_iter_1000_20260717T143245Z,581,5.022890580743551,141.31,0.3849489390850067,0.3246532678604126,0.16869471967220306,0.08779929578304291,0.4055638313293457,0.8420885801315308,3.496981382369995,8.88980484008789,0.0059479158371686935,0.1292351931333542,0.7916666865348816,5.625,0.0,21.45833396911621
No self collision,q2l4sxxn,2026-07-17_19-30-54_05_04_gmr_no_self_collision_seed_42_iter_1000_20260717T143245Z,582,5.9446690388023855,159.09,0.38479700684547424,0.3327677249908447,0.17290239036083221,0.0902242660522461,0.4168969988822937,0.8554692268371582,3.536532402038574,8.913838386535645,0.006183132063597441,0.13693472743034363,0.7083333730697632,5.0,0.0,24.166667938232422
No self collision,q2l4sxxn,2026-07-17_19-30-54_05_04_gmr_no_self_collision_seed_42_iter_1000_20260717T143245Z,583,4.857522492408752,138.38,0.38476720452308655,0.33398860692977905,0.17211756110191345,0.08927514404058456,0.4144759178161621,0.8442230224609375,3.520420789718628,8.915348052978516,0.0058002835139632225,0.11858613789081573,0.9166666865348816,5.25,0.0,21.83333396911621
No self collision,q2l4sxxn,2026-07-17_19-30-54_05_04_gmr_no_self_collision_seed_42_iter_1000_20260717T143245Z,584,4.758574353158474,136.64,0.3851451575756073,0.32851436734199524,0.17123757302761078,0.08924367278814316,0.41200345754623413,0.846519947052002,3.5378522872924805,8.9481840133667,0.0063748485408723354,0.14728441834449768,0.75,5.333333492279053,0.0,22.041667938232422
No self collision,q2l4sxxn,2026-07-17_19-30-54_05_04_gmr_no_self_collision_seed_42_iter_1000_20260717T143245Z,585,5.460316991955042,152.06,0.3852822780609131,0.33471405506134033,0.1704324185848236,0.08920763432979584,0.4152887761592865,0.8468356132507324,3.5323894023895264,8.936240196228027,0.006294585298746824,0.11469292640686035,1.3333333730697632,4.9166669845581055,0.0,21.375
No self collision,q2l4sxxn,2026-07-17_19-30-54_05_04_gmr_no_self_collision_seed_42_iter_1000_20260717T143245Z,586,5.12379220366478,142.35,0.38525083661079407,0.3280147910118103,0.17040330171585083,0.0898342877626419,0.4165135324001312,0.856512725353241,3.554716110229492,8.95896053314209,0.00607109721750021,0.1321570873260498,0.9583333730697632,5.75,0.0,20.666667938232422
No self collision,q2l4sxxn,2026-07-17_19-30-54_05_04_gmr_no_self_collision_seed_42_iter_1000_20260717T143245Z,587,5.378849210739136,147.27,0.38540706038475037,0.31877201795578003,0.16760337352752686,0.08902820199728012,0.40965932607650757,0.8265517950057983,3.4881234169006348,8.892560958862305,0.005718575790524483,0.11564435809850693,1.125,5.083333492279053,0.0,22.125
No self collision,q2l4sxxn,2026-07-17_19-30-54_05_04_gmr_no_self_collision_seed_42_iter_1000_20260717T143245Z,588,5.693491629958153,155.62,0.3854956030845642,0.31958529353141785,0.17115990817546844,0.08877637982368469,0.4131430983543396,0.8305588960647583,3.521688938140869,8.926488876342773,0.0061936150304973125,0.10819999873638153,1.25,5.583333492279053,0.0,21.375
No self collision,q2l4sxxn,2026-07-17_19-30-54_05_04_gmr_no_self_collision_seed_42_iter_1000_20260717T143245Z,589,6.13420128673315,168.56,0.38562265038490295,0.34046071767807007,0.174096018075943,0.09035878628492355,0.4152063727378845,0.8514693975448608,3.53387713432312,8.978384971618652,0.006074497010558844,0.1297062635421753,1.0,5.0,0.0,20.95833396911621
No self collision,q2l4sxxn,2026-07-17_19-30-54_05_04_gmr_no_self_collision_seed_42_iter_1000_20260717T143245Z,590,5.7884021101892,163.51,0.3857128620147705,0.33391332626342773,0.1734287440776825,0.0903705582022667,0.41802912950515747,0.8544458150863647,3.551321506500244,9.016517639160156,0.006243257783353329,0.1304473876953125,1.2916667461395264,4.7916669845581055,0.0,21.416667938232422
No self collision,q2l4sxxn,2026-07-17_19-30-54_05_04_gmr_no_self_collision_seed_42_iter_1000_20260717T143245Z,591,5.571305998712778,151.48,0.38595202565193176,0.3259681165218353,0.1691027581691742,0.08995966613292694,0.4087274670600891,0.8315948247909546,3.493591785430908,8.94990062713623,0.005737203639000654,0.12632940709590912,1.0833333730697632,6.0416669845581055,0.0,20.08333396911621
No self collision,q2l4sxxn,2026-07-17_19-30-54_05_04_gmr_no_self_collision_seed_42_iter_1000_20260717T143245Z,592,5.7668962650001045,158.51,0.38617759943008423,0.335473895072937,0.17159771919250488,0.08982820808887482,0.4147007167339325,0.8564294576644897,3.555544376373291,8.983194351196289,0.006843004375696182,0.1304454654455185,1.2083333730697632,5.083333492279053,0.0,21.291667938232422
No self collision,q2l4sxxn,2026-07-17_19-30-54_05_04_gmr_no_self_collision_seed_42_iter_1000_20260717T143245Z,593,4.827440034449101,139.88,0.3865429759025574,0.339855432510376,0.17395806312561035,0.09074956178665161,0.41744863986968994,0.8557758331298828,3.5605320930480957,8.99240493774414,0.005934314802289009,0.11313648521900177,1.2916667461395264,5.583333492279053,0.0,21.125
No self collision,q2l4sxxn,2026-07-17_19-30-54_05_04_gmr_no_self_collision_seed_42_iter_1000_20260717T143245Z,594,6.225450640022754,166.2,0.38685691356658936,0.33626753091812134,0.17223422229290009,0.09053169190883636,0.4154866635799408,0.8561367392539978,3.5388026237487793,9.00898265838623,0.006567128002643585,0.12824414670467377,1.6666667461395264,5.0416669845581055,0.0,21.0
No self collision,q2l4sxxn,2026-07-17_19-30-54_05_04_gmr_no_self_collision_seed_42_iter_1000_20260717T143245Z,595,4.8483722907304765,137.71,0.38709014654159546,0.3303007483482361,0.16959592700004578,0.09067052602767944,0.4149883985519409,0.8640143275260925,3.558643341064453,9.063501358032227,0.006450296379625797,0.13167937099933624,1.3333333730697632,5.5,0.0,20.95833396911621
No self collision,q2l4sxxn,2026-07-17_19-30-54_05_04_gmr_no_self_collision_seed_42_iter_1000_20260717T143245Z,596,5.111719421893358,145.65,0.3872841000556946,0.3266223073005676,0.17363297939300537,0.09031981229782104,0.41915902495384216,0.8629724979400635,3.578010320663452,9.041533470153809,0.0062215812504291534,0.1254432648420334,1.2083333730697632,4.583333492279053,0.0,20.666667938232422
No self collision,q2l4sxxn,2026-07-17_19-30-54_05_04_gmr_no_self_collision_seed_42_iter_1000_20260717T143245Z,597,5.701105670183897,158.94,0.38740459084510803,0.32750555872917175,0.169168621301651,0.08849816024303436,0.40706440806388855,0.8272104263305664,3.505059003829956,8.982165336608887,0.006190655753016472,0.12059170007705688,1.3333333730697632,5.0,0.0,20.20833396911621
No self collision,q2l4sxxn,2026-07-17_19-30-54_05_04_gmr_no_self_collision_seed_42_iter_1000_20260717T143245Z,598,5.960509017035365,163.54,0.38751423358917236,0.32836318016052246,0.17264264822006226,0.08978535234928131,0.41467222571372986,0.8485226631164551,3.547883987426758,9.037960052490234,0.0068867928348481655,0.11987797915935516,1.4166667461395264,5.583333492279053,0.0,21.08333396911621
No self collision,q2l4sxxn,2026-07-17_19-30-54_05_04_gmr_no_self_collision_seed_42_iter_1000_20260717T143245Z,599,5.309560392946005,148.0,0.3876737058162689,0.3440915048122406,0.1701914370059967,0.08964129537343979,0.4133870601654053,0.8370108604431152,3.536052703857422,9.026908874511719,0.005882798694074154,0.11971727013587952,1.5,5.375,0.0,19.041667938232422
No self collision,q2l4sxxn,2026-07-17_19-30-54_05_04_gmr_no_self_collision_seed_42_iter_1000_20260717T143245Z,600,6.283766638338566,177.52,0.3877556025981903,0.3421591520309448,0.16981342434883118,0.08877144753932953,0.40894263982772827,0.8365437388420105,3.5227181911468506,9.011476516723633,0.006311389617621899,0.13081757724285126,1.5833333730697632,5.9166669845581055,0.0,20.33333396911621
No self collision,q2l4sxxn,2026-07-17_19-30-54_05_04_gmr_no_self_collision_seed_42_iter_1000_20260717T143245Z,601,5.817873346507549,163.35,0.3881497383117676,0.3318093717098236,0.1690092384815216,0.0878005176782608,0.40582355856895447,0.8314712047576904,3.5279483795166016,9.041862487792969,0.00699972128495574,0.11138155311346054,1.375,4.4166669845581055,0.0,20.166667938232422
No self collision,q2l4sxxn,2026-07-17_19-30-54_05_04_gmr_no_self_collision_seed_42_iter_1000_20260717T143245Z,602,5.956586289256811,168.11,0.38832154870033264,0.3441055417060852,0.17159955203533173,0.0883326455950737,0.40695032477378845,0.8417307734489441,3.5246214866638184,9.013480186462402,0.006295006722211838,0.1091359555721283,1.7916667461395264,4.5416669845581055,0.0,18.791667938232422
No self collision,q2l4sxxn,2026-07-17_19-30-54_05_04_gmr_no_self_collision_seed_42_iter_1000_20260717T143245Z,603,6.402036753147841,175.95,0.38855743408203125,0.3331839442253113,0.1710737943649292,0.088892363011837,0.41181108355522156,0.8496907949447632,3.556872844696045,9.062430381774902,0.006946634501218796,0.12007872760295868,1.75,4.625,0.0,18.916667938232422
No self collision,q2l4sxxn,2026-07-17_19-30-54_05_04_gmr_no_self_collision_seed_42_iter_1000_20260717T143245Z,604,6.352154193222523,174.87,0.3889128863811493,0.3238614797592163,0.16895394027233124,0.08903439342975616,0.4090535640716553,0.8325513601303101,3.512269973754883,8.994059562683105,0.00645572692155838,0.12187103927135468,1.5833333730697632,4.458333492279053,0.0,17.875
No self collision,q2l4sxxn,2026-07-17_19-30-54_05_04_gmr_no_self_collision_seed_42_iter_1000_20260717T143245Z,605,6.309683596286923,176.86,0.38925302028656006,0.3376903533935547,0.17194172739982605,0.0893595740199089,0.41196417808532715,0.8439450263977051,3.551692008972168,9.075672149658203,0.006541045382618904,0.1142420768737793,1.7083333730697632,4.7916669845581055,0.0,20.291667938232422
No self collision,q2l4sxxn,2026-07-17_19-30-54_05_04_gmr_no_self_collision_seed_42_iter_1000_20260717T143245Z,606,6.246874232590199,170.31,0.38932809233665466,0.33883628249168396,0.17053799331188202,0.08858825266361237,0.4080987870693207,0.833214282989502,3.537790298461914,9.072726249694824,0.007355968933552504,0.1069398820400238,1.4583333730697632,4.208333492279053,0.0,20.875
No self collision,q2l4sxxn,2026-07-17_19-30-54_05_04_gmr_no_self_collision_seed_42_iter_1000_20260717T143245Z,607,4.936080721765757,140.53,0.3895265460014343,0.3289438486099243,0.17067933082580566,0.08931577205657959,0.4120045602321625,0.8413370847702026,3.549934148788452,9.094532012939453,0.007095966022461653,0.12610138952732086,1.2083333730697632,4.583333492279053,0.0,18.25
No self collision,q2l4sxxn,2026-07-17_19-30-54_05_04_gmr_no_self_collision_seed_42_iter_1000_20260717T143245Z,608,6.2110087248682975,169.96,0.3896341323852539,0.33277028799057007,0.17307965457439423,0.08901283144950867,0.4095888137817383,0.8214192390441895,3.527876615524292,9.093957901000977,0.006620833650231361,0.1015569195151329,1.625,5.0416669845581055,0.0,21.291667938232422
No self collision,q2l4sxxn,2026-07-17_19-30-54_05_04_gmr_no_self_collision_seed_42_iter_1000_20260717T143245Z,609,7.163725310415029,196.84,0.389750599861145,0.3452798128128052,0.17165862023830414,0.08935466408729553,0.4112197756767273,0.8447273969650269,3.5517783164978027,9.134988784790039,0.0074211712926626205,0.12124266475439072,1.125,4.625,0.0,19.95833396911621
No self collision,q2l4sxxn,2026-07-17_19-30-54_05_04_gmr_no_self_collision_seed_42_iter_1000_20260717T143245Z,610,5.9845073530077935,167.1,0.3896828591823578,0.3491043448448181,0.17296546697616577,0.09073878824710846,0.41610950231552124,0.8463699817657471,3.5744571685791016,9.15322208404541,0.006336631253361702,0.11837036907672882,1.6666667461395264,5.9166669845581055,0.0,18.875
No self collision,q2l4sxxn,2026-07-17_19-30-54_05_04_gmr_no_self_collision_seed_42_iter_1000_20260717T143245Z,611,6.260733967870474,174.52,0.3897416889667511,0.3425614833831787,0.17000159621238708,0.08835449069738388,0.4088265597820282,0.8259159922599792,3.531942367553711,9.103464126586914,0.006732426583766937,0.12027940154075623,1.3333333730697632,4.708333492279053,0.0,19.33333396911621
No self collision,q2l4sxxn,2026-07-17_19-30-54_05_04_gmr_no_self_collision_seed_42_iter_1000_20260717T143245Z,612,5.696197246611118,161.8,0.38980811834335327,0.3293581008911133,0.17148707807064056,0.08906915038824081,0.4099104404449463,0.8312436938285828,3.545743465423584,9.148811340332031,0.007004461716860533,0.12496237456798553,1.5,5.5416669845581055,0.0,21.45833396911621
No self collision,q2l4sxxn,2026-07-17_19-30-54_05_04_gmr_no_self_collision_seed_42_iter_1000_20260717T143245Z,613,4.950807973146438,141.78,0.3899008333683014,0.33681756258010864,0.17004232108592987,0.08881139010190964,0.4098334312438965,0.833915114402771,3.5355396270751953,9.123026847839355,0.007096283137798309,0.10919985175132751,2.0416667461395264,4.583333492279053,0.0,20.125
No self collision,q2l4sxxn,2026-07-17_19-30-54_05_04_gmr_no_self_collision_seed_42_iter_1000_20260717T143245Z,614,5.945975321084261,167.09,0.38978761434555054,0.32760414481163025,0.17015014588832855,0.08808072656393051,0.40636858344078064,0.8336596488952637,3.539471387863159,9.201225280761719,0.008258211426436901,0.11955909430980682,1.8333333730697632,4.75,0.0,18.70833396911621
No self collision,q2l4sxxn,2026-07-17_19-30-54_05_04_gmr_no_self_collision_seed_42_iter_1000_20260717T143245Z,615,6.25811078324914,171.78,0.38991791009902954,0.3362228274345398,0.16994909942150116,0.08902677893638611,0.41210779547691345,0.8424083590507507,3.559725761413574,9.165048599243164,0.006912749260663986,0.0977267324924469,1.5416667461395264,4.6666669845581055,0.0,17.375
No self collision,q2l4sxxn,2026-07-17_19-30-54_05_04_gmr_no_self_collision_seed_42_iter_1000_20260717T143245Z,616,7.0079737816751,183.24,0.38998478651046753,0.34643685817718506,0.17066501080989838,0.08729885518550873,0.40391677618026733,0.8135995864868164,3.503483533859253,9.08543586730957,0.006215357221662998,0.11195866763591766,1.5833333730697632,5.0416669845581055,0.0,17.75
No self collision,q2l4sxxn,2026-07-17_19-30-54_05_04_gmr_no_self_collision_seed_42_iter_1000_20260717T143245Z,617,6.375385997295379,177.79,0.3900403380393982,0.3556327223777771,0.1720544546842575,0.0882037803530693,0.4099343717098236,0.8312482833862305,3.553849697113037,9.137575149536133,0.007658794056624174,0.11429470777511597,1.8333333730697632,4.6666669845581055,0.0,19.125
No self collision,q2l4sxxn,2026-07-17_19-30-54_05_04_gmr_no_self_collision_seed_42_iter_1000_20260717T143245Z,618,5.928486665561795,167.5,0.39018693566322327,0.339150071144104,0.1712302416563034,0.08777075260877609,0.40954089164733887,0.8218724727630615,3.541416883468628,9.194231033325195,0.006930509116500616,0.12151429057121277,1.5,4.4166669845581055,0.0,17.375
No self collision,q2l4sxxn,2026-07-17_19-30-54_05_04_gmr_no_self_collision_seed_42_iter_1000_20260717T143245Z,619,7.1934624798595905,203.18,0.390460342168808,0.3589043617248535,0.1700565069913864,0.08786763995885849,0.4041902720928192,0.8306571841239929,3.539738416671753,9.166133880615234,0.006989997811615467,0.12383653223514557,1.5,4.9166669845581055,0.0,18.0
No self collision,q2l4sxxn,2026-07-17_19-30-54_05_04_gmr_no_self_collision_seed_42_iter_1000_20260717T143245Z,620,6.253759020566941,173.99,0.39074379205703735,0.3383774757385254,0.1707342118024826,0.08814172446727753,0.4065819978713989,0.8248618841171265,3.5386571884155273,9.189451217651367,0.007593694142997265,0.13282456994056702,1.9583333730697632,4.583333492279053,0.0,19.541667938232422
No self collision,q2l4sxxn,2026-07-17_19-30-54_05_04_gmr_no_self_collision_seed_42_iter_1000_20260717T143245Z,621,6.699848926216364,185.17,0.3909136950969696,0.3274397850036621,0.16968366503715515,0.08839353173971176,0.4082847833633423,0.8363391757011414,3.556460380554199,9.222969055175781,0.00721666170284152,0.13468466699123383,1.75,3.7916667461395264,0.0,19.0
No self collision,q2l4sxxn,2026-07-17_19-30-54_05_04_gmr_no_self_collision_seed_42_iter_1000_20260717T143245Z,622,6.543532464802265,188.13,0.39091789722442627,0.3559800088405609,0.16905012726783752,0.08754771202802658,0.40498989820480347,0.8272027969360352,3.5304412841796875,9.190877914428711,0.006664154585450888,0.12074053287506104,1.6666667461395264,4.833333492279053,0.0,17.291667938232422
No self collision,q2l4sxxn,2026-07-17_19-30-54_05_04_gmr_no_self_collision_seed_42_iter_1000_20260717T143245Z,623,6.277695355638862,179.25,0.39075496792793274,0.3517891764640808,0.16940143704414368,0.08713182061910629,0.4039319157600403,0.8246653079986572,3.527522563934326,9.191513061523438,0.007450423669070005,0.14056140184402466,1.9166667461395264,3.625,0.0,17.0
No self collision,q2l4sxxn,2026-07-17_19-30-54_05_04_gmr_no_self_collision_seed_42_iter_1000_20260717T143245Z,624,7.187055486887694,202.7,0.3906978368759155,0.37048396468162537,0.1711481809616089,0.08756079524755478,0.40659379959106445,0.8225749731063843,3.5252151489257812,9.12593936920166,0.006195959635078907,0.12394724786281586,2.0416667461395264,4.583333492279053,0.0,16.83333396911621
No self collision,q2l4sxxn,2026-07-17_19-30-54_05_04_gmr_no_self_collision_seed_42_iter_1000_20260717T143245Z,625,6.317678239122033,179.38,0.390735000371933,0.3560898005962372,0.17099836468696594,0.08888548612594604,0.41009849309921265,0.8446337580680847,3.573943853378296,9.261465072631836,0.007603535428643227,0.12469404190778732,1.8333333730697632,3.7916667461395264,0.0,17.916667938232422
No self collision,q2l4sxxn,2026-07-17_19-30-54_05_04_gmr_no_self_collision_seed_42_iter_1000_20260717T143245Z,626,6.8357198202610014,191.83,0.3909454345703125,0.34629231691360474,0.16983258724212646,0.08840136229991913,0.4071669280529022,0.8242709040641785,3.534813642501831,9.201793670654297,0.00683794729411602,0.13755613565444946,1.625,3.5416667461395264,0.0,17.125
No self collision,q2l4sxxn,2026-07-17_19-30-54_05_04_gmr_no_self_collision_seed_42_iter_1000_20260717T143245Z,627,7.432910745441913,201.05,0.3911355137825012,0.3487461507320404,0.1689997762441635,0.08810621500015259,0.40427738428115845,0.8200008273124695,3.5066237449645996,9.184656143188477,0.006635879632085562,0.1238500103354454,1.75,4.5416669845581055,0.0,16.791667938232422
No self collision,q2l4sxxn,2026-07-17_19-30-54_05_04_gmr_no_self_collision_seed_42_iter_1000_20260717T143245Z,628,7.068035095706582,193.28,0.3913317322731018,0.34944817423820496,0.16780361533164978,0.08665414899587631,0.40059396624565125,0.8073978424072266,3.5151851177215576,9.194865226745605,0.006840826477855444,0.11142134666442871,1.8333333730697632,3.8333334922790527,0.0,16.166667938232422
No self collision,q2l4sxxn,2026-07-17_19-30-54_05_04_gmr_no_self_collision_seed_42_iter_1000_20260717T143245Z,629,6.808144915997982,190.34,0.39148208498954773,0.362152099609375,0.17307446897029877,0.08821480721235275,0.40900397300720215,0.8263075351715088,3.544569730758667,9.203060150146484,0.006727316882461309,0.1177750825881958,2.3333334922790527,3.7916667461395264,0.0,17.33333396911621
No self collision,q2l4sxxn,2026-07-17_19-30-54_05_04_gmr_no_self_collision_seed_42_iter_1000_20260717T143245Z,630,7.017345803827047,199.3,0.39162829518318176,0.34881100058555603,0.17114409804344177,0.08727796375751495,0.4066128134727478,0.8113436102867126,3.513762950897217,9.174361228942871,0.006487816106528044,0.11515134572982788,1.9583333730697632,5.0416669845581055,0.0,17.0
No self collision,q2l4sxxn,2026-07-17_19-30-54_05_04_gmr_no_self_collision_seed_42_iter_1000_20260717T143245Z,631,6.884151984322816,194.3,0.3917829692363739,0.35076427459716797,0.1714208573102951,0.0875047892332077,0.4065677523612976,0.8197002410888672,3.5649633407592773,9.227807998657227,0.007035546004772186,0.11572548002004623,1.7083333730697632,4.0416669845581055,0.0,16.5
No self collision,q2l4sxxn,2026-07-17_19-30-54_05_04_gmr_no_self_collision_seed_42_iter_1000_20260717T143245Z,632,7.286087269037962,204.09,0.39199987053871155,0.3563382029533386,0.16645149886608124,0.08717434108257294,0.40236812829971313,0.810759425163269,3.5116405487060547,9.211931228637695,0.006437119096517563,0.12294895946979523,2.125,4.2916669845581055,0.0,16.45833396911621
No self collision,q2l4sxxn,2026-07-17_19-30-54_05_04_gmr_no_self_collision_seed_42_iter_1000_20260717T143245Z,633,6.806778828948736,189.72,0.39226049184799194,0.34433043003082275,0.17046408355236053,0.08809161186218262,0.4050653576850891,0.8115107417106628,3.5252819061279297,9.228569030761719,0.007095636799931526,0.1321258842945099,2.375,4.6666669845581055,0.0,17.625
No self collision,q2l4sxxn,2026-07-17_19-30-54_05_04_gmr_no_self_collision_seed_42_iter_1000_20260717T143245Z,634,7.192594708353281,192.58,0.3926119804382324,0.3531206548213959,0.16751444339752197,0.0876844972372055,0.404955118894577,0.8154670000076294,3.520916700363159,9.211966514587402,0.006891325116157532,0.11543011665344238,2.1666667461395264,5.083333492279053,0.0,17.25
No self collision,q2l4sxxn,2026-07-17_19-30-54_05_04_gmr_no_self_collision_seed_42_iter_1000_20260717T143245Z,635,6.10875511193648,168.45,0.3930230736732483,0.3290427625179291,0.17353658378124237,0.08881919085979462,0.4080241322517395,0.8236419558525085,3.556702136993408,9.313307762145996,0.007058681454509497,0.1638535112142563,2.125,4.5,0.0,18.166667938232422
No self collision,q2l4sxxn,2026-07-17_19-30-54_05_04_gmr_no_self_collision_seed_42_iter_1000_20260717T143245Z,636,7.830962075069547,210.85,0.39315322041511536,0.3453673720359802,0.1653405725955963,0.08583587408065796,0.3967253565788269,0.8051860332489014,3.494076728820801,9.245862007141113,0.006577908992767334,0.112507164478302,2.1666667461395264,4.1666669845581055,0.0,17.375
No self collision,q2l4sxxn,2026-07-17_19-30-54_05_04_gmr_no_self_collision_seed_42_iter_1000_20260717T143245Z,637,7.432776917815208,202.35,0.39305803179740906,0.34386011958122253,0.17133328318595886,0.08810698240995407,0.4044719636440277,0.8183468580245972,3.5403048992156982,9.33777141571045,0.007024520076811314,0.12090947479009628,1.625,3.75,0.0,16.5
No self collision,q2l4sxxn,2026-07-17_19-30-54_05_04_gmr_no_self_collision_seed_42_iter_1000_20260717T143245Z,638,7.242640926539898,198.92,0.3930180072784424,0.3509293794631958,0.17079053819179535,0.08744953572750092,0.4067256450653076,0.80889892578125,3.5465526580810547,9.268621444702148,0.00716759916394949,0.11850650608539581,2.4583334922790527,4.0,0.0,17.416667938232422
No self collision,q2l4sxxn,2026-07-17_19-30-54_05_04_gmr_no_self_collision_seed_42_iter_1000_20260717T143245Z,639,7.524516811147333,204.5,0.3929838538169861,0.33933019638061523,0.1735621690750122,0.08800096809864044,0.4077676236629486,0.810240626335144,3.5384175777435303,9.28506851196289,0.006905393209308386,0.13472877442836761,2.2083334922790527,3.9166667461395264,0.0,18.58333396911621
No self collision,q2l4sxxn,2026-07-17_19-30-54_05_04_gmr_no_self_collision_seed_42_iter_1000_20260717T143245Z,640,7.453058773875236,201.82,0.39303329586982727,0.3435781002044678,0.16796760261058807,0.08667384088039398,0.4018799662590027,0.7909563779830933,3.5067248344421387,9.240991592407227,0.006690973415970802,0.11640944331884384,2.3333334922790527,3.875,0.0,16.875
No self collision,q2l4sxxn,2026-07-17_19-30-54_05_04_gmr_no_self_collision_seed_42_iter_1000_20260717T143245Z,641,6.850884245857596,189.36,0.3930284380912781,0.3355110287666321,0.17402462661266327,0.08874102681875229,0.4140441119670868,0.8244898319244385,3.5935933589935303,9.334135055541992,0.006727134343236685,0.12865981459617615,1.9166667461395264,3.875,0.0,17.125
No self collision,q2l4sxxn,2026-07-17_19-30-54_05_04_gmr_no_self_collision_seed_42_iter_1000_20260717T143245Z,642,7.747608132958412,206.75,0.3930421471595764,0.333702027797699,0.17035597562789917,0.08739344775676727,0.4085835814476013,0.815598726272583,3.5497336387634277,9.293914794921875,0.0066008297726511955,0.12355433404445648,2.3333334922790527,3.9166667461395264,0.0,16.0
No self collision,q2l4sxxn,2026-07-17_19-30-54_05_04_gmr_no_self_collision_seed_42_iter_1000_20260717T143245Z,643,7.89459233596921,218.35,0.3931064009666443,0.3547540307044983,0.1699778139591217,0.0883004292845726,0.40870317816734314,0.8209967613220215,3.5535459518432617,9.353525161743164,0.007563486695289612,0.13392281532287598,2.1666667461395264,3.8333334922790527,0.0,17.33333396911621
No self collision,q2l4sxxn,2026-07-17_19-30-54_05_04_gmr_no_self_collision_seed_42_iter_1000_20260717T143245Z,644,6.107979897260666,174.27,0.39329081773757935,0.3433985710144043,0.17177748680114746,0.0902123972773552,0.41478046774864197,0.8343749046325684,3.601674795150757,9.372884750366211,0.007331538014113903,0.15069672465324402,2.2083334922790527,3.5416667461395264,0.0,15.5
No self collision,q2l4sxxn,2026-07-17_19-30-54_05_04_gmr_no_self_collision_seed_42_iter_1000_20260717T143245Z,645,7.01093101888895,193.41,0.393650084733963,0.33469098806381226,0.16878554224967957,0.08651198446750641,0.40100201964378357,0.8010327816009521,3.531075954437256,9.289813995361328,0.0071494183503091335,0.13583062589168549,2.375,3.8333334922790527,0.0,16.08333396911621
No self collision,q2l4sxxn,2026-07-17_19-30-54_05_04_gmr_no_self_collision_seed_42_iter_1000_20260717T143245Z,646,7.6793492436409,206.93,0.39397579431533813,0.3418383002281189,0.16960260272026062,0.08612518757581711,0.40453779697418213,0.8082737326622009,3.5562522411346436,9.36978530883789,0.007885882630944252,0.14086028933525085,2.2916667461395264,3.6666667461395264,0.0,15.916666984558105
No self collision,q2l4sxxn,2026-07-17_19-30-54_05_04_gmr_no_self_collision_seed_42_iter_1000_20260717T143245Z,647,7.234140233751386,205.06,0.3942086100578308,0.35894083976745605,0.17604677379131317,0.08848387002944946,0.41302645206451416,0.8317036628723145,3.58075213432312,9.39695930480957,0.0075478400103747845,0.13657233119010925,1.9583333730697632,3.5416667461395264,0.0,15.416666984558105
No self collision,q2l4sxxn,2026-07-17_19-30-54_05_04_gmr_no_self_collision_seed_42_iter_1000_20260717T143245Z,648,6.523744182139635,187.73,0.39433735609054565,0.35743507742881775,0.1749856173992157,0.08844596147537231,0.4123539328575134,0.8253277540206909,3.581127166748047,9.385211944580078,0.006934210658073425,0.13375991582870483,2.4583334922790527,4.0,0.0,17.25
No self collision,q2l4sxxn,2026-07-17_19-30-54_05_04_gmr_no_self_collision_seed_42_iter_1000_20260717T143245Z,649,6.570022264868021,194.2,0.39441367983818054,0.35901564359664917,0.1747734546661377,0.08860080689191818,0.41011402010917664,0.8247884511947632,3.5557773113250732,9.324753761291504,0.006942980922758579,0.11824154853820801,2.125,3.8333334922790527,0.0,16.20833396911621
No self collision,q2l4sxxn,2026-07-17_19-30-54_05_04_gmr_no_self_collision_seed_42_iter_1000_20260717T143245Z,650,6.754522119797766,188.41,0.3945372998714447,0.34248775243759155,0.17617838084697723,0.08829408884048462,0.412695974111557,0.8178895711898804,3.5743460655212402,9.389276504516602,0.0074104564264416695,0.1330946683883667,2.25,3.625,0.0,15.166666984558105
No self collision,q2l4sxxn,2026-07-17_19-30-54_05_04_gmr_no_self_collision_seed_42_iter_1000_20260717T143245Z,651,7.439780180901289,209.29,0.39457616209983826,0.3483198881149292,0.17064616084098816,0.08661049604415894,0.40568870306015015,0.7908972501754761,3.530529737472534,9.338613510131836,0.006732703652232885,0.13074848055839539,2.0416667461395264,3.625,0.0,17.166667938232422
No self collision,q2l4sxxn,2026-07-17_19-30-54_05_04_gmr_no_self_collision_seed_42_iter_1000_20260717T143245Z,652,6.7685743824392555,185.98,0.39454132318496704,0.33778104186058044,0.17105233669281006,0.08683233708143234,0.4084905982017517,0.8081619739532471,3.556938886642456,9.368799209594727,0.006762291304767132,0.13814234733581543,1.9583333730697632,3.5833334922790527,0.0,16.70833396911621
No self collision,q2l4sxxn,2026-07-17_19-30-54_05_04_gmr_no_self_collision_seed_42_iter_1000_20260717T143245Z,653,6.959957953765988,194.99,0.3947964310646057,0.340847373008728,0.1741347312927246,0.0880984291434288,0.4106285274028778,0.8182550668716431,3.5740489959716797,9.41838264465332,0.007342719938606024,0.12363900989294052,1.9583333730697632,3.5,0.0,16.08333396911621
No self collision,q2l4sxxn,2026-07-17_19-30-54_05_04_gmr_no_self_collision_seed_42_iter_1000_20260717T143245Z,654,8.104453626424075,225.39,0.39489150047302246,0.3440723419189453,0.1681102216243744,0.08634942770004272,0.4075550436973572,0.8050189018249512,3.533902645111084,9.354527473449707,0.006682385690510273,0.11623092740774155,2.6666667461395264,2.9583334922790527,0.0,15.666666984558105
No self collision,q2l4sxxn,2026-07-17_19-30-54_05_04_gmr_no_self_collision_seed_42_iter_1000_20260717T143245Z,655,7.277216484695673,201.97,0.3949917256832123,0.3353191316127777,0.17192022502422333,0.08631151169538498,0.4040496051311493,0.796867847442627,3.5160627365112305,9.338263511657715,0.0069020939990878105,0.13066120445728302,2.6666667461395264,3.5,0.0,16.25
No self collision,q2l4sxxn,2026-07-17_19-30-54_05_04_gmr_no_self_collision_seed_42_iter_1000_20260717T143245Z,656,7.678736849576235,213.17,0.39504215121269226,0.34493765234947205,0.17102086544036865,0.08720557391643524,0.40875494480133057,0.805333137512207,3.555445432662964,9.39774227142334,0.007319513708353043,0.13064008951187134,3.0416667461395264,3.2083334922790527,0.0,15.166666984558105
No self collision,q2l4sxxn,2026-07-17_19-30-54_05_04_gmr_no_self_collision_seed_42_iter_1000_20260717T143245Z,657,7.387339660525322,210.03,0.39501291513442993,0.34233641624450684,0.17519162595272064,0.0877501368522644,0.40931153297424316,0.8034477233886719,3.55102801322937,9.427444458007812,0.00756540521979332,0.12099282443523407,2.2083334922790527,3.5,0.0,15.458333969116211
No self collision,q2l4sxxn,2026-07-17_19-30-54_05_04_gmr_no_self_collision_seed_42_iter_1000_20260717T143245Z,658,6.6590462825447325,185.97,0.39539337158203125,0.3546919524669647,0.17442306876182556,0.08737404644489288,0.40624547004699707,0.8075148463249207,3.5627200603485107,9.460810661315918,0.007842020131647587,0.11888517439365387,1.7916667461395264,2.8333334922790527,0.0,16.33333396911621
No self collision,q2l4sxxn,2026-07-17_19-30-54_05_04_gmr_no_self_collision_seed_42_iter_1000_20260717T143245Z,659,7.3285990355163815,209.77,0.39557936787605286,0.35619792342185974,0.17211434245109558,0.08598095178604126,0.4039815664291382,0.7987052202224731,3.5227699279785156,9.421928405761719,0.007005839608609676,0.12228305637836456,2.625,2.8333334922790527,0.0,15.958333969116211
No self collision,q2l4sxxn,2026-07-17_19-30-54_05_04_gmr_no_self_collision_seed_42_iter_1000_20260717T143245Z,660,7.1738527378439905,199.52,0.39560467004776,0.34232664108276367,0.1669507920742035,0.08578318357467651,0.4013562798500061,0.789289653301239,3.513782501220703,9.402487754821777,0.007161315530538559,0.14412721991539001,2.7916667461395264,3.7083334922790527,0.0,14.375
No self collision,q2l4sxxn,2026-07-17_19-30-54_05_04_gmr_no_self_collision_seed_42_iter_1000_20260717T143245Z,661,6.864485834389925,196.89,0.3957822024822235,0.35268688201904297,0.17411896586418152,0.08780255913734436,0.4126589894294739,0.8084834814071655,3.558828830718994,9.42824649810791,0.0077505894005298615,0.13195984065532684,2.5416667461395264,3.2083334922790527,0.0,15.625
No self collision,q2l4sxxn,2026-07-17_19-30-54_05_04_gmr_no_self_collision_seed_42_iter_1000_20260717T143245Z,662,6.694583222642541,193.05,0.3961600661277771,0.34998470544815063,0.1705128401517868,0.08625423908233643,0.40312689542770386,0.7987949848175049,3.5285861492156982,9.427900314331055,0.007107584737241268,0.12996521592140198,1.75,3.6666667461395264,0.0,16.70833396911621
No self collision,q2l4sxxn,2026-07-17_19-30-54_05_04_gmr_no_self_collision_seed_42_iter_1000_20260717T143245Z,663,7.00716110330075,190.65,0.3962005078792572,0.343764066696167,0.17410001158714294,0.08692328631877899,0.4066603183746338,0.810800313949585,3.5607573986053467,9.514663696289062,0.007486911490559578,0.14163167774677277,2.0,3.5833334922790527,0.0,15.791666984558105
No self collision,q2l4sxxn,2026-07-17_19-30-54_05_04_gmr_no_self_collision_seed_42_iter_1000_20260717T143245Z,664,6.020793050825596,171.44,0.3961189389228821,0.3430607318878174,0.17820647358894348,0.08712609857320786,0.4070078730583191,0.8052627444267273,3.571592092514038,9.506607055664062,0.008049646392464638,0.12276439368724823,1.7916667461395264,3.5,0.0,15.791666984558105
No self collision,q2l4sxxn,2026-07-17_19-30-54_05_04_gmr_no_self_collision_seed_42_iter_1000_20260717T143245Z,665,8.578874845458195,239.76,0.39632925391197205,0.3580184876918793,0.17097532749176025,0.08661236613988876,0.40346428751945496,0.807457447052002,3.5410289764404297,9.50699234008789,0.007454128935933113,0.1190958246588707,2.5833334922790527,2.9583334922790527,0.0,13.791666984558105
No self collision,q2l4sxxn,2026-07-17_19-30-54_05_04_gmr_no_self_collision_seed_42_iter_1000_20260717T143245Z,666,8.2439686819911,227.49,0.39625030755996704,0.3305046856403351,0.16930054128170013,0.08565359562635422,0.4009173810482025,0.7813753485679626,3.5027453899383545,9.418076515197754,0.006169785745441914,0.15790510177612305,2.4583334922790527,3.5,0.0,16.166667938232422
No self collision,q2l4sxxn,2026-07-17_19-30-54_05_04_gmr_no_self_collision_seed_42_iter_1000_20260717T143245Z,667,7.044090221114456,198.2,0.3961760401725769,0.34905827045440674,0.17483870685100555,0.08736598491668701,0.4093138873577118,0.8034855127334595,3.570359706878662,9.48521614074707,0.006848141551017761,0.14840468764305115,2.25,3.3333334922790527,0.0,15.875
No self collision,q2l4sxxn,2026-07-17_19-30-54_05_04_gmr_no_self_collision_seed_42_iter_1000_20260717T143245Z,668,7.128000780120492,203.87,0.39641764760017395,0.3385770320892334,0.18142497539520264,0.0878124088048935,0.4167194068431854,0.8216438293457031,3.624976634979248,9.57737922668457,0.00795832835137844,0.13813963532447815,2.375,2.5833334922790527,0.0,14.916666984558105
No self collision,q2l4sxxn,2026-07-17_19-30-54_05_04_gmr_no_self_collision_seed_42_iter_1000_20260717T143245Z,669,6.54829638749361,183.38,0.3966372311115265,0.34306299686431885,0.1688728928565979,0.08540626615285873,0.39868760108947754,0.7928198575973511,3.499605655670166,9.455100059509277,0.006540986709296703,0.11515110731124878,2.4583334922790527,2.6666667461395264,0.0,15.541666984558105
No self collision,q2l4sxxn,2026-07-17_19-30-54_05_04_gmr_no_self_collision_seed_42_iter_1000_20260717T143245Z,670,7.649533121138811,217.6,0.396529883146286,0.34060943126678467,0.17658153176307678,0.08648267388343811,0.4072568416595459,0.7973188757896423,3.5538575649261475,9.504953384399414,0.007592379115521908,0.1422322690486908,2.25,2.625,0.0,14.5
No self collision,q2l4sxxn,2026-07-17_19-30-54_05_04_gmr_no_self_collision_seed_42_iter_1000_20260717T143245Z,671,7.876446061432362,221.87,0.3963550627231598,0.34579867124557495,0.17302238941192627,0.08636810630559921,0.4050006866455078,0.7906978130340576,3.5472469329833984,9.483530044555664,0.0068397982977330685,0.15121541917324066,2.625,3.5416667461395264,0.0,15.416666984558105
No self collision,q2l4sxxn,2026-07-17_19-30-54_05_04_gmr_no_self_collision_seed_42_iter_1000_20260717T143245Z,672,7.39583154771477,210.57,0.3967410624027252,0.3455035090446472,0.174685999751091,0.08867774903774261,0.4127213656902313,0.8188184499740601,3.5987489223480225,9.547204971313477,0.007229661103338003,0.15918654203414917,2.375,3.2083334922790527,0.0,14.666666984558105
No self collision,q2l4sxxn,2026-07-17_19-30-54_05_04_gmr_no_self_collision_seed_42_iter_1000_20260717T143245Z,673,7.391358089372516,207.87,0.3965471684932709,0.3490920960903168,0.1722654104232788,0.08670423924922943,0.40918636322021484,0.7959463000297546,3.5507094860076904,9.486701011657715,0.006789206527173519,0.1340411752462387,2.75,3.5416667461395264,0.0,14.666666984558105
No self collision,q2l4sxxn,2026-07-17_19-30-54_05_04_gmr_no_self_collision_seed_42_iter_1000_20260717T143245Z,674,7.714244304597377,216.13,0.3966314494609833,0.35021132230758667,0.17062434554100037,0.08587783575057983,0.4022620618343353,0.8071762919425964,3.544071912765503,9.55319881439209,0.007044814061373472,0.16090139746665955,2.2083334922790527,2.6666667461395264,0.0,14.958333969116211
No self collision,q2l4sxxn,2026-07-17_19-30-54_05_04_gmr_no_self_collision_seed_42_iter_1000_20260717T143245Z,675,6.52699043251574,186.77,0.3968706727027893,0.3303621709346771,0.17051589488983154,0.0868212878704071,0.4089726209640503,0.8099002838134766,3.582315444946289,9.570674896240234,0.006864361464977264,0.14229194819927216,2.0833334922790527,2.625,0.0,14.125
No self collision,q2l4sxxn,2026-07-17_19-30-54_05_04_gmr_no_self_collision_seed_42_iter_1000_20260717T143245Z,676,7.145416048616171,207.35,0.396918386220932,0.35218772292137146,0.17174839973449707,0.0857909545302391,0.4008924961090088,0.7978343367576599,3.5570664405822754,9.534111022949219,0.006536503322422504,0.13481049239635468,2.9583334922790527,3.1666667461395264,0.0,15.583333969116211
No self collision,q2l4sxxn,2026-07-17_19-30-54_05_04_gmr_no_self_collision_seed_42_iter_1000_20260717T143245Z,677,6.318556159790606,183.18,0.3970545530319214,0.3422801196575165,0.17072561383247375,0.08714716881513596,0.409094899892807,0.8045081496238708,3.5545270442962646,9.530226707458496,0.00700050313025713,0.13210231065750122,2.6666667461395264,2.7916667461395264,0.0,14.083333969116211
No self collision,q2l4sxxn,2026-07-17_19-30-54_05_04_gmr_no_self_collision_seed_42_iter_1000_20260717T143245Z,678,8.025398572087289,227.43,0.3973195254802704,0.358860582113266,0.1759006232023239,0.08740635961294174,0.4101905822753906,0.8195835947990417,3.5669374465942383,9.563692092895508,0.007086215540766716,0.12746527791023254,2.375,2.625,0.0,15.666666984558105
No self collision,q2l4sxxn,2026-07-17_19-30-54_05_04_gmr_no_self_collision_seed_42_iter_1000_20260717T143245Z,679,7.259273702949286,206.29,0.39760738611221313,0.3554779887199402,0.17086055874824524,0.08425398916006088,0.3969744145870209,0.7835464477539062,3.5337324142456055,9.512393951416016,0.006682969629764557,0.12512290477752686,2.8333334922790527,2.9583334922790527,0.0,14.75
No self collision,q2l4sxxn,2026-07-17_19-30-54_05_04_gmr_no_self_collision_seed_42_iter_1000_20260717T143245Z,680,7.395120945870876,207.07,0.39764291048049927,0.3455687463283539,0.17782893776893616,0.08694599568843842,0.4067079424858093,0.8103805780410767,3.582571029663086,9.569705963134766,0.007142397575080395,0.13098910450935364,2.25,3.4166667461395264,0.0,16.70833396911621
No self collision,q2l4sxxn,2026-07-17_19-30-54_05_04_gmr_no_self_collision_seed_42_iter_1000_20260717T143245Z,681,7.339565763771534,204.18,0.3976808786392212,0.3392656743526459,0.17394709587097168,0.08560425043106079,0.4007072448730469,0.7989188432693481,3.549928665161133,9.59440803527832,0.007323754485696554,0.13506941497325897,2.625,2.9583334922790527,0.0,16.125
No self collision,q2l4sxxn,2026-07-17_19-30-54_05_04_gmr_no_self_collision_seed_42_iter_1000_20260717T143245Z,682,7.772230492979288,218.37,0.3977265954017639,0.35800981521606445,0.17034165561199188,0.08640214055776596,0.40331801772117615,0.8080068826675415,3.5456557273864746,9.575611114501953,0.006745736114680767,0.14122632145881653,3.4166667461395264,3.5,0.0,13.583333969116211
No self collision,q2l4sxxn,2026-07-17_19-30-54_05_04_gmr_no_self_collision_seed_42_iter_1000_20260717T143245Z,683,8.261974214613439,234.34,0.3980241119861603,0.3613550662994385,0.17220434546470642,0.08632296323776245,0.4030851721763611,0.7962688207626343,3.5410208702087402,9.576661109924316,0.0063272207044065,0.12847310304641724,3.5833334922790527,2.625,0.0,14.416666984558105
No self collision,q2l4sxxn,2026-07-17_19-30-54_05_04_gmr_no_self_collision_seed_42_iter_1000_20260717T143245Z,684,7.216219332125038,202.52,0.3981859087944031,0.3433160185813904,0.17299209535121918,0.08618765324354172,0.4055710732936859,0.8013278841972351,3.5557239055633545,9.615240097045898,0.006921303458511829,0.15096695721149445,1.9166667461395264,3.0833334922790527,0.0,13.791666984558105
No self collision,q2l4sxxn,2026-07-17_19-30-54_05_04_gmr_no_self_collision_seed_42_iter_1000_20260717T143245Z,685,8.452271782718599,231.43,0.3983633518218994,0.36127763986587524,0.16863396763801575,0.08499906957149506,0.39934346079826355,0.7810596227645874,3.501016139984131,9.519164085388184,0.006385886110365391,0.13572219014167786,3.0416667461395264,2.6666667461395264,0.0,14.291666984558105
No self collision,q2l4sxxn,2026-07-17_19-30-54_05_04_gmr_no_self_collision_seed_42_iter_1000_20260717T143245Z,686,7.869444601535797,226.52,0.39844194054603577,0.3721996247768402,0.17083410918712616,0.08571737259626389,0.39980289340019226,0.8031820058822632,3.542755126953125,9.614032745361328,0.007164742797613144,0.14536744356155396,2.5,2.9583334922790527,0.0,14.5
No self collision,q2l4sxxn,2026-07-17_19-30-54_05_04_gmr_no_self_collision_seed_42_iter_1000_20260717T143245Z,687,7.907500826567412,221.51,0.39828112721443176,0.35515135526657104,0.17249149084091187,0.08563163131475449,0.40119442343711853,0.8012229800224304,3.5452678203582764,9.605910301208496,0.0061789206229150295,0.12497129291296005,2.9166667461395264,3.4583334922790527,0.0,14.416666984558105
No self collision,q2l4sxxn,2026-07-17_19-30-54_05_04_gmr_no_self_collision_seed_42_iter_1000_20260717T143245Z,688,7.719456570222974,217.51,0.398206502199173,0.3477494716644287,0.17201265692710876,0.08599456399679184,0.4053595960140228,0.8025426268577576,3.5595433712005615,9.609957695007324,0.006535382475703955,0.15489301085472107,2.5833334922790527,2.625,0.0,14.5
No self collision,q2l4sxxn,2026-07-17_19-30-54_05_04_gmr_no_self_collision_seed_42_iter_1000_20260717T143245Z,689,8.467430156171321,237.25,0.3985467255115509,0.3427068591117859,0.16740986704826355,0.0846712589263916,0.3987889289855957,0.783716082572937,3.519540548324585,9.58753776550293,0.006633422337472439,0.1410941332578659,2.375,2.3333334922790527,0.0,13.958333969116211
No self collision,q2l4sxxn,2026-07-17_19-30-54_05_04_gmr_no_self_collision_seed_42_iter_1000_20260717T143245Z,690,8.37572854027152,231.45,0.39869827032089233,0.3626084327697754,0.16738936305046082,0.08418883383274078,0.3973594605922699,0.7966772317886353,3.546416759490967,9.645563125610352,0.006939457263797522,0.16369669139385223,2.75,2.5833334922790527,0.0,14.75
No self collision,q2l4sxxn,2026-07-17_19-30-54_05_04_gmr_no_self_collision_seed_42_iter_1000_20260717T143245Z,691,7.090521699190139,205.68,0.39874202013015747,0.350898802280426,0.1701621413230896,0.08726000785827637,0.409279465675354,0.8118042945861816,3.582292079925537,9.663534164428711,0.0063194697722792625,0.13397575914859772,2.3333334922790527,2.5,0.0,13.708333969116211
No self collision,q2l4sxxn,2026-07-17_19-30-54_05_04_gmr_no_self_collision_seed_42_iter_1000_20260717T143245Z,692,7.480577097758651,213.64,0.39895305037498474,0.3430177569389343,0.1665622889995575,0.08428417146205902,0.39648276567459106,0.7865139842033386,3.508769989013672,9.618921279907227,0.006482084281742573,0.1243201345205307,3.0833334922790527,2.5416667461395264,0.0,15.208333969116211
No self collision,q2l4sxxn,2026-07-17_19-30-54_05_04_gmr_no_self_collision_seed_42_iter_1000_20260717T143245Z,693,6.52155202537775,184.41,0.39934512972831726,0.33975037932395935,0.17135363817214966,0.08585339784622192,0.402843713760376,0.7948869466781616,3.545738935470581,9.65412712097168,0.006292345933616161,0.16502434015274048,2.5416667461395264,2.3333334922790527,0.0,14.458333969116211
No self collision,q2l4sxxn,2026-07-17_19-30-54_05_04_gmr_no_self_collision_seed_42_iter_1000_20260717T143245Z,694,9.321940704584122,256.04,0.3992392122745514,0.3510779142379761,0.16573500633239746,0.08403167128562927,0.39588531851768494,0.7793299555778503,3.5003890991210938,9.592257499694824,0.005837674252688885,0.151153564453125,3.2083334922790527,2.875,0.0,15.25
No self collision,q2l4sxxn,2026-07-17_19-30-54_05_04_gmr_no_self_collision_seed_42_iter_1000_20260717T143245Z,695,7.877478461116552,217.69,0.39943763613700867,0.3548611104488373,0.16779260337352753,0.08642864227294922,0.40430617332458496,0.7964560985565186,3.530913829803467,9.641754150390625,0.006386216729879379,0.14447925984859467,2.625,2.375,0.0,13.791666984558105
No self collision,q2l4sxxn,2026-07-17_19-30-54_05_04_gmr_no_self_collision_seed_42_iter_1000_20260717T143245Z,696,8.195783779919147,224.63,0.3997299373149872,0.3310125768184662,0.17140959203243256,0.08482526987791061,0.40272459387779236,0.7845501899719238,3.5649209022521973,9.707825660705566,0.007072466425597668,0.13838772475719452,2.4583334922790527,2.6666667461395264,0.0,14.958333969116211
No self collision,q2l4sxxn,2026-07-17_19-30-54_05_04_gmr_no_self_collision_seed_42_iter_1000_20260717T143245Z,697,8.48279860764742,240.04,0.39981284737586975,0.35125237703323364,0.16875700652599335,0.08525604009628296,0.4032265841960907,0.7941781878471375,3.556823492050171,9.70965576171875,0.006606648676097393,0.14911067485809326,3.375,2.2916667461395264,0.0,14.791666984558105
No self collision,q2l4sxxn,2026-07-17_19-30-54_05_04_gmr_no_self_collision_seed_42_iter_1000_20260717T143245Z,698,7.065890358164906,203.35,0.39989665150642395,0.3447798490524292,0.1682310551404953,0.08551951497793198,0.4021711051464081,0.8031303882598877,3.5708281993865967,9.690773010253906,0.006389450281858444,0.15076342225074768,2.4583334922790527,2.8333334922790527,0.0,14.458333969116211
No self collision,q2l4sxxn,2026-07-17_19-30-54_05_04_gmr_no_self_collision_seed_42_iter_1000_20260717T143245Z,699,8.113233779668809,223.1,0.40009447932243347,0.34820711612701416,0.16976818442344666,0.08592775464057922,0.4047085642814636,0.8001109957695007,3.5735979080200195,9.709896087646484,0.007344608660787344,0.1349809616804123,3.0416667461395264,2.5833334922790527,0.0,13.625
No self collision,q2l4sxxn,2026-07-17_19-30-54_05_04_gmr_no_self_collision_seed_42_iter_1000_20260717T143245Z,700,8.359353194609284,233.56,0.40057188272476196,0.36153537034988403,0.1737515926361084,0.08652347326278687,0.40921276807785034,0.8120104670524597,3.5804476737976074,9.762131690979004,0.006679530255496502,0.13215331733226776,2.7083334922790527,2.7083334922790527,0.0,13.625
No self collision,q2l4sxxn,2026-07-17_19-30-54_05_04_gmr_no_self_collision_seed_42_iter_1000_20260717T143245Z,701,8.420840884372591,229.44,0.4006849229335785,0.34863170981407166,0.16475656628608704,0.08344234526157379,0.3956988751888275,0.7766901254653931,3.511662483215332,9.682003021240234,0.005963540636003017,0.14527425169944763,3.125,2.9166667461395264,0.0,15.125
No self collision,q2l4sxxn,2026-07-17_19-30-54_05_04_gmr_no_self_collision_seed_42_iter_1000_20260717T143245Z,702,6.553864615485072,182.09,0.40103957056999207,0.3509853780269623,0.1675519347190857,0.08436755836009979,0.3954811990261078,0.7805802226066589,3.512934684753418,9.687393188476562,0.006024849601089954,0.12954209744930267,3.25,2.5416667461395264,0.0,14.541666984558105
No self collision,q2l4sxxn,2026-07-17_19-30-54_05_04_gmr_no_self_collision_seed_42_iter_1000_20260717T143245Z,703,7.013930650316179,198.85,0.40127742290496826,0.33865833282470703,0.1700325310230255,0.08557377755641937,0.402901828289032,0.7936254739761353,3.5719523429870605,9.78799819946289,0.006736354902386665,0.13614657521247864,2.875,2.5416667461395264,0.0,14.25
No self collision,q2l4sxxn,2026-07-17_19-30-54_05_04_gmr_no_self_collision_seed_42_iter_1000_20260717T143245Z,704,7.526551121175289,213.31,0.4012913703918457,0.3331703543663025,0.17165522277355194,0.08563312888145447,0.4079669117927551,0.8033753633499146,3.584102153778076,9.77718734741211,0.0070911492221057415,0.1267962008714676,2.75,2.5416667461395264,0.0,14.208333969116211
No self collision,q2l4sxxn,2026-07-17_19-30-54_05_04_gmr_no_self_collision_seed_42_iter_1000_20260717T143245Z,705,8.684415357261896,243.88,0.4013652205467224,0.36070096492767334,0.1694040298461914,0.08513021469116211,0.4030284285545349,0.7958283424377441,3.5517163276672363,9.730619430541992,0.007195254322141409,0.13916578888893127,2.8333334922790527,2.8333334922790527,0.0,13.583333969116211
No self collision,q2l4sxxn,2026-07-17_19-30-54_05_04_gmr_no_self_collision_seed_42_iter_1000_20260717T143245Z,706,7.8520627556368705,220.07,0.40138858556747437,0.3515768051147461,0.16997741162776947,0.08513074368238449,0.40085434913635254,0.7909132838249207,3.559131145477295,9.807683944702148,0.006411556154489517,0.14398036897182465,3.0833334922790527,2.8333334922790527,0.0,14.291666984558105
No self collision,q2l4sxxn,2026-07-17_19-30-54_05_04_gmr_no_self_collision_seed_42_iter_1000_20260717T143245Z,707,7.507540009915829,212.45,0.40125906467437744,0.3466750383377075,0.1685768961906433,0.08376765251159668,0.39937347173690796,0.7752288579940796,3.5415897369384766,9.790145874023438,0.006719022057950497,0.13370388746261597,2.7916667461395264,2.5,0.0,14.875
No self collision,q2l4sxxn,2026-07-17_19-30-54_05_04_gmr_no_self_collision_seed_42_iter_1000_20260717T143245Z,708,8.66440242767334,245.84,0.40117645263671875,0.34301671385765076,0.168071910738945,0.08324309438467026,0.39655745029449463,0.7821969389915466,3.532984495162964,9.7620849609375,0.006461804267019033,0.1351628601551056,2.9166667461395264,2.375,0.0,14.291666984558105
No self collision,q2l4sxxn,2026-07-17_19-30-54_05_04_gmr_no_self_collision_seed_42_iter_1000_20260717T143245Z,709,6.454240377992392,183.83,0.40133702754974365,0.3508265018463135,0.17236177623271942,0.08673763275146484,0.4080795645713806,0.8039886355400085,3.583033323287964,9.876081466674805,0.008059583604335785,0.15273448824882507,2.6666667461395264,2.5,0.0,14.041666984558105
No self collision,q2l4sxxn,2026-07-17_19-30-54_05_04_gmr_no_self_collision_seed_42_iter_1000_20260717T143245Z,710,7.996467813178897,224.76,0.40125349164009094,0.3571849763393402,0.16909563541412354,0.08476226776838303,0.40190643072128296,0.7993552088737488,3.569056987762451,9.843164443969727,0.006919957231730223,0.13308531045913696,2.8333334922790527,2.3333334922790527,0.0,12.958333969116211
No self collision,q2l4sxxn,2026-07-17_19-30-54_05_04_gmr_no_self_collision_seed_42_iter_1000_20260717T143245Z,711,8.23766116850078,228.82,0.40134724974632263,0.34004220366477966,0.16608761250972748,0.08307880163192749,0.3935435712337494,0.7713102102279663,3.544490337371826,9.792692184448242,0.006433991715312004,0.14481650292873383,3.2083334922790527,2.4583334922790527,0.0,13.666666984558105
No self collision,q2l4sxxn,2026-07-17_19-30-54_05_04_gmr_no_self_collision_seed_42_iter_1000_20260717T143245Z,712,8.129385405629874,230.08,0.40153664350509644,0.36720919609069824,0.16813907027244568,0.08460929244756699,0.401400089263916,0.7975370287895203,3.554777145385742,9.760222434997559,0.007740497589111328,0.13794462382793427,3.5,2.5833334922790527,0.0,13.5
No self collision,q2l4sxxn,2026-07-17_19-30-54_05_04_gmr_no_self_collision_seed_42_iter_1000_20260717T143245Z,713,7.375223379284144,206.4,0.40144822001457214,0.332489013671875,0.16879108548164368,0.08363508433103561,0.3951641917228699,0.7698293924331665,3.5159709453582764,9.729589462280273,0.007348261307924986,0.14334344863891602,2.8333334922790527,2.4583334922790527,0.0,13.208333969116211
No self collision,q2l4sxxn,2026-07-17_19-30-54_05_04_gmr_no_self_collision_seed_42_iter_1000_20260717T143245Z,714,7.61359271094203,222.41,0.40129414200782776,0.3578903377056122,0.17028078436851501,0.08427178859710693,0.40065455436706543,0.7918481826782227,3.551600933074951,9.79177474975586,0.007357147987931967,0.13780146837234497,3.4166667461395264,2.0,0.0,14.208333969116211
No self collision,q2l4sxxn,2026-07-17_19-30-54_05_04_gmr_no_self_collision_seed_42_iter_1000_20260717T143245Z,715,8.000253175348043,231.51,0.40125730633735657,0.36526498198509216,0.17309777438640594,0.08513202518224716,0.4029116630554199,0.8001133799552917,3.5728864669799805,9.82785701751709,0.008145349100232124,0.14526522159576416,3.0,2.0833334922790527,0.0,13.291666984558105
No self collision,q2l4sxxn,2026-07-17_19-30-54_05_04_gmr_no_self_collision_seed_42_iter_1000_20260717T143245Z,716,8.028679142445325,231.73,0.40114936232566833,0.3494184911251068,0.16778182983398438,0.08415240049362183,0.40048035979270935,0.7882685661315918,3.547420024871826,9.807889938354492,0.007921913638710976,0.14751502871513367,2.8333334922790527,2.0416667461395264,0.0,14.291666984558105
No self collision,q2l4sxxn,2026-07-17_19-30-54_05_04_gmr_no_self_collision_seed_42_iter_1000_20260717T143245Z,717,7.8238638157770035,221.41,0.4012254774570465,0.3458784222602844,0.1704205572605133,0.08495955169200897,0.3994692265987396,0.7845720052719116,3.5339431762695312,9.788022994995117,0.008580652996897697,0.15070310235023499,3.0,2.3333334922790527,0.0,12.75
No self collision,q2l4sxxn,2026-07-17_19-30-54_05_04_gmr_no_self_collision_seed_42_iter_1000_20260717T143245Z,718,8.351527653932571,238.56,0.4014211595058441,0.34901365637779236,0.16800570487976074,0.0836913138628006,0.3968150019645691,0.7858461141586304,3.544149160385132,9.832598686218262,0.007456592284142971,0.15220282971858978,2.75,2.0416667461395264,0.0,14.791666984558105
No self collision,q2l4sxxn,2026-07-17_19-30-54_05_04_gmr_no_self_collision_seed_42_iter_1000_20260717T143245Z,719,7.290030244886875,206.39,0.4017641842365265,0.3536503314971924,0.16706006228923798,0.0828872099518776,0.39479491114616394,0.7753832340240479,3.542644500732422,9.805212020874023,0.00755289476364851,0.13824203610420227,2.75,2.9166667461395264,0.0,13.708333969116211
No self collision,q2l4sxxn,2026-07-17_19-30-54_05_04_gmr_no_self_collision_seed_42_iter_1000_20260717T143245Z,720,7.5727314655482765,222.81,0.40181148052215576,0.3562891483306885,0.17206768691539764,0.08523409813642502,0.40451580286026,0.7959542274475098,3.5741403102874756,9.877195358276367,0.007769082672894001,0.1495891511440277,2.75,2.5833334922790527,0.0,13.875
No self collision,q2l4sxxn,2026-07-17_19-30-54_05_04_gmr_no_self_collision_seed_42_iter_1000_20260717T143245Z,721,8.58112624451518,240.22,0.4018751084804535,0.3602885603904724,0.16966626048088074,0.08439197391271591,0.3997858166694641,0.7808316946029663,3.5560109615325928,9.786992073059082,0.007438636850565672,0.13301609456539154,3.375,2.5833334922790527,0.0,12.416666984558105
No self collision,q2l4sxxn,2026-07-17_19-30-54_05_04_gmr_no_self_collision_seed_42_iter_1000_20260717T143245Z,722,7.940025557726622,221.15,0.4019061028957367,0.3582986295223236,0.1681278645992279,0.08486535400152206,0.40033334493637085,0.7910380363464355,3.5353400707244873,9.75223159790039,0.007241404615342617,0.1524103730916977,3.0833334922790527,2.75,0.0,13.166666984558105
No self collision,q2l4sxxn,2026-07-17_19-30-54_05_04_gmr_no_self_collision_seed_42_iter_1000_20260717T143245Z,723,8.054607791397721,229.93,0.4018790125846863,0.3565254807472229,0.1712338924407959,0.08539088815450668,0.4021373689174652,0.7943300604820251,3.564547061920166,9.856691360473633,0.007411457132548094,0.13995115458965302,3.75,3.0416667461395264,0.0,13.541666984558105
No self collision,q2l4sxxn,2026-07-17_19-30-54_05_04_gmr_no_self_collision_seed_42_iter_1000_20260717T143245Z,724,8.387772540599109,238.87,0.40190738439559937,0.35781916975975037,0.1736435890197754,0.08482669293880463,0.40303510427474976,0.8005916476249695,3.5782370567321777,9.876888275146484,0.008111951872706413,0.12148429453372955,2.875,1.875,0.0,13.791666984558105
No self collision,q2l4sxxn,2026-07-17_19-30-54_05_04_gmr_no_self_collision_seed_42_iter_1000_20260717T143245Z,725,6.359386295229196,184.38,0.4017432630062103,0.35803478956222534,0.17294655740261078,0.08474008738994598,0.4021969735622406,0.7958361506462097,3.5493884086608887,9.815024375915527,0.007727853488177061,0.14483742415905,3.1666667461395264,3.0416667461395264,0.0,13.458333969116211
No self collision,q2l4sxxn,2026-07-17_19-30-54_05_04_gmr_no_self_collision_seed_42_iter_1000_20260717T143245Z,726,8.793096301704646,247.38,0.40166792273521423,0.3438228964805603,0.17153871059417725,0.0841820240020752,0.3983847498893738,0.7872799634933472,3.5370192527770996,9.861353874206543,0.008023048751056194,0.14957284927368164,3.2916667461395264,2.6666667461395264,0.0,12.333333969116211
No self collision,q2l4sxxn,2026-07-17_19-30-54_05_04_gmr_no_self_collision_seed_42_iter_1000_20260717T143245Z,727,8.778632561564445,245.24,0.4015621840953827,0.34131598472595215,0.16708910465240479,0.08355619758367538,0.394490122795105,0.7630587816238403,3.519712209701538,9.807201385498047,0.006944817956537008,0.13540153205394745,2.7916667461395264,2.25,0.0,13.166666984558105
No self collision,q2l4sxxn,2026-07-17_19-30-54_05_04_gmr_no_self_collision_seed_42_iter_1000_20260717T143245Z,728,7.918422879502177,224.64,0.40173518657684326,0.35050106048583984,0.16962432861328125,0.08316066116094589,0.3940574526786804,0.7801731824874878,3.54577898979187,9.839574813842773,0.007407558616250753,0.1525256484746933,3.7083334922790527,2.0833334922790527,0.0,13.375
No self collision,q2l4sxxn,2026-07-17_19-30-54_05_04_gmr_no_self_collision_seed_42_iter_1000_20260717T143245Z,729,7.127834551855922,204.83,0.40180274844169617,0.352238267660141,0.1729692667722702,0.08577876538038254,0.4069077670574188,0.800538957118988,3.6207847595214844,9.917302131652832,0.008792325854301453,0.14766597747802734,2.9166667461395264,2.3333334922790527,0.0,14.833333969116211
No self collision,q2l4sxxn,2026-07-17_19-30-54_05_04_gmr_no_self_collision_seed_42_iter_1000_20260717T143245Z,730,9.177146752849222,259.58,0.40174147486686707,0.36328333616256714,0.17160598933696747,0.08403538167476654,0.39458033442497253,0.780615508556366,3.51857852935791,9.818037986755371,0.006928052753210068,0.12509785592556,3.125,3.25,0.0,12.875
No self collision,q2l4sxxn,2026-07-17_19-30-54_05_04_gmr_no_self_collision_seed_42_iter_1000_20260717T143245Z,731,7.5175996040552855,211.04,0.40180841088294983,0.35321497917175293,0.16715793311595917,0.08293934166431427,0.3927185535430908,0.7741429209709167,3.5064291954040527,9.806282043457031,0.007391512393951416,0.13191001117229462,2.6666667461395264,2.5416667461395264,0.0,13.416666984558105
No self collision,q2l4sxxn,2026-07-17_19-30-54_05_04_gmr_no_self_collision_seed_42_iter_1000_20260717T143245Z,732,7.933187116123736,222.95,0.40187448263168335,0.3620315492153168,0.16990196704864502,0.0852927565574646,0.40135931968688965,0.7953885793685913,3.571871757507324,9.884353637695312,0.008183494210243225,0.12401147931814194,3.0416667461395264,2.75,0.0,12.875
No self collision,q2l4sxxn,2026-07-17_19-30-54_05_04_gmr_no_self_collision_seed_42_iter_1000_20260717T143245Z,733,8.5091667817533,242.48,0.40182921290397644,0.3791300654411316,0.16734656691551208,0.0838223546743393,0.3982924818992615,0.7777504920959473,3.5159642696380615,9.797361373901367,0.00797533430159092,0.15684138238430023,3.7916667461395264,2.5,0.0,12.458333969116211
No self collision,q2l4sxxn,2026-07-17_19-30-54_05_04_gmr_no_self_collision_seed_42_iter_1000_20260717T143245Z,734,8.1094912391901,232.31,0.40187397599220276,0.3525344133377075,0.17385929822921753,0.0861915796995163,0.4061361253261566,0.801764965057373,3.5976550579071045,9.910186767578125,0.008994825184345245,0.129706472158432,2.9583334922790527,2.375,0.0,13.458333969116211
No self collision,q2l4sxxn,2026-07-17_19-30-54_05_04_gmr_no_self_collision_seed_42_iter_1000_20260717T143245Z,735,7.65847109362483,225.97,0.4018426537513733,0.37382054328918457,0.1676885187625885,0.08435895293951035,0.39954012632369995,0.7955343723297119,3.5513617992401123,9.867403030395508,0.007794356904923916,0.13063472509384155,3.125,2.4583334922790527,0.0,13.083333969116211
No self collision,q2l4sxxn,2026-07-17_19-30-54_05_04_gmr_no_self_collision_seed_42_iter_1000_20260717T143245Z,736,7.930080521702767,223.99,0.4020281434059143,0.35194334387779236,0.16827671229839325,0.08451828360557556,0.40013372898101807,0.7788193225860596,3.548555850982666,9.820550918579102,0.007190619595348835,0.12734311819076538,2.7916667461395264,2.5833334922790527,0.0,13.291666984558105
No self collision,q2l4sxxn,2026-07-17_19-30-54_05_04_gmr_no_self_collision_seed_42_iter_1000_20260717T143245Z,737,8.237345674252138,236.34,0.40223556756973267,0.3661714494228363,0.16532912850379944,0.0832415223121643,0.39627331495285034,0.7875208854675293,3.519993782043457,9.803473472595215,0.007606505416333675,0.14635896682739258,3.3333334922790527,2.7083334922790527,0.0,13.041666984558105
No self collision,q2l4sxxn,2026-07-17_19-30-54_05_04_gmr_no_self_collision_seed_42_iter_1000_20260717T143245Z,738,7.227312107868492,207.51,0.40251678228378296,0.36738333106040955,0.16941320896148682,0.08495571464300156,0.4033939838409424,0.7951844930648804,3.580486297607422,9.911649703979492,0.007960041053593159,0.1477951854467392,2.7916667461395264,2.4166667461395264,0.0,13.416666984558105
No self collision,q2l4sxxn,2026-07-17_19-30-54_05_04_gmr_no_self_collision_seed_42_iter_1000_20260717T143245Z,739,8.861674600541592,249.59,0.4029170572757721,0.3576591908931732,0.16845214366912842,0.08468707650899887,0.4018356204032898,0.7924152612686157,3.542384624481201,9.848140716552734,0.006928708404302597,0.15718403458595276,3.0833334922790527,3.3333334922790527,0.0,13.583333969116211
No self collision,q2l4sxxn,2026-07-17_19-30-54_05_04_gmr_no_self_collision_seed_42_iter_1000_20260717T143245Z,740,7.893631972894073,227.27,0.4028903543949127,0.3465498685836792,0.1715686321258545,0.08498528599739075,0.3987424075603485,0.7809140682220459,3.5258471965789795,9.887956619262695,0.009070283733308315,0.13587543368339539,3.0416667461395264,3.1666667461395264,0.0,15.25
No self collision,q2l4sxxn,2026-07-17_19-30-54_05_04_gmr_no_self_collision_seed_42_iter_1000_20260717T143245Z,741,8.602295581251383,243.17,0.40277600288391113,0.3463917374610901,0.1676447093486786,0.08490365743637085,0.4013453722000122,0.79594486951828,3.565335750579834,9.927300453186035,0.008184166625142097,0.1336240917444229,3.5416667461395264,2.875,0.0,13.583333969116211
No self collision,q2l4sxxn,2026-07-17_19-30-54_05_04_gmr_no_self_collision_seed_42_iter_1000_20260717T143245Z,742,8.526764505654574,243.33,0.4030209183692932,0.3550119996070862,0.1719629466533661,0.08522315323352814,0.40467366576194763,0.797204852104187,3.588097333908081,9.941590309143066,0.008426296524703503,0.13468991219997406,2.7916667461395264,3.0416667461395264,0.0,14.958333969116211
No self collision,q2l4sxxn,2026-07-17_19-30-54_05_04_gmr_no_self_collision_seed_42_iter_1000_20260717T143245Z,743,8.813129658289254,245.3,0.40288570523262024,0.3556707799434662,0.17019538581371307,0.08440648019313812,0.3990849256515503,0.7923848032951355,3.543064594268799,9.91606616973877,0.007430369965732098,0.1323135793209076,3.5833334922790527,2.5833334922790527,0.0,15.208333969116211
No self collision,q2l4sxxn,2026-07-17_19-30-54_05_04_gmr_no_self_collision_seed_42_iter_1000_20260717T143245Z,744,8.591878106743097,241.82,0.4026933014392853,0.3486096262931824,0.17222699522972107,0.08426600694656372,0.395429790019989,0.7847873568534851,3.543654441833496,9.931413650512695,0.007331463508307934,0.14458388090133667,3.5416667461395264,2.5,0.0,12.708333969116211
No self collision,q2l4sxxn,2026-07-17_19-30-54_05_04_gmr_no_self_collision_seed_42_iter_1000_20260717T143245Z,745,8.432437866292894,238.67,0.4026961922645569,0.3605293035507202,0.17159268260002136,0.0851055383682251,0.4022354781627655,0.7843303084373474,3.528463125228882,9.868979454040527,0.006643957458436489,0.1373935043811798,3.25,2.5,0.0,12.291666984558105
No self collision,q2l4sxxn,2026-07-17_19-30-54_05_04_gmr_no_self_collision_seed_42_iter_1000_20260717T143245Z,746,8.20838197618723,235.77,0.4026826024055481,0.3551674783229828,0.16912758350372314,0.0852455124258995,0.4028491973876953,0.8015922904014587,3.5735526084899902,9.995489120483398,0.008295085281133652,0.13245245814323425,2.875,2.9583334922790527,0.0,11.916666984558105
No self collision,q2l4sxxn,2026-07-17_19-30-54_05_04_gmr_no_self_collision_seed_42_iter_1000_20260717T143245Z,747,8.072263647466897,224.19,0.4025851786136627,0.3521852493286133,0.17240270972251892,0.08512061834335327,0.4006738066673279,0.7885489463806152,3.5571513175964355,9.910595893859863,0.0073407902382314205,0.12028124928474426,2.875,2.8333334922790527,0.0,12.916666984558105
No self collision,q2l4sxxn,2026-07-17_19-30-54_05_04_gmr_no_self_collision_seed_42_iter_1000_20260717T143245Z,748,8.369591076821088,229.15,0.40267303586006165,0.34950321912765503,0.16806817054748535,0.08397257328033447,0.3973655104637146,0.7843286395072937,3.532897472381592,9.907096862792969,0.007308085449039936,0.12901854515075684,2.7083334922790527,2.5833334922790527,0.0,11.75
No self collision,q2l4sxxn,2026-07-17_19-30-54_05_04_gmr_no_self_collision_seed_42_iter_1000_20260717T143245Z,749,8.023808476421982,231.16,0.402779757976532,0.35816964507102966,0.17316046357154846,0.08510252088308334,0.40126848220825195,0.7894322276115417,3.553830146789551,9.935141563415527,0.007189889904111624,0.11864280700683594,3.3333334922790527,2.5833334922790527,0.0,14.041666984558105
No self collision,q2l4sxxn,2026-07-17_19-30-54_05_04_gmr_no_self_collision_seed_42_iter_1000_20260717T143245Z,750,8.485793508440256,243.66,0.4026944935321808,0.37089842557907104,0.16839352250099182,0.08410857617855072,0.3980379104614258,0.7870439291000366,3.5526623725891113,9.94913101196289,0.0076411692425608635,0.13189522922039032,3.3333334922790527,2.9583334922790527,0.0,12.541666984558105
No self collision,q2l4sxxn,2026-07-17_19-30-54_05_04_gmr_no_self_collision_seed_42_iter_1000_20260717T143245Z,751,7.8417828206717966,225.49,0.4026603102684021,0.3397807776927948,0.17541126906871796,0.08564599603414536,0.4053211808204651,0.7993777990341187,3.5898280143737793,9.97319221496582,0.00870062317699194,0.14691361784934998,2.875,2.625,0.0,12.833333969116211
No self collision,q2l4sxxn,2026-07-17_19-30-54_05_04_gmr_no_self_collision_seed_42_iter_1000_20260717T143245Z,752,8.182663714643567,232.61,0.40251949429512024,0.3431171178817749,0.16591911017894745,0.08304443955421448,0.39076757431030273,0.7669753432273865,3.5206360816955566,9.921314239501953,0.006952235475182533,0.1146835908293724,2.4166667461395264,2.4583334922790527,0.0,13.833333969116211
No self collision,q2l4sxxn,2026-07-17_19-30-54_05_04_gmr_no_self_collision_seed_42_iter_1000_20260717T143245Z,753,7.9771719506382945,226.59,0.40224045515060425,0.3547991216182709,0.16713055968284607,0.08303862810134888,0.39437031745910645,0.7883986234664917,3.5445313453674316,9.935301780700684,0.007750176824629307,0.12664788961410522,3.3333334922790527,2.2083334922790527,0.0,11.958333969116211
No self collision,q2l4sxxn,2026-07-17_19-30-54_05_04_gmr_no_self_collision_seed_42_iter_1000_20260717T143245Z,754,8.018896071016789,227.43,0.40194758772850037,0.35554802417755127,0.16253328323364258,0.08228400349617004,0.3874152600765228,0.7654075622558594,3.486466407775879,9.88427734375,0.007096314802765846,0.12217902392148972,3.5,3.0833334922790527,0.0,13.041666984558105
No self collision,q2l4sxxn,2026-07-17_19-30-54_05_04_gmr_no_self_collision_seed_42_iter_1000_20260717T143245Z,755,7.92578601129353,222.7,0.4021013081073761,0.3801661431789398,0.17024514079093933,0.0852462649345398,0.40068984031677246,0.8001605868339539,3.5662875175476074,9.924418449401855,0.008018901571631432,0.10924220085144043,3.25,3.0416667461395264,0.0,12.0
No self collision,q2l4sxxn,2026-07-17_19-30-54_05_04_gmr_no_self_collision_seed_42_iter_1000_20260717T143245Z,756,8.364922749251127,238.52,0.4021325707435608,0.36131852865219116,0.16889254748821259,0.08347640931606293,0.3947524428367615,0.7736648321151733,3.528475522994995,9.88131332397461,0.007460303604602814,0.13216161727905273,3.4166667461395264,2.5416667461395264,0.0,12.458333969116211
No self collision,q2l4sxxn,2026-07-17_19-30-54_05_04_gmr_no_self_collision_seed_42_iter_1000_20260717T143245Z,757,7.71209578207694,221.22,0.40213441848754883,0.3537271022796631,0.171018585562706,0.08377823233604431,0.39703473448753357,0.776573657989502,3.53205943107605,9.872169494628906,0.007453731261193752,0.11788582056760788,3.8333334922790527,2.0,0.0,12.791666984558105
No self collision,q2l4sxxn,2026-07-17_19-30-54_05_04_gmr_no_self_collision_seed_42_iter_1000_20260717T143245Z,758,8.762409333325923,253.57,0.4020406901836395,0.3765515685081482,0.1719541996717453,0.08450043201446533,0.40496861934661865,0.8032416105270386,3.5927062034606934,9.961248397827148,0.008156074211001396,0.13068479299545288,3.0416667461395264,2.0833334922790527,0.0,12.541666984558105
No self collision,q2l4sxxn,2026-07-17_19-30-54_05_04_gmr_no_self_collision_seed_42_iter_1000_20260717T143245Z,759,8.97500213444233,254.43,0.40194228291511536,0.3560771346092224,0.1674950122833252,0.08312259614467621,0.3918439745903015,0.7793967127799988,3.523970365524292,9.911685943603516,0.007336765062063932,0.12238224595785141,3.5,1.9166667461395264,0.0,11.791666984558105
No self collision,q2l4sxxn,2026-07-17_19-30-54_05_04_gmr_no_self_collision_seed_42_iter_1000_20260717T143245Z,760,8.199728484898806,238.01,0.40183302760124207,0.34870991110801697,0.16741327941417694,0.08298183977603912,0.3934013247489929,0.7663021087646484,3.5163276195526123,9.869241714477539,0.007549176923930645,0.12779094278812408,3.5,2.5,0.0,13.041666984558105
No self collision,q2l4sxxn,2026-07-17_19-30-54_05_04_gmr_no_self_collision_seed_42_iter_1000_20260717T143245Z,761,7.811313104406,223.14,0.40200313925743103,0.3636931777000427,0.16455486416816711,0.08422769606113434,0.3920358121395111,0.7837479114532471,3.529254674911499,9.926361083984375,0.007289119064807892,0.12594716250896454,3.5833334922790527,3.0416667461395264,0.0,13.625
No self collision,q2l4sxxn,2026-07-17_19-30-54_05_04_gmr_no_self_collision_seed_42_iter_1000_20260717T143245Z,762,7.273258205279708,207.55,0.4019796550273895,0.3497571349143982,0.17099039256572723,0.08407646417617798,0.3972332179546356,0.7825530767440796,3.561884880065918,9.939579010009766,0.007464820519089699,0.11766749620437622,2.6666667461395264,2.2083334922790527,0.0,11.5
No self collision,q2l4sxxn,2026-07-17_19-30-54_05_04_gmr_no_self_collision_seed_42_iter_1000_20260717T143245Z,763,8.203246888518333,235.26,0.4019196033477783,0.352484792470932,0.16600069403648376,0.08356066793203354,0.3946385383605957,0.7774229049682617,3.522387981414795,9.923905372619629,0.007621816359460354,0.14601470530033112,3.4583334922790527,2.2083334922790527,0.0,14.458333969116211
No self collision,q2l4sxxn,2026-07-17_19-30-54_05_04_gmr_no_self_collision_seed_42_iter_1000_20260717T143245Z,764,8.703875418007375,247.57,0.40199580788612366,0.34067589044570923,0.16918978095054626,0.08368109911680222,0.3946610391139984,0.7827390432357788,3.5348012447357178,9.929060935974121,0.007073959335684776,0.13166023790836334,4.083333492279053,2.5416667461395264,0.0,12.916666984558105
No self collision,q2l4sxxn,2026-07-17_19-30-54_05_04_gmr_no_self_collision_seed_42_iter_1000_20260717T143245Z,765,7.756054391413927,225.54,0.4020654857158661,0.35547739267349243,0.16702108085155487,0.08368059992790222,0.3959997594356537,0.788400411605835,3.5702991485595703,9.951359748840332,0.008059585466980934,0.13113828003406525,3.0,2.0,0.0,12.166666984558105
No self collision,q2l4sxxn,2026-07-17_19-30-54_05_04_gmr_no_self_collision_seed_42_iter_1000_20260717T143245Z,766,9.296923505887388,265.09,0.4021139144897461,0.35614213347435,0.17128872871398926,0.08411967754364014,0.39790838956832886,0.7900441884994507,3.550912857055664,9.890563011169434,0.0069019547663629055,0.13719765841960907,2.8333334922790527,2.0416667461395264,0.0,12.5
No self collision,q2l4sxxn,2026-07-17_19-30-54_05_04_gmr_no_self_collision_seed_42_iter_1000_20260717T143245Z,767,8.544839847385884,245.2,0.4022274315357208,0.35724902153015137,0.16814550757408142,0.0834730863571167,0.39173048734664917,0.7739798426628113,3.5219554901123047,9.920931816101074,0.006731628440320492,0.11878981441259384,3.75,2.2083334922790527,0.0,12.416666984558105
No self collision,q2l4sxxn,2026-07-17_19-30-54_05_04_gmr_no_self_collision_seed_42_iter_1000_20260717T143245Z,768,7.290574966445565,204.88,0.40224578976631165,0.3445136547088623,0.16842743754386902,0.08409266918897629,0.3961333632469177,0.7776594161987305,3.5209548473358154,9.925559043884277,0.0066926972940564156,0.11501672863960266,2.7916667461395264,2.5416667461395264,0.0,13.291666984558105
No self collision,q2l4sxxn,2026-07-17_19-30-54_05_04_gmr_no_self_collision_seed_42_iter_1000_20260717T143245Z,769,6.880226832665503,200.81,0.40224236249923706,0.34779083728790283,0.17132899165153503,0.0846092700958252,0.39668917655944824,0.791701078414917,3.5507431030273438,9.95089340209961,0.007051683962345123,0.12479129433631897,2.9583334922790527,2.7083334922790527,0.0,12.833333969116211
No self collision,q2l4sxxn,2026-07-17_19-30-54_05_04_gmr_no_self_collision_seed_42_iter_1000_20260717T143245Z,770,9.017201263979077,250.29,0.40207111835479736,0.3492427468299866,0.16892454028129578,0.08241252601146698,0.38968583941459656,0.7658948302268982,3.5143184661865234,9.883630752563477,0.00727313756942749,0.13403083384037018,3.4583334922790527,2.625,0.0,12.0
No self collision,q2l4sxxn,2026-07-17_19-30-54_05_04_gmr_no_self_collision_seed_42_iter_1000_20260717T143245Z,771,7.577862996086478,212.26,0.4019976556301117,0.3537944257259369,0.16831772029399872,0.08331125974655151,0.3918492794036865,0.7669445872306824,3.5143866539001465,9.861564636230469,0.0067422762513160706,0.1367841213941574,3.375,2.3333334922790527,0.0,12.541666984558105
No self collision,q2l4sxxn,2026-07-17_19-30-54_05_04_gmr_no_self_collision_seed_42_iter_1000_20260717T143245Z,772,7.390853543132543,208.34,0.40190431475639343,0.36001694202423096,0.16881930828094482,0.08508054912090302,0.3969499468803406,0.7837504744529724,3.5252575874328613,9.910786628723145,0.006883339490741491,0.13032209873199463,3.2916667461395264,2.25,0.0,13.416666984558105
No self collision,q2l4sxxn,2026-07-17_19-30-54_05_04_gmr_no_self_collision_seed_42_iter_1000_20260717T143245Z,773,7.431651438977569,209.49,0.40185222029685974,0.3490745425224304,0.1689327210187912,0.08371171355247498,0.39353618025779724,0.7783543467521667,3.532115936279297,9.98294734954834,0.007467944175004959,0.1337183266878128,2.875,2.7916667461395264,0.0,13.375
No self collision,q2l4sxxn,2026-07-17_19-30-54_05_04_gmr_no_self_collision_seed_42_iter_1000_20260717T143245Z,774,9.439760414287448,261.05,0.4018460810184479,0.3453872799873352,0.16477462649345398,0.08208893984556198,0.3875265121459961,0.7607531547546387,3.494345188140869,9.888957023620605,0.006442517042160034,0.11539721488952637,3.7083334922790527,2.0416667461395264,0.0,13.041666984558105
No self collision,q2l4sxxn,2026-07-17_19-30-54_05_04_gmr_no_self_collision_seed_42_iter_1000_20260717T143245Z,775,8.174945117961615,237.62,0.40187010169029236,0.3639269471168518,0.17332422733306885,0.08377441763877869,0.3991153836250305,0.7767228484153748,3.551924705505371,9.8833646774292,0.007117622997611761,0.12424953281879425,4.1666669845581055,2.375,0.0,12.125
No self collision,q2l4sxxn,2026-07-17_19-30-54_05_04_gmr_no_self_collision_seed_42_iter_1000_20260717T143245Z,776,8.446267038583755,233.7,0.40200257301330566,0.34958550333976746,0.1714801788330078,0.08354829996824265,0.3948448896408081,0.7780689001083374,3.540391445159912,9.927789688110352,0.00686305295675993,0.1312001794576645,3.875,2.0833334922790527,0.0,11.958333969116211
No self collision,q2l4sxxn,2026-07-17_19-30-54_05_04_gmr_no_self_collision_seed_42_iter_1000_20260717T143245Z,777,8.067129626814276,228.01,0.4022030830383301,0.3565720021724701,0.17161349952220917,0.083870530128479,0.3966955542564392,0.7800745964050293,3.5505824089050293,9.931404113769531,0.007259184028953314,0.1623307764530182,3.5416667461395264,2.2083334922790527,0.0,12.375
No self collision,q2l4sxxn,2026-07-17_19-30-54_05_04_gmr_no_self_collision_seed_42_iter_1000_20260717T143245Z,778,9.245872514694929,256.31,0.402490496635437,0.3547290563583374,0.16582506895065308,0.08390724658966064,0.39526113867759705,0.7769640684127808,3.513193130493164,9.899077415466309,0.006564343348145485,0.13449102640151978,3.2916667461395264,2.2916667461395264,0.0,12.291666984558105
No self collision,q2l4sxxn,2026-07-17_19-30-54_05_04_gmr_no_self_collision_seed_42_iter_1000_20260717T143245Z,779,8.054351454079152,225.19,0.4026167094707489,0.3445894718170166,0.1679275631904602,0.08339089155197144,0.39212697744369507,0.7718715071678162,3.511430263519287,9.930171966552734,0.0064802272245287895,0.14933276176452637,3.375,2.0833334922790527,0.0,13.208333969116211
No self collision,q2l4sxxn,2026-07-17_19-30-54_05_04_gmr_no_self_collision_seed_42_iter_1000_20260717T143245Z,780,7.902850803285837,228.63,0.4025588929653168,0.35749706625938416,0.1661093533039093,0.08344775438308716,0.39020419120788574,0.7725390195846558,3.5068259239196777,9.936700820922852,0.006851397454738617,0.14500537514686584,3.5,2.0833334922790527,0.0,12.291666984558105
No self collision,q2l4sxxn,2026-07-17_19-30-54_05_04_gmr_no_self_collision_seed_42_iter_1000_20260717T143245Z,781,9.104080396294593,257.39,0.40247803926467896,0.3602515161037445,0.1685725897550583,0.08323867619037628,0.3909651041030884,0.7727346420288086,3.521726131439209,9.91050910949707,0.006414591334760189,0.11931239068508148,4.083333492279053,2.75,0.0,12.958333969116211
No self collision,q2l4sxxn,2026-07-17_19-30-54_05_04_gmr_no_self_collision_seed_42_iter_1000_20260717T143245Z,782,7.915706105083228,218.27,0.4025590717792511,0.3500797748565674,0.16705189645290375,0.08316513895988464,0.39140981435775757,0.7785903811454773,3.5016589164733887,9.902315139770508,0.006765431724488735,0.13959529995918274,3.375,2.9166667461395264,0.0,13.833333969116211
No self collision,q2l4sxxn,2026-07-17_19-30-54_05_04_gmr_no_self_collision_seed_42_iter_1000_20260717T143245Z,783,7.488832638710737,211.62,0.40248095989227295,0.35644087195396423,0.17321322858333588,0.08560895174741745,0.40212389826774597,0.7972747683525085,3.5627331733703613,10.013593673706055,0.007566933985799551,0.14366406202316284,3.0416667461395264,2.125,0.0,13.166666984558105
No self collision,q2l4sxxn,2026-07-17_19-30-54_05_04_gmr_no_self_collision_seed_42_iter_1000_20260717T143245Z,784,8.436592148244381,235.17,0.40220504999160767,0.35359856486320496,0.1730193793773651,0.08485355973243713,0.3990590572357178,0.7988290190696716,3.5792551040649414,9.977195739746094,0.0068550012074410915,0.15730971097946167,2.875,2.3333334922790527,0.0,12.708333969116211
No self collision,q2l4sxxn,2026-07-17_19-30-54_05_04_gmr_no_self_collision_seed_42_iter_1000_20260717T143245Z,785,8.035791661143303,228.29,0.4021023213863373,0.35481661558151245,0.1656741201877594,0.08404960483312607,0.3938215672969818,0.7844014167785645,3.5159082412719727,10.003148078918457,0.007116768043488264,0.13246822357177734,3.5416667461395264,2.4166667461395264,0.0,13.041666984558105
No self collision,q2l4sxxn,2026-07-17_19-30-54_05_04_gmr_no_self_collision_seed_42_iter_1000_20260717T143245Z,786,7.937882959321141,223.17,0.40206101536750793,0.3510541617870331,0.16807672381401062,0.08472536504268646,0.39919400215148926,0.8038525581359863,3.565336227416992,10.007705688476562,0.007559481542557478,0.14962196350097656,3.25,2.5,0.0,12.541666984558105
No self collision,q2l4sxxn,2026-07-17_19-30-54_05_04_gmr_no_self_collision_seed_42_iter_1000_20260717T143245Z,787,9.32987015604973,253.58,0.40202394127845764,0.3436034619808197,0.17053043842315674,0.08395004272460938,0.3962029218673706,0.7766780257225037,3.537095546722412,9.954845428466797,0.006766870152205229,0.11755549907684326,3.4166667461395264,2.0416667461395264,0.0,13.5
No self collision,q2l4sxxn,2026-07-17_19-30-54_05_04_gmr_no_self_collision_seed_42_iter_1000_20260717T143245Z,788,8.050924827307462,232.46,0.40188834071159363,0.36063051223754883,0.1710623949766159,0.08421226590871811,0.3986084461212158,0.7935519218444824,3.5671520233154297,9.989492416381836,0.007141379173845053,0.14208990335464478,3.0416667461395264,2.0,0.0,11.875
No self collision,q2l4sxxn,2026-07-17_19-30-54_05_04_gmr_no_self_collision_seed_42_iter_1000_20260717T143245Z,789,8.471096790134906,242.35,0.40183502435684204,0.3675096035003662,0.16975760459899902,0.08243066072463989,0.3907461166381836,0.7723139524459839,3.517465114593506,9.952014923095703,0.00636711623519659,0.12727324664592743,3.7083334922790527,2.2083334922790527,0.0,13.208333969116211
No self collision,q2l4sxxn,2026-07-17_19-30-54_05_04_gmr_no_self_collision_seed_42_iter_1000_20260717T143245Z,790,7.8786245777457955,228.58,0.40197402238845825,0.3566166162490845,0.17174416780471802,0.08337157964706421,0.3959527611732483,0.7822291851043701,3.5440003871917725,9.987224578857422,0.007869194261729717,0.1442437767982483,3.8333334922790527,1.8333333730697632,0.0,13.041666984558105
No self collision,q2l4sxxn,2026-07-17_19-30-54_05_04_gmr_no_self_collision_seed_42_iter_1000_20260717T143245Z,791,8.203722130656242,231.68,0.40197840332984924,0.3494020700454712,0.16954541206359863,0.08318807929754257,0.39260298013687134,0.7777619361877441,3.5350351333618164,9.966760635375977,0.006717007607221603,0.14374396204948425,3.0833334922790527,2.2083334922790527,0.0,13.291666984558105
No self collision,q2l4sxxn,2026-07-17_19-30-54_05_04_gmr_no_self_collision_seed_42_iter_1000_20260717T143245Z,792,8.905199001729489,250.35,0.4019049406051636,0.3512295186519623,0.170937180519104,0.08358930051326752,0.39762648940086365,0.7764410972595215,3.5381698608398438,9.973892211914062,0.007310946471989155,0.13978664577007294,3.25,2.1666667461395264,0.0,13.166666984558105
No self collision,q2l4sxxn,2026-07-17_19-30-54_05_04_gmr_no_self_collision_seed_42_iter_1000_20260717T143245Z,793,8.21113829523325,232.65,0.4017970561981201,0.3551035523414612,0.1720699965953827,0.08520492166280746,0.3988446593284607,0.7855063676834106,3.549833297729492,9.984148025512695,0.008415371179580688,0.15802001953125,3.2083334922790527,2.375,0.0,12.75
No self collision,q2l4sxxn,2026-07-17_19-30-54_05_04_gmr_no_self_collision_seed_42_iter_1000_20260717T143245Z,794,8.009926985874772,223.71,0.4017583131790161,0.36004722118377686,0.1730971783399582,0.08259450644254684,0.39112478494644165,0.7657265067100525,3.5143914222717285,9.965789794921875,0.0068550994619727135,0.13107967376708984,3.75,2.5416667461395264,0.0,13.041666984558105
No self collision,q2l4sxxn,2026-07-17_19-30-54_05_04_gmr_no_self_collision_seed_42_iter_1000_20260717T143245Z,795,8.283074780851603,238.31,0.4019196629524231,0.3584221303462982,0.17062202095985413,0.0841699093580246,0.39562100172042847,0.7750031352043152,3.543370246887207,9.956904411315918,0.006964293774217367,0.13972501456737518,3.4583334922790527,2.8333334922790527,0.0,13.833333969116211
No self collision,q2l4sxxn,2026-07-17_19-30-54_05_04_gmr_no_self_collision_seed_42_iter_1000_20260717T143245Z,796,8.315865487158298,235.4,0.40176746249198914,0.3438947796821594,0.17260730266571045,0.08402176946401596,0.3969845771789551,0.7781758308410645,3.5710525512695312,10.039243698120117,0.008212743327021599,0.13055935502052307,3.375,2.1666667461395264,0.0,12.791666984558105
No self collision,q2l4sxxn,2026-07-17_19-30-54_05_04_gmr_no_self_collision_seed_42_iter_1000_20260717T143245Z,797,7.809703003503382,227.65,0.40179798007011414,0.3595287799835205,0.17083244025707245,0.0840258002281189,0.39326557517051697,0.7819191813468933,3.527143955230713,9.929366111755371,0.007165650837123394,0.1312721073627472,3.0833334922790527,2.4166667461395264,0.0,13.5
No self collision,q2l4sxxn,2026-07-17_19-30-54_05_04_gmr_no_self_collision_seed_42_iter_1000_20260717T143245Z,798,7.760174699351191,215.5,0.4019451439380646,0.332515686750412,0.16658425331115723,0.08238428831100464,0.38955867290496826,0.767995297908783,3.523836135864258,9.956439971923828,0.0071299439296126366,0.12958717346191406,3.5833334922790527,1.875,0.0,11.958333969116211
No self collision,q2l4sxxn,2026-07-17_19-30-54_05_04_gmr_no_self_collision_seed_42_iter_1000_20260717T143245Z,799,8.393026317358016,235.74,0.4016648232936859,0.3454520106315613,0.16811367869377136,0.08250011503696442,0.38956451416015625,0.7633220553398132,3.508881092071533,9.930908203125,0.007006922736763954,0.13259223103523254,3.5,1.9166667461395264,0.0,12.0
No self collision,q2l4sxxn,2026-07-17_19-30-54_05_04_gmr_no_self_collision_seed_42_iter_1000_20260717T143245Z,800,7.9375498323887586,224.94,0.4013344347476959,0.33664485812187195,0.16805677115917206,0.08309708535671234,0.390061616897583,0.7684371471405029,3.5072429180145264,9.919303894042969,0.00699446490034461,0.12853890657424927,3.7083334922790527,2.2083334922790527,0.0,12.583333969116211
No self collision,q2l4sxxn,2026-07-17_19-30-54_05_04_gmr_no_self_collision_seed_42_iter_1000_20260717T143245Z,801,8.182429238855839,235.58,0.4013189673423767,0.3479335904121399,0.16964995861053467,0.08259685337543488,0.38771507143974304,0.7624684572219849,3.4997756481170654,9.92882251739502,0.00699305534362793,0.14161406457424164,3.0833334922790527,2.875,0.0,12.791666984558105
No self collision,q2l4sxxn,2026-07-17_19-30-54_05_04_gmr_no_self_collision_seed_42_iter_1000_20260717T143245Z,802,8.679047813266516,244.68,0.4014115631580353,0.3545803725719452,0.17333945631980896,0.08323492109775543,0.3951030373573303,0.7710047960281372,3.5282704830169678,9.948799133300781,0.007865880616009235,0.12771913409233093,3.7916667461395264,2.3333334922790527,0.0,12.416666984558105
No self collision,q2l4sxxn,2026-07-17_19-30-54_05_04_gmr_no_self_collision_seed_42_iter_1000_20260717T143245Z,803,8.716980516668409,244.34,0.4014720320701599,0.35672491788864136,0.1663469672203064,0.0817388966679573,0.3870622515678406,0.7554547190666199,3.475994110107422,9.836429595947266,0.005957989953458309,0.13868509232997894,3.5,2.3333334922790527,0.0,12.208333969116211
No self collision,q2l4sxxn,2026-07-17_19-30-54_05_04_gmr_no_self_collision_seed_42_iter_1000_20260717T143245Z,804,8.100232674647122,228.36,0.4013446569442749,0.34593260288238525,0.17272433638572693,0.0828590989112854,0.3916793465614319,0.7782172560691833,3.530944347381592,9.90682601928711,0.006674112752079964,0.16420185565948486,2.625,2.9583334922790527,0.0,13.5
No self collision,q2l4sxxn,2026-07-17_19-30-54_05_04_gmr_no_self_collision_seed_42_iter_1000_20260717T143245Z,805,8.073391596823932,231.07,0.40145251154899597,0.3444004952907562,0.1713307946920395,0.08151553571224213,0.3860242962837219,0.7570796012878418,3.4929733276367188,9.920804977416992,0.00613549817353487,0.1368723213672638,3.75,2.0416667461395264,0.0,12.0
No self collision,q2l4sxxn,2026-07-17_19-30-54_05_04_gmr_no_self_collision_seed_42_iter_1000_20260717T143245Z,806,7.281433291882276,207.83,0.4015219211578369,0.3413845896720886,0.1736765205860138,0.08301840722560883,0.3929447531700134,0.7679579257965088,3.527874708175659,9.958202362060547,0.006824694108217955,0.14557777345180511,2.875,2.5,0.0,13.083333969116211
No self collision,q2l4sxxn,2026-07-17_19-30-54_05_04_gmr_no_self_collision_seed_42_iter_1000_20260717T143245Z,807,9.766773549653589,268.81,0.401465505361557,0.34037670493125916,0.17278850078582764,0.08296050876379013,0.39283132553100586,0.7760612964630127,3.5320651531219482,9.984720230102539,0.007239095866680145,0.13942839205265045,3.9583334922790527,2.25,0.0,12.583333969116211
No self collision,q2l4sxxn,2026-07-17_19-30-54_05_04_gmr_no_self_collision_seed_42_iter_1000_20260717T143245Z,808,7.391030454114079,208.64,0.40132924914360046,0.33364686369895935,0.17128753662109375,0.0837562307715416,0.3906700015068054,0.7719998359680176,3.5144641399383545,9.933798789978027,0.006539476104080677,0.14259207248687744,3.0833334922790527,2.4166667461395264,0.0,13.0
No self collision,q2l4sxxn,2026-07-17_19-30-54_05_04_gmr_no_self_collision_seed_42_iter_1000_20260717T143245Z,809,7.512754657305777,216.59,0.4014340043067932,0.34817013144493103,0.17525838315486908,0.08420927822589874,0.3952019214630127,0.7813189029693604,3.5370306968688965,9.993403434753418,0.008011670783162117,0.14256781339645386,3.0,2.375,0.0,13.125
No self collision,q2l4sxxn,2026-07-17_19-30-54_05_04_gmr_no_self_collision_seed_42_iter_1000_20260717T143245Z,810,8.155509966947138,231.76,0.4013557434082031,0.35109782218933105,0.1691899299621582,0.08233002573251724,0.3892136216163635,0.7661421298980713,3.519850492477417,9.939396858215332,0.006835579872131348,0.1430095136165619,3.1666667461395264,1.9583333730697632,0.0,12.375
No self collision,q2l4sxxn,2026-07-17_19-30-54_05_04_gmr_no_self_collision_seed_42_iter_1000_20260717T143245Z,811,9.246587805896997,255.41,0.4011511206626892,0.35884588956832886,0.16884860396385193,0.08114000409841537,0.38467341661453247,0.745235800743103,3.4819068908691406,9.881553649902344,0.007117302622646093,0.11448949575424194,3.5833334922790527,2.2916667461395264,0.0,11.416666984558105
No self collision,q2l4sxxn,2026-07-17_19-30-54_05_04_gmr_no_self_collision_seed_42_iter_1000_20260717T143245Z,812,9.09983898639679,253.38,0.40086278319358826,0.3397985100746155,0.16866612434387207,0.08183486014604568,0.3888908326625824,0.7563265562057495,3.4966208934783936,9.893758773803711,0.0071448772214353085,0.15004217624664307,3.5833334922790527,1.8333333730697632,0.0,11.833333969116211
No self collision,q2l4sxxn,2026-07-17_19-30-54_05_04_gmr_no_self_collision_seed_42_iter_1000_20260717T143245Z,813,7.748767982125282,222.55,0.4006968140602112,0.35230013728141785,0.17018413543701172,0.0828564241528511,0.3907400369644165,0.7698823809623718,3.5099074840545654,9.903636932373047,0.006675878074020147,0.14990243315696716,3.5,3.0833334922790527,0.0,11.791666984558105
No self collision,q2l4sxxn,2026-07-17_19-30-54_05_04_gmr_no_self_collision_seed_42_iter_1000_20260717T143245Z,814,8.707066251263022,241.9,0.4006368815898895,0.341598242521286,0.17195086181163788,0.08340947329998016,0.3910454213619232,0.7711507678031921,3.5205609798431396,9.970741271972656,0.007607072591781616,0.13676369190216064,3.5,2.6666667461395264,0.0,12.166666984558105
No self collision,q2l4sxxn,2026-07-17_19-30-54_05_04_gmr_no_self_collision_seed_42_iter_1000_20260717T143245Z,815,8.813473531231285,249.11,0.4005928039550781,0.3360757529735565,0.1747422069311142,0.0832764133810997,0.390419602394104,0.7539340257644653,3.509190320968628,9.909318923950195,0.006570811383426189,0.1304394006729126,4.2916669845581055,2.375,0.0,12.375
No self collision,q2l4sxxn,2026-07-17_19-30-54_05_04_gmr_no_self_collision_seed_42_iter_1000_20260717T143245Z,816,8.00604970447719,228.27,0.40080058574676514,0.335827112197876,0.1731848567724228,0.08296124637126923,0.3912088871002197,0.758979320526123,3.530970573425293,9.967608451843262,0.007026455365121365,0.1344512701034546,3.625,2.25,0.0,11.916666984558105
No self collision,q2l4sxxn,2026-07-17_19-30-54_05_04_gmr_no_self_collision_seed_42_iter_1000_20260717T143245Z,817,7.849899058528244,220.6,0.400898277759552,0.34403371810913086,0.17189300060272217,0.08354616165161133,0.39001697301864624,0.7725980281829834,3.5249810218811035,9.929363250732422,0.007851137779653072,0.15363416075706482,3.0,2.25,0.0,11.875
No self collision,q2l4sxxn,2026-07-17_19-30-54_05_04_gmr_no_self_collision_seed_42_iter_1000_20260717T143245Z,818,8.83329747915268,244.64,0.4008449614048004,0.3299946188926697,0.17123393714427948,0.08287074416875839,0.3881090581417084,0.7665640711784363,3.510347843170166,9.907281875610352,0.007307111751288176,0.12230642139911652,3.4583334922790527,2.3333334922790527,0.0,12.375
No self collision,q2l4sxxn,2026-07-17_19-30-54_05_04_gmr_no_self_collision_seed_42_iter_1000_20260717T143245Z,819,9.051686906069516,250.88,0.40077897906303406,0.34995055198669434,0.16985386610031128,0.08179497718811035,0.388476699590683,0.7651492357254028,3.516660451889038,9.934348106384277,0.007501564454287291,0.1278466433286667,3.3333334922790527,1.75,0.0,12.291666984558105
No self collision,q2l4sxxn,2026-07-17_19-30-54_05_04_gmr_no_self_collision_seed_42_iter_1000_20260717T143245Z,820,8.403819531612099,237.81,0.4005223512649536,0.3391353487968445,0.16813556849956512,0.08167753368616104,0.38441747426986694,0.7532182931900024,3.474536418914795,9.834070205688477,0.00712455902248621,0.1303112953901291,3.4166667461395264,2.0833334922790527,0.0,11.0
No self collision,q2l4sxxn,2026-07-17_19-30-54_05_04_gmr_no_self_collision_seed_42_iter_1000_20260717T143245Z,821,9.56615803450346,267.92,0.4003829061985016,0.33193203806877136,0.17096742987632751,0.08193688839673996,0.3832172155380249,0.7525884509086609,3.475174903869629,9.84945297241211,0.007184457033872604,0.14892737567424774,3.5833334922790527,2.375,0.0,12.25
No self collision,q2l4sxxn,2026-07-17_19-30-54_05_04_gmr_no_self_collision_seed_42_iter_1000_20260717T143245Z,822,9.54487666176632,260.45,0.40046679973602295,0.3459314703941345,0.1641591191291809,0.08100656419992447,0.3820572793483734,0.7529834508895874,3.4449594020843506,9.828657150268555,0.006653448101133108,0.12596395611763,3.625,2.2916667461395264,0.0,11.791666984558105
No self collision,q2l4sxxn,2026-07-17_19-30-54_05_04_gmr_no_self_collision_seed_42_iter_1000_20260717T143245Z,823,9.44938395768404,263.39,0.4004064202308655,0.3552950322628021,0.1705063432455063,0.08276640623807907,0.38713204860687256,0.7664752006530762,3.48691463470459,9.881985664367676,0.007433953694999218,0.1426827609539032,4.375,2.0416667461395264,0.0,12.125
No self collision,q2l4sxxn,2026-07-17_19-30-54_05_04_gmr_no_self_collision_seed_42_iter_1000_20260717T143245Z,824,9.546715061590076,264.6,0.40043675899505615,0.3493655323982239,0.16788004338741302,0.08142510056495667,0.3819866180419922,0.7609459757804871,3.4693660736083984,9.853096008300781,0.007364809047430754,0.13514107465744019,3.7916667461395264,1.9583333730697632,0.0,10.958333969116211
No self collision,q2l4sxxn,2026-07-17_19-30-54_05_04_gmr_no_self_collision_seed_42_iter_1000_20260717T143245Z,825,10.08535595715046,284.49,0.4004737436771393,0.36031240224838257,0.16863125562667847,0.08176209777593613,0.3847477436065674,0.7636837959289551,3.479857921600342,9.818641662597656,0.006708115339279175,0.15681032836437225,4.083333492279053,2.5416667461395264,0.0,11.208333969116211
No self collision,q2l4sxxn,2026-07-17_19-30-54_05_04_gmr_no_self_collision_seed_42_iter_1000_20260717T143245Z,826,8.806236282885074,246.43,0.4001888930797577,0.3475916385650635,0.16906893253326416,0.08326317369937897,0.3897230625152588,0.7666786909103394,3.51926326751709,9.914129257202148,0.007400589995086193,0.13950493931770325,3.75,2.375,0.0,10.791666984558105
No self collision,q2l4sxxn,2026-07-17_19-30-54_05_04_gmr_no_self_collision_seed_42_iter_1000_20260717T143245Z,827,9.747313955575228,271.24,0.40030092000961304,0.3616783618927002,0.17475950717926025,0.08352028578519821,0.3907598853111267,0.7787445783615112,3.5119786262512207,9.913837432861328,0.007934082299470901,0.1334008276462555,3.2916667461395264,3.0833334922790527,0.0,12.166666984558105
No self collision,q2l4sxxn,2026-07-17_19-30-54_05_04_gmr_no_self_collision_seed_42_iter_1000_20260717T143245Z,828,8.369664107859135,230.39,0.40028560161590576,0.3465079665184021,0.1713237166404724,0.08188138902187347,0.38500556349754333,0.7615745067596436,3.4961230754852295,9.909255027770996,0.006314828060567379,0.13935449719429016,3.5833334922790527,2.3333334922790527,0.0,9.875
No self collision,q2l4sxxn,2026-07-17_19-30-54_05_04_gmr_no_self_collision_seed_42_iter_1000_20260717T143245Z,829,8.671479906886816,238.09,0.40029022097587585,0.3455061912536621,0.17177897691726685,0.08221069723367691,0.3861582279205322,0.7567862272262573,3.492318630218506,9.839902877807617,0.007953716441988945,0.14034146070480347,3.8333334922790527,2.0,0.0,10.541666984558105
No self collision,q2l4sxxn,2026-07-17_19-30-54_05_04_gmr_no_self_collision_seed_42_iter_1000_20260717T143245Z,830,9.165110398828983,255.88,0.4003445506095886,0.3563421964645386,0.16585305333137512,0.08079271018505096,0.3796702027320862,0.7509939670562744,3.454594373703003,9.794147491455078,0.006552569102495909,0.14360712468624115,3.625,2.4166667461395264,0.0,10.875
No self collision,q2l4sxxn,2026-07-17_19-30-54_05_04_gmr_no_self_collision_seed_42_iter_1000_20260717T143245Z,831,9.3453405675292,258.47,0.40040066838264465,0.3609045445919037,0.16823939979076385,0.0818643867969513,0.38404130935668945,0.7589831352233887,3.4963748455047607,9.872201919555664,0.006478237919509411,0.14414560794830322,3.7916667461395264,1.9583333730697632,0.0,11.333333969116211
No self collision,q2l4sxxn,2026-07-17_19-30-54_05_04_gmr_no_self_collision_seed_42_iter_1000_20260717T143245Z,832,9.022263514883816,250.41,0.40053558349609375,0.35469168424606323,0.17035293579101562,0.0818777084350586,0.3855934739112854,0.7646090984344482,3.5183706283569336,9.898248672485352,0.007821258157491684,0.12401178479194641,3.125,2.5,0.0,10.791666984558105
No self collision,q2l4sxxn,2026-07-17_19-30-54_05_04_gmr_no_self_collision_seed_42_iter_1000_20260717T143245Z,833,8.509995903745294,239.96,0.4006478190422058,0.3433101773262024,0.17125245928764343,0.08324713259935379,0.39094278216362,0.7758700251579285,3.523077964782715,9.884300231933594,0.00705123832449317,0.14403727650642395,3.625,2.625,0.0,10.958333969116211
No self collision,q2l4sxxn,2026-07-17_19-30-54_05_04_gmr_no_self_collision_seed_42_iter_1000_20260717T143245Z,834,8.764924987442791,246.25,0.40066954493522644,0.35154613852500916,0.16646572947502136,0.08144770562648773,0.3808867931365967,0.7573968172073364,3.4733409881591797,9.883981704711914,0.006863498128950596,0.12940941751003265,3.8333334922790527,2.0416667461395264,0.0,11.833333969116211
No self collision,q2l4sxxn,2026-07-17_19-30-54_05_04_gmr_no_self_collision_seed_42_iter_1000_20260717T143245Z,835,8.523771969713271,238.12,0.4006118178367615,0.3591361939907074,0.17417675256729126,0.0832265242934227,0.3908126950263977,0.7831639051437378,3.5413427352905273,9.934913635253906,0.0072151366621255875,0.14752137660980225,4.0,2.0416667461395264,0.0,12.25
No self collision,q2l4sxxn,2026-07-17_19-30-54_05_04_gmr_no_self_collision_seed_42_iter_1000_20260717T143245Z,836,9.683498060517014,264.86,0.4008190929889679,0.3558942675590515,0.16529959440231323,0.07981228828430176,0.3789684474468231,0.7487947344779968,3.4578585624694824,9.808281898498535,0.00635937973856926,0.13510636985301971,4.1666669845581055,2.1666667461395264,0.0,12.166666984558105
No self collision,q2l4sxxn,2026-07-17_19-30-54_05_04_gmr_no_self_collision_seed_42_iter_1000_20260717T143245Z,837,8.509550095796586,232.02,0.40088680386543274,0.3560289144515991,0.16362318396568298,0.08166800439357758,0.3805733919143677,0.7558093070983887,3.4589171409606934,9.778064727783203,0.006400039419531822,0.12952831387519836,3.4583334922790527,2.0416667461395264,0.0,11.625
No self collision,q2l4sxxn,2026-07-17_19-30-54_05_04_gmr_no_self_collision_seed_42_iter_1000_20260717T143245Z,838,7.194139905869961,204.78,0.4009707570075989,0.3506318926811218,0.17046186327934265,0.08358317613601685,0.3902742862701416,0.7868866920471191,3.553506851196289,9.961099624633789,0.007441426627337933,0.16684088110923767,3.5833334922790527,2.4583334922790527,0.0,11.916666984558105
No self collision,q2l4sxxn,2026-07-17_19-30-54_05_04_gmr_no_self_collision_seed_42_iter_1000_20260717T143245Z,839,10.077933590710163,278.2,0.40119415521621704,0.3550066351890564,0.17010295391082764,0.08290500938892365,0.3839098811149597,0.7535054683685303,3.4801528453826904,9.869954109191895,0.007763572037220001,0.13626110553741455,4.333333492279053,3.5,0.0,11.125
No self collision,q2l4sxxn,2026-07-17_19-30-54_05_04_gmr_no_self_collision_seed_42_iter_1000_20260717T143245Z,840,8.016688589602708,217.88,0.4010499119758606,0.3391410708427429,0.16562961041927338,0.0811450183391571,0.3780602812767029,0.74786376953125,3.442838430404663,9.818473815917969,0.0061905840411782265,0.1385362595319748,3.4166667461395264,2.0833334922790527,0.0,10.125
No self collision,q2l4sxxn,2026-07-17_19-30-54_05_04_gmr_no_self_collision_seed_42_iter_1000_20260717T143245Z,841,8.762785979956389,244.2,0.4009893536567688,0.3476463258266449,0.1647873967885971,0.08086344599723816,0.37778085470199585,0.7419053912162781,3.455174207687378,9.8065185546875,0.007171113044023514,0.14877299964427948,3.9166667461395264,2.5416667461395264,0.0,10.875
No self collision,q2l4sxxn,2026-07-17_19-30-54_05_04_gmr_no_self_collision_seed_42_iter_1000_20260717T143245Z,842,7.840629638582468,217.79,0.4009268283843994,0.3288193345069885,0.1721714735031128,0.08186007291078568,0.38432836532592773,0.7601895332336426,3.5113494396209717,9.884631156921387,0.006879694759845734,0.15316171944141388,3.5,2.0,0.0,11.75
No self collision,q2l4sxxn,2026-07-17_19-30-54_05_04_gmr_no_self_collision_seed_42_iter_1000_20260717T143245Z,843,8.560279570892453,241.57,0.4007098376750946,0.34840452671051025,0.16839322447776794,0.08216509968042374,0.38352692127227783,0.7603278160095215,3.5134682655334473,9.918017387390137,0.007437604479491711,0.1416185349225998,3.9583334922790527,2.9583334922790527,0.0,11.291666984558105
No self collision,q2l4sxxn,2026-07-17_19-30-54_05_04_gmr_no_self_collision_seed_42_iter_1000_20260717T143245Z,844,8.707886191960425,239.34,0.4008896052837372,0.3436146676540375,0.1633097529411316,0.08039942383766174,0.37836194038391113,0.7452454566955566,3.4651477336883545,9.84726333618164,0.006681294180452824,0.14499101042747498,4.375,1.9583333730697632,0.0,10.916666984558105
No self collision,q2l4sxxn,2026-07-17_19-30-54_05_04_gmr_no_self_collision_seed_42_iter_1000_20260717T143245Z,845,8.001639369428158,229.14,0.40098974108695984,0.3638177812099457,0.16919861733913422,0.08110199868679047,0.38235539197921753,0.7522339224815369,3.48591947555542,9.853626251220703,0.006528765894472599,0.14713028073310852,3.75,2.4166667461395264,0.0,10.958333969116211
No self collision,q2l4sxxn,2026-07-17_19-30-54_05_04_gmr_no_self_collision_seed_42_iter_1000_20260717T143245Z,846,9.957662181407214,284.33,0.4010412395000458,0.37589168548583984,0.1670193374156952,0.08140020817518234,0.38427186012268066,0.7668027877807617,3.4825761318206787,9.840700149536133,0.007177372928708792,0.13083115220069885,4.0,2.25,0.0,11.041666984558105
No self collision,q2l4sxxn,2026-07-17_19-30-54_05_04_gmr_no_self_collision_seed_42_iter_1000_20260717T143245Z,847,9.897298925369977,277.46,0.40115275979042053,0.3505263924598694,0.16211679577827454,0.08055118471384048,0.3765649199485779,0.7459564208984375,3.4546923637390137,9.892372131347656,0.006970986258238554,0.13589146733283997,3.5,2.375,0.0,10.5
No self collision,q2l4sxxn,2026-07-17_19-30-54_05_04_gmr_no_self_collision_seed_42_iter_1000_20260717T143245Z,848,9.695184199921787,272.03,0.4011968970298767,0.3607698082923889,0.16997429728507996,0.08119785785675049,0.38405463099479675,0.7653183341026306,3.5068957805633545,9.915765762329102,0.007232969161123037,0.14081963896751404,3.7916667461395264,2.25,0.0,10.083333969116211
No self collision,q2l4sxxn,2026-07-17_19-30-54_05_04_gmr_no_self_collision_seed_42_iter_1000_20260717T143245Z,849,9.492188063412904,259.99,0.4011850357055664,0.3398415446281433,0.17041656374931335,0.08232022821903229,0.3861214816570282,0.7752124667167664,3.532083034515381,9.938847541809082,0.007670189253985882,0.159698024392128,3.2916667461395264,2.1666667461395264,0.0,11.333333969116211
No self collision,q2l4sxxn,2026-07-17_19-30-54_05_04_gmr_no_self_collision_seed_42_iter_1000_20260717T143245Z,850,8.531706654429435,238.01,0.4008815288543701,0.3622501790523529,0.1659356653690338,0.08205988258123398,0.38162195682525635,0.772903323173523,3.4903202056884766,9.902353286743164,0.007216726895421743,0.15207159519195557,3.7083334922790527,2.7916667461395264,0.0,11.541666984558105
No self collision,q2l4sxxn,2026-07-17_19-30-54_05_04_gmr_no_self_collision_seed_42_iter_1000_20260717T143245Z,851,8.925592550411821,250.39,0.40083110332489014,0.36597856879234314,0.16242793202400208,0.08146896958351135,0.38090547919273376,0.7503268122673035,3.4678096771240234,9.863147735595703,0.006358868442475796,0.13123275339603424,4.208333492279053,2.3333334922790527,0.0,10.916666984558105
No self collision,q2l4sxxn,2026-07-17_19-30-54_05_04_gmr_no_self_collision_seed_42_iter_1000_20260717T143245Z,852,8.46311792228371,230.9,0.4008663594722748,0.3409688472747803,0.16921953856945038,0.08204614371061325,0.38434991240501404,0.7728656530380249,3.523164749145508,9.989051818847656,0.007794554345309734,0.13404782116413116,3.125,2.7916667461395264,0.0,12.166666984558105
No self collision,q2l4sxxn,2026-07-17_19-30-54_05_04_gmr_no_self_collision_seed_42_iter_1000_20260717T143245Z,853,8.618759536147117,241.0,0.40079841017723083,0.34079766273498535,0.16491767764091492,0.08099973201751709,0.37763625383377075,0.7536399364471436,3.4879679679870605,9.894664764404297,0.0065664625726640224,0.14973431825637817,2.7916667461395264,2.5,0.0,11.625
No self collision,q2l4sxxn,2026-07-17_19-30-54_05_04_gmr_no_self_collision_seed_42_iter_1000_20260717T143245Z,854,9.27967176258564,255.46,0.4009263813495636,0.35350579023361206,0.1700834035873413,0.08204250037670135,0.3849043846130371,0.7559332847595215,3.5116543769836426,9.884613037109375,0.00734260817989707,0.1284630298614502,4.375,2.2083334922790527,0.0,10.0
No self collision,q2l4sxxn,2026-07-17_19-30-54_05_04_gmr_no_self_collision_seed_42_iter_1000_20260717T143245Z,855,9.222951439321042,258.92,0.40106892585754395,0.33673426508903503,0.16885553300380707,0.08153769373893738,0.3838408887386322,0.7743039131164551,3.516578197479248,10.010992050170898,0.0063566486351192,0.13375428318977356,3.9583334922790527,2.2916667461395264,0.0,11.791666984558105
No self collision,q2l4sxxn,2026-07-17_19-30-54_05_04_gmr_no_self_collision_seed_42_iter_1000_20260717T143245Z,856,8.552003770321608,243.22,0.40112102031707764,0.34866225719451904,0.1700623482465744,0.08183494210243225,0.38475584983825684,0.7723032832145691,3.5131397247314453,9.957504272460938,0.00636244285851717,0.13536334037780762,4.125,2.4166667461395264,0.0,11.666666984558105
No self collision,q2l4sxxn,2026-07-17_19-30-54_05_04_gmr_no_self_collision_seed_42_iter_1000_20260717T143245Z,857,8.712442223504185,240.39,0.40100693702697754,0.3578833043575287,0.16758215427398682,0.0813988596200943,0.3828364610671997,0.7689222097396851,3.516552686691284,9.938642501831055,0.006875781342387199,0.15557515621185303,5.083333492279053,2.5416667461395264,0.0,11.375
No self collision,q2l4sxxn,2026-07-17_19-30-54_05_04_gmr_no_self_collision_seed_42_iter_1000_20260717T143245Z,858,9.723394783139229,265.93,0.4009707570075989,0.3360759913921356,0.16562268137931824,0.0807882696390152,0.377673864364624,0.7478525638580322,3.476976156234741,9.908953666687012,0.006905054207891226,0.13037210702896118,4.0416669845581055,1.9583333730697632,0.0,11.541666984558105
No self collision,q2l4sxxn,2026-07-17_19-30-54_05_04_gmr_no_self_collision_seed_42_iter_1000_20260717T143245Z,859,9.582815210446716,261.14,0.40070396661758423,0.34111306071281433,0.17057740688323975,0.08178888261318207,0.38345059752464294,0.7679159045219421,3.5048656463623047,9.931535720825195,0.007202112581580877,0.12673413753509521,4.458333492279053,2.0,0.0,12.208333969116211
No self collision,q2l4sxxn,2026-07-17_19-30-54_05_04_gmr_no_self_collision_seed_42_iter_1000_20260717T143245Z,860,8.317713850624859,233.22,0.4004332721233368,0.35083216428756714,0.17221210896968842,0.08215086907148361,0.3850812613964081,0.7814804911613464,3.5142269134521484,9.936946868896484,0.00663054920732975,0.1463281512260437,3.8333334922790527,1.75,0.0,12.166666984558105
No self collision,q2l4sxxn,2026-07-17_19-30-54_05_04_gmr_no_self_collision_seed_42_iter_1000_20260717T143245Z,861,7.969359739907086,228.59,0.4003915786743164,0.33987313508987427,0.1695004403591156,0.08231461048126221,0.391737699508667,0.7739074230194092,3.562436819076538,9.990915298461914,0.007473135367035866,0.15679264068603516,3.0833334922790527,2.1666667461395264,0.0,11.583333969116211
No self collision,q2l4sxxn,2026-07-17_19-30-54_05_04_gmr_no_self_collision_seed_42_iter_1000_20260717T143245Z,862,8.324955188818276,231.36,0.40029916167259216,0.34264516830444336,0.165456622838974,0.08136861026287079,0.38051867485046387,0.7605903148651123,3.497921943664551,9.931401252746582,0.006372877862304449,0.13469505310058594,3.5416667461395264,1.9583333730697632,0.0,11.375
No self collision,q2l4sxxn,2026-07-17_19-30-54_05_04_gmr_no_self_collision_seed_42_iter_1000_20260717T143245Z,863,10.151473620422184,278.36,0.40040990710258484,0.3636421859264374,0.1680053174495697,0.08121997117996216,0.38168883323669434,0.7573257684707642,3.4787869453430176,9.91804313659668,0.005803146865218878,0.12840156257152557,4.208333492279053,2.7083334922790527,0.0,10.791666984558105
No self collision,q2l4sxxn,2026-07-17_19-30-54_05_04_gmr_no_self_collision_seed_42_iter_1000_20260717T143245Z,864,9.83003980487585,273.27,0.4002768099308014,0.3596420884132385,0.16485312581062317,0.08078509569168091,0.3806546628475189,0.7480581998825073,3.488189220428467,9.878265380859375,0.006441826932132244,0.1384524255990982,3.9583334922790527,2.5833334922790527,0.0,11.916666984558105
No self collision,q2l4sxxn,2026-07-17_19-30-54_05_04_gmr_no_self_collision_seed_42_iter_1000_20260717T143245Z,865,8.660492727421223,242.67,0.40000125765800476,0.34796565771102905,0.170139342546463,0.08291501551866531,0.38798579573631287,0.769166111946106,3.510768413543701,9.97180461883545,0.006611953489482403,0.12998269498348236,3.375,3.1666667461395264,0.0,12.333333969116211
No self collision,q2l4sxxn,2026-07-17_19-30-54_05_04_gmr_no_self_collision_seed_42_iter_1000_20260717T143245Z,866,9.74047194749117,265.77,0.3999185264110565,0.35699233412742615,0.16276437044143677,0.08096130192279816,0.3815069794654846,0.749163806438446,3.486959934234619,9.891182899475098,0.0065226126462221146,0.14594851434230804,4.125,2.0833334922790527,0.0,11.208333969116211
No self collision,q2l4sxxn,2026-07-17_19-30-54_05_04_gmr_no_self_collision_seed_42_iter_1000_20260717T143245Z,867,9.107346333414316,251.93,0.3998229205608368,0.35158199071884155,0.16661205887794495,0.08086502552032471,0.3809417486190796,0.7700973749160767,3.505288600921631,9.908498764038086,0.00709190871566534,0.1601356863975525,3.7083334922790527,2.5,0.0,11.291666984558105
No self collision,q2l4sxxn,2026-07-17_19-30-54_05_04_gmr_no_self_collision_seed_42_iter_1000_20260717T143245Z,868,7.967945339269936,224.35,0.3997757136821747,0.35352635383605957,0.1690072864294052,0.08183789253234863,0.3849654793739319,0.7704672813415527,3.515127658843994,9.898544311523438,0.006570800207555294,0.1446976661682129,3.1666667461395264,2.625,0.0,11.291666984558105
No self collision,q2l4sxxn,2026-07-17_19-30-54_05_04_gmr_no_self_collision_seed_42_iter_1000_20260717T143245Z,869,9.091478495895863,253.55,0.3997932970523834,0.34256744384765625,0.1659023016691208,0.08146777004003525,0.38380008935928345,0.7560696601867676,3.4857497215270996,9.874279022216797,0.007527890615165234,0.12920111417770386,3.4166667461395264,2.125,0.0,11.083333969116211
No self collision,q2l4sxxn,2026-07-17_19-30-54_05_04_gmr_no_self_collision_seed_42_iter_1000_20260717T143245Z,870,9.307151749171316,255.57,0.39975136518478394,0.3396197259426117,0.16464731097221375,0.08022312819957733,0.376314640045166,0.7444118857383728,3.467379331588745,9.810480117797852,0.00608295202255249,0.14198718965053558,3.7083334922790527,2.75,0.0,10.0
No self collision,q2l4sxxn,2026-07-17_19-30-54_05_04_gmr_no_self_collision_seed_42_iter_1000_20260717T143245Z,871,7.965045494958758,219.81,0.39963188767433167,0.35083338618278503,0.16710808873176575,0.08093646168708801,0.37909409403800964,0.7504496574401855,3.4790759086608887,9.857789993286133,0.0063895611092448235,0.14750413596630096,4.375,2.4166667461395264,0.0,12.125
No self collision,q2l4sxxn,2026-07-17_19-30-54_05_04_gmr_no_self_collision_seed_42_iter_1000_20260717T143245Z,872,9.711075934916735,269.81,0.3995138704776764,0.360481858253479,0.16396677494049072,0.08102889358997345,0.3854869306087494,0.7606388330459595,3.497507095336914,9.869001388549805,0.006542695686221123,0.16033920645713806,4.0,2.4583334922790527,0.0,11.25
No self collision,q2l4sxxn,2026-07-17_19-30-54_05_04_gmr_no_self_collision_seed_42_iter_1000_20260717T143245Z,873,9.386409562528133,262.41,0.39940589666366577,0.35191792249679565,0.16606572270393372,0.07937043905258179,0.3753175437450409,0.7515420913696289,3.4618821144104004,9.899786949157715,0.006037152372300625,0.1401708573102951,3.8333334922790527,1.9166667461395264,0.0,12.333333969116211
No self collision,q2l4sxxn,2026-07-17_19-30-54_05_04_gmr_no_self_collision_seed_42_iter_1000_20260717T143245Z,874,7.767442384362221,220.43,0.3993303179740906,0.3362170159816742,0.16906557977199554,0.08156516402959824,0.38291919231414795,0.762764573097229,3.5247867107391357,9.966184616088867,0.00687108701094985,0.1604720801115036,2.875,2.7916667461395264,0.0,10.125
No self collision,q2l4sxxn,2026-07-17_19-30-54_05_04_gmr_no_self_collision_seed_42_iter_1000_20260717T143245Z,875,7.583853544741869,215.12,0.39914730191230774,0.3466746211051941,0.16575616598129272,0.08154121041297913,0.3817881941795349,0.7718994617462158,3.49823260307312,9.897799491882324,0.006064222194254398,0.15670421719551086,3.4166667461395264,2.6666667461395264,0.0,12.291666984558105
No self collision,q2l4sxxn,2026-07-17_19-30-54_05_04_gmr_no_self_collision_seed_42_iter_1000_20260717T143245Z,876,8.63587503010407,238.12,0.3989255726337433,0.35265931487083435,0.16929452121257782,0.0820811316370964,0.3795805871486664,0.7530137896537781,3.471168279647827,9.901138305664062,0.006451386027038097,0.14450755715370178,3.4583334922790527,2.5,0.0,11.333333969116211
No self collision,q2l4sxxn,2026-07-17_19-30-54_05_04_gmr_no_self_collision_seed_42_iter_1000_20260717T143245Z,877,9.616055897027254,263.1,0.3989078104496002,0.35876545310020447,0.1675315499305725,0.0815611183643341,0.3832401931285858,0.7690056562423706,3.519711971282959,9.949930191040039,0.007033830042928457,0.15020886063575745,3.625,2.2916667461395264,0.0,11.333333969116211
No self collision,q2l4sxxn,2026-07-17_19-30-54_05_04_gmr_no_self_collision_seed_42_iter_1000_20260717T143245Z,878,9.31696949288249,251.36,0.3993425965309143,0.34491461515426636,0.162489116191864,0.08002844452857971,0.3792669475078583,0.7475227117538452,3.4713122844696045,9.826309204101562,0.006231117993593216,0.16125378012657166,3.8333334922790527,2.5,0.0,10.75
No self collision,q2l4sxxn,2026-07-17_19-30-54_05_04_gmr_no_self_collision_seed_42_iter_1000_20260717T143245Z,879,10.318286711871623,282.31,0.39946088194847107,0.3391818404197693,0.17017757892608643,0.0822104662656784,0.38547414541244507,0.7673449516296387,3.524489402770996,9.966690063476562,0.006822146009653807,0.13995260000228882,3.375,2.125,0.0,10.75
No self collision,q2l4sxxn,2026-07-17_19-30-54_05_04_gmr_no_self_collision_seed_42_iter_1000_20260717T143245Z,880,9.254705201983452,251.69,0.3993608355522156,0.3447040915489197,0.1653212308883667,0.07986254245042801,0.378051221370697,0.7354270219802856,3.4591174125671387,9.86415958404541,0.006562165915966034,0.13139253854751587,4.0,1.625,0.0,11.291666984558105
No self collision,q2l4sxxn,2026-07-17_19-30-54_05_04_gmr_no_self_collision_seed_42_iter_1000_20260717T143245Z,881,8.63224192082882,244.37,0.39953652024269104,0.3551092743873596,0.16315127909183502,0.07962925732135773,0.37702926993370056,0.7399210333824158,3.474900960922241,9.873112678527832,0.006131583359092474,0.135450541973114,3.8333334922790527,2.7083334922790527,0.0,11.291666984558105
No self collision,q2l4sxxn,2026-07-17_19-30-54_05_04_gmr_no_self_collision_seed_42_iter_1000_20260717T143245Z,882,9.059309682697057,245.46,0.39973142743110657,0.3501282334327698,0.16379934549331665,0.08013935387134552,0.37662452459335327,0.7500615119934082,3.4953322410583496,9.925655364990234,0.00686449883505702,0.1271870732307434,3.5833334922790527,2.6666667461395264,0.0,11.791666984558105
No self collision,q2l4sxxn,2026-07-17_19-30-54_05_04_gmr_no_self_collision_seed_42_iter_1000_20260717T143245Z,883,8.918445339947938,246.69,0.3997272551059723,0.34421226382255554,0.17001228034496307,0.08201473206281662,0.3819539546966553,0.7578176259994507,3.5257411003112793,9.946493148803711,0.006470037158578634,0.1554533839225769,4.0416669845581055,2.125,0.0,11.125
No self collision,q2l4sxxn,2026-07-17_19-30-54_05_04_gmr_no_self_collision_seed_42_iter_1000_20260717T143245Z,884,8.264005141742528,224.79,0.3998297452926636,0.33713409304618835,0.16481366753578186,0.08081387728452682,0.38166794180870056,0.759196937084198,3.5289294719696045,9.96953010559082,0.0069092134945094585,0.13782739639282227,3.2916667461395264,2.25,0.0,10.875
No self collision,q2l4sxxn,2026-07-17_19-30-54_05_04_gmr_no_self_collision_seed_42_iter_1000_20260717T143245Z,885,10.247068592309951,283.55,0.3998556137084961,0.3567828834056854,0.1640225201845169,0.08042971789836884,0.3745126724243164,0.7471610307693481,3.447896957397461,9.876703262329102,0.005971705075353384,0.13517899811267853,4.25,2.0,0.0,10.166666984558105
No self collision,q2l4sxxn,2026-07-17_19-30-54_05_04_gmr_no_self_collision_seed_42_iter_1000_20260717T143245Z,886,8.727583110034466,243.88,0.39970099925994873,0.351756751537323,0.1637454628944397,0.08005770295858383,0.3767981231212616,0.7456724047660828,3.4538912773132324,9.842374801635742,0.0058148885145783424,0.13187268376350403,3.9583334922790527,2.1666667461395264,0.0,10.791666984558105
No self collision,q2l4sxxn,2026-07-17_19-30-54_05_04_gmr_no_self_collision_seed_42_iter_1000_20260717T143245Z,887,9.890026950538159,274.26,0.3997189700603485,0.36885279417037964,0.17005512118339539,0.08188888430595398,0.38098573684692383,0.7604626417160034,3.510469436645508,10.005697250366211,0.007208125665783882,0.12237634509801865,3.875,2.2083334922790527,0.0,11.625
No self collision,q2l4sxxn,2026-07-17_19-30-54_05_04_gmr_no_self_collision_seed_42_iter_1000_20260717T143245Z,888,9.39572706192732,266.09,0.39983752369880676,0.35930299758911133,0.16691528260707855,0.08007203787565231,0.3789547383785248,0.7485377192497253,3.478057861328125,9.900797843933105,0.006950377486646175,0.11694441735744476,3.7916667461395264,2.0,0.0,9.875
No self collision,q2l4sxxn,2026-07-17_19-30-54_05_04_gmr_no_self_collision_seed_42_iter_1000_20260717T143245Z,889,9.432476630955934,264.72,0.39999574422836304,0.35792025923728943,0.16151659190654755,0.0798698291182518,0.3764115273952484,0.7486209273338318,3.4629123210906982,9.881319999694824,0.007029458414763212,0.13197661936283112,4.125,2.5,0.0,10.583333969116211
No self collision,q2l4sxxn,2026-07-17_19-30-54_05_04_gmr_no_self_collision_seed_42_iter_1000_20260717T143245Z,890,9.982667254805564,272.56,0.4000611901283264,0.3616276979446411,0.16410385072231293,0.08065851032733917,0.38019460439682007,0.7548655271530151,3.490943431854248,9.895700454711914,0.007063291035592556,0.12707743048667908,3.875,2.625,0.0,10.708333969116211
No self collision,q2l4sxxn,2026-07-17_19-30-54_05_04_gmr_no_self_collision_seed_42_iter_1000_20260717T143245Z,891,8.695460908785462,247.12,0.39985793828964233,0.3564140200614929,0.1690327376127243,0.08115582913160324,0.3813210427761078,0.7502703070640564,3.483245372772217,9.885302543640137,0.007063767872750759,0.14207589626312256,3.375,2.5416667461395264,0.0,10.458333969116211
No self collision,q2l4sxxn,2026-07-17_19-30-54_05_04_gmr_no_self_collision_seed_42_iter_1000_20260717T143245Z,892,8.368764531873166,236.66,0.3998544216156006,0.3567465543746948,0.17058610916137695,0.08164707571268082,0.38405942916870117,0.7506966590881348,3.517272472381592,10.029972076416016,0.00754835270345211,0.11347697675228119,4.208333492279053,2.0,0.0,11.208333969116211
No self collision,q2l4sxxn,2026-07-17_19-30-54_05_04_gmr_no_self_collision_seed_42_iter_1000_20260717T143245Z,893,9.135000220574439,256.08,0.3994258940219879,0.3540421426296234,0.16632626950740814,0.08116141706705093,0.38023054599761963,0.7552700042724609,3.4934301376342773,9.969592094421387,0.008100952953100204,0.12790070474147797,4.583333492279053,2.25,0.0,11.458333969116211
No self collision,q2l4sxxn,2026-07-17_19-30-54_05_04_gmr_no_self_collision_seed_42_iter_1000_20260717T143245Z,894,8.728709307014942,239.89,0.3994474709033966,0.3546123504638672,0.16627341508865356,0.08168907463550568,0.383426308631897,0.7599328756332397,3.509824752807617,9.998272895812988,0.007499127648770809,0.13262999057769775,4.0416669845581055,2.5833334922790527,0.0,11.958333969116211
No self collision,q2l4sxxn,2026-07-17_19-30-54_05_04_gmr_no_self_collision_seed_42_iter_1000_20260717T143245Z,895,10.301633422151207,280.55,0.39930057525634766,0.33463090658187866,0.16275234520435333,0.07984393835067749,0.37489748001098633,0.7505249977111816,3.4660327434539795,9.962488174438477,0.008116287179291248,0.12465626001358032,3.2083334922790527,2.0416667461395264,0.0,11.25
No self collision,q2l4sxxn,2026-07-17_19-30-54_05_04_gmr_no_self_collision_seed_42_iter_1000_20260717T143245Z,896,8.183198685497045,227.17,0.3991488218307495,0.3522582948207855,0.16164948046207428,0.08021308481693268,0.37682008743286133,0.7471725344657898,3.4695444107055664,9.88726806640625,0.007545273285359144,0.13775886595249176,3.9583334922790527,2.0416667461395264,0.0,10.375
No self collision,q2l4sxxn,2026-07-17_19-30-54_05_04_gmr_no_self_collision_seed_42_iter_1000_20260717T143245Z,897,9.467981524430215,253.44,0.3990126848220825,0.33508405089378357,0.16441801190376282,0.07960950583219528,0.3784573972225189,0.7524069547653198,3.496720314025879,10.000383377075195,0.007706526201218367,0.13781264424324036,3.5833334922790527,1.875,0.0,10.25
No self collision,q2l4sxxn,2026-07-17_19-30-54_05_04_gmr_no_self_collision_seed_42_iter_1000_20260717T143245Z,898,8.965199759304523,241.29,0.3989602029323578,0.3395622670650482,0.16788922250270844,0.08049704134464264,0.37944304943084717,0.744409441947937,3.491196393966675,9.918715476989746,0.006724689155817032,0.12147332727909088,4.083333492279053,2.6666667461395264,0.0,12.875
No self collision,q2l4sxxn,2026-07-17_19-30-54_05_04_gmr_no_self_collision_seed_42_iter_1000_20260717T143245Z,899,9.101609325613827,250.39,0.39899083971977234,0.329470694065094,0.1670282483100891,0.08080212771892548,0.3818266987800598,0.749036431312561,3.5049045085906982,9.995012283325195,0.008119598031044006,0.1250975877046585,3.5833334922790527,2.25,0.0,10.5
No self collision,q2l4sxxn,2026-07-17_19-30-54_05_04_gmr_no_self_collision_seed_42_iter_1000_20260717T143245Z,900,9.203398285210133,258.84,0.3989657163619995,0.348280668258667,0.16721752285957336,0.0810253843665123,0.3807033896446228,0.7591204643249512,3.496438980102539,9.94127082824707,0.0075206514447927475,0.13226689398288727,4.0,2.1666667461395264,0.0,12.0
No self collision,q2l4sxxn,2026-07-17_19-30-54_05_04_gmr_no_self_collision_seed_42_iter_1000_20260717T143245Z,901,8.41179898351431,235.24,0.39904552698135376,0.33351045846939087,0.16220685839653015,0.07983759045600891,0.3754116892814636,0.7465640902519226,3.48651385307312,9.9470796585083,0.007431339472532272,0.13205762207508087,3.7083334922790527,2.2916667461395264,0.0,11.125
No self collision,q2l4sxxn,2026-07-17_19-30-54_05_04_gmr_no_self_collision_seed_42_iter_1000_20260717T143245Z,902,7.673117018118501,213.65,0.3990473747253418,0.35036206245422363,0.16543763875961304,0.07998578250408173,0.38130730390548706,0.7578462958335876,3.5217533111572266,9.943864822387695,0.006819333881139755,0.12533380091190338,3.875,2.5833334922790527,0.0,11.75
No self collision,q2l4sxxn,2026-07-17_19-30-54_05_04_gmr_no_self_collision_seed_42_iter_1000_20260717T143245Z,903,9.29595046877861,259.24,0.39894944429397583,0.35123762488365173,0.16172602772712708,0.0792178362607956,0.37230750918388367,0.7381173968315125,3.4572970867156982,9.927238464355469,0.006732665002346039,0.11306603252887726,4.75,2.4166667461395264,0.0,11.208333969116211
No self collision,q2l4sxxn,2026-07-17_19-30-54_05_04_gmr_no_self_collision_seed_42_iter_1000_20260717T143245Z,904,8.88008638266474,243.36,0.39891675114631653,0.3544761836528778,0.16276317834854126,0.0796780213713646,0.3782157897949219,0.7572760581970215,3.4920718669891357,9.936820030212402,0.007381444331258535,0.11985072493553162,3.25,2.0833334922790527,0.0,11.208333969116211
No self collision,q2l4sxxn,2026-07-17_19-30-54_05_04_gmr_no_self_collision_seed_42_iter_1000_20260717T143245Z,905,9.332567594498396,259.99,0.39877015352249146,0.3431691527366638,0.16602826118469238,0.08089300990104675,0.37962043285369873,0.7563669085502625,3.490232467651367,9.921697616577148,0.007689625024795532,0.13647562265396118,4.0416669845581055,2.5,0.0,11.625
No self collision,q2l4sxxn,2026-07-17_19-30-54_05_04_gmr_no_self_collision_seed_42_iter_1000_20260717T143245Z,906,9.475923607423901,259.05,0.3987683653831482,0.35187554359436035,0.16422635316848755,0.07995767891407013,0.37613368034362793,0.7480713725090027,3.4627768993377686,9.902128219604492,0.006803923286497593,0.11957252025604248,4.2916669845581055,2.375,0.0,10.916666984558105
No self collision,q2l4sxxn,2026-07-17_19-30-54_05_04_gmr_no_self_collision_seed_42_iter_1000_20260717T143245Z,907,8.824608657844365,245.07,0.3987434208393097,0.35241270065307617,0.16740640997886658,0.08087930083274841,0.3819679617881775,0.7466497421264648,3.4814822673797607,9.888385772705078,0.007524408400058746,0.12747681140899658,3.7083334922790527,2.3333334922790527,0.0,11.416666984558105
No self collision,q2l4sxxn,2026-07-17_19-30-54_05_04_gmr_no_self_collision_seed_42_iter_1000_20260717T143245Z,908,9.731320067495108,271.62,0.3988263010978699,0.3559000492095947,0.16679903864860535,0.0795973688364029,0.37928634881973267,0.7597633600234985,3.492562770843506,9.926138877868652,0.007078890688717365,0.12812958657741547,3.7916667461395264,1.875,0.0,11.291666984558105
No self collision,q2l4sxxn,2026-07-17_19-30-54_05_04_gmr_no_self_collision_seed_42_iter_1000_20260717T143245Z,909,9.818426060080528,267.26,0.3987129032611847,0.34485265612602234,0.1649254411458969,0.07963605225086212,0.3740954101085663,0.7482070922851562,3.4455695152282715,9.877595901489258,0.006905352231115103,0.11568616330623627,3.1666667461395264,1.625,0.0,9.583333969116211
No self collision,q2l4sxxn,2026-07-17_19-30-54_05_04_gmr_no_self_collision_seed_42_iter_1000_20260717T143245Z,910,9.221982713639736,255.25,0.39854392409324646,0.3506629168987274,0.16341060400009155,0.07962867617607117,0.37460824847221375,0.749582052230835,3.483358383178711,9.928438186645508,0.007468037307262421,0.11128179728984833,3.6666667461395264,2.0,0.0,10.0
No self collision,q2l4sxxn,2026-07-17_19-30-54_05_04_gmr_no_self_collision_seed_42_iter_1000_20260717T143245Z,911,9.225601689293981,254.3,0.3984866142272949,0.3474655747413635,0.16674582660198212,0.07967273890972137,0.3732374608516693,0.7370087504386902,3.4526023864746094,9.905596733093262,0.007858900353312492,0.1080673560500145,3.7916667461395264,2.1666667461395264,0.0,11.833333969116211
No self collision,q2l4sxxn,2026-07-17_19-30-54_05_04_gmr_no_self_collision_seed_42_iter_1000_20260717T143245Z,912,9.132624956667422,247.71,0.3983718156814575,0.3420853018760681,0.16139808297157288,0.0781947672367096,0.37146425247192383,0.7317720651626587,3.4543309211730957,9.87067985534668,0.007170666009187698,0.11741923540830612,3.125,2.8333334922790527,0.0,11.208333969116211
No self collision,q2l4sxxn,2026-07-17_19-30-54_05_04_gmr_no_self_collision_seed_42_iter_1000_20260717T143245Z,913,10.048939562365412,275.03,0.3982657790184021,0.3446810245513916,0.16354887187480927,0.08074348419904709,0.37951382994651794,0.7600339651107788,3.5004324913024902,9.965641021728516,0.007856285199522972,0.13095645606517792,4.2916669845581055,2.0833334922790527,0.0,11.958333969116211
No self collision,q2l4sxxn,2026-07-17_19-30-54_05_04_gmr_no_self_collision_seed_42_iter_1000_20260717T143245Z,914,9.233645999059082,246.31,0.3980448842048645,0.3476317822933197,0.16389590501785278,0.07855667173862457,0.37278303503990173,0.7338384985923767,3.446810483932495,9.836716651916504,0.0068108453415334225,0.11449404060840607,4.583333492279053,2.2916667461395264,0.0416666679084301,10.541666984558105
No self collision,q2l4sxxn,2026-07-17_19-30-54_05_04_gmr_no_self_collision_seed_42_iter_1000_20260717T143245Z,915,9.161569456085562,251.36,0.3981820344924927,0.34309685230255127,0.16275426745414734,0.07954449951648712,0.3761073052883148,0.7449060678482056,3.4669690132141113,9.903558731079102,0.007932379841804504,0.12516164779663086,3.625,2.375,0.0,11.291666984558105
No self collision,q2l4sxxn,2026-07-17_19-30-54_05_04_gmr_no_self_collision_seed_42_iter_1000_20260717T143245Z,916,9.220084458738565,257.15,0.3981708288192749,0.3514576852321625,0.16322478652000427,0.0791412815451622,0.37219366431236267,0.7362217307090759,3.453674793243408,9.849325180053711,0.006103746592998505,0.10867112129926682,3.625,2.1666667461395264,0.0,10.583333969116211
No self collision,q2l4sxxn,2026-07-17_19-30-54_05_04_gmr_no_self_collision_seed_42_iter_1000_20260717T143245Z,917,9.7718207616359,265.08,0.397850900888443,0.3353550434112549,0.16520008444786072,0.08058465272188187,0.3781946897506714,0.7529655694961548,3.478135108947754,9.983797073364258,0.007813605479896069,0.1316995471715927,3.875,2.9166667461395264,0.0,10.833333969116211
No self collision,q2l4sxxn,2026-07-17_19-30-54_05_04_gmr_no_self_collision_seed_42_iter_1000_20260717T143245Z,918,8.821147374361754,241.14,0.39785662293434143,0.35160744190216064,0.16733229160308838,0.08022487908601761,0.37824803590774536,0.7512959241867065,3.482553482055664,9.88717269897461,0.007531811948865652,0.13763117790222168,3.4166667461395264,2.0833334922790527,0.0416666679084301,10.5
No self collision,q2l4sxxn,2026-07-17_19-30-54_05_04_gmr_no_self_collision_seed_42_iter_1000_20260717T143245Z,919,9.996109430789948,270.18,0.39777958393096924,0.33990105986595154,0.16454432904720306,0.07867460697889328,0.36987781524658203,0.7166549563407898,3.4151456356048584,9.812368392944336,0.006830634083598852,0.13543877005577087,4.625,3.125,0.0,10.333333969116211
No self collision,q2l4sxxn,2026-07-17_19-30-54_05_04_gmr_no_self_collision_seed_42_iter_1000_20260717T143245Z,920,9.651586826443673,258.88,0.39772629737854004,0.35031232237815857,0.16140295565128326,0.07879592478275299,0.3701454997062683,0.727191150188446,3.4360759258270264,9.776643753051758,0.0062016709707677364,0.11597083508968353,3.375,2.7083334922790527,0.0,10.583333969116211
No self collision,q2l4sxxn,2026-07-17_19-30-54_05_04_gmr_no_self_collision_seed_42_iter_1000_20260717T143245Z,921,9.822450816184283,273.93,0.39784833788871765,0.3503624200820923,0.164046511054039,0.07859448343515396,0.37280482053756714,0.7294067144393921,3.4475326538085938,9.846415519714355,0.007277770899236202,0.12096893787384033,4.583333492279053,1.75,0.0,9.333333969116211
No self collision,q2l4sxxn,2026-07-17_19-30-54_05_04_gmr_no_self_collision_seed_42_iter_1000_20260717T143245Z,922,10.789646314829588,291.16,0.39786195755004883,0.3274978995323181,0.16408614814281464,0.07903557270765305,0.3713364601135254,0.7319972515106201,3.448429584503174,9.90308666229248,0.0070355175994336605,0.10696711391210556,4.125,1.875,0.0,9.375
No self collision,q2l4sxxn,2026-07-17_19-30-54_05_04_gmr_no_self_collision_seed_42_iter_1000_20260717T143245Z,923,10.403563927710056,288.95,0.3978366553783417,0.3522915244102478,0.16483525931835175,0.07911144196987152,0.3765217959880829,0.7582502365112305,3.4929776191711426,9.94699478149414,0.0071295686066150665,0.12290101498365402,3.7083334922790527,2.0,0.0,9.375
No self collision,q2l4sxxn,2026-07-17_19-30-54_05_04_gmr_no_self_collision_seed_42_iter_1000_20260717T143245Z,924,8.236241826713085,230.8,0.3977776765823364,0.3511068522930145,0.172227144241333,0.08111733943223953,0.3807520866394043,0.7506615519523621,3.4930272102355957,9.873735427856445,0.007130342535674572,0.11387407779693604,3.5,2.375,0.0,11.041666984558105
No self collision,q2l4sxxn,2026-07-17_19-30-54_05_04_gmr_no_self_collision_seed_42_iter_1000_20260717T143245Z,925,8.576514598280191,242.05,0.3976209759712219,0.3475379943847656,0.16092398762702942,0.0786493569612503,0.3728977143764496,0.7439689636230469,3.473269462585449,9.970697402954102,0.00664150295779109,0.11228214204311371,3.0833334922790527,1.625,0.0,11.208333969116211
No self collision,q2l4sxxn,2026-07-17_19-30-54_05_04_gmr_no_self_collision_seed_42_iter_1000_20260717T143245Z,926,9.745276007801294,258.4,0.397647887468338,0.336028516292572,0.16248098015785217,0.07858999073505402,0.37184715270996094,0.7306375503540039,3.4342050552368164,9.811530113220215,0.006735152564942837,0.11676232516765594,4.2916669845581055,1.5416667461395264,0.0,11.458333969116211
No self collision,q2l4sxxn,2026-07-17_19-30-54_05_04_gmr_no_self_collision_seed_42_iter_1000_20260717T143245Z,927,10.599993034601212,285.93,0.3972785174846649,0.3398398756980896,0.16515818238258362,0.0798642560839653,0.37275785207748413,0.7332707643508911,3.4702858924865723,9.945009231567383,0.007211783435195684,0.1214136928319931,4.0,2.6666667461395264,0.0,10.875
No self collision,q2l4sxxn,2026-07-17_19-30-54_05_04_gmr_no_self_collision_seed_42_iter_1000_20260717T143245Z,928,10.27527955725789,281.78,0.3970489799976349,0.3580740690231323,0.16359888017177582,0.0798703208565712,0.3763206899166107,0.7463494539260864,3.4800233840942383,9.860244750976562,0.007043480407446623,0.13853740692138672,4.625,2.2083334922790527,0.0,9.958333969116211
No self collision,q2l4sxxn,2026-07-17_19-30-54_05_04_gmr_no_self_collision_seed_42_iter_1000_20260717T143245Z,929,7.2945563142746686,209.77,0.39699962735176086,0.3533686101436615,0.16726434230804443,0.08096539974212646,0.38323259353637695,0.77220219373703,3.535740375518799,9.951591491699219,0.006780821364372969,0.12543973326683044,3.9166667461395264,2.5833334922790527,0.0,9.416666984558105
No self collision,q2l4sxxn,2026-07-17_19-30-54_05_04_gmr_no_self_collision_seed_42_iter_1000_20260717T143245Z,930,8.36795443981886,232.49,0.39694514870643616,0.3508409857749939,0.16412150859832764,0.0794077217578888,0.3769340217113495,0.7404618263244629,3.456449031829834,9.829623222351074,0.005806579254567623,0.11444800347089767,3.75,2.1666667461395264,0.0,9.958333969116211
No self collision,q2l4sxxn,2026-07-17_19-30-54_05_04_gmr_no_self_collision_seed_42_iter_1000_20260717T143245Z,931,8.829840493276714,249.09,0.39679306745529175,0.34797632694244385,0.1626366376876831,0.08013361692428589,0.3741782605648041,0.7455558180809021,3.474668025970459,9.88323974609375,0.007433571852743626,0.11791008710861206,3.0833334922790527,2.4583334922790527,0.0,9.5
No self collision,q2l4sxxn,2026-07-17_19-30-54_05_04_gmr_no_self_collision_seed_42_iter_1000_20260717T143245Z,932,9.575027068071067,263.04,0.396538645029068,0.35882502794265747,0.16515396535396576,0.07958082109689713,0.37525877356529236,0.7500271797180176,3.4810962677001953,9.8423433303833,0.00676606222987175,0.12297128140926361,4.125,2.2083334922790527,0.0,10.125
No self collision,q2l4sxxn,2026-07-17_19-30-54_05_04_gmr_no_self_collision_seed_42_iter_1000_20260717T143245Z,933,9.094617261271924,256.6,0.39654698967933655,0.3420524299144745,0.16367624700069427,0.07970274984836578,0.37788820266723633,0.7509700059890747,3.50748610496521,9.99517822265625,0.0075470320880413055,0.11153601855039597,4.1666669845581055,2.2916667461395264,0.0,11.291666984558105
No self collision,q2l4sxxn,2026-07-17_19-30-54_05_04_gmr_no_self_collision_seed_42_iter_1000_20260717T143245Z,934,9.922013164274395,265.32,0.39663591980934143,0.3303879499435425,0.16006574034690857,0.07910305261611938,0.37124377489089966,0.7331339716911316,3.4619157314300537,9.857460021972656,0.006797627545893192,0.09587818384170532,3.875,1.9166667461395264,0.0,10.208333969116211
No self collision,q2l4sxxn,2026-07-17_19-30-54_05_04_gmr_no_self_collision_seed_42_iter_1000_20260717T143245Z,935,11.132508128583432,296.34,0.39662274718284607,0.3491848409175873,0.16037240624427795,0.07919511944055557,0.37040314078330994,0.7367774248123169,3.438624143600464,9.826004028320312,0.007025900296866894,0.13235574960708618,5.25,2.875,0.0,10.083333969116211
No self collision,q2l4sxxn,2026-07-17_19-30-54_05_04_gmr_no_self_collision_seed_42_iter_1000_20260717T143245Z,936,9.764001415967941,264.9,0.39687246084213257,0.3417091965675354,0.16424891352653503,0.07959136366844177,0.3753902316093445,0.7411574125289917,3.4797415733337402,9.868542671203613,0.0069849733263254166,0.11771456897258759,3.9583334922790527,1.8333333730697632,0.0,11.458333969116211
No self collision,q2l4sxxn,2026-07-17_19-30-54_05_04_gmr_no_self_collision_seed_42_iter_1000_20260717T143245Z,937,9.584925278425217,258.37,0.39696556329727173,0.330923855304718,0.16541366279125214,0.08025269955396652,0.3748447895050049,0.7590417861938477,3.481071949005127,9.865279197692871,0.00725514953956008,0.1187126636505127,3.5416667461395264,1.8333333730697632,0.0,11.333333969116211
No self collision,q2l4sxxn,2026-07-17_19-30-54_05_04_gmr_no_self_collision_seed_42_iter_1000_20260717T143245Z,938,9.99082582615316,269.81,0.3971084952354431,0.3378588557243347,0.16457316279411316,0.07834810763597488,0.3740672767162323,0.7431513071060181,3.4981794357299805,9.926522254943848,0.0070947883650660515,0.10862858593463898,4.0,2.0416667461395264,0.0,10.625
No self collision,q2l4sxxn,2026-07-17_19-30-54_05_04_gmr_no_self_collision_seed_42_iter_1000_20260717T143245Z,939,9.307085185647011,257.98,0.397049218416214,0.35039061307907104,0.1660553216934204,0.07934385538101196,0.3738325536251068,0.7434722781181335,3.4756622314453125,9.863823890686035,0.007005761377513409,0.09226181358098984,3.875,2.0,0.0,9.916666984558105
No self collision,q2l4sxxn,2026-07-17_19-30-54_05_04_gmr_no_self_collision_seed_42_iter_1000_20260717T143245Z,940,10.117299036085605,276.6,0.3969198167324066,0.34303927421569824,0.16277357935905457,0.07871460169553757,0.36996954679489136,0.7349259853363037,3.4379706382751465,9.807040214538574,0.006325002759695053,0.11217373609542847,3.7083334922790527,2.25,0.0,9.916666984558105
No self collision,q2l4sxxn,2026-07-17_19-30-54_05_04_gmr_no_self_collision_seed_42_iter_1000_20260717T143245Z,941,9.619404350519181,258.18,0.397035151720047,0.34750887751579285,0.16336050629615784,0.07969878613948822,0.3715682029724121,0.7339978218078613,3.4497437477111816,9.8728666305542,0.006819671951234341,0.10779324173927307,4.0416669845581055,2.25,0.0,10.041666984558105
No self collision,q2l4sxxn,2026-07-17_19-30-54_05_04_gmr_no_self_collision_seed_42_iter_1000_20260717T143245Z,942,9.105011158883572,244.45,0.3971123993396759,0.3388402462005615,0.16250067949295044,0.07896807789802551,0.371471643447876,0.7392569780349731,3.465475082397461,9.926990509033203,0.006841338239610195,0.10452185571193695,3.7083334922790527,2.5416667461395264,0.0,10.208333969116211
No self collision,q2l4sxxn,2026-07-17_19-30-54_05_04_gmr_no_self_collision_seed_42_iter_1000_20260717T143245Z,943,9.296333208978176,251.05,0.3969973027706146,0.34861844778060913,0.16240206360816956,0.07847724854946136,0.370817631483078,0.7497571706771851,3.4829633235931396,9.911547660827637,0.00690211309120059,0.10394345968961716,4.333333492279053,2.2083334922790527,0.0,9.291666984558105
No self collision,q2l4sxxn,2026-07-17_19-30-54_05_04_gmr_no_self_collision_seed_42_iter_1000_20260717T143245Z,944,10.290311974585057,271.34,0.3968675136566162,0.34388479590415955,0.16166014969348907,0.07856123894453049,0.3695577085018158,0.738710343837738,3.4453468322753906,9.815841674804688,0.006721974816173315,0.1166679784655571,3.75,2.25,0.0,10.083333969116211
No self collision,q2l4sxxn,2026-07-17_19-30-54_05_04_gmr_no_self_collision_seed_42_iter_1000_20260717T143245Z,945,8.814770701294766,239.11,0.3967636227607727,0.34970197081565857,0.1621377170085907,0.07967767119407654,0.3733096718788147,0.7545067667961121,3.4867141246795654,9.89249324798584,0.007228364702314138,0.11450646817684174,4.0,1.9583333730697632,0.0,10.458333969116211
No self collision,q2l4sxxn,2026-07-17_19-30-54_05_04_gmr_no_self_collision_seed_42_iter_1000_20260717T143245Z,946,9.015879860073328,252.61,0.3966245949268341,0.34808260202407837,0.1617583930492401,0.08038745820522308,0.3747619390487671,0.7441150546073914,3.4538562297821045,9.84787368774414,0.0063521950505673885,0.12173430621623993,3.9583334922790527,2.625,0.0,8.833333969116211
No self collision,q2l4sxxn,2026-07-17_19-30-54_05_04_gmr_no_self_collision_seed_42_iter_1000_20260717T143245Z,947,11.616508817523718,312.65,0.39674025774002075,0.35795459151268005,0.1642564833164215,0.07950741052627563,0.37368810176849365,0.7392938137054443,3.4733948707580566,9.843579292297363,0.0074063814245164394,0.13249468803405762,5.1666669845581055,2.2083334922790527,0.0,9.541666984558105
No self collision,q2l4sxxn,2026-07-17_19-30-54_05_04_gmr_no_self_collision_seed_42_iter_1000_20260717T143245Z,948,9.029347290620208,249.08,0.3966837525367737,0.3516805171966553,0.16828051209449768,0.08130931854248047,0.37925752997398376,0.7510355710983276,3.4680440425872803,9.842458724975586,0.00730266934260726,0.10767669975757599,3.375,2.0833334922790527,0.0,10.416666984558105
No self collision,q2l4sxxn,2026-07-17_19-30-54_05_04_gmr_no_self_collision_seed_42_iter_1000_20260717T143245Z,949,10.11629442885518,269.35,0.3964559733867645,0.345895379781723,0.15951208770275116,0.07794373482465744,0.36596807837486267,0.7253217697143555,3.423807144165039,9.779803276062012,0.006411760579794645,0.09819962084293365,4.4166669845581055,2.5,0.0,9.875
No self collision,q2l4sxxn,2026-07-17_19-30-54_05_04_gmr_no_self_collision_seed_42_iter_1000_20260717T143245Z,950,10.238684866055847,272.17,0.39641648530960083,0.35638293623924255,0.16264693439006805,0.07759808748960495,0.36706680059432983,0.7256364822387695,3.446268081665039,9.838804244995117,0.006572901736944914,0.08573403209447861,4.6666669845581055,1.4166667461395264,0.0,9.833333969116211
No self collision,q2l4sxxn,2026-07-17_19-30-54_05_04_gmr_no_self_collision_seed_42_iter_1000_20260717T143245Z,951,8.411711957082153,230.33,0.3963346481323242,0.346039354801178,0.16415219008922577,0.0795525535941124,0.37205037474632263,0.748492419719696,3.465397834777832,9.88521957397461,0.007155481725931168,0.11355285346508026,3.375,2.2916667461395264,0.0,9.666666984558105
No self collision,q2l4sxxn,2026-07-17_19-30-54_05_04_gmr_no_self_collision_seed_42_iter_1000_20260717T143245Z,952,9.049527340084314,244.11,0.3963693082332611,0.3418436050415039,0.1632663905620575,0.07816385477781296,0.37166544795036316,0.7344571948051453,3.466611385345459,9.875880241394043,0.006635493598878384,0.09423666447401047,3.5416667461395264,2.0833334922790527,0.0,9.958333969116211
No self collision,q2l4sxxn,2026-07-17_19-30-54_05_04_gmr_no_self_collision_seed_42_iter_1000_20260717T143245Z,953,9.522430885955691,257.8,0.396468847990036,0.3640176057815552,0.16283774375915527,0.07915909588336945,0.3708804249763489,0.7398661971092224,3.4439449310302734,9.86676025390625,0.00678213220089674,0.10927322506904602,3.9166667461395264,2.125,0.0,9.666666984558105
No self collision,q2l4sxxn,2026-07-17_19-30-54_05_04_gmr_no_self_collision_seed_42_iter_1000_20260717T143245Z,954,11.086927495449782,300.24,0.39632195234298706,0.37115830183029175,0.1625465452671051,0.0787905752658844,0.3714500367641449,0.7413155436515808,3.4560956954956055,9.872346878051758,0.0065194228664040565,0.08873563259840012,4.6666669845581055,1.7916667461395264,0.0,9.833333969116211
No self collision,q2l4sxxn,2026-07-17_19-30-54_05_04_gmr_no_self_collision_seed_42_iter_1000_20260717T143245Z,955,10.080708765238523,272.08,0.3962600827217102,0.349220871925354,0.15796086192131042,0.07739925384521484,0.3639568090438843,0.7283883094787598,3.4026553630828857,9.835573196411133,0.005542080849409103,0.10636886209249496,3.875,2.0833334922790527,0.0,9.291666984558105
No self collision,q2l4sxxn,2026-07-17_19-30-54_05_04_gmr_no_self_collision_seed_42_iter_1000_20260717T143245Z,956,10.374076825082302,275.33,0.39619874954223633,0.3430297374725342,0.15987619757652283,0.07837972044944763,0.3663123846054077,0.7276304960250854,3.406287670135498,9.78524112701416,0.005842422600835562,0.11435651034116745,4.375,1.875,0.0,10.333333969116211
No self collision,q2l4sxxn,2026-07-17_19-30-54_05_04_gmr_no_self_collision_seed_42_iter_1000_20260717T143245Z,957,9.351390118822456,252.38,0.39616692066192627,0.36608490347862244,0.1608942747116089,0.07953815907239914,0.369118869304657,0.7509369850158691,3.4491066932678223,9.860649108886719,0.0071846190840005875,0.11574910581111908,4.083333492279053,2.5416667461395264,0.0,9.75
No self collision,q2l4sxxn,2026-07-17_19-30-54_05_04_gmr_no_self_collision_seed_42_iter_1000_20260717T143245Z,958,9.750748170716689,264.64,0.39641162753105164,0.34806951880455017,0.16086861491203308,0.07903873175382614,0.37157508730888367,0.7501354217529297,3.482377529144287,9.88662052154541,0.007705943658947945,0.11009131371974945,4.583333492279053,2.0,0.0,9.791666984558105
No self collision,q2l4sxxn,2026-07-17_19-30-54_05_04_gmr_no_self_collision_seed_42_iter_1000_20260717T143245Z,959,10.404814395308495,275.47,0.39642056822776794,0.35460254549980164,0.16165634989738464,0.07839584350585938,0.3660101890563965,0.7334405183792114,3.4337849617004395,9.853736877441406,0.006622476037591696,0.11534756422042847,4.458333492279053,2.25,0.0,9.75
No self collision,q2l4sxxn,2026-07-17_19-30-54_05_04_gmr_no_self_collision_seed_42_iter_1000_20260717T143245Z,960,10.721987728727981,288.61,0.3963110148906708,0.35846447944641113,0.16052678227424622,0.07805712521076202,0.36530670523643494,0.7329224348068237,3.4370803833007812,9.859521865844727,0.006855085026472807,0.11673109233379364,4.083333492279053,1.9166667461395264,0.0,9.25
No self collision,q2l4sxxn,2026-07-17_19-30-54_05_04_gmr_no_self_collision_seed_42_iter_1000_20260717T143245Z,961,8.739691545888782,241.25,0.3962692618370056,0.34104299545288086,0.16482506692409515,0.07957115024328232,0.36939287185668945,0.7386419177055359,3.4587268829345703,9.882616996765137,0.0071153840981423855,0.12195008993148804,4.0,1.7916667461395264,0.0,9.708333969116211
No self collision,q2l4sxxn,2026-07-17_19-30-54_05_04_gmr_no_self_collision_seed_42_iter_1000_20260717T143245Z,962,9.863247490525247,262.56,0.3962835669517517,0.3461431860923767,0.1620500534772873,0.07901746034622192,0.36885902285575867,0.7405361533164978,3.451995611190796,9.872163772583008,0.006973729468882084,0.14440667629241943,4.1666669845581055,2.625,0.0,10.125
No self collision,q2l4sxxn,2026-07-17_19-30-54_05_04_gmr_no_self_collision_seed_42_iter_1000_20260717T143245Z,963,10.699977122200654,286.19,0.39635154604911804,0.347318172454834,0.16560417413711548,0.07830050587654114,0.3690548837184906,0.7353765368461609,3.461700439453125,9.881826400756836,0.007726503536105156,0.09757515043020248,4.25,1.4166667461395264,0.0,9.0
No self collision,q2l4sxxn,2026-07-17_19-30-54_05_04_gmr_no_self_collision_seed_42_iter_1000_20260717T143245Z,964,10.446857175976039,278.63,0.39632657170295715,0.3499431610107422,0.1602492481470108,0.0776723250746727,0.36577844619750977,0.7285927534103394,3.433285713195801,9.822492599487305,0.006865940522402525,0.10882438719272614,4.0416669845581055,1.5833333730697632,0.0,9.5
No self collision,q2l4sxxn,2026-07-17_19-30-54_05_04_gmr_no_self_collision_seed_42_iter_1000_20260717T143245Z,965,10.488323116581887,283.35,0.3962329626083374,0.3615051209926605,0.16195900738239288,0.07728484272956848,0.36306530237197876,0.7197780609130859,3.417865753173828,9.77367115020752,0.0059907091781497,0.10514156520366669,4.5416669845581055,1.5833333730697632,0.0,9.125
No self collision,q2l4sxxn,2026-07-17_19-30-54_05_04_gmr_no_self_collision_seed_42_iter_1000_20260717T143245Z,966,9.480596025288104,254.25,0.3960516154766083,0.34888726472854614,0.16378353536128998,0.07885132730007172,0.3728749454021454,0.7430273294448853,3.4861888885498047,9.945624351501465,0.0069006141275167465,0.11335800588130951,4.0416669845581055,2.0,0.0,9.375
No self collision,q2l4sxxn,2026-07-17_19-30-54_05_04_gmr_no_self_collision_seed_42_iter_1000_20260717T143245Z,967,8.95468117594719,243.61,0.3956989049911499,0.35568439960479736,0.16508513689041138,0.07896547764539719,0.3709755539894104,0.7494835257530212,3.4761502742767334,9.962057113647461,0.00724568497389555,0.10436511039733887,3.5416667461395264,1.5416667461395264,0.0,8.791666984558105
No self collision,q2l4sxxn,2026-07-17_19-30-54_05_04_gmr_no_self_collision_seed_42_iter_1000_20260717T143245Z,968,10.936768097877502,287.4,0.39567092061042786,0.35408371686935425,0.1588829904794693,0.07781614363193512,0.36633211374282837,0.7233808040618896,3.4171743392944336,9.826845169067383,0.007083182688802481,0.12684373557567596,4.375,2.1666667461395264,0.0,8.541666984558105
No self collision,q2l4sxxn,2026-07-17_19-30-54_05_04_gmr_no_self_collision_seed_42_iter_1000_20260717T143245Z,969,10.153434499651194,274.97,0.3958236873149872,0.3645322322845459,0.1652791053056717,0.07868344336748123,0.3674280643463135,0.7302640676498413,3.425743579864502,9.841766357421875,0.00653503742069006,0.11147753894329071,4.5416669845581055,1.875,0.0,9.0
No self collision,q2l4sxxn,2026-07-17_19-30-54_05_04_gmr_no_self_collision_seed_42_iter_1000_20260717T143245Z,970,10.159015173316002,267.77,0.3958279490470886,0.3484801650047302,0.1574007272720337,0.0764695331454277,0.3614591956138611,0.7116446495056152,3.3820157051086426,9.813705444335938,0.005931994877755642,0.11042668670415878,4.458333492279053,1.8333333730697632,0.0,9.833333969116211
No self collision,q2l4sxxn,2026-07-17_19-30-54_05_04_gmr_no_self_collision_seed_42_iter_1000_20260717T143245Z,971,10.289678200110792,275.8,0.39586398005485535,0.34750935435295105,0.15996837615966797,0.07807115465402603,0.3666326403617859,0.7373673915863037,3.4401564598083496,9.845664978027344,0.007210438139736652,0.11267107725143433,4.5416669845581055,1.8333333730697632,0.0,9.958333969116211
No self collision,q2l4sxxn,2026-07-17_19-30-54_05_04_gmr_no_self_collision_seed_42_iter_1000_20260717T143245Z,972,10.443059246167541,279.52,0.39542484283447266,0.35734498500823975,0.16501568257808685,0.07788379490375519,0.3666038513183594,0.7297897338867188,3.4414901733398438,9.906573295593262,0.006881901994347572,0.0968872606754303,3.9583334922790527,1.25,0.0,9.208333969116211
No self collision,q2l4sxxn,2026-07-17_19-30-54_05_04_gmr_no_self_collision_seed_42_iter_1000_20260717T143245Z,973,10.989387174844742,296.98,0.39513424038887024,0.3637361526489258,0.15971839427947998,0.07740864157676697,0.3610747754573822,0.7193374633789062,3.387798309326172,9.791754722595215,0.006475083064287901,0.1003132313489914,4.333333492279053,1.3333333730697632,0.0,8.791666984558105
No self collision,q2l4sxxn,2026-07-17_19-30-54_05_04_gmr_no_self_collision_seed_42_iter_1000_20260717T143245Z,974,9.065955957267434,252.68,0.3949917256832123,0.34459540247917175,0.17112061381340027,0.07976651191711426,0.3723542094230652,0.7390341758728027,3.4775543212890625,9.910873413085938,0.007726797368377447,0.10517184436321259,4.4166669845581055,1.9166667461395264,0.0,9.291666984558105
No self collision,q2l4sxxn,2026-07-17_19-30-54_05_04_gmr_no_self_collision_seed_42_iter_1000_20260717T143245Z,975,10.101931175664067,274.31,0.39488649368286133,0.3513711094856262,0.15953819453716278,0.07728242874145508,0.3622194230556488,0.7202683687210083,3.4017302989959717,9.808417320251465,0.006296177394688129,0.1052018254995346,5.0,2.125,0.0,9.291666984558105
No self collision,q2l4sxxn,2026-07-17_19-30-54_05_04_gmr_no_self_collision_seed_42_iter_1000_20260717T143245Z,976,9.009592380970716,248.51,0.39480355381965637,0.36383092403411865,0.16409501433372498,0.07730580866336823,0.3641631305217743,0.731600284576416,3.423490047454834,9.849798202514648,0.007279097102582455,0.10068117827177048,4.708333492279053,2.0,0.0,9.708333969116211
No self collision,q2l4sxxn,2026-07-17_19-30-54_05_04_gmr_no_self_collision_seed_42_iter_1000_20260717T143245Z,977,10.433984482735395,278.08,0.3948436975479126,0.352824866771698,0.1634926050901413,0.07823365926742554,0.3652992248535156,0.7406131625175476,3.450348377227783,9.919179916381836,0.00679572019726038,0.11519189924001694,4.2916669845581055,1.6666667461395264,0.0,8.75
No self collision,q2l4sxxn,2026-07-17_19-30-54_05_04_gmr_no_self_collision_seed_42_iter_1000_20260717T143245Z,978,12.652298061698675,333.28,0.39486756920814514,0.35340070724487305,0.16214050352573395,0.07785066962242126,0.3632502555847168,0.7264695167541504,3.4170098304748535,9.886157989501953,0.007063047494739294,0.10815483331680298,4.6666669845581055,1.75,0.0,9.625
No self collision,q2l4sxxn,2026-07-17_19-30-54_05_04_gmr_no_self_collision_seed_42_iter_1000_20260717T143245Z,979,11.390623532161117,305.15,0.39484259486198425,0.35033053159713745,0.1651720106601715,0.07793235778808594,0.36502641439437866,0.7245062589645386,3.42800235748291,9.857303619384766,0.006937926635146141,0.09039442241191864,4.708333492279053,1.625,0.0,9.25
No self collision,q2l4sxxn,2026-07-17_19-30-54_05_04_gmr_no_self_collision_seed_42_iter_1000_20260717T143245Z,980,10.822400521859526,293.07,0.394812673330307,0.36469313502311707,0.1656736433506012,0.07868275046348572,0.36934706568717957,0.7509814500808716,3.4812495708465576,9.95873737335205,0.008108830079436302,0.10665683448314667,4.25,2.0833334922790527,0.0,9.833333969116211
No self collision,q2l4sxxn,2026-07-17_19-30-54_05_04_gmr_no_self_collision_seed_42_iter_1000_20260717T143245Z,981,11.028621816039085,291.82,0.39478451013565063,0.3601839542388916,0.15871451795101166,0.07586770504713058,0.35756105184555054,0.7133646011352539,3.360708236694336,9.769283294677734,0.005839979276061058,0.09495451301336288,4.833333492279053,1.7083333730697632,0.0,9.458333969116211
No self collision,q2l4sxxn,2026-07-17_19-30-54_05_04_gmr_no_self_collision_seed_42_iter_1000_20260717T143245Z,982,10.843242380991578,292.83,0.3945137858390808,0.35744810104370117,0.1608409881591797,0.07759855687618256,0.3646632134914398,0.7264981269836426,3.411384105682373,9.844730377197266,0.006508741527795792,0.105191171169281,4.083333492279053,1.625,0.0,8.583333969116211
No self collision,q2l4sxxn,2026-07-17_19-30-54_05_04_gmr_no_self_collision_seed_42_iter_1000_20260717T143245Z,983,10.776294714361429,287.19,0.3942694067955017,0.34752529859542847,0.16311614215373993,0.07653829455375671,0.36233100295066833,0.7233166098594666,3.4540889263153076,9.942781448364258,0.006915374659001827,0.11400522291660309,4.625,1.4166667461395264,0.0,9.958333969116211
No self collision,q2l4sxxn,2026-07-17_19-30-54_05_04_gmr_no_self_collision_seed_42_iter_1000_20260717T143245Z,984,10.506996442973614,284.03,0.3939991295337677,0.34934911131858826,0.16563680768013,0.07749786972999573,0.36312103271484375,0.7358988523483276,3.427578926086426,9.876117706298828,0.0066914549097418785,0.10142688453197479,4.458333492279053,1.625,0.0,9.541666984558105
No self collision,q2l4sxxn,2026-07-17_19-30-54_05_04_gmr_no_self_collision_seed_42_iter_1000_20260717T143245Z,985,11.310129440948367,304.05,0.39383837580680847,0.36989015340805054,0.161807581782341,0.07691019028425217,0.35928887128829956,0.7186920046806335,3.389429807662964,9.790458679199219,0.006593961268663406,0.0920511931180954,4.583333492279053,1.8333333730697632,0.0,9.208333969116211
No self collision,q2l4sxxn,2026-07-17_19-30-54_05_04_gmr_no_self_collision_seed_42_iter_1000_20260717T143245Z,986,9.464687912762166,247.72,0.39362072944641113,0.34253501892089844,0.168116956949234,0.07863056659698486,0.3695790767669678,0.7344812154769897,3.464524030685425,9.889609336853027,0.007272014394402504,0.12220021337270737,3.9583334922790527,1.5833333730697632,0.0,10.041666984558105
No self collision,q2l4sxxn,2026-07-17_19-30-54_05_04_gmr_no_self_collision_seed_42_iter_1000_20260717T143245Z,987,8.875060113817453,239.03,0.39365142583847046,0.35165250301361084,0.16073298454284668,0.0764319896697998,0.3599465787410736,0.7227038741111755,3.4102132320404053,9.797385215759277,0.006520070135593414,0.10744595527648926,4.2916669845581055,0.9583333730697632,0.0,9.458333969116211
No self collision,q2l4sxxn,2026-07-17_19-30-54_05_04_gmr_no_self_collision_seed_42_iter_1000_20260717T143245Z,988,10.137900503277779,263.11,0.39367640018463135,0.3506130576133728,0.1622106283903122,0.07728560268878937,0.36381596326828003,0.7185782194137573,3.4155516624450684,9.79786491394043,0.007126591168344021,0.1104079931974411,3.875,1.5416667461395264,0.0,9.708333969116211
No self collision,q2l4sxxn,2026-07-17_19-30-54_05_04_gmr_no_self_collision_seed_42_iter_1000_20260717T143245Z,989,11.045518703907728,295.87,0.3934418559074402,0.3663162887096405,0.16309887170791626,0.07655493915081024,0.3608095049858093,0.7159382104873657,3.4317617416381836,9.78710651397705,0.006960259284824133,0.11822269856929779,4.0416669845581055,1.4166667461395264,0.0,10.0
No self collision,q2l4sxxn,2026-07-17_19-30-54_05_04_gmr_no_self_collision_seed_42_iter_1000_20260717T143245Z,990,10.561199274361133,283.2,0.3932628333568573,0.36209461092948914,0.1651359647512436,0.07817600667476654,0.36542433500289917,0.7296223044395447,3.4165329933166504,9.821048736572266,0.007543119601905346,0.10933741182088852,4.4166669845581055,1.4583333730697632,0.0,9.75
No self collision,q2l4sxxn,2026-07-17_19-30-54_05_04_gmr_no_self_collision_seed_42_iter_1000_20260717T143245Z,991,9.940799243301154,263.71,0.39336448907852173,0.35585683584213257,0.16398821771144867,0.0778767466545105,0.36587053537368774,0.7343537211418152,3.4328458309173584,9.841726303100586,0.007732946425676346,0.12030588090419769,4.083333492279053,1.7083333730697632,0.0,8.666666984558105
No self collision,q2l4sxxn,2026-07-17_19-30-54_05_04_gmr_no_self_collision_seed_42_iter_1000_20260717T143245Z,992,10.798162041082978,290.31,0.3933204114437103,0.3734416365623474,0.16121773421764374,0.07618911564350128,0.359206885099411,0.7134900093078613,3.374276638031006,9.778414726257324,0.0071015916764736176,0.10110285133123398,4.4166669845581055,1.5,0.0,9.208333969116211
No self collision,q2l4sxxn,2026-07-17_19-30-54_05_04_gmr_no_self_collision_seed_42_iter_1000_20260717T143245Z,993,10.873813148215413,296.43,0.39325714111328125,0.37092694640159607,0.16502796113491058,0.07723303884267807,0.3621285855770111,0.7195748090744019,3.3893089294433594,9.776346206665039,0.0067757307551801205,0.10022475570440292,4.083333492279053,1.8333333730697632,0.0,9.041666984558105
No self collision,q2l4sxxn,2026-07-17_19-30-54_05_04_gmr_no_self_collision_seed_42_iter_1000_20260717T143245Z,994,9.612345723602921,255.69,0.39314576983451843,0.3479298949241638,0.16474494338035583,0.0784207209944725,0.3647933900356293,0.7297991514205933,3.435770034790039,9.831829071044922,0.007629778236150742,0.12294008582830429,3.6666667461395264,1.7083333730697632,0.0,8.416666984558105
No self collision,q2l4sxxn,2026-07-17_19-30-54_05_04_gmr_no_self_collision_seed_42_iter_1000_20260717T143245Z,995,11.521296849399805,304.43,0.3931199908256531,0.3621337115764618,0.16232329607009888,0.07665041089057922,0.3594452142715454,0.7122251391410828,3.3849968910217285,9.730398178100586,0.006591258104890585,0.09710105508565903,4.6666669845581055,1.8333333730697632,0.0,8.0
No self collision,q2l4sxxn,2026-07-17_19-30-54_05_04_gmr_no_self_collision_seed_42_iter_1000_20260717T143245Z,996,9.259830171084031,245.84,0.3932529389858246,0.36386924982070923,0.16840504109859467,0.07830438017845154,0.36447179317474365,0.7221758365631104,3.422896146774292,9.831509590148926,0.007326254155486822,0.11350636184215546,4.208333492279053,1.75,0.0,8.416666984558105
No self collision,q2l4sxxn,2026-07-17_19-30-54_05_04_gmr_no_self_collision_seed_42_iter_1000_20260717T143245Z,997,10.815202136076987,288.01,0.3932226300239563,0.35616716742515564,0.16409999132156372,0.07705411314964294,0.3588573634624481,0.7181276082992554,3.4015798568725586,9.803709030151367,0.006888040341436863,0.10735249519348145,4.5,1.4583333730697632,0.0,8.916666984558105
No self collision,q2l4sxxn,2026-07-17_19-30-54_05_04_gmr_no_self_collision_seed_42_iter_1000_20260717T143245Z,998,9.09027466326952,246.12,0.39306771755218506,0.3528597056865692,0.16081151366233826,0.07696057856082916,0.3617402911186218,0.7222833633422852,3.41737699508667,9.824983596801758,0.007516026496887207,0.10071256756782532,4.083333492279053,1.2916667461395264,0.0,9.458333969116211
No self collision,q2l4sxxn,2026-07-17_19-30-54_05_04_gmr_no_self_collision_seed_42_iter_1000_20260717T143245Z,999,11.00520922433585,295.05,0.39304816722869873,0.37340328097343445,0.16285592317581177,0.07731929421424866,0.3623492121696472,0.721310019493103,3.417306423187256,9.807409286499023,0.007355902343988419,0.10534068197011948,4.6666669845581055,1.8333333730697632,0.0,8.625
